ISO-10303-21;
HEADER;
FILE_DESCRIPTION (( 'STEP AP214' ),
    '1' );
FILE_NAME ('Shell 1#_Male.STEP',
    '2026-09-07T09:00:22',
    ( '' ),
    ( '' ),
    'SwSTEP 2.0',
    'SolidWorks 2026',
    '' );
FILE_SCHEMA (( 'AUTOMOTIVE_DESIGN' ));
ENDSEC;

DATA;
#1 = CARTESIAN_POINT ( 'NONE',  ( 0.1135500687169974793, 10.07208381928891328, -3.010625987491588607 ) ) ;
#2 = DIRECTION ( 'NONE',  ( 0.000000000000000000, -0.7059537821299232130, 0.7082579032361424609 ) ) ;
#3 = CARTESIAN_POINT ( 'NONE',  ( 0.8069805358878632262, 9.772430630153619902, -3.325877073436827036 ) ) ;
#4 = ORIENTED_EDGE ( 'NONE', *, *, #3050, .T. ) ;
#5 = DIRECTION ( 'NONE',  ( 0.000000000000000000, 0.000000000000000000, -1.000000000000000000 ) ) ;
#6 = LINE ( 'NONE', #2028, #2566 ) ;
#7 = CARTESIAN_POINT ( 'NONE',  ( 0.2651111544405071463, 11.01662155442436486, -0.06901882920770949226 ) ) ;
#8 = EDGE_CURVE ( 'NONE', #3652, #1835, #1458, .T. ) ;
#9 = FACE_OUTER_BOUND ( 'NONE', #2163, .T. ) ;
#10 = CARTESIAN_POINT ( 'NONE',  ( 0.1259553736605277807, 9.345525278136861402, 1.671783072684039029 ) ) ;
#11 = CARTESIAN_POINT ( 'NONE',  ( 1.301644551719924436, 10.35782523623369755, 1.112542986785905796 ) ) ;
#12 = CYLINDRICAL_SURFACE ( 'NONE', #4183, 4.389999007942204656 ) ;
#13 = CARTESIAN_POINT ( 'NONE',  ( 0.3793759585326937911, 10.76141321867422995, -1.248300448620595526 ) ) ;
#14 = EDGE_CURVE ( 'NONE', #2144, #2274, #417, .T. ) ;
#15 = CARTESIAN_POINT ( 'NONE',  ( 2.377937279547562177, 9.380098822775254419, -3.591247403030485508 ) ) ;
#16 = CARTESIAN_POINT ( 'NONE',  ( 0.002907929469795250080, 10.88791422072052129, 1.454670664462266227 ) ) ;
#17 = ORIENTED_EDGE ( 'NONE', *, *, #3647, .T. ) ;
#18 = ORIENTED_EDGE ( 'NONE', *, *, #2561, .F. ) ;
#19 = CARTESIAN_POINT ( 'NONE',  ( 0.6287970446754226339, 9.190896284536560046, 3.842498288320618016 ) ) ;
#20 = CARTESIAN_POINT ( 'NONE',  ( 2.076278242395396489, 6.723334115444744796, 4.303814744473265286 ) ) ;
#21 = ORIENTED_EDGE ( 'NONE', *, *, #1718, .T. ) ;
#22 = CARTESIAN_POINT ( 'NONE',  ( 1.052545314739914195, 9.944068474032324190, -3.010599791519304791 ) ) ;
#23 = CARTESIAN_POINT ( 'NONE',  ( 0.7894165803914903190, 9.475214272775199120, -3.612981252780020025 ) ) ;
#24 = CARTESIAN_POINT ( 'NONE',  ( -2.765095427018844365, 10.66636299425699619, -1.600007080020999117 ) ) ;
#25 = ORIENTED_EDGE ( 'NONE', *, *, #2718, .F. ) ;
#26 = CARTESIAN_POINT ( 'NONE',  ( 1.149999999999999911, 9.532826309650104690, 2.963721592361563406 ) ) ;
#27 = EDGE_CURVE ( 'NONE', #1657, #688, #568, .T. ) ;
#28 = CARTESIAN_POINT ( 'NONE',  ( 1.150000000000528155, 10.18204974828055498, 0.6204375452205999064 ) ) ;
#29 = CARTESIAN_POINT ( 'NONE',  ( 2.076278242394476781, 6.450940218077473531, -4.390000000000003233 ) ) ;
#30 = CARTESIAN_POINT ( 'NONE',  ( 1.325751461809354215, 10.42027654060086483, 0.4894631607713531563 ) ) ;
#31 = ADVANCED_FACE ( 'NONE', ( #3339 ), #1198, .T. ) ;
#32 = CARTESIAN_POINT ( 'NONE',  ( -0.01114090014653112970, 9.847571568947966369, 3.243631014211394437 ) ) ;
#33 = CARTESIAN_POINT ( 'NONE',  ( -0.02157015682677502696, 11.09230805362673244, -0.3404498111035509367 ) ) ;
#34 = CARTESIAN_POINT ( 'NONE',  ( 0.3536721976625550878, 10.82581348906647989, 1.002814040242154148 ) ) ;
#35 = VECTOR ( 'NONE', #854, 1000.000000000000114 ) ;
#36 = ORIENTED_EDGE ( 'NONE', *, *, #321, .F. ) ;
#37 = DIRECTION ( 'NONE',  ( 1.000000000000000000, -0.000000000000000000, -0.000000000000000000 ) ) ;
#38 = CIRCLE ( 'NONE', #1286, 4.562592207946829959 ) ;
#39 =( GEOMETRIC_REPRESENTATION_CONTEXT ( 3 ) GLOBAL_UNCERTAINTY_ASSIGNED_CONTEXT ( ( #1772 ) ) GLOBAL_UNIT_ASSIGNED_CONTEXT ( ( #3534, #1603, #616 ) ) REPRESENTATION_CONTEXT ( 'NONE', 'WORKASPACE' ) );
#40 = CARTESIAN_POINT ( 'NONE',  ( 7.806255641895631925E-15, 6.641640519110244334, 4.351022450397921126 ) ) ;
#41 = ORIENTED_EDGE ( 'NONE', *, *, #2243, .F. ) ;
#42 = CIRCLE ( 'NONE', #2304, 4.389999007942204656 ) ;
#43 = AXIS2_PLACEMENT_3D ( 'NONE', #1455, #2719, #1112 ) ;
#44 = CARTESIAN_POINT ( 'NONE',  ( -0.4058586581560671980, 10.11314632590512197, -3.010640173764926875 ) ) ;
#45 = PLANE ( 'NONE',  #868 ) ;
#46 = CARTESIAN_POINT ( 'NONE',  ( 19.09653955668780156, -6.501699938946930324, -4.383450151307964227 ) ) ;
#47 = ORIENTED_EDGE ( 'NONE', *, *, #3945, .T. ) ;
#48 = CARTESIAN_POINT ( 'NONE',  ( 0.2671623334883408973, 9.778689843549486227, 3.318181747296240935 ) ) ;
#49 = CARTESIAN_POINT ( 'NONE',  ( 1.150000000012601387, 10.44368300741341926, 0.2466473220335673733 ) ) ;
#50 = CARTESIAN_POINT ( 'NONE',  ( 7.806255641895631925E-15, 6.770527048257565461, -4.263574656796579099 ) ) ;
#51 = EDGE_CURVE ( 'NONE', #4077, #2254, #4073, .T. ) ;
#52 = CARTESIAN_POINT ( 'NONE',  ( 0.7019184744590724057, 10.63486555164271152, 1.112524259400181181 ) ) ;
#53 = DIRECTION ( 'NONE',  ( 0.000000000000000000, 1.000000000000000000, 0.000000000000000000 ) ) ;
#54 = CARTESIAN_POINT ( 'NONE',  ( -0.02770241868347606690, 11.09377931570994669, -0.3404499886745649406 ) ) ;
#55 = CARTESIAN_POINT ( 'NONE',  ( 1.666143123384107971, 9.525367253083807384, -3.284797685294645220 ) ) ;
#56 = CARTESIAN_POINT ( 'NONE',  ( 0.05157106389198831686, 11.05347061287109867, 0.7653601008734348676 ) ) ;
#57 = CARTESIAN_POINT ( 'NONE',  ( 0.1092972553485188070, 9.836432653594521014, 3.254911922253002299 ) ) ;
#58 = ORIENTED_EDGE ( 'NONE', *, *, #2526, .F. ) ;
#59 = CARTESIAN_POINT ( 'NONE',  ( 2.549999999999991385, 4.237426279435003273, -4.239999893701601685 ) ) ;
#60 = CARTESIAN_POINT ( 'NONE',  ( 2.076278242395396489, 6.770536574637779914, 4.263563985093344222 ) ) ;
#61 = EDGE_LOOP ( 'NONE', ( #2688, #3764, #952, #1184, #2080 ) ) ;
#62 = CARTESIAN_POINT ( 'NONE',  ( 1.143911902198161190, 10.04156695061177373, -2.683500057458942045 ) ) ;
#63 = CARTESIAN_POINT ( 'NONE',  ( 0.6560755147970057655, 9.115169677570797546, -3.904702816624184614 ) ) ;
#64 = DIRECTION ( 'NONE',  ( 3.552713678800500929E-15, -1.000000000000000000, 2.851544156627447783E-16 ) ) ;
#65 = ADVANCED_FACE ( 'NONE', ( #3445 ), #1842, .F. ) ;
#66 = ORIENTED_EDGE ( 'NONE', *, *, #2216, .F. ) ;
#67 = DIRECTION ( 'NONE',  ( 0.000000000000000000, -1.000000000000000000, 2.891363777567068383E-16 ) ) ;
#68 = CARTESIAN_POINT ( 'NONE',  ( 0.6012243770820031585, 10.75353052368805251, 0.4894405509741654448 ) ) ;
#69 = CARTESIAN_POINT ( 'NONE',  ( -0.1996470916111590388, 6.261999999999995126, -3.006671916513725129E-15 ) ) ;
#70 = CARTESIAN_POINT ( 'NONE',  ( -0.03747068676054741976, 11.06842685883440680, -0.6808992359804462158 ) ) ;
#71 = B_SPLINE_CURVE_WITH_KNOTS ( 'NONE', 3,
 ( #4176, #2571, #257, #3527 ),
 .UNSPECIFIED., .F., .F.,
 ( 4, 4 ),
 ( 0.000000000000000000, 0.1024436644849277683 ),
 .UNSPECIFIED. ) ;
#72 = DIRECTION ( 'NONE',  ( 0.000000000000000000, 0.000000000000000000, -1.000000000000000000 ) ) ;
#73 = CARTESIAN_POINT ( 'NONE',  ( -0.3536441622250009464, 11.02817346038866475, -0.7469495432141852742 ) ) ;
#74 = FACE_OUTER_BOUND ( 'NONE', #1183, .T. ) ;
#75 = ORIENTED_EDGE ( 'NONE', *, *, #3309, .T. ) ;
#76 = DIRECTION ( 'NONE',  ( -1.000000000000000000, -0.000000000000000000, -0.000000000000000000 ) ) ;
#77 = CARTESIAN_POINT ( 'NONE',  ( 0.8675371226164972915, 9.904262570725649084, 3.083131519075061888 ) ) ;
#78 = EDGE_LOOP ( 'NONE', ( #507, #2818, #4026, #3063 ) ) ;
#79 = CARTESIAN_POINT ( 'NONE',  ( -0.2926634223307059135, 10.38059141301261157, -2.683541598494461500 ) ) ;
#80 = CARTESIAN_POINT ( 'NONE',  ( 0.6847046539919997565, 9.159611256666039480, -3.869495466270837625 ) ) ;
#81 = CARTESIAN_POINT ( 'NONE',  ( -0.3999999999999999667, -6.261999999999995126, -3.584999999999998632 ) ) ;
#82 = ORIENTED_EDGE ( 'NONE', *, *, #1528, .F. ) ;
#83 = EDGE_CURVE ( 'NONE', #1746, #667, #935, .T. ) ;
#84 = CARTESIAN_POINT ( 'NONE',  ( 2.076278242394820062, 4.237426279435004162, 3.889999834756405761 ) ) ;
#85 = ORIENTED_EDGE ( 'NONE', *, *, #2461, .T. ) ;
#86 = CARTESIAN_POINT ( 'NONE',  ( 1.292174854667049955, 10.42620957347436672, 0.4894622101986981777 ) ) ;
#87 = CYLINDRICAL_SURFACE ( 'NONE', #2492, 3.635000000000000231 ) ;
#88 = CARTESIAN_POINT ( 'NONE',  ( 1.333949537184178080, 10.44147463115434071, -0.2269241350115940026 ) ) ;
#89 = CARTESIAN_POINT ( 'NONE',  ( 2.076278242376553784, 4.489296768323315580E-11, 4.389999007942277487 ) ) ;
#90 = CARTESIAN_POINT ( 'NONE',  ( 0.2128565268648813513, 11.12276440070901096, -0.07771889975349119406 ) ) ;
#91 = EDGE_LOOP ( 'NONE', ( #3504, #694, #1803, #4060, #1962, #786 ) ) ;
#92 = DIRECTION ( 'NONE',  ( 0.000000000000000000, 0.000000000000000000, 1.000000000000000000 ) ) ;
#93 = AXIS2_PLACEMENT_3D ( 'NONE', #3930, #698, #2344 ) ;
#94 = CARTESIAN_POINT ( 'NONE',  ( 0.5726546624321381396, 9.899559215253463051, 3.154030234947755584 ) ) ;
#95 = ORIENTED_EDGE ( 'NONE', *, *, #327, .F. ) ;
#96 = ADVANCED_FACE ( 'NONE', ( #2824 ), #3120, .T. ) ;
#97 = AXIS2_PLACEMENT_3D ( 'NONE', #3251, #1002, #5 ) ;
#98 = CARTESIAN_POINT ( 'NONE',  ( 0.9762399771871160814, 10.45137058366332283, -1.248281459713323605 ) ) ;
#99 = CARTESIAN_POINT ( 'NONE',  ( 0.7751943567830021919, 9.346055718344574714, -3.722820705945482533 ) ) ;
#100 = DIRECTION ( 'NONE',  ( 0.000000000000000000, -1.000000000000000000, 2.423958865346068206E-16 ) ) ;
#101 = VECTOR ( 'NONE', #445, 1000.000000000000227 ) ;
#102 = CIRCLE ( 'NONE', #4189, 3.500000000000000444 ) ;
#103 = ORIENTED_EDGE ( 'NONE', *, *, #2433, .F. ) ;
#104 = CARTESIAN_POINT ( 'NONE',  ( 0.000000000000000000, -6.261999999999995126, -8.673617379884039416E-16 ) ) ;
#105 = ORIENTED_EDGE ( 'NONE', *, *, #1436, .F. ) ;
#106 = ADVANCED_FACE ( 'NONE', ( #199 ), #2953, .T. ) ;
#107 = CARTESIAN_POINT ( 'NONE',  ( 1.024304241304518470, 10.05713919748334817, 2.803685514125130229 ) ) ;
#108 = DIRECTION ( 'NONE',  ( 0.000000000000000000, -1.793922932757815160E-15, 1.000000000000000000 ) ) ;
#109 = CARTESIAN_POINT ( 'NONE',  ( 1.399996899321697352, 10.42673253299541614, -0.3404053295645557697 ) ) ;
#110 = CARTESIAN_POINT ( 'NONE',  ( 1.184252772625540638E-05, 9.837145025158596567, 3.255116378246253106 ) ) ;
#111 = CARTESIAN_POINT ( 'NONE',  ( -0.3372555388004772614, 10.85715761637830035, -1.473272795656815459 ) ) ;
#112 = CARTESIAN_POINT ( 'NONE',  ( 0.09344054951753860694, 9.834412237096232801, 3.257375174571734533 ) ) ;
#113 = EDGE_CURVE ( 'NONE', #1981, #2237, #940, .T. ) ;
#114 = VERTEX_POINT ( 'NONE', #2199 ) ;
#115 = CARTESIAN_POINT ( 'NONE',  ( 1.409142928961572672, 9.209438743233398839, 3.821549673665927127 ) ) ;
#116 = ORIENTED_EDGE ( 'NONE', *, *, #3825, .T. ) ;
#117 = B_SPLINE_CURVE_WITH_KNOTS ( 'NONE', 3,
 ( #310, #2923, #1315, #220 ),
 .UNSPECIFIED., .F., .F.,
 ( 4, 4 ),
 ( 2.455664068987925538E-18, 0.0004152425298866783921 ),
 .UNSPECIFIED. ) ;
#118 = CARTESIAN_POINT ( 'NONE',  ( 0.1439914220216902130, 9.798302458024902961, 3.297247053424293917 ) ) ;
#119 = CARTESIAN_POINT ( 'NONE',  ( 0.9430271556618196049, 10.36521802585403940, -1.802345920234877719 ) ) ;
#120 = EDGE_CURVE ( 'NONE', #2022, #2560, #2252, .T. ) ;
#121 = CARTESIAN_POINT ( 'NONE',  ( 2.549999999999991385, 4.237426279435003273, -3.635000000000005116 ) ) ;
#122 = DIRECTION ( 'NONE',  ( 0.000000000000000000, -1.433655766212495464E-15, 1.000000000000000000 ) ) ;
#123 = ORIENTED_EDGE ( 'NONE', *, *, #363, .F. ) ;
#124 = B_SPLINE_CURVE_WITH_KNOTS ( 'NONE', 3,
 ( #3255, #4143, #286, #4210, #639, #332 ),
 .UNSPECIFIED., .F., .F.,
 ( 4, 2, 4 ),
 ( 2.003200698555392709E-07, 0.0002397619314025438062, 0.0004793235427352320597 ),
 .UNSPECIFIED. ) ;
#125 = B_SPLINE_CURVE_WITH_KNOTS ( 'NONE', 3,
 ( #558, #1579, #913, #1517, #1560, #2845, #515, #3835, #4132, #3502, #580, #1899, #3525, #1496, #2778, #2463, #3753, #845, #3435, #2798, #1027, #691 ),
 .UNSPECIFIED., .F., .F.,
 ( 4, 2, 2, 2, 2, 2, 2, 2, 2, 2, 4 ),
 ( 2.639075928383349702E-15, 0.0007957605278802738465, 0.001591521055757908745, 0.002387281583635543318, 0.002785161847574360496, 0.003183042111513178108, 0.003580922375451995720, 0.003978802639390813765, 0.004774563167268448122, 0.005570323695146082478, 0.006366084223023717702 ),
 .UNSPECIFIED. ) ;
#126 = DIRECTION ( 'NONE',  ( 1.000000000000000000, -8.326672684688676518E-17, -8.326672684688676518E-17 ) ) ;
#127 = ORIENTED_EDGE ( 'NONE', *, *, #3069, .T. ) ;
#128 = CARTESIAN_POINT ( 'NONE',  ( 0.5294256907950347646, 10.18778771529910543, 2.803671062178661355 ) ) ;
#129 = CARTESIAN_POINT ( 'NONE',  ( -0.3310101695246590037, 11.07847558863833015, -0.3025443022772261181 ) ) ;
#130 = EDGE_CURVE ( 'NONE', #2635, #1788, #794, .T. ) ;
#131 = CYLINDRICAL_SURFACE ( 'NONE', #2370, 10.00000000000000000 ) ;
#132 = CARTESIAN_POINT ( 'NONE',  ( -0.001016206478092657010, 10.08179340110604372, -2.965934768250493292 ) ) ;
#133 = DIRECTION ( 'NONE',  ( -0.000000000000000000, 0.7127258555523070527, 0.7014426953267330900 ) ) ;
#134 = EDGE_LOOP ( 'NONE', ( #2337, #2004, #36, #1232 ) ) ;
#135 = CARTESIAN_POINT ( 'NONE',  ( -0.02779957586969555861, 11.10224631391377947, 0.08891204623019804965 ) ) ;
#136 = DIRECTION ( 'NONE',  ( 1.000000000000000000, 0.000000000000000000, 0.000000000000000000 ) ) ;
#137 = EDGE_CURVE ( 'NONE', #3663, #2994, #565, .T. ) ;
#138 = CARTESIAN_POINT ( 'NONE',  ( 0.1889028257661931609, 9.847405090453378307, 3.240999812806473646 ) ) ;
#139 =( BOUNDED_CURVE ( )  B_SPLINE_CURVE ( 3, ( #1843, #3725, #200, #2807 ),
 .UNSPECIFIED., .F., .T. ) 
 B_SPLINE_CURVE_WITH_KNOTS ( ( 4, 4 ),
 ( 3.141592653589793116, 3.759091467640613526 ),
 .UNSPECIFIED. ) 
 CURVE ( )  GEOMETRIC_REPRESENTATION_ITEM ( )  RATIONAL_B_SPLINE_CURVE ( ( 1.000000000000000000, 0.9684762195048561839, 0.9684762195048561839, 1.000000000000000000 ) ) 
 REPRESENTATION_ITEM ( '' )  );
#140 = ORIENTED_EDGE ( 'NONE', *, *, #1769, .T. ) ;
#141 = CARTESIAN_POINT ( 'NONE',  ( 1.850162489289550516, 9.282922999035964295, 3.737427070574783183 ) ) ;
#142 = CARTESIAN_POINT ( 'NONE',  ( 0.9770590518979290762, 10.19382443553284467, -2.356407727084014248 ) ) ;
#143 = CARTESIAN_POINT ( 'NONE',  ( 1.153109708568713865, 9.164415409505320298, -3.863462597575665569 ) ) ;
#144 = DIRECTION ( 'NONE',  ( -1.000000000000000000, -0.000000000000000000, -0.000000000000000000 ) ) ;
#145 = ORIENTED_EDGE ( 'NONE', *, *, #4017, .F. ) ;
#146 = CARTESIAN_POINT ( 'NONE',  ( 0.8874801130387575121, 10.07832813058858967, -2.698769368905917787 ) ) ;
#147 = ORIENTED_EDGE ( 'NONE', *, *, #574, .F. ) ;
#148 = EDGE_CURVE ( 'NONE', #1408, #2274, #1523, .T. ) ;
#149 = CARTESIAN_POINT ( 'NONE',  ( 0.8807541016247624199, 10.41720525775788886, 1.735611050917720721 ) ) ;
#150 = CARTESIAN_POINT ( 'NONE',  ( -0.2208082138860740784, 10.52124844641379653, 2.297145005921861660 ) ) ;
#151 = CARTESIAN_POINT ( 'NONE',  ( -0.02552493653953206293, 11.09943369669570323, -0.2269668929762930221 ) ) ;
#152 = FACE_OUTER_BOUND ( 'NONE', #78, .T. ) ;
#153 = CARTESIAN_POINT ( 'NONE',  ( -0.003513181579352274257, 9.847955400317061958, -3.243219471852625269 ) ) ;
#154 = DIRECTION ( 'NONE',  ( 0.8660254037844398178, -0.000000000000000000, -0.4999999999999980016 ) ) ;
#155 = CARTESIAN_POINT ( 'NONE',  ( 0.7545561429047291657, 9.185016423274095843, 3.851359092260947303 ) ) ;
#156 = CARTESIAN_POINT ( 'NONE',  ( 0.1356964154369441899, 9.495564135125004412, -1.399993391980002277 ) ) ;
#157 = CARTESIAN_POINT ( 'NONE',  ( 4.549999999999999822, -8.170991283934711191, -3.853213431357450869 ) ) ;
#158 = CARTESIAN_POINT ( 'NONE',  ( 0.3606960263504913056, 9.871819712291975080, 3.205505315423310186 ) ) ;
#159 = ORIENTED_EDGE ( 'NONE', *, *, #3706, .F. ) ;
#160 = VERTEX_POINT ( 'NONE', #1542 ) ;
#161 = EDGE_CURVE ( 'NONE', #160, #3852, #3002, .T. ) ;
#162 = CARTESIAN_POINT ( 'NONE',  ( -0.08867513459481161930, 6.261999999999995126, -3.135000000000000231 ) ) ;
#163 = CARTESIAN_POINT ( 'NONE',  ( 0.0004790791342131895379, 10.77626976702571149, -1.802375103812928758 ) ) ;
#164 = DIRECTION ( 'NONE',  ( -1.000000000000000000, 0.000000000000000000, 0.000000000000000000 ) ) ;
#165 = ORIENTED_EDGE ( 'NONE', *, *, #1669, .F. ) ;
#166 = AXIS2_PLACEMENT_3D ( 'NONE', #2827, #4097, #2141 ) ;
#167 = LINE ( 'NONE', #821, #2030 ) ;
#168 = AXIS2_PLACEMENT_3D ( 'NONE', #3632, #349, #1782 ) ;
#169 = DIRECTION ( 'NONE',  ( -1.000000000000000000, -0.000000000000000000, -0.000000000000000000 ) ) ;
#170 = ORIENTED_EDGE ( 'NONE', *, *, #4017, .T. ) ;
#171 = AXIS2_PLACEMENT_3D ( 'NONE', #570, #201, #3082 ) ;
#173 = CIRCLE ( 'NONE', #4195, 4.800262518162431213 ) ;
#172 = CARTESIAN_POINT ( 'NONE',  ( 1.080936386642671110, 10.20392368953232065, 2.269652025743167822 ) ) ;
#174 = CARTESIAN_POINT ( 'NONE',  ( -0.3305716678555228327, 11.07875243467413640, 0.2991128223629733185 ) ) ;
#175 = CARTESIAN_POINT ( 'NONE',  ( 0.1121598774547586941, 11.06594200126619221, -0.2269629013737330392 ) ) ;
#176 = EDGE_CURVE ( 'NONE', #2132, #4169, #102, .T. ) ;
#177 = CARTESIAN_POINT ( 'NONE',  ( 1.137926724239474163, 9.651621416525250297, 2.951648316601060085 ) ) ;
#178 = DIRECTION ( 'NONE',  ( 1.000000000000000000, 0.000000000000000000, 0.000000000000000000 ) ) ;
#179 = CARTESIAN_POINT ( 'NONE',  ( 0.01385391192448491918, 9.891317111600994139, 3.194022763805855814 ) ) ;
#180 = CARTESIAN_POINT ( 'NONE',  ( 1.149999999999999911, 9.586860233628581085, -2.970516822983157557 ) ) ;
#181 = CARTESIAN_POINT ( 'NONE',  ( 0.000000000000000000, 6.261999999999996014, 1.599999999999998312 ) ) ;
#182 = DIRECTION ( 'NONE',  ( 0.000000000000000000, -1.000000000000000000, 0.000000000000000000 ) ) ;
#183 = CARTESIAN_POINT ( 'NONE',  ( 0.000000000000000000, 6.261999999999995126, -4.835000000000001741 ) ) ;
#184 = ORIENTED_EDGE ( 'NONE', *, *, #1615, .F. ) ;
#185 = CARTESIAN_POINT ( 'NONE',  ( 1.149999999999977485, -6.501639399227208571, 4.383453460986406647 ) ) ;
#186 = CARTESIAN_POINT ( 'NONE',  ( 0.1492995527454612503, 10.71622717516448908, -1.802370545642904442 ) ) ;
#187 = MANIFOLD_SOLID_BREP ( '\X2\570689d2\X0\15', #1623 ) ;
#188 = EDGE_CURVE ( 'NONE', #4005, #1535, #313, .T. ) ;
#189 = DIRECTION ( 'NONE',  ( 0.000000000000000000, 0.000000000000000000, 1.000000000000000000 ) ) ;
#190 = VERTEX_POINT ( 'NONE', #1586 ) ;
#191 = CYLINDRICAL_SURFACE ( 'NONE', #587, 10.00000000000000000 ) ;
#192 = DIRECTION ( 'NONE',  ( 0.000000000000000000, 0.000000000000000000, -1.000000000000000000 ) ) ;
#193 = ORIENTED_EDGE ( 'NONE', *, *, #3216, .T. ) ;
#194 = CARTESIAN_POINT ( 'NONE',  ( 0.6568529837887323586, 10.51807623636145905, 1.735604085414734987 ) ) ;
#195 = CARTESIAN_POINT ( 'NONE',  ( 1.223465631028150892E-05, 9.835860683542964722, -3.256527534283309766 ) ) ;
#196 = CARTESIAN_POINT ( 'NONE',  ( 1.250410485745489408, 10.45729342754088442, -0.06898699673466862636 ) ) ;
#197 = CARTESIAN_POINT ( 'NONE',  ( 0.8683076679996497571, 9.904051693059445327, 3.083021771037426806 ) ) ;
#198 = CARTESIAN_POINT ( 'NONE',  ( 0.03142460002513002004, 9.962329026736247428, 3.109933801813625109 ) ) ;
#199 = FACE_OUTER_BOUND ( 'NONE', #2846, .T. ) ;
#200 = CARTESIAN_POINT ( 'NONE',  ( 1.590235595531776180, 7.746728487925502726, 3.403957187893362324 ) ) ;
#201 = DIRECTION ( 'NONE',  ( -1.000000000000000000, -0.000000000000000000, -0.000000000000000000 ) ) ;
#202 = CARTESIAN_POINT ( 'NONE',  ( 0.8675371226165018435, 9.904262570725634873, 3.083131519075080540 ) ) ;
#203 = ORIENTED_EDGE ( 'NONE', *, *, #212, .T. ) ;
#204 = VERTEX_POINT ( 'NONE', #3228 ) ;
#205 = DIRECTION ( 'NONE',  ( -0.7071067811865475727, 0.000000000000000000, 0.7071067811865475727 ) ) ;
#206 = CARTESIAN_POINT ( 'NONE',  ( 0.1333235260976623204, 10.93854718654040781, -1.021342629060747464 ) ) ;
#207 = DIRECTION ( 'NONE',  ( -1.000000000000000000, -0.000000000000000000, -0.000000000000000000 ) ) ;
#208 = ORIENTED_EDGE ( 'NONE', *, *, #2772, .F. ) ;
#209 = CARTESIAN_POINT ( 'NONE',  ( 1.120718967596253890, 9.795414391351647154, -3.337694774141517495 ) ) ;
#210 = CARTESIAN_POINT ( 'NONE',  ( 2.076278242391246920, 5.570805158598179041, -5.482598290727204393 ) ) ;
#211 = ORIENTED_EDGE ( 'NONE', *, *, #3159, .F. ) ;
#212 = EDGE_CURVE ( 'NONE', #3192, #2586, #4163, .T. ) ;
#213 = CARTESIAN_POINT ( 'NONE',  ( 1.062381738255682828, 9.148608684446108086, -3.877283037504851482 ) ) ;
#214 = DIRECTION ( 'NONE',  ( 0.000000000000000000, 0.000000000000000000, -1.000000000000000000 ) ) ;
#215 = CARTESIAN_POINT ( 'NONE',  ( 0.8162386783585000583, 9.852996160729816211, 3.213938774935935605 ) ) ;
#216 = CARTESIAN_POINT ( 'NONE',  ( 0.4116527488185384720, 10.84962443827671308, -0.7043290612462018707 ) ) ;
#217 = DIRECTION ( 'NONE',  ( 0.000000000000000000, 1.000000000000000000, 0.000000000000000000 ) ) ;
#218 = CARTESIAN_POINT ( 'NONE',  ( 1.244794776627536681, 10.44277098097538747, 0.4004144474196902337 ) ) ;
#219 = CARTESIAN_POINT ( 'NONE',  ( 1.062241319958816099, 9.148584549779370079, 3.877303697349332001 ) ) ;
#220 = CARTESIAN_POINT ( 'NONE',  ( 0.7796649127217488706, 9.918949580494471618, 3.090775147390746103 ) ) ;
#221 = LINE ( 'NONE', #4123, #311 ) ;
#222 = LINE ( 'NONE', #183, #598 ) ;
#223 = VERTEX_POINT ( 'NONE', #2580 ) ;
#224 = ORIENTED_EDGE ( 'NONE', *, *, #2734, .T. ) ;
#225 = DIRECTION ( 'NONE',  ( -1.000000000000000000, -0.000000000000000000, -0.000000000000000000 ) ) ;
#226 = CARTESIAN_POINT ( 'NONE',  ( 0.8076468321100034320, 10.56812970437033350, -1.021320969955860081 ) ) ;
#227 = EDGE_CURVE ( 'NONE', #893, #688, #716, .T. ) ;
#228 = CARTESIAN_POINT ( 'NONE',  ( 1.590235595531790169, 7.746728487925511608, -3.403957187893364544 ) ) ;
#229 = B_SPLINE_CURVE_WITH_KNOTS ( 'NONE', 3,
 ( #2857, #2123, #3406, #2604 ),
 .UNSPECIFIED., .F., .F.,
 ( 4, 4 ),
 ( 0.000000000000000000, 1.000000000000000000 ),
 .UNSPECIFIED. ) ;
#230 = ORIENTED_EDGE ( 'NONE', *, *, #2772, .T. ) ;
#231 = DIRECTION ( 'NONE',  ( 1.396592535537252080E-14, 3.377354794371023716E-15, 1.000000000000000000 ) ) ;
#232 = CARTESIAN_POINT ( 'NONE',  ( 0.000000000000000000, -6.261999999999995126, -1.734723475976807094E-15 ) ) ;
#233 = ORIENTED_EDGE ( 'NONE', *, *, #1284, .T. ) ;
#234 = CARTESIAN_POINT ( 'NONE',  ( -0.5436336816232888447, 9.747761703671118383, 3.337680608767156887 ) ) ;
#235 = CARTESIAN_POINT ( 'NONE',  ( 0.9267455467549366999, 10.54024691180352669, -0.6439431169062138638 ) ) ;
#236 = CIRCLE ( 'NONE', #593, 3.500000000000000000 ) ;
#237 = CARTESIAN_POINT ( 'NONE',  ( 1.000615100332387764, 10.51467201118201977, 0.08894531019631729540 ) ) ;
#238 = EDGE_CURVE ( 'NONE', #805, #3480, #2598, .T. ) ;
#239 = CARTESIAN_POINT ( 'NONE',  ( 0.000000000000000000, 6.261999999999995126, -3.469446951953614189E-15 ) ) ;
#240 = DIRECTION ( 'NONE',  ( 0.000000000000000000, 1.000000000000000000, -0.000000000000000000 ) ) ;
#241 = VECTOR ( 'NONE', #1585, 1000.000000000000000 ) ;
#242 = VECTOR ( 'NONE', #3820, 1000.000000000000000 ) ;
#243 = DIRECTION ( 'NONE',  ( 0.000000000000000000, 1.000000000000000000, 0.000000000000000000 ) ) ;
#244 = CARTESIAN_POINT ( 'NONE',  ( 1.181324479091900193, 10.46403557182152788, 0.2669097917691916622 ) ) ;
#245 = CARTESIAN_POINT ( 'NONE',  ( 2.549999999999991385, 4.237426952879387088, 4.389999007942253506 ) ) ;
#246 = VECTOR ( 'NONE', #1889, 1000.000000000000000 ) ;
#247 = CARTESIAN_POINT ( 'NONE',  ( 19.09653955668780156, -3.425748374098066098E-07, -4.389999496599052975 ) ) ;
#248 = DIRECTION ( 'NONE',  ( -1.000000000000000000, -0.000000000000000000, -0.000000000000000000 ) ) ;
#249 =( NAMED_UNIT ( * ) SI_UNIT ( $, .STERADIAN. ) SOLID_ANGLE_UNIT ( ) );
#250 = EDGE_LOOP ( 'NONE', ( #822, #1608, #2086, #3913, #1759, #2409 ) ) ;
#251 = ORIENTED_EDGE ( 'NONE', *, *, #3496, .T. ) ;
#252 = CARTESIAN_POINT ( 'NONE',  ( 0.7762431910027541848, 9.145374722823026659, 3.881182716435200408 ) ) ;
#253 = DIRECTION ( 'NONE',  ( 0.000000000000000000, 1.793922932757814914E-16, 1.000000000000000000 ) ) ;
#254 = ORIENTED_EDGE ( 'NONE', *, *, #1951, .T. ) ;
#255 = CARTESIAN_POINT ( 'NONE',  ( 2.549999999999991385, 4.237426267729725637, -4.389999827267824450 ) ) ;
#256 = CARTESIAN_POINT ( 'NONE',  ( 1.971400674242295592, 9.246655307945809810, -3.785122266603869523 ) ) ;
#257 = CARTESIAN_POINT ( 'NONE',  ( 0.000000000000000000, 9.612573884775672539, 3.499455270131117235 ) ) ;
#258 = ORIENTED_EDGE ( 'NONE', *, *, #1702, .F. ) ;
#259 = CARTESIAN_POINT ( 'NONE',  ( 0.8196286823555247736, 9.786113974628850798, 3.337716348834679270 ) ) ;
#260 = CARTESIAN_POINT ( 'NONE',  ( 1.546253934133123398, 9.579625878371032854, 3.359975526494709097 ) ) ;
#261 = CARTESIAN_POINT ( 'NONE',  ( 0.7702615214028827317, 9.855000333173947524, 3.215166538009097241 ) ) ;
#262 = FACE_OUTER_BOUND ( 'NONE', #1869, .T. ) ;
#263 = CARTESIAN_POINT ( 'NONE',  ( 0.7935847483451288209, 9.513590677247565353, 3.576953282210300955 ) ) ;
#264 = CARTESIAN_POINT ( 'NONE',  ( 0.8213903023934123748, 10.60387377542894249, 0.4004015785045321185 ) ) ;
#265 = EDGE_CURVE ( 'NONE', #3754, #2529, #4162, .T. ) ;
#266 = LINE ( 'NONE', #1653, #2156 ) ;
#267 = CARTESIAN_POINT ( 'NONE',  ( 0.3594171790187053461, 9.871021129814060657, -3.206681660744243878 ) ) ;
#268 = CARTESIAN_POINT ( 'NONE',  ( -0.03404366143214816037, 9.933796673446817493, 3.145694533827852357 ) ) ;
#269 = VERTEX_POINT ( 'NONE', #595 ) ;
#270 = ORIENTED_EDGE ( 'NONE', *, *, #4006, .T. ) ;
#271 = ADVANCED_FACE ( 'NONE', ( #1908 ), #3100, .F. ) ;
#272 = CARTESIAN_POINT ( 'NONE',  ( 0.8201557586236435382, 9.161990480153566097, 3.867505297358458272 ) ) ;
#273 = CARTESIAN_POINT ( 'NONE',  ( -0.3999999999999999667, -6.261999999999995126, 0.000000000000000000 ) ) ;
#274 = ORIENTED_EDGE ( 'NONE', *, *, #472, .F. ) ;
#275 = B_SPLINE_CURVE_WITH_KNOTS ( 'NONE', 3,
 ( #2192, #958, #4173, #627 ),
 .UNSPECIFIED., .F., .F.,
 ( 4, 4 ),
 ( 0.000000000000000000, 1.000000000000000000 ),
 .UNSPECIFIED. ) ;
#276 = DIRECTION ( 'NONE',  ( -0.000000000000000000, 0.7082579032361424609, 0.7059537821299232130 ) ) ;
#277 = PLANE ( 'NONE',  #2699 ) ;
#278 = ORIENTED_EDGE ( 'NONE', *, *, #2861, .T. ) ;
#279 = CARTESIAN_POINT ( 'NONE',  ( 0.08642413035446913638, 10.28989915298727631, 2.803658276919276826 ) ) ;
#280 = CARTESIAN_POINT ( 'NONE',  ( 1.694065894508600678E-18, 6.770527048257565461, -4.263574656796579099 ) ) ;
#281 = CARTESIAN_POINT ( 'NONE',  ( 0.6812336268444756371, 10.70866728522342370, -0.06900465205416060621 ) ) ;
#282 = CARTESIAN_POINT ( 'NONE',  ( 0.8870738060300993322, 10.07734278141293061, 2.700795398391685254 ) ) ;
#283 = DIRECTION ( 'NONE',  ( 0.000000000000000000, 0.7014416897145402396, 0.7127268452432606871 ) ) ;
#284 = ADVANCED_FACE ( 'NONE', ( #1191 ), #2817, .T. ) ;
#285 = CARTESIAN_POINT ( 'NONE',  ( -0.01571650512380068365, 11.09883685722812174, 0.1333688196699530371 ) ) ;
#286 = CARTESIAN_POINT ( 'NONE',  ( -0.3882801801272074971, 9.461540178558307090, -1.559726689797993116 ) ) ;
#287 = CARTESIAN_POINT ( 'NONE',  ( 0.05484827331396210925, 9.822350918592727353, -3.271285302230891645 ) ) ;
#288 = CARTESIAN_POINT ( 'NONE',  ( -0.4739095512815081346, 5.930164959763098764, 4.770509352443304571E-15 ) ) ;
#289 = ORIENTED_EDGE ( 'NONE', *, *, #4174, .F. ) ;
#290 = ORIENTED_EDGE ( 'NONE', *, *, #2088, .F. ) ;
#291 = CARTESIAN_POINT ( 'NONE',  ( 0.7000142330456553541, 9.151895244738376789, 3.875866169284928109 ) ) ;
#292 = CARTESIAN_POINT ( 'NONE',  ( 1.149999999999999911, 9.532826309650104690, 2.963721592361563406 ) ) ;
#293 = EDGE_CURVE ( 'NONE', #2170, #2022, #3524, .T. ) ;
#294 = ORIENTED_EDGE ( 'NONE', *, *, #1961, .T. ) ;
#295 = CARTESIAN_POINT ( 'NONE',  ( 0.5021607397973264497, 9.775932022737460869, -3.337710969348405943 ) ) ;
#296 = DIRECTION ( 'NONE',  ( -0.7071067811865474617, 0.000000000000000000, 0.7071067811865474617 ) ) ;
#297 = CARTESIAN_POINT ( 'NONE',  ( 1.150000000000004796, -8.256747262528476128, 3.799446619638986444 ) ) ;
#298 = ORIENTED_EDGE ( 'NONE', *, *, #2211, .F. ) ;
#299 = CARTESIAN_POINT ( 'NONE',  ( -0.5504259408286416022, 9.747521831596397845, 3.337680431196142550 ) ) ;
#300 = CARTESIAN_POINT ( 'NONE',  ( 6.938893903907228378E-15, 6.450940218077473531, -4.390000000000003233 ) ) ;
#301 = CARTESIAN_POINT ( 'NONE',  ( 1.249734542614260535, 10.45555341926241510, 0.08895251726133038273 ) ) ;
#302 = AXIS2_PLACEMENT_3D ( 'NONE', #181, #4075, #3102 ) ;
#303 = CARTESIAN_POINT ( 'NONE',  ( 0.8025134716800762513, 9.594447540426484622, -3.500256408983873246 ) ) ;
#304 = CARTESIAN_POINT ( 'NONE',  ( 0.7701681658471222214, 9.854745443109022673, -3.215667341689265601 ) ) ;
#305 = AXIS2_PLACEMENT_3D ( 'NONE', #1171, #4085, #3030 ) ;
#306 = CARTESIAN_POINT ( 'NONE',  ( 0.3440630072522576910, 10.95766322725383901, 0.2668825545633378704 ) ) ;
#307 = DIRECTION ( 'NONE',  ( -0.000000000000000000, -7.803527942889276700E-08, -0.9999999999999968914 ) ) ;
#308 = CARTESIAN_POINT ( 'NONE',  ( 0.6591190474237981212, 10.65125701300414462, -1.021325756360194070 ) ) ;
#309 = EDGE_CURVE ( 'NONE', #2529, #1418, #1287, .T. ) ;
#310 = CARTESIAN_POINT ( 'NONE',  ( 0.7500000000000168754, 9.674548844134267966, 3.425162096368258080 ) ) ;
#311 = VECTOR ( 'NONE', #4059, 1000.000000000000000 ) ;
#312 = CARTESIAN_POINT ( 'NONE',  ( 0.1073734544068865315, 10.22142369845367682, 2.755581894651014441 ) ) ;
#313 = CIRCLE ( 'NONE', #2300, 4.285000000000046327 ) ;
#314 = ORIENTED_EDGE ( 'NONE', *, *, #3833, .T. ) ;
#315 = VERTEX_POINT ( 'NONE', #1213 ) ;
#317 = CARTESIAN_POINT ( 'NONE',  ( 1.083858526884328599, 9.327458765776516003, 3.706940460839025064 ) ) ;
#316 = AXIS2_PLACEMENT_3D ( 'NONE', #479, #1795, #615 ) ;
#318 = CIRCLE ( 'NONE', #1425, 9.999999999999998224 ) ;
#319 = CARTESIAN_POINT ( 'NONE',  ( -2.765095427018799512, 10.66636299425700685, 1.599992919979001726 ) ) ;
#320 = ORIENTED_EDGE ( 'NONE', *, *, #2874, .F. ) ;
#321 = EDGE_CURVE ( 'NONE', #3903, #4001, #2509, .T. ) ;
#322 = CARTESIAN_POINT ( 'NONE',  ( -0.0005744026660420911701, 10.32758871635942555, -2.683533315078399983 ) ) ;
#323 = CARTESIAN_POINT ( 'NONE',  ( -2.889314798123793437, 9.765909294347205005, 1.599999999999997202 ) ) ;
#324 = LINE ( 'NONE', #1644, #2169 ) ;
#325 = ORIENTED_EDGE ( 'NONE', *, *, #1269, .T. ) ;
#326 = DIRECTION ( 'NONE',  ( 1.000000000000000000, 0.000000000000000000, 0.000000000000000000 ) ) ;
#327 = EDGE_CURVE ( 'NONE', #1272, #3978, #2150, .T. ) ;
#328 = CARTESIAN_POINT ( 'NONE',  ( 1.149999999997687317, 10.36316252534176563, 1.286110096369406541 ) ) ;
#329 = CARTESIAN_POINT ( 'NONE',  ( 0.8202046241960883055, 10.60077515480487520, 0.08893964834617232307 ) ) ;
#330 = DIRECTION ( 'NONE',  ( -1.000000000000000000, -0.000000000000000000, -0.000000000000000000 ) ) ;
#331 = CARTESIAN_POINT ( 'NONE',  ( 0.9990588304313019474, 10.51066878236317592, 0.4894535779872665193 ) ) ;
#332 = CARTESIAN_POINT ( 'NONE',  ( -0.3134218633402662824, 9.195564607126003764, -1.699992919979002481 ) ) ;
#333 = CARTESIAN_POINT ( 'NONE',  ( 0.5795022242270219115, 10.69709358839531355, -1.021328335118816266 ) ) ;
#334 = B_SPLINE_CURVE_WITH_KNOTS ( 'NONE', 3,
 ( #1866, #3425, #2831, #3787 ),
 .UNSPECIFIED., .F., .F.,
 ( 4, 4 ),
 ( 1.870900726506760797E-17, 0.0004189442337812910710 ),
 .UNSPECIFIED. ) ;
#335 = CARTESIAN_POINT ( 'NONE',  ( 1.600754464690637535, 9.513697849031183651, -3.342288846456742846 ) ) ;
#336 = CARTESIAN_POINT ( 'NONE',  ( 0.01083911210900413355, 9.842318341826791439, 3.249298972735481073 ) ) ;
#337 = ORIENTED_EDGE ( 'NONE', *, *, #148, .T. ) ;
#338 = B_SPLINE_CURVE_WITH_KNOTS ( 'NONE', 3,
 ( #4053, #874, #3774, #3464, #3756, #848, #540, #2716, #2404, #3865, #2280, #3225 ),
 .UNSPECIFIED., .F., .F.,
 ( 4, 2, 2, 2, 2, 4 ),
 ( 0.0003891387721324192817, 0.0007768064199270690315, 0.0009706402438243943130, 0.001067557155773056791, 0.001116015611747387922, 0.001164474067721719269 ),
 .UNSPECIFIED. ) ;
#339 = VERTEX_POINT ( 'NONE', #2482 ) ;
#340 = CARTESIAN_POINT ( 'NONE',  ( 0.8049455886416845285, 9.154171155195106380, 3.873994467889869675 ) ) ;
#341 = CARTESIAN_POINT ( 'NONE',  ( 0.000000000000000000, -8.429684714558714376, -3.696264056891617855 ) ) ;
#342 = ORIENTED_EDGE ( 'NONE', *, *, #1093, .T. ) ;
#343 = EDGE_CURVE ( 'NONE', #973, #1231, #1172, .T. ) ;
#344 = CARTESIAN_POINT ( 'NONE',  ( 1.272973563904397531, 10.09724787631639842, -2.356398896827030409 ) ) ;
#345 = CARTESIAN_POINT ( 'NONE',  ( -2.065674326060955579, 9.632059047226055881, 1.599999999999997424 ) ) ;
#346 = CARTESIAN_POINT ( 'NONE',  ( 0.8681366794725045022, 9.903635260015967390, -3.084436937229157571 ) ) ;
#347 = ORIENTED_EDGE ( 'NONE', *, *, #3537, .F. ) ;
#348 = EDGE_CURVE ( 'NONE', #3921, #4065, #1827, .T. ) ;
#349 = DIRECTION ( 'NONE',  ( 0.8191520442889890230, 0.5735764363510502672, -1.344284772916069216E-14 ) ) ;
#350 = CARTESIAN_POINT ( 'NONE',  ( 1.150000000000023892, 10.18834327349774860, 0.4963443861189763551 ) ) ;
#351 = CARTESIAN_POINT ( 'NONE',  ( 4.549999999999999822, 2.237426279435001941, -3.635000000000005116 ) ) ;
#352 = EDGE_CURVE ( 'NONE', #2651, #3960, #1834, .T. ) ;
#353 = CARTESIAN_POINT ( 'NONE',  ( 0.8207028834234937342, 10.60209857612655604, 0.4894479161371214082 ) ) ;
#354 = DIRECTION ( 'NONE',  ( 1.000000000000000000, 0.000000000000000000, 0.000000000000000000 ) ) ;
#355 = CARTESIAN_POINT ( 'NONE',  ( 1.367886195279186090, 10.34342735467582486, -1.021303824176317265 ) ) ;
#356 = CARTESIAN_POINT ( 'NONE',  ( 1.149999999999999911, 9.554899813853639401, -2.926650719599119821 ) ) ;
#357 = CARTESIAN_POINT ( 'NONE',  ( 0.3395055932651210862, 10.80485141116121817, 1.130195382735692977 ) ) ;
#358 = VERTEX_POINT ( 'NONE', #2193 ) ;
#359 = CARTESIAN_POINT ( 'NONE',  ( 1.569561038666743569, 9.237058840101671109, 3.792528987809889784 ) ) ;
#360 = CARTESIAN_POINT ( 'NONE',  ( 2.076278242395389384, 6.723284805128920461, -4.303836929017067270 ) ) ;
#361 = ORIENTED_EDGE ( 'NONE', *, *, #2895, .F. ) ;
#362 = CARTESIAN_POINT ( 'NONE',  ( 0.4204575994268976435, 10.03233725935930387, -3.010617446838796063 ) ) ;
#363 = EDGE_CURVE ( 'NONE', #1260, #1080, #3370, .T. ) ;
#364 = CARTESIAN_POINT ( 'NONE',  ( -1.923579648927847829, 9.464553913134313490, -1.600007080021006445 ) ) ;
#365 = DIRECTION ( 'NONE',  ( -0.000000000000000000, -1.000000000000000000, -0.000000000000000000 ) ) ;
#366 = ORIENTED_EDGE ( 'NONE', *, *, #1367, .T. ) ;
#367 = CARTESIAN_POINT ( 'NONE',  ( 1.790190796884902680, 9.272687130143168588, 3.750138519910307888 ) ) ;
#368 = FACE_OUTER_BOUND ( 'NONE', #3365, .T. ) ;
#369 = CARTESIAN_POINT ( 'NONE',  ( 7.806255641895631925E-15, 6.792236765701316514, -4.241515662226309935 ) ) ;
#370 = CARTESIAN_POINT ( 'NONE',  ( 0.4242054051286276439, 10.87777691649585954, 0.4894345890799955967 ) ) ;
#371 = DIRECTION ( 'NONE',  ( 0.000000000000000000, 1.000000000000000000, -3.462798379065810754E-17 ) ) ;
#372 = CARTESIAN_POINT ( 'NONE',  ( 0.8218441747337946746, 10.60499202247794237, -0.3404224753440976969 ) ) ;
#373 = EDGE_CURVE ( 'NONE', #2058, #1429, #2234, .T. ) ;
#374 = CARTESIAN_POINT ( 'NONE',  ( 1.150000000000008127, 10.18844576319273010, -0.4968165172722072143 ) ) ;
#375 = CARTESIAN_POINT ( 'NONE',  ( 0.5606584145271603647, 10.80180605175370090, 0.3064670509638375839 ) ) ;
#376 = CARTESIAN_POINT ( 'NONE',  ( 0.2826431303058205557, 9.860810525243689284, 3.222488967884159727 ) ) ;
#377 = AXIS2_PLACEMENT_3D ( 'NONE', #1977, #3230, #2222 ) ;
#378 = ORIENTED_EDGE ( 'NONE', *, *, #27, .F. ) ;
#379 = ADVANCED_FACE ( 'NONE', ( #2548 ), #3132, .T. ) ;
#380 = AXIS2_PLACEMENT_3D ( 'NONE', #508, #1848, #3791 ) ;
#381 = CARTESIAN_POINT ( 'NONE',  ( -1.883181166592885925, 8.927868281402858486, -1.600000000000002531 ) ) ;
#382 = ORIENTED_EDGE ( 'NONE', *, *, #348, .F. ) ;
#383 = VECTOR ( 'NONE', #2324, 999.9999999999998863 ) ;
#384 = AXIS2_PLACEMENT_3D ( 'NONE', #1570, #4122, #1296 ) ;
#385 = CARTESIAN_POINT ( 'NONE',  ( -0.5466755731169054000, 9.748033230734215238, -3.337738482678870522 ) ) ;
#386 = AXIS2_PLACEMENT_3D ( 'NONE', #1661, #463, #1137 ) ;
#387 = CARTESIAN_POINT ( 'NONE',  ( 0.3441011264010553905, 9.823136994195916571, -3.271340133260793870 ) ) ;
#388 = CARTESIAN_POINT ( 'NONE',  ( 2.369659184435113808, -5.453565245962379571, -3.889999834757496444 ) ) ;
#389 = ORIENTED_EDGE ( 'NONE', *, *, #619, .T. ) ;
#390 = CARTESIAN_POINT ( 'NONE',  ( 1.150000000000032774, 10.19219036565060854, -0.2484951042710403235 ) ) ;
#391 = CARTESIAN_POINT ( 'NONE',  ( 0.01358384984010468921, 10.99267757452078875, 1.112502357800747355 ) ) ;
#392 = DIRECTION ( 'NONE',  ( 0.000000000000000000, 3.596715340940750401E-15, -1.000000000000000000 ) ) ;
#393 = CARTESIAN_POINT ( 'NONE',  ( 1.368575571241334998, 10.43826238230190206, -0.2269231844389389130 ) ) ;
#394 = CARTESIAN_POINT ( 'NONE',  ( 0.01496751140236974274, 9.821543677475901291, 3.272248979733388463 ) ) ;
#395 = CARTESIAN_POINT ( 'NONE',  ( 0.5215857640890280145, 10.82189780583661864, -0.3967478942916946028 ) ) ;
#396 = B_SPLINE_CURVE_WITH_KNOTS ( 'NONE', 3,
 ( #2189, #577, #2147, #3196, #1851, #1894, #3111 ),
 .UNSPECIFIED., .F., .F.,
 ( 4, 1, 1, 1, 4 ),
 ( 0.000000000000000000, 0.2500000000000000000, 0.5000000000000000000, 0.7500000000000000000, 1.000000000000000000 ),
 .UNSPECIFIED. ) ;
#397 = DIRECTION ( 'NONE',  ( 0.000000000000000000, 0.000000000000000000, -1.000000000000000000 ) ) ;
#398 = CARTESIAN_POINT ( 'NONE',  ( 0.3279425218043448553, 9.767920311172531456, -3.329570731709380560 ) ) ;
#399 = CARTESIAN_POINT ( 'NONE',  ( 2.763879395796304636E-05, 9.821544269566148344, 3.272213275564944457 ) ) ;
#400 = B_SPLINE_CURVE_WITH_KNOTS ( 'NONE', 3,
 ( #2020, #359, #115, #3299, #2059, #1442, #787, #219, #3121, #3423, #2453, #1181, #2181 ),
 .UNSPECIFIED., .F., .F.,
 ( 4, 3, 3, 3, 4 ),
 ( 0.000000000000000000, 0.0004959218479640696998, 0.0006501561722078220452, 0.0007612383035219253856, 0.0007803850023986833332 ),
 .UNSPECIFIED. ) ;
#401 = FACE_OUTER_BOUND ( 'NONE', #3432, .T. ) ;
#402 = ORIENTED_EDGE ( 'NONE', *, *, #3505, .T. ) ;
#403 = EDGE_CURVE ( 'NONE', #3259, #893, #125, .T. ) ;
#404 = CARTESIAN_POINT ( 'NONE',  ( -0.09534169647892848376, 10.34556984672175872, -2.683536010625403812 ) ) ;
#405 = CARTESIAN_POINT ( 'NONE',  ( 0.5718649568775178160, 9.126625992665259091, -3.895575158713480590 ) ) ;
#406 = LINE ( 'NONE', #1726, #3587 ) ;
#407 = ORIENTED_EDGE ( 'NONE', *, *, #3505, .F. ) ;
#408 = CARTESIAN_POINT ( 'NONE',  ( 1.150000000002335376, 10.26842546781868393, 1.801595098777276860 ) ) ;
#409 = EDGE_LOOP ( 'NONE', ( #41, #2186, #1612, #2125, #3286, #3408, #2708 ) ) ;
#410 = CARTESIAN_POINT ( 'NONE',  ( 1.326349016154150018, 10.23595411670172695, 1.735624713945769448 ) ) ;
#411 = LINE ( 'NONE', #1069, #1004 ) ;
#412 = CARTESIAN_POINT ( 'NONE',  ( 0.4798185696744158846, 10.81566185903477972, -0.6808829416773385379 ) ) ;
#413 = ADVANCED_FACE ( 'NONE', ( #2591 ), #45, .F. ) ;
#414 = CARTESIAN_POINT ( 'NONE',  ( 1.149999999999995914, 10.19007473448255041, 0.1239230520026236848 ) ) ;
#415 = CARTESIAN_POINT ( 'NONE',  ( -0.2911143804143169755, 10.70289573306953379, -1.895639927459288332 ) ) ;
#416 = FACE_OUTER_BOUND ( 'NONE', #981, .T. ) ;
#417 = LINE ( 'NONE', #1133, #3242 ) ;
#418 = CARTESIAN_POINT ( 'NONE',  ( -0.08867513459481156379, 8.896055631914641992, -1.699992919979002481 ) ) ;
#419 = CARTESIAN_POINT ( 'NONE',  ( 0.6334914027587642549, 9.703568248908757354, 3.396268052356715472 ) ) ;
#420 = ORIENTED_EDGE ( 'NONE', *, *, #844, .T. ) ;
#421 = CARTESIAN_POINT ( 'NONE',  ( 0.8157024619896016127, 10.24822689111436347, -2.356412559855081579 ) ) ;
#422 = EDGE_CURVE ( 'NONE', #2775, #1065, #2276, .T. ) ;
#423 = CARTESIAN_POINT ( 'NONE',  ( 0.9395613954371740961, 9.234101458424625264, -3.802666671018981148 ) ) ;
#424 = PLANE ( 'NONE',  #1014 ) ;
#425 = VERTEX_POINT ( 'NONE', #3284 ) ;
#426 = CARTESIAN_POINT ( 'NONE',  ( 2.549999999999991385, 4.237426279435004162, 3.635000000000001563 ) ) ;
#427 = EDGE_LOOP ( 'NONE', ( #529, #4088, #3168, #1766, #3011, #603 ) ) ;
#428 = CARTESIAN_POINT ( 'NONE',  ( 0.1644078263348695557, 10.75567673973455918, 1.735588604608344188 ) ) ;
#429 = CARTESIAN_POINT ( 'NONE',  ( 0.000000000000000000, -6.261999999999995126, -1.734723475976807094E-15 ) ) ;
#430 = CARTESIAN_POINT ( 'NONE',  ( 1.196858647731702030, 10.45783929953331892, -0.3404110315753584026 ) ) ;
#431 = CARTESIAN_POINT ( 'NONE',  ( 1.370135042362752520, 9.458236546956705126, -3.508984416856533617 ) ) ;
#432 = CARTESIAN_POINT ( 'NONE',  ( 0.4329557867676614991, 10.85437858918646192, -0.6179664373545177281 ) ) ;
#433 = CARTESIAN_POINT ( 'NONE',  ( 1.119719831818763334, 9.742732134234255881, 2.933441424180349255 ) ) ;
#434 = VERTEX_POINT ( 'NONE', #364 ) ;
#435 = EDGE_CURVE ( 'NONE', #4077, #3903, #2910, .T. ) ;
#436 = CARTESIAN_POINT ( 'NONE',  ( 4.549999999999999822, -6.261999999999995126, 0.000000000000000000 ) ) ;
#437 = VECTOR ( 'NONE', #2660, 1000.000000000000000 ) ;
#438 = CARTESIAN_POINT ( 'NONE',  ( 0.1821485329417014687, 9.821439426403058448, 3.272494662336843607 ) ) ;
#439 = ORIENTED_EDGE ( 'NONE', *, *, #1187, .F. ) ;
#441 = CARTESIAN_POINT ( 'NONE',  ( 0.000000000000000000, 6.261999999999995126, -3.006671916513725129E-15 ) ) ;
#440 = AXIS2_PLACEMENT_3D ( 'NONE', #2389, #767, #4014 ) ;
#442 = VECTOR ( 'NONE', #1664, 1000.000000000000000 ) ;
#443 = CARTESIAN_POINT ( 'NONE',  ( 1.131440457579704573, 10.28811821602803711, -1.802340138316283369 ) ) ;
#444 = CARTESIAN_POINT ( 'NONE',  ( 0.7582792801379523162, 9.205289409075588125, -3.835846826556172040 ) ) ;
#445 = DIRECTION ( 'NONE',  ( 2.637619179529615338E-12, 0.9999999999999968914, -7.803527811469346194E-08 ) ) ;
#446 = VECTOR ( 'NONE', #3200, 1000.000000000000227 ) ;
#447 = APPLICATION_CONTEXT ( 'automotive_design' ) ;
#448 = VECTOR ( 'NONE', #3598, 1000.000000000000114 ) ;
#449 = ORIENTED_EDGE ( 'NONE', *, *, #2650, .T. ) ;
#450 = EDGE_CURVE ( 'NONE', #1152, #2151, #2426, .T. ) ;
#451 = DIRECTION ( 'NONE',  ( 0.000000000000000000, 0.000000000000000000, -1.000000000000000000 ) ) ;
#452 = VECTOR ( 'NONE', #1118, 1000.000000000000000 ) ;
#453 = AXIS2_PLACEMENT_3D ( 'NONE', #3696, #4012, #1773 ) ;
#454 = ORIENTED_EDGE ( 'NONE', *, *, #3403, .F. ) ;
#455 = EDGE_CURVE ( 'NONE', #3974, #484, #3266, .T. ) ;
#456 = CARTESIAN_POINT ( 'NONE',  ( -0.1894248354661961786, 10.67469767900224831, 2.269613543217721574 ) ) ;
#457 = CARTESIAN_POINT ( 'NONE',  ( -0.1385400894407685379, 10.29061016714716459, -2.674075588975833195 ) ) ;
#458 = DIRECTION ( 'NONE',  ( 0.000000000000000000, 0.000000000000000000, -1.000000000000000000 ) ) ;
#459 = CARTESIAN_POINT ( 'NONE',  ( 0.2164783060640242396, 10.50067711386458491, -2.198401250139996321 ) ) ;
#460 = FACE_OUTER_BOUND ( 'NONE', #1097, .T. ) ;
#461 = ORIENTED_EDGE ( 'NONE', *, *, #2256, .F. ) ;
#462 = CARTESIAN_POINT ( 'NONE',  ( 0.000000000000000000, -6.501697944991122746, 4.383450260342938165 ) ) ;
#463 = DIRECTION ( 'NONE',  ( 1.000000000000000000, -0.000000000000000000, 0.000000000000000000 ) ) ;
#464 = EDGE_LOOP ( 'NONE', ( #1366, #841, #342, #911 ) ) ;
#465 = CARTESIAN_POINT ( 'NONE',  ( 0.000000000000000000, -6.262000000788720655, 4.389999007942277487 ) ) ;
#466 = CARTESIAN_POINT ( 'NONE',  ( 1.318978692480360593, 10.21656625456092549, -1.802334436305480070 ) ) ;
#467 = CARTESIAN_POINT ( 'NONE',  ( 0.02886365087457826162, 9.831724167362722255, 3.260906409066917533 ) ) ;
#468 = EDGE_CURVE ( 'NONE', #2586, #905, #2079, .T. ) ;
#469 = DIRECTION ( 'NONE',  ( 0.9135454576426008666, 0.000000000000000000, 0.4067366430758003748 ) ) ;
#470 = VERTEX_POINT ( 'NONE', #628 ) ;
#471 = CYLINDRICAL_SURFACE ( 'NONE', #729, 4.834999999999999964 ) ;
#472 = EDGE_CURVE ( 'NONE', #1590, #1662, #2931, .T. ) ;
#473 = ORIENTED_EDGE ( 'NONE', *, *, #3478, .T. ) ;
#474 = CARTESIAN_POINT ( 'NONE',  ( 0.4518489991198302302, 10.61860679432178323, 1.735597624244649140 ) ) ;
#475 = FACE_OUTER_BOUND ( 'NONE', #3046, .T. ) ;
#476 = EDGE_CURVE ( 'NONE', #3219, #1609, #2886, .T. ) ;
#477 = DIRECTION ( 'NONE',  ( 0.4067366430758003748, 0.000000000000000000, -0.9135454576426008666 ) ) ;
#478 = LINE ( 'NONE', #2258, #446 ) ;
#479 = CARTESIAN_POINT ( 'NONE',  ( -0.4003972113722772952, 5.981638854318976684, 3.564121358292783292E-15 ) ) ;
#480 = DIRECTION ( 'NONE',  ( 0.000000000000000000, 0.000000000000000000, 1.000000000000000000 ) ) ;
#481 = FACE_OUTER_BOUND ( 'NONE', #4083, .T. ) ;
#482 = DIRECTION ( 'NONE',  ( -1.000000000000000000, 1.830951870087662918E-15, 0.000000000000000000 ) ) ;
#483 = CARTESIAN_POINT ( 'NONE',  ( 0.1060566592992227414, 9.836019120235842905, 3.255421731171499911 ) ) ;
#484 = VERTEX_POINT ( 'NONE', #3246 ) ;
#485 = EDGE_LOOP ( 'NONE', ( #3371, #2162, #1920, #2572 ) ) ;
#486 = SPHERICAL_SURFACE ( 'NONE', #2361, 4.834999999999999964 ) ;
#487 = CARTESIAN_POINT ( 'NONE',  ( 1.178096381618522814, 10.26967231020926796, -1.802338713169864493 ) ) ;
#488 = DIRECTION ( 'NONE',  ( 0.000000000000000000, -1.000000000000000000, 0.000000000000000000 ) ) ;
#489 = ORIENTED_EDGE ( 'NONE', *, *, #1992, .F. ) ;
#490 = PRODUCT ( 'Shell 1#_Male', 'Shell 1#_Male', '', ( #882 ) ) ;
#491 = EDGE_CURVE ( 'NONE', #2791, #538, #1815, .T. ) ;
#492 = DIRECTION ( 'NONE',  ( 0.000000000000000000, -3.587845865515629828E-16, -1.000000000000000000 ) ) ;
#493 = ORIENTED_EDGE ( 'NONE', *, *, #51, .F. ) ;
#494 = CARTESIAN_POINT ( 'NONE',  ( -0.1094963320707544180, 10.87319619414015293, 1.735580143621267890 ) ) ;
#495 = CARTESIAN_POINT ( 'NONE',  ( -0.3536412611782160376, 11.02818607683726171, -0.7468695917080844238 ) ) ;
#496 = CARTESIAN_POINT ( 'NONE',  ( 0.7388591654684402155, 9.162114634614642483, 3.868696827664883209 ) ) ;
#497 = CARTESIAN_POINT ( 'NONE',  ( 0.001019085439162066391, 10.31016484015412082, -2.651778613695441766 ) ) ;
#498 = CARTESIAN_POINT ( 'NONE',  ( 0.4830668231801841794, 10.83708864379956793, -0.4919340809588052532 ) ) ;
#499 = CARTESIAN_POINT ( 'NONE',  ( -0.3999999999999999667, 6.261999999999994237, 3.134999999999996234 ) ) ;
#500 = B_SPLINE_CURVE_WITH_KNOTS ( 'NONE', 3,
 ( #1611, #956, #2628, #3281, #4217, #3898 ),
 .UNSPECIFIED., .F., .F.,
 ( 4, 2, 4 ),
 ( 2.114857363695451626E-07, 0.0002396376385518747163, 0.0004790637913673798879 ),
 .UNSPECIFIED. ) ;
#501 = CARTESIAN_POINT ( 'NONE',  ( 0.9293070341360456510, 10.54295895576621689, 0.1333995493953923084 ) ) ;
#502 = ADVANCED_FACE ( 'NONE', ( #1045 ), #3629, .F. ) ;
#503 = CARTESIAN_POINT ( 'NONE',  ( -0.4500000000000001221, 9.495564135125004412, -1.399993391980002277 ) ) ;
#504 = CARTESIAN_POINT ( 'NONE',  ( 0.000000000000000000, 0.000000000000000000, 4.389999007942277487 ) ) ;
#505 = CARTESIAN_POINT ( 'NONE',  ( 1.130001116932922489, 9.851150325967079624, 3.006332480297584375 ) ) ;
#506 = ORIENTED_EDGE ( 'NONE', *, *, #161, .T. ) ;
#507 = ORIENTED_EDGE ( 'NONE', *, *, #1362, .F. ) ;
#508 = CARTESIAN_POINT ( 'NONE',  ( 4.549999999999999822, -6.261999999999995126, 0.000000000000000000 ) ) ;
#509 = CARTESIAN_POINT ( 'NONE',  ( 1.354976171599904688, 10.30993842126146376, -1.248269975783925956 ) ) ;
#510 = DIRECTION ( 'NONE',  ( 0.000000000000000000, 1.000000000000000000, -1.793922932757814914E-16 ) ) ;
#511 = ORIENTED_EDGE ( 'NONE', *, *, #1675, .F. ) ;
#512 = VECTOR ( 'NONE', #354, 1000.000000000000000 ) ;
#513 = DIRECTION ( 'NONE',  ( 0.000000000000000000, -0.8870589436507640979, -0.4616561821195406257 ) ) ;
#514 = VECTOR ( 'NONE', #1121, 1000.000000000000000 ) ;
#515 = CARTESIAN_POINT ( 'NONE',  ( 0.9226472652934019081, 10.50466935378967648, 1.057305595483727156 ) ) ;
#516 = STYLED_ITEM ( 'NONE', ( #2554 ), #187 ) ;
#517 = VERTEX_POINT ( 'NONE', #3199 ) ;
#518 = AXIS2_PLACEMENT_3D ( 'NONE', #591, #2579, #3227 ) ;
#520 = AXIS2_PLACEMENT_3D ( 'NONE', #4180, #1243, #3487 ) ;
#519 = CARTESIAN_POINT ( 'NONE',  ( -0.1178136504937251083, 10.65210277251625115, 2.269615672197263123 ) ) ;
#521 = CARTESIAN_POINT ( 'NONE',  ( -0.03949507809152240367, 9.957922040865383906, 3.117249346075743777 ) ) ;
#522 = DIRECTION ( 'NONE',  ( -0.8191520442889890230, -0.5735764363510502672, 1.344284772916069216E-14 ) ) ;
#523 = CARTESIAN_POINT ( 'NONE',  ( -0.06756740414876986900, 10.07417670859365799, -2.974166011858233372 ) ) ;
#524 = CARTESIAN_POINT ( 'NONE',  ( 0.5657087611211776279, 10.80224391130562545, 0.2904320494088328264 ) ) ;
#525 = DIRECTION ( 'NONE',  ( 1.000000000000000000, 0.000000000000000000, 0.000000000000000000 ) ) ;
#526 = DIRECTION ( 'NONE',  ( -1.000000000000000000, -0.000000000000000000, -0.000000000000000000 ) ) ;
#527 = LINE ( 'NONE', #1182, #1358 ) ;
#528 = CARTESIAN_POINT ( 'NONE',  ( 4.549999999999999822, -13.48812408056666712, 12.32251418227042805 ) ) ;
#529 = ORIENTED_EDGE ( 'NONE', *, *, #3802, .T. ) ;
#530 = ORIENTED_EDGE ( 'NONE', *, *, #1024, .T. ) ;
#531 = CARTESIAN_POINT ( 'NONE',  ( 2.549999999999991385, 4.237426279435003273, 4.239999999602307668 ) ) ;
#532 = CARTESIAN_POINT ( 'NONE',  ( 1.072653491185006303, 10.44177159494488194, -1.021312654433299549 ) ) ;
#533 = DIRECTION ( 'NONE',  ( 1.000000000000000000, 0.000000000000000000, 0.000000000000000000 ) ) ;
#534 = EDGE_CURVE ( 'NONE', #2929, #688, #1556, .T. ) ;
#535 = EDGE_LOOP ( 'NONE', ( #1678, #1169, #3817, #2656, #642, #2317 ) ) ;
#536 = CARTESIAN_POINT ( 'NONE',  ( 0.02966273299689187529, 9.495564135125004412, -0.9377529788637870567 ) ) ;
#537 = DIRECTION ( 'NONE',  ( 0.000000000000000000, 1.673820712608441869E-15, 1.000000000000000000 ) ) ;
#538 = VERTEX_POINT ( 'NONE', #3901 ) ;
#539 = DIRECTION ( 'NONE',  ( 1.000000000000000000, -0.000000000000000000, -0.000000000000000000 ) ) ;
#540 = CARTESIAN_POINT ( 'NONE',  ( 0.1565524001064610149, 9.842676695266019848, -3.247085189588385212 ) ) ;
#541 = CARTESIAN_POINT ( 'NONE',  ( 2.076278242394820062, 9.133432793153112073, 3.889999834756405761 ) ) ;
#542 = CARTESIAN_POINT ( 'NONE',  ( 0.1019602615738359752, 10.20327417570624107, -2.783115811120454808 ) ) ;
#543 = DIRECTION ( 'NONE',  ( 0.000000000000000000, 0.000000000000000000, 1.000000000000000000 ) ) ;
#544 = CARTESIAN_POINT ( 'NONE',  ( 0.5351879077671047868, 10.83454793339133460, 0.1333861227223210877 ) ) ;
#545 = CARTESIAN_POINT ( 'NONE',  ( 0.1540783789262016312, 9.495564135125004412, -1.480127234374521761 ) ) ;
#546 = ADVANCED_FACE ( 'NONE', ( #999 ), #3384, .F. ) ;
#547 = CARTESIAN_POINT ( 'NONE',  ( 19.09653955668780156, 0.000000000000000000, 4.389999007942277487 ) ) ;
#548 = CARTESIAN_POINT ( 'NONE',  ( 1.149999999999999911, 9.609317867837583904, 2.929632085417039900 ) ) ;
#549 = CARTESIAN_POINT ( 'NONE',  ( 2.076278242394820062, 4.237426279435004162, -4.239999999999986890 ) ) ;
#550 = ORIENTED_EDGE ( 'NONE', *, *, #2821, .T. ) ;
#551 = ORIENTED_EDGE ( 'NONE', *, *, #3189, .F. ) ;
#552 = CARTESIAN_POINT ( 'NONE',  ( 1.150000000000004574, -7.671575057830577471, 4.166808845541677186 ) ) ;
#553 = CARTESIAN_POINT ( 'NONE',  ( -0.04815303896536959893, 11.01464951765218814, -1.021348216929805597 ) ) ;
#554 = CARTESIAN_POINT ( 'NONE',  ( 19.09653955668780156, -8.429584297180843677, 3.696322945119299153 ) ) ;
#555 = ORIENTED_EDGE ( 'NONE', *, *, #3272, .T. ) ;
#556 = EDGE_CURVE ( 'NONE', #2419, #4067, #2421, .T. ) ;
#557 = CARTESIAN_POINT ( 'NONE',  ( -0.03186854558442937108, 9.495564135125009742, 0.2315800105182241608 ) ) ;
#558 = CARTESIAN_POINT ( 'NONE',  ( 0.7796649127217488706, 9.918949580494471618, 3.090775147390746103 ) ) ;
#559 = VERTEX_POINT ( 'NONE', #121 ) ;
#560 = CARTESIAN_POINT ( 'NONE',  ( 1.570512691401517280, 9.237221123368010822, -3.792356655433402945 ) ) ;
#561 = ADVANCED_FACE ( 'NONE', ( #3390 ), #1637, .T. ) ;
#562 = CARTESIAN_POINT ( 'NONE',  ( 1.150000000000025446, 10.00657832246922041, -1.736107316240988352 ) ) ;
#563 = CARTESIAN_POINT ( 'NONE',  ( 0.2000000000000000111, 6.261999999999995126, -3.006671916513725129E-15 ) ) ;
#564 = CARTESIAN_POINT ( 'NONE',  ( 0.009410138151646900082, 9.867002012212065409, 3.221764864155489683 ) ) ;
#565 = LINE ( 'NONE', #2179, #2166 ) ;
#566 = CARTESIAN_POINT ( 'NONE',  ( 0.7175264545584923992, 10.67527517859045005, 0.4003980957530391960 ) ) ;
#567 = FACE_OUTER_BOUND ( 'NONE', #61, .T. ) ;
#568 = B_SPLINE_CURVE_WITH_KNOTS ( 'NONE', 3,
 ( #811, #1382, #3004, #3641, #726, #3321, #398, #1719, #1075, #749 ),
 .UNSPECIFIED., .F., .F.,
 ( 4, 2, 2, 2, 4 ),
 ( 0.000000000000000000, 9.551464445430363670E-05, 0.0001910292889086072192, 0.0003820585778172151973, 0.0007641171556344321294 ),
 .UNSPECIFIED. ) ;
#569 = DIRECTION ( 'NONE',  ( -0.000000000000000000, 1.000000000000000000, -2.770238703252648603E-16 ) ) ;
#570 = CARTESIAN_POINT ( 'NONE',  ( 4.549999999999999822, -13.48675902080174893, -12.32331457406427866 ) ) ;
#571 = CARTESIAN_POINT ( 'NONE',  ( 4.549999999999999822, 2.237426279435002829, -4.239999999999875868 ) ) ;
#572 = ORIENTED_EDGE ( 'NONE', *, *, #3833, .F. ) ;
#573 = EDGE_LOOP ( 'NONE', ( #1532, #934, #2019, #2069 ) ) ;
#574 = EDGE_CURVE ( 'NONE', #4065, #1835, #3492, .T. ) ;
#575 = CARTESIAN_POINT ( 'NONE',  ( 0.8374819733415513889, 9.765082030584149919, 3.322566185134246730 ) ) ;
#576 = CARTESIAN_POINT ( 'NONE',  ( -0.08045835950374866097, 10.97430059387547274, -1.248314812464949686 ) ) ;
#577 = CARTESIAN_POINT ( 'NONE',  ( 1.694065894508600678E-18, 6.770536574637779914, 4.263563985093344222 ) ) ;
#578 = ORIENTED_EDGE ( 'NONE', *, *, #2135, .T. ) ;
#579 = DIRECTION ( 'NONE',  ( -1.000000000000000000, -0.000000000000000000, -0.000000000000000000 ) ) ;
#580 = CARTESIAN_POINT ( 'NONE',  ( 0.9195221648280262894, 10.55240319590235032, 0.1347690160791316927 ) ) ;
#581 = AXIS2_PLACEMENT_3D ( 'NONE', #2385, #3675, #108 ) ;
#582 = EDGE_LOOP ( 'NONE', ( #732, #3301, #2355, #3964, #95, #75 ) ) ;
#583 = ADVANCED_FACE ( 'NONE', ( #3471 ), #1249, .F. ) ;
#584 =( BOUNDED_SURFACE ( )  B_SPLINE_SURFACE ( 3, 2, ( 
 ( #3885, #3507, #983 ),
 ( #895, #916, #1285 ),
 ( #613, #3570, #654 ),
 ( #3840, #1538, #4111 ),
 ( #586, #2196, #562 ),
 ( #2848, #4136, #1599 ),
 ( #1904, #1220, #3155 ),
 ( #235, #2531, #1262 ),
 ( #2552, #2240, #1926 ),
 ( #3204, #1688, #390 ),
 ( #2658, #2975, #2011 ),
 ( #3270, #1329, #1407 ),
 ( #1668, #49, #3672 ),
 ( #2690, #3966, #350 ),
 ( #2955, #2327, #28 ),
 ( #1349, #2637, #760 ),
 ( #741, #328, #2359 ),
 ( #3596, #408, #3288 ),
 ( #3986, #1066, #3616 ),
 ( #1373, #1711, #1032 ),
 ( #2673, #3950, #1050 ),
 ( #3330, #2068, #3653 ) ),
 .UNSPECIFIED., .F., .F., .F. ) 
 B_SPLINE_SURFACE_WITH_KNOTS ( ( 4, 2, 2, 2, 2, 2, 2, 2, 2, 2, 4 ),
 ( 3, 3 ),
 ( -4.336808689942017736E-19, 0.0007504357773316280280, 0.001500871554663256490, 0.002251307331994884843, 0.002626525220660699128, 0.003001743109326513413, 0.003376960997992327698, 0.003752178886658141550, 0.004502614663989769686, 0.005253050441321398256, 0.006003486218653026826 ),
 ( 0.000000000000000000, 1.000000000000000000 ),
 .UNSPECIFIED. ) 
 GEOMETRIC_REPRESENTATION_ITEM ( )  RATIONAL_B_SPLINE_SURFACE ( (
 ( 1.000000000000000000, 0.7327259913955754822, 1.000000000000000000),
 ( 1.000000000000000000, 0.7664623620160126993, 1.000000000000000000),
 ( 1.000000000000000000, 0.7897750091385250526, 1.000000000000000000),
 ( 1.000000000000000000, 0.8199937780626250783, 1.000000000000000000),
 ( 1.000000000000000000, 0.8289195810570927359, 1.000000000000000000),
 ( 1.000000000000000000, 0.8423037580098878818, 1.000000000000000000),
 ( 1.000000000000000000, 0.8464409220515576315, 1.000000000000000000),
 ( 1.000000000000000000, 0.8490775613623205986, 1.000000000000000000),
 ( 1.000000000000000000, 0.8492328532642884342, 1.000000000000000000),
 ( 1.000000000000000000, 0.8465700008609257088, 1.000000000000000000),
 ( 1.000000000000000000, 0.8437454292307220438, 1.000000000000000000),
 ( 1.000000000000000000, 0.8436891596968445484, 1.000000000000000000),
 ( 1.000000000000000000, 0.8467252188777072419, 1.000000000000000000),
 ( 1.000000000000000000, 0.8493786151319757671, 1.000000000000000000),
 ( 1.000000000000000000, 0.8492882727540057575, 1.000000000000000000),
 ( 1.000000000000000000, 0.8463230320849046695, 1.000000000000000000),
 ( 1.000000000000000000, 0.8418964357989145997, 1.000000000000000000),
 ( 1.000000000000000000, 0.8297552110996945229, 1.000000000000000000),
 ( 1.000000000000000000, 0.8217172976879160151, 1.000000000000000000),
 ( 1.000000000000000000, 0.7903819054521828980, 1.000000000000000000),
 ( 1.000000000000000000, 0.7662032519415726828, 1.000000000000000000),
 ( 1.000000000000000000, 0.7328581997228182932, 1.000000000000000000) ) ) 
 REPRESENTATION_ITEM ( '' )  SURFACE ( )  );
#585 = CARTESIAN_POINT ( 'NONE',  ( 1.156855565878052827, 9.796645436658620199, 3.337725179091660443 ) ) ;
#586 = CARTESIAN_POINT ( 'NONE',  ( 0.8996503106757332002, 10.36653381146611608, -1.827426116005103518 ) ) ;
#587 = AXIS2_PLACEMENT_3D ( 'NONE', #2131, #126, #2732 ) ;
#588 = AXIS2_PLACEMENT_3D ( 'NONE', #3114, #609, #192 ) ;
#589 = CARTESIAN_POINT ( 'NONE',  ( 0.1141393005522814419, 11.07108639618263979, -0.06902338737773390520 ) ) ;
#590 = DIRECTION ( 'NONE',  ( 0.000000000000000000, -1.000000000000000000, 0.000000000000000000 ) ) ;
#591 = CARTESIAN_POINT ( 'NONE',  ( 1.149999999999999911, 6.261999999999995126, -3.006671916513725129E-15 ) ) ;
#592 = EDGE_CURVE ( 'NONE', #1577, #559, #1865, .T. ) ;
#593 = AXIS2_PLACEMENT_3D ( 'NONE', #3956, #2679, #1056 ) ;
#594 = CIRCLE ( 'NONE', #2977, 3.634999999999999343 ) ;
#595 = CARTESIAN_POINT ( 'NONE',  ( 0.7500000000000000000, 9.174861092449047462, -3.859075699710557306 ) ) ;
#596 = CARTESIAN_POINT ( 'NONE',  ( -0.02646295304423970651, 11.09704074241303751, 0.2668713092437484669 ) ) ;
#597 = DIRECTION ( 'NONE',  ( -0.000000000000000000, 2.770238703252648603E-16, 1.000000000000000000 ) ) ;
#598 = VECTOR ( 'NONE', #1845, 1000.000000000000000 ) ;
#599 = CARTESIAN_POINT ( 'NONE',  ( 0.7387144370346760969, 9.161949047838868765, -3.868821813882865168 ) ) ;
#600 = CARTESIAN_POINT ( 'NONE',  ( 0.3873483918320880237, 10.84472239971447749, 0.8097567897328734610 ) ) ;
#601 = APPLICATION_PROTOCOL_DEFINITION ( 'draft international standard', 'automotive_design', 1998, #447 ) ;
#602 = ORIENTED_EDGE ( 'NONE', *, *, #403, .T. ) ;
#603 = ORIENTED_EDGE ( 'NONE', *, *, #1341, .T. ) ;
#604 = LINE ( 'NONE', #1918, #4052 ) ;
#605 = CARTESIAN_POINT ( 'NONE',  ( 0.8112434680042397428, 9.671220104374052440, 3.421821053125769563 ) ) ;
#606 = ORIENTED_EDGE ( 'NONE', *, *, #1515, .T. ) ;
#607 = DIRECTION ( 'NONE',  ( 0.000000000000000000, 0.000000000000000000, -1.000000000000000000 ) ) ;
#608 = EDGE_CURVE ( 'NONE', #4190, #2635, #2841, .T. ) ;
#609 = DIRECTION ( 'NONE',  ( 1.000000000000000000, -0.000000000000000000, 0.000000000000000000 ) ) ;
#610 = DIRECTION ( 'NONE',  ( 1.000000000000000000, 0.000000000000000000, 0.000000000000000000 ) ) ;
#611 = VERTEX_POINT ( 'NONE', #2896 ) ;
#612 = CARTESIAN_POINT ( 'NONE',  ( -0.08695810483337432228, 9.758947324987632399, 3.337692598225225904 ) ) ;
#613 = CARTESIAN_POINT ( 'NONE',  ( 0.8488130204798509659, 10.14188294447048655, -2.592729552314382957 ) ) ;
#614 = CARTESIAN_POINT ( 'NONE',  ( 2.076278242394820062, 10.80738130939286812, -3.889999834756393771 ) ) ;
#615 = DIRECTION ( 'NONE',  ( -0.5735764363510501562, 0.8191520442889889120, 0.000000000000000000 ) ) ;
#616 =( NAMED_UNIT ( * ) SI_UNIT ( $, .STERADIAN. ) SOLID_ANGLE_UNIT ( ) );
#617 = CARTESIAN_POINT ( 'NONE',  ( -0.02030508238947381638, 11.08696141481254394, 0.4003743315305857142 ) ) ;
#618 = FACE_OUTER_BOUND ( 'NONE', #250, .T. ) ;
#619 = EDGE_CURVE ( 'NONE', #791, #1786, #2435, .T. ) ;
#620 = DIRECTION ( 'NONE',  ( 0.000000000000000000, -0.9999999999999968914, 7.803527942889272729E-08 ) ) ;
#621 = CARTESIAN_POINT ( 'NONE',  ( 0.001640253274077536428, 10.55112753932722569, 2.263330819095796809 ) ) ;
#622 = ORIENTED_EDGE ( 'NONE', *, *, #3585, .F. ) ;
#623 = ORIENTED_EDGE ( 'NONE', *, *, #3177, .F. ) ;
#624 = CARTESIAN_POINT ( 'NONE',  ( 1.011956304202991097, 9.140001761810804481, 3.884612896010264382 ) ) ;
#625 = FACE_OUTER_BOUND ( 'NONE', #3060, .T. ) ;
#626 = ORIENTED_EDGE ( 'NONE', *, *, #1436, .T. ) ;
#627 = CARTESIAN_POINT ( 'NONE',  ( 1.184252772625540638E-05, 9.837145025158596567, 3.255116378246253106 ) ) ;
#628 = CARTESIAN_POINT ( 'NONE',  ( 4.549999999999999822, -8.429584297180843677, 3.696322945119299153 ) ) ;
#629 = DIRECTION ( 'NONE',  ( 0.000000000000000000, 0.000000000000000000, -1.000000000000000000 ) ) ;
#630 = ORIENTED_EDGE ( 'NONE', *, *, #1569, .F. ) ;
#631 = CARTESIAN_POINT ( 'NONE',  ( -0.5470298112259651679, 9.747641767633759002, 3.337680519981649940 ) ) ;
#632 = CARTESIAN_POINT ( 'NONE',  ( -4.834999999999999964, 6.261999999999993349, -4.336808689942017736E-15 ) ) ;
#633 = CARTESIAN_POINT ( 'NONE',  ( 0.05032379646794324368, 11.08783768548105542, -0.06902525000075346306 ) ) ;
#634 = LINE ( 'NONE', #3466, #2701 ) ;
#635 = CARTESIAN_POINT ( 'NONE',  ( 2.076278242394476781, 6.483901648240520288, -4.390000000000002345 ) ) ;
#636 = FILL_AREA_STYLE ('',( #946 ) ) ;
#637 = ADVANCED_FACE ( 'NONE', ( #2856 ), #2223, .F. ) ;
#638 = CARTESIAN_POINT ( 'NONE',  ( -0.01721693906640886507, 11.09495731379874606, 0.2668715756002694728 ) ) ;
#639 = CARTESIAN_POINT ( 'NONE',  ( -0.3424884161973654750, 9.271018891534465567, -1.699992919979002926 ) ) ;
#640 = CARTESIAN_POINT ( 'NONE',  ( -0.3134218633402667264, 9.195564607126003764, 1.699992919978997818 ) ) ;
#641 = CARTESIAN_POINT ( 'NONE',  ( 0.05181861054151862267, 10.03732521692772472, 3.016088742499904995 ) ) ;
#642 = ORIENTED_EDGE ( 'NONE', *, *, #455, .T. ) ;
#643 = EDGE_LOOP ( 'NONE', ( #85, #116, #1832, #3174, #3427, #3829, #3264, #2040, #3605, #3068, #3985 ) ) ;
#644 = EDGE_CURVE ( 'NONE', #269, #2744, #843, .T. ) ;
#645 = CARTESIAN_POINT ( 'NONE',  ( 0.8891010249567474766, 9.201787106549113915, 3.832960359642523240 ) ) ;
#646 = DIRECTION ( 'NONE',  ( 0.000000000000000000, 0.000000000000000000, -1.000000000000000000 ) ) ;
#647 = ORIENTED_EDGE ( 'NONE', *, *, #2745, .F. ) ;
#648 = EDGE_CURVE ( 'NONE', #992, #3259, #117, .T. ) ;
#649 = CARTESIAN_POINT ( 'NONE',  ( -0.3052373405619494551, 10.38273178921775219, -2.683541953636490174 ) ) ;
#650 = CARTESIAN_POINT ( 'NONE',  ( 19.09653955668780867, 4.237426952879356890, 4.389999007942277487 ) ) ;
#651 = CARTESIAN_POINT ( 'NONE',  ( 0.8434159558358710340, 9.667477903277536200, -3.416592842708450206 ) ) ;
#652 = EDGE_LOOP ( 'NONE', ( #2541, #47, #3568, #3809 ) ) ;
#653 = DIRECTION ( 'NONE',  ( -0.4999999999999979461, 0.000000000000000000, 0.8660254037844397068 ) ) ;
#654 = CARTESIAN_POINT ( 'NONE',  ( 1.149999999999988809, 9.779922256159210292, -2.451548669649809220 ) ) ;
#655 = CARTESIAN_POINT ( 'NONE',  ( -0.02103438429651748737, 11.10240354189860845, -0.06902729019478696937 ) ) ;
#656 = AXIS2_PLACEMENT_3D ( 'NONE', #2159, #834, #2432 ) ;
#657 = LINE ( 'NONE', #1973, #1491 ) ;
#658 = DIRECTION ( 'NONE',  ( 0.000000000000000000, 0.000000000000000000, -1.000000000000000000 ) ) ;
#659 = AXIS2_PLACEMENT_3D ( 'NONE', #3729, #1165, #2207 ) ;
#660 = CARTESIAN_POINT ( 'NONE',  ( -0.03556681636536429547, 11.09081825635287721, 0.4003738876030507043 ) ) ;
#661 = LINE ( 'NONE', #988, #3914 ) ;
#662 = CARTESIAN_POINT ( 'NONE',  ( 1.353036459042945561, 10.39793925789252071, -0.6808555274430916349 ) ) ;
#663 = CARTESIAN_POINT ( 'NONE',  ( 0.8517460800012051081, 9.837407595012560790, -3.209185975807108182 ) ) ;
#664 = VECTOR ( 'NONE', #330, 1000.000000000000000 ) ;
#665 = CARTESIAN_POINT ( 'NONE',  ( -0.1358619622347377598, 10.29122083137847277, 2.673302860460192498 ) ) ;
#666 = VECTOR ( 'NONE', #1877, 1000.000000000000000 ) ;
#667 = VERTEX_POINT ( 'NONE', #640 ) ;
#668 = ORIENTED_EDGE ( 'NONE', *, *, #3424, .T. ) ;
#669 = CARTESIAN_POINT ( 'NONE',  ( 0.6419120636049419071, 9.182923913779720948, 3.849579099281744021 ) ) ;
#670 = CIRCLE ( 'NONE', #734, 0.3999999999999999112 ) ;
#671 = EDGE_CURVE ( 'NONE', #4198, #706, #3591, .T. ) ;
#672 = CARTESIAN_POINT ( 'NONE',  ( 2.076278242395389384, 6.483901648240520288, -4.390000000000002345 ) ) ;
#673 = ORIENTED_EDGE ( 'NONE', *, *, #556, .F. ) ;
#674 = CARTESIAN_POINT ( 'NONE',  ( 0.006771447202879561124, 10.08292961411852851, -3.010628928445339803 ) ) ;
#675 = EDGE_CURVE ( 'NONE', #4169, #4005, #318, .T. ) ;
#676 = CARTESIAN_POINT ( 'NONE',  ( 0.8003910759056871438, 9.575782939019831019, -3.519325219003472061 ) ) ;
#677 = CARTESIAN_POINT ( 'NONE',  ( 0.7795099027733125574, 9.918483645212367250, -3.092195698784957703 ) ) ;
#678 = ORIENTED_EDGE ( 'NONE', *, *, #3891, .T. ) ;
#679 = FACE_OUTER_BOUND ( 'NONE', #4015, .T. ) ;
#680 = CARTESIAN_POINT ( 'NONE',  ( -4.834999999999999964, -6.261999999999995126, -1.734723475976807094E-15 ) ) ;
#681 = CARTESIAN_POINT ( 'NONE',  ( 0.003562805397877791096, 9.837795624007300788, -3.254392380061009504 ) ) ;
#682 = DIRECTION ( 'NONE',  ( -1.000000000000000000, -0.000000000000000000, -0.000000000000000000 ) ) ;
#683 = CARTESIAN_POINT ( 'NONE',  ( 1.193275425724170669, 10.44861481104116763, 0.4894593599058608691 ) ) ;
#684 = CARTESIAN_POINT ( 'NONE',  ( -0.2544593088131161251, 9.495564135125000860, 0.4612870964811395247 ) ) ;
#685 = CARTESIAN_POINT ( 'NONE',  ( 1.270915782905848168, 10.37097323979139318, -1.021306675894283256 ) ) ;
#686 = PLANE ( 'NONE',  #1492 ) ;
#687 = CARTESIAN_POINT ( 'NONE',  ( -0.01116160245103886041, 9.847606694415413031, 3.243592435366634330 ) ) ;
#688 = VERTEX_POINT ( 'NONE', #3318 ) ;
#689 = ORIENTED_EDGE ( 'NONE', *, *, #1409, .F. ) ;
#690 = CARTESIAN_POINT ( 'NONE',  ( 1.095441141194731571, 10.05530764128511834, -2.683501482605361144 ) ) ;
#691 = CARTESIAN_POINT ( 'NONE',  ( 0.7795099027721361651, 9.918483645212399225, -3.092195698785093150 ) ) ;
#692 = B_SPLINE_CURVE_WITH_KNOTS ( 'NONE', 3,
 ( #177, #2118, #1502, #3740 ),
 .UNSPECIFIED., .F., .F.,
 ( 4, 4 ),
 ( 0.000000000000000000, 0.0001200024071295877542 ),
 .UNSPECIFIED. ) ;
#693 = CARTESIAN_POINT ( 'NONE',  ( -0.08867513459481161930, 6.261999999999995126, -3.006671916513725129E-15 ) ) ;
#694 = ORIENTED_EDGE ( 'NONE', *, *, #2626, .T. ) ;
#695 = EDGE_CURVE ( 'NONE', #1662, #4061, #1379, .T. ) ;
#696 = B_SPLINE_CURVE_WITH_KNOTS ( 'NONE', 3,
 ( #985, #303, #3253, #2919, #1602, #1265, #2936, #1928, #2873, #4207, #1670, #3867, #3207, #2597, #2617, #2281, #1005, #1330 ),
 .UNSPECIFIED., .F., .F.,
 ( 4, 2, 2, 2, 2, 2, 2, 2, 4 ),
 ( 1.190696869295186084E-16, 0.0003333374091513389590, 0.0005000061137269465848, 0.0005833404660147524035, 0.0006250076421586552586, 0.0006458412302306087462, 0.0006562580242665857610, 0.0006614664212845747021, 0.0006666748183025636432 ),
 .UNSPECIFIED. ) ;
#697 = CARTESIAN_POINT ( 'NONE',  ( 1.149999999999999911, 10.80738130939286812, -2.963721592361573620 ) ) ;
#698 = DIRECTION ( 'NONE',  ( -0.000000000000000000, 2.770238703252648603E-16, 1.000000000000000000 ) ) ;
#699 = CARTESIAN_POINT ( 'NONE',  ( 7.806255641895631925E-15, 6.723284805128920461, -4.303836929017067270 ) ) ;
#700 = EDGE_CURVE ( 'NONE', #2151, #2929, #2979, .T. ) ;
#701 = CARTESIAN_POINT ( 'NONE',  ( 0.1028318926031811242, 11.04181446454886562, 0.4894243944092142029 ) ) ;
#702 = FACE_OUTER_BOUND ( 'NONE', #1574, .T. ) ;
#703 = CARTESIAN_POINT ( 'NONE',  ( 0.3715045969476833410, 10.94729372556954772, -0.2269548147327184739 ) ) ;
#704 = DIRECTION ( 'NONE',  ( 1.000000000000000000, 0.000000000000000000, 0.000000000000000000 ) ) ;
#705 = CARTESIAN_POINT ( 'NONE',  ( 0.002653284033849589475, 10.88785451385329139, -1.454603126697878279 ) ) ;
#706 = VERTEX_POINT ( 'NONE', #3954 ) ;
#707 = CARTESIAN_POINT ( 'NONE',  ( -0.04009864505223353220, 8.996193734010757836, -1.699992919979002481 ) ) ;
#708 = CARTESIAN_POINT ( 'NONE',  ( 4.549999999999999822, 2.237426279435001941, 0.000000000000000000 ) ) ;
#709 = VERTEX_POINT ( 'NONE', #2677 ) ;
#710 = CARTESIAN_POINT ( 'NONE',  ( 0.5918305877260263692, 10.00843929206241079, -3.010612660434462295 ) ) ;
#711 = CARTESIAN_POINT ( 'NONE',  ( 0.5422204507466931167, 9.825932690433059946, -3.269944206307355383 ) ) ;
#712 = CARTESIAN_POINT ( 'NONE',  ( 1.043038647763941729, 9.949863057536132871, -2.856760240125515882 ) ) ;
#713 = ORIENTED_EDGE ( 'NONE', *, *, #1143, .T. ) ;
#714 = CARTESIAN_POINT ( 'NONE',  ( 4.549999999999999822, -6.261999999999995126, -3.635000000000025544 ) ) ;
#715 = CARTESIAN_POINT ( 'NONE',  ( -0.3999999999999999667, -6.261999999999995126, 0.000000000000000000 ) ) ;
#716 = B_SPLINE_CURVE_WITH_KNOTS ( 'NONE', 3,
 ( #2309, #304, #1628, #1311 ),
 .UNSPECIFIED., .F., .F.,
 ( 4, 4 ),
 ( 8.697977720075076879E-18, 0.0004127872095431004448 ),
 .UNSPECIFIED. ) ;
#717 = EDGE_CURVE ( 'NONE', #3852, #992, #670, .T. ) ;
#718 = CARTESIAN_POINT ( 'NONE',  ( 1.393891603460246875, 10.41096922017492687, 0.4894650619166632244 ) ) ;
#719 = DIRECTION ( 'NONE',  ( -0.4999999999999979461, 0.000000000000000000, 0.8660254037844397068 ) ) ;
#720 = CARTESIAN_POINT ( 'NONE',  ( -0.03076854961182658513, 11.09451494675155558, -0.3404500774600719426 ) ) ;
#721 = EDGE_CURVE ( 'NONE', #3451, #4198, #4078, .T. ) ;
#722 = CARTESIAN_POINT ( 'NONE',  ( 1.150000000000000133, 9.799742534991224829, -2.458081217902186921 ) ) ;
#723 = CARTESIAN_POINT ( 'NONE',  ( -0.3294417746886030285, 11.08573025847583615, -0.07751312834463472412 ) ) ;
#724 = CARTESIAN_POINT ( 'NONE',  ( 0.9967072769525707754, 9.970027085156246471, 2.810428869314157030 ) ) ;
#725 = AXIS2_PLACEMENT_3D ( 'NONE', #3447, #526, #3405 ) ;
#726 = CARTESIAN_POINT ( 'NONE',  ( 0.1743321415898879956, 9.793474194543390965, -3.302418247155674891 ) ) ;
#727 =( BOUNDED_SURFACE ( )  B_SPLINE_SURFACE ( 3, 2, ( 
 ( #1989, #3882, #651 ),
 ( #3592, #3, #1326 ),
 ( #3902, #2612, #1000 ),
 ( #677, #3267, #346 ) ),
 .UNSPECIFIED., .F., .F., .F. ) 
 B_SPLINE_SURFACE_WITH_KNOTS ( ( 4, 4 ),
 ( 3, 3 ),
 ( 0.000000000000000000, 0.0002901637399068658315 ),
 ( 0.000000000000000000, 0.1596240176067267869 ),
 .UNSPECIFIED. ) 
 GEOMETRIC_REPRESENTATION_ITEM ( )  RATIONAL_B_SPLINE_SURFACE ( (
 ( 1.000000000000000000, 0.9532472076831592922, 0.9214201524542127153),
 ( 1.000000000000000000, 0.9547035301157277276, 0.9238678692441146811),
 ( 1.000000000000000000, 0.9560629309785523278, 0.9261526849152397212),
 ( 1.000000000000000000, 0.9573366489447081573, 0.9282934888894400771) ) ) 
 REPRESENTATION_ITEM ( '' )  SURFACE ( )  );
#728 = DIRECTION ( 'NONE',  ( 0.000000000000000000, -1.000000000000000000, 6.979321234754921283E-17 ) ) ;
#729 = AXIS2_PLACEMENT_3D ( 'NONE', #104, #1451, #492 ) ;
#730 = AXIS2_PLACEMENT_3D ( 'NONE', #4107, #3178, #2213 ) ;
#731 = FACE_OUTER_BOUND ( 'NONE', #1701, .T. ) ;
#732 = ORIENTED_EDGE ( 'NONE', *, *, #4084, .T. ) ;
#733 = VECTOR ( 'NONE', #1337, 1000.000000000000000 ) ;
#734 = AXIS2_PLACEMENT_3D ( 'NONE', #1037, #3971, #3017 ) ;
#735 = CARTESIAN_POINT ( 'NONE',  ( 0.1232061938000338780, 10.30335194982122538, -2.683529786607410816 ) ) ;
#736 = VECTOR ( 'NONE', #3128, 1000.000000000000000 ) ;
#737 = CARTESIAN_POINT ( 'NONE',  ( 1.380665286101127043, 9.204448013746000967, -3.826838776536524378 ) ) ;
#738 = CARTESIAN_POINT ( 'NONE',  ( 1.150000000000004130, -8.429429770794781618, -3.696413545766981112 ) ) ;
#739 = EDGE_LOOP ( 'NONE', ( #929, #2625, #857, #1591, #3523, #3215 ) ) ;
#740 = EDGE_CURVE ( 'NONE', #4008, #425, #1761, .T. ) ;
#741 = CARTESIAN_POINT ( 'NONE',  ( 0.9170022044145388351, 10.46921243051659189, 1.302356988678144978 ) ) ;
#742 = ORIENTED_EDGE ( 'NONE', *, *, #2511, .F. ) ;
#743 = CARTESIAN_POINT ( 'NONE',  ( -0.05537835050811767273, 11.02214033901495327, 1.112500228821206916 ) ) ;
#744 = PLANE ( 'NONE',  #1481 ) ;
#745 = CARTESIAN_POINT ( 'NONE',  ( -0.02463628775512554520, 11.09304368466833957, -0.3404498998890579387 ) ) ;
#746 = DIRECTION ( 'NONE',  ( 0.000000000000000000, 0.000000000000000000, 1.000000000000000000 ) ) ;
#747 = CARTESIAN_POINT ( 'NONE',  ( -0.3417204692669542077, 11.05701810865789447, 0.5233641607874470747 ) ) ;
#748 = CARTESIAN_POINT ( 'NONE',  ( 0.06145829006703684705, 9.831254262048972237, 3.261213401769348152 ) ) ;
#749 = CARTESIAN_POINT ( 'NONE',  ( 0.7500000000016953106, 9.675286536591501729, -3.424426962153400478 ) ) ;
#750 = EDGE_CURVE ( 'NONE', #4198, #1047, #2768, .T. ) ;
#751 = B_SPLINE_CURVE_WITH_KNOTS ( 'NONE', 3,
 ( #4041, #552, #1871, #185 ),
 .UNSPECIFIED., .F., .F.,
 ( 4, 4 ),
 ( 0.000000000000000000, 1.000000000000000000 ),
 .UNSPECIFIED. ) ;
#752 = LINE ( 'NONE', #1117, #2235 ) ;
#753 = B_SPLINE_CURVE_WITH_KNOTS ( 'NONE', 3,
 ( #3909, #32, #3952, #2134, #2736, #1520, #521, #1194, #1155, #4091, #3136, #150, #2802, #3375, #3739, #1858, #1771, #174, #3117, #1176, #129, #3417, #495, #3439, #4069, #3056, #825, #2467, #1110, #1837, #3398, #457, #3693, #1812, #4030, #1129, #1500, #1454, #1790, #2781, #2091, #195 ),
 .UNSPECIFIED., .F., .F.,
 ( 4, 2, 2, 2, 2, 2, 2, 2, 2, 2, 2, 2, 2, 2, 2, 2, 2, 2, 2, 2, 4 ),
 ( 0.000000000000000000, 5.683614195807611553E-05, 0.0001136722839161522311, 0.0002273445678323035134, 0.0004546891356646050211, 0.0009093782713292070065, 0.001818756542658413796, 0.002728134813987621345, 0.003182823949652225336, 0.003637513085316829761, 0.004092202220981433318, 0.004546891356646038176, 0.005001580492310642168, 0.005456269627975246159, 0.005910958763639850150, 0.006365647899304454141, 0.006820337034969058132, 0.007047681602801360128, 0.007161353886717513294, 0.007218190028675589009, 0.007275026170633665593 ),
 .UNSPECIFIED. ) ;
#754 = CARTESIAN_POINT ( 'NONE',  ( 0.1552913234321636748, 9.842506375393861973, 3.247340875449361786 ) ) ;
#755 = ORIENTED_EDGE ( 'NONE', *, *, #2267, .T. ) ;
#756 = CARTESIAN_POINT ( 'NONE',  ( 0.3665066601660424972, 10.39702199106108260, -2.356425986528152716 ) ) ;
#757 = CARTESIAN_POINT ( 'NONE',  ( 0.6287922521184565738, 9.190899197850173508, -3.842495700799031688 ) ) ;
#758 = CARTESIAN_POINT ( 'NONE',  ( 0.000000000000000000, 7.138186771130077268, -3.889999834757501773 ) ) ;
#759 = ORIENTED_EDGE ( 'NONE', *, *, #3216, .F. ) ;
#760 = CARTESIAN_POINT ( 'NONE',  ( 1.150000000000528155, 10.14899749065099677, 0.9925997949294103062 ) ) ;
#761 = EDGE_LOOP ( 'NONE', ( #3788, #1347, #1619, #3240 ) ) ;
#762 = CARTESIAN_POINT ( 'NONE',  ( 0.07737319317863058932, 10.79370585939347649, 1.735585909061339693 ) ) ;
#763 = CARTESIAN_POINT ( 'NONE',  ( -0.2431833532001162479, 9.495564135125006189, 0.2236869468916768966 ) ) ;
#764 = CARTESIAN_POINT ( 'NONE',  ( -0.03150837178160906943, 11.06651498603028294, -0.6808990584094323228 ) ) ;
#765 = DIRECTION ( 'NONE',  ( 1.000000000000000000, 0.000000000000000000, 0.000000000000000000 ) ) ;
#766 = CARTESIAN_POINT ( 'NONE',  ( 0.2046130033096084100, 11.12056175401017910, 0.1506295111229178085 ) ) ;
#767 = DIRECTION ( 'NONE',  ( -1.000000000000000000, -0.000000000000000000, -0.000000000000000000 ) ) ;
#768 = ORIENTED_EDGE ( 'NONE', *, *, #2655, .T. ) ;
#769 = LINE ( 'NONE', #59, #3247 ) ;
#770 = LINE ( 'NONE', #2376, #2840 ) ;
#771 = EDGE_CURVE ( 'NONE', #1554, #2419, #1106, .T. ) ;
#772 = ORIENTED_EDGE ( 'NONE', *, *, #422, .T. ) ;
#773 = CARTESIAN_POINT ( 'NONE',  ( -0.1541786286866611566, 10.55745637648538704, -2.356441426957500251 ) ) ;
#774 = CARTESIAN_POINT ( 'NONE',  ( 0.7531130598976027990, 9.179310448705535919, -3.855704358392334719 ) ) ;
#775 = LINE ( 'NONE', #3391, #2368 ) ;
#776 = ADVANCED_FACE ( 'NONE', ( #3660 ), #686, .F. ) ;
#777 = ORIENTED_EDGE ( 'NONE', *, *, #3272, .F. ) ;
#778 = CARTESIAN_POINT ( 'NONE',  ( 0.8802784305159474521, 10.02683352664777594, -2.827640801008784344 ) ) ;
#779 = ORIENTED_EDGE ( 'NONE', *, *, #644, .T. ) ;
#780 = CARTESIAN_POINT ( 'NONE',  ( 1.037992176392551258, 10.35212498362056621, 1.735615883688788497 ) ) ;
#781 = FACE_OUTER_BOUND ( 'NONE', #2629, .T. ) ;
#782 = CARTESIAN_POINT ( 'NONE',  ( 0.6053319005146831078, 10.76411433594037526, -0.3404298405070538269 ) ) ;
#783 = CARTESIAN_POINT ( 'NONE',  ( 0.000000000000000000, -6.310594756596053401, 0.8886713586976221491 ) ) ;
#784 = CARTESIAN_POINT ( 'NONE',  ( 0.2537402578233640127, 10.60119202454360199, -1.930166842448605369 ) ) ;
#785 = CARTESIAN_POINT ( 'NONE',  ( 4.549999999999999822, -6.261999999999995126, 0.000000000000000000 ) ) ;
#786 = ORIENTED_EDGE ( 'NONE', *, *, #1651, .T. ) ;
#787 = CARTESIAN_POINT ( 'NONE',  ( 1.098325521954076844, 9.154853105484550113, 3.871834528737383430 ) ) ;
#788 = ADVANCED_FACE ( 'NONE', ( #3257 ), #2468, .F. ) ;
#789 = CIRCLE ( 'NONE', #725, 3.612924715517886298 ) ;
#790 = DIRECTION ( 'NONE',  ( 0.000000000000000000, -1.000000000000000000, 2.770238703252648603E-16 ) ) ;
#791 = VERTEX_POINT ( 'NONE', #2427 ) ;
#793 = CIRCLE ( 'NONE', #1826, 3.612924715517886298 ) ;
#792 = CARTESIAN_POINT ( 'NONE',  ( 0.08229539370718791380, 9.807757534555486600, 3.287077229407780354 ) ) ;
#794 = CIRCLE ( 'NONE', #3851, 4.834999999999999964 ) ;
#795 = CARTESIAN_POINT ( 'NONE',  ( -0.2208118250918083003, 10.57558740818297949, -2.356443378366027019 ) ) ;
#796 = CARTESIAN_POINT ( 'NONE',  ( 0.8655108184504713975, 9.924496993250521371, -3.064855895889778026 ) ) ;
#797 = DIRECTION ( 'NONE',  ( 0.000000000000000000, -1.000000000000000000, 0.000000000000000000 ) ) ;
#798 = VECTOR ( 'NONE', #2012, 1000.000000000000000 ) ;
#799 = CIRCLE ( 'NONE', #3448, 4.562587242331110460 ) ;
#800 = VERTEX_POINT ( 'NONE', #850 ) ;
#801 = EDGE_CURVE ( 'NONE', #4172, #484, #3104, .T. ) ;
#802 = B_SPLINE_CURVE_WITH_KNOTS ( 'NONE', 3,
 ( #3884, #1372, #2657, #2614, #3949, #1048, #2343 ),
 .UNSPECIFIED., .F., .F.,
 ( 4, 3, 4 ),
 ( 0.000000000000000000, 0.0002211510510013391085, 0.0004423021020026785964 ),
 .UNSPECIFIED. ) ;
#803 = CARTESIAN_POINT ( 'NONE',  ( 0.000000000000000000, -6.501699938946930324, -4.383450151307964227 ) ) ;
#804 = CIRCLE ( 'NONE', #871, 0.3999999999999995226 ) ;
#805 = VERTEX_POINT ( 'NONE', #3038 ) ;
#806 = CARTESIAN_POINT ( 'NONE',  ( 0.9950615441278616302, 10.24086355402507920, 2.269649372070752236 ) ) ;
#807 = DIRECTION ( 'NONE',  ( -1.000000000000000000, -0.000000000000000000, -0.000000000000000000 ) ) ;
#808 = CARTESIAN_POINT ( 'NONE',  ( 0.7202787568070770918, 9.154474279105972556, 3.874384652246714911 ) ) ;
#809 = DIRECTION ( 'NONE',  ( 0.000000000000000000, 0.000000000000000000, -1.000000000000000000 ) ) ;
#810 = PLANE ( 'NONE',  #3918 ) ;
#811 = CARTESIAN_POINT ( 'NONE',  ( 0.02186803990490886543, 9.821524706496225221, -3.272210410542771175 ) ) ;
#812 = CARTESIAN_POINT ( 'NONE',  ( 0.6082059752762811744, 10.77160317373308729, 0.1333887014809432836 ) ) ;
#813 = CARTESIAN_POINT ( 'NONE',  ( 1.821278407638428076, 4.237426279435010379, -3.635000000000002007 ) ) ;
#814 = CARTESIAN_POINT ( 'NONE',  ( 1.149999999999999245, 9.598714885564742616, 2.950349053850787051 ) ) ;
#815 = FACE_OUTER_BOUND ( 'NONE', #2750, .T. ) ;
#816 = ORIENTED_EDGE ( 'NONE', *, *, #1669, .T. ) ;
#817 = LINE ( 'NONE', #162, #2496 ) ;
#818 = CARTESIAN_POINT ( 'NONE',  ( 1.290868058895919157, 10.32969933285765940, -1.248271876929236024 ) ) ;
#819 = CARTESIAN_POINT ( 'NONE',  ( 2.076278242393569506, 6.450940218077473531, -4.390000000000004121 ) ) ;
#820 = ORIENTED_EDGE ( 'NONE', *, *, #695, .F. ) ;
#821 = CARTESIAN_POINT ( 'NONE',  ( 2.076278242394820062, 4.237426279435004162, 3.889999834756405761 ) ) ;
#822 = ORIENTED_EDGE ( 'NONE', *, *, #3080, .F. ) ;
#823 = EDGE_CURVE ( 'NONE', #3579, #2499, #2698, .T. ) ;
#824 = CARTESIAN_POINT ( 'NONE',  ( 1.096299701640312652, 10.19733239668860669, 2.269652500316930777 ) ) ;
#825 = CARTESIAN_POINT ( 'NONE',  ( -0.3237430114117232360, 10.80960854949404037, -1.616848501325339527 ) ) ;
#826 = CARTESIAN_POINT ( 'NONE',  ( 1.370849143427670613, 10.44416939930199995, -0.06898367044293983452 ) ) ;
#827 = PRODUCT_DEFINITION_CONTEXT ( 'detailed design', #4086, 'design' ) ;
#828 = CARTESIAN_POINT ( 'NONE',  ( 1.927163370215200011, 9.294795513771344275, -3.723808516975311012 ) ) ;
#829 = DIRECTION ( 'NONE',  ( 0.000000000000000000, -1.000000000000000000, 2.256822472892943259E-15 ) ) ;
#830 = CARTESIAN_POINT ( 'NONE',  ( 0.3934789659017070007, 10.84701330880983683, 0.7788030658082670810 ) ) ;
#831 = ADVANCED_FACE ( 'NONE', ( #2387 ), #3418, .T. ) ;
#832 = CARTESIAN_POINT ( 'NONE',  ( 0.000000000000000000, -6.261999999999995126, 0.000000000000000000 ) ) ;
#833 = CARTESIAN_POINT ( 'NONE',  ( 1.199173911615731170, 10.46387934305029077, 0.1334075104126388189 ) ) ;
#834 = DIRECTION ( 'NONE',  ( -1.000000000000000000, 0.000000000000000000, 0.000000000000000000 ) ) ;
#835 = FACE_OUTER_BOUND ( 'NONE', #739, .T. ) ;
#836 = CARTESIAN_POINT ( 'NONE',  ( 0.8872000928269379028, 10.07826904429518500, 2.698493215951363933 ) ) ;
#837 = ORIENTED_EDGE ( 'NONE', *, *, #130, .F. ) ;
#838 = DIRECTION ( 'NONE',  ( -0.000000000000000000, 1.000000000000000000, -3.462798379065810754E-17 ) ) ;
#839 = CARTESIAN_POINT ( 'NONE',  ( 1.224901980405378454, 10.25161445681900041, -1.802337288023445616 ) ) ;
#840 = FACE_OUTER_BOUND ( 'NONE', #1493, .T. ) ;
#841 = ORIENTED_EDGE ( 'NONE', *, *, #2062, .F. ) ;
#842 = CARTESIAN_POINT ( 'NONE',  ( 4.549999999999999822, -6.261999999999995126, 0.000000000000000000 ) ) ;
#843 = B_SPLINE_CURVE_WITH_KNOTS ( 'NONE', 3,
 ( #1545, #599, #3872, #970, #901, #3141, #2268, #3557 ),
 .UNSPECIFIED., .F., .F.,
 ( 4, 2, 2, 4 ),
 ( -1.065491974458309482E-05, 4.851975555457195175E-05, 0.0001076944308537270068, 0.0002260437814520367781 ),
 .UNSPECIFIED. ) ;
#844 = EDGE_CURVE ( 'NONE', #3732, #160, #3379, .T. ) ;
#845 = CARTESIAN_POINT ( 'NONE',  ( 0.8990275378201866285, 10.36325156732621267, -1.841510388440618096 ) ) ;
#846 = ORIENTED_EDGE ( 'NONE', *, *, #3537, .T. ) ;
#847 = CARTESIAN_POINT ( 'NONE',  ( 0.006506961722353432620, 10.61001753582275242, 2.269619397443301878 ) ) ;
#848 = CARTESIAN_POINT ( 'NONE',  ( 0.1880787196920822302, 9.847148611283641273, -3.241273275433127488 ) ) ;
#849 = CARTESIAN_POINT ( 'NONE',  ( 1.183355428906866846, 10.46927457397612216, -0.06898889645485073441 ) ) ;
#850 = CARTESIAN_POINT ( 'NONE',  ( -0.3999999999999999667, -6.261999999999995126, 3.612924715517886298 ) ) ;
#851 = CARTESIAN_POINT ( 'NONE',  ( -0.001998753441063090813, 10.03367795014893638, -3.026605694948422798 ) ) ;
#852 = CARTESIAN_POINT ( 'NONE',  ( 0.3535429549824092854, 10.82758339394960778, 0.9968430567133450548 ) ) ;
#853 = CARTESIAN_POINT ( 'NONE',  ( -0.08867513459481161930, -6.261999999999995126, 0.000000000000000000 ) ) ;
#854 = DIRECTION ( 'NONE',  ( -1.850138853233208063E-12, -0.7014426953267329790, 0.7127258555523069417 ) ) ;
#855 = EDGE_CURVE ( 'NONE', #2947, #3974, #692, .T. ) ;
#856 = CARTESIAN_POINT ( 'NONE',  ( 1.150000000000000355, 9.587448270245005233, 2.970579473876885590 ) ) ;
#857 = ORIENTED_EDGE ( 'NONE', *, *, #1245, .T. ) ;
#858 = ORIENTED_EDGE ( 'NONE', *, *, #3122, .T. ) ;
#859 = CARTESIAN_POINT ( 'NONE',  ( 1.149999999999977485, -6.501639399227208571, 4.383453460986406647 ) ) ;
#860 = CARTESIAN_POINT ( 'NONE',  ( 0.6739463598474629835, 10.68972574012909327, -0.6808765090543128506 ) ) ;
#861 = AXIS2_PLACEMENT_3D ( 'NONE', #3556, #2537, #3211 ) ;
#862 = CARTESIAN_POINT ( 'NONE',  ( 1.149999999999999911, 8.366656580767928730, -2.963721592361579837 ) ) ;
#863 = VERTEX_POINT ( 'NONE', #110 ) ;
#864 = AXIS2_PLACEMENT_3D ( 'NONE', #2915, #539, #3463 ) ;
#865 = CARTESIAN_POINT ( 'NONE',  ( 1.149999999999999911, 6.261999999999996014, 3.635000000000001119 ) ) ;
#866 = VECTOR ( 'NONE', #1684, 1000.000000000000000 ) ;
#867 = DIRECTION ( 'NONE',  ( -1.000000000000000000, -0.000000000000000000, -0.000000000000000000 ) ) ;
#868 = AXIS2_PLACEMENT_3D ( 'NONE', #2632, #979, #1279 ) ;
#869 = ORIENTED_EDGE ( 'NONE', *, *, #1638, .F. ) ;
#870 = EDGE_CURVE ( 'NONE', #709, #611, #3400, .T. ) ;
#871 = AXIS2_PLACEMENT_3D ( 'NONE', #2504, #1594, #4104 ) ;
#873 = AXIS2_PLACEMENT_3D ( 'NONE', #3681, #1364, #1720 ) ;
#872 = CARTESIAN_POINT ( 'NONE',  ( -0.1058756718796850377, 10.31869221343685439, 2.803652885825267393 ) ) ;
#874 = CARTESIAN_POINT ( 'NONE',  ( 0.6564973635804266516, 9.908634839811300665, -3.130693357811011879 ) ) ;
#875 = CARTESIAN_POINT ( 'NONE',  ( 0.9289694297158654912, 10.54206769289578638, -0.06899638289833374960 ) ) ;
#876 = FACE_OUTER_BOUND ( 'NONE', #2026, .T. ) ;
#877 = CARTESIAN_POINT ( 'NONE',  ( 1.150000000000000133, 9.597986965997957753, -2.950596589938944803 ) ) ;
#878 = CARTESIAN_POINT ( 'NONE',  ( 1.182550540296597230, 10.46720376608445591, 0.1334070358388753097 ) ) ;
#879 = LINE ( 'NONE', #3081, #1613 ) ;
#880 = CARTESIAN_POINT ( 'NONE',  ( 0.2899030989529391422, 9.861379801051258553, -3.221607947432359342 ) ) ;
#881 = CARTESIAN_POINT ( 'NONE',  ( 1.149999999999999911, 9.575537965340759072, 2.990337453384992461 ) ) ;
#882 = PRODUCT_CONTEXT ( 'NONE', #447, 'mechanical' ) ;
#883 = EDGE_LOOP ( 'NONE', ( #2475, #2585, #21, #402 ) ) ;
#884 = ORIENTED_EDGE ( 'NONE', *, *, #3839, .T. ) ;
#885 = EDGE_CURVE ( 'NONE', #3451, #706, #1059, .T. ) ;
#886 = CARTESIAN_POINT ( 'NONE',  ( 1.731219741903115228, 13.85759293649993396, -7.620383746402490388 ) ) ;
#887 = CARTESIAN_POINT ( 'NONE',  ( 0.5657110665958199336, 10.66132019367790384, -1.248294486726425179 ) ) ;
#888 = CARTESIAN_POINT ( 'NONE',  ( 1.149999999999999911, -6.261999999999994237, 3.635000000000002007 ) ) ;
#889 = VERTEX_POINT ( 'NONE', #1437 ) ;
#890 = EDGE_CURVE ( 'NONE', #1256, #1418, #3312, .T. ) ;
#891 = CARTESIAN_POINT ( 'NONE',  ( 8.200000000000688516, 9.133432793153119178, 3.889999834756399544 ) ) ;
#892 = CARTESIAN_POINT ( 'NONE',  ( -0.4500000000000001221, 9.195564607126003764, -1.699992919979002481 ) ) ;
#893 = VERTEX_POINT ( 'NONE', #1414 ) ;
#894 = CARTESIAN_POINT ( 'NONE',  ( 1.248639217183284078, 9.181220838256001215, -3.847990707367927143 ) ) ;
#895 = CARTESIAN_POINT ( 'NONE',  ( 0.8181993287856529351, 10.04299301023359803, -2.847734949773030433 ) ) ;
#896 = CARTESIAN_POINT ( 'NONE',  ( 0.8521963264119689629, 9.762961999598656959, 3.318482338098479811 ) ) ;
#897 = CARTESIAN_POINT ( 'NONE',  ( 0.4551335841175155883, 10.84539616486149249, 0.5630661087706876344 ) ) ;
#898 = DIRECTION ( 'NONE',  ( 0.000000000000000000, 1.000000000000000000, -0.000000000000000000 ) ) ;
#899 = CARTESIAN_POINT ( 'NONE',  ( 1.294999904976544602, 10.43352687686154567, 0.4004158725661088880 ) ) ;
#900 = CARTESIAN_POINT ( 'NONE',  ( -1.883181166592885925, 7.696999999999993847, -1.600000000000002309 ) ) ;
#901 = CARTESIAN_POINT ( 'NONE',  ( 0.6645681027583427714, 9.141353735079599474, -3.884141483576477150 ) ) ;
#902 = DIRECTION ( 'NONE',  ( -0.4946712519871054314, -0.5591722389729766318, 0.6653020063245398408 ) ) ;
#903 = DIRECTION ( 'NONE',  ( 1.000000000000000000, 0.000000000000000000, 0.000000000000000000 ) ) ;
#904 = ORIENTED_EDGE ( 'NONE', *, *, #3496, .F. ) ;
#905 = VERTEX_POINT ( 'NONE', #2469 ) ;
#906 = B_SPLINE_CURVE_WITH_KNOTS ( 'NONE', 3,
 ( #1907, #681, #4161, #1950 ),
 .UNSPECIFIED., .F., .F.,
 ( 4, 4 ),
 ( 0.000000000000000000, 1.000000000000000000 ),
 .UNSPECIFIED. ) ;
#907 = CYLINDRICAL_SURFACE ( 'NONE', #659, 3.134999999999998010 ) ;
#908 = CARTESIAN_POINT ( 'NONE',  ( 0.6870468600229827638, 10.59612248065897688, -1.248290604314961749 ) ) ;
#909 = EDGE_CURVE ( 'NONE', #791, #517, #173, .T. ) ;
#910 = DIRECTION ( 'NONE',  ( -1.000000000000000000, -0.000000000000000000, -0.000000000000000000 ) ) ;
#911 = ORIENTED_EDGE ( 'NONE', *, *, #2088, .T. ) ;
#912 = CARTESIAN_POINT ( 'NONE',  ( 0.9211840070726902141, 9.789300974950380763, -3.337700000153429603 ) ) ;
#913 = CARTESIAN_POINT ( 'NONE',  ( 0.8480584741347787503, 10.13631184433666022, 2.607181597696258901 ) ) ;
#914 = ORIENTED_EDGE ( 'NONE', *, *, #3922, .F. ) ;
#915 = CARTESIAN_POINT ( 'NONE',  ( 1.084264096979163261, 9.794412077235840286, 3.337723277946350375 ) ) ;
#916 = CARTESIAN_POINT ( 'NONE',  ( 1.149999999997557421, 9.984340036556007547, -2.832469718392379487 ) ) ;
#917 = CARTESIAN_POINT ( 'NONE',  ( 0.3753003894756090641, 10.95714730876088971, -0.06901530073671933996 ) ) ;
#918 = DIRECTION ( 'NONE',  ( 1.000000000000000000, -0.000000000000000000, -0.000000000000000000 ) ) ;
#919 = CARTESIAN_POINT ( 'NONE',  ( 2.076278242395389384, 6.450940218077469979, 4.389999007942145148 ) ) ;
#920 = DIRECTION ( 'NONE',  ( 0.000000000000000000, 0.000000000000000000, -1.000000000000000000 ) ) ;
#921 = CARTESIAN_POINT ( 'NONE',  ( 1.397490315715082865, 10.42029234886423161, 0.4004187242840741567 ) ) ;
#922 = DIRECTION ( 'NONE',  ( 0.000000000000000000, 1.000000000000000000, -6.979321234754921283E-17 ) ) ;
#923 = CARTESIAN_POINT ( 'NONE',  ( 0.04226139751316877052, 9.830267176224960934, -3.262422125199636813 ) ) ;
#924 = CARTESIAN_POINT ( 'NONE',  ( -0.3575763967455941605, 10.97221952706046189, 1.041934553410927222 ) ) ;
#925 = EDGE_LOOP ( 'NONE', ( #2647, #82, #1777, #3736 ) ) ;
#926 = ORIENTED_EDGE ( 'NONE', *, *, #188, .T. ) ;
#927 = DIRECTION ( 'NONE',  ( -1.396592535537252080E-14, -3.605607883315340419E-15, -1.000000000000000000 ) ) ;
#928 = CARTESIAN_POINT ( 'NONE',  ( -0.3999999999999999667, -6.261999999999995126, 0.000000000000000000 ) ) ;
#929 = ORIENTED_EDGE ( 'NONE', *, *, #1200, .F. ) ;
#930 = CARTESIAN_POINT ( 'NONE',  ( 0.9393077825251862079, 9.789866556578239454, -3.337699525579665760 ) ) ;
#931 = CARTESIAN_POINT ( 'NONE',  ( -1.883181166592885925, 6.261999999999995126, -3.006671916513725129E-15 ) ) ;
#932 = CARTESIAN_POINT ( 'NONE',  ( 0.004984184678186356909, 9.850038101525784739, -3.240771813303457982 ) ) ;
#933 = VECTOR ( 'NONE', #2855, 1000.000000000000000 ) ;
#934 = ORIENTED_EDGE ( 'NONE', *, *, #740, .T. ) ;
#935 = B_SPLINE_CURVE_WITH_KNOTS ( 'NONE', 3,
 ( #4117, #2786, #4141, #2491 ),
 .UNSPECIFIED., .F., .F.,
 ( 4, 4 ),
 ( 0.003396386345839045272, 0.003717101701643181488 ),
 .UNSPECIFIED. ) ;
#936 = ADVANCED_FACE ( 'NONE', ( #3995 ), #131, .F. ) ;
#937 = CARTESIAN_POINT ( 'NONE',  ( 1.047966638653523130, 9.793290928137647455, 3.337722327373695119 ) ) ;
#938 = CARTESIAN_POINT ( 'NONE',  ( -2.353009269617465371, 9.793760243218557093, -1.600000000000002753 ) ) ;
#939 = VECTOR ( 'NONE', #67, 1000.000000000000000 ) ;
#940 = CIRCLE ( 'NONE', #3984, 3.134999999999998010 ) ;
#941 = CARTESIAN_POINT ( 'NONE',  ( 0.1767512686422563484, 11.05121477381874584, -0.06902152475471434734 ) ) ;
#942 = DIRECTION ( 'NONE',  ( 0.000000000000000000, 0.000000000000000000, -1.000000000000000000 ) ) ;
#943 = CARTESIAN_POINT ( 'NONE',  ( 2.076278242394476781, 6.723284805128920461, -4.303836929017067270 ) ) ;
#944 = AXIS2_PLACEMENT_3D ( 'NONE', #3305, #1346, #64 ) ;
#945 = AXIS2_PLACEMENT_3D ( 'NONE', #3057, #1475, #4054 ) ;
#946 = FILL_AREA_STYLE_COLOUR ( '', #4048 ) ;
#947 = CARTESIAN_POINT ( 'NONE',  ( -0.02191104555751867064, 11.10014665351051733, 0.1333686420989390886 ) ) ;
#948 = CARTESIAN_POINT ( 'NONE',  ( 2.763879395796304636E-05, 9.821544269566148344, 3.272213275564944457 ) ) ;
#949 = CIRCLE ( 'NONE', #1150, 3.584999999999996856 ) ;
#950 = CARTESIAN_POINT ( 'NONE',  ( 0.1546951841505774528, 9.842405385854984701, -3.247436120744144894 ) ) ;
#951 = CARTESIAN_POINT ( 'NONE',  ( 0.0005475529012338420896, 10.22219952045986169, 2.780122208616161661 ) ) ;
#952 = ORIENTED_EDGE ( 'NONE', *, *, #1675, .T. ) ;
#953 = ORIENTED_EDGE ( 'NONE', *, *, #1722, .T. ) ;
#954 = CARTESIAN_POINT ( 'NONE',  ( 0.7789678665170519656, 9.110818902380739104, 3.908094323945809467 ) ) ;
#955 = ADVANCED_FACE ( 'NONE', ( #152 ), #3353, .F. ) ;
#956 = CARTESIAN_POINT ( 'NONE',  ( -0.3424953156197574899, 9.271036801844712016, 1.699992919978998263 ) ) ;
#957 = EDGE_LOOP ( 'NONE', ( #1423, #1635, #3495, #347 ) ) ;
#958 = CARTESIAN_POINT ( 'NONE',  ( 0.007230128140896637835, 9.840609750736621919, 3.251243262899261577 ) ) ;
#959 = CARTESIAN_POINT ( 'NONE',  ( 1.149999999999999911, 10.80738130939286812, 2.963721592361586055 ) ) ;
#960 = CARTESIAN_POINT ( 'NONE',  ( -0.005534626657866833881, 9.885413327864631228, -3.201361744909255069 ) ) ;
#961 = ORIENTED_EDGE ( 'NONE', *, *, #4203, .F. ) ;
#962 = CARTESIAN_POINT ( 'NONE',  ( -0.3135601421128637600, 10.34421693236259365, 2.803647120385194480 ) ) ;
#963 = CARTESIAN_POINT ( 'NONE',  ( 0.000000000000000000, 6.792236765701320955, -4.241515662226313488 ) ) ;
#964 = B_SPLINE_CURVE_WITH_KNOTS ( 'NONE', 3,
 ( #4119, #2122, #4058, #1798, #545, #156 ),
 .UNSPECIFIED., .F., .F.,
 ( 4, 2, 4 ),
 ( 2.206911470742251840E-07, 0.0002429711852084218430, 0.0004857216792697694949 ),
 .UNSPECIFIED. ) ;
#965 = CARTESIAN_POINT ( 'NONE',  ( 7.806255641895631925E-15, 6.450940218077473531, -4.390000000000003233 ) ) ;
#966 = SURFACE_SIDE_STYLE ('',( #2244 ) ) ;
#967 = CARTESIAN_POINT ( 'NONE',  ( 1.367117761300026046, 10.43452179184127715, 0.2669150177811025482 ) ) ;
#968 = DIRECTION ( 'NONE',  ( 0.000000000000000000, 0.7014426953267329790, -0.7127258555523069417 ) ) ;
#969 = EDGE_CURVE ( 'NONE', #4099, #3259, #3655, .T. ) ;
#970 = CARTESIAN_POINT ( 'NONE',  ( 0.6835142700312663022, 9.144453512154466779, -3.881845627277339617 ) ) ;
#971 = CARTESIAN_POINT ( 'NONE',  ( -0.004428186238390951698, 9.936838078758452042, 3.142461567069651629 ) ) ;
#972 = ORIENTED_EDGE ( 'NONE', *, *, #2412, .T. ) ;
#973 = VERTEX_POINT ( 'NONE', #1157 ) ;
#974 = CARTESIAN_POINT ( 'NONE',  ( 0.7653885626728857972, 9.143022965643840649, 3.883082641674668434 ) ) ;
#975 = B_SPLINE_CURVE_WITH_KNOTS ( 'NONE', 3,
 ( #2298, #2025, #3222, #1046 ),
 .UNSPECIFIED., .F., .F.,
 ( 4, 4 ),
 ( 0.001953744898786553743, 0.002274128698006735137 ),
 .UNSPECIFIED. ) ;
#976 = CARTESIAN_POINT ( 'NONE',  ( 2.076278242395396489, 6.450940218077469979, 4.389999007942145148 ) ) ;
#977 = ORIENTED_EDGE ( 'NONE', *, *, #2366, .T. ) ;
#978 = CARTESIAN_POINT ( 'NONE',  ( 1.171910799778370205, 9.928162097695109267, -3.010596465227574736 ) ) ;
#979 = DIRECTION ( 'NONE',  ( 0.000000000000000000, -2.409349533243497832E-16, -1.000000000000000000 ) ) ;
#980 = DIRECTION ( 'NONE',  ( 0.8191520442889889120, 0.5735764363510501562, -1.344284772916069058E-14 ) ) ;
#981 = EDGE_LOOP ( 'NONE', ( #3020, #1727, #2325, #25, #1042 ) ) ;
#982 = LINE ( 'NONE', #2279, #1008 ) ;
#983 = CARTESIAN_POINT ( 'NONE',  ( 1.150000000000005240, 9.564931188861828915, -2.907453104219405837 ) ) ;
#984 = CARTESIAN_POINT ( 'NONE',  ( -0.01482362968003017589, 11.10113578312141769, -0.06902711262377300705 ) ) ;
#985 = CARTESIAN_POINT ( 'NONE',  ( 0.8113262338688189690, 9.671948018291168125, -3.421077547445828149 ) ) ;
#986 = CARTESIAN_POINT ( 'NONE',  ( 0.8112434680042397428, 9.671220104374052440, 3.421821053125769563 ) ) ;
#987 = CARTESIAN_POINT ( 'NONE',  ( 0.04744015441944360312, 11.08038796110165158, 0.2668734382232889613 ) ) ;
#988 = CARTESIAN_POINT ( 'NONE',  ( 19.09653955668780156, -8.429174827030847084, -3.696563034642340373 ) ) ;
#989 = CARTESIAN_POINT ( 'NONE',  ( 0.3952905085634667026, 10.80269180106075488, -1.021334297012986392 ) ) ;
#990 = CARTESIAN_POINT ( 'NONE',  ( 2.627879203956181353, 9.424587532478716057, -3.492978307924468950 ) ) ;
#991 = FACE_OUTER_BOUND ( 'NONE', #2148, .T. ) ;
#992 = VERTEX_POINT ( 'NONE', #2448 ) ;
#993 = ORIENTED_EDGE ( 'NONE', *, *, #1187, .T. ) ;
#994 = EDGE_CURVE ( 'NONE', #3329, #1065, #594, .T. ) ;
#995 = CARTESIAN_POINT ( 'NONE',  ( 0.7127445174714701626, 9.111284423025646007, 3.907734240273620152 ) ) ;
#996 = CARTESIAN_POINT ( 'NONE',  ( 0.8873514022117062749, 10.07740695501976980, -2.701072994573280095 ) ) ;
#997 = ORIENTED_EDGE ( 'NONE', *, *, #352, .F. ) ;
#998 = CARTESIAN_POINT ( 'NONE',  ( 0.4931980872265693261, 10.22095282753271128, -2.683519137924852416 ) ) ;
#999 = FACE_OUTER_BOUND ( 'NONE', #4028, .T. ) ;
#1000 = CARTESIAN_POINT ( 'NONE',  ( 0.8603579947722569399, 9.842037942638372172, -3.207510991238175624 ) ) ;
#1001 = VERTEX_POINT ( 'NONE', #1564 ) ;
#1002 = DIRECTION ( 'NONE',  ( 1.000000000000000000, 0.000000000000000000, 0.000000000000000000 ) ) ;
#1003 = LINE ( 'NONE', #680, #1753 ) ;
#1004 = VECTOR ( 'NONE', #3636, 1000.000000000000000 ) ;
#1005 = CARTESIAN_POINT ( 'NONE',  ( 0.7517615883801012089, 9.174861092449052791, -3.859075699710551977 ) ) ;
#1006 = EDGE_CURVE ( 'NONE', #1306, #3145, #2490, .T. ) ;
#1007 = CARTESIAN_POINT ( 'NONE',  ( 0.09546461046783952242, 9.268837395518673361, 1.699992919978997818 ) ) ;
#1008 = VECTOR ( 'NONE', #653, 1000.000000000000114 ) ;
#1010 = AXIS2_PLACEMENT_3D ( 'NONE', #1942, #1922, #296 ) ;
#1009 = CARTESIAN_POINT ( 'NONE',  ( 1.233019996972819721, 10.27294081591420394, 1.735621862227804568 ) ) ;
#1011 = CARTESIAN_POINT ( 'NONE',  ( -1.883181166592885258, 9.406858901112304494, 1.599992919978993733 ) ) ;
#1012 = CARTESIAN_POINT ( 'NONE',  ( 0.05561164582906103632, 10.91925228751145127, -1.248310643291376421 ) ) ;
#1013 = CARTESIAN_POINT ( 'NONE',  ( 1.452489028742295796, 9.480261048465580487, -3.454104573890010244 ) ) ;
#1014 = AXIS2_PLACEMENT_3D ( 'NONE', #2129, #469, #488 ) ;
#1015 = CARTESIAN_POINT ( 'NONE',  ( 0.02516793339717640979, 9.938869377392414606, 3.138372865131251466 ) ) ;
#1016 = CIRCLE ( 'NONE', #873, 4.562589725145139496 ) ;
#1017 = ORIENTED_EDGE ( 'NONE', *, *, #3733, .F. ) ;
#1018 = ORIENTED_EDGE ( 'NONE', *, *, #2051, .T. ) ;
#1019 = B_SPLINE_CURVE_WITH_KNOTS ( 'NONE', 3,
 ( #4076, #1888, #1546, #3746 ),
 .UNSPECIFIED., .F., .F.,
 ( 4, 4 ),
 ( 9.757819552369539906E-19, 0.0001851158307461090759 ),
 .UNSPECIFIED. ) ;
#1021 = CARTESIAN_POINT ( 'NONE',  ( 0.6269403323737189337, 9.119022693987249184, 3.901669004021977916 ) ) ;
#1020 = AXIS2_PLACEMENT_3D ( 'NONE', #3702, #790, #1443 ) ;
#1022 = AXIS2_PLACEMENT_3D ( 'NONE', #2737, #3758, #458 ) ;
#1023 = DIRECTION ( 'NONE',  ( 0.7071067811865463515, 0.7071067811865487940, 0.000000000000000000 ) ) ;
#1024 = EDGE_CURVE ( 'NONE', #2274, #190, #2533, .T. ) ;
#1025 = EDGE_LOOP ( 'NONE', ( #816, #1809, #147, #382 ) ) ;
#1026 = CARTESIAN_POINT ( 'NONE',  ( 1.046966957003583332, 10.06903945687214375, -2.683502907751779798 ) ) ;
#1027 = CARTESIAN_POINT ( 'NONE',  ( 0.8169627764084214094, 10.03901363000947100, -2.855548038015183643 ) ) ;
#1028 = CARTESIAN_POINT ( 'NONE',  ( -0.08867513459481161930, 6.261999999999995126, -3.135000000000000231 ) ) ;
#1029 = EDGE_CURVE ( 'NONE', #4214, #1497, #4113, .T. ) ;
#1030 = VERTEX_POINT ( 'NONE', #2488 ) ;
#1031 = CARTESIAN_POINT ( 'NONE',  ( 1.149999999999999911, 9.565103121087362936, 2.906621200600219446 ) ) ;
#1032 = CARTESIAN_POINT ( 'NONE',  ( 1.150000000000025224, 9.780206506680993783, 2.450996101431971663 ) ) ;
#1033 = CARTESIAN_POINT ( 'NONE',  ( 2.076278242394476781, 6.770527048257565461, -4.263574656796579099 ) ) ;
#1034 = CARTESIAN_POINT ( 'NONE',  ( 0.7161231857127366984, 10.67164403974986087, 0.4894444333856284857 ) ) ;
#1035 = CARTESIAN_POINT ( 'NONE',  ( -0.2917813783621541202, 9.495564135125006189, -0.9427107322993306671 ) ) ;
#1036 = CARTESIAN_POINT ( 'NONE',  ( 0.7184043025697298690, 10.67749264104383400, -0.3404259580955906750 ) ) ;
#1037 = CARTESIAN_POINT ( 'NONE',  ( 0.7500000000000169864, 9.392228360648491758, 3.141798117351240371 ) ) ;
#1038 = CARTESIAN_POINT ( 'NONE',  ( -0.1975908900202365259, 10.44341192324223222, -2.424113647024404905 ) ) ;
#1039 = ORIENTED_EDGE ( 'NONE', *, *, #2290, .F. ) ;
#1040 = CARTESIAN_POINT ( 'NONE',  ( -0.3999999999999999667, 6.261999999999995126, -3.135000000000000231 ) ) ;
#1041 = CARTESIAN_POINT ( 'NONE',  ( 2.076278242394468787, 6.792236765701320955, -4.241515662226313488 ) ) ;
#1042 = ORIENTED_EDGE ( 'NONE', *, *, #3135, .T. ) ;
#1043 = EDGE_CURVE ( 'NONE', #2170, #1272, #3842, .T. ) ;
#1044 = CARTESIAN_POINT ( 'NONE',  ( 0.4671515952610296174, 10.02587456179953662, -3.010616143185955274 ) ) ;
#1045 = FACE_OUTER_BOUND ( 'NONE', #643, .T. ) ;
#1046 = CARTESIAN_POINT ( 'NONE',  ( -0.1996470916111595106, 8.896055631914641992, -1.699992919979002481 ) ) ;
#1047 = VERTEX_POINT ( 'NONE', #2197 ) ;
#1048 = CARTESIAN_POINT ( 'NONE',  ( 0.8974325169219968812, 9.133432793151669671, -3.889999834757502217 ) ) ;
#1049 = ADVANCED_FACE ( 'NONE', ( #4139 ), #2241, .F. ) ;
#1050 = CARTESIAN_POINT ( 'NONE',  ( 1.150000000000001465, 9.682022908366834102, 2.681963230665364684 ) ) ;
#1051 = CARTESIAN_POINT ( 'NONE',  ( 0.3014959797899251503, 10.84736909015314765, 1.112511474140796208 ) ) ;
#1052 = DIRECTION ( 'NONE',  ( 1.000000000000000000, 0.000000000000000000, 0.000000000000000000 ) ) ;
#1053 = CARTESIAN_POINT ( 'NONE',  ( 1.403543508910058968, 10.43593656572020656, -0.2269222338662837957 ) ) ;
#1054 = CARTESIAN_POINT ( 'NONE',  ( 1.149999999999999911, 9.544263100437561320, -2.945402690546699453 ) ) ;
#1055 = CARTESIAN_POINT ( 'NONE',  ( -0.0009327249626493243047, 10.67373357121694077, -2.002555289417249362 ) ) ;
#1056 = DIRECTION ( 'NONE',  ( 0.000000000000000000, 0.000000000000000000, -1.000000000000000000 ) ) ;
#1057 = ORIENTED_EDGE ( 'NONE', *, *, #1651, .F. ) ;
#1058 = CARTESIAN_POINT ( 'NONE',  ( -0.4000000000000001887, 9.501324775319693217, -1.600000000000002531 ) ) ;
#1059 = B_SPLINE_CURVE_WITH_KNOTS ( 'NONE', 3,
 ( #3677, #4031, #2406, #1839 ),
 .UNSPECIFIED., .F., .F.,
 ( 4, 4 ),
 ( 1.369337796166694108E-05, 0.0001319714926969309027 ),
 .UNSPECIFIED. ) ;
#1060 = CARTESIAN_POINT ( 'NONE',  ( 0.05522963531508628260, 9.822171194758148260, 3.271478920571833537 ) ) ;
#1061 = ORIENTED_EDGE ( 'NONE', *, *, #83, .T. ) ;
#1062 = CARTESIAN_POINT ( 'NONE',  ( -0.4091323532456047629, 10.11334381823016138, -3.010640262550433821 ) ) ;
#1063 = CARTESIAN_POINT ( 'NONE',  ( 0.8203640431879389849, 9.162093815079554560, -3.867418753828539391 ) ) ;
#1064 = DIRECTION ( 'NONE',  ( 0.000000000000000000, 1.000000000000000000, 0.000000000000000000 ) ) ;
#1065 = VERTEX_POINT ( 'NONE', #1601 ) ;
#1066 = CARTESIAN_POINT ( 'NONE',  ( 1.150000000003485789, 10.20814754241209421, 2.059379273990390669 ) ) ;
#1067 = ADVANCED_FACE ( 'NONE', ( #3532 ), #2067, .T. ) ;
#1068 = CARTESIAN_POINT ( 'NONE',  ( 1.222694670646359949, 10.38552962224205523, 1.112540611066832330 ) ) ;
#1069 = CARTESIAN_POINT ( 'NONE',  ( 19.09653955668780156, 6.450940218077469979, 4.389999007942277487 ) ) ;
#1070 = CARTESIAN_POINT ( 'NONE',  ( -0.02852721429213989079, 11.06555904962822012, -0.6808989696239253764 ) ) ;
#1071 = CARTESIAN_POINT ( 'NONE',  ( 1.150000000000018341, 10.14972849302626834, -0.9937176606086555175 ) ) ;
#1072 = CARTESIAN_POINT ( 'NONE',  ( 0.4633473661215469774, 10.84348060837612060, 0.5428801399361431468 ) ) ;
#1073 = CARTESIAN_POINT ( 'NONE',  ( 1.137926724239474163, 9.651621416525250297, 2.951648316601060085 ) ) ;
#1074 = CIRCLE ( 'NONE', #2228, 10.00000000000000000 ) ;
#1075 = CARTESIAN_POINT ( 'NONE',  ( 0.6307546259823849644, 9.704977597828120750, -3.394832492568820914 ) ) ;
#1076 = DIRECTION ( 'NONE',  ( 1.000000000000000000, 0.000000000000000000, 0.000000000000000000 ) ) ;
#1077 = CIRCLE ( 'NONE', #3979, 3.635000000000025544 ) ;
#1078 = VECTOR ( 'NONE', #3151, 1000.000000000000000 ) ;
#1079 = CARTESIAN_POINT ( 'NONE',  ( 0.2000000000000019262, -6.261999999999994237, 3.635000000000002007 ) ) ;
#1080 = VERTEX_POINT ( 'NONE', #1521 ) ;
#1081 = CIRCLE ( 'NONE', #1420, 3.134999999999998010 ) ;
#1082 = AXIS2_PLACEMENT_3D ( 'NONE', #3552, #1860, #1949 ) ;
#1083 = CARTESIAN_POINT ( 'NONE',  ( -0.06071795314946579897, 10.79980980562592663, -1.802376966435947914 ) ) ;
#1084 = VECTOR ( 'NONE', #2815, 1000.000000000000000 ) ;
#1085 = CARTESIAN_POINT ( 'NONE',  ( 0.7764598009831720216, 9.145426926046203775, -3.881140357658826812 ) ) ;
#1086 = DIRECTION ( 'NONE',  ( 1.000000000000000000, -0.000000000000000000, -0.000000000000000000 ) ) ;
#1087 = EDGE_LOOP ( 'NONE', ( #3680, #2525, #2278, #2401, #904, #66, #961 ) ) ;
#1088 = DIRECTION ( 'NONE',  ( 0.000000000000000000, -0.7127268452432606871, 0.7014416897145402396 ) ) ;
#1089 = ORIENTED_EDGE ( 'NONE', *, *, #1310, .T. ) ;
#1090 = CARTESIAN_POINT ( 'NONE',  ( 0.6610527423080689857, 10.65643882667595044, 1.112522955747340392 ) ) ;
#1091 = DIRECTION ( 'NONE',  ( 0.9135454576426008666, -1.408446988349550725E-17, -0.4067366430758003748 ) ) ;
#1092 = CARTESIAN_POINT ( 'NONE',  ( 1.000567216291715189, 10.51451397196796123, -0.3404168134939528634 ) ) ;
#1093 = EDGE_CURVE ( 'NONE', #1001, #1969, #2837, .T. ) ;
#1094 = CARTESIAN_POINT ( 'NONE',  ( 0.5749999999999872990, -13.48845323900838977, 12.32232115246256932 ) ) ;
#1095 = CARTESIAN_POINT ( 'NONE',  ( -0.3313047932643012894, 11.07695357152309690, 0.2989011946759890237 ) ) ;
#1096 = CARTESIAN_POINT ( 'NONE',  ( 0.5288504660708953642, 9.133432793151635920, -3.889999834757499553 ) ) ;
#1097 = EDGE_LOOP ( 'NONE', ( #2048, #2900, #869, #1299 ) ) ;
#1098 = CARTESIAN_POINT ( 'NONE',  ( -0.4000000000000001887, 11.73084045921505947, -1.600000000000002753 ) ) ;
#1099 = CARTESIAN_POINT ( 'NONE',  ( 0.02564414408226941069, 9.826653052583434800, 3.266577948801027809 ) ) ;
#1100 = ORIENTED_EDGE ( 'NONE', *, *, #343, .T. ) ;
#1101 = CARTESIAN_POINT ( 'NONE',  ( 0.5393433427957607940, 10.34061658794669469, -2.356420829010908324 ) ) ;
#1102 = CARTESIAN_POINT ( 'NONE',  ( 1.107139676230963099, 9.156316082307768056, -3.870631563251836660 ) ) ;
#1103 = CYLINDRICAL_SURFACE ( 'NONE', #2835, 1.000000000000000000 ) ;
#1104 = ORIENTED_EDGE ( 'NONE', *, *, #3880, .F. ) ;
#1105 = CARTESIAN_POINT ( 'NONE',  ( 1.366218708626694589, 9.711515909946305314, -3.177435074074501653 ) ) ;
#1106 = B_SPLINE_CURVE_WITH_KNOTS ( 'NONE', 3,
 ( #2941, #2367, #394, #2983 ),
 .UNSPECIFIED., .F., .F.,
 ( 4, 4 ),
 ( 0.000000000000000000, 0.01947057522088250364 ),
 .UNSPECIFIED. ) ;
#1107 = ORIENTED_EDGE ( 'NONE', *, *, #771, .F. ) ;
#1108 = ADVANCED_FACE ( 'NONE', ( #3137 ), #2891, .F. ) ;
#1109 = CARTESIAN_POINT ( 'NONE',  ( -0.1834519876843906383, 10.67281311394252086, 2.269613720788735911 ) ) ;
#1110 = CARTESIAN_POINT ( 'NONE',  ( -0.2722151131920082512, 10.64366388405624164, -2.031343038305508220 ) ) ;
#1111 = CARTESIAN_POINT ( 'NONE',  ( 0.2573997302898760609, 10.99660719798574249, -0.3404414389019804754 ) ) ;
#1112 = DIRECTION ( 'NONE',  ( 0.000000000000000000, 1.000000000000000000, -3.462798379065810754E-17 ) ) ;
#1113 = CARTESIAN_POINT ( 'NONE',  ( 0.09622933623778004431, 11.08533914216457639, 0.5501666803924194493 ) ) ;
#1114 = CARTESIAN_POINT ( 'NONE',  ( 1.729895488067860310, 9.262950371294204288, 3.761723296023679275 ) ) ;
#1115 = ORIENTED_EDGE ( 'NONE', *, *, #176, .T. ) ;
#1116 = CARTESIAN_POINT ( 'NONE',  ( 0.3473862172063839626, 10.96626856890330792, 0.1333797986330214624 ) ) ;
#1117 = CARTESIAN_POINT ( 'NONE',  ( 4.549999999999999822, 4.237426279435004162, 3.635000000000001563 ) ) ;
#1118 = DIRECTION ( 'NONE',  ( 0.000000000000000000, -1.486905134547062519E-14, -1.000000000000000000 ) ) ;
#1119 = ORIENTED_EDGE ( 'NONE', *, *, #3032, .T. ) ;
#1120 = EDGE_CURVE ( 'NONE', #2609, #2061, #634, .T. ) ;
#1121 = DIRECTION ( 'NONE',  ( 1.000000000000000000, 0.000000000000000000, 0.000000000000000000 ) ) ;
#1122 = CARTESIAN_POINT ( 'NONE',  ( 0.1542045210562520974, 10.46522183443648757, -2.356432310617452508 ) ) ;
#1123 = CARTESIAN_POINT ( 'NONE',  ( 0.02242445889903316170, 9.821514846243363905, 3.272214033646824838 ) ) ;
#1124 = DIRECTION ( 'NONE',  ( -1.000000000000000000, -0.000000000000000000, -0.000000000000000000 ) ) ;
#1125 = EDGE_LOOP ( 'NONE', ( #1449, #1573, #1901, #1685, #3671 ) ) ;
#1126 = FACE_OUTER_BOUND ( 'NONE', #535, .T. ) ;
#1127 = VERTEX_POINT ( 'NONE', #2578 ) ;
#1128 = CARTESIAN_POINT ( 'NONE',  ( 0.6114756621619941157, 10.40047142713882522, 2.269637573796696728 ) ) ;
#1129 = CARTESIAN_POINT ( 'NONE',  ( -0.03918858638551285523, 9.956680497836574162, -3.118725448145867052 ) ) ;
#1130 = CARTESIAN_POINT ( 'NONE',  ( 0.6646497750250571768, 9.141365762862355027, 3.884132570558808339 ) ) ;
#1131 = CARTESIAN_POINT ( 'NONE',  ( -0.1385119884582439731, 10.29053584597573057, -2.674189255098303075 ) ) ;
#1132 = DIRECTION ( 'NONE',  ( 0.000000000000000000, -0.7014426953267329790, 0.7127258555523069417 ) ) ;
#1133 = CARTESIAN_POINT ( 'NONE',  ( 0.8377131397174977234, 5.949713139717492716, 3.635000000000001119 ) ) ;
#1134 = CARTESIAN_POINT ( 'NONE',  ( 0.2638780055143293835, 11.01343691326873753, 0.08892068478828954459 ) ) ;
#1135 = CARTESIAN_POINT ( 'NONE',  ( 0.007329563836438670807, 9.821577157378820644, -3.272248979733395569 ) ) ;
#1136 = AXIS2_PLACEMENT_3D ( 'NONE', #3600, #3351, #3036 ) ;
#1137 = DIRECTION ( 'NONE',  ( 0.000000000000000000, 0.000000000000000000, -1.000000000000000000 ) ) ;
#1138 = EDGE_LOOP ( 'NONE', ( #3043, #846, #884, #3409 ) ) ;
#1140 = AXIS2_PLACEMENT_3D ( 'NONE', #715, #2149, #3769 ) ;
#1139 = DIRECTION ( 'NONE',  ( 0.000000000000000000, -0.9277468941190191165, -0.3732099951133592275 ) ) ;
#1141 = MECHANICAL_DESIGN_GEOMETRIC_PRESENTATION_REPRESENTATION (  '', ( #516 ), #39 ) ;
#1142 = CARTESIAN_POINT ( 'NONE',  ( 0.2367365183225438874, 10.67924115780038896, -1.802367850095899948 ) ) ;
#1143 = EDGE_CURVE ( 'NONE', #3528, #3663, #2494, .T. ) ;
#1144 = CARTESIAN_POINT ( 'NONE',  ( 0.7178644782938885527, 9.915746184088321868, -3.112385666714234667 ) ) ;
#1145 = CARTESIAN_POINT ( 'NONE',  ( -1.883181166592885258, 9.406858901112229887, -1.600007080021006889 ) ) ;
#1146 = AXIS2_PLACEMENT_3D ( 'NONE', #388, #1709, #1389 ) ;
#1147 = VECTOR ( 'NONE', #2645, 1000.000000000000000 ) ;
#1148 = ORIENTED_EDGE ( 'NONE', *, *, #3967, .F. ) ;
#1149 = FACE_OUTER_BOUND ( 'NONE', #2214, .T. ) ;
#1150 = AXIS2_PLACEMENT_3D ( 'NONE', #928, #533, #2229 ) ;
#1151 = ADVANCED_FACE ( 'NONE', ( #1584 ), #2911, .T. ) ;
#1152 = VERTEX_POINT ( 'NONE', #2262 ) ;
#1153 = CARTESIAN_POINT ( 'NONE',  ( 0.4115152881082281833, 10.63876693413230612, 1.735596349138867955 ) ) ;
#1154 = B_SPLINE_SURFACE_WITH_KNOTS ( 'NONE', 5, 5, ( 
 ( #2508, #209, #2865, #2527, #3815, #930, #912, #2212, #1921, #1533, #295, #2568, #2909, #3176, #3860, #3545, #2171, #2255, #4199, #1303, #2590, #3795, #4153, #1257, #3879, #3460, #385, #3610, #3900 ),
 ( #1964, #978, #1368, #2275, #22, #1682, #3646, #1344, #2930, #2321, #710, #1044, #362, #3303, #2006, #1663, #1, #1707, #674, #1323, #2969, #1724, #2631, #2296, #2652, #2668, #44, #1062, #2991 ),
 ( #3925, #3283, #3944, #62, #690, #1026, #3326, #2338, #3628, #2023, #1386, #2610, #998, #3265, #3961, #2948, #2356, #735, #2045, #322, #404, #3589, #3007, #79, #1402, #2685, #3565, #649, #1987 ),
 ( #344, #3243, #1642, #2378, #3705, #2396, #3048, #142, #2127, #421, #3411, #2415, #1101, #3730, #756, #2709, #2728, #3362, #1122, #4063, #3685, #3344, #773, #3980, #795, #4042, #4002, #2108, #3389 ),
 ( #466, #2082, #2063, #839, #487, #443, #1783, #3110, #119, #2146, #1805, #1763, #3430, #1446, #4023, #3065, #1466, #2747, #1142, #186, #1512, #163, #1083, #3088, #3749, #3024, #1166, #2440, #2458 ),
 ( #509, #1488, #818, #2770, #1828, #1426, #3668, #1740, #98, #2523, #3231, #908, #4103, #887, #2478, #2794, #13, #1849, #3812, #1978, #2601, #1012, #3890, #4128, #1631, #3792, #4080, #3147, #576 ),
 ( #355, #2188, #1530, #685, #3127, #2285, #2503, #532, #3498, #3601, #226, #1205, #308, #333, #1892, #2940, #989, #2813, #1872, #2208, #206, #2312, #4211, #553, #2922, #1314, #3576, #3477, #1551 ),
 ( #1186, #662, #3256, #2838, #1235, #1654, #1997, #1334, #2621, #3910, #3766, #3275, #860, #2167, #3456, #412, #1413, #1714, #2365, #2386, #1673, #2033, #3970, #1070, #764, #2998, #70, #4011, #3335 ),
 ( #109, #1394, #3037, #2093, #3317, #430, #3993, #1377, #1092, #1732, #372, #1036, #2982, #782, #2676, #2717, #3016, #2661, #3953, #1111, #3659, #1695, #3676, #2405, #33, #745, #54, #720, #2054 ),
 ( #1053, #393, #88, #2330, #3694, #2072, #3376, #2697, #3352, #1435, #2959, #1749, #1356, #2644, #3935, #3620, #2348, #703, #2016, #3293, #3637, #175, #3399, #1791, #4112, #2803, #151, #1501, #1474 ),
 ( #1221, #826, #1156, #2782, #196, #1838, #849, #2486, #3775, #875, #1859, #2514, #281, #4159, #2532, #2918, #3183, #917, #3551, #7, #941, #589, #633, #984, #1948, #655, #1624, #1905, #3841 ),
 ( #3156, #3226, #1263, #3205, #301, #1600, #1583, #2871, #237, #2849, #329, #4206, #4137, #3446, #4074, #3781, #2473, #1479, #1506, #1134, #1441, #1797, #2140, #1778, #2787, #1863, #3724, #135, #2180 ),
 ( #3079, #2452, #3744, #4096, #1161, #833, #878, #2157, #3422, #501, #3469, #3382, #2100, #812, #544, #2121, #2723, #4016, #1116, #3700, #1459, #2741, #4035, #285, #2555, #947, #3870, #1604, #3490 ),
 ( #1543, #967, #3823, #3804, #4118, #3846, #244, #1567, #1930, #1885, #2221, #3210, #2517, #1312, #3555, #3888, #3512, #1293, #306, #3140, #2581, #2265, #987, #638, #2826, #2853, #596, #1225, #1953 ),
 ( #921, #1909, #4184, #899, #218, #3535, #2200, #3187, #2245, #1629, #264, #566, #1587, #2893, #3229, #1267, #3162, #4142, #1247, #2920, #2875, #4164, #4209, #617, #2536, #2599, #2283, #3574, #660 ),
 ( #718, #2957, #30, #86, #1375, #683, #3968, #1410, #331, #1692, #353, #1034, #2346, #68, #2619, #1392, #370, #3273, #1712, #2938, #1995, #701, #1353, #3291, #2052, #1671, #1332, #2642, #1976 ),
 ( #3933, #2329, #11, #2674, #1068, #2980, #3618, #3908, #3014, #2362, #2014, #52, #1090, #2659, #2694, #3657, #3951, #3991, #1051, #3635, #2031, #3314, #391, #2996, #2384, #3674, #743, #3254, #3333 ),
 ( #410, #1730, #1652, #1009, #2310, #3599, #3094, #780, #4029, #149, #2403, #194, #2133, #2735, #474, #1153, #3072, #2090, #3055, #428, #762, #2152, #4009, #1789, #4068, #494, #3116, #1811, #2116 ),
 ( #2070, #1472, #3350, #3397, #3738, #824, #172, #806, #2753, #1498, #1747, #1128, #4051, #2446, #1175, #3416, #2780, #1519, #2466, #3755, #847, #3438, #519, #1453, #1109, #1836, #456, #2715, #2801 ),
 ( #4090, #3716, #1193, #2484, #3034, #2423, #107, #1433, #3692, #3373, #1770, #128, #2215, #3506, #3864, #2889, #2575, #4204, #279, #1537, #872, #2551, #3203, #4135, #3818, #962, #3224, #3838, #3181 ),
 ( #585, #2175, #915, #937, #2239, #3529, #1903, #259, #1598, #3773, #1241, #1582, #2869, #4178, #4157, #1261, #1945, #612, #1925, #1283, #2260, #2819, #4110, #1880, #3549, #234, #631, #299, #1562 ) ),
 .UNSPECIFIED., .F., .F., .F.,
 ( 6, 3, 3, 3, 3, 3, 6 ),
 ( 6, 3, 3, 3, 3, 3, 3, 5, 6 ),
 ( -3.337403893653233311, -1.701912348423613830, -0.5670815899276777650, 0.0003338887926274125562, 0.2226159803709508722, 0.6678476687135432854, 3.338015111700741944 ),
 ( -0.7099035991802472578, -0.5425925921183105682, -0.4590625075184334158, -0.07551771690940933812, 0.1539391988890993490, 0.3783715252657305905, 0.5249751015846898516, 0.8528167784018781949, 0.8684439821776994695 ),
 .UNSPECIFIED. ) ;
#1155 = CARTESIAN_POINT ( 'NONE',  ( -0.06861987880160469455, 10.07524432605430320, 2.972765962701828801 ) ) ;
#1156 = CARTESIAN_POINT ( 'NONE',  ( 1.336038341484210079, 10.44690261192472924, -0.06898462101559492410 ) ) ;
#1157 = CARTESIAN_POINT ( 'NONE',  ( 2.076278242394468787, 6.792236765701318291, 4.241514670168590406 ) ) ;
#1158 = DIRECTION ( 'NONE',  ( 0.000000000000000000, -2.386139581811289062E-16, -1.000000000000000000 ) ) ;
#1159 = CARTESIAN_POINT ( 'NONE',  ( 0.3077109990786252025, 10.74413331596381838, 1.430158570418491149 ) ) ;
#1160 = CARTESIAN_POINT ( 'NONE',  ( 0.7567297691042311758, 9.195912267758028946, 3.843032277625497706 ) ) ;
#1161 = CARTESIAN_POINT ( 'NONE',  ( 1.249362079000860604, 10.45459126529816452, 0.1334089355590574177 ) ) ;
#1162 = FACE_OUTER_BOUND ( 'NONE', #1025, .T. ) ;
#1163 = CARTESIAN_POINT ( 'NONE',  ( 1.149999999999999911, 9.544067249706296607, 2.945365781520322912 ) ) ;
#1164 = VERTEX_POINT ( 'NONE', #4092 ) ;
#1165 = DIRECTION ( 'NONE',  ( 1.000000000000000000, 0.000000000000000000, 0.000000000000000000 ) ) ;
#1166 = CARTESIAN_POINT ( 'NONE',  ( -0.1309586140983908797, 10.82595798467795234, -1.802379095415487686 ) ) ;
#1167 = B_SPLINE_CURVE_WITH_KNOTS ( 'NONE', 3,
 ( #3334, #2347, #2643, #684, #763, #2053, #1035, #1748 ),
 .UNSPECIFIED., .F., .F.,
 ( 4, 2, 2, 4 ),
 ( 0.002915802635211706909, 0.003620524237105886538, 0.004325245839000065734, 0.005734689042788424992 ),
 .UNSPECIFIED. ) ;
#1168 = LINE ( 'NONE', #81, #4050 ) ;
#1169 = ORIENTED_EDGE ( 'NONE', *, *, #721, .T. ) ;
#1170 =( BOUNDED_CURVE ( )  B_SPLINE_CURVE ( 3, ( #862, #228, #1236, #2479 ),
 .UNSPECIFIED., .F., .T. ) 
 B_SPLINE_CURVE_WITH_KNOTS ( ( 4, 4 ),
 ( 2.524093839538968709, 3.141592653589793116 ),
 .UNSPECIFIED. ) 
 CURVE ( )  GEOMETRIC_REPRESENTATION_ITEM ( )  RATIONAL_B_SPLINE_CURVE ( ( 1.000000000000000000, 0.9684762195048557398, 0.9684762195048557398, 1.000000000000000000 ) ) 
 REPRESENTATION_ITEM ( '' )  );
#1171 = CARTESIAN_POINT ( 'NONE',  ( 1.149999999999999911, 6.261999999999995126, -3.006671916513725129E-15 ) ) ;
#1172 = LINE ( 'NONE', #3796, #1421 ) ;
#1173 = EDGE_LOOP ( 'NONE', ( #439, #2455, #2799, #2483, #145, #622, #3667 ) ) ;
#1174 = ADVANCED_FACE ( 'NONE', ( #3542 ), #3931, .F. ) ;
#1175 = CARTESIAN_POINT ( 'NONE',  ( 0.3968263426404777250, 10.47599512414349299, 2.269631112626611102 ) ) ;
#1176 = CARTESIAN_POINT ( 'NONE',  ( -0.3294627265221588552, 11.08569811140311501, -0.1528718229685580021 ) ) ;
#1177 = DIRECTION ( 'NONE',  ( 0.000000000000000000, 0.000000000000000000, -1.000000000000000000 ) ) ;
#1178 = CARTESIAN_POINT ( 'NONE',  ( -0.03413335870301664743, 9.932434832522440971, -3.147283193935408452 ) ) ;
#1179 = CARTESIAN_POINT ( 'NONE',  ( 0.4560775677777480497, 10.84487350303649933, -0.5611588187517956294 ) ) ;
#1180 = CARTESIAN_POINT ( 'NONE',  ( 1.138113489546150658, 9.650714051512059299, -2.952277424714444987 ) ) ;
#1181 = CARTESIAN_POINT ( 'NONE',  ( 0.9773999336653235170, 9.134432069265621124, 3.889176250559139625 ) ) ;
#1182 = CARTESIAN_POINT ( 'NONE',  ( 19.09653955668780156, 7.138186771130500929, 3.889999834757853936 ) ) ;
#1183 = EDGE_LOOP ( 'NONE', ( #2066, #1754, #4100, #3832, #165, #2445, #3875 ) ) ;
#1184 = ORIENTED_EDGE ( 'NONE', *, *, #3280, .F. ) ;
#1185 = CARTESIAN_POINT ( 'NONE',  ( 4.549999999999999822, -3.425748374098066098E-07, -4.389999496599052975 ) ) ;
#1186 = CARTESIAN_POINT ( 'NONE',  ( 1.386708000950003239, 10.39225235649078805, -0.6808545768704364898 ) ) ;
#1187 = EDGE_CURVE ( 'NONE', #2271, #2358, #1659, .T. ) ;
#1188 = CARTESIAN_POINT ( 'NONE',  ( 0.9972630711258270164, 9.969841323634142327, -2.810984663487401392 ) ) ;
#1189 = ORIENTED_EDGE ( 'NONE', *, *, #969, .T. ) ;
#1190 = LINE ( 'NONE', #3690, #3306 ) ;
#1191 = FACE_OUTER_BOUND ( 'NONE', #2105, .T. ) ;
#1192 = ORIENTED_EDGE ( 'NONE', *, *, #721, .F. ) ;
#1193 = CARTESIAN_POINT ( 'NONE',  ( 1.171011096494803061, 10.01927348239498983, 2.803689789564387080 ) ) ;
#1194 = CARTESIAN_POINT ( 'NONE',  ( -0.05654761450910551768, 10.02914172010234317, 3.031227959720037113 ) ) ;
#1195 = EDGE_CURVE ( 'NONE', #517, #223, #799, .T. ) ;
#1196 = DIRECTION ( 'NONE',  ( 1.000000000000000000, 0.000000000000000000, 0.000000000000000000 ) ) ;
#1197 = PLANE ( 'NONE',  #1559 ) ;
#1198 = SPHERICAL_SURFACE ( 'NONE', #2305, 4.834999999999999964 ) ;
#1199 = LINE ( 'NONE', #2493, #4108 ) ;
#1200 = EDGE_CURVE ( 'NONE', #1429, #1203, #604, .T. ) ;
#1201 = DIRECTION ( 'NONE',  ( 0.000000000000000000, -1.000000000000000000, 0.000000000000000000 ) ) ;
#1202 = EDGE_LOOP ( 'NONE', ( #3214, #2120, #953, #127, #2790, #4133, #2464 ) ) ;
#1203 = VERTEX_POINT ( 'NONE', #2648 ) ;
#1204 = DIRECTION ( 'NONE',  ( 0.000000000000000000, 1.000000000000000000, -0.000000000000000000 ) ) ;
#1205 = CARTESIAN_POINT ( 'NONE',  ( 0.6994563358212448900, 10.62831367465312660, -1.021324452707353059 ) ) ;
#1206 = AXIS2_PLACEMENT_3D ( 'NONE', #3805, #136, #1461 ) ;
#1207 = CARTESIAN_POINT ( 'NONE',  ( 1.149999999999999911, 6.261999999999995126, -3.006671916513725129E-15 ) ) ;
#1208 = ORIENTED_EDGE ( 'NONE', *, *, #2916, .F. ) ;
#1209 = CIRCLE ( 'NONE', #97, 3.584999999999996856 ) ;
#1210 = EDGE_CURVE ( 'NONE', #358, #3192, #3044, .T. ) ;
#1211 = CARTESIAN_POINT ( 'NONE',  ( 0.1356964154369444953, 9.495564135125004412, 1.399993391979997392 ) ) ;
#1212 = AXIS2_PLACEMENT_3D ( 'NONE', #2454, #902, #1525 ) ;
#1213 = CARTESIAN_POINT ( 'NONE',  ( 3.052371094064744992E-05, 9.821555175218867006, -3.272209548605242713 ) ) ;
#1214 = VECTOR ( 'NONE', #4087, 1000.000000000000000 ) ;
#1215 = VERTEX_POINT ( 'NONE', #2335 ) ;
#1216 = TOROIDAL_SURFACE ( 'NONE', #2172, 4.434999999999998721, 0.4000000000000000222 ) ;
#1218 = CIRCLE ( 'NONE', #3374, 4.834999999999999964 ) ;
#1217 = CARTESIAN_POINT ( 'NONE',  ( 1.098481784274389028, 9.154880251971706073, -3.871810843199419594 ) ) ;
#1219 = EDGE_CURVE ( 'NONE', #1636, #1030, #3521, .T. ) ;
#1220 = CARTESIAN_POINT ( 'NONE',  ( 1.150000000003875034, 10.39940548134566001, -1.027226768552521152 ) ) ;
#1221 = CARTESIAN_POINT ( 'NONE',  ( 1.406003142412974638, 10.44232597234640103, -0.06898271987028474495 ) ) ;
#1222 = CARTESIAN_POINT ( 'NONE',  ( -0.4500000000000001221, 9.195564607126003764, -1.399993391980002277 ) ) ;
#1223 = CARTESIAN_POINT ( 'NONE',  ( 0.3358988355988226648, 10.80479915563340754, -1.141524407655553519 ) ) ;
#1224 = CARTESIAN_POINT ( 'NONE',  ( 0.7500000000000000000, 9.174861092448718836, 3.859075699710799778 ) ) ;
#1225 = CARTESIAN_POINT ( 'NONE',  ( -0.02954495770351665482, 11.09773521861780132, 0.2668712204582414649 ) ) ;
#1226 = EDGE_CURVE ( 'NONE', #1554, #863, #3455, .T. ) ;
#1227 = FACE_OUTER_BOUND ( 'NONE', #4156, .T. ) ;
#1228 = DIRECTION ( 'NONE',  ( -0.000000000000000000, 0.4631185169694301274, 0.8862963608410201477 ) ) ;
#1229 = LINE ( 'NONE', #504, #4115 ) ;
#1230 = CARTESIAN_POINT ( 'NONE',  ( 1.821278407638415198, 10.80738130939286812, 3.635000000000001119 ) ) ;
#1231 = VERTEX_POINT ( 'NONE', #2706 ) ;
#1232 = ORIENTED_EDGE ( 'NONE', *, *, #435, .F. ) ;
#1233 = EDGE_CURVE ( 'NONE', #1405, #223, #1016, .T. ) ;
#1234 = DIRECTION ( 'NONE',  ( -0.3015902602517095965, -0.3558324533547904678, 0.8845488002709726016 ) ) ;
#1235 = CARTESIAN_POINT ( 'NONE',  ( 1.237568331474608208, 10.42395007102157578, -0.6808588537348205794 ) ) ;
#1236 = CARTESIAN_POINT ( 'NONE',  ( 1.821278407638428964, 7.022340857687169091, -3.635000000000003340 ) ) ;
#1237 = ORIENTED_EDGE ( 'NONE', *, *, #83, .F. ) ;
#1238 = CARTESIAN_POINT ( 'NONE',  ( -0.01714196209690736425, 9.495564135125006189, 0.4660892784629319108 ) ) ;
#1239 = DIRECTION ( 'NONE',  ( -1.000000000000000000, -0.000000000000000000, -0.000000000000000000 ) ) ;
#1240 = EDGE_LOOP ( 'NONE', ( #3586, #3023, #1189, #3356 ) ) ;
#1241 = CARTESIAN_POINT ( 'NONE',  ( 0.5019486500666606732, 9.775909098916727658, 3.337708033312118960 ) ) ;
#1242 = CARTESIAN_POINT ( 'NONE',  ( -0.3999999999999999667, 6.261999999999995126, 3.612924715517881857 ) ) ;
#1243 = DIRECTION ( 'NONE',  ( 0.000000000000000000, -1.000000000000000000, -1.433655766212495464E-15 ) ) ;
#1244 = DIRECTION ( 'NONE',  ( -1.000000000000000000, -0.000000000000000000, -0.000000000000000000 ) ) ;
#1245 = EDGE_CURVE ( 'NONE', #559, #2358, #769, .T. ) ;
#1246 = CARTESIAN_POINT ( 'NONE',  ( 19.09653955668780156, -6.261999999999995126, 0.000000000000000000 ) ) ;
#1247 = CARTESIAN_POINT ( 'NONE',  ( 0.3384516728029430266, 10.94312560725624728, 0.4003853104936541674 ) ) ;
#1248 = CARTESIAN_POINT ( 'NONE',  ( 19.09653955668780156, -6.501580853463294396, 4.383456661629876017 ) ) ;
#1249 = PLANE ( 'NONE',  #2038 ) ;
#1250 = LINE ( 'NONE', #2183, #2036 ) ;
#1251 = CARTESIAN_POINT ( 'NONE',  ( 0.8734508283185018485, 9.969644326946434987, 2.953564473895775588 ) ) ;
#1252 = ORIENTED_EDGE ( 'NONE', *, *, #3396, .T. ) ;
#1253 = ORIENTED_EDGE ( 'NONE', *, *, #363, .T. ) ;
#1254 = CARTESIAN_POINT ( 'NONE',  ( 1.175982368906973941, 9.383769637080961346, 3.635949661718779424 ) ) ;
#1255 = ADVANCED_FACE ( 'NONE', ( #2410 ), #1383, .T. ) ;
#1256 = VERTEX_POINT ( 'NONE', #3958 ) ;
#1257 = CARTESIAN_POINT ( 'NONE',  ( -0.5364943002713219444, 9.748374589732026863, -3.337738216322350571 ) ) ;
#1258 = DIRECTION ( 'NONE',  ( 0.000000000000000000, -9.602876409386499138E-16, -1.000000000000000000 ) ) ;
#1259 = CARTESIAN_POINT ( 'NONE',  ( 4.798986029856967541E-07, 9.835843173385041993, -3.256511933349684806 ) ) ;
#1260 = VERTEX_POINT ( 'NONE', #1058 ) ;
#1261 = CARTESIAN_POINT ( 'NONE',  ( 0.07350124331406465705, 9.762545369260982042, 3.337696814284759395 ) ) ;
#1262 = CARTESIAN_POINT ( 'NONE',  ( 1.150000000002818545, 10.18205312779781835, -0.6210146157992474381 ) ) ;
#1263 = CARTESIAN_POINT ( 'NONE',  ( 1.335171355572984719, 10.44466729888915957, 0.08895489298040404336 ) ) ;
#1264 = CARTESIAN_POINT ( 'NONE',  ( 0.7499999999999988898, 9.674548844134269743, 3.425162096368257636 ) ) ;
#1265 = CARTESIAN_POINT ( 'NONE',  ( 0.7680875223812890784, 9.282844643114914973, -3.774732282531170657 ) ) ;
#1266 = CARTESIAN_POINT ( 'NONE',  ( 0.000000000000000000, -6.310595160837300988, -0.8886713365925504871 ) ) ;
#1267 = CARTESIAN_POINT ( 'NONE',  ( 0.4908930336718122511, 10.84445928858991515, 0.4003903594771726082 ) ) ;
#1268 = DIRECTION ( 'NONE',  ( 0.000000000000000000, 0.000000000000000000, 1.000000000000000000 ) ) ;
#1269 = EDGE_CURVE ( 'NONE', #1164, #3960, #2897, .T. ) ;
#1270 = CARTESIAN_POINT ( 'NONE',  ( 0.02529081753606684732, 9.826981087211605015, -3.266221085584332773 ) ) ;
#1271 = CARTESIAN_POINT ( 'NONE',  ( -0.004387523858109598079, 9.887083875386672105, 3.199473556854254053 ) ) ;
#1272 = VERTEX_POINT ( 'NONE', #3999 ) ;
#1273 = ORIENTED_EDGE ( 'NONE', *, *, #3478, .F. ) ;
#1274 = CARTESIAN_POINT ( 'NONE',  ( 0.7893606494416497421, 9.474699212395014669, 3.613439461840216804 ) ) ;
#1275 = CARTESIAN_POINT ( 'NONE',  ( 1.120263784167983889, 9.741587670890032413, -2.933985376529558042 ) ) ;
#1276 = ORIENTED_EDGE ( 'NONE', *, *, #1450, .T. ) ;
#1277 = EDGE_CURVE ( 'NONE', #1405, #1260, #3340, .T. ) ;
#1278 = CARTESIAN_POINT ( 'NONE',  ( 0.08306267360110206055, 9.495564135125006189, 1.170543258681014498 ) ) ;
#1279 = DIRECTION ( 'NONE',  ( 0.000000000000000000, 1.000000000000000000, -2.409349533243497832E-16 ) ) ;
#1280 = DIRECTION ( 'NONE',  ( 0.000000000000000000, -1.000000000000000000, 2.770238703252648603E-16 ) ) ;
#1281 = CIRCLE ( 'NONE', #1350, 3.134999999999998010 ) ;
#1282 = ORIENTED_EDGE ( 'NONE', *, *, #2602, .T. ) ;
#1283 = CARTESIAN_POINT ( 'NONE',  ( -0.2210408128099301817, 9.756474446494451058, 3.337689069754234961 ) ) ;
#1284 = EDGE_CURVE ( 'NONE', #2144, #1127, #752, .T. ) ;
#1285 = CARTESIAN_POINT ( 'NONE',  ( 1.150000000000005240, 9.682374577084422285, -2.682694999315403006 ) ) ;
#1286 = AXIS2_PLACEMENT_3D ( 'NONE', #3481, #231, #1853 ) ;
#1287 = CIRCLE ( 'NONE', #588, 4.389999007942204656 ) ;
#1288 = B_SPLINE_CURVE_WITH_KNOTS ( 'NONE', 3,
 ( #1513, #1275, #4082, #1188, #1984, #996 ),
 .UNSPECIFIED., .F., .F.,
 ( 4, 2, 4 ),
 ( 8.343286198725507617E-05, 0.0003680493417232470971, 0.0006526658214592391451 ),
 .UNSPECIFIED. ) ;
#1289 = DIRECTION ( 'NONE',  ( 0.000000000000000000, 2.478175227061067577E-15, -1.000000000000000000 ) ) ;
#1290 = CARTESIAN_POINT ( 'NONE',  ( 2.076278242394468787, 6.792236765701318291, 4.241514670168590406 ) ) ;
#1291 = CIRCLE ( 'NONE', #1898, 3.635000000000000231 ) ;
#1292 = DIRECTION ( 'NONE',  ( 0.000000000000000000, 0.000000000000000000, -1.000000000000000000 ) ) ;
#1293 = CARTESIAN_POINT ( 'NONE',  ( 0.3696639957778067864, 10.94256069605167703, 0.2668833874873231538 ) ) ;
#1294 = DIRECTION ( 'NONE',  ( 1.000000000000000000, 0.000000000000000000, 0.000000000000000000 ) ) ;
#1295 = CIRCLE ( 'NONE', #3784, 4.834999999999999964 ) ;
#1296 = DIRECTION ( 'NONE',  ( -1.000000000000000000, 0.000000000000000000, 1.101173619840756912E-14 ) ) ;
#1297 = CARTESIAN_POINT ( 'NONE',  ( 0.006098705347917124202, 9.851607067154246167, 3.239032583123287345 ) ) ;
#1298 = EDGE_LOOP ( 'NONE', ( #203, #3428, #1645, #3450 ) ) ;
#1299 = ORIENTED_EDGE ( 'NONE', *, *, #343, .F. ) ;
#1300 = CARTESIAN_POINT ( 'NONE',  ( 0.8534361212056390533, 9.116316659272873935, 3.903802109499607820 ) ) ;
#1301 = CARTESIAN_POINT ( 'NONE',  ( 0.7500000000000000000, 6.261999999999995126, -3.006671916513725129E-15 ) ) ;
#1302 = ORIENTED_EDGE ( 'NONE', *, *, #2164, .T. ) ;
#1303 = CARTESIAN_POINT ( 'NONE',  ( -0.2207800585696477746, 9.756623539767915076, -3.337729932906289942 ) ) ;
#1304 = CARTESIAN_POINT ( 'NONE',  ( -2.987972708627782303, 9.711851058056286234, 1.599999999999997646 ) ) ;
#1305 = DIRECTION ( 'NONE',  ( 1.000000000000000000, 0.000000000000000000, 0.000000000000000000 ) ) ;
#1306 = VERTEX_POINT ( 'NONE', #2041 ) ;
#1307 = CARTESIAN_POINT ( 'NONE',  ( 0.9711495339224428536, 9.133432793151635920, -3.889999834757499553 ) ) ;
#1308 = CARTESIAN_POINT ( 'NONE',  ( -2.065346638321487571, 9.631869291698869517, -1.600000000000002531 ) ) ;
#1309 = CARTESIAN_POINT ( 'NONE',  ( 2.076278242395389384, 6.483912219393118015, 4.389999007942157583 ) ) ;
#1310 = EDGE_CURVE ( 'NONE', #2320, #1969, #1218, .T. ) ;
#1311 = CARTESIAN_POINT ( 'NONE',  ( 0.7500000000016953106, 9.675286536591501729, -3.424426962153400478 ) ) ;
#1312 = CARTESIAN_POINT ( 'NONE',  ( 0.6066603035386234355, 10.76760634508038628, 0.2668914574112596916 ) ) ;
#1313 = PLANE ( 'NONE',  #3235 ) ;
#1314 = CARTESIAN_POINT ( 'NONE',  ( -0.05398608559133609430, 11.01689653649100009, -1.021348394500819490 ) ) ;
#1315 = CARTESIAN_POINT ( 'NONE',  ( 0.7702660358520940775, 9.855031025540297307, 3.215106836296982795 ) ) ;
#1316 = CARTESIAN_POINT ( 'NONE',  ( 0.2159702477540642596, 10.51510474801755812, 2.198307623647878906 ) ) ;
#1317 = EDGE_LOOP ( 'NONE', ( #3115, #2834, #3180 ) ) ;
#1318 = EDGE_LOOP ( 'NONE', ( #3699, #2009, #993, #3797, #1548 ) ) ;
#1319 = CARTESIAN_POINT ( 'NONE',  ( 0.7388631412812439736, 9.225545616776091862, 3.820129700747548540 ) ) ;
#1320 = CARTESIAN_POINT ( 'NONE',  ( 12.94198325478361866, -6.154556301904205995, 4.389999007942277487 ) ) ;
#1321 = B_SPLINE_CURVE_WITH_KNOTS ( 'NONE', 3,
 ( #3087, #2145, #748, #112, #57, #3297, #3679, #376, #2371, #3997, #1775, #3662 ),
 .UNSPECIFIED., .F., .F.,
 ( 4, 2, 2, 2, 2, 4 ),
 ( 0.000000000000000000, 4.900700964113177877E-05, 9.801401928226355755E-05, 0.0001960280385645275488, 0.0003920560771290560191, 0.0007841121542581122551 ),
 .UNSPECIFIED. ) ;
#1322 = ORIENTED_EDGE ( 'NONE', *, *, #2908, .F. ) ;
#1323 = CARTESIAN_POINT ( 'NONE',  ( -0.09150850402363183700, 10.09180369564517932, -3.010631623992344075 ) ) ;
#1324 = EDGE_CURVE ( 'NONE', #667, #2586, #2964, .T. ) ;
#1325 = DIRECTION ( 'NONE',  ( 0.000000000000000000, -1.000000000000000000, 3.462798379065810754E-17 ) ) ;
#1326 = CARTESIAN_POINT ( 'NONE',  ( 0.8521133357396444286, 9.763100833867541795, -3.318331816858412164 ) ) ;
#1327 = ORIENTED_EDGE ( 'NONE', *, *, #293, .F. ) ;
#1328 = CARTESIAN_POINT ( 'NONE',  ( 0.6307562638614911954, 9.704191448702163214, 3.395628651494937866 ) ) ;
#1329 = CARTESIAN_POINT ( 'NONE',  ( 1.149999999995316768, 10.44459196727078876, 0.1216820993906656406 ) ) ;
#1330 = CARTESIAN_POINT ( 'NONE',  ( 0.7500000000000000000, 9.174861092449047462, -3.859075699710557306 ) ) ;
#1331 = CARTESIAN_POINT ( 'NONE',  ( 0.8024409541004040580, 9.593796763929415050, 3.500884466888996460 ) ) ;
#1332 = CARTESIAN_POINT ( 'NONE',  ( -0.03215519084840597758, 11.08230039850050019, 0.4894204028066543311 ) ) ;
#1333 = DIRECTION ( 'NONE',  ( 0.000000000000000000, 0.000000000000000000, -1.000000000000000000 ) ) ;
#1334 = CARTESIAN_POINT ( 'NONE',  ( 1.084118907362206841, 10.47152414235347173, -0.6808634071274183297 ) ) ;
#1335 = ADVANCED_FACE ( 'NONE', ( #2666 ), #3976, .F. ) ;
#1336 = CARTESIAN_POINT ( 'NONE',  ( 1.149999999999999911, 9.564931188861827138, -2.907453104219405837 ) ) ;
#1337 = DIRECTION ( 'NONE',  ( 0.000000000000000000, 1.000000000000000000, -2.077679027439486329E-16 ) ) ;
#1338 = EDGE_LOOP ( 'NONE', ( #3436, #1119, #1327, #1057 ) ) ;
#1339 = ORIENTED_EDGE ( 'NONE', *, *, #2916, .T. ) ;
#1340 = CARTESIAN_POINT ( 'NONE',  ( 1.379770390903862110, 9.204290103151942404, 3.826992827845607792 ) ) ;
#1341 = EDGE_CURVE ( 'NONE', #114, #470, #1900, .T. ) ;
#1342 = CARTESIAN_POINT ( 'NONE',  ( 0.000000000000000000, 6.261999999999995126, -3.006671916513725129E-15 ) ) ;
#1343 = ORIENTED_EDGE ( 'NONE', *, *, #2511, .T. ) ;
#1344 = CARTESIAN_POINT ( 'NONE',  ( 0.8893660323016632230, 9.966416545644515068, -3.010604344911901986 ) ) ;
#1345 = CARTESIAN_POINT ( 'NONE',  ( 1.084330834216243877, 9.327758783220728489, -3.706598381814259380 ) ) ;
#1346 = DIRECTION ( 'NONE',  ( 0.000000000000000000, -2.770238703252648603E-16, -1.000000000000000000 ) ) ;
#1347 = ORIENTED_EDGE ( 'NONE', *, *, #3008, .F. ) ;
#1348 = LINE ( 'NONE', #697, #2972 ) ;
#1349 = CARTESIAN_POINT ( 'NONE',  ( 0.9230070106944032737, 10.50676830364623449, 1.041144461197932580 ) ) ;
#1350 = AXIS2_PLACEMENT_3D ( 'NONE', #2742, #2284, #1333 ) ;
#1351 = CARTESIAN_POINT ( 'NONE',  ( 7.806255641895631925E-15, 6.483901648240520288, -4.390000000000002345 ) ) ;
#1352 = AXIS2_PLACEMENT_3D ( 'NONE', #3434, #2462, #513 ) ;
#1354 = AXIS2_PLACEMENT_3D ( 'NONE', #499, #2220, #1817 ) ;
#1353 = CARTESIAN_POINT ( 'NONE',  ( 0.04050494412759067520, 11.06242503957513712, 0.4894225317861946034 ) ) ;
#1355 = DIRECTION ( 'NONE',  ( -0.3022589572107811096, -0.3571374823144697896, -0.8837942868744588232 ) ) ;
#1356 = CARTESIAN_POINT ( 'NONE',  ( 0.6812000895655584420, 10.70856786768185032, -0.2269441660501596569 ) ) ;
#1357 = DIRECTION ( 'NONE',  ( 0.000000000000000000, 0.000000000000000000, -1.000000000000000000 ) ) ;
#1358 = VECTOR ( 'NONE', #3472, 1000.000000000000000 ) ;
#1359 = CARTESIAN_POINT ( 'NONE',  ( 0.1931955520125205050, 10.44341371823284703, -2.335252407502101946 ) ) ;
#1360 = AXIS2_PLACEMENT_3D ( 'NONE', #1399, #2077, #3624 ) ;
#1361 = ORIENTED_EDGE ( 'NONE', *, *, #1937, .T. ) ;
#1362 = EDGE_CURVE ( 'NONE', #4077, #3359, #3975, .T. ) ;
#1364 = DIRECTION ( 'NONE',  ( -0.000000000000000000, 2.770238703252648603E-16, 1.000000000000000000 ) ) ;
#1363 = CIRCLE ( 'NONE', #3313, 3.635000000000000231 ) ;
#1365 = CARTESIAN_POINT ( 'NONE',  ( 7.806255641895631925E-15, 6.723334115444744796, 4.303814744473265286 ) ) ;
#1366 = ORIENTED_EDGE ( 'NONE', *, *, #3790, .T. ) ;
#1367 = EDGE_CURVE ( 'NONE', #3349, #1215, #400, .T. ) ;
#1368 = CARTESIAN_POINT ( 'NONE',  ( 1.137779326598661545, 9.932656563835653429, -3.010597415800229992 ) ) ;
#1369 = CARTESIAN_POINT ( 'NONE',  ( -1.986857682832302352, 9.554924311125592595, 1.599992919978993955 ) ) ;
#1370 = CARTESIAN_POINT ( 'NONE',  ( 0.2000000000000005107, 6.261999999999995126, -3.635000000000002007 ) ) ;
#1371 = ORIENTED_EDGE ( 'NONE', *, *, #855, .F. ) ;
#1372 = CARTESIAN_POINT ( 'NONE',  ( 0.6025674830713417807, 9.133432793151635920, -3.889999834757499553 ) ) ;
#1373 = CARTESIAN_POINT ( 'NONE',  ( 0.8495664664482802664, 10.14142388290517793, 2.593734210465442835 ) ) ;
#1374 = CARTESIAN_POINT ( 'NONE',  ( 2.076278242394476781, 6.792236765701316514, -4.241515662226309935 ) ) ;
#1375 = CARTESIAN_POINT ( 'NONE',  ( 1.242338267995815482, 10.43640917271965840, 0.4894607850522795234 ) ) ;
#1376 = DIRECTION ( 'NONE',  ( 0.000000000000000000, 0.000000000000000000, -1.000000000000000000 ) ) ;
#1377 = CARTESIAN_POINT ( 'NONE',  ( 1.089000571875151424, 10.48420740549524410, -0.3404141598215373321 ) ) ;
#1378 = EDGE_CURVE ( 'NONE', #2994, #973, #1818, .T. ) ;
#1379 = LINE ( 'NONE', #89, #1147 ) ;
#1380 = CARTESIAN_POINT ( 'NONE',  ( 0.2136101385163539645, 11.12288123842074761, 0.07322175004241303353 ) ) ;
#1381 = DIRECTION ( 'NONE',  ( 0.000000000000000000, -2.770238703252648603E-16, -1.000000000000000000 ) ) ;
#1382 = CARTESIAN_POINT ( 'NONE',  ( 0.04951406688468702050, 9.810673984352407118, -3.283960164301594986 ) ) ;
#1383 = CYLINDRICAL_SURFACE ( 'NONE', #1360, 3.500000000000000000 ) ;
#1384 = CARTESIAN_POINT ( 'NONE',  ( 7.806255641895631925E-15, 6.450940218077469979, 4.389999007942145148 ) ) ;
#1385 = ORIENTED_EDGE ( 'NONE', *, *, #1120, .T. ) ;
#1386 = CARTESIAN_POINT ( 'NONE',  ( 0.6572769185279710991, 10.17814375215811573, -2.683514351520519092 ) ) ;
#1387 = ADVANCED_FACE ( 'NONE', ( #1544 ), #4036, .F. ) ;
#1388 = CARTESIAN_POINT ( 'NONE',  ( 0.6553890948134591943, 9.174971498899404665, -3.856471464052041220 ) ) ;
#1389 = DIRECTION ( 'NONE',  ( 0.000000000000000000, 1.000000000000000000, -3.462798379065810878E-16 ) ) ;
#1390 = ORIENTED_EDGE ( 'NONE', *, *, #2693, .T. ) ;
#1391 = FACE_OUTER_BOUND ( 'NONE', #2342, .T. ) ;
#1392 = CARTESIAN_POINT ( 'NONE',  ( 0.4873006577500641479, 10.83515258771772771, 0.4894366971097620644 ) ) ;
#1393 = CARTESIAN_POINT ( 'NONE',  ( -0.1996470916111585669, 8.896055631914638440, 1.699992919978997818 ) ) ;
#1394 = CARTESIAN_POINT ( 'NONE',  ( 1.365312357925301923, 10.42979309350111450, -0.3404062801372109148 ) ) ;
#1395 = CARTESIAN_POINT ( 'NONE',  ( 1.149999999999997469, 9.955835528871345375, 1.981952408331489668 ) ) ;
#1396 = CARTESIAN_POINT ( 'NONE',  ( 0.1402753670971015054, 11.10270328973772536, 0.3974690574514377350 ) ) ;
#1397 = CARTESIAN_POINT ( 'NONE',  ( 2.630593961864087671, 9.425172950586018672, 3.491526325517039453 ) ) ;
#1398 = ORIENTED_EDGE ( 'NONE', *, *, #2062, .T. ) ;
#1399 = CARTESIAN_POINT ( 'NONE',  ( 19.09653955668780156, -6.310571018243626540, 0.8886726564516821414 ) ) ;
#1400 = CARTESIAN_POINT ( 'NONE',  ( 1.112802856038946020, 9.797992289795065091, 3.124005851367718023 ) ) ;
#1401 = ORIENTED_EDGE ( 'NONE', *, *, #3802, .F. ) ;
#1402 = CARTESIAN_POINT ( 'NONE',  ( -0.2958069018885167711, 10.38112650706389672, -2.683541687279968890 ) ) ;
#1403 = CARTESIAN_POINT ( 'NONE',  ( 0.5465354627875691484, 9.130575754093680274, -3.892363071171681455 ) ) ;
#1404 = DIRECTION ( 'NONE',  ( 0.000000000000000000, 1.000000000000000000, -3.462798379065810754E-17 ) ) ;
#1405 = VERTEX_POINT ( 'NONE', #3745 ) ;
#1406 = EDGE_CURVE ( 'NONE', #4065, #2289, #3366, .T. ) ;
#1407 = CARTESIAN_POINT ( 'NONE',  ( 1.149999999999987477, 10.19007474000520475, 0.1239230520415464526 ) ) ;
#1408 = VERTEX_POINT ( 'NONE', #3061 ) ;
#1409 = EDGE_CURVE ( 'NONE', #1657, #315, #1947, .T. ) ;
#1410 = CARTESIAN_POINT ( 'NONE',  ( 1.086646195041528262, 10.47816886760737098, 0.4894562316596819951 ) ) ;
#1411 = DIRECTION ( 'NONE',  ( -1.000000000000000000, -0.000000000000000000, -0.000000000000000000 ) ) ;
#1412 = AXIS2_PLACEMENT_3D ( 'NONE', #2364, #1355, #3658 ) ;
#1413 = CARTESIAN_POINT ( 'NONE',  ( 0.4158272959081630860, 10.85596312940948671, -0.6808850497071049501 ) ) ;
#1414 = CARTESIAN_POINT ( 'NONE',  ( 0.7795099027721361651, 9.918483645212399225, -3.092195698785093150 ) ) ;
#1415 = CARTESIAN_POINT ( 'NONE',  ( 0.5592083822155290429, 10.80242875365077104, -0.3112248987098838460 ) ) ;
#1416 = CARTESIAN_POINT ( 'NONE',  ( 0.8519076013702318040, 9.837811450822385950, 3.208276938921250210 ) ) ;
#1417 = VECTOR ( 'NONE', #1494, 1000.000000000000000 ) ;
#1418 = VERTEX_POINT ( 'NONE', #462 ) ;
#1419 = DIRECTION ( 'NONE',  ( 0.000000000000000000, 0.000000000000000000, 1.000000000000000000 ) ) ;
#1420 = AXIS2_PLACEMENT_3D ( 'NONE', #693, #1305, #3567 ) ;
#1421 = VECTOR ( 'NONE', #867, 1000.000000000000000 ) ;
#1422 = CARTESIAN_POINT ( 'NONE',  ( 0.1499298435010887331, 9.820992693965521880, 3.272898425024045377 ) ) ;
#1423 = ORIENTED_EDGE ( 'NONE', *, *, #238, .T. ) ;
#1424 = PRODUCT_DEFINITION_FORMATION_WITH_SPECIFIED_SOURCE ( 'ไป', '', #490, .NOT_KNOWN. ) ;
#1425 = AXIS2_PLACEMENT_3D ( 'NONE', #2314, #704, #72 ) ;
#1426 = CARTESIAN_POINT ( 'NONE',  ( 1.164681416720028118, 10.37434372448453601, -1.248275677794728589 ) ) ;
#1427 = CARTESIAN_POINT ( 'NONE',  ( 0.7518378793352324951, 9.175629324998320513, -3.858493515945261354 ) ) ;
#1428 = DIRECTION ( 'NONE',  ( 0.000000000000000000, 1.000000000000000000, -6.925596758131621509E-17 ) ) ;
#1429 = VERTEX_POINT ( 'NONE', #813 ) ;
#1430 = DIRECTION ( 'NONE',  ( -1.000000000000000000, -0.000000000000000000, -0.000000000000000000 ) ) ;
#1431 = ADVANCED_FACE ( 'NONE', ( #1162 ), #1779, .F. ) ;
#1432 = ORIENTED_EDGE ( 'NONE', *, *, #2294, .F. ) ;
#1433 = CARTESIAN_POINT ( 'NONE',  ( 0.9333249265485743518, 10.08084501364544394, 2.803682860452714642 ) ) ;
#1434 = CARTESIAN_POINT ( 'NONE',  ( 19.09653955668778025, -13.48675902080174893, -12.32331457406427866 ) ) ;
#1435 = CARTESIAN_POINT ( 'NONE',  ( 0.9295661940661412714, 10.54360241926361397, -0.2269358968943328558 ) ) ;
#1436 = EDGE_CURVE ( 'NONE', #1636, #800, #789, .T. ) ;
#1437 = CARTESIAN_POINT ( 'NONE',  ( 1.821278407638415198, 6.261999999999996014, 3.635000000000001119 ) ) ;
#1438 = CARTESIAN_POINT ( 'NONE',  ( 0.6088416461736503305, 10.77179705659374775, -0.1451319293514968523 ) ) ;
#1439 = CARTESIAN_POINT ( 'NONE',  ( 0.8600750259786966723, 9.873683809087264507, 3.146856685017660471 ) ) ;
#1440 = ORIENTED_EDGE ( 'NONE', *, *, #2366, .F. ) ;
#1441 = CARTESIAN_POINT ( 'NONE',  ( 0.1757815422676063111, 11.04871309196101237, 0.08891798924128467563 ) ) ;
#1442 = CARTESIAN_POINT ( 'NONE',  ( 1.148427743031925630, 9.163556874624879001, 3.864240693215016620 ) ) ;
#1443 = DIRECTION ( 'NONE',  ( 0.000000000000000000, -2.386139581811289062E-16, -1.000000000000000000 ) ) ;
#1444 = ORIENTED_EDGE ( 'NONE', *, *, #3032, .F. ) ;
#1445 = CARTESIAN_POINT ( 'NONE',  ( 1.729895488067852094, 9.262950371294204288, 3.761723296023679719 ) ) ;
#1446 = CARTESIAN_POINT ( 'NONE',  ( 0.5237223978252791845, 10.55241504145899967, -1.802358947247978183 ) ) ;
#1447 = CARTESIAN_POINT ( 'NONE',  ( 0.7664025397401982298, 9.268222114150862723, -3.786531629134351817 ) ) ;
#1448 = CARTESIAN_POINT ( 'NONE',  ( 2.849999999999999201, -8.171418108475526410, 3.853001940923209023 ) ) ;
#1449 = ORIENTED_EDGE ( 'NONE', *, *, #2465, .F. ) ;
#1450 = EDGE_CURVE ( 'NONE', #889, #484, #139, .T. ) ;
#1451 = DIRECTION ( 'NONE',  ( 0.000000000000000000, -1.000000000000000000, 2.770238703252648603E-16 ) ) ;
#1452 = ORIENTED_EDGE ( 'NONE', *, *, #2693, .F. ) ;
#1453 = CARTESIAN_POINT ( 'NONE',  ( -0.1804655637934878543, 10.67187083141265624, 2.269613809574242858 ) ) ;
#1454 = CARTESIAN_POINT ( 'NONE',  ( -0.02582888196120794455, 9.895732590854219524, -3.189498609107078497 ) ) ;
#1455 = CARTESIAN_POINT ( 'NONE',  ( -0.3999999999999999667, -6.261999999999996014, -3.134999999999999787 ) ) ;
#1456 = PLANE ( 'NONE',  #1830 ) ;
#1457 = CARTESIAN_POINT ( 'NONE',  ( 0.8336438370687559996, 9.758924906033660918, 3.322082231994705204 ) ) ;
#1458 = LINE ( 'NONE', #4034, #3713 ) ;
#1459 = CARTESIAN_POINT ( 'NONE',  ( 0.1752298383724293362, 11.04728623284416145, 0.1333744075390117245 ) ) ;
#1460 = ADVANCED_FACE ( 'NONE', ( #481 ), #3470, .F. ) ;
#1461 = DIRECTION ( 'NONE',  ( 0.000000000000000000, 0.000000000000000000, -1.000000000000000000 ) ) ;
#1462 = CARTESIAN_POINT ( 'NONE',  ( -0.1996470916111590388, 6.261999999999995126, -3.135000000000000231 ) ) ;
#1463 = ORIENTED_EDGE ( 'NONE', *, *, #2051, .F. ) ;
#1464 = EDGE_CURVE ( 'NONE', #1981, #4008, #1199, .T. ) ;
#1465 = DIRECTION ( 'NONE',  ( 0.000000000000000000, 0.7657381257189905810, -0.6431524879998267163 ) ) ;
#1466 = CARTESIAN_POINT ( 'NONE',  ( 0.3319029264830537507, 10.63828909821289770, -1.802364909142148086 ) ) ;
#1467 = CARTESIAN_POINT ( 'NONE',  ( 0.7490671466934930578, 9.174308672794760255, -3.859494340052803452 ) ) ;
#1468 = CARTESIAN_POINT ( 'NONE',  ( 1.909836165767754945, 9.293468024057021992, 3.723557758129348638 ) ) ;
#1469 = ORIENTED_EDGE ( 'NONE', *, *, #1226, .F. ) ;
#1470 = LINE ( 'NONE', #865, #3712 ) ;
#1471 = EDGE_LOOP ( 'NONE', ( #140, #1658, #473, #2752 ) ) ;
#1472 = CARTESIAN_POINT ( 'NONE',  ( 1.250341033946813729, 10.13192011312502672, 2.269657251755078153 ) ) ;
#1473 = DIRECTION ( 'NONE',  ( 0.000000000000000000, 1.000000000000000000, -0.000000000000000000 ) ) ;
#1474 = CARTESIAN_POINT ( 'NONE',  ( -0.03171040592111736695, 11.10076701093190188, -0.2269670705473069705 ) ) ;
#1475 = DIRECTION ( 'NONE',  ( 0.000000000000000000, -0.4616561821195414028, 0.8870589436507638759 ) ) ;
#1476 = CARTESIAN_POINT ( 'NONE',  ( 0.1384735809185528577, 10.30445822971260839, -2.613805295297853437 ) ) ;
#1477 = CARTESIAN_POINT ( 'NONE',  ( 0.03104497347821914138, 9.962545188667597529, -3.109705219831906842 ) ) ;
#1478 = CARTESIAN_POINT ( 'NONE',  ( 1.138040114723203988, 9.639844778769328215, -2.973713881510236412 ) ) ;
#1479 = CARTESIAN_POINT ( 'NONE',  ( 0.3738516504044549493, 10.95340372041868804, 0.08892421325927971076 ) ) ;
#1480 = CARTESIAN_POINT ( 'NONE',  ( 3.052371094064744992E-05, 9.821555175218867006, -3.272209548605242713 ) ) ;
#1481 = AXIS2_PLACEMENT_3D ( 'NONE', #3992, #1091, #371 ) ;
#1482 = CARTESIAN_POINT ( 'NONE',  ( 19.09653955668780156, -8.429684714558714376, -3.696264056891617855 ) ) ;
#1483 = CARTESIAN_POINT ( 'NONE',  ( 1.364221643134335915, 9.712776870155602538, 3.175447948835075529 ) ) ;
#1484 = EDGE_CURVE ( 'NONE', #4169, #3998, #879, .T. ) ;
#1485 = ORIENTED_EDGE ( 'NONE', *, *, #885, .T. ) ;
#1487 = VECTOR ( 'NONE', #3150, 1000.000000000000114 ) ;
#1486 = FACE_OUTER_BOUND ( 'NONE', #1471, .T. ) ;
#1488 = CARTESIAN_POINT ( 'NONE',  ( 1.322833675938046571, 10.31958958595055975, -1.248270926356580990 ) ) ;
#1489 = LINE ( 'NONE', #4064, #101 ) ;
#1490 = EDGE_CURVE ( 'NONE', #3960, #2507, #964, .T. ) ;
#1491 = VECTOR ( 'NONE', #283, 1000.000000000000000 ) ;
#1492 = AXIS2_PLACEMENT_3D ( 'NONE', #3911, #1733, #746 ) ;
#1493 = EDGE_LOOP ( 'NONE', ( #1527, #420, #3943, #1343, #1107, #3548 ) ) ;
#1494 = DIRECTION ( 'NONE',  ( 1.000000000000000000, 0.000000000000000000, 0.000000000000000000 ) ) ;
#1495 = VECTOR ( 'NONE', #207, 1000.000000000000000 ) ;
#1496 = CARTESIAN_POINT ( 'NONE',  ( 0.9270255521092988227, 10.54644132126017020, -0.5244820599972841446 ) ) ;
#1497 = VERTEX_POINT ( 'NONE', #1864 ) ;
#1498 = CARTESIAN_POINT ( 'NONE',  ( 0.8389478603851269201, 10.30885896698269555, 2.269644539299684016 ) ) ;
#1499 = B_SPLINE_SURFACE_WITH_KNOTS ( 'NONE', 3, 1, ( 
 ( #3239, #2588 ),
 ( #60, #2608 ),
 ( #20, #1365 ),
 ( #3941, #40 ),
 ( #2336, #1640 ),
 ( #3625, #3877 ),
 ( #976, #1384 ) ),
 .UNSPECIFIED., .F., .F., .F.,
 ( 4, 1, 1, 1, 4 ),
 ( 2, 2 ),
 ( 0.000000000000000000, 0.2500000000000000000, 0.5000000000000000000, 0.7500000000000000000, 1.000000000000000000 ),
 ( 0.000000000000000000, 1.000000000000000000 ),
 .UNSPECIFIED. ) ;
#1500 = CARTESIAN_POINT ( 'NONE',  ( -0.03414080423866084485, 9.932470735360780623, -3.147241361613059230 ) ) ;
#1501 = CARTESIAN_POINT ( 'NONE',  ( -0.02861767123032471841, 11.10010035381380256, -0.2269669817617999963 ) ) ;
#1502 = CARTESIAN_POINT ( 'NONE',  ( 1.149999999999999911, 9.573155911859085876, 2.963721592361586055 ) ) ;
#1503 = CARTESIAN_POINT ( 'NONE',  ( -0.004131317784020890546, 9.960020236647599390, -3.115211490817389794 ) ) ;
#1504 = CARTESIAN_POINT ( 'NONE',  ( -0.08867513459481161930, 6.261999999999994237, 3.134999999999996234 ) ) ;
#1505 = CARTESIAN_POINT ( 'NONE',  ( 1.149999999999999911, 9.554839657568933831, -2.926765834919732967 ) ) ;
#1506 = CARTESIAN_POINT ( 'NONE',  ( 0.3481825853403683335, 10.96832975380509545, 0.08892338033529441355 ) ) ;
#1507 = CARTESIAN_POINT ( 'NONE',  ( 2.076278242391246920, 5.570795175931601229, 5.482603939293115403 ) ) ;
#1508 = ADVANCED_FACE ( 'NONE', ( #1227 ), #2518, .F. ) ;
#1509 = CARTESIAN_POINT ( 'NONE',  ( 1.150000000000004130, -8.429429770794781618, -3.696413545766981112 ) ) ;
#1510 = EDGE_LOOP ( 'NONE', ( #1282, #1666, #3149, #2733, #1444 ) ) ;
#1511 = DIRECTION ( 'NONE',  ( -0.000000000000000000, -7.803527942889276700E-08, -0.9999999999999968914 ) ) ;
#1512 = CARTESIAN_POINT ( 'NONE',  ( 0.06142867784237186768, 10.75208822275330256, -1.802373241189909159 ) ) ;
#1513 = CARTESIAN_POINT ( 'NONE',  ( 1.138267969729176210, 9.650163152365301755, -2.951989562090749697 ) ) ;
#1514 = EDGE_LOOP ( 'NONE', ( #1868, #389, #3853, #2044 ) ) ;
#1515 = EDGE_CURVE ( 'NONE', #315, #2499, #3078, .T. ) ;
#1516 = CARTESIAN_POINT ( 'NONE',  ( 1.465933519685558073, 9.819843152823505505, -2.864797927157532786 ) ) ;
#1517 = CARTESIAN_POINT ( 'NONE',  ( 0.8887342552392794026, 10.29756068923683721, 2.103413472607605694 ) ) ;
#1518 = ORIENTED_EDGE ( 'NONE', *, *, #2290, .T. ) ;
#1519 = CARTESIAN_POINT ( 'NONE',  ( 0.2132669646113296846, 10.53723791500032725, 2.269625621461296650 ) ) ;
#1520 = CARTESIAN_POINT ( 'NONE',  ( -0.03404834462116029803, 9.933817905949416271, 3.145669687060885789 ) ) ;
#1521 = CARTESIAN_POINT ( 'NONE',  ( -0.3999999999999999667, 6.261999999999995126, -3.612924715517888075 ) ) ;
#1522 = CARTESIAN_POINT ( 'NONE',  ( 0.1809906358245217395, 10.41329701030880273, -2.400070311197611606 ) ) ;
#1523 = LINE ( 'NONE', #3468, #1693 ) ;
#1524 = CARTESIAN_POINT ( 'NONE',  ( 3.052371094064744992E-05, 9.821555175218867006, -3.272209548605242713 ) ) ;
#1525 = DIRECTION ( 'NONE',  ( 0.000000000000000000, -0.7655243148271971831, -0.6434069656200112064 ) ) ;
#1526 = FACE_OUTER_BOUND ( 'NONE', #3626, .T. ) ;
#1527 = ORIENTED_EDGE ( 'NONE', *, *, #3609, .F. ) ;
#1528 = EDGE_CURVE ( 'NONE', #3903, #611, #1281, .T. ) ;
#1529 = FACE_BOUND ( 'NONE', #409, .T. ) ;
#1530 = CARTESIAN_POINT ( 'NONE',  ( 1.303013322088518500, 10.36120551922923738, -1.021305725321628000 ) ) ;
#1531 = LINE ( 'NONE', #554, #1084 ) ;
#1532 = ORIENTED_EDGE ( 'NONE', *, *, #1464, .T. ) ;
#1533 = CARTESIAN_POINT ( 'NONE',  ( 0.6352089634182770395, 9.780195139115511083, -3.337707486596913853 ) ) ;
#1534 = DIRECTION ( 'NONE',  ( 0.000000000000000000, 0.000000000000000000, 1.000000000000000000 ) ) ;
#1535 = VERTEX_POINT ( 'NONE', #3491 ) ;
#1536 = ADVANCED_FACE ( 'NONE', ( #618 ), #1886, .T. ) ;
#1537 = CARTESIAN_POINT ( 'NONE',  ( -0.009259152433043385533, 10.30550545559059294, 2.803655581372272110 ) ) ;
#1538 = CARTESIAN_POINT ( 'NONE',  ( 1.150000000008693846, 10.20822318319028277, -2.059760759763774818 ) ) ;
#1539 = CARTESIAN_POINT ( 'NONE',  ( 1.041946355651136136, 9.950251625532539279, 2.855667948012722057 ) ) ;
#1540 = CARTESIAN_POINT ( 'NONE',  ( 0.01567386915745451470, 9.903062049994552751, -3.180425402761714260 ) ) ;
#1541 = EDGE_CURVE ( 'NONE', #3392, #114, #661, .T. ) ;
#1542 = CARTESIAN_POINT ( 'NONE',  ( 0.7500000000000000000, 9.174861092448718836, 3.859075699710799778 ) ) ;
#1543 = CARTESIAN_POINT ( 'NONE',  ( 1.401963010436127144, 10.43187788831668250, 0.2669159683537575822 ) ) ;
#1544 = FACE_OUTER_BOUND ( 'NONE', #883, .T. ) ;
#1545 = CARTESIAN_POINT ( 'NONE',  ( 0.7500000000000000000, 9.174861092449047462, -3.859075699710557306 ) ) ;
#1546 = CARTESIAN_POINT ( 'NONE',  ( 1.850623092836725325, 9.282981571864800330, -3.737348740362891775 ) ) ;
#1547 = CARTESIAN_POINT ( 'NONE',  ( 1.461203736480080062, 9.821259260803337554, 2.863925630235450992 ) ) ;
#1548 = ORIENTED_EDGE ( 'NONE', *, *, #592, .F. ) ;
#1549 = VERTEX_POINT ( 'NONE', #1931 ) ;
#1550 = LINE ( 'NONE', #4101, #2760 ) ;
#1551 = CARTESIAN_POINT ( 'NONE',  ( -0.06273565553028584429, 11.02026706474921980, -1.021348660857340329 ) ) ;
#1552 = AXIS2_PLACEMENT_3D ( 'NONE', #3316, #1052, #1376 ) ;
#1553 = DIRECTION ( 'NONE',  ( -1.000000000000000000, -0.000000000000000000, -0.000000000000000000 ) ) ;
#1554 = VERTEX_POINT ( 'NONE', #948 ) ;
#1555 = VECTOR ( 'NONE', #579, 1000.000000000000000 ) ;
#1556 = CIRCLE ( 'NONE', #3919, 0.3999999999999998557 ) ;
#1557 = CARTESIAN_POINT ( 'NONE',  ( -1.883181166592885925, 10.41782166289529421, 1.599999999999997202 ) ) ;
#1558 = EDGE_CURVE ( 'NONE', #2456, #190, #3163, .T. ) ;
#1559 = AXIS2_PLACEMENT_3D ( 'NONE', #1504, #154, #240 ) ;
#1560 = CARTESIAN_POINT ( 'NONE',  ( 0.8999268444389801891, 10.36241419891150528, 1.845748745510408240 ) ) ;
#1561 = ORIENTED_EDGE ( 'NONE', *, *, #740, .F. ) ;
#1562 = CARTESIAN_POINT ( 'NONE',  ( -0.5538220704313179255, 9.747401895559038465, 3.337680342410635603 ) ) ;
#1563 = CARTESIAN_POINT ( 'NONE',  ( -0.08867513459481161930, -6.261999999999994237, 3.134999999999996234 ) ) ;
#1564 = CARTESIAN_POINT ( 'NONE',  ( 0.000000000000000000, 6.261999999999995126, 4.834999999999995524 ) ) ;
#1565 = CYLINDRICAL_SURFACE ( 'NONE', #3311, 3.635000000000001563 ) ;
#1566 = CARTESIAN_POINT ( 'NONE',  ( 0.7530821386929531513, 9.179622715945571443, 3.855462840728545171 ) ) ;
#1567 = CARTESIAN_POINT ( 'NONE',  ( 1.089430056935556834, 10.48536884582941120, 0.2669071380967761864 ) ) ;
#1568 = CARTESIAN_POINT ( 'NONE',  ( 2.076278242394820062, 4.237426952879387976, 4.389999007942277487 ) ) ;
#1569 = EDGE_CURVE ( 'NONE', #3560, #1535, #3536, .T. ) ;
#1570 = CARTESIAN_POINT ( 'NONE',  ( -2.726623035510738813, 9.303833628294318814, 3.564121358292783292E-15 ) ) ;
#1571 = CARTESIAN_POINT ( 'NONE',  ( 0.1356964154369444953, 9.495564135125004412, 1.399993391979997392 ) ) ;
#1572 = CARTESIAN_POINT ( 'NONE',  ( 1.393798390486766348, 9.756548197161126978, 3.070370155579215776 ) ) ;
#1573 = ORIENTED_EDGE ( 'NONE', *, *, #1367, .F. ) ;
#1574 = EDGE_LOOP ( 'NONE', ( #1823, #506, #4049 ) ) ;
#1575 = CARTESIAN_POINT ( 'NONE',  ( -2.234557944764109430E-14, 6.261999999999988908, -1.600007080021021766 ) ) ;
#1576 = CYLINDRICAL_SURFACE ( 'NONE', #2106, 3.635000000000002007 ) ;
#1577 = VERTEX_POINT ( 'NONE', #3871 ) ;
#1578 = CARTESIAN_POINT ( 'NONE',  ( 2.076278242394820062, 4.237426279435009491, 3.889999834756405761 ) ) ;
#1579 = CARTESIAN_POINT ( 'NONE',  ( 0.8171780665290879764, 10.03952679431429296, 2.853046630610298617 ) ) ;
#1580 = CARTESIAN_POINT ( 'NONE',  ( 0.0007395952079647124091, 10.22230531523225316, -2.780060191743208620 ) ) ;
#1581 = ORIENTED_EDGE ( 'NONE', *, *, #1615, .T. ) ;
#1582 = CARTESIAN_POINT ( 'NONE',  ( 0.3689012862485678279, 9.771648211696195574, 3.337704550560626426 ) ) ;
#1583 = CARTESIAN_POINT ( 'NONE',  ( 1.182834600627229005, 10.46793672234492689, 0.08895061754114828856 ) ) ;
#1584 = FACE_OUTER_BOUND ( 'NONE', #3789, .T. ) ;
#1585 = DIRECTION ( 'NONE',  ( -1.000000000000000000, -0.000000000000000000, -0.000000000000000000 ) ) ;
#1586 = CARTESIAN_POINT ( 'NONE',  ( 4.549999999999999822, 2.237426941174172068, 4.240000000000094360 ) ) ;
#1587 = CARTESIAN_POINT ( 'NONE',  ( 0.6791461936118856624, 10.70329238053486343, 0.4003967921001981844 ) ) ;
#1588 = DIRECTION ( 'NONE',  ( -1.000000000000000000, -0.000000000000000000, -0.000000000000000000 ) ) ;
#1589 = CARTESIAN_POINT ( 'NONE',  ( 0.05176466094552593239, 9.812995201507124676, -3.281413551631279013 ) ) ;
#1590 = VERTEX_POINT ( 'NONE', #245 ) ;
#1591 = ORIENTED_EDGE ( 'NONE', *, *, #3029, .T. ) ;
#1592 = EDGE_CURVE ( 'NONE', #3152, #204, #2029, .T. ) ;
#1593 = CARTESIAN_POINT ( 'NONE',  ( 1.729895488067828113, 9.262950371294198959, 3.761723296023684604 ) ) ;
#1594 = DIRECTION ( 'NONE',  ( -0.000000000000000000, 0.4631185169694301274, 0.8862963608410201477 ) ) ;
#1595 = ORIENTED_EDGE ( 'NONE', *, *, #2267, .F. ) ;
#1596 = CARTESIAN_POINT ( 'NONE',  ( -0.3999999999999999667, -6.261999999999995126, 0.000000000000000000 ) ) ;
#1597 = ORIENTED_EDGE ( 'NONE', *, *, #771, .T. ) ;
#1598 = CARTESIAN_POINT ( 'NONE',  ( 0.7182528392098604941, 9.782865356977659133, 3.337713695162264127 ) ) ;
#1599 = CARTESIAN_POINT ( 'NONE',  ( 1.150000000000025446, 10.11132639887831886, -1.243867991347950452 ) ) ;
#1600 = CARTESIAN_POINT ( 'NONE',  ( 1.199480321718358056, 10.46467024417729874, 0.08895109211491179779 ) ) ;
#1601 = CARTESIAN_POINT ( 'NONE',  ( 0.2000000000000022593, 6.261999999999996014, 3.635000000000001119 ) ) ;
#1602 = CARTESIAN_POINT ( 'NONE',  ( 0.7753664078067670218, 9.347143772570204234, -3.722187313506980733 ) ) ;
#1603 =( NAMED_UNIT ( * ) PLANE_ANGLE_UNIT ( ) SI_UNIT ( $, .RADIAN. ) );
#1604 = CARTESIAN_POINT ( 'NONE',  ( -0.02810558599123666110, 11.10145644979291291, 0.1333684645279251679 ) ) ;
#1605 = CARTESIAN_POINT ( 'NONE',  ( -0.3999999999999999667, -6.261999999999995126, -3.612924715517887186 ) ) ;
#1606 = CARTESIAN_POINT ( 'NONE',  ( -1.883181166592885925, 7.696999999999993847, 1.599999999999997868 ) ) ;
#1607 = CARTESIAN_POINT ( 'NONE',  ( 0.009029992515114099519, 9.864293534665053542, 3.224822790623191882 ) ) ;
#1608 = ORIENTED_EDGE ( 'NONE', *, *, #137, .F. ) ;
#1609 = VERTEX_POINT ( 'NONE', #3513 ) ;
#1610 = CARTESIAN_POINT ( 'NONE',  ( 1.554441903343280362, 9.234617333566919939, 3.795433887378952598 ) ) ;
#1611 = CARTESIAN_POINT ( 'NONE',  ( -0.3134218633402667264, 9.195564607126003764, 1.699992919978997818 ) ) ;
#1612 = ORIENTED_EDGE ( 'NONE', *, *, #2345, .T. ) ;
#1613 = VECTOR ( 'NONE', #2101, 1000.000000000000000 ) ;
#1614 = CARTESIAN_POINT ( 'NONE',  ( 0.1356964154369441899, 9.495564135125004412, -1.399993391980002277 ) ) ;
#1615 = EDGE_CURVE ( 'NONE', #3201, #2651, #124, .T. ) ;
#1616 = CARTESIAN_POINT ( 'NONE',  ( 0.05886229336598449574, 9.195564607126003764, 1.699992919978997818 ) ) ;
#1617 = CARTESIAN_POINT ( 'NONE',  ( 0.8873514022117062749, 10.07740695501976980, -2.701072994573280095 ) ) ;
#1618 = VECTOR ( 'NONE', #3550, 1000.000000000000000 ) ;
#1619 = ORIENTED_EDGE ( 'NONE', *, *, #3315, .F. ) ;
#1620 = FACE_OUTER_BOUND ( 'NONE', #1298, .T. ) ;
#1621 = CARTESIAN_POINT ( 'NONE',  ( 1.149999999999999911, -6.261999999999995126, -3.635000000000002007 ) ) ;
#1622 = CIRCLE ( 'NONE', #3983, 6.000000000000000000 ) ;
#1623 = CLOSED_SHELL ( 'NONE', ( #2854, #583, #3452, #2418, #3086, #106, #2883, #3757, #1108, #3153, #1536, #502, #2573, #2190, #2615, #2703, #3695, #3294, #1508, #955, #2112, #65, #3572, #1810, #4089, #1893, #2902, #2828, #3342, #1335, #271, #3615, #1824, #3684, #2843, #3593, #284, #2115, #379, #31, #3750, #2395, #1387, #1049, #413, #2596, #3634, #3907, #1431, #2800, #1660, #3322, #1151, #3526, #776, #2391, #4038, #3244, #561, #2684, #3561, #3965, #3482, #2013, #1067, #1760, #546, #788, #2238, #1174, #2777, #4094, #2965, #2034, #831, #2792, #3994, #637, #1687, #96, #1460, #936, #1792, #2158, #1255, #1912, #2756, #4149 ) ) ;
#1624 = CARTESIAN_POINT ( 'NONE',  ( -0.02413976160476113964, 11.10303742128720295, -0.06902737898029395747 ) ) ;
#1625 = CARTESIAN_POINT ( 'NONE',  ( 2.076278242395389384, 6.723334115444744796, 4.303814744473265286 ) ) ;
#1626 = AXIS2_PLACEMENT_3D ( 'NONE', #4025, #2774, #3364 ) ;
#1627 = VECTOR ( 'NONE', #37, 1000.000000000000000 ) ;
#1628 = CARTESIAN_POINT ( 'NONE',  ( 0.7603365675423601200, 9.773646369526424849, -3.326387115718545839 ) ) ;
#1629 = CARTESIAN_POINT ( 'NONE',  ( 0.9297390942775694000, 10.54410020831012318, 0.4004050612560250966 ) ) ;
#1630 = LINE ( 'NONE', #2266, #2825 ) ;
#1631 = CARTESIAN_POINT ( 'NONE',  ( -0.06882168168283031573, 10.96973029263563859, -1.248314457322921900 ) ) ;
#1632 = AXIS2_PLACEMENT_3D ( 'NONE', #273, #910, #3479 ) ;
#1633 = CARTESIAN_POINT ( 'NONE',  ( 0.2786088392940191949, 9.822331869012518979, -3.271861750472130570 ) ) ;
#1634 = CARTESIAN_POINT ( 'NONE',  ( 0.1361493274107459239, 10.30324236398027260, 2.617451605521771807 ) ) ;
#1635 = ORIENTED_EDGE ( 'NONE', *, *, #3459, .F. ) ;
#1636 = VERTEX_POINT ( 'NONE', #1605 ) ;
#1637 =( BOUNDED_SURFACE ( )  B_SPLINE_SURFACE ( 3, 2, ( 
 ( #1784, #3066, #796 ),
 ( #2748, #4043, #1144 ),
 ( #2441, #711, #2024 ),
 ( #3304, #387, #267 ),
 ( #1913, #1633, #880 ),
 ( #3212, #4144, #3826 ),
 ( #3232, #3848, #950 ),
 ( #2203, #4186, #2182 ),
 ( #2557, #2247, #3538 ),
 ( #1589, #287, #3786 ),
 ( #3190, #2877, #923 ),
 ( #3806, #1270, #4166 ) ),
 .UNSPECIFIED., .F., .F., .F. ) 
 B_SPLINE_SURFACE_WITH_KNOTS ( ( 4, 2, 2, 2, 2, 4 ),
 ( 3, 3 ),
 ( 0.006548453698001757174, 0.006922700756462087796, 0.007109824285692253540, 0.007203386050307336412, 0.007250166932614878282, 0.007296947814922419284 ),
 ( 0.000000000000000000, 1.000000000000000000 ),
 .UNSPECIFIED. ) 
 GEOMETRIC_REPRESENTATION_ITEM ( )  RATIONAL_B_SPLINE_SURFACE ( (
 ( 1.000000000000000000, 0.9847151671983285226, 1.000000000000000000),
 ( 1.000000000000000000, 0.9908894242250262385, 1.000000000000000000),
 ( 1.000000000000000000, 0.9947932513605607374, 1.000000000000000000),
 ( 1.000000000000000000, 0.9981249382055754626, 1.000000000000000000),
 ( 1.000000000000000000, 0.9988374652615014115, 1.000000000000000000),
 ( 1.000000000000000000, 0.9995135269320426508, 1.000000000000000000),
 ( 1.000000000000000000, 0.9996731424350757678, 1.000000000000000000),
 ( 1.000000000000000000, 0.9998377306431519562, 1.000000000000000000),
 ( 1.000000000000000000, 0.9998801363640226203, 1.000000000000000000),
 ( 1.000000000000000000, 0.9999438740640225198, 1.000000000000000000),
 ( 1.000000000000000000, 0.9999653740541687430, 1.000000000000000000),
 ( 1.000000000000000000, 0.9999772055090104805, 1.000000000000000000) ) ) 
 REPRESENTATION_ITEM ( '' )  SURFACE ( )  );
#1638 = EDGE_CURVE ( 'NONE', #1231, #3249, #2894, .T. ) ;
#1639 = CARTESIAN_POINT ( 'NONE',  ( 0.7423087707804789659, 9.201460747792490125, 3.838795180344691804 ) ) ;
#1640 = CARTESIAN_POINT ( 'NONE',  ( 7.806255641895631925E-15, 6.550838079936350589, 4.382242293238809872 ) ) ;
#1641 = ORIENTED_EDGE ( 'NONE', *, *, #890, .T. ) ;
#1642 = CARTESIAN_POINT ( 'NONE',  ( 1.209093955330580616, 10.11760121638689114, -2.356400797972340921 ) ) ;
#1643 = CARTESIAN_POINT ( 'NONE',  ( 0.7499999999748100388, 9.392905023746205728, -3.141123800852292369 ) ) ;
#1644 = CARTESIAN_POINT ( 'NONE',  ( -0.3999999999999999667, -6.261999999999995126, -3.612924715517888075 ) ) ;
#1645 = ORIENTED_EDGE ( 'NONE', *, *, #3880, .T. ) ;
#1646 = EDGE_CURVE ( 'NONE', #2289, #2811, #266, .T. ) ;
#1647 = DIRECTION ( 'NONE',  ( 0.000000000000000000, 0.000000000000000000, 1.000000000000000000 ) ) ;
#1648 = CARTESIAN_POINT ( 'NONE',  ( 1.909872154965565505, 9.293440659701445838, -3.723593747327135439 ) ) ;
#1649 = CYLINDRICAL_SURFACE ( 'NONE', #518, 4.834999999999999076 ) ;
#1650 = CARTESIAN_POINT ( 'NONE',  ( 0.1559225756027976806, 9.460681367146777987, 1.561458363237913094 ) ) ;
#1651 = EDGE_CURVE ( 'NONE', #1723, #2170, #1630, .T. ) ;
#1652 = CARTESIAN_POINT ( 'NONE',  ( 1.264093757697856146, 10.26051880849388986, 1.735622812800459380 ) ) ;
#1653 = CARTESIAN_POINT ( 'NONE',  ( -0.4000000000000001887, 11.73084045921505947, 1.599999999999997424 ) ) ;
#1654 = CARTESIAN_POINT ( 'NONE',  ( 1.189231080638500693, 10.43803690521829175, -0.6808602788812392337 ) ) ;
#1655 = CARTESIAN_POINT ( 'NONE',  ( 0.8335803694719771118, 9.759011098113573368, -3.322071681420078360 ) ) ;
#1656 = CARTESIAN_POINT ( 'NONE',  ( 0.2000000000000000111, -6.261999999999995126, -3.635000000000000231 ) ) ;
#1657 = VERTEX_POINT ( 'NONE', #3188 ) ;
#1658 = ORIENTED_EDGE ( 'NONE', *, *, #1776, .T. ) ;
#1659 = LINE ( 'NONE', #2945, #2639 ) ;
#1660 = ADVANCED_FACE ( 'NONE', ( #2246 ), #1313, .F. ) ;
#1661 = CARTESIAN_POINT ( 'NONE',  ( 0.000000000000000000, -6.261999999999995126, 0.000000000000000000 ) ) ;
#1662 = VERTEX_POINT ( 'NONE', #1568 ) ;
#1663 = CARTESIAN_POINT ( 'NONE',  ( 0.1895514506149202638, 10.06292041076403976, -3.010623879461821861 ) ) ;
#1664 = DIRECTION ( 'NONE',  ( -1.000000000000000000, 1.830951870087662524E-15, 0.000000000000000000 ) ) ;
#1665 = LINE ( 'NONE', #3412, #3778 ) ;
#1666 = ORIENTED_EDGE ( 'NONE', *, *, #700, .F. ) ;
#1667 = CARTESIAN_POINT ( 'NONE',  ( 4.549999999999999822, 2.237426952879386644, 4.389999007942367193 ) ) ;
#1668 = CARTESIAN_POINT ( 'NONE',  ( 0.9235534653007738681, 10.55275721490170504, 0.2462899831531175365 ) ) ;
#1669 = EDGE_CURVE ( 'NONE', #3921, #3652, #2939, .T. ) ;
#1670 = CARTESIAN_POINT ( 'NONE',  ( 0.7567294616711832678, 9.195909613649655867, -3.843034326196528294 ) ) ;
#1671 = CARTESIAN_POINT ( 'NONE',  ( -0.02912502226382028894, 11.08147153012249753, 0.4894204915921612775 ) ) ;
#1672 = LINE ( 'NONE', #2032, #3845 ) ;
#1673 = CARTESIAN_POINT ( 'NONE',  ( 0.1557708429024441676, 10.99677182602750136, -0.6808933817548665779 ) ) ;
#1674 = B_SPLINE_CURVE_WITH_KNOTS ( 'NONE', 3,
 ( #3497, #575, #3429, #3170 ),
 .UNSPECIFIED., .F., .F.,
 ( 4, 4 ),
 ( 2.810573257811611004E-18, 0.0004171571870383127120 ),
 .UNSPECIFIED. ) ;
#1675 = EDGE_CURVE ( 'NONE', #2683, #2665, #3889, .T. ) ;
#1676 = CARTESIAN_POINT ( 'NONE',  ( 2.087285912020411693, 9.325524924656949821, -3.681368083212187781 ) ) ;
#1677 = CARTESIAN_POINT ( 'NONE',  ( 0.01260399044858798341, 10.96694525632538308, 1.181678716987382360 ) ) ;
#1678 = ORIENTED_EDGE ( 'NONE', *, *, #2461, .F. ) ;
#1679 = DIRECTION ( 'NONE',  ( 0.7071067811865474617, -0.000000000000000000, -0.7071067811865474617 ) ) ;
#1680 = CARTESIAN_POINT ( 'NONE',  ( 0.05886229336598408635, 9.195564607126003764, -1.699992919979002481 ) ) ;
#1681 = ORIENTED_EDGE ( 'NONE', *, *, #2990, .F. ) ;
#1682 = CARTESIAN_POINT ( 'NONE',  ( 1.001459534053878109, 9.951029365496706802, -3.010601216665723001 ) ) ;
#1683 = CARTESIAN_POINT ( 'NONE',  ( 0.8873514022117062749, 10.07740695501976980, -2.701072994573280095 ) ) ;
#1684 = DIRECTION ( 'NONE',  ( -1.000000000000000000, -0.000000000000000000, -0.000000000000000000 ) ) ;
#1685 = ORIENTED_EDGE ( 'NONE', *, *, #161, .F. ) ;
#1686 = CARTESIAN_POINT ( 'NONE',  ( 0.3282561444415578733, 9.767601520055029241, 3.329907476247206510 ) ) ;
#1687 = ADVANCED_FACE ( 'NONE', ( #567 ), #12, .T. ) ;
#1688 = CARTESIAN_POINT ( 'NONE',  ( 1.150000000003350120, 10.44374481892772444, -0.2468567446555282596 ) ) ;
#1689 = AXIS2_PLACEMENT_3D ( 'NONE', #1434, #2015, #3934 ) ;
#1690 = LINE ( 'NONE', #3617, #2638 ) ;
#1691 = AXIS2_PLACEMENT_3D ( 'NONE', #2400, #4046, #2444 ) ;
#1693 = VECTOR ( 'NONE', #217, 1000.000000000000000 ) ;
#1692 = CARTESIAN_POINT ( 'NONE',  ( 0.9291294729715671163, 10.54252671018187648, 0.4894513988886144418 ) ) ;
#1694 = LINE ( 'NONE', #3274, #512 ) ;
#1695 = CARTESIAN_POINT ( 'NONE',  ( 0.1087986631918029246, 11.05721863149321749, -0.3404459970720048467 ) ) ;
#1696 = CARTESIAN_POINT ( 'NONE',  ( 1.149999999999995914, 10.19015503972990722, -0.1243667215106896012 ) ) ;
#1697 = VECTOR ( 'NONE', #1064, 1000.000000000000000 ) ;
#1698 = CARTESIAN_POINT ( 'NONE',  ( 0.3522624376851167805, 10.82733781651085714, -0.9997984134280905044 ) ) ;
#1699 = VECTOR ( 'NONE', #728, 1000.000000000000000 ) ;
#1700 = DIRECTION ( 'NONE',  ( 1.000000000000000000, 0.000000000000000000, 0.000000000000000000 ) ) ;
#1701 = EDGE_LOOP ( 'NONE', ( #3108, #258, #1017, #777 ) ) ;
#1702 = EDGE_CURVE ( 'NONE', #1030, #800, #3302, .T. ) ;
#1704 = CARTESIAN_POINT ( 'NONE',  ( -0.08867513459481161930, -6.261999999999995126, 0.000000000000000000 ) ) ;
#1703 = AXIS2_PLACEMENT_3D ( 'NONE', #708, #1023, #646 ) ;
#1705 = DIRECTION ( 'NONE',  ( 0.000000000000000000, 8.300112325247885996E-16, -1.000000000000000000 ) ) ;
#1706 = EDGE_LOOP ( 'NONE', ( #3133, #511, #3413, #4039 ) ) ;
#1707 = CARTESIAN_POINT ( 'NONE',  ( 0.03707438508042276704, 10.08001753513726406, -3.010628095521354908 ) ) ;
#1708 = CARTESIAN_POINT ( 'NONE',  ( 0.7420710923094708811, 9.142204193273702373, -3.883744413199231360 ) ) ;
#1709 = DIRECTION ( 'NONE',  ( 3.047132772948902253E-16, -3.462798379065810878E-16, -1.000000000000000000 ) ) ;
#1710 = ORIENTED_EDGE ( 'NONE', *, *, #2949, .T. ) ;
#1711 = CARTESIAN_POINT ( 'NONE',  ( 1.149999999996426991, 10.06759494750731321, 2.569602614239272498 ) ) ;
#1712 = CARTESIAN_POINT ( 'NONE',  ( 0.3341923470102916571, 10.93208974685331292, 0.4894316481262436791 ) ) ;
#1713 = CARTESIAN_POINT ( 'NONE',  ( -0.3999999999999999667, 8.896055631914638440, 1.699992919978997818 ) ) ;
#1714 = CARTESIAN_POINT ( 'NONE',  ( 0.3510665098464254563, 10.89426933302165779, -0.6808871577368714734 ) ) ;
#1715 = CARTESIAN_POINT ( 'NONE',  ( 1.150000000000018785, 10.18205312903550208, -0.6210146157897862285 ) ) ;
#1716 = CARTESIAN_POINT ( 'NONE',  ( 0.3104576684884119975, 10.75496316219128090, -1.387530567764914569 ) ) ;
#1717 = CARTESIAN_POINT ( 'NONE',  ( 1.727075646980712698, 9.531836308074820963, 3.226376410128283023 ) ) ;
#1718 = EDGE_CURVE ( 'NONE', #358, #3201, #1167, .T. ) ;
#1719 = CARTESIAN_POINT ( 'NONE',  ( 0.5104404292182327385, 9.732396597480779121, -3.366711511131470491 ) ) ;
#1720 = DIRECTION ( 'NONE',  ( 0.000000000000000000, 1.000000000000000000, -2.851544156627447290E-16 ) ) ;
#1721 = CARTESIAN_POINT ( 'NONE',  ( 0.2793671779750805384, 9.822643167875716230, 3.271532703979141310 ) ) ;
#1722 = EDGE_CURVE ( 'NONE', #4061, #1924, #411, .T. ) ;
#1723 = VERTEX_POINT ( 'NONE', #3015 ) ;
#1724 = CARTESIAN_POINT ( 'NONE',  ( -0.2588022704278707398, 10.10395172797340102, -3.010636182162367280 ) ) ;
#1725 = CARTESIAN_POINT ( 'NONE',  ( 0.7998089584893476323, 9.112002855017475866, -3.907175481861570265 ) ) ;
#1726 = CARTESIAN_POINT ( 'NONE',  ( 8.200000000000688516, 9.133432793153119178, 3.889999834756399544 ) ) ;
#1727 = ORIENTED_EDGE ( 'NONE', *, *, #1986, .F. ) ;
#1728 = LINE ( 'NONE', #2382, #939 ) ;
#1729 = ORIENTED_EDGE ( 'NONE', *, *, #1592, .T. ) ;
#1730 = CARTESIAN_POINT ( 'NONE',  ( 1.295204430339443658, 10.24819250030838091, 1.735623763373114414 ) ) ;
#1731 = DIRECTION ( 'NONE',  ( 1.000000000000000000, 0.000000000000000000, 0.000000000000000000 ) ) ;
#1732 = CARTESIAN_POINT ( 'NONE',  ( 0.9301921434663134036, 10.54521632122498254, -0.3404189925926047744 ) ) ;
#1733 = DIRECTION ( 'NONE',  ( -1.000000000000000000, 0.000000000000000000, 0.000000000000000000 ) ) ;
#1734 = CARTESIAN_POINT ( 'NONE',  ( 0.1384064904323791811, 11.10227399232004686, -0.4014882455967343500 ) ) ;
#1735 = CARTESIAN_POINT ( 'NONE',  ( 2.088301393573319231, 9.325783284056523570, 3.681025370658883578 ) ) ;
#1736 = ORIENTED_EDGE ( 'NONE', *, *, #1226, .T. ) ;
#1737 = CARTESIAN_POINT ( 'NONE',  ( 0.05886229336598408635, 9.195564607126003764, -1.699992919979002481 ) ) ;
#1738 = CARTESIAN_POINT ( 'NONE',  ( 0.8658588207478682408, 9.924818886164853637, 3.063526854052350146 ) ) ;
#1739 = ORIENTED_EDGE ( 'NONE', *, *, #327, .T. ) ;
#1740 = CARTESIAN_POINT ( 'NONE',  ( 1.062015688793628510, 10.41417370861992353, -1.248278806040908018 ) ) ;
#1741 = CARTESIAN_POINT ( 'NONE',  ( 0.9644563870291790186, 9.131871545319246053, -3.891348049880003490 ) ) ;
#1742 = CARTESIAN_POINT ( 'NONE',  ( 1.149999999999999911, 6.261999999999996014, 3.635000000000001119 ) ) ;
#1743 = ORIENTED_EDGE ( 'NONE', *, *, #1093, .F. ) ;
#1744 = EDGE_CURVE ( 'NONE', #425, #2237, #1672, .T. ) ;
#1745 = DIRECTION ( 'NONE',  ( -1.000000000000000000, -0.000000000000000000, -0.000000000000000000 ) ) ;
#1746 = VERTEX_POINT ( 'NONE', #1393 ) ;
#1747 = CARTESIAN_POINT ( 'NONE',  ( 0.7258502642333768407, 10.35632060405106536, 2.269641056548190150 ) ) ;
#1748 = CARTESIAN_POINT ( 'NONE',  ( -0.3726731653349897866, 9.495564135125004412, -1.399993391980002277 ) ) ;
#1749 = CARTESIAN_POINT ( 'NONE',  ( 0.7188006127514917631, 10.67852908804597334, -0.2269428623973187009 ) ) ;
#1750 = CARTESIAN_POINT ( 'NONE',  ( 1.731219741920712485, 9.263164182188816653, -3.761468818400161673 ) ) ;
#1751 = CARTESIAN_POINT ( 'NONE',  ( -0.3573804097605207675, 10.97272515284188543, -1.039593692362138944 ) ) ;
#1752 = CYLINDRICAL_SURFACE ( 'NONE', #440, 3.500000000000000444 ) ;
#1753 = VECTOR ( 'NONE', #1993, 1000.000000000000000 ) ;
#1754 = ORIENTED_EDGE ( 'NONE', *, *, #1195, .F. ) ;
#1755 = DIRECTION ( 'NONE',  ( 0.000000000000000000, 8.096725675504262882E-16, -1.000000000000000000 ) ) ;
#1756 = CIRCLE ( 'NONE', #2569, 4.800262518162431213 ) ;
#1757 = VECTOR ( 'NONE', #1325, 1000.000000000000000 ) ;
#1758 = CARTESIAN_POINT ( 'NONE',  ( 0.02886365087457826162, 9.831724167362722255, 3.260906409066917533 ) ) ;
#1759 = ORIENTED_EDGE ( 'NONE', *, *, #3609, .T. ) ;
#1760 = ADVANCED_FACE ( 'NONE', ( #702 ), #3028, .T. ) ;
#1761 = CIRCLE ( 'NONE', #2308, 3.634999999999999787 ) ;
#1762 = CARTESIAN_POINT ( 'NONE',  ( 0.5105164342635226671, 9.731631546853373393, 3.367504298467453694 ) ) ;
#1763 = CARTESIAN_POINT ( 'NONE',  ( 0.6483468549479356469, 10.49574364266599069, -1.802355064836515419 ) ) ;
#1764 = CARTESIAN_POINT ( 'NONE',  ( 0.7001062865210306851, 9.151848361872104931, -3.875904674159174057 ) ) ;
#1765 = FACE_OUTER_BOUND ( 'NONE', #1087, .T. ) ;
#1766 = ORIENTED_EDGE ( 'NONE', *, *, #2999, .T. ) ;
#1767 = CARTESIAN_POINT ( 'NONE',  ( -0.3999999999999999667, -6.261999999999994237, 3.134999999999996234 ) ) ;
#1768 = EDGE_LOOP ( 'NONE', ( #1237, #3332, #2422, #18, #493, #914, #454, #184, #3863, #1104 ) ) ;
#1769 = EDGE_CURVE ( 'NONE', #3480, #1746, #2295, .T. ) ;
#1770 = CARTESIAN_POINT ( 'NONE',  ( 0.6486490406071454551, 10.15620793950412271, 2.803674544930154333 ) ) ;
#1771 = CARTESIAN_POINT ( 'NONE',  ( -0.3454401629800370466, 11.04976626418122265, 0.5981767451167155913 ) ) ;
#1772 = UNCERTAINTY_MEASURE_WITH_UNIT (LENGTH_MEASURE( 1.000000000000000082E-05 ), #3534, 'distance_accuracy_value', 'NONE');
#1773 = DIRECTION ( 'NONE',  ( 0.000000000000000000, 0.000000000000000000, 1.000000000000000000 ) ) ;
#1774 = CARTESIAN_POINT ( 'NONE',  ( 0.0003734173148853390145, 10.54254960410606046, -2.264443357336312079 ) ) ;
#1775 = CARTESIAN_POINT ( 'NONE',  ( 0.6565336378970615394, 9.909297733237991679, 3.129155809997000048 ) ) ;
#1776 = EDGE_CURVE ( 'NONE', #1746, #905, #1996, .T. ) ;
#1777 = ORIENTED_EDGE ( 'NONE', *, *, #321, .T. ) ;
#1778 = CARTESIAN_POINT ( 'NONE',  ( -0.01539744255076394737, 11.09966056162978099, 0.08891240137222597428 ) ) ;
#1779 = PLANE ( 'NONE',  #656 ) ;
#1780 = CARTESIAN_POINT ( 'NONE',  ( 0.03955453356416956806, 9.822805000012534649, 3.270783244882166763 ) ) ;
#1781 = ORIENTED_EDGE ( 'NONE', *, *, #1558, .F. ) ;
#1782 = DIRECTION ( 'NONE',  ( -0.5735764363510502672, 0.8191520442889890230, 0.000000000000000000 ) ) ;
#1783 = CARTESIAN_POINT ( 'NONE',  ( 1.115920431599336737, 10.29430321403392945, -1.802340612890046545 ) ) ;
#1784 = CARTESIAN_POINT ( 'NONE',  ( 0.7543261344184876149, 9.674208285650694350, -3.425501367002607545 ) ) ;
#1785 = PLANE ( 'NONE',  #1972 ) ;
#1786 = VERTEX_POINT ( 'NONE', #2997 ) ;
#1787 = DIRECTION ( 'NONE',  ( -0.000000000000000000, 1.000000000000000000, -2.770238703252648603E-16 ) ) ;
#1788 = VERTEX_POINT ( 'NONE', #3619 ) ;
#1789 = CARTESIAN_POINT ( 'NONE',  ( -0.1037354083476545730, 10.87076218672794781, 1.735580321192281783 ) ) ;
#1790 = CARTESIAN_POINT ( 'NONE',  ( -0.02298251260802313886, 9.883406978687121480, -3.203508153976056150 ) ) ;
#1791 = CARTESIAN_POINT ( 'NONE',  ( -0.01624673246715410690, 11.09743372534140526, -0.2269666266197721272 ) ) ;
#1792 = ADVANCED_FACE ( 'NONE', ( #2675 ), #3969, .F. ) ;
#1793 = CARTESIAN_POINT ( 'NONE',  ( 0.6836065684632230965, 9.144470454037547213, 3.881833068339627602 ) ) ;
#1794 = CARTESIAN_POINT ( 'NONE',  ( 0.01067375844428979960, 9.841596838938711400, -3.250090092507546657 ) ) ;
#1795 = DIRECTION ( 'NONE',  ( 0.8191520442889888010, 0.5735764363510501562, -1.344284772916068900E-14 ) ) ;
#1796 = CARTESIAN_POINT ( 'NONE',  ( 0.7520709813665187315, 9.176973244682624653, 3.857474561955439363 ) ) ;
#1797 = CARTESIAN_POINT ( 'NONE',  ( 0.1133521069712805363, 11.06905795576869878, 0.08891612661826511776 ) ) ;
#1798 = CARTESIAN_POINT ( 'NONE',  ( 0.1559433411501704725, 9.460612395053226820, -1.561690901327072334 ) ) ;
#1799 = EDGE_CURVE ( 'NONE', #2560, #2151, #2563, .T. ) ;
#1800 = CARTESIAN_POINT ( 'NONE',  ( 1.149999999999999911, 9.565103121087362936, 2.906621200600219446 ) ) ;
#1801 = DIRECTION ( 'NONE',  ( -1.000000000000000000, -0.000000000000000000, -0.000000000000000000 ) ) ;
#1802 = ORIENTED_EDGE ( 'NONE', *, *, #2243, .T. ) ;
#1803 = ORIENTED_EDGE ( 'NONE', *, *, #823, .T. ) ;
#1804 = DIRECTION ( 'NONE',  ( 0.000000000000000000, 0.000000000000000000, 1.000000000000000000 ) ) ;
#1805 = CARTESIAN_POINT ( 'NONE',  ( 0.7602606050585186681, 10.44521272145358992, -1.802351582085022441 ) ) ;
#1806 = CARTESIAN_POINT ( 'NONE',  ( 0.5749999999999872990, -8.171521029814066139, 3.852950934858904830 ) ) ;
#1807 = ORIENTED_EDGE ( 'NONE', *, *, #1269, .F. ) ;
#1808 = CARTESIAN_POINT ( 'NONE',  ( 1.151167286007214408, 9.894982388574231180, -2.892112303631467096 ) ) ;
#1809 = ORIENTED_EDGE ( 'NONE', *, *, #8, .T. ) ;
#1810 = ADVANCED_FACE ( 'NONE', ( #2958 ), #87, .F. ) ;
#1811 = CARTESIAN_POINT ( 'NONE',  ( -0.1152572557938542769, 10.87563020155235805, 1.735579966050253997 ) ) ;
#1812 = CARTESIAN_POINT ( 'NONE',  ( -0.06759174570498159562, 10.07426497630940609, -2.974052352189133330 ) ) ;
#1813 = CARTESIAN_POINT ( 'NONE',  ( 0.7500000000000000000, 9.174861092448718836, 3.859075699710799778 ) ) ;
#1814 = CARTESIAN_POINT ( 'NONE',  ( -0.02297687619899156999, 9.883383226457201687, -3.203535016385151035 ) ) ;
#1815 = B_SPLINE_CURVE_WITH_KNOTS ( 'NONE', 3,
 ( #3590, #1369, #345, #3546, #3926, #2653, #1988, #323, #1304, #3946 ),
 .UNSPECIFIED., .F., .F.,
 ( 4, 2, 2, 2, 4 ),
 ( 0.000000000000000000, 0.0003264367523361122350, 0.0006528735046722244700, 0.0009793102570083366508, 0.001305747009344448940 ),
 .UNSPECIFIED. ) ;
#1816 = CARTESIAN_POINT ( 'NONE',  ( 0.3061881812868321728, 10.74523554152787774, -1.431319042079483683 ) ) ;
#1817 = DIRECTION ( 'NONE',  ( 1.000000000000000000, 0.000000000000000000, 0.000000000000000000 ) ) ;
#1818 = LINE ( 'NONE', #1507, #35 ) ;
#1819 = AXIS2_PLACEMENT_3D ( 'NONE', #503, #3783, #2788 ) ;
#1820 = CARTESIAN_POINT ( 'NONE',  ( 4.549999999999999822, 4.237426279435003273, -3.635000000000005116 ) ) ;
#1821 = CYLINDRICAL_SURFACE ( 'NONE', #3039, 3.500000000000000444 ) ;
#1822 = ORIENTED_EDGE ( 'NONE', *, *, #3790, .F. ) ;
#1823 = ORIENTED_EDGE ( 'NONE', *, *, #3665, .F. ) ;
#1824 = ADVANCED_FACE ( 'NONE', ( #3292 ), #744, .F. ) ;
#1826 = AXIS2_PLACEMENT_3D ( 'NONE', #3131, #2844, #607 ) ;
#1825 = CARTESIAN_POINT ( 'NONE',  ( 0.05886229336598449574, 9.195564607126003764, 1.699992919978997818 ) ) ;
#1827 = CIRCLE ( 'NONE', #2363, 3.109156428002595174 ) ;
#1828 = CARTESIAN_POINT ( 'NONE',  ( 1.211686937536313957, 10.35680419653001927, -1.248274252648310156 ) ) ;
#1829 = CARTESIAN_POINT ( 'NONE',  ( 1.149999999999999911, -6.261999999999995126, 0.000000000000000000 ) ) ;
#1830 = AXIS2_PLACEMENT_3D ( 'NONE', #2470, #980, #3927 ) ;
#1831 = AXIS2_PLACEMENT_3D ( 'NONE', #239, #590, #1906 ) ;
#1832 = ORIENTED_EDGE ( 'NONE', *, *, #373, .T. ) ;
#1833 = CARTESIAN_POINT ( 'NONE',  ( 1.430810398970262298, 9.790818313484383140, -2.968711930474894789 ) ) ;
#1834 = LINE ( 'NONE', #892, #1078 ) ;
#1835 = VERTEX_POINT ( 'NONE', #1011 ) ;
#1836 = CARTESIAN_POINT ( 'NONE',  ( -0.1864384115752934223, 10.67375539647238369, 2.269613632003228521 ) ) ;
#1837 = CARTESIAN_POINT ( 'NONE',  ( -0.2254651678189323882, 10.51393159741042460, -2.295577737522391359 ) ) ;
#1838 = CARTESIAN_POINT ( 'NONE',  ( 1.200040179752744685, 10.46610928583093525, -0.06898842188108722517 ) ) ;
#1839 = CARTESIAN_POINT ( 'NONE',  ( 1.138267969729176210, 9.650163152365301755, -2.951989562090749697 ) ) ;
#1840 = CARTESIAN_POINT ( 'NONE',  ( 0.007733477103421394598, 9.862678488117564868, -3.226634170171807980 ) ) ;
#1841 = CARTESIAN_POINT ( 'NONE',  ( 0.3518047889204030665, 10.82885517486626625, -0.9959571711971575425 ) ) ;
#1842 = PLANE ( 'NONE',  #1354 ) ;
#1843 = CARTESIAN_POINT ( 'NONE',  ( 1.821278407638415198, 6.261999999999996014, 3.635000000000001119 ) ) ;
#1844 = CARTESIAN_POINT ( 'NONE',  ( 1.150000000000006350, -8.342763765368466977, -3.747239098185901174 ) ) ;
#1845 = DIRECTION ( 'NONE',  ( -0.000000000000000000, 1.000000000000000000, -0.000000000000000000 ) ) ;
#1846 = ORIENTED_EDGE ( 'NONE', *, *, #2322, .F. ) ;
#1847 = ORIENTED_EDGE ( 'NONE', *, *, #3897, .T. ) ;
#1848 = DIRECTION ( 'NONE',  ( 1.000000000000000000, 0.000000000000000000, 0.000000000000000000 ) ) ;
#1849 = CARTESIAN_POINT ( 'NONE',  ( 0.3130789270479427122, 10.79573649413759817, -1.248302556650361828 ) ) ;
#1850 = EDGE_CURVE ( 'NONE', #2320, #2499, #2360, .T. ) ;
#1851 = CARTESIAN_POINT ( 'NONE',  ( 1.694065894508600678E-18, 6.550838079936350589, 4.382242293238809872 ) ) ;
#1852 = ORIENTED_EDGE ( 'NONE', *, *, #1143, .F. ) ;
#1853 = DIRECTION ( 'NONE',  ( -1.000000000000000000, -3.611953966229128048E-15, 1.397255876409689017E-14 ) ) ;
#1854 = EDGE_CURVE ( 'NONE', #3903, #2237, #1694, .T. ) ;
#1855 = CARTESIAN_POINT ( 'NONE',  ( 1.821278407638421193, 10.80738130939286812, -3.634999999999994902 ) ) ;
#1856 = ORIENTED_EDGE ( 'NONE', *, *, #1409, .T. ) ;
#1857 = CARTESIAN_POINT ( 'NONE',  ( 0.9774362213688398970, 9.134437870724276820, -3.889171469108264390 ) ) ;
#1858 = CARTESIAN_POINT ( 'NONE',  ( -0.3535504556941220788, 11.02808615303441364, 0.7477165712171601752 ) ) ;
#1859 = CARTESIAN_POINT ( 'NONE',  ( 0.8196970460251320478, 10.59944672086787065, -0.06899986564982669990 ) ) ;
#1860 = DIRECTION ( 'NONE',  ( 0.8191520442889888010, 0.5735764363510501562, -1.344284772916068900E-14 ) ) ;
#1861 = CARTESIAN_POINT ( 'NONE',  ( 0.008362508693058547452, 9.866372301235369235, -3.222419365982992723 ) ) ;
#1862 = CARTESIAN_POINT ( 'NONE',  ( 1.137890516526261608, 9.616100984586424261, -3.015118813423221411 ) ) ;
#1863 = CARTESIAN_POINT ( 'NONE',  ( -0.02159850921022975212, 11.10095343777178023, 0.08891222380121201196 ) ) ;
#1864 = CARTESIAN_POINT ( 'NONE',  ( 2.076278242394820062, 4.237426267729726526, -4.389999827267824450 ) ) ;
#1865 = LINE ( 'NONE', #1933, #3785 ) ;
#1866 = CARTESIAN_POINT ( 'NONE',  ( 0.8675371226165018435, 9.904262570725634873, 3.083131519075080540 ) ) ;
#1867 = APPLICATION_PROTOCOL_DEFINITION ( 'draft international standard', 'automotive_design', 1998, #4086 ) ;
#1868 = ORIENTED_EDGE ( 'NONE', *, *, #909, .F. ) ;
#1869 = EDGE_LOOP ( 'NONE', ( #3129, #779, #4148, #2671, #689, #4109 ) ) ;
#1870 = EDGE_CURVE ( 'NONE', #3480, #2775, #2071, .T. ) ;
#1871 = CARTESIAN_POINT ( 'NONE',  ( 1.150000000000004574, -7.091116247131527217, 4.351219403969044386 ) ) ;
#1872 = CARTESIAN_POINT ( 'NONE',  ( 0.3035329631141537865, 10.85248180740094881, -1.021337237966738032 ) ) ;
#1873 = PLANE ( 'NONE',  #3173 ) ;
#1874 = ORIENTED_EDGE ( 'NONE', *, *, #574, .T. ) ;
#1875 = EDGE_CURVE ( 'NONE', #434, #1786, #2968, .T. ) ;
#1876 = LINE ( 'NONE', #1578, #1487 ) ;
#1877 = DIRECTION ( 'NONE',  ( 1.499459393413557947E-15, -1.000000000000000000, -1.499459393413557947E-15 ) ) ;
#1878 = ORIENTED_EDGE ( 'NONE', *, *, #2211, .T. ) ;
#1879 = EDGE_CURVE ( 'NONE', #863, #2377, #753, .T. ) ;
#1880 = CARTESIAN_POINT ( 'NONE',  ( -0.5368414224179360872, 9.748001575745838920, 3.337680786338171224 ) ) ;
#1881 = CARTESIAN_POINT ( 'NONE',  ( -1.923579648927847829, 9.464553913134313490, -1.600007080021006445 ) ) ;
#1882 = CARTESIAN_POINT ( 'NONE',  ( 0.7603612248487939818, 9.773324263198688300, 3.326750420461130897 ) ) ;
#1883 = CARTESIAN_POINT ( 'NONE',  ( 0.2924990362964682289, 10.70924934221310743, -1.575647150746011471 ) ) ;
#1884 = DIRECTION ( 'NONE',  ( -0.000000000000000000, -1.000000000000000000, -0.000000000000000000 ) ) ;
#1885 = CARTESIAN_POINT ( 'NONE',  ( 0.9297233939277993464, 10.54404896447076112, 0.2669023053257086331 ) ) ;
#1886 = PLANE ( 'NONE',  #377 ) ;
#1887 = DIRECTION ( 'NONE',  ( -0.7071067811865487940, 0.7071067811865463515, 0.000000000000000000 ) ) ;
#1888 = CARTESIAN_POINT ( 'NONE',  ( 1.791080610749665736, 9.272827566813731437, -3.749963581043781691 ) ) ;
#1889 = DIRECTION ( 'NONE',  ( 0.000000000000000000, 1.000000000000000000, -0.000000000000000000 ) ) ;
#1890 = ORIENTED_EDGE ( 'NONE', *, *, #534, .T. ) ;
#1891 = CARTESIAN_POINT ( 'NONE',  ( 1.150000000000003242, 8.497426056466999000, -3.118316330403701819 ) ) ;
#1892 = CARTESIAN_POINT ( 'NONE',  ( 0.4999611552420608063, 10.74312656702929125, -1.021330913877438462 ) ) ;
#1893 = ADVANCED_FACE ( 'NONE', ( #781 ), #2424, .F. ) ;
#1894 = CARTESIAN_POINT ( 'NONE',  ( 1.694065894508600678E-18, 6.483912219393118015, 4.389999007942157583 ) ) ;
#1895 = ORIENTED_EDGE ( 'NONE', *, *, #3130, .T. ) ;
#1896 = VECTOR ( 'NONE', #1430, 1000.000000000000000 ) ;
#1897 = CARTESIAN_POINT ( 'NONE',  ( -0.03156868961875059637, 9.495564135125002636, -0.4703377972375850646 ) ) ;
#1898 = AXIS2_PLACEMENT_3D ( 'NONE', #2758, #1280, #1158 ) ;
#1899 = CARTESIAN_POINT ( 'NONE',  ( 0.9194518885833669053, 10.55246076471791916, -0.1289164183919187801 ) ) ;
#1900 = CIRCLE ( 'NONE', #3645, 4.285000000000046327 ) ;
#1901 = ORIENTED_EDGE ( 'NONE', *, *, #3135, .F. ) ;
#1902 = AXIS2_PLACEMENT_3D ( 'NONE', #3358, #2436, #3022 ) ;
#1903 = CARTESIAN_POINT ( 'NONE',  ( 0.9209867870786218047, 9.789316602972954584, 3.337719002507094412 ) ) ;
#1904 = CARTESIAN_POINT ( 'NONE',  ( 0.9231673147894284837, 10.50756192061980521, -1.041028136018682160 ) ) ;
#1905 = CARTESIAN_POINT ( 'NONE',  ( -0.02724513891300479537, 11.10367130067579744, -0.06902746776580093169 ) ) ;
#1906 = DIRECTION ( 'NONE',  ( 0.000000000000000000, 0.000000000000000000, -1.000000000000000000 ) ) ;
#1907 = CARTESIAN_POINT ( 'NONE',  ( 1.223465631028150892E-05, 9.835860683542964722, -3.256527534283309766 ) ) ;
#1908 = FACE_OUTER_BOUND ( 'NONE', #1768, .T. ) ;
#1909 = CARTESIAN_POINT ( 'NONE',  ( 1.362991621596967740, 10.42383474407223964, 0.4004177737114191227 ) ) ;
#1910 = CARTESIAN_POINT ( 'NONE',  ( 0.000000000000000000, 9.381815578885921880, -3.706654203264371450 ) ) ;
#1911 =( BOUNDED_SURFACE ( )  B_SPLINE_SURFACE ( 3, 2, ( 
 ( #1105, #2420, #3091 ),
 ( #3394, #2776, #2113 ),
 ( #1833, #1808, #778 ),
 ( #1516, #3414, #146 ) ),
 .UNSPECIFIED., .F., .F., .F. ) 
 B_SPLINE_SURFACE_WITH_KNOTS ( ( 4, 4 ),
 ( 3, 3 ),
 ( 0.000000000000000000, 0.0009482773836350182582 ),
 ( 0.7105004128778842354, 1.000000000000000000 ),
 .UNSPECIFIED. ) 
 GEOMETRIC_REPRESENTATION_ITEM ( )  RATIONAL_B_SPLINE_SURFACE ( (
 ( 0.9949757675992794148, 0.9964643001540491873, 1.000000000000000000),
 ( 0.9943330493973763229, 0.9960120004859183140, 1.000000000000000000),
 ( 0.9935684273903222508, 0.9954739135311501119, 1.000000000000000000),
 ( 0.9926769824243959484, 0.9948465775368502406, 1.000000000000000000) ) ) 
 REPRESENTATION_ITEM ( '' )  SURFACE ( )  );
#1912 = ADVANCED_FACE ( 'NONE', ( #475 ), #3073, .T. ) ;
#1913 = CARTESIAN_POINT ( 'NONE',  ( 0.2672090010931694737, 9.778699968930380848, -3.318169872317515257 ) ) ;
#1914 = CARTESIAN_POINT ( 'NONE',  ( -0.002699018334692068408, 9.862452833767735072, 3.227140879641535065 ) ) ;
#1915 = DIRECTION ( 'NONE',  ( 0.000000000000000000, 0.000000000000000000, 1.000000000000000000 ) ) ;
#1916 = ORIENTED_EDGE ( 'NONE', *, *, #403, .F. ) ;
#1917 = ORIENTED_EDGE ( 'NONE', *, *, #348, .T. ) ;
#1918 = CARTESIAN_POINT ( 'NONE',  ( 2.076278242394820062, 4.237426279435009491, -3.889999834756393771 ) ) ;
#1919 = LINE ( 'NONE', #4129, #736 ) ;
#1920 = ORIENTED_EDGE ( 'NONE', *, *, #3122, .F. ) ;
#1921 = CARTESIAN_POINT ( 'NONE',  ( 0.7184608783516196473, 9.782877779087854719, -3.337705307498262108 ) ) ;
#1922 = DIRECTION ( 'NONE',  ( -0.7071067811865475727, 0.000000000000000000, -0.7071067811865475727 ) ) ;
#1923 = CARTESIAN_POINT ( 'NONE',  ( -0.003832135672976727699, 9.860819290266439552, -3.228960577040821622 ) ) ;
#1924 = VERTEX_POINT ( 'NONE', #4010 ) ;
#1925 = CARTESIAN_POINT ( 'NONE',  ( -0.1186107523578627809, 9.758360095547674362, 3.337691765301240565 ) ) ;
#1926 = CARTESIAN_POINT ( 'NONE',  ( 1.150000000000032774, 10.18844575181619483, -0.4968165173670429646 ) ) ;
#1927 = DIRECTION ( 'NONE',  ( 0.000000000000000000, 0.000000000000000000, -1.000000000000000000 ) ) ;
#1928 = CARTESIAN_POINT ( 'NONE',  ( 0.7615092192541064176, 9.228655426921068994, -3.817694712771830368 ) ) ;
#1929 = CARTESIAN_POINT ( 'NONE',  ( 0.7615040646089255016, 9.228616331328259648, 3.817725209556434240 ) ) ;
#1930 = CARTESIAN_POINT ( 'NONE',  ( 1.000503765656045818, 10.51439740852098836, 0.2669044844243606551 ) ) ;
#1931 = CARTESIAN_POINT ( 'NONE',  ( 0.000000000000000000, 9.133432793153119178, 3.889999834756399544 ) ) ;
#1932 = B_SPLINE_CURVE_WITH_KNOTS ( 'NONE', 3,
 ( #2081, #2302, #2934, #3287, #3388, #2326, #3904 ),
 .UNSPECIFIED., .F., .F.,
 ( 4, 3, 4 ),
 ( 5.204170427930421283E-18, 0.0002211510510089581224, 0.0004423021020179108238 ),
 .UNSPECIFIED. ) ;
#1933 = CARTESIAN_POINT ( 'NONE',  ( 7.099713139717493071, -0.3122868602824817041, -3.635000000000002007 ) ) ;
#1934 = CARTESIAN_POINT ( 'NONE',  ( 0.2993192858372969445, 10.72261221257359942, 1.517920847170525889 ) ) ;
#1935 = EDGE_LOOP ( 'NONE', ( #1878, #3268, #103 ) ) ;
#1936 = VERTEX_POINT ( 'NONE', #2754 ) ;
#1937 = EDGE_CURVE ( 'NONE', #1535, #1256, #1074, .T. ) ;
#1938 = CARTESIAN_POINT ( 'NONE',  ( 0.7302087251360598330, 9.143968883345673149, 3.882322187882539577 ) ) ;
#1939 = LINE ( 'NONE', #3300, #2505 ) ;
#1940 = ORIENTED_EDGE ( 'NONE', *, *, #14, .F. ) ;
#1941 = CARTESIAN_POINT ( 'NONE',  ( 4.549999999999999822, 2.237426267729736296, -4.389999671197265307 ) ) ;
#1942 = CARTESIAN_POINT ( 'NONE',  ( 2.076278242394820062, 10.80738130939286812, -3.889999834756393771 ) ) ;
#1943 = CARTESIAN_POINT ( 'NONE',  ( 2.076278242394820062, 6.927727461227096484, -3.889999834756399544 ) ) ;
#1944 = EDGE_LOOP ( 'NONE', ( #4105, #2879, #3395, #2888, #858, #1729, #230, #449, #2589, #2390, #1018, #3085, #337, #530, #1781, #3581 ) ) ;
#1945 = CARTESIAN_POINT ( 'NONE',  ( -0.006806878394901155760, 9.760542960809935664, 3.337694706254992205 ) ) ;
#1946 = CARTESIAN_POINT ( 'NONE',  ( -3.069778464259474315, 9.637449973596321939, -1.600007080020990902 ) ) ;
#1947 = B_SPLINE_CURVE_WITH_KNOTS ( 'NONE', 3,
 ( #3762, #2762, #1135, #1524 ),
 .UNSPECIFIED., .F., .F.,
 ( 4, 4 ),
 ( 0.9810176183605777700, 0.9999999995339969860 ),
 .UNSPECIFIED. ) ;
#1948 = CARTESIAN_POINT ( 'NONE',  ( -0.01792900698827383163, 11.10176966251001218, -0.06902720140927999515 ) ) ;
#1949 = DIRECTION ( 'NONE',  ( -0.5735764363510501562, 0.8191520442889889120, 0.000000000000000000 ) ) ;
#1950 = CARTESIAN_POINT ( 'NONE',  ( 0.01067375844386061513, 9.841596838938913905, -3.250090092507321060 ) ) ;
#1951 = EDGE_CURVE ( 'NONE', #893, #3728, #338, .T. ) ;
#1952 = DIRECTION ( 'NONE',  ( -1.000000000000000000, 0.000000000000000000, -0.000000000000000000 ) ) ;
#1953 = CARTESIAN_POINT ( 'NONE',  ( -0.03262696236279360312, 11.09842969482256514, 0.2668711316727344629 ) ) ;
#1954 = CARTESIAN_POINT ( 'NONE',  ( 4.549999999999999822, 2.237429252579174577, 33.86000032880262722 ) ) ;
#1955 = CARTESIAN_POINT ( 'NONE',  ( 0.000000000000000000, -6.261999999999995126, 0.000000000000000000 ) ) ;
#1956 = CARTESIAN_POINT ( 'NONE',  ( -0.03949031049566166518, 9.957901684985339230, 3.117273553369583006 ) ) ;
#1957 = ORIENTED_EDGE ( 'NONE', *, *, #491, .F. ) ;
#1958 = ORIENTED_EDGE ( 'NONE', *, *, #994, .F. ) ;
#1959 = CARTESIAN_POINT ( 'NONE',  ( 0.6846325216504407507, 9.159646769602558081, 3.869465690837302407 ) ) ;
#1960 = DIRECTION ( 'NONE',  ( 1.000000000000000000, 0.000000000000000000, 0.000000000000000000 ) ) ;
#1961 = EDGE_CURVE ( 'NONE', #2377, #315, #2375, .T. ) ;
#1962 = ORIENTED_EDGE ( 'NONE', *, *, #2526, .T. ) ;
#1963 = CIRCLE ( 'NONE', #93, 3.263927848467243376 ) ;
#1964 = CARTESIAN_POINT ( 'NONE',  ( 1.206055662347422341, 9.923702345393200730, -3.010595514654919480 ) ) ;
#1965 = DIRECTION ( 'NONE',  ( 0.000000000000000000, 0.9999999999999968914, -7.803527942889272729E-08 ) ) ;
#1966 = CARTESIAN_POINT ( 'NONE',  ( -0.1996470916111590388, 6.261999999999994237, 3.134999999999996234 ) ) ;
#1967 = EDGE_CURVE ( 'NONE', #1609, #2933, #2771, .T. ) ;
#1968 = AXIS2_PLACEMENT_3D ( 'NONE', #441, #2414, #1647 ) ;
#1969 = VERTEX_POINT ( 'NONE', #632 ) ;
#1970 = CARTESIAN_POINT ( 'NONE',  ( 1.363067544789015706, 9.712584383996309967, -3.176789137150589415 ) ) ;
#1971 = CARTESIAN_POINT ( 'NONE',  ( 0.000000000000000000, 9.826300737807811103, -3.266961174059773931 ) ) ;
#1972 = AXIS2_PLACEMENT_3D ( 'NONE', #3328, #164, #3026 ) ;
#1973 = CARTESIAN_POINT ( 'NONE',  ( 0.000000000000000000, 5.570805158576090044, -5.482598290749648662 ) ) ;
#1974 = VECTOR ( 'NONE', #2273, 999.9999999999998863 ) ;
#1975 = AXIS2_PLACEMENT_3D ( 'NONE', #1222, #918, #1927 ) ;
#1976 = CARTESIAN_POINT ( 'NONE',  ( -0.03821552801757736872, 11.08395813525650553, 0.4894202252356404381 ) ) ;
#1977 = CARTESIAN_POINT ( 'NONE',  ( 2.369659184435112920, -5.453565245962376018, 3.889999834757437824 ) ) ;
#1978 = CARTESIAN_POINT ( 'NONE',  ( 0.2016114708656500665, 10.85189677517634799, -1.248306085121352105 ) ) ;
#1979 = CARTESIAN_POINT ( 'NONE',  ( 0.8673674502470547498, 9.903845263842253388, -3.084546671021441977 ) ) ;
#1980 = CARTESIAN_POINT ( 'NONE',  ( -0.001251957781818354570, 10.68473712383837793, 1.993793044508239021 ) ) ;
#1981 = VERTEX_POINT ( 'NONE', #1563 ) ;
#1982 = EDGE_LOOP ( 'NONE', ( #2206, #2476, #3768 ) ) ;
#1983 = CARTESIAN_POINT ( 'NONE',  ( 0.7372759239263483311, 9.238101038027036083, 3.810299020243227197 ) ) ;
#1984 = CARTESIAN_POINT ( 'NONE',  ( 0.9457857105477290860, 10.02953572828247175, -2.759507302909303128 ) ) ;
#1985 = EDGE_LOOP ( 'NONE', ( #2884, #1276, #2130, #1371, #647, #2050, #3223, #713, #3071, #461, #4125 ) ) ;
#1986 = EDGE_CURVE ( 'NONE', #3145, #3528, #3940, .T. ) ;
#1987 = CARTESIAN_POINT ( 'NONE',  ( -0.3083808201197603127, 10.38326688326903735, -2.683542042421997564 ) ) ;
#1988 = CARTESIAN_POINT ( 'NONE',  ( -2.679827000846996210, 9.824947719333986029, 1.599999999999997202 ) ) ;
#1989 = CARTESIAN_POINT ( 'NONE',  ( 0.7499999999994944044, 9.675286536587011099, -3.424426962157885779 ) ) ;
#1990 = VERTEX_POINT ( 'NONE', #1242 ) ;
#1991 = CARTESIAN_POINT ( 'NONE',  ( 4.549999999999999822, 2.237429252579174577, 33.86000032880262722 ) ) ;
#1992 = EDGE_CURVE ( 'NONE', #2480, #425, #4205, .T. ) ;
#1993 = DIRECTION ( 'NONE',  ( 0.000000000000000000, -1.000000000000000000, 0.000000000000000000 ) ) ;
#1994 = LINE ( 'NONE', #3185, #241 ) ;
#1995 = CARTESIAN_POINT ( 'NONE',  ( 0.1639204008803538670, 11.01799306249382226, 0.4894262570322337469 ) ) ;
#1996 = LINE ( 'NONE', #1713, #2630 ) ;
#1997 = CARTESIAN_POINT ( 'NONE',  ( 1.173215860223535412, 10.44293804335190856, -0.6808607534550027429 ) ) ;
#1998 = CARTESIAN_POINT ( 'NONE',  ( 0.8598738168828603534, 9.873109589558799470, -3.148333636656174050 ) ) ;
#1999 = CARTESIAN_POINT ( 'NONE',  ( -0.2208074269908823772, 10.52124692097700454, 2.297148973074946365 ) ) ;
#2000 = B_SPLINE_CURVE_WITH_KNOTS ( 'NONE', 3,
 ( #1041, #2021, #360, #2928, #3218, #672, #2319 ),
 .UNSPECIFIED., .F., .F.,
 ( 4, 1, 1, 1, 4 ),
 ( 0.000000000000000000, 0.2500000000000000000, 0.5000000000000000000, 0.7500000000000000000, 1.000000000000000000 ),
 .UNSPECIFIED. ) ;
#2001 = ORIENTED_EDGE ( 'NONE', *, *, #1951, .F. ) ;
#2002 = DIRECTION ( 'NONE',  ( -0.7071067811865499042, 0.7071067811865429098, -5.517927508939559152E-08 ) ) ;
#2003 = DIRECTION ( 'NONE',  ( 0.000000000000000000, 0.000000000000000000, -1.000000000000000000 ) ) ;
#2004 = ORIENTED_EDGE ( 'NONE', *, *, #3627, .F. ) ;
#2005 = EDGE_CURVE ( 'NONE', #517, #434, #4081, .T. ) ;
#2006 = CARTESIAN_POINT ( 'NONE',  ( 0.2354064647634304674, 10.05707501087288769, -3.010622604356040899 ) ) ;
#2007 = DIRECTION ( 'NONE',  ( 0.4999999999999979461, 0.000000000000000000, 0.8660254037844397068 ) ) ;
#2008 = CARTESIAN_POINT ( 'NONE',  ( 1.150000000000005240, -8.171469569021457602, 3.852976439062405500 ) ) ;
#2009 = ORIENTED_EDGE ( 'NONE', *, *, #2567, .T. ) ;
#2010 = CARTESIAN_POINT ( 'NONE',  ( 8.200000000000001066, 9.133432793151635920, -3.889999834757499553 ) ) ;
#2011 = CARTESIAN_POINT ( 'NONE',  ( 1.149999999999987477, 10.19015503420724222, -0.1243667215496427614 ) ) ;
#2012 = DIRECTION ( 'NONE',  ( 1.000000000000000000, 0.000000000000000000, 0.000000000000000000 ) ) ;
#2013 = ADVANCED_FACE ( 'NONE', ( #2595 ), #584, .T. ) ;
#2014 = CARTESIAN_POINT ( 'NONE',  ( 0.8110713256264870941, 10.57717661911758000, 1.112527742151674159 ) ) ;
#2015 = DIRECTION ( 'NONE',  ( 1.000000000000000000, 0.000000000000000000, 0.000000000000000000 ) ) ;
#2016 = CARTESIAN_POINT ( 'NONE',  ( 0.3459151215563217030, 10.96242610616006630, -0.2269556476567037573 ) ) ;
#2017 = CARTESIAN_POINT ( 'NONE',  ( 1.149999999999999911, 9.533038130195206961, -2.963721592361574952 ) ) ;
#2018 = CARTESIAN_POINT ( 'NONE',  ( -0.3237328059205230035, 10.80957374304578877, -1.616948778096692907 ) ) ;
#2019 = ORIENTED_EDGE ( 'NONE', *, *, #1744, .T. ) ;
#2020 = CARTESIAN_POINT ( 'NONE',  ( 1.729895488067852094, 9.262950371294204288, 3.761723296023679719 ) ) ;
#2021 = CARTESIAN_POINT ( 'NONE',  ( 2.076278242395389384, 6.770527048257565461, -4.263574656796579099 ) ) ;
#2022 = VERTEX_POINT ( 'NONE', #1648 ) ;
#2023 = CARTESIAN_POINT ( 'NONE',  ( 0.7760592545030013945, 10.14542058716276962, -2.683510868769026114 ) ) ;
#2024 = CARTESIAN_POINT ( 'NONE',  ( 0.5713783077975589375, 9.898601621482367108, -3.155892013109231176 ) ) ;
#2025 = CARTESIAN_POINT ( 'NONE',  ( -0.2750298306447430674, 9.095902174904718862, -1.699992919979002481 ) ) ;
#2026 = EDGE_LOOP ( 'NONE', ( #1958, #3236, #3613, #2593, #3752, #3874 ) ) ;
#2027 = B_SPLINE_CURVE_WITH_KNOTS ( 'NONE', 3,
 ( #2161, #3449, #1844, #1509 ),
 .UNSPECIFIED., .F., .F.,
 ( 4, 4 ),
 ( 0.6215304815231977864, 1.000000000000000000 ),
 .UNSPECIFIED. ) ;
#2028 = CARTESIAN_POINT ( 'NONE',  ( 4.549999999999999822, 0.000000000000000000, 4.389999007942277487 ) ) ;
#2029 = CIRCLE ( 'NONE', #861, 3.499999999999999556 ) ;
#2030 = VECTOR ( 'NONE', #3113, 1000.000000000000000 ) ;
#2031 = CARTESIAN_POINT ( 'NONE',  ( 0.1323104952583246952, 10.93608920733979240, 1.112506083046786776 ) ) ;
#2032 = CARTESIAN_POINT ( 'NONE',  ( 0.2000000000000000111, -6.261999999999995126, -3.635000000000000231 ) ) ;
#2033 = CARTESIAN_POINT ( 'NONE',  ( 0.09545115827848009438, 11.02258650944533258, -0.6808952443778861774 ) ) ;
#2034 = ADVANCED_FACE ( 'NONE', ( #368 ), #2995, .F. ) ;
#2035 = CARTESIAN_POINT ( 'NONE',  ( 1.150000000000005240, 10.18204975131706469, 0.6204375452457809859 ) ) ;
#2036 = VECTOR ( 'NONE', #248, 1000.000000000000000 ) ;
#2037 = CARTESIAN_POINT ( 'NONE',  ( -0.3315932866155922865, 11.07671548669380712, -0.3023257144995344925 ) ) ;
#2038 = AXIS2_PLACEMENT_3D ( 'NONE', #247, #2538, #620 ) ;
#2039 = CARTESIAN_POINT ( 'NONE',  ( 0.006738133364275677648, 9.847423894767560526, -3.243657725864884878 ) ) ;
#2040 = ORIENTED_EDGE ( 'NONE', *, *, #120, .T. ) ;
#2041 = CARTESIAN_POINT ( 'NONE',  ( 0.8870738060300993322, 10.07734278141293061, 2.700795398391685254 ) ) ;
#2042 = EDGE_CURVE ( 'NONE', #1260, #3921, #1963, .T. ) ;
#2043 = CARTESIAN_POINT ( 'NONE',  ( 0.08982780646364210697, 9.833984486871262476, 3.257894402519545984 ) ) ;
#2044 = ORIENTED_EDGE ( 'NONE', *, *, #2005, .F. ) ;
#2045 = CARTESIAN_POINT ( 'NONE',  ( 0.09400097705148860450, 10.30911002223491302, -2.683530619531395267 ) ) ;
#2046 = CARTESIAN_POINT ( 'NONE',  ( 0.7656213477937386935, 9.143055047087155884, -3.883056706889959742 ) ) ;
#2047 = FACE_OUTER_BOUND ( 'NONE', #2143, .T. ) ;
#2048 = ORIENTED_EDGE ( 'NONE', *, *, #1378, .F. ) ;
#2049 = DIRECTION ( 'NONE',  ( 0.000000000000000000, -0.7014416897145402396, -0.7127268452432606871 ) ) ;
#2050 = ORIENTED_EDGE ( 'NONE', *, *, #1006, .T. ) ;
#2051 = EDGE_CURVE ( 'NONE', #1577, #2480, #1728, .T. ) ;
#2052 = CARTESIAN_POINT ( 'NONE',  ( -0.02609485367923459684, 11.08064266174449486, 0.4894205803776681685 ) ) ;
#2053 = CARTESIAN_POINT ( 'NONE',  ( -0.2442503276735780438, 9.495564135125006189, -0.4803921904827972988 ) ) ;
#2054 = CARTESIAN_POINT ( 'NONE',  ( -0.03383468054017710336, 11.09525057779316271, -0.3404501662455789446 ) ) ;
#2055 = CARTESIAN_POINT ( 'NONE',  ( 1.150000000000000133, 9.798916217231019132, 2.457356128214949198 ) ) ;
#2056 = CARTESIAN_POINT ( 'NONE',  ( 0.4383126924321673057, 10.84849175278556999, 0.6117556351834525508 ) ) ;
#2057 = CARTESIAN_POINT ( 'NONE',  ( 0.8870738060300993322, 10.07734278141293061, 2.700795398391685254 ) ) ;
#2058 = VERTEX_POINT ( 'NONE', #3012 ) ;
#2059 = CARTESIAN_POINT ( 'NONE',  ( 1.198448030179542600, 9.172396804869698883, 3.856259096756554428 ) ) ;
#2060 = CARTESIAN_POINT ( 'NONE',  ( 0.08296499154262745868, 9.807656288471559236, 3.287181574155499941 ) ) ;
#2061 = VERTEX_POINT ( 'NONE', #84 ) ;
#2062 = EDGE_CURVE ( 'NONE', #1001, #4190, #2303, .T. ) ;
#2063 = CARTESIAN_POINT ( 'NONE',  ( 1.256188971575368907, 10.23974527873764195, -1.802336337450790804 ) ) ;
#2064 = CARTESIAN_POINT ( 'NONE',  ( 0.6270761674409045527, 9.119005105487586249, -3.901682995328912273 ) ) ;
#2065 = PLANE ( 'NONE',  #3372 ) ;
#2066 = ORIENTED_EDGE ( 'NONE', *, *, #1233, .T. ) ;
#2067 =( BOUNDED_SURFACE ( )  B_SPLINE_SURFACE ( 3, 2, ( 
 ( #3776, #3800, #197 ),
 ( #261, #215, #2218 ),
 ( #1882, #3157, #896 ),
 ( #1264, #3508, #3206 ) ),
 .UNSPECIFIED., .F., .F., .F. ) 
 B_SPLINE_SURFACE_WITH_KNOTS ( ( 4, 4 ),
 ( 3, 3 ),
 ( 0.000000000000000000, 0.0002918798810629361388 ),
 ( 0.000000000000000000, 0.1596995277861182894 ),
 .UNSPECIFIED. ) 
 GEOMETRIC_REPRESENTATION_ITEM ( )  RATIONAL_B_SPLINE_SURFACE ( (
 ( 1.000000000000000000, 0.9573375806438020330, 0.9283014977384003164),
 ( 1.000000000000000000, 0.9560557266299670731, 0.9261472126721308484),
 ( 1.000000000000000000, 0.9546886635035354285, 0.9238497250907573566),
 ( 1.000000000000000000, 0.9532250912637352247, 0.9213900442023110759) ) ) 
 REPRESENTATION_ITEM ( '' )  SURFACE ( )  );
#2068 = CARTESIAN_POINT ( 'NONE',  ( 1.150000000000001465, 9.894519323278522904, 3.078060795815731332 ) ) ;
#2069 = ORIENTED_EDGE ( 'NONE', *, *, #113, .F. ) ;
#2070 = CARTESIAN_POINT ( 'NONE',  ( 1.281209491488268126, 10.11896582888377871, 2.269658202327732965 ) ) ;
#2071 = LINE ( 'NONE', #2981, #437 ) ;
#2072 = CARTESIAN_POINT ( 'NONE',  ( 1.198690463632246184, 10.46259749310613785, -0.2269279358770862898 ) ) ;
#2073 = DIRECTION ( 'NONE',  ( 0.000000000000000000, 0.000000000000000000, -1.000000000000000000 ) ) ;
#2074 = CARTESIAN_POINT ( 'NONE',  ( 0.6210653224851704346, 10.76202655510673800, 0.06725510168079001927 ) ) ;
#2075 = CARTESIAN_POINT ( 'NONE',  ( 1.667768827194500592, 9.525533934420511883, 3.283300242613350850 ) ) ;
#2076 = ORIENTED_EDGE ( 'NONE', *, *, #2128, .F. ) ;
#2077 = DIRECTION ( 'NONE',  ( 1.000000000000000000, 0.000000000000000000, 0.000000000000000000 ) ) ;
#2078 = CARTESIAN_POINT ( 'NONE',  ( 0.1445547900947513620, 9.798218658930551328, 3.297336892712486645 ) ) ;
#2079 = B_SPLINE_CURVE_WITH_KNOTS ( 'NONE', 3,
 ( #1616, #3566, #4200, #3221 ),
 .UNSPECIFIED., .F., .F.,
 ( 4, 4 ),
 ( 0.002059846145089549909, 0.002393684063533747363 ),
 .UNSPECIFIED. ) ;
#2080 = ORIENTED_EDGE ( 'NONE', *, *, #265, .T. ) ;
#2081 = CARTESIAN_POINT ( 'NONE',  ( 0.9711495339285256545, 9.133432793153119178, 3.889999834756399544 ) ) ;
#2082 = CARTESIAN_POINT ( 'NONE',  ( 1.287547411406364084, 10.22806134116465060, -1.802335386878135326 ) ) ;
#2083 = EDGE_CURVE ( 'NONE', #2456, #3754, #6, .T. ) ;
#2084 = CARTESIAN_POINT ( 'NONE',  ( 0.6419239969918493216, 9.182916582142206963, -3.849585651780072393 ) ) ;
#2085 = CARTESIAN_POINT ( 'NONE',  ( 1.150000000000004796, -8.429633665186539559, 3.696293994026309981 ) ) ;
#2086 = ORIENTED_EDGE ( 'NONE', *, *, #2294, .T. ) ;
#2087 = LINE ( 'NONE', #2797, #2231 ) ;
#2088 = EDGE_CURVE ( 'NONE', #1969, #1788, #1003, .T. ) ;
#2089 = EDGE_LOOP ( 'NONE', ( #1852, #3688, #366, #1432 ) ) ;
#2090 = CARTESIAN_POINT ( 'NONE',  ( 0.2774723271795199731, 10.70365701725773455, 1.735592133079334687 ) ) ;
#2091 = CARTESIAN_POINT ( 'NONE',  ( -0.01196710969852556559, 9.845821346923512962, -3.245561437122448822 ) ) ;
#2092 = AXIS2_PLACEMENT_3D ( 'NONE', #69, #1411, #392 ) ;
#2093 = CARTESIAN_POINT ( 'NONE',  ( 1.296965902407347659, 10.43856551677047761, -0.3404081812825212050 ) ) ;
#2094 = CARTESIAN_POINT ( 'NONE',  ( 0.8236698421438947149, 9.716101374745392150, -3.374363860025075379 ) ) ;
#2095 = CARTESIAN_POINT ( 'NONE',  ( 0.3377115705724008654, 10.80697413737155976, -1.126508005414657010 ) ) ;
#2096 = CARTESIAN_POINT ( 'NONE',  ( 1.453018616561488008, 9.480275815119997063, 3.453914619362064453 ) ) ;
#2097 = CIRCLE ( 'NONE', #3238, 6.000000000000000888 ) ;
#2098 = VECTOR ( 'NONE', #569, 1000.000000000000000 ) ;
#2099 = ORIENTED_EDGE ( 'NONE', *, *, #1490, .T. ) ;
#2100 = CARTESIAN_POINT ( 'NONE',  ( 0.6811716427748499836, 10.70852255981996315, 0.1333912802395654795 ) ) ;
#2101 = DIRECTION ( 'NONE',  ( 1.000000000000000000, -8.326672684688676518E-17, -8.326672684688676518E-17 ) ) ;
#2102 = AXIS2_PLACEMENT_3D ( 'NONE', #2242, #3533, #3886 ) ;
#2103 = VECTOR ( 'NONE', #2822, 1000.000000000000227 ) ;
#2104 = CARTESIAN_POINT ( 'NONE',  ( 0.7543248166846158176, 9.673472709836760330, 3.426233931015072898 ) ) ;
#2105 = EDGE_LOOP ( 'NONE', ( #1463, #2767, #278, #2606, #1847, #759, #489 ) ) ;
#2106 = AXIS2_PLACEMENT_3D ( 'NONE', #1829, #1553, #3457 ) ;
#2107 = CARTESIAN_POINT ( 'NONE',  ( 0.02242445889903316170, 9.821514846243363905, 3.272214033646824838 ) ) ;
#2108 = CARTESIAN_POINT ( 'NONE',  ( -0.2299068895703695325, 10.57806219419429183, -2.356443644722548303 ) ) ;
#2109 = CARTESIAN_POINT ( 'NONE',  ( 0.7634035242062184867, 9.242126985201300826, -3.807230528876663911 ) ) ;
#2110 = CARTESIAN_POINT ( 'NONE',  ( -0.3999999999999999667, -6.261999999999995126, 3.584999999999995524 ) ) ;
#2111 = ORIENTED_EDGE ( 'NONE', *, *, #1870, .T. ) ;
#2112 = ADVANCED_FACE ( 'NONE', ( #1391 ), #3633, .F. ) ;
#2113 = CARTESIAN_POINT ( 'NONE',  ( 0.8734292812488709812, 9.970672935931961689, -2.952637303901254118 ) ) ;
#2114 = ORIENTED_EDGE ( 'NONE', *, *, #3437, .T. ) ;
#2115 = ADVANCED_FACE ( 'NONE', ( #2751 ), #471, .T. ) ;
#2116 = CARTESIAN_POINT ( 'NONE',  ( -0.1181377176554042063, 10.87684720525846238, 1.735579877264747051 ) ) ;
#2117 = DIRECTION ( 'NONE',  ( 0.000000000000000000, 0.000000000000000000, 1.000000000000000000 ) ) ;
#2118 = CARTESIAN_POINT ( 'NONE',  ( 1.145703523376542909, 9.612704849409242414, 2.959425115738128831 ) ) ;
#2119 = CARTESIAN_POINT ( 'NONE',  ( 0.03088252546754850780, 9.961976357240832414, -3.110443531887742363 ) ) ;
#2120 = ORIENTED_EDGE ( 'NONE', *, *, #695, .T. ) ;
#2121 = CARTESIAN_POINT ( 'NONE',  ( 0.4986480746387718099, 10.86454422489252991, 0.1333848476165398478 ) ) ;
#2122 = CARTESIAN_POINT ( 'NONE',  ( 0.09549291025123704535, 9.268894047780188217, -1.699992919979002926 ) ) ;
#2123 = CARTESIAN_POINT ( 'NONE',  ( 0.02643948338709011664, 9.828784399464703725, -3.264200724612232207 ) ) ;
#2124 = CARTESIAN_POINT ( 'NONE',  ( 0.8118549220527052634, 9.832118434824938191, 3.268271698363582445 ) ) ;
#2125 = ORIENTED_EDGE ( 'NONE', *, *, #3209, .T. ) ;
#2126 = CARTESIAN_POINT ( 'NONE',  ( 1.149999999999976596, -6.501397608735234535, -4.383466662698445759 ) ) ;
#2127 = CARTESIAN_POINT ( 'NONE',  ( 0.8884339384637720549, 10.22363384332870950, -2.356410380756429834 ) ) ;
#2128 = EDGE_CURVE ( 'NONE', #2480, #1408, #1077, .T. ) ;
#2129 = CARTESIAN_POINT ( 'NONE',  ( -0.3999999999999999667, -6.261999999999995126, 3.584999999999995524 ) ) ;
#2130 = ORIENTED_EDGE ( 'NONE', *, *, #455, .F. ) ;
#2131 = CARTESIAN_POINT ( 'NONE',  ( 19.09653955668778025, -13.48845884421727881, -12.32231786527336403 ) ) ;
#2132 = VERTEX_POINT ( 'NONE', #803 ) ;
#2133 = CARTESIAN_POINT ( 'NONE',  ( 0.6153305966525900450, 10.53794704277515493, 1.735602781761893976 ) ) ;
#2134 = CARTESIAN_POINT ( 'NONE',  ( -0.02209970092686806831, 9.884947277233573359, 3.201771906782188815 ) ) ;
#2135 = EDGE_CURVE ( 'NONE', #800, #1990, #2087, .T. ) ;
#2136 = DIRECTION ( 'NONE',  ( 0.000000000000000000, 1.000000000000000000, -3.462798379065810878E-16 ) ) ;
#2137 = CARTESIAN_POINT ( 'NONE',  ( 1.149999999999976596, -6.501397608735234535, -4.383466662698445759 ) ) ;
#2138 = CARTESIAN_POINT ( 'NONE',  ( 0.06300170887751503634, 10.07606784533683353, -2.964346016719669130 ) ) ;
#2139 = CARTESIAN_POINT ( 'NONE',  ( 1.149999999999999911, 9.575108371320171230, -2.989977490781936975 ) ) ;
#2140 = CARTESIAN_POINT ( 'NONE',  ( 0.04964836221566143459, 11.08609899654141273, 0.08891426399524554602 ) ) ;
#2141 = DIRECTION ( 'NONE',  ( 0.000000000000000000, 0.000000000000000000, -1.000000000000000000 ) ) ;
#2142 = DIRECTION ( 'NONE',  ( 0.000000000000000000, -1.000000000000000000, 0.000000000000000000 ) ) ;
#2143 = EDGE_LOOP ( 'NONE', ( #105, #3928, #2413 ) ) ;
#2144 = VERTEX_POINT ( 'NONE', #426 ) ;
#2145 = CARTESIAN_POINT ( 'NONE',  ( 0.04495128115940759395, 9.829204809461190351, 3.263592929029461409 ) ) ;
#2146 = CARTESIAN_POINT ( 'NONE',  ( 0.8725454645393105890, 10.39564395246977746, -1.802348099333529463 ) ) ;
#2147 = CARTESIAN_POINT ( 'NONE',  ( 1.694065894508600678E-18, 6.723334115444744796, 4.303814744473265286 ) ) ;
#2148 = EDGE_LOOP ( 'NONE', ( #1039, #2249, #361, #2399 ) ) ;
#2149 = DIRECTION ( 'NONE',  ( 1.000000000000000000, 0.000000000000000000, 0.000000000000000000 ) ) ;
#2150 = LINE ( 'NONE', #210, #1214 ) ;
#2151 = VERTEX_POINT ( 'NONE', #3710 ) ;
#2152 = CARTESIAN_POINT ( 'NONE',  ( 0.01705830154728001091, 10.81953296930660180, 1.735584046438320538 ) ) ;
#2153 = CARTESIAN_POINT ( 'NONE',  ( 0.5288504660617369124, 9.133432793153119178, 3.889999834756399544 ) ) ;
#2154 = CARTESIAN_POINT ( 'NONE',  ( 0.01190380162285002361, 9.887091670575891555, -3.198879307225902746 ) ) ;
#2155 = CARTESIAN_POINT ( 'NONE',  ( 0.01276877267801259513, 9.890949615278008977, -3.194444146200397849 ) ) ;
#2156 = VECTOR ( 'NONE', #922, 1000.000000000000000 ) ;
#2157 = CARTESIAN_POINT ( 'NONE',  ( 1.090107066542313596, 10.48711354809565499, 0.1334043821664598339 ) ) ;
#2158 = ADVANCED_FACE ( 'NONE', ( #1149 ), #191, .F. ) ;
#2159 = CARTESIAN_POINT ( 'NONE',  ( -1.883181166592885925, 7.696999999999993847, -1.600000000000002309 ) ) ;
#2160 = CIRCLE ( 'NONE', #1968, 4.834999999999999076 ) ;
#2161 = CARTESIAN_POINT ( 'NONE',  ( 1.150000000000002132, -8.171257029903692626, -3.853081780040164883 ) ) ;
#2162 = ORIENTED_EDGE ( 'NONE', *, *, #3008, .T. ) ;
#2163 = EDGE_LOOP ( 'NONE', ( #3899, #2899, #2333, #3703, #1807, #572, #4168, #2185, #3604, #1273 ) ) ;
#2164 = EDGE_CURVE ( 'NONE', #611, #1981, #3348, .T. ) ;
#2165 = CARTESIAN_POINT ( 'NONE',  ( 2.076278242394820062, 4.237426941174174289, 4.240000000000010871 ) ) ;
#2166 = VECTOR ( 'NONE', #1884, 1000.000000000000000 ) ;
#2167 = CARTESIAN_POINT ( 'NONE',  ( 0.5961015393902786563, 10.74015647702981724, -0.6808790878129351576 ) ) ;
#2168 = FACE_OUTER_BOUND ( 'NONE', #925, .T. ) ;
#2169 = VECTOR ( 'NONE', #365, 1000.000000000000000 ) ;
#2170 = VERTEX_POINT ( 'NONE', #2481 ) ;
#2171 = CARTESIAN_POINT ( 'NONE',  ( -0.006544387921931211528, 9.760696555506093830, -3.337724296405533142 ) ) ;
#2172 = AXIS2_PLACEMENT_3D ( 'NONE', #1301, #1960, #2003 ) ;
#2173 = CARTESIAN_POINT ( 'NONE',  ( -0.1996470916111590388, -6.261999999999995126, -3.134999999999999787 ) ) ;
#2174 = EDGE_LOOP ( 'NONE', ( #2810, #3837, #3031, #193 ) ) ;
#2175 = CARTESIAN_POINT ( 'NONE',  ( 1.120560194784773422, 9.795529698998205248, 3.337724228519005631 ) ) ;
#2176 = DIRECTION ( 'NONE',  ( 0.000000000000000000, 0.000000000000000000, 1.000000000000000000 ) ) ;
#2177 = DIRECTION ( 'NONE',  ( 0.000000000000000000, -1.433655766212495464E-15, 1.000000000000000000 ) ) ;
#2178 = CARTESIAN_POINT ( 'NONE',  ( 0.3939850831674736598, 10.84688594635707126, -0.7777120938765075264 ) ) ;
#2179 = CARTESIAN_POINT ( 'NONE',  ( 2.076278242394820062, 10.80738130939286812, 3.889999834756405761 ) ) ;
#2180 = CARTESIAN_POINT ( 'NONE',  ( -0.03090010919942846185, 11.10289275198477910, 0.08891195744469106155 ) ) ;
#2181 = CARTESIAN_POINT ( 'NONE',  ( 0.9711495339285256545, 9.133432793153119178, 3.889999834756399544 ) ) ;
#2182 = CARTESIAN_POINT ( 'NONE',  ( 0.1056541873379515800, 9.836178627232760263, -3.255220001435906507 ) ) ;
#2183 = CARTESIAN_POINT ( 'NONE',  ( -0.3999999999999999667, 8.896055631914641992, -1.699992919979002481 ) ) ;
#2184 = DIRECTION ( 'NONE',  ( -1.000000000000000000, -0.000000000000000000, -0.000000000000000000 ) ) ;
#2185 = ORIENTED_EDGE ( 'NONE', *, *, #994, .T. ) ;
#2186 = ORIENTED_EDGE ( 'NONE', *, *, #3396, .F. ) ;
#2187 = CARTESIAN_POINT ( 'NONE',  ( 0.000000000000000000, -6.261999999999995126, -4.835000000000001741 ) ) ;
#2188 = CARTESIAN_POINT ( 'NONE',  ( 1.335336631623072590, 10.35202313944417796, -1.021304774748972743 ) ) ;
#2189 = CARTESIAN_POINT ( 'NONE',  ( 0.000000000000000000, 6.792236765701317402, 4.241514670168590406 ) ) ;
#2190 = ADVANCED_FACE ( 'NONE', ( #1126 ), #3368, .T. ) ;
#2191 = EDGE_LOOP ( 'NONE', ( #2796, #4020, #4215, #290 ) ) ;
#2192 = CARTESIAN_POINT ( 'NONE',  ( 0.01083911210875887488, 9.842318341826729267, 3.249298972735557012 ) ) ;
#2193 = CARTESIAN_POINT ( 'NONE',  ( -0.3726731653349900086, 9.495564135125004412, 1.399993391979997392 ) ) ;
#2194 = ORIENTED_EDGE ( 'NONE', *, *, #1406, .F. ) ;
#2195 = CARTESIAN_POINT ( 'NONE',  ( 0.9899994938496315955, 9.136480431088527254, -3.887477890985798989 ) ) ;
#2196 = CARTESIAN_POINT ( 'NONE',  ( 1.150000000002005640, 10.26806945349788514, -1.804455573750840536 ) ) ;
#2197 = CARTESIAN_POINT ( 'NONE',  ( 1.149999999999999911, 9.565103121087362936, 2.906621200600219446 ) ) ;
#2198 = CARTESIAN_POINT ( 'NONE',  ( 0.2452610036426339790, 10.58563369193168491, 1.998848184521998528 ) ) ;
#2199 = CARTESIAN_POINT ( 'NONE',  ( 4.549999999999999822, -8.429174827030847084, -3.696563034642340817 ) ) ;
#2200 = CARTESIAN_POINT ( 'NONE',  ( 1.179018179673649858, 10.45806671099591156, 0.4004125476995081256 ) ) ;
#2201 = CARTESIAN_POINT ( 'NONE',  ( 19.09653955668780156, -6.261999999999995126, 0.000000000000000000 ) ) ;
#2202 = EDGE_CURVE ( 'NONE', #204, #2731, #3053, .T. ) ;
#2203 = CARTESIAN_POINT ( 'NONE',  ( 0.09780928023114872361, 9.805041794039468073, -3.289998760406776412 ) ) ;
#2204 = CARTESIAN_POINT ( 'NONE',  ( 1.137613338452604372, 9.629486636458393534, 2.995011428811569232 ) ) ;
#2205 = CARTESIAN_POINT ( 'NONE',  ( 1.426908388816545026, 9.791846570082430645, 2.967708007095347877 ) ) ;
#2206 = ORIENTED_EDGE ( 'NONE', *, *, #534, .F. ) ;
#2207 = DIRECTION ( 'NONE',  ( 0.000000000000000000, 0.000000000000000000, -1.000000000000000000 ) ) ;
#2208 = CARTESIAN_POINT ( 'NONE',  ( 0.2189581516063476285, 10.89688835395771527, -1.021339933513742748 ) ) ;
#2209 = CARTESIAN_POINT ( 'NONE',  ( 19.09653955668780156, -6.262000342574794765, -4.389999007942133602 ) ) ;
#2210 = VERTEX_POINT ( 'NONE', #2713 ) ;
#2211 = EDGE_CURVE ( 'NONE', #1047, #2947, #3165, .T. ) ;
#2212 = CARTESIAN_POINT ( 'NONE',  ( 0.8198359697276225155, 9.786124447672465365, -3.337702653825845633 ) ) ;
#2213 = DIRECTION ( 'NONE',  ( 1.000000000000000000, 0.000000000000000000, -0.000000000000000000 ) ) ;
#2214 = EDGE_LOOP ( 'NONE', ( #3282, #3541, #1895, #3915 ) ) ;
#2215 = CARTESIAN_POINT ( 'NONE',  ( 0.4847734911777926703, 10.19954405116988738, 2.803669758525820566 ) ) ;
#2216 = EDGE_CURVE ( 'NONE', #889, #1065, #1470, .T. ) ;
#2217 = CARTESIAN_POINT ( 'NONE',  ( 1.361084924161633625, 9.713840926301845258, 3.174806516523219546 ) ) ;
#2218 = CARTESIAN_POINT ( 'NONE',  ( 0.8604831817657488946, 9.842289522017198422, 3.206943146119974664 ) ) ;
#2219 = LINE ( 'NONE', #2306, #664 ) ;
#2220 = DIRECTION ( 'NONE',  ( -0.000000000000000000, 0.000000000000000000, 1.000000000000000000 ) ) ;
#2221 = CARTESIAN_POINT ( 'NONE',  ( 0.8212554026624931947, 10.60351349075319050, 0.2668988225742157105 ) ) ;
#2222 = DIRECTION ( 'NONE',  ( 1.000000000000000000, 0.000000000000000000, -1.772601417597194116E-13 ) ) ;
#2223 = PLANE ( 'NONE',  #4121 ) ;
#2224 = CARTESIAN_POINT ( 'NONE',  ( -0.3260475619007102699, 10.81071510511188905, 1.613191009501552475 ) ) ;
#2225 = ORIENTED_EDGE ( 'NONE', *, *, #2256, .T. ) ;
#2226 = ORIENTED_EDGE ( 'NONE', *, *, #450, .T. ) ;
#2227 = DIRECTION ( 'NONE',  ( 1.000000000000000000, 2.661442661123457863E-15, -1.397257397089815427E-14 ) ) ;
#2228 = AXIS2_PLACEMENT_3D ( 'NONE', #2447, #2485, #214 ) ;
#2229 = DIRECTION ( 'NONE',  ( 0.000000000000000000, 0.000000000000000000, -1.000000000000000000 ) ) ;
#2230 = ORIENTED_EDGE ( 'NONE', *, *, #3393, .T. ) ;
#2231 = VECTOR ( 'NONE', #1787, 1000.000000000000000 ) ;
#2232 = VECTOR ( 'NONE', #682, 1000.000000000000000 ) ;
#2233 = CARTESIAN_POINT ( 'NONE',  ( 1.223465631028150892E-05, 9.835860683542964722, -3.256527534283309766 ) ) ;
#2234 = LINE ( 'NONE', #1855, #666 ) ;
#2235 = VECTOR ( 'NONE', #4018, 1000.000000000000000 ) ;
#2236 = CARTESIAN_POINT ( 'NONE',  ( 0.7796649127217488706, 9.918949580494471618, 3.090775147390746103 ) ) ;
#2237 = VERTEX_POINT ( 'NONE', #4007 ) ;
#2238 = ADVANCED_FACE ( 'NONE', ( #3734 ), #1911, .F. ) ;
#2239 = CARTESIAN_POINT ( 'NONE',  ( 0.9935428140033654154, 9.791597480218511507, 3.337720902227276465 ) ) ;
#2240 = CARTESIAN_POINT ( 'NONE',  ( 1.149999999996725863, 10.43704829580859439, -0.5055906133290364313 ) ) ;
#2241 = CYLINDRICAL_SURFACE ( 'NONE', #1975, 0.2999995279990004260 ) ;
#2242 = CARTESIAN_POINT ( 'NONE',  ( -0.08867513459481161930, 6.261999999999995126, -3.006671916513725129E-15 ) ) ;
#2243 = EDGE_CURVE ( 'NONE', #2811, #1405, #3515, .T. ) ;
#2244 = SURFACE_STYLE_FILL_AREA ( #636 ) ;
#2245 = CARTESIAN_POINT ( 'NONE',  ( 0.9999294937280689410, 10.51291906785719377, 0.4004072403546771741 ) ) ;
#2246 = FACE_OUTER_BOUND ( 'NONE', #2712, .T. ) ;
#2247 = CARTESIAN_POINT ( 'NONE',  ( 0.08594999578373307969, 9.821063657302289585, -3.272718218302776982 ) ) ;
#2248 = DIRECTION ( 'NONE',  ( -0.8191520442889890230, -0.5735764363510502672, 1.344284772916069216E-14 ) ) ;
#2249 = ORIENTED_EDGE ( 'NONE', *, *, #2821, .F. ) ;
#2250 = EDGE_LOOP ( 'NONE', ( #2099, #407, #1581, #3894 ) ) ;
#2251 = CARTESIAN_POINT ( 'NONE',  ( 0.7418703399216097782, 9.142221051612644089, 3.883730782443663543 ) ) ;
#2252 = B_SPLINE_CURVE_WITH_KNOTS ( 'NONE', 3,
 ( #3489, #3822, #3139, #4095 ),
 .UNSPECIFIED., .F., .F.,
 ( 4, 4 ),
 ( 2.506454070701203485E-17, 0.0008795349079346576450 ),
 .UNSPECIFIED. ) ;
#2253 = CARTESIAN_POINT ( 'NONE',  ( -0.3999999999999999667, -6.261999999999995126, -3.584999999999998632 ) ) ;
#2254 = VERTEX_POINT ( 'NONE', #4066 ) ;
#2255 = CARTESIAN_POINT ( 'NONE',  ( -0.08669515123899332321, 9.759102120389835378, -3.337726404435299443 ) ) ;
#2256 = EDGE_CURVE ( 'NONE', #2061, #2994, #167, .T. ) ;
#2257 = CARTESIAN_POINT ( 'NONE',  ( -0.1996470916111590388, -6.261999999999996014, -3.134999999999999787 ) ) ;
#2258 = CARTESIAN_POINT ( 'NONE',  ( 2.076278242394820062, 4.237429252579164363, 33.86000017273206453 ) ) ;
#2259 = ORIENTED_EDGE ( 'NONE', *, *, #3706, .T. ) ;
#2260 = CARTESIAN_POINT ( 'NONE',  ( -0.3235383451651311359, 9.754413867225753876, 3.337686374207230688 ) ) ;
#2261 = CARTESIAN_POINT ( 'NONE',  ( 1.694065894508600678E-18, 6.550804190652980807, -4.382232733951842540 ) ) ;
#2262 = CARTESIAN_POINT ( 'NONE',  ( 0.8873514022117062749, 10.07740695501976980, -2.701072994573280095 ) ) ;
#2263 = CARTESIAN_POINT ( 'NONE',  ( 2.076278242394476781, 6.641578978638022157, -4.351019935347000711 ) ) ;
#2264 = DIRECTION ( 'NONE',  ( -1.000000000000000000, -0.000000000000000000, -0.000000000000000000 ) ) ;
#2265 = CARTESIAN_POINT ( 'NONE',  ( 0.1107463080900815688, 11.06231611060251829, 0.2668753008463085608 ) ) ;
#2266 = CARTESIAN_POINT ( 'NONE',  ( 8.200000000000001066, 9.133432793151635920, -3.889999834757499553 ) ) ;
#2267 = EDGE_CURVE ( 'NONE', #1590, #2383, #1190, .T. ) ;
#2268 = CARTESIAN_POINT ( 'NONE',  ( 0.5678165363532778898, 9.133432793151639473, -3.889999834757498665 ) ) ;
#2269 = CARTESIAN_POINT ( 'NONE',  ( -0.002301912912208996416, 10.03495033192014141, 3.025026733378715527 ) ) ;
#2270 = ORIENTED_EDGE ( 'NONE', *, *, #4192, .T. ) ;
#2271 = VERTEX_POINT ( 'NONE', #1941 ) ;
#2272 = CARTESIAN_POINT ( 'NONE',  ( 0.7518104916577901253, 9.175579527771349220, 3.858531256767046447 ) ) ;
#2273 = DIRECTION ( 'NONE',  ( -0.7071067811865489050, 0.7071067811865462405, 0.000000000000000000 ) ) ;
#2274 = VERTEX_POINT ( 'NONE', #2546 ) ;
#2275 = CARTESIAN_POINT ( 'NONE',  ( 1.103664840623344467, 9.937195071646584665, -3.010598366372885248 ) ) ;
#2276 = LINE ( 'NONE', #2570, #3588 ) ;
#2277 = CARTESIAN_POINT ( 'NONE',  ( 1.150000000000004796, -8.342830484796587953, 3.747199917288911664 ) ) ;
#2278 = ORIENTED_EDGE ( 'NONE', *, *, #148, .F. ) ;
#2279 = CARTESIAN_POINT ( 'NONE',  ( 0.2000000000000000111, 6.261999999999995126, -3.635000000000001563 ) ) ;
#2280 = CARTESIAN_POINT ( 'NONE',  ( 0.04469503937685317951, 9.829887238459415144, -3.262826687005122128 ) ) ;
#2281 = CARTESIAN_POINT ( 'NONE',  ( 0.7520630934098213594, 9.176956039012699406, -3.857487615024104866 ) ) ;
#2282 = CARTESIAN_POINT ( 'NONE',  ( 0.7680745009553791025, 9.282731928087812889, 3.774822923639813421 ) ) ;
#2283 = CARTESIAN_POINT ( 'NONE',  ( -0.02946212277500810314, 11.08927551973674497, 0.4003740651740647083 ) ) ;
#2284 = DIRECTION ( 'NONE',  ( -1.000000000000000000, -0.000000000000000000, -0.000000000000000000 ) ) ;
#2285 = CARTESIAN_POINT ( 'NONE',  ( 1.175827859982123025, 10.40326033242211423, -1.021309526187120564 ) ) ;
#2286 = CARTESIAN_POINT ( 'NONE',  ( 2.507819468670906105, 9.404322112731422934, -3.543128356801140466 ) ) ;
#2287 = CARTESIAN_POINT ( 'NONE',  ( 0.03179460309092846382, 9.963759107515965496, 3.108227369138130580 ) ) ;
#2288 = ORIENTED_EDGE ( 'NONE', *, *, #1967, .F. ) ;
#2289 = VERTEX_POINT ( 'NONE', #2885 ) ;
#2290 = EDGE_CURVE ( 'NONE', #2859, #863, #275, .T. ) ;
#2291 = CARTESIAN_POINT ( 'NONE',  ( 0.7441188870845284464, 9.189370358970933239, 3.848049383325000239 ) ) ;
#2292 = CARTESIAN_POINT ( 'NONE',  ( -0.1996470916111590388, 6.261999999999995126, -3.006671916513725129E-15 ) ) ;
#2293 = ORIENTED_EDGE ( 'NONE', *, *, #3737, .F. ) ;
#2294 = EDGE_CURVE ( 'NONE', #3663, #1215, #4106, .T. ) ;
#2295 = CIRCLE ( 'NONE', #2092, 3.134999999999998010 ) ;
#2296 = CARTESIAN_POINT ( 'NONE',  ( -0.3960375728874543366, 10.11255384893000553, -3.010639907408405147 ) ) ;
#2297 = CARTESIAN_POINT ( 'NONE',  ( 0.8113262338690432340, 9.671948018290475346, -3.421077547451989886 ) ) ;
#2298 = CARTESIAN_POINT ( 'NONE',  ( -0.3134218633402662824, 9.195564607126003764, -1.699992919979002481 ) ) ;
#2299 = CIRCLE ( 'NONE', #2830, 4.389999007942140707 ) ;
#2300 = AXIS2_PLACEMENT_3D ( 'NONE', #4182, #1952, #1292 ) ;
#2301 = ORIENTED_EDGE ( 'NONE', *, *, #648, .T. ) ;
#2302 = CARTESIAN_POINT ( 'NONE',  ( 0.8974325169255393808, 9.133432793151662565, 3.889999834757464470 ) ) ;
#2303 = LINE ( 'NONE', #2935, #3650 ) ;
#2304 = AXIS2_PLACEMENT_3D ( 'NONE', #3179, #610, #809 ) ;
#2305 = AXIS2_PLACEMENT_3D ( 'NONE', #832, #898, #543 ) ;
#2306 = CARTESIAN_POINT ( 'NONE',  ( 4.549999999999999822, 4.237426279435003273, -3.635000000000005116 ) ) ;
#2307 = CIRCLE ( 'NONE', #386, 4.389999007942140707 ) ;
#2308 = AXIS2_PLACEMENT_3D ( 'NONE', #3602, #2603, #1357 ) ;
#2309 = CARTESIAN_POINT ( 'NONE',  ( 0.7795099027721361651, 9.918483645212399225, -3.092195698785093150 ) ) ;
#2310 = CARTESIAN_POINT ( 'NONE',  ( 1.186479388447721384, 10.29168569310761860, 1.735620437081385914 ) ) ;
#2311 = DIRECTION ( 'NONE',  ( 0.000000000000000000, -2.386139581811289062E-16, -1.000000000000000000 ) ) ;
#2312 = CARTESIAN_POINT ( 'NONE',  ( 0.07352221378863649237, 10.96570582168216390, -1.021344491683767064 ) ) ;
#2313 = EDGE_CURVE ( 'NONE', #2507, #3192, #3175, .T. ) ;
#2314 = CARTESIAN_POINT ( 'NONE',  ( 0.000000000000000000, -13.48845884421727703, -12.32231786527336226 ) ) ;
#2315 = CARTESIAN_POINT ( 'NONE',  ( 0.005419704572541950496, 9.839748613250312914, 3.252223087537033930 ) ) ;
#2316 = ORIENTED_EDGE ( 'NONE', *, *, #750, .F. ) ;
#2317 = ORIENTED_EDGE ( 'NONE', *, *, #801, .F. ) ;
#2318 = CARTESIAN_POINT ( 'NONE',  ( 0.7476715323484033338, 9.177045901328595434, 3.857422772888946305 ) ) ;
#2319 = CARTESIAN_POINT ( 'NONE',  ( 2.076278242393569506, 6.450940218077473531, -4.390000000000004121 ) ) ;
#2320 = VERTEX_POINT ( 'NONE', #3198 ) ;
#2321 = CARTESIAN_POINT ( 'NONE',  ( 0.7164158328317280500, 9.990760969366126787, -3.010609177682969317 ) ) ;
#2322 = EDGE_CURVE ( 'NONE', #2061, #1127, #1876, .T. ) ;
#2323 = CARTESIAN_POINT ( 'NONE',  ( 0.8800934100216292189, 10.02541408655641320, -2.830996568287502235 ) ) ;
#2324 = DIRECTION ( 'NONE',  ( -0.5735764363510501562, 0.8191520442889889120, 5.056984627157090783E-15 ) ) ;
#2325 = ORIENTED_EDGE ( 'NONE', *, *, #2672, .F. ) ;
#2326 = CARTESIAN_POINT ( 'NONE',  ( 0.6025674830647234081, 9.133432793151259332, 3.889999834757746466 ) ) ;
#2327 = CARTESIAN_POINT ( 'NONE',  ( 1.150000000001054401, 10.43022198609778961, 0.6368041421130037349 ) ) ;
#2328 = LINE ( 'NONE', #3932, #798 ) ;
#2329 = CARTESIAN_POINT ( 'NONE',  ( 1.333603897490600820, 10.34769923019030280, 1.112543937358560830 ) ) ;
#2330 = CARTESIAN_POINT ( 'NONE',  ( 1.299665581080466925, 10.44557376428288897, -0.2269250855842491199 ) ) ;
#2331 = CARTESIAN_POINT ( 'NONE',  ( 1.149999999999982148, 9.954204284322658580, -1.982226978706212117 ) ) ;
#2332 = CARTESIAN_POINT ( 'NONE',  ( 0.07826483087726308907, 11.07550479647877850, 0.6227572080029850632 ) ) ;
#2333 = ORIENTED_EDGE ( 'NONE', *, *, #2313, .F. ) ;
#2334 = B_SPLINE_CURVE_WITH_KNOTS ( 'NONE', 3,
 ( #3640, #2039, #3320, #1861, #2785, #2155, #1540, #4072, #1477, #2823, #2138, #542, #3467, #1522, #4093, #4114, #3138, #1883, #1816, #1223, #1841, #2178, #216, #1179, #498, #2471, #2489, #2516, #2759, #3801, #524, #3420, #897, #3076, #830, #852, #3777, #1159, #4056, #2198, #2450, #2851, #3488, #2805, #3443, #198, #3742, #3099, #179, #564, #3760, #3119 ),
 .UNSPECIFIED., .F., .F.,
 ( 4, 2, 2, 2, 2, 2, 2, 2, 2, 2, 2, 2, 2, 2, 2, 2, 2, 2, 2, 2, 2, 2, 2, 2, 2, 4 ),
 ( 0.000000000000000000, 2.852812553194666609E-05, 5.705625106389333219E-05, 0.0001141125021277841843, 0.0002282250042555625409, 0.0004564500085111181972, 0.0009129000170222255524, 0.001369350025533332908, 0.001825800034044440263, 0.002282250042555547618, 0.002738700051066654973, 0.002966925055322208217, 0.003195150059577762328, 0.003423375063833315572, 0.003651600068088869250, 0.004108050076599975738, 0.004336275080855530283, 0.004564500085111083960, 0.005020950093622192183, 0.005477400102133301273, 0.006390300119155517718, 0.006846750127666625940, 0.007074975131922178750, 0.007189087634049954288, 0.007246143885113839021, 0.007303200136177723754 ),
 .UNSPECIFIED. ) ;
#2335 = CARTESIAN_POINT ( 'NONE',  ( 0.9711495339285256545, 9.133432793153119178, 3.889999834756399544 ) ) ;
#2336 = CARTESIAN_POINT ( 'NONE',  ( 2.076278242395396489, 6.550838079936350589, 4.382242293238809872 ) ) ;
#2337 = ORIENTED_EDGE ( 'NONE', *, *, #51, .T. ) ;
#2338 = CARTESIAN_POINT ( 'NONE',  ( 0.9405579066828204660, 10.09916436139524265, -2.683506035997958783 ) ) ;
#2339 =( BOUNDED_SURFACE ( )  B_SPLINE_SURFACE ( 3, 2, ( 
 ( #3698, #2985, #1114 ),
 ( #2351, #3380, #3338 ),
 ( #1457, #2096, #1735 ),
 ( #1416, #3355, #3973 ),
 ( #1439, #2075, #3042 ),
 ( #2721, #1717, #1397 ) ),
 .UNSPECIFIED., .F., .F., .T. ) 
 B_SPLINE_SURFACE_WITH_KNOTS ( ( 4, 2, 4 ),
 ( 3, 3 ),
 ( -6.310056643865635806E-17, 0.001201157615071464253, 0.002402315230142991823 ),
 ( 0.000000000000000000, 1.000000000000000000 ),
 .UNSPECIFIED. ) 
 GEOMETRIC_REPRESENTATION_ITEM ( )  RATIONAL_B_SPLINE_SURFACE ( (
 ( 1.000000000000000000, 0.9960821193987029476, 1.000000000000000000),
 ( 1.000000000000000000, 0.9948312972094766060, 1.000000000000000000),
 ( 1.000000000000000000, 0.9934811966579725206, 1.000000000000000000),
 ( 1.000000000000000000, 0.9906782788137104001, 1.000000000000000000),
 ( 1.000000000000000000, 0.9892180122230248562, 1.000000000000000000),
 ( 1.000000000000000000, 0.9877560054920501154, 1.000000000000000000) ) ) 
 REPRESENTATION_ITEM ( '' )  SURFACE ( )  );
#2340 = DIRECTION ( 'NONE',  ( -0.000000000000000000, -1.000000000000000000, -0.000000000000000000 ) ) ;
#2341 = FACE_OUTER_BOUND ( 'NONE', #2174, .T. ) ;
#2342 = EDGE_LOOP ( 'NONE', ( #3144, #2986, #1302, #3325 ) ) ;
#2343 = CARTESIAN_POINT ( 'NONE',  ( 0.9711495339224428536, 9.133432793151635920, -3.889999834757499553 ) ) ;
#2344 = DIRECTION ( 'NONE',  ( 0.000000000000000000, 1.000000000000000000, -2.657417008760536465E-16 ) ) ;
#2345 = EDGE_CURVE ( 'NONE', #2352, #538, #38, .T. ) ;
#2346 = CARTESIAN_POINT ( 'NONE',  ( 0.6773969156030182903, 10.69876416521487528, 0.4894431297327875297 ) ) ;
#2347 = CARTESIAN_POINT ( 'NONE',  ( -0.3316610391625380294, 9.495564135125004412, 1.168151139050218168 ) ) ;
#2348 = CARTESIAN_POINT ( 'NONE',  ( 0.4353570314372440242, 10.90663249522036260, -0.2269527067029518674 ) ) ;
#2349 = CARTESIAN_POINT ( 'NONE',  ( 1.150000000000004130, 10.18834328160630243, 0.4963443861848517158 ) ) ;
#2350 = CARTESIAN_POINT ( 'NONE',  ( 0.4007476192783175351, 10.84890713397357231, 0.7450639820696264293 ) ) ;
#2351 = CARTESIAN_POINT ( 'NONE',  ( 0.8236787951262083407, 9.715704497416687957, 3.374780760137549684 ) ) ;
#2352 = VERTEX_POINT ( 'NONE', #1557 ) ;
#2353 = CARTESIAN_POINT ( 'NONE',  ( 0.000000000000000000, -6.261999999999995126, -1.734723475976807094E-15 ) ) ;
#2354 = CARTESIAN_POINT ( 'NONE',  ( 0.05814086693606249079, 9.831014730198587515, 3.261505300789542705 ) ) ;
#2355 = ORIENTED_EDGE ( 'NONE', *, *, #3585, .T. ) ;
#2356 = CARTESIAN_POINT ( 'NONE',  ( 0.1970760691159255118, 10.28866231648979834, -2.683527678577644071 ) ) ;
#2357 = CARTESIAN_POINT ( 'NONE',  ( 0.9639091891246532873, 9.249995951993044585, -3.787025107231909882 ) ) ;
#2358 = VERTEX_POINT ( 'NONE', #255 ) ;
#2359 = CARTESIAN_POINT ( 'NONE',  ( 1.149999999999994582, 10.11051762780277130, 1.241415391565542814 ) ) ;
#2360 = CIRCLE ( 'NONE', #581, 4.834999999999999076 ) ;
#2361 = AXIS2_PLACEMENT_3D ( 'NONE', #4079, #1204, #2812 ) ;
#2363 = AXIS2_PLACEMENT_3D ( 'NONE', #931, #2866, #537 ) ;
#2362 = CARTESIAN_POINT ( 'NONE',  ( 0.9204919878923291110, 10.52018202380370759, 1.112531224903167137 ) ) ;
#2364 = CARTESIAN_POINT ( 'NONE',  ( 2.627879203952887543, 14.98755638855047145, -5.740950173048482874 ) ) ;
#2365 = CARTESIAN_POINT ( 'NONE',  ( 0.3253312663261467286, 10.90902378963263608, -0.6808879906608569232 ) ) ;
#2366 = EDGE_CURVE ( 'NONE', #1990, #2289, #793, .T. ) ;
#2367 = CARTESIAN_POINT ( 'NONE',  ( 0.007511156280744722344, 9.821562773238687427, 3.272248979733387575 ) ) ;
#2368 = VECTOR ( 'NONE', #1086, 1000.000000000000000 ) ;
#2369 = CARTESIAN_POINT ( 'NONE',  ( 0.01920072734793620492, 11.00064844644035311, -1.041346923338623442 ) ) ;
#2370 = AXIS2_PLACEMENT_3D ( 'NONE', #1094, #765, #2073 ) ;
#2371 = CARTESIAN_POINT ( 'NONE',  ( 0.3452871970380572697, 9.869653449156954750, 3.208857999106903058 ) ) ;
#2372 = ORIENTED_EDGE ( 'NONE', *, *, #3189, .T. ) ;
#2374 = CARTESIAN_POINT ( 'NONE',  ( 0.000000000000000000, 9.831934238123587022, 3.260805737087936862 ) ) ;
#2373 = VECTOR ( 'NONE', #1124, 1000.000000000000000 ) ;
#2375 = B_SPLINE_CURVE_WITH_KNOTS ( 'NONE', 3,
 ( #4158, #2917, #1971, #3182 ),
 .UNSPECIFIED., .F., .F.,
 ( 4, 4 ),
 ( 0.8952073291545848965, 0.8975552155837744905 ),
 .UNSPECIFIED. ) ;
#2376 = CARTESIAN_POINT ( 'NONE',  ( 19.09653955668780156, 6.450940218077475308, -4.390000000000002345 ) ) ;
#2377 = VERTEX_POINT ( 'NONE', #2233 ) ;
#2378 = CARTESIAN_POINT ( 'NONE',  ( 1.177199935912280226, 10.12789659000899789, -2.356401748544996622 ) ) ;
#2379 = CARTESIAN_POINT ( 'NONE',  ( 0.7794060693552182784, 9.110834704060337685, -3.908082056060183440 ) ) ;
#2380 = DIRECTION ( 'NONE',  ( -1.000000000000000000, -0.000000000000000000, -0.000000000000000000 ) ) ;
#2381 = ORIENTED_EDGE ( 'NONE', *, *, #1120, .F. ) ;
#2382 = CARTESIAN_POINT ( 'NONE',  ( 4.549999999999999822, 4.237426279435003273, -3.635000000000005116 ) ) ;
#2383 = VERTEX_POINT ( 'NONE', #3501 ) ;
#2384 = CARTESIAN_POINT ( 'NONE',  ( -0.04962644561313996061, 11.01968294904685663, 1.112500406392220809 ) ) ;
#2385 = CARTESIAN_POINT ( 'NONE',  ( 0.000000000000000000, 6.261999999999995126, -3.006671916513725129E-15 ) ) ;
#2386 = CARTESIAN_POINT ( 'NONE',  ( 0.2415049967162748168, 10.95537103430380022, -0.6808906862078617506 ) ) ;
#2387 = FACE_OUTER_BOUND ( 'NONE', #3474, .T. ) ;
#2388 = CARTESIAN_POINT ( 'NONE',  ( 0.2039933733667149141, 11.12039179384766108, -0.1550593870391241136 ) ) ;
#2389 = CARTESIAN_POINT ( 'NONE',  ( 19.09653955668780156, -6.310472576031248337, -0.8886780314100639622 ) ) ;
#2390 = ORIENTED_EDGE ( 'NONE', *, *, #2960, .T. ) ;
#2391 = ADVANCED_FACE ( 'NONE', ( #4131 ), #1154, .F. ) ;
#2392 = DIRECTION ( 'NONE',  ( 1.000000000000000000, -0.000000000000000000, -0.000000000000000000 ) ) ;
#2393 = CARTESIAN_POINT ( 'NONE',  ( 2.076278242395389384, 6.450940218077469979, 4.389999007942145148 ) ) ;
#2394 = ORIENTED_EDGE ( 'NONE', *, *, #644, .F. ) ;
#2395 = ADVANCED_FACE ( 'NONE', ( #1620 ), #2530, .F. ) ;
#2396 = CARTESIAN_POINT ( 'NONE',  ( 1.081718030636189765, 10.15916222905031319, -2.356404598837833930 ) ) ;
#2397 = CARTESIAN_POINT ( 'NONE',  ( 0.8824684823423951663, 9.120234166068906134, -3.900706794318274273 ) ) ;
#2398 = LINE ( 'NONE', #1448, #2373 ) ;
#2399 = ORIENTED_EDGE ( 'NONE', *, *, #1879, .F. ) ;
#2400 = CARTESIAN_POINT ( 'NONE',  ( -0.3999999999999999667, 6.261999999999995126, -3.006671916513725129E-15 ) ) ;
#2401 = ORIENTED_EDGE ( 'NONE', *, *, #3782, .T. ) ;
#2402 = EDGE_CURVE ( 'NONE', #1723, #339, #3735, .T. ) ;
#2403 = CARTESIAN_POINT ( 'NONE',  ( 0.7682265506923108278, 10.46614481567938171, 1.735607568166227743 ) ) ;
#2404 = CARTESIAN_POINT ( 'NONE',  ( 0.09310329420073674977, 9.834645969342865612, -3.257091730895138593 ) ) ;
#2405 = CARTESIAN_POINT ( 'NONE',  ( -0.01850402589842450873, 11.09157242258512355, -0.3404497223180439902 ) ) ;
#2406 = CARTESIAN_POINT ( 'NONE',  ( 1.145829536281046002, 9.611765826424178982, -2.959551128642619933 ) ) ;
#2407 = CARTESIAN_POINT ( 'NONE',  ( 0.6201173586857690045, 10.76276852953799690, -0.07166643273835439365 ) ) ;
#2408 = CARTESIAN_POINT ( 'NONE',  ( -0.08867513459481161930, 6.261999999999994237, 3.134999999999996234 ) ) ;
#2409 = ORIENTED_EDGE ( 'NONE', *, *, #2987, .T. ) ;
#2410 = FACE_OUTER_BOUND ( 'NONE', #1706, .T. ) ;
#2411 = CARTESIAN_POINT ( 'NONE',  ( 0.03676190570295164578, 9.815890528706031404, 3.278285514488180841 ) ) ;
#2412 = EDGE_CURVE ( 'NONE', #1001, #1549, #2160, .T. ) ;
#2413 = ORIENTED_EDGE ( 'NONE', *, *, #1702, .T. ) ;
#2414 = DIRECTION ( 'NONE',  ( -1.000000000000000000, 0.000000000000000000, 0.000000000000000000 ) ) ;
#2415 = CARTESIAN_POINT ( 'NONE',  ( 0.5829690497842611174, 10.32619892835466224, -2.356419525358067091 ) ) ;
#2416 = CARTESIAN_POINT ( 'NONE',  ( 0.02457808755466110370, 9.824960839415886937, 3.268449702948254654 ) ) ;
#2417 = CARTESIAN_POINT ( 'NONE',  ( 1.150000000000691802, 8.497426056467000777, 3.118316330403676950 ) ) ;
#2418 = ADVANCED_FACE ( 'NONE', ( #679 ), #2636, .T. ) ;
#2419 = VERTEX_POINT ( 'NONE', #3047 ) ;
#2420 = CARTESIAN_POINT ( 'NONE',  ( 1.113696666433202642, 9.797066344244633740, -3.125642724757867086 ) ) ;
#2421 = B_SPLINE_CURVE_WITH_KNOTS ( 'NONE', 3,
 ( #1123, #2416, #2669, #467 ),
 .UNSPECIFIED., .F., .F.,
 ( 4, 4 ),
 ( 0.000000000000000000, 1.000000000000000000 ),
 .UNSPECIFIED. ) ;
#2422 = ORIENTED_EDGE ( 'NONE', *, *, #238, .F. ) ;
#2423 = CARTESIAN_POINT ( 'NONE',  ( 1.040577428537626137, 10.05290687390619730, 2.803685988698894072 ) ) ;
#2424 = SPHERICAL_SURFACE ( 'NONE', #3096, 3.635000000000000231 ) ;
#2425 = VECTOR ( 'NONE', #968, 1000.000000000000114 ) ;
#2426 = B_SPLINE_CURVE_WITH_KNOTS ( 'NONE', 3,
 ( #1683, #2323, #2611, #3611 ),
 .UNSPECIFIED., .F., .F.,
 ( 4, 4 ),
 ( 0.005877166563177729786, 0.006300437640570751702 ),
 .UNSPECIFIED. ) ;
#2427 = CARTESIAN_POINT ( 'NONE',  ( -3.227227019998634816, 9.862309814639663941, 4.770509352443304571E-15 ) ) ;
#2428 = CARTESIAN_POINT ( 'NONE',  ( 0.06531396932036891145, 10.08408018694949604, -2.953672070155902052 ) ) ;
#2429 = CARTESIAN_POINT ( 'NONE',  ( -1.883181166592885925, 7.696999999999993847, -1.600000000000002309 ) ) ;
#2430 = AXIS2_PLACEMENT_3D ( 'NONE', #3186, #1239, #1534 ) ;
#2431 = DIRECTION ( 'NONE',  ( -0.000000000000000000, 2.343688979742739259E-14, 1.000000000000000000 ) ) ;
#2432 = DIRECTION ( 'NONE',  ( 0.000000000000000000, 0.000000000000000000, 1.000000000000000000 ) ) ;
#2433 = EDGE_CURVE ( 'NONE', #1047, #3974, #2577, .T. ) ;
#2434 = CIRCLE ( 'NONE', #944, 4.562589725145138608 ) ;
#2435 = CIRCLE ( 'NONE', #384, 0.7500000000000002220 ) ;
#2436 = DIRECTION ( 'NONE',  ( -1.000000000000000000, -0.000000000000000000, -0.000000000000000000 ) ) ;
#2437 = EDGE_LOOP ( 'NONE', ( #2230, #3989, #2943, #678, #2952 ) ) ;
#2438 = AXIS2_PLACEMENT_3D ( 'NONE', #2292, #3263, #1705 ) ;
#2439 = DIRECTION ( 'NONE',  ( -0.4946478828332144806, -0.5589596321275012158, -0.6654980102603668124 ) ) ;
#2440 = CARTESIAN_POINT ( 'NONE',  ( -0.1338878825925697014, 10.82704845045721065, -1.802379184200994633 ) ) ;
#2441 = CARTESIAN_POINT ( 'NONE',  ( 0.5119358393358721671, 9.732085447743951789, -3.367034203016122440 ) ) ;
#2442 = CARTESIAN_POINT ( 'NONE',  ( 0.7500000000000000000, 6.261999999999995126, -3.006671916513725129E-15 ) ) ;
#2443 = ORIENTED_EDGE ( 'NONE', *, *, #2543, .F. ) ;
#2444 = DIRECTION ( 'NONE',  ( 0.000000000000000000, 3.600187342920097539E-15, -1.000000000000000000 ) ) ;
#2445 = ORIENTED_EDGE ( 'NONE', *, *, #2042, .F. ) ;
#2446 = CARTESIAN_POINT ( 'NONE',  ( 0.4829509565180939434, 10.44703089369205351, 2.269633691385232854 ) ) ;
#2447 = CARTESIAN_POINT ( 'NONE',  ( 0.000000000000000000, -13.48845323900838977, 12.32232115246256932 ) ) ;
#2448 = CARTESIAN_POINT ( 'NONE',  ( 0.7500000000000168754, 9.674548844134267966, 3.425162096368258080 ) ) ;
#2449 = FACE_OUTER_BOUND ( 'NONE', #3772, .T. ) ;
#2450 = CARTESIAN_POINT ( 'NONE',  ( 0.2025851722888102058, 10.48185138870680788, 2.274062951760384532 ) ) ;
#2451 = CARTESIAN_POINT ( 'NONE',  ( 0.7576057189081228938, 9.201369262094903689, 3.838839636158360324 ) ) ;
#2452 = CARTESIAN_POINT ( 'NONE',  ( 1.369383600686642222, 10.44038575445429196, 0.1334122618507861679 ) ) ;
#2453 = CARTESIAN_POINT ( 'NONE',  ( 0.9836468559364989206, 9.135442760378651883, 3.888339994800206867 ) ) ;
#2454 = CARTESIAN_POINT ( 'NONE',  ( 1.729895488067827447, 13.85609626025739516, 7.622165089743735855 ) ) ;
#2455 = ORIENTED_EDGE ( 'NONE', *, *, #2650, .F. ) ;
#2456 = VERTEX_POINT ( 'NONE', #1667 ) ;
#2457 = DIRECTION ( 'NONE',  ( 0.7071067811865474617, 0.000000000000000000, 0.7071067811865474617 ) ) ;
#2458 = CARTESIAN_POINT ( 'NONE',  ( -0.1368171510867485507, 10.82813891623646718, -1.802379272986501579 ) ) ;
#2459 = DIRECTION ( 'NONE',  ( -0.7071067811865463515, -0.7071067811865487940, -1.013747714176052901E-15 ) ) ;
#2460 = ORIENTED_EDGE ( 'NONE', *, *, #3069, .F. ) ;
#2461 = EDGE_CURVE ( 'NONE', #3451, #4172, #1348, .T. ) ;
#2462 = DIRECTION ( 'NONE',  ( 0.000000000000000000, -0.4616561821195414028, 0.8870589436507638759 ) ) ;
#2463 = CARTESIAN_POINT ( 'NONE',  ( 0.9229432403968298448, 10.50614952326864504, -1.052168964270669527 ) ) ;
#2464 = ORIENTED_EDGE ( 'NONE', *, *, #3967, .T. ) ;
#2465 = EDGE_CURVE ( 'NONE', #1215, #3732, #1932, .T. ) ;
#2466 = CARTESIAN_POINT ( 'NONE',  ( 0.1855493641662334658, 10.54685283786287542, 2.269624788537311311 ) ) ;
#2467 = CARTESIAN_POINT ( 'NONE',  ( -0.2911281279730727478, 10.70293926569688026, -1.895535540316181544 ) ) ;
#2468 =( BOUNDED_SURFACE ( )  B_SPLINE_SURFACE ( 3, 2, ( 
 ( #3336, #3577, #990 ),
 ( #1998, #55, #2286 ),
 ( #663, #335, #15 ),
 ( #1655, #1013, #1676 ),
 ( #2094, #431, #828 ),
 ( #3719, #3097, #1750 ) ),
 .UNSPECIFIED., .F., .F., .F. ) 
 B_SPLINE_SURFACE_WITH_KNOTS ( ( 4, 2, 4 ),
 ( 3, 3 ),
 ( -0.002001303090021511362, -0.0008088672888904268861, 0.0003835685122406576439 ),
 ( 0.000000000000000000, 1.000000000000000000 ),
 .UNSPECIFIED. ) 
 GEOMETRIC_REPRESENTATION_ITEM ( )  RATIONAL_B_SPLINE_SURFACE ( (
 ( 1.000000000000000000, 0.9877868570345835764, 1.000000000000000000),
 ( 1.000000000000000000, 0.9892528228869936768, 1.000000000000000000),
 ( 1.000000000000000000, 0.9907024403482318498, 1.000000000000000000),
 ( 1.000000000000000000, 0.9934868830513468030, 1.000000000000000000),
 ( 1.000000000000000000, 0.9948282158077361714, 1.000000000000000000),
 ( 1.000000000000000000, 0.9960715387762665296, 1.000000000000000000) ) ) 
 REPRESENTATION_ITEM ( '' )  SURFACE ( )  );
#2469 = CARTESIAN_POINT ( 'NONE',  ( -0.08867513459481156379, 8.896055631914638440, 1.699992919978997818 ) ) ;
#2470 = CARTESIAN_POINT ( 'NONE',  ( -2.765095427018822161, 10.66636299425700152, -7.080020998382015372E-06 ) ) ;
#2471 = CARTESIAN_POINT ( 'NONE',  ( 0.5391781812941794927, 10.81322838119721474, -0.3552055377868565955 ) ) ;
#2472 = CARTESIAN_POINT ( 'NONE',  ( 1.149999999999999911, 9.564931188861828915, -2.907453104219408502 ) ) ;
#2473 = CARTESIAN_POINT ( 'NONE',  ( 0.4378224072864674299, 10.91304925719179586, 0.08892632128904624789 ) ) ;
#2474 = CARTESIAN_POINT ( 'NONE',  ( 1.137767716937644780, 9.652180496343358840, 2.951939281092373690 ) ) ;
#2475 = ORIENTED_EDGE ( 'NONE', *, *, #2313, .T. ) ;
#2476 = ORIENTED_EDGE ( 'NONE', *, *, #2908, .T. ) ;
#2477 = DIRECTION ( 'NONE',  ( 0.000000000000000000, 0.9999999999999968914, -7.803527942889272729E-08 ) ) ;
#2478 = CARTESIAN_POINT ( 'NONE',  ( 0.4851980364606858220, 10.70483322897032252, -1.248297065485047597 ) ) ;
#2479 = CARTESIAN_POINT ( 'NONE',  ( 1.821278407638429409, 6.261999999999995126, -3.635000000000002007 ) ) ;
#2480 = VERTEX_POINT ( 'NONE', #714 ) ;
#2481 = CARTESIAN_POINT ( 'NONE',  ( 2.076278242394817841, 9.133432793153135165, -3.889999834756391994 ) ) ;
#2482 = CARTESIAN_POINT ( 'NONE',  ( 1.731219741903115228, 9.263164182185988693, -3.761468818403529202 ) ) ;
#2483 = ORIENTED_EDGE ( 'NONE', *, *, #476, .T. ) ;
#2484 = CARTESIAN_POINT ( 'NONE',  ( 1.138366984036610630, 10.02762413635362826, 2.803688838991731824 ) ) ;
#2485 = DIRECTION ( 'NONE',  ( 1.000000000000000000, 0.000000000000000000, 0.000000000000000000 ) ) ;
#2486 = CARTESIAN_POINT ( 'NONE',  ( 1.090562096699657868, 10.48827729969318767, -0.06899155012726625180 ) ) ;
#2487 = EDGE_CURVE ( 'NONE', #2499, #2744, #3614, .T. ) ;
#2488 = CARTESIAN_POINT ( 'NONE',  ( -3.635000000000000231, -6.261999999999995126, 1.029711694647520394E-15 ) ) ;
#2489 = CARTESIAN_POINT ( 'NONE',  ( 0.5672230841928397327, 10.79765969265675984, -0.2871181582968735935 ) ) ;
#2490 = B_SPLINE_CURVE_WITH_KNOTS ( 'NONE', 3,
 ( #282, #1539, #2804, #3184 ),
 .UNSPECIFIED., .F., .F.,
 ( 4, 4 ),
 ( 0.002673945513389053112, 0.003428506127407770099 ),
 .UNSPECIFIED. ) ;
#2491 = CARTESIAN_POINT ( 'NONE',  ( -0.3134218633402667264, 9.195564607126003764, 1.699992919978997818 ) ) ;
#2492 = AXIS2_PLACEMENT_3D ( 'NONE', #429, #53, #2696 ) ;
#2493 = CARTESIAN_POINT ( 'NONE',  ( -0.08867513459481161930, -6.261999999999994237, 3.134999999999996234 ) ) ;
#2494 =( BOUNDED_CURVE ( )  B_SPLINE_CURVE ( 3, ( #2872, #3866, #4160, #541 ),
 .UNSPECIFIED., .F., .T. ) 
 B_SPLINE_CURVE_WITH_KNOTS ( ( 4, 4 ),
 ( 2.220865444437205127, 2.452280235891354021 ),
 .UNSPECIFIED. ) 
 CURVE ( )  GEOMETRIC_REPRESENTATION_ITEM ( )  RATIONAL_B_SPLINE_CURVE ( ( 1.000000000000000000, 0.9955422429681510810, 0.9955422429681510810, 1.000000000000000000 ) ) 
 REPRESENTATION_ITEM ( '' )  );
#2495 = EDGE_CURVE ( 'NONE', #3528, #3349, #4040, .T. ) ;
#2496 = VECTOR ( 'NONE', #838, 1000.000000000000000 ) ;
#2497 = CARTESIAN_POINT ( 'NONE',  ( 1.361084924161633625, 9.713840926301845258, 3.174806516523219546 ) ) ;
#2498 = CARTESIAN_POINT ( 'NONE',  ( 1.168985487797556955, 9.934100981295060251, 2.774975214186194084 ) ) ;
#2499 = VERTEX_POINT ( 'NONE', #2974 ) ;
#2500 = ORIENTED_EDGE ( 'NONE', *, *, #1638, .T. ) ;
#2502 = PLANE ( 'NONE',  #4047 ) ;
#2501 = AXIS2_PLACEMENT_3D ( 'NONE', #1742, #3051, #1428 ) ;
#2503 = CARTESIAN_POINT ( 'NONE',  ( 1.160130832272646018, 10.40898642903203708, -1.021310000760884185 ) ) ;
#2504 = CARTESIAN_POINT ( 'NONE',  ( 0.7500000000000000000, 9.564931188861827138, -2.907453104219405837 ) ) ;
#2505 = VECTOR ( 'NONE', #3543, 1000.000000000000000 ) ;
#2506 = VECTOR ( 'NONE', #2177, 1000.000000000000000 ) ;
#2507 = VERTEX_POINT ( 'NONE', #3569 ) ;
#2508 = CARTESIAN_POINT ( 'NONE',  ( 1.157004299725490570, 9.796504101613091819, -3.337693823568862239 ) ) ;
#2509 = LINE ( 'NONE', #2173, #3651 ) ;
#2510 = ORIENTED_EDGE ( 'NONE', *, *, #1646, .T. ) ;
#2511 = EDGE_CURVE ( 'NONE', #992, #2419, #4138, .T. ) ;
#2512 = CARTESIAN_POINT ( 'NONE',  ( 1.148600232520021525, 9.163587200220131734, -3.864213681496502684 ) ) ;
#2513 = CARTESIAN_POINT ( 'NONE',  ( 1.909836165767754945, 9.293468024057021992, 3.723557758129348638 ) ) ;
#2514 = CARTESIAN_POINT ( 'NONE',  ( 0.7181823338658500644, 10.67693858227782933, -0.06900334840131965020 ) ) ;
#2515 = CARTESIAN_POINT ( 'NONE',  ( 2.076278242394820062, 4.237429252579164363, 33.86000017273206453 ) ) ;
#2516 = CARTESIAN_POINT ( 'NONE',  ( 0.6076486971513701540, 10.77232345716629780, -0.1459247855593979459 ) ) ;
#2517 = CARTESIAN_POINT ( 'NONE',  ( 0.6807322188093068993, 10.70739383109794929, 0.2668940361698818875 ) ) ;
#2518 = CYLINDRICAL_SURFACE ( 'NONE', #1206, 3.134999999999998010 ) ;
#2519 = DIRECTION ( 'NONE',  ( 0.000000000000000000, -0.8862963608410195926, 0.4631185169694311266 ) ) ;
#2520 =( LENGTH_UNIT ( ) NAMED_UNIT ( * ) SI_UNIT ( .MILLI., .METRE. ) );
#2521 = ORIENTED_EDGE ( 'NONE', *, *, #1961, .F. ) ;
#2522 = DIRECTION ( 'NONE',  ( 0.000000000000000000, 1.433655766212495464E-15, -1.000000000000000000 ) ) ;
#2523 = CARTESIAN_POINT ( 'NONE',  ( 0.9065826296524062133, 10.48393373472980272, -1.248283638811975793 ) ) ;
#2524 = CARTESIAN_POINT ( 'NONE',  ( -0.08867513459481161930, 6.261999999999995126, -3.006671916513725129E-15 ) ) ;
#2525 = ORIENTED_EDGE ( 'NONE', *, *, #14, .T. ) ;
#2526 = EDGE_CURVE ( 'NONE', #2744, #1723, #802, .T. ) ;
#2527 = CARTESIAN_POINT ( 'NONE',  ( 1.048143585829978353, 9.793222740039112750, -3.337696675286828008 ) ) ;
#2528 = CARTESIAN_POINT ( 'NONE',  ( 2.027117645843730553, 9.193080622703146076, -3.840839238205304262 ) ) ;
#2529 = VERTEX_POINT ( 'NONE', #465 ) ;
#2530 = CYLINDRICAL_SURFACE ( 'NONE', #864, 0.2999995279990004260 ) ;
#2531 = CARTESIAN_POINT ( 'NONE',  ( 1.150000000002291856, 10.43046566272254871, -0.6370393171757813278 ) ) ;
#2532 = CARTESIAN_POINT ( 'NONE',  ( 0.5370401968211806487, 10.83933427139844419, -0.06900980957140499805 ) ) ;
#2533 = LINE ( 'NONE', #2850, #2506 ) ;
#2534 = DIRECTION ( 'NONE',  ( 0.000000000000000000, 0.000000000000000000, 1.000000000000000000 ) ) ;
#2535 = CARTESIAN_POINT ( 'NONE',  ( -0.1996470916111590388, 6.261999999999995126, -3.135000000000001119 ) ) ;
#2536 = CARTESIAN_POINT ( 'NONE',  ( -0.02335742918465191081, 11.08773278312061095, 0.4003742427450787122 ) ) ;
#2537 = DIRECTION ( 'NONE',  ( 1.000000000000000000, 0.000000000000000000, 0.000000000000000000 ) ) ;
#2538 = DIRECTION ( 'NONE',  ( -0.000000000000000000, 7.803527942889274053E-08, 0.9999999999999970024 ) ) ;
#2539 = CARTESIAN_POINT ( 'NONE',  ( -0.004475908870700674551, 9.899559775392109628, 3.185302526777181953 ) ) ;
#2540 = CARTESIAN_POINT ( 'NONE',  ( 0.000000000000000000, -6.261999999999994237, 4.835000000000000853 ) ) ;
#2541 = ORIENTED_EDGE ( 'NONE', *, *, #3424, .F. ) ;
#2542 = CARTESIAN_POINT ( 'NONE',  ( 0.8820762673309321400, 9.120182998301839206, 3.900747467011847824 ) ) ;
#2543 = EDGE_CURVE ( 'NONE', #1786, #2791, #2907, .T. ) ;
#2544 = DIRECTION ( 'NONE',  ( 1.000000000000000000, 0.000000000000000000, 0.000000000000000000 ) ) ;
#2545 = ORIENTED_EDGE ( 'NONE', *, *, #2745, .T. ) ;
#2546 = CARTESIAN_POINT ( 'NONE',  ( 4.549999999999999822, 2.237426279434999277, 3.635000000000001563 ) ) ;
#2547 = EDGE_CURVE ( 'NONE', #3329, #3359, #982, .T. ) ;
#2548 = FACE_OUTER_BOUND ( 'NONE', #2191, .T. ) ;
#2549 = CARTESIAN_POINT ( 'NONE',  ( -0.005030767691283225332, 9.935202184037780881, -3.144367855718032789 ) ) ;
#2550 = EDGE_LOOP ( 'NONE', ( #224, #602, #254, #2372, #1856, #2521, #4191, #550, #1518, #1469, #1597, #2667 ) ) ;
#2551 = CARTESIAN_POINT ( 'NONE',  ( -0.1728358427611284831, 10.32729052032808781, 2.803651023202247572 ) ) ;
#2552 = CARTESIAN_POINT ( 'NONE',  ( 0.9269557382367175080, 10.54702651346166320, -0.5097412182034567474 ) ) ;
#2553 = CARTESIAN_POINT ( 'NONE',  ( 7.806255641895631925E-15, 6.550804190652980807, -4.382232733951842540 ) ) ;
#2554 = PRESENTATION_STYLE_ASSIGNMENT (( #3208 ) ) ;
#2555 = CARTESIAN_POINT ( 'NONE',  ( -0.01881377534065967888, 11.09949175536931953, 0.1333687308844460628 ) ) ;
#2556 = CARTESIAN_POINT ( 'NONE',  ( 0.000000000000000000, -6.261999999999996014, -8.673617379884037444E-16 ) ) ;
#2557 = CARTESIAN_POINT ( 'NONE',  ( 0.08240842848815235766, 9.807423610620181975, -3.287432621243055131 ) ) ;
#2558 = CARTESIAN_POINT ( 'NONE',  ( -0.001380584635405262281, 10.08285912539799689, 2.964563364693834746 ) ) ;
#2559 = EDGE_LOOP ( 'NONE', ( #3623, #3948, #2111, #4130 ) ) ;
#2560 = VERTEX_POINT ( 'NONE', #1970 ) ;
#2561 = EDGE_CURVE ( 'NONE', #2254, #805, #1209, .T. ) ;
#2562 = CARTESIAN_POINT ( 'NONE',  ( 0.8003217412186461877, 9.575157026575308095, 3.519919053318784741 ) ) ;
#2563 = CIRCLE ( 'NONE', #1412, 6.000000000000000888 ) ;
#2564 = FACE_OUTER_BOUND ( 'NONE', #2605, .T. ) ;
#2565 = ORIENTED_EDGE ( 'NONE', *, *, #1464, .F. ) ;
#2566 = VECTOR ( 'NONE', #2616, 1000.000000000000000 ) ;
#2567 = EDGE_CURVE ( 'NONE', #4126, #2271, #3595, .T. ) ;
#2568 = CARTESIAN_POINT ( 'NONE',  ( 0.3691275069770295625, 9.771707772077682819, -3.337714452099899365 ) ) ;
#2569 = AXIS2_PLACEMENT_3D ( 'NONE', #288, #2248, #4188 ) ;
#2570 = CARTESIAN_POINT ( 'NONE',  ( -0.08867513459481161930, 6.261999999999994237, 3.134999999999994902 ) ) ;
#2571 = CARTESIAN_POINT ( 'NONE',  ( 0.000000000000000000, 9.381812863554804593, 3.706656207606415343 ) ) ;
#2572 = ORIENTED_EDGE ( 'NONE', *, *, #1541, .F. ) ;
#2573 = ADVANCED_FACE ( 'NONE', ( #3410 ), #2502, .F. ) ;
#2574 = AXIS2_PLACEMENT_3D ( 'NONE', #2442, #3731, #3751 ) ;
#2575 = CARTESIAN_POINT ( 'NONE',  ( 0.1900784500438073565, 10.27095317475367864, 2.803661217873028910 ) ) ;
#2576 = CARTESIAN_POINT ( 'NONE',  ( 1.726608843574048535, 9.432778224521211285, 3.540330435935634235 ) ) ;
#2577 = B_SPLINE_CURVE_WITH_KNOTS ( 'NONE', 3,
 ( #1031, #4022, #3064, #26 ),
 .UNSPECIFIED., .F., .F.,
 ( 4, 4 ),
 ( 0.000000000000000000, 6.512453018492919839E-05 ),
 .UNSPECIFIED. ) ;
#2578 = CARTESIAN_POINT ( 'NONE',  ( 1.821278407638415198, 4.237426279435009491, 3.635000000000001119 ) ) ;
#2579 = DIRECTION ( 'NONE',  ( -1.000000000000000000, -0.000000000000000000, -0.000000000000000000 ) ) ;
#2580 = CARTESIAN_POINT ( 'NONE',  ( -1.883181166592885925, 10.41782166289529421, -1.600000000000002975 ) ) ;
#2581 = CARTESIAN_POINT ( 'NONE',  ( 0.1727180839646925148, 11.04078470162041015, 0.2668771634693282158 ) ) ;
#2582 = DIRECTION ( 'NONE',  ( 1.000000000000000000, 0.000000000000000000, 0.000000000000000000 ) ) ;
#2583 = DIRECTION ( 'NONE',  ( -1.000000000000000000, 0.000000000000000000, -0.000000000000000000 ) ) ;
#2584 = CARTESIAN_POINT ( 'NONE',  ( 0.000000000000000000, -6.262000342574794765, -4.389999007942133602 ) ) ;
#2585 = ORIENTED_EDGE ( 'NONE', *, *, #1210, .F. ) ;
#2586 = VERTEX_POINT ( 'NONE', #1825 ) ;
#2587 = CARTESIAN_POINT ( 'NONE',  ( 0.7530875742114576665, 9.179229350172789736, 3.855765929162533023 ) ) ;
#2588 = CARTESIAN_POINT ( 'NONE',  ( 7.806255641895631925E-15, 6.792236765701366252, 4.241514670168570866 ) ) ;
#2589 = ORIENTED_EDGE ( 'NONE', *, *, #2567, .F. ) ;
#2590 = CARTESIAN_POINT ( 'NONE',  ( -0.3232793247638381939, 9.754558465283100332, -3.337732628453293326 ) ) ;
#2591 = FACE_OUTER_BOUND ( 'NONE', #3167, .T. ) ;
#2592 = FACE_OUTER_BOUND ( 'NONE', #3594, .T. ) ;
#2593 = ORIENTED_EDGE ( 'NONE', *, *, #801, .T. ) ;
#2594 = CARTESIAN_POINT ( 'NONE',  ( 0.05002383821171581951, 9.810692252198320418, 3.283940244211529524 ) ) ;
#2595 = FACE_OUTER_BOUND ( 'NONE', #2704, .T. ) ;
#2596 = ADVANCED_FACE ( 'NONE', ( #3126 ), #4062, .T. ) ;
#2597 = CARTESIAN_POINT ( 'NONE',  ( 0.7534697759294717301, 9.180950646257370451, -3.854453406186100661 ) ) ;
#2598 = LINE ( 'NONE', #3887, #448 ) ;
#2599 = CARTESIAN_POINT ( 'NONE',  ( -0.02640977597983000871, 11.08850415142867796, 0.4003741539595717103 ) ) ;
#2600 = DIRECTION ( 'NONE',  ( 0.000000000000000000, -1.000000000000000000, 2.770238703252648603E-16 ) ) ;
#2601 = CARTESIAN_POINT ( 'NONE',  ( 0.1155619736394252750, 10.89247999560954838, -1.248308780668357043 ) ) ;
#2602 = EDGE_CURVE ( 'NONE', #339, #2929, #2097, .T. ) ;
#2603 = DIRECTION ( 'NONE',  ( 1.000000000000000000, 0.000000000000000000, 0.000000000000000000 ) ) ;
#2604 = CARTESIAN_POINT ( 'NONE',  ( 0.02186803990490886543, 9.821524706496225221, -3.272210410542771175 ) ) ;
#2605 = EDGE_LOOP ( 'NONE', ( #3747, #3197, #1061, #3054 ) ) ;
#2606 = ORIENTED_EDGE ( 'NONE', *, *, #373, .F. ) ;
#2607 = CARTESIAN_POINT ( 'NONE',  ( 0.7663722690078856870, 9.267964008185550995, 3.786737684728135989 ) ) ;
#2608 = CARTESIAN_POINT ( 'NONE',  ( 7.806255641895631925E-15, 6.770536574637779914, 4.263563985093344222 ) ) ;
#2609 = VERTEX_POINT ( 'NONE', #2165 ) ;
#2610 = CARTESIAN_POINT ( 'NONE',  ( 0.5379550804636008543, 10.20946818357496433, -2.683517834272011626 ) ) ;
#2611 = CARTESIAN_POINT ( 'NONE',  ( 0.8731459890420354419, 9.967549842574470631, -2.958801895873889976 ) ) ;
#2612 = CARTESIAN_POINT ( 'NONE',  ( 0.8161249055994796997, 9.852720476523847637, -3.214507224239845584 ) ) ;
#2613 = ORIENTED_EDGE ( 'NONE', *, *, #3289, .F. ) ;
#2614 = CARTESIAN_POINT ( 'NONE',  ( 0.7499999999966693309, 9.134251941129623020, -3.889999834757502217 ) ) ;
#2615 = ADVANCED_FACE ( 'NONE', ( #1529, #2769 ), #486, .T. ) ;
#2616 = DIRECTION ( 'NONE',  ( 0.000000000000000000, -1.000000000000000000, 0.000000000000000000 ) ) ;
#2617 = CARTESIAN_POINT ( 'NONE',  ( 0.7530756503972824145, 9.179602292975813427, -3.855478358613292134 ) ) ;
#2618 = CARTESIAN_POINT ( 'NONE',  ( 0.05886229336598449574, 9.195564607126003764, 1.699992919978997818 ) ) ;
#2619 = CARTESIAN_POINT ( 'NONE',  ( 0.5251112752985893639, 10.80845098010141569, 0.4894379722155431933 ) ) ;
#2620 = CARTESIAN_POINT ( 'NONE',  ( 0.000000000000000000, 9.612578928860839866, -3.499450738374592529 ) ) ;
#2621 = CARTESIAN_POINT ( 'NONE',  ( 0.9975639208627847809, 10.50670063975422863, -0.6808660607998338055 ) ) ;
#2622 = CARTESIAN_POINT ( 'NONE',  ( 1.149999999999999911, 9.564931188861827138, -2.907453104219405837 ) ) ;
#2623 = CARTESIAN_POINT ( 'NONE',  ( 0.001126926187146225916, 10.30937834630746153, 2.652869538222758727 ) ) ;
#2624 = ORIENTED_EDGE ( 'NONE', *, *, #2734, .F. ) ;
#2625 = ORIENTED_EDGE ( 'NONE', *, *, #2861, .F. ) ;
#2626 = EDGE_CURVE ( 'NONE', #1272, #3579, #1550, .T. ) ;
#2627 = CARTESIAN_POINT ( 'NONE',  ( 1.152476325623634112, 9.164304102172819100, 3.863562007723066571 ) ) ;
#2628 = CARTESIAN_POINT ( 'NONE',  ( -0.3657753930791893815, 9.347869383164866264, 1.670339012563478498 ) ) ;
#2629 = EDGE_LOOP ( 'NONE', ( #3564, #1440, #555, #3013, #123, #3125, #1917 ) ) ;
#2630 = VECTOR ( 'NONE', #1731, 1000.000000000000000 ) ;
#2631 = CARTESIAN_POINT ( 'NONE',  ( -0.3273590234208657579, 10.10841067553008976, -3.010638044785386214 ) ) ;
#2632 = CARTESIAN_POINT ( 'NONE',  ( -0.4500000000000001221, 7.395573103152004002, -1.699992919979002037 ) ) ;
#2633 = DIRECTION ( 'NONE',  ( 0.000000000000000000, -1.000000000000000000, 3.462798379065810754E-17 ) ) ;
#2634 = PRESENTATION_LAYER_ASSIGNMENT (  '', '', ( #516 ) ) ;
#2635 = VERTEX_POINT ( 'NONE', #2187 ) ;
#2636 = PLANE ( 'NONE',  #3849 ) ;
#2637 = CARTESIAN_POINT ( 'NONE',  ( 1.149999999999472555, 10.39869327707789459, 1.027039420088049715 ) ) ;
#2638 = VECTOR ( 'NONE', #2978, 1000.000000000000000 ) ;
#2639 = VECTOR ( 'NONE', #2002, 1000.000000000000227 ) ;
#2640 = CARTESIAN_POINT ( 'NONE',  ( 2.076278242394476781, 6.550804190652980807, -4.382232733951842540 ) ) ;
#2641 = CIRCLE ( 'NONE', #1902, 4.834999999999999076 ) ;
#2642 = CARTESIAN_POINT ( 'NONE',  ( -0.03518535943299167662, 11.08312926687850286, 0.4894203140211473846 ) ) ;
#2643 = CARTESIAN_POINT ( 'NONE',  ( -0.2988799560829997204, 9.495564135125006189, 0.9342729226064232506 ) ) ;
#2644 = CARTESIAN_POINT ( 'NONE',  ( 0.6075388674589998761, 10.76984516033797235, -0.2269467448087818529 ) ) ;
#2645 = DIRECTION ( 'NONE',  ( 2.637619179529607260E-12, 1.000000000000000000, 0.000000000000000000 ) ) ;
#2646 = CARTESIAN_POINT ( 'NONE',  ( 0.001056719287997074557, 10.47026124618260567, -2.393973129321326443 ) ) ;
#2647 = ORIENTED_EDGE ( 'NONE', *, *, #870, .T. ) ;
#2648 = CARTESIAN_POINT ( 'NONE',  ( 2.076278242394820062, 4.237426279435009491, -3.889999834756393771 ) ) ;
#2649 = LINE ( 'NONE', #319, #3720 ) ;
#2650 = EDGE_CURVE ( 'NONE', #1936, #2271, #3476, .T. ) ;
#2651 = VERTEX_POINT ( 'NONE', #3748 ) ;
#2652 = CARTESIAN_POINT ( 'NONE',  ( -0.3993112679769919571, 10.11275134125504493, -3.010639996193912538 ) ) ;
#2653 = CARTESIAN_POINT ( 'NONE',  ( -2.567443639746210149, 9.830183302470677731, 1.599999999999997202 ) ) ;
#2654 = CARTESIAN_POINT ( 'NONE',  ( 1.363067544789015706, 9.712584383996309967, -3.176789137150589415 ) ) ;
#2655 = EDGE_CURVE ( 'NONE', #3714, #2683, #751, .T. ) ;
#2656 = ORIENTED_EDGE ( 'NONE', *, *, #2433, .T. ) ;
#2657 = CARTESIAN_POINT ( 'NONE',  ( 0.6762829829962230255, 9.134251941129589270, -3.889999834757502217 ) ) ;
#2658 = CARTESIAN_POINT ( 'NONE',  ( 0.9195250808188784042, 10.55245389214015184, -0.1209360741902208575 ) ) ;
#2659 = CARTESIAN_POINT ( 'NONE',  ( 0.5802086059345858970, 10.69909342337682290, 1.112520376988718418 ) ) ;
#2660 = DIRECTION ( 'NONE',  ( 1.000000000000000000, 0.000000000000000000, 0.000000000000000000 ) ) ;
#2661 = CARTESIAN_POINT ( 'NONE',  ( 0.3667524207726280405, 10.93496409518811774, -0.3404379104309903648 ) ) ;
#2662 = CARTESIAN_POINT ( 'NONE',  ( 0.8374037263933079567, 9.765227752787172477, -3.322388777660582271 ) ) ;
#2663 = CARTESIAN_POINT ( 'NONE',  ( -0.3460078627711525301, 11.04951645429571805, -0.5995863733864231770 ) ) ;
#2664 = CARTESIAN_POINT ( 'NONE',  ( -0.4000000000000001887, 10.80702200214695985, 1.599999999999997646 ) ) ;
#2665 = VERTEX_POINT ( 'NONE', #3146 ) ;
#2666 = FACE_OUTER_BOUND ( 'NONE', #573, .T. ) ;
#2667 = ORIENTED_EDGE ( 'NONE', *, *, #556, .T. ) ;
#2668 = CARTESIAN_POINT ( 'NONE',  ( -0.4025849630665295775, 10.11294883358008434, -3.010640084979419484 ) ) ;
#2669 = CARTESIAN_POINT ( 'NONE',  ( 0.02672445446731990318, 9.828351798651432603, 3.264678056007586537 ) ) ;
#2670 = LINE ( 'NONE', #2932, #1697 ) ;
#2671 = ORIENTED_EDGE ( 'NONE', *, *, #1515, .F. ) ;
#2672 = EDGE_CURVE ( 'NONE', #4099, #3145, #1622, .T. ) ;
#2673 = CARTESIAN_POINT ( 'NONE',  ( 0.8181679040862102070, 10.04270834100386267, 2.846773930532794150 ) ) ;
#2674 = CARTESIAN_POINT ( 'NONE',  ( 1.269917493177703527, 10.36855347895554402, 1.112542036213250762 ) ) ;
#2675 = FACE_OUTER_BOUND ( 'NONE', #485, .T. ) ;
#2676 = CARTESIAN_POINT ( 'NONE',  ( 0.5304642312613899735, 10.82226374796690749, -0.3404324192656760228 ) ) ;
#2677 = CARTESIAN_POINT ( 'NONE',  ( -0.3999999999999999667, -6.261999999999994237, 3.584999999999995524 ) ) ;
#2678 = CARTESIAN_POINT ( 'NONE',  ( 0.6095984331385738697, 10.77134669563049307, 0.1406873891557604561 ) ) ;
#2679 = DIRECTION ( 'NONE',  ( 1.000000000000000000, 0.000000000000000000, 0.000000000000000000 ) ) ;
#2680 = ORIENTED_EDGE ( 'NONE', *, *, #2202, .T. ) ;
#2681 = CARTESIAN_POINT ( 'NONE',  ( 0.009129142068552973874, 9.096005700486930579, -1.699992919979002481 ) ) ;
#2682 = CARTESIAN_POINT ( 'NONE',  ( 0.6776103411470634219, 9.829357812802781424, 3.268257097160632174 ) ) ;
#2683 = VERTEX_POINT ( 'NONE', #859 ) ;
#2684 = ADVANCED_FACE ( 'NONE', ( #3811 ), #2836, .T. ) ;
#2685 = CARTESIAN_POINT ( 'NONE',  ( -0.2989503814463276843, 10.38166160111518188, -2.683541776065475837 ) ) ;
#2686 = CARTESIAN_POINT ( 'NONE',  ( 0.7723212297692307882, 9.320064853151343698, -3.744417066429019503 ) ) ;
#2687 = DIRECTION ( 'NONE',  ( 0.000000000000000000, 0.000000000000000000, 1.000000000000000000 ) ) ;
#2688 = ORIENTED_EDGE ( 'NONE', *, *, #309, .T. ) ;
#2689 = VECTOR ( 'NONE', #307, 1000.000000000000227 ) ;
#2690 = CARTESIAN_POINT ( 'NONE',  ( 0.9271538209962123522, 10.54681538872441671, 0.5095704144594564999 ) ) ;
#2691 = VECTOR ( 'NONE', #2522, 1000.000000000000000 ) ;
#2692 = ORIENTED_EDGE ( 'NONE', *, *, #2402, .F. ) ;
#2693 = EDGE_CURVE ( 'NONE', #2383, #2144, #3454, .T. ) ;
#2695 = AXIS2_PLACEMENT_3D ( 'NONE', #4154, #169, #1258 ) ;
#2694 = CARTESIAN_POINT ( 'NONE',  ( 0.4993976459886972918, 10.74183403454227381, 1.112517798230096000 ) ) ;
#2696 = DIRECTION ( 'NONE',  ( 0.000000000000000000, 0.000000000000000000, 1.000000000000000000 ) ) ;
#2697 = CARTESIAN_POINT ( 'NONE',  ( 1.089852663448058312, 10.48642552861824306, -0.2269310641232653580 ) ) ;
#2698 = LINE ( 'NONE', #2783, #3171 ) ;
#2699 = AXIS2_PLACEMENT_3D ( 'NONE', #1596, #178, #629 ) ;
#2700 = CARTESIAN_POINT ( 'NONE',  ( 0.2979635934596394087, 10.72280498538045279, -1.522371405347381135 ) ) ;
#2701 = VECTOR ( 'NONE', #1289, 1000.000000000000000 ) ;
#2702 = CARTESIAN_POINT ( 'NONE',  ( 0.9453362028828333763, 10.02953162715408730, 2.759057795244418632 ) ) ;
#2703 = ADVANCED_FACE ( 'NONE', ( #1486 ), #907, .F. ) ;
#2704 = EDGE_LOOP ( 'NONE', ( #3090, #3673, #2226, #3193, #1916, #2726, #4, #2545, #298, #2316 ) ) ;
#2706 = CARTESIAN_POINT ( 'NONE',  ( 0.000000000000000000, 6.792236765701317402, 4.241514670168590406 ) ) ;
#2705 = AXIS2_PLACEMENT_3D ( 'NONE', #528, #2184, #4146 ) ;
#2707 = CARTESIAN_POINT ( 'NONE',  ( 0.08639766523720396330, 9.821042975417222820, 3.272738380482868248 ) ) ;
#2708 = ORIENTED_EDGE ( 'NONE', *, *, #1233, .F. ) ;
#2709 = CARTESIAN_POINT ( 'NONE',  ( 0.3237343292618408142, 10.41085967244856647, -2.356427261633933679 ) ) ;
#2710 = EDGE_CURVE ( 'NONE', #2237, #3359, #817, .T. ) ;
#2711 = CARTESIAN_POINT ( 'NONE',  ( 0.7350743471043873489, 9.110415627885355860, -3.908407373066721480 ) ) ;
#2712 = EDGE_LOOP ( 'NONE', ( #1874, #2833, #3308, #3381, #1252, #3484, #2194 ) ) ;
#2713 = CARTESIAN_POINT ( 'NONE',  ( 4.549999999999999822, -8.171418108475524633, 3.853001940923207247 ) ) ;
#2714 = ORIENTED_EDGE ( 'NONE', *, *, #3711, .F. ) ;
#2715 = CARTESIAN_POINT ( 'NONE',  ( -0.1924112593570989627, 10.67563996153211292, 2.269613454432214183 ) ) ;
#2716 = CARTESIAN_POINT ( 'NONE',  ( 0.1089906804909593629, 9.836586829724508263, -3.254714855585925992 ) ) ;
#2717 = CARTESIAN_POINT ( 'NONE',  ( 0.4931959613158012345, 10.85037146654823914, -0.3404336943714572628 ) ) ;
#2718 = EDGE_CURVE ( 'NONE', #3852, #4099, #1674, .T. ) ;
#2719 = DIRECTION ( 'NONE',  ( 0.000000000000000000, -3.462798379065810754E-17, -1.000000000000000000 ) ) ;
#2720 = CARTESIAN_POINT ( 'NONE',  ( 0.001182852867049236523, 10.84078805494740116, -1.593947107991487977 ) ) ;
#2721 = CARTESIAN_POINT ( 'NONE',  ( 0.8675371226165052851, 9.904262570725659742, 3.083131519075031246 ) ) ;
#2722 = VERTEX_POINT ( 'NONE', #2746 ) ;
#2723 = CARTESIAN_POINT ( 'NONE',  ( 0.4369825785482054359, 10.91087539467902801, 0.1333827395867733245 ) ) ;
#2724 = CARTESIAN_POINT ( 'NONE',  ( 0.000000000000000000, 6.261999999999995126, -1.734723475976807094E-15 ) ) ;
#2725 = CARTESIAN_POINT ( 'NONE',  ( 0.02886365087473581267, 9.831724167363120159, 3.260906409066462786 ) ) ;
#2726 = ORIENTED_EDGE ( 'NONE', *, *, #969, .F. ) ;
#2727 = CARTESIAN_POINT ( 'NONE',  ( 0.1748694020728698562, 9.793650323265453039, 3.302230175976951898 ) ) ;
#2728 = CARTESIAN_POINT ( 'NONE',  ( 0.2530241669037853747, 10.43374129743295242, -2.356429369663699980 ) ) ;
#2729 = CARTESIAN_POINT ( 'NONE',  ( 0.8538191653266177239, 9.116361703687580587, -3.903766693712006575 ) ) ;
#2730 = LINE ( 'NONE', #1806, #3033 ) ;
#2731 = VERTEX_POINT ( 'NONE', #2126 ) ;
#2732 = DIRECTION ( 'NONE',  ( 0.000000000000000000, 0.000000000000000000, -1.000000000000000000 ) ) ;
#2733 = ORIENTED_EDGE ( 'NONE', *, *, #120, .F. ) ;
#2734 = EDGE_CURVE ( 'NONE', #4067, #3259, #1321, .T. ) ;
#2735 = CARTESIAN_POINT ( 'NONE',  ( 0.5334533429221381962, 10.57792314023316216, 1.735600203003271558 ) ) ;
#2736 = CARTESIAN_POINT ( 'NONE',  ( -0.02515027076635488121, 9.897231508475869077, 3.187795326670705531 ) ) ;
#2737 = CARTESIAN_POINT ( 'NONE',  ( 1.149999999999999911, 6.261999999999995126, -3.006671916513725129E-15 ) ) ;
#2738 = CARTESIAN_POINT ( 'NONE',  ( 1.149999999999984368, -7.671576953239527263, -4.166808204349922384 ) ) ;
#2739 = CARTESIAN_POINT ( 'NONE',  ( 1.084543275579872734, 9.825724833008399273, 2.898264867941459322 ) ) ;
#2740 = ORIENTED_EDGE ( 'NONE', *, *, #2874, .T. ) ;
#2741 = CARTESIAN_POINT ( 'NONE',  ( 0.1128963278555087657, 11.06787979487305407, 0.1333725449159921805 ) ) ;
#2742 = CARTESIAN_POINT ( 'NONE',  ( -0.1996470916111590388, -6.261999999999995126, 0.000000000000000000 ) ) ;
#2743 = CARTESIAN_POINT ( 'NONE',  ( 0.2676051902427051821, 9.778612222578377811, 3.318264007326574117 ) ) ;
#2744 = VERTEX_POINT ( 'NONE', #1096 ) ;
#2745 = EDGE_CURVE ( 'NONE', #1306, #2947, #3942, .T. ) ;
#2746 = CARTESIAN_POINT ( 'NONE',  ( -3.635000000000000231, 6.261999999999995126, -1.169828082963715977E-15 ) ) ;
#2747 = CARTESIAN_POINT ( 'NONE',  ( 0.2637149688435217465, 10.66770988681041743, -1.802367017171914831 ) ) ;
#2748 = CARTESIAN_POINT ( 'NONE',  ( 0.6334597662190568634, 9.704363280573396366, -3.395463392264025604 ) ) ;
#2749 = FACE_OUTER_BOUND ( 'NONE', #2089, .T. ) ;
#2750 = EDGE_LOOP ( 'NONE', ( #742, #2301, #2624, #673 ) ) ;
#2751 = FACE_OUTER_BOUND ( 'NONE', #464, .T. ) ;
#2752 = ORIENTED_EDGE ( 'NONE', *, *, #1870, .F. ) ;
#2753 = CARTESIAN_POINT ( 'NONE',  ( 0.9093363773957242602, 10.27819147362881047, 2.269646718398336205 ) ) ;
#2754 = CARTESIAN_POINT ( 'NONE',  ( 4.549999999999999822, -6.261999999999995126, -4.389999007942140707 ) ) ;
#2755 =( BOUNDED_SURFACE ( )  B_SPLINE_SURFACE ( 3, 2, ( 
 ( #2474, #548, #1800 ),
 ( #4098, #814, #2789 ),
 ( #2204, #856, #1163 ),
 ( #3807, #881, #3123 ) ),
 .UNSPECIFIED., .F., .F., .F. ) 
 B_SPLINE_SURFACE_WITH_KNOTS ( ( 4, 4 ),
 ( 3, 3 ),
 ( 0.000000000000000000, 6.551527736603210471E-05 ),
 ( 0.8253947973592026255, 1.000000000000000000 ),
 .UNSPECIFIED. ) 
 GEOMETRIC_REPRESENTATION_ITEM ( )  RATIONAL_B_SPLINE_SURFACE ( (
 ( 0.9229999953865204443, 0.9533556518287756854, 1.000000000000000000),
 ( 0.9224807428697230360, 0.9530411038582417005, 1.000000000000000000),
 ( 0.9219536784171518118, 0.9527218236457557499, 1.000000000000000000),
 ( 0.9214186289632679827, 0.9523977063532820253, 1.000000000000000000) ) ) 
 REPRESENTATION_ITEM ( '' )  SURFACE ( )  );
#2756 = ADVANCED_FACE ( 'NONE', ( #3019 ), #1752, .T. ) ;
#2757 = CARTESIAN_POINT ( 'NONE',  ( 0.5678404115107538175, 9.133432793153120954, 3.889999834756400432 ) ) ;
#2758 = CARTESIAN_POINT ( 'NONE',  ( 0.000000000000000000, 6.261999999999993349, -4.336808689942017736E-15 ) ) ;
#2759 = CARTESIAN_POINT ( 'NONE',  ( 0.6208281944414170139, 10.76223011042879563, -0.07161312050359275316 ) ) ;
#2760 = VECTOR ( 'NONE', #225, 1000.000000000000000 ) ;
#2761 = CARTESIAN_POINT ( 'NONE',  ( 0.000000000000000000, -6.261999999999995126, -8.673617379884035472E-16 ) ) ;
#2762 = CARTESIAN_POINT ( 'NONE',  ( 0.01459852016759791669, 9.821557393392277291, -3.272248979733393348 ) ) ;
#2763 = VECTOR ( 'NONE', #3142, 1000.000000000000000 ) ;
#2764 = AXIS2_PLACEMENT_3D ( 'NONE', #783, #3074, #1177 ) ;
#2765 = LINE ( 'NONE', #1482, #2763 ) ;
#2766 = DIRECTION ( 'NONE',  ( 1.000000000000000000, 0.000000000000000000, 0.000000000000000000 ) ) ;
#2767 = ORIENTED_EDGE ( 'NONE', *, *, #592, .T. ) ;
#2768 = B_SPLINE_CURVE_WITH_KNOTS ( 'NONE', 3,
 ( #2622, #722, #2331, #3295, #1071, #1715, #374, #3000, #1696, #414, #3892, #2349, #2035, #2961, #3936, #1395, #2055, #3638 ),
 .UNSPECIFIED., .F., .F.,
 ( 4, 2, 2, 2, 2, 2, 2, 2, 4 ),
 ( 0.000000000000000000, 0.001500871554663255839, 0.002251307331994883976, 0.002626525220660697827, 0.003001743109326511678, 0.003376960997992325530, 0.003752178886658139381, 0.004502614663989767951, 0.006003486218653023357 ),
 .UNSPECIFIED. ) ;
#2769 = FACE_OUTER_BOUND ( 'NONE', #3404, .T. ) ;
#2770 = CARTESIAN_POINT ( 'NONE',  ( 1.259079958880248373, 10.34026931714025466, -1.248272827501891502 ) ) ;
#2771 = B_SPLINE_CURVE_WITH_KNOTS ( 'NONE', 3,
 ( #300, #3252, #2261, #3486, #2820, #280, #963 ),
 .UNSPECIFIED., .F., .F.,
 ( 4, 1, 1, 1, 4 ),
 ( 0.000000000000000000, 0.2500000000000000000, 0.5000000000000000000, 0.7500000000000000000, 1.000000000000000000 ),
 .UNSPECIFIED. ) ;
#2772 = EDGE_CURVE ( 'NONE', #204, #1936, #2299, .T. ) ;
#2773 = B_SPLINE_CURVE_WITH_KNOTS ( 'NONE', 3,
 ( #2137, #2784, #2738, #3721 ),
 .UNSPECIFIED., .F., .F.,
 ( 4, 4 ),
 ( 0.000000000000000000, 1.000000000000000000 ),
 .UNSPECIFIED. ) ;
#2774 = DIRECTION ( 'NONE',  ( 0.000000000000000000, 1.000000000000000000, -0.000000000000000000 ) ) ;
#2775 = VERTEX_POINT ( 'NONE', #2408 ) ;
#2776 = CARTESIAN_POINT ( 'NONE',  ( 1.131400052279941004, 9.851341940221166382, -3.005871215704849941 ) ) ;
#2777 = ADVANCED_FACE ( 'NONE', ( #416 ), #2339, .F. ) ;
#2778 = CARTESIAN_POINT ( 'NONE',  ( 0.9266911840036666792, 10.53945442581291481, -0.6563791712447070159 ) ) ;
#2779 = ORIENTED_EDGE ( 'NONE', *, *, #4006, .F. ) ;
#2780 = CARTESIAN_POINT ( 'NONE',  ( 0.2835611835361415700, 10.51327789929593237, 2.269627729491063395 ) ) ;
#2781 = CARTESIAN_POINT ( 'NONE',  ( -0.01540566685228021877, 9.858823294204013266, -3.231130769476978415 ) ) ;
#2782 = CARTESIAN_POINT ( 'NONE',  ( 1.301570672901995351, 10.45052544511385939, -0.06898557158825001367 ) ) ;
#2783 = CARTESIAN_POINT ( 'NONE',  ( 0.000000000000000000, 6.261999999999993349, -3.889999834757501329 ) ) ;
#2784 = CARTESIAN_POINT ( 'NONE',  ( 1.149999999999984368, -7.091118226425861870, -4.351219026817874536 ) ) ;
#2785 = CARTESIAN_POINT ( 'NONE',  ( 0.009358500069633133092, 9.872544802808334907, -3.215432057135882093 ) ) ;
#2786 = CARTESIAN_POINT ( 'NONE',  ( -0.2370616022060130779, 8.996071643850751087, 1.699992919978997818 ) ) ;
#2787 = CARTESIAN_POINT ( 'NONE',  ( -0.01849797588049684888, 11.10030699970078061, 0.08891231258671898618 ) ) ;
#2788 = DIRECTION ( 'NONE',  ( 0.000000000000000000, 0.000000000000000000, 1.000000000000000000 ) ) ;
#2789 = CARTESIAN_POINT ( 'NONE',  ( 1.149999999999999911, 9.554900528259855363, 2.926225176948905382 ) ) ;
#2790 = ORIENTED_EDGE ( 'NONE', *, *, #265, .F. ) ;
#2791 = VERTEX_POINT ( 'NONE', #4033 ) ;
#2792 = ADVANCED_FACE ( 'NONE', ( #460 ), #3003, .T. ) ;
#2793 = CARTESIAN_POINT ( 'NONE',  ( 2.076278242394820062, 10.80738130939286812, 3.889999834756405761 ) ) ;
#2794 = CARTESIAN_POINT ( 'NONE',  ( 0.4453557379150520079, 10.72626742337790873, -1.248298340590828781 ) ) ;
#2795 = CARTESIAN_POINT ( 'NONE',  ( 0.000000000000000000, -6.261999999999995126, 0.000000000000000000 ) ) ;
#2796 = ORIENTED_EDGE ( 'NONE', *, *, #1310, .F. ) ;
#2797 = CARTESIAN_POINT ( 'NONE',  ( -0.3999999999999999667, -6.261999999999994237, 3.612924715517885410 ) ) ;
#2798 = CARTESIAN_POINT ( 'NONE',  ( 0.8471518179591133180, 10.13589983680481410, -2.609022589080758348 ) ) ;
#2799 = ORIENTED_EDGE ( 'NONE', *, *, #3737, .T. ) ;
#2800 = ADVANCED_FACE ( 'NONE', ( #74 ), #810, .F. ) ;
#2801 = CARTESIAN_POINT ( 'NONE',  ( -0.1953976832480017467, 10.67658224406197753, 2.269613365646707237 ) ) ;
#2802 = CARTESIAN_POINT ( 'NONE',  ( -0.2745852448690644931, 10.65230832981709597, 2.028822643283702210 ) ) ;
#2803 = CARTESIAN_POINT ( 'NONE',  ( -0.02243220184873941092, 11.09876703957760391, -0.2269668041907860478 ) ) ;
#2804 = CARTESIAN_POINT ( 'NONE',  ( 1.200542820413463385, 9.830205787531498984, 3.014264412775049529 ) ) ;
#2805 = CARTESIAN_POINT ( 'NONE',  ( 0.06273168419143587693, 10.07502236885289015, 2.965636904251259143 ) ) ;
#2806 = CARTESIAN_POINT ( 'NONE',  ( 1.149999999999999911, 9.532836017117375604, -2.964051285762607790 ) ) ;
#2807 = CARTESIAN_POINT ( 'NONE',  ( 1.149999999999999911, 8.366656580767919849, 2.963721592361579393 ) ) ;
#2808 = DIRECTION ( 'NONE',  ( 0.000000000000000000, -0.000000000000000000, -1.000000000000000000 ) ) ;
#2809 = CARTESIAN_POINT ( 'NONE',  ( 19.09653955668778025, -6.310595160837300988, -0.8886713365925504871 ) ) ;
#2810 = ORIENTED_EDGE ( 'NONE', *, *, #2547, .T. ) ;
#2811 = VERTEX_POINT ( 'NONE', #2664 ) ;
#2812 = DIRECTION ( 'NONE',  ( 0.000000000000000000, 0.000000000000000000, 1.000000000000000000 ) ) ;
#2813 = CARTESIAN_POINT ( 'NONE',  ( 0.3295758868496300176, 10.83852505418524181, -1.021336405042752693 ) ) ;
#2814 = EDGE_CURVE ( 'NONE', #2665, #2210, #236, .T. ) ;
#2815 = DIRECTION ( 'NONE',  ( -1.000000000000000000, -0.000000000000000000, -0.000000000000000000 ) ) ;
#2816 = EDGE_LOOP ( 'NONE', ( #3794, #2076, #3644, #1561 ) ) ;
#2817 = PLANE ( 'NONE',  #730 ) ;
#2818 = ORIENTED_EDGE ( 'NONE', *, *, #435, .T. ) ;
#2819 = CARTESIAN_POINT ( 'NONE',  ( -0.3944938511332324871, 9.752653716840676168, 3.337684511584210867 ) ) ;
#2820 = CARTESIAN_POINT ( 'NONE',  ( 1.694065894508600678E-18, 6.723284805128920461, -4.303836929017067270 ) ) ;
#2821 = EDGE_CURVE ( 'NONE', #3343, #2859, #2334, .T. ) ;
#2822 = DIRECTION ( 'NONE',  ( -0.000000000000000000, -7.803527942889276700E-08, -0.9999999999999968914 ) ) ;
#2823 = CARTESIAN_POINT ( 'NONE',  ( 0.05018316358628852752, 10.03173186761629054, -3.023306498973747480 ) ) ;
#2824 = FACE_OUTER_BOUND ( 'NONE', #427, .T. ) ;
#2825 = VECTOR ( 'NONE', #2582, 1000.000000000000000 ) ;
#2826 = CARTESIAN_POINT ( 'NONE',  ( -0.02029894372568581337, 11.09565179000350987, 0.2668714868147624708 ) ) ;
#2827 = CARTESIAN_POINT ( 'NONE',  ( 2.849999999999999201, -13.48812408056666712, 12.32251418227042805 ) ) ;
#2828 = ADVANCED_FACE ( 'NONE', ( #3158 ), #1197, .T. ) ;
#2829 = CARTESIAN_POINT ( 'NONE',  ( 0.7500000000000000000, 9.564931188861827138, -2.907453104219405837 ) ) ;
#2830 = AXIS2_PLACEMENT_3D ( 'NONE', #785, #1700, #397 ) ;
#2831 = CARTESIAN_POINT ( 'NONE',  ( 0.8799747805053559357, 10.02522404225178576, 2.830241280732865405 ) ) ;
#2832 = VECTOR ( 'NONE', #1965, 1000.000000000000227 ) ;
#2833 = ORIENTED_EDGE ( 'NONE', *, *, #3891, .F. ) ;
#2834 = ORIENTED_EDGE ( 'NONE', *, *, #450, .F. ) ;
#2836 = CYLINDRICAL_SURFACE ( 'NONE', #3583, 1.000000000000000000 ) ;
#2835 = AXIS2_PLACEMENT_3D ( 'NONE', #2417, #144, #2687 ) ;
#2837 = CIRCLE ( 'NONE', #1831, 4.834999999999999964 ) ;
#2838 = CARTESIAN_POINT ( 'NONE',  ( 1.286632491189029004, 10.41174784835228451, -0.6808574285884019250 ) ) ;
#2839 = CARTESIAN_POINT ( 'NONE',  ( 0.02871335720814582187, 9.832363523291979490, -3.260190860217633713 ) ) ;
#2840 = VECTOR ( 'NONE', #1801, 1000.000000000000000 ) ;
#2841 = CIRCLE ( 'NONE', #3856, 4.835000000000000853 ) ;
#2842 = EDGE_LOOP ( 'NONE', ( #3387, #1385, #2225, #4177, #320, #820 ) ) ;
#2843 = ADVANCED_FACE ( 'NONE', ( #876 ), #1565, .F. ) ;
#2844 = DIRECTION ( 'NONE',  ( -1.000000000000000000, -0.000000000000000000, -0.000000000000000000 ) ) ;
#2845 = CARTESIAN_POINT ( 'NONE',  ( 0.9165597044481502698, 10.46615806953530381, 1.321661497285039344 ) ) ;
#2846 = EDGE_LOOP ( 'NONE', ( #1192, #1485, #3260 ) ) ;
#2847 = CARTESIAN_POINT ( 'NONE',  ( 0.9837193910264238061, 9.135454495800733099, -3.888330284640581169 ) ) ;
#2848 = CARTESIAN_POINT ( 'NONE',  ( 0.9175446689411926871, 10.46971635023378866, -1.305412441682796798 ) ) ;
#2849 = CARTESIAN_POINT ( 'NONE',  ( 0.9291758543705677109, 10.54261534480470708, 0.08894313109766530112 ) ) ;
#2850 = CARTESIAN_POINT ( 'NONE',  ( 4.549999999999999822, 2.237426279435001941, 3.809583918520132784 ) ) ;
#2851 = CARTESIAN_POINT ( 'NONE',  ( 0.1271643033901170561, 10.27787481049981722, 2.660913064427183006 ) ) ;
#2852 = DIRECTION ( 'NONE',  ( -0.4067366430758003748, 0.000000000000000000, -0.9135454576426008666 ) ) ;
#2853 = CARTESIAN_POINT ( 'NONE',  ( -0.02338094838496275821, 11.09634626620827369, 0.2668713980292554688 ) ) ;
#2854 = ADVANCED_FACE ( 'NONE', ( #3821 ), #3923, .T. ) ;
#2855 = DIRECTION ( 'NONE',  ( -0.000000000000000000, 1.000000000000000000, -2.770238703252648603E-16 ) ) ;
#2856 = FACE_OUTER_BOUND ( 'NONE', #1202, .T. ) ;
#2857 = CARTESIAN_POINT ( 'NONE',  ( 0.02871335720814582187, 9.832363523291979490, -3.260190860217633713 ) ) ;
#2858 = CARTESIAN_POINT ( 'NONE',  ( 0.8801361812731024470, 10.02650801106412004, 2.827235046858606715 ) ) ;
#2859 = VERTEX_POINT ( 'NONE', #3402 ) ;
#2860 = ORIENTED_EDGE ( 'NONE', *, *, #3437, .F. ) ;
#2861 = EDGE_CURVE ( 'NONE', #559, #1429, #2219, .T. ) ;
#2862 = CARTESIAN_POINT ( 'NONE',  ( 1.266949046399447720, 9.432490823383730572, 3.560004406803588317 ) ) ;
#2863 = CARTESIAN_POINT ( 'NONE',  ( 4.550000000000003375, -6.262000000788720655, 4.389999007942277487 ) ) ;
#2864 = ORIENTED_EDGE ( 'NONE', *, *, #619, .F. ) ;
#2865 = CARTESIAN_POINT ( 'NONE',  ( 1.084432429248395335, 9.794321553802058489, -3.337695724714172751 ) ) ;
#2866 = DIRECTION ( 'NONE',  ( 1.000000000000000000, -0.000000000000000000, -0.000000000000000000 ) ) ;
#2867 = CARTESIAN_POINT ( 'NONE',  ( -0.1075536375887993779, 10.20799867547355788, -2.795984974774123888 ) ) ;
#2868 = ORIENTED_EDGE ( 'NONE', *, *, #3403, .T. ) ;
#2869 = CARTESIAN_POINT ( 'NONE',  ( 0.3191009466282236917, 9.770057284541424636, 3.337703246907786081 ) ) ;
#2870 = CARTESIAN_POINT ( 'NONE',  ( -2.988103116991655650, 9.711729025001289983, -1.600007080020990902 ) ) ;
#2871 = CARTESIAN_POINT ( 'NONE',  ( 1.090263636548335802, 10.48751596810521391, 0.08894796386873279892 ) ) ;
#2872 = CARTESIAN_POINT ( 'NONE',  ( 1.909836165767754945, 9.293468024057021992, 3.723557758129348638 ) ) ;
#2873 = CARTESIAN_POINT ( 'NONE',  ( 0.7600874233697846316, 9.217754103802160870, -3.826190781312369005 ) ) ;
#2874 = EDGE_CURVE ( 'NONE', #4061, #973, #3433, .T. ) ;
#2875 = CARTESIAN_POINT ( 'NONE',  ( 0.1679001984059000363, 11.02830420730962580, 0.4003799193996444017 ) ) ;
#2876 = CARTESIAN_POINT ( 'NONE',  ( 19.09653955668780156, -8.429683033192237218, 3.696265042933321254 ) ) ;
#2877 = CARTESIAN_POINT ( 'NONE',  ( 0.03923870621256287522, 9.823134136012390272, -3.270426470159644605 ) ) ;
#2878 = CARTESIAN_POINT ( 'NONE',  ( 1.147410383377119438E-08, 9.837128098423324474, 3.255101239572121052 ) ) ;
#2879 = ORIENTED_EDGE ( 'NONE', *, *, #2814, .T. ) ;
#2880 = ORIENTED_EDGE ( 'NONE', *, *, #3531, .F. ) ;
#2881 = CARTESIAN_POINT ( 'NONE',  ( 0.7633761889902913600, 9.241901795178510071, 3.807407481372228730 ) ) ;
#2882 = CARTESIAN_POINT ( 'NONE',  ( 1.150000000000005240, -8.171469569021457602, 3.852976439062405500 ) ) ;
#2883 = ADVANCED_FACE ( 'NONE', ( #262 ), #1649, .T. ) ;
#2884 = ORIENTED_EDGE ( 'NONE', *, *, #4203, .T. ) ;
#2885 = CARTESIAN_POINT ( 'NONE',  ( -0.4000000000000001887, 9.501324775319691440, 1.599999999999997646 ) ) ;
#2886 = LINE ( 'NONE', #2970, #2832 ) ;
#2887 = CARTESIAN_POINT ( 'NONE',  ( -0.05547311788915613301, 10.02806118875562369, -3.032592687844291035 ) ) ;
#2888 = ORIENTED_EDGE ( 'NONE', *, *, #1341, .F. ) ;
#2889 = CARTESIAN_POINT ( 'NONE',  ( 0.2634170488958292866, 10.25488613391407178, 2.803663325902795211 ) ) ;
#2890 = CARTESIAN_POINT ( 'NONE',  ( -2.568327148524582881, 9.830229143299130001, -1.600000000000002975 ) ) ;
#2891 = PLANE ( 'NONE',  #520 ) ;
#2892 = DIRECTION ( 'NONE',  ( 0.000000000000000000, 0.000000000000000000, 1.000000000000000000 ) ) ;
#2893 = CARTESIAN_POINT ( 'NONE',  ( 0.6037365240708418845, 10.76003658205888769, 0.4003942133415760440 ) ) ;
#2894 = LINE ( 'NONE', #4185, #2425 ) ;
#2895 = EDGE_CURVE ( 'NONE', #2377, #3343, #906, .T. ) ;
#2896 = CARTESIAN_POINT ( 'NONE',  ( -0.1996470916111590388, -6.261999999999994237, 3.134999999999996234 ) ) ;
#2897 = B_SPLINE_CURVE_WITH_KNOTS ( 'NONE', 3,
 ( #418, #707, #2681, #1737 ),
 .UNSPECIFIED., .F., .F.,
 ( 4, 4 ),
 ( 0.003469890603799365321, 0.003803064209867840217 ),
 .UNSPECIFIED. ) ;
#2898 = LINE ( 'NONE', #1656, #733 ) ;
#2899 = ORIENTED_EDGE ( 'NONE', *, *, #212, .F. ) ;
#2900 = ORIENTED_EDGE ( 'NONE', *, *, #3080, .T. ) ;
#2901 = CARTESIAN_POINT ( 'NONE',  ( 0.8636639689596142810, 9.185388771114919138, 3.847568718191140213 ) ) ;
#2902 = ADVANCED_FACE ( 'NONE', ( #9 ), #2976, .F. ) ;
#2903 = AXIS2_PLACEMENT_3D ( 'NONE', #3095, #807, #2176 ) ;
#2904 =( BOUNDED_SURFACE ( )  B_SPLINE_SURFACE ( 3, 2, ( 
 ( #1738, #2124, #2104 ),
 ( #3727, #2682, #419 ),
 ( #94, #3666, #3977 ),
 ( #158, #3062, #3959 ),
 ( #3407, #1721, #2743 ),
 ( #138, #438, #4037 ),
 ( #754, #1422, #2078 ),
 ( #483, #4019, #3083 ),
 ( #2043, #2707, #2060 ),
 ( #2354, #1060, #3643 ),
 ( #3682, #1780, #2411 ),
 ( #2725, #1099, #4000 ) ),
 .UNSPECIFIED., .F., .F., .F. ) 
 B_SPLINE_SURFACE_WITH_KNOTS ( ( 4, 2, 2, 2, 2, 4 ),
 ( 3, 3 ),
 ( 0.006534102244739437883, 0.006908021827531007561, 0.007094981618926792834, 0.007188461514624685036, 0.007235201462473631571, 0.007281941410322578107 ),
 ( 0.000000000000000000, 1.000000000000000000 ),
 .UNSPECIFIED. ) 
 GEOMETRIC_REPRESENTATION_ITEM ( )  RATIONAL_B_SPLINE_SURFACE ( (
 ( 1.000000000000000000, 0.9845574533666814343, 1.000000000000000000),
 ( 1.000000000000000000, 0.9907118186579210173, 1.000000000000000000),
 ( 1.000000000000000000, 0.9946653265957643431, 1.000000000000000000),
 ( 1.000000000000000000, 0.9980778868699986539, 1.000000000000000000),
 ( 1.000000000000000000, 0.9988165868164624595, 1.000000000000000000),
 ( 1.000000000000000000, 0.9995126856086625766, 1.000000000000000000),
 ( 1.000000000000000000, 0.9996759152091753142, 1.000000000000000000),
 ( 1.000000000000000000, 0.9998423511937850616, 1.000000000000000000),
 ( 1.000000000000000000, 0.9998848112099482099, 1.000000000000000000),
 ( 1.000000000000000000, 0.9999479429970469235, 1.000000000000000000),
 ( 1.000000000000000000, 0.9999687837542561297, 1.000000000000000000),
 ( 1.000000000000000000, 0.9999798089570792747, 1.000000000000000000) ) ) 
 REPRESENTATION_ITEM ( '' )  SURFACE ( )  );
#2905 = DIRECTION ( 'NONE',  ( 0.000000000000000000, 1.000000000000000000, 1.224646799147353207E-16 ) ) ;
#2906 = ORIENTED_EDGE ( 'NONE', *, *, #1024, .F. ) ;
#2907 = CIRCLE ( 'NONE', #168, 4.055650958985220100 ) ;
#2908 = EDGE_CURVE ( 'NONE', #2929, #269, #696, .T. ) ;
#2909 = CARTESIAN_POINT ( 'NONE',  ( 0.3193338938220763312, 9.770134284212179665, -3.337715755752740598 ) ) ;
#2910 = LINE ( 'NONE', #2257, #1757 ) ;
#2911 = TOROIDAL_SURFACE ( 'NONE', #1082, 4.055650958985219212, 0.7500000000000000000 ) ;
#2912 = CARTESIAN_POINT ( 'NONE',  ( 1.149999999999999911, 9.533038130195206961, -2.963721592361574952 ) ) ;
#2913 = ORIENTED_EDGE ( 'NONE', *, *, #1722, .F. ) ;
#2914 = CIRCLE ( 'NONE', #2574, 4.834999999999999076 ) ;
#2915 = CARTESIAN_POINT ( 'NONE',  ( -0.4500000000000001221, 9.195564607126003764, 1.399993391979997392 ) ) ;
#2916 = EDGE_CURVE ( 'NONE', #3978, #2933, #1994, .T. ) ;
#2917 = CARTESIAN_POINT ( 'NONE',  ( 0.000000000000000000, 9.831077754409902170, -3.261741719592109678 ) ) ;
#2918 = CARTESIAN_POINT ( 'NONE',  ( 0.5007954837272652338, 10.87009570229390043, -0.06901108467718623796 ) ) ;
#2919 = CARTESIAN_POINT ( 'NONE',  ( 0.7799646402777680176, 9.389380405222642167, -3.686349145434799190 ) ) ;
#2920 = CARTESIAN_POINT ( 'NONE',  ( 0.2546649837506048675, 10.98957546998189194, 0.4003826149466493955 ) ) ;
#2921 = CARTESIAN_POINT ( 'NONE',  ( -1.883181166592885925, 7.696999999999993847, 1.599999999999997868 ) ) ;
#2922 = CARTESIAN_POINT ( 'NONE',  ( -0.05106956227835284662, 11.01577302707159411, -1.021348305715312543 ) ) ;
#2923 = CARTESIAN_POINT ( 'NONE',  ( 0.7603828561075721693, 9.773530444227482405, 3.326544998699566769 ) ) ;
#2924 = CARTESIAN_POINT ( 'NONE',  ( 0.01618604477620774404, 9.901411508652234517, 3.182349763443307555 ) ) ;
#2925 = ORIENTED_EDGE ( 'NONE', *, *, #227, .T. ) ;
#2926 = EDGE_LOOP ( 'NONE', ( #1208, #3540, #170, #2944 ) ) ;
#2927 = CARTESIAN_POINT ( 'NONE',  ( 0.5718102606138543154, 9.126634707608905828, 3.895568068497330394 ) ) ;
#2928 = CARTESIAN_POINT ( 'NONE',  ( 2.076278242395389384, 6.641578978638022157, -4.351019935347000711 ) ) ;
#2929 = VERTEX_POINT ( 'NONE', #3553 ) ;
#2930 = CARTESIAN_POINT ( 'NONE',  ( 0.7943765314553578039, 9.979725401253764616, -3.010606998584317573 ) ) ;
#2931 = LINE ( 'NONE', #650, #442 ) ;
#2932 = CARTESIAN_POINT ( 'NONE',  ( -0.1996470916111590388, 6.261999999999994237, 3.134999999999996234 ) ) ;
#2933 = VERTEX_POINT ( 'NONE', #3571 ) ;
#2934 = CARTESIAN_POINT ( 'NONE',  ( 0.8237170169981171686, 9.134251941129386765, 3.889999834757706942 ) ) ;
#2935 = CARTESIAN_POINT ( 'NONE',  ( 0.000000000000000000, -6.261999999999994237, 4.834999999999999076 ) ) ;
#2936 = CARTESIAN_POINT ( 'NONE',  ( 0.7656116495733282790, 9.261251956876494162, -3.792047048331292025 ) ) ;
#2937 = CARTESIAN_POINT ( 'NONE',  ( 0.1356964154369444953, 9.495564135125004412, 1.399993391979997392 ) ) ;
#2938 = CARTESIAN_POINT ( 'NONE',  ( 0.2503748089610428051, 10.97845962929959995, 0.4894289525792387963 ) ) ;
#2939 = LINE ( 'NONE', #900, #933 ) ;
#2940 = CARTESIAN_POINT ( 'NONE',  ( 0.4605827071150185303, 10.76576335762459991, -1.021332188983219647 ) ) ;
#2941 = CARTESIAN_POINT ( 'NONE',  ( 2.763879395796304636E-05, 9.821544269566148344, 3.272213275564944457 ) ) ;
#2942 = CARTESIAN_POINT ( 'NONE',  ( 0.0009582993083984126231, 10.84219397586420186, 1.590061807791972592 ) ) ;
#2943 = ORIENTED_EDGE ( 'NONE', *, *, #2543, .T. ) ;
#2944 = ORIENTED_EDGE ( 'NONE', *, *, #1967, .T. ) ;
#2945 = CARTESIAN_POINT ( 'NONE',  ( 2.549999999999991385, 4.237426267729725637, -4.389999827267824450 ) ) ;
#2946 = LINE ( 'NONE', #1320, #1974 ) ;
#2947 = VERTEX_POINT ( 'NONE', #3906 ) ;
#2948 = CARTESIAN_POINT ( 'NONE',  ( 0.2707003055886361143, 10.27333583057738409, -2.683525570547878658 ) ) ;
#2949 = EDGE_CURVE ( 'NONE', #2933, #3579, #657, .T. ) ;
#2950 = CARTESIAN_POINT ( 'NONE',  ( 1.176565601906108816, 9.384114669651591356, -3.635495658445054623 ) ) ;
#2951 = CARTESIAN_POINT ( 'NONE',  ( -0.08867513459481161930, -6.261999999999996014, -3.134999999999999787 ) ) ;
#2952 = ORIENTED_EDGE ( 'NONE', *, *, #8, .F. ) ;
#2953 =( BOUNDED_SURFACE ( )  B_SPLINE_SURFACE ( 3, 2, ( 
 ( #1862, #2139, #2806 ),
 ( #3780, #180, #3803 ),
 ( #1478, #877, #1505 ),
 ( #1180, #3421, #2472 ) ),
 .UNSPECIFIED., .F., .F., .F. ) 
 B_SPLINE_SURFACE_WITH_KNOTS ( ( 4, 4 ),
 ( 3, 3 ),
 ( 0.0002255569567501856888, 0.0002901637399068658315 ),
 ( 0.8278402665770517865, 1.000000000000000000 ),
 .UNSPECIFIED. ) 
 GEOMETRIC_REPRESENTATION_ITEM ( )  RATIONAL_B_SPLINE_SURFACE ( (
 ( 0.9222735723770665306, 0.9530546949930834844, 1.000000000000000000),
 ( 0.9227954108613503070, 0.9533698756537449803, 1.000000000000000000),
 ( 0.9233094356930169333, 0.9536803370147222125, 1.000000000000000000),
 ( 0.9238158105390136265, 0.9539861779277829523, 1.000000000000000000) ) ) 
 REPRESENTATION_ITEM ( '' )  SURFACE ( )  );
#2954 = CARTESIAN_POINT ( 'NONE',  ( 0.000000000000000000, 0.000000000000000000, 0.000000000000000000 ) ) ;
#2955 = CARTESIAN_POINT ( 'NONE',  ( 0.9270316759912716753, 10.54007722442469763, 0.6438492204185849443 ) ) ;
#2956 = FACE_OUTER_BOUND ( 'NONE', #2926, .T. ) ;
#2957 = CARTESIAN_POINT ( 'NONE',  ( 1.359657163087639287, 10.41519672966587429, 0.4894641113440081348 ) ) ;
#2958 = FACE_OUTER_BOUND ( 'NONE', #652, .T. ) ;
#2959 = CARTESIAN_POINT ( 'NONE',  ( 0.8211020911091032604, 10.60307702652151640, -0.2269393796458258061 ) ) ;
#2960 = EDGE_CURVE ( 'NONE', #4126, #1577, #3271, .T. ) ;
#2961 = CARTESIAN_POINT ( 'NONE',  ( 1.150000000000006128, 10.14899748457843209, 0.9925997948794941239 ) ) ;
#2962 = CARTESIAN_POINT ( 'NONE',  ( -0.3545844573237617592, 10.93799144261911316, 1.186881249812003825 ) ) ;
#2963 = ORIENTED_EDGE ( 'NONE', *, *, #476, .F. ) ;
#2964 = LINE ( 'NONE', #3701, #3717 ) ;
#2965 = ADVANCED_FACE ( 'NONE', ( #2956 ), #3385, .F. ) ;
#2966 = FACE_OUTER_BOUND ( 'NONE', #1982, .T. ) ;
#2967 = ORIENTED_EDGE ( 'NONE', *, *, #176, .F. ) ;
#2968 = CIRCLE ( 'NONE', #1136, 4.055650958985220100 ) ;
#2969 = CARTESIAN_POINT ( 'NONE',  ( -0.1903613563471601433, 10.09919245205933080, -3.010634319539348347 ) ) ;
#2970 = CARTESIAN_POINT ( 'NONE',  ( 0.000000000000000000, -3.425748374098066098E-07, -4.389999496599052975 ) ) ;
#2971 = CARTESIAN_POINT ( 'NONE',  ( 0.01067375844386061513, 9.841596838938913905, -3.250090092507321060 ) ) ;
#2972 = VECTOR ( 'NONE', #3360, 1000.000000000000000 ) ;
#2973 = ORIENTED_EDGE ( 'NONE', *, *, #1879, .T. ) ;
#2974 = CARTESIAN_POINT ( 'NONE',  ( 0.000000000000000000, 9.133432793151635920, -3.889999834757499553 ) ) ;
#2975 = CARTESIAN_POINT ( 'NONE',  ( 1.150000000004657741, 10.44461185365837430, -0.1219530253005955134 ) ) ;
#2976 = CONICAL_SURFACE ( 'NONE', #2102, 3.134999999999998010, 1.047197551196600074 ) ;
#2977 = AXIS2_PLACEMENT_3D ( 'NONE', #563, #1196, #942 ) ;
#2978 = DIRECTION ( 'NONE',  ( 0.000000000000000000, -1.000000000000000000, 3.462798379065810878E-16 ) ) ;
#2979 = B_SPLINE_CURVE_WITH_KNOTS ( 'NONE', 3,
 ( #1979, #3621, #2662, #3276 ),
 .UNSPECIFIED., .F., .F.,
 ( 4, 4 ),
 ( -0.0003507562270457875806, 6.392290861059339623E-05 ),
 .UNSPECIFIED. ) ;
#2980 = CARTESIAN_POINT ( 'NONE',  ( 1.175971411436718128, 10.40380095234335656, 1.112539185920413676 ) ) ;
#2981 = CARTESIAN_POINT ( 'NONE',  ( -0.3999999999999999667, 6.261999999999994237, 3.134999999999996234 ) ) ;
#2982 = CARTESIAN_POINT ( 'NONE',  ( 0.6802462738866392744, 10.70608601078325073, -0.3404272617484315755 ) ) ;
#2983 = CARTESIAN_POINT ( 'NONE',  ( 0.02242445889903316170, 9.821514846243363905, 3.272214033646824838 ) ) ;
#2984 = CARTESIAN_POINT ( 'NONE',  ( 0.2684689330906128713, 10.64533453274955832, -1.796711565857549653 ) ) ;
#2985 = CARTESIAN_POINT ( 'NONE',  ( 1.266949046399468815, 9.432490823383725242, 3.560004406803581656 ) ) ;
#2986 = ORIENTED_EDGE ( 'NONE', *, *, #1528, .T. ) ;
#2987 = EDGE_CURVE ( 'NONE', #1549, #3249, #1690, .T. ) ;
#2988 = CARTESIAN_POINT ( 'NONE',  ( 2.076278242394468787, 6.792236765701320955, -4.241515662226313488 ) ) ;
#2989 = ORIENTED_EDGE ( 'NONE', *, *, #823, .F. ) ;
#2990 = EDGE_CURVE ( 'NONE', #1418, #2683, #2328, .T. ) ;
#2991 = CARTESIAN_POINT ( 'NONE',  ( -0.4124060483351423834, 10.11354131055519900, -3.010640351335941212 ) ) ;
#2992 = CARTESIAN_POINT ( 'NONE',  ( 0.7130726934203175382, 9.111267532701427641, -3.907747368452938908 ) ) ;
#2993 = DIRECTION ( 'NONE',  ( 0.8660254037844398178, 1.731399189532898598E-17, 0.4999999999999980016 ) ) ;
#2994 = VERTEX_POINT ( 'NONE', #3290 ) ;
#2995 = PLANE ( 'NONE',  #3771 ) ;
#2996 = CARTESIAN_POINT ( 'NONE',  ( -0.04675049316565110802, 11.01845425406280832, 1.112500495177727755 ) ) ;
#2997 = CARTESIAN_POINT ( 'NONE',  ( -2.112259002293997323, 9.734015955557605793, -6.518014438577725965E-15 ) ) ;
#2998 = CARTESIAN_POINT ( 'NONE',  ( -0.03448952927107824806, 11.06747092243234576, -0.6808991471949392693 ) ) ;
#2999 = EDGE_CURVE ( 'NONE', #4005, #3392, #2765, .T. ) ;
#3000 = CARTESIAN_POINT ( 'NONE',  ( 1.150000000000008349, 10.19219035427409104, -0.2484951043659071879 ) ) ;
#3001 = CARTESIAN_POINT ( 'NONE',  ( -0.2721988959735375246, 10.64361578574272826, -2.031449249884129227 ) ) ;
#3002 = B_SPLINE_CURVE_WITH_KNOTS ( 'NONE', 3,
 ( #1224, #3160, #1796, #1566, #3077, #155, #4057, #1160, #2451, #3743, #1929, #3573, #2282, #3869, #3844, #263, #1331, #986 ),
 .UNSPECIFIED., .F., .F.,
 ( 4, 2, 2, 2, 2, 2, 2, 2, 4 ),
 ( 1.084202172485504434E-19, 5.282709923594484084E-06, 1.056541984718885975E-05, 2.113083969437761108E-05, 4.226167938875511373E-05, 8.452335877750591776E-05, 0.0001690467175550026469, 0.0003380934351100010112, 0.0006761868702200018056 ),
 .UNSPECIFIED. ) ;
#3003 = PLANE ( 'NONE',  #3369 ) ;
#3004 = CARTESIAN_POINT ( 'NONE',  ( 0.08169613592678419411, 9.807512743938481492, -3.287341266663559747 ) ) ;
#3005 = DIRECTION ( 'NONE',  ( 0.000000000000000000, 0.000000000000000000, -1.000000000000000000 ) ) ;
#3006 = ORIENTED_EDGE ( 'NONE', *, *, #1850, .F. ) ;
#3007 = CARTESIAN_POINT ( 'NONE',  ( -0.2267166525786027953, 10.36936572391652867, -2.683539735871442122 ) ) ;
#3008 = EDGE_CURVE ( 'NONE', #3998, #3152, #221, .T. ) ;
#3009 = CARTESIAN_POINT ( 'NONE',  ( 0.7303830565312968703, 9.143934600149663083, -3.882349950343160216 ) ) ;
#3010 = FACE_OUTER_BOUND ( 'NONE', #957, .T. ) ;
#3011 = ORIENTED_EDGE ( 'NONE', *, *, #1541, .T. ) ;
#3012 = CARTESIAN_POINT ( 'NONE',  ( 1.821278407638429409, 6.261999999999995126, -3.635000000000002007 ) ) ;
#3013 = ORIENTED_EDGE ( 'NONE', *, *, #3945, .F. ) ;
#3014 = CARTESIAN_POINT ( 'NONE',  ( 0.9892582483529287485, 10.48530860659256980, 1.112533404001819326 ) ) ;
#3015 = CARTESIAN_POINT ( 'NONE',  ( 0.9711495339224428536, 9.133432793151635920, -3.889999834757499553 ) ) ;
#3016 = CARTESIAN_POINT ( 'NONE',  ( 0.4307826387315515371, 10.89476379300437969, -0.3404358024012238415 ) ) ;
#3017 = DIRECTION ( 'NONE',  ( 0.000000000000000000, -0.7058012087144415192, -0.7084099475425463810 ) ) ;
#3018 = CARTESIAN_POINT ( 'NONE',  ( -0.3545559366626025999, 11.01412440830854500, 0.8212408704438033391 ) ) ;
#3019 = FACE_OUTER_BOUND ( 'NONE', #761, .T. ) ;
#3020 = ORIENTED_EDGE ( 'NONE', *, *, #2495, .F. ) ;
#3021 = DIRECTION ( 'NONE',  ( 0.000000000000000000, 1.000000000000000000, 0.000000000000000000 ) ) ;
#3022 = DIRECTION ( 'NONE',  ( 0.000000000000000000, 5.381768798273446270E-15, -1.000000000000000000 ) ) ;
#3023 = ORIENTED_EDGE ( 'NONE', *, *, #2718, .T. ) ;
#3024 = CARTESIAN_POINT ( 'NONE',  ( -0.1280293456042120304, 10.82486751889869581, -1.802379006629980962 ) ) ;
#3025 = CARTESIAN_POINT ( 'NONE',  ( 0.7441297196619753862, 9.189297322108318511, -3.848105147604798493 ) ) ;
#3026 = DIRECTION ( 'NONE',  ( 0.000000000000000000, 0.000000000000000000, 1.000000000000000000 ) ) ;
#3027 = EDGE_LOOP ( 'NONE', ( #1846, #2381, #2613, #274, #755, #1390, #233 ) ) ;
#3028 = TOROIDAL_SURFACE ( 'NONE', #1552, 4.434999999999998721, 0.4000000000000000222 ) ;
#3029 = EDGE_CURVE ( 'NONE', #2358, #1497, #3493, .T. ) ;
#3030 = DIRECTION ( 'NONE',  ( 0.000000000000000000, 0.000000000000000000, -1.000000000000000000 ) ) ;
#3031 = ORIENTED_EDGE ( 'NONE', *, *, #1744, .F. ) ;
#3032 = EDGE_CURVE ( 'NONE', #339, #2022, #1019, .T. ) ;
#3033 = VECTOR ( 'NONE', #3687, 1000.000000000000000 ) ;
#3035 = AXIS2_PLACEMENT_3D ( 'NONE', #1246, #3761, #3101 ) ;
#3034 = CARTESIAN_POINT ( 'NONE',  ( 1.089455444401502326, 10.04022204762956250, 2.803687413845313170 ) ) ;
#3036 = DIRECTION ( 'NONE',  ( -0.5735764363510502672, 0.8191520442889890230, 0.000000000000000000 ) ) ;
#3037 = CARTESIAN_POINT ( 'NONE',  ( 1.330968742371297697, 10.43373755127610281, -0.3404072307098660599 ) ) ;
#3038 = CARTESIAN_POINT ( 'NONE',  ( -0.3999999999999999667, 6.261999999999994237, 3.584999999999994191 ) ) ;
#3039 = AXIS2_PLACEMENT_3D ( 'NONE', #2809, #903, #3808 ) ;
#3040 = CARTESIAN_POINT ( 'NONE',  ( 0.01173377705759473533, 10.96767567678593203, -1.178544170779841638 ) ) ;
#3041 = VECTOR ( 'NONE', #477, 1000.000000000000114 ) ;
#3042 = CARTESIAN_POINT ( 'NONE',  ( 2.511059727148955645, 9.405025387782387725, 3.541610297168067412 ) ) ;
#3043 = ORIENTED_EDGE ( 'NONE', *, *, #2561, .T. ) ;
#3044 = LINE ( 'NONE', #3279, #1627 ) ;
#3045 = CYLINDRICAL_SURFACE ( 'NONE', #1020, 3.635000000000000231 ) ;
#3046 = EDGE_LOOP ( 'NONE', ( #3298, #2880, #768, #1681 ) ) ;
#3047 = CARTESIAN_POINT ( 'NONE',  ( 0.02242445889903316170, 9.821514846243363905, 3.272214033646824838 ) ) ;
#3048 = CARTESIAN_POINT ( 'NONE',  ( 1.065836046490585165, 10.16440880058908469, -2.356405073411597773 ) ) ;
#3049 = CARTESIAN_POINT ( 'NONE',  ( 0.7476920433451886838, 9.176992665923251025, -3.857463152001203710 ) ) ;
#3050 = EDGE_CURVE ( 'NONE', #4099, #1306, #334, .T. ) ;
#3051 = DIRECTION ( 'NONE',  ( 0.000000000000000000, -6.925596758131621509E-17, -1.000000000000000000 ) ) ;
#3052 = ORIENTED_EDGE ( 'NONE', *, *, #3361, .F. ) ;
#3053 = LINE ( 'NONE', #4027, #1896 ) ;
#3054 = ORIENTED_EDGE ( 'NONE', *, *, #1324, .T. ) ;
#3055 = CARTESIAN_POINT ( 'NONE',  ( 0.2508341914357012370, 10.71607060124616240, 1.735591300155349348 ) ) ;
#3056 = CARTESIAN_POINT ( 'NONE',  ( -0.3372633853162932405, 10.85718817387788881, -1.473175224460316901 ) ) ;
#3057 = CARTESIAN_POINT ( 'NONE',  ( 0.7500000000000000000, 9.565103121087362936, 2.906621200600219446 ) ) ;
#3058 = CARTESIAN_POINT ( 'NONE',  ( -0.2254432295212165371, 10.51387381572692448, -2.295687172306513979 ) ) ;
#3059 = CARTESIAN_POINT ( 'NONE',  ( 19.09653955668780156, 5.570795175909512231, 5.482603939315559671 ) ) ;
#3060 = EDGE_LOOP ( 'NONE', ( #2913, #2740, #1100, #2259 ) ) ;
#3061 = CARTESIAN_POINT ( 'NONE',  ( 4.549999999999999822, -6.261999999999994237, 3.635000000000001563 ) ) ;
#3062 = CARTESIAN_POINT ( 'NONE',  ( 0.3449023373672369108, 9.823471017845857745, 3.270998634695924778 ) ) ;
#3063 = ORIENTED_EDGE ( 'NONE', *, *, #2710, .T. ) ;
#3064 = CARTESIAN_POINT ( 'NONE',  ( 1.149999999999999911, 9.544196453191798213, 2.945137416410089859 ) ) ;
#3065 = CARTESIAN_POINT ( 'NONE',  ( 0.3998581297459518624, 10.60826486179101558, -1.802362801112381563 ) ) ;
#3066 = CARTESIAN_POINT ( 'NONE',  ( 0.8116576887300736010, 9.831970314140461298, -3.268351553559419198 ) ) ;
#3067 = LINE ( 'NONE', #2110, #3519 ) ;
#3068 = ORIENTED_EDGE ( 'NONE', *, *, #3868, .F. ) ;
#3069 = EDGE_CURVE ( 'NONE', #1924, #2529, #1229, .T. ) ;
#3070 = DIRECTION ( 'NONE',  ( -1.000000000000000000, -0.000000000000000000, -0.000000000000000000 ) ) ;
#3071 = ORIENTED_EDGE ( 'NONE', *, *, #137, .T. ) ;
#3072 = CARTESIAN_POINT ( 'NONE',  ( 0.3446944542896004382, 10.67173217979849120, 1.735594241109101210 ) ) ;
#3073 = CYLINDRICAL_SURFACE ( 'NONE', #2903, 3.500000000000000000 ) ;
#3074 = DIRECTION ( 'NONE',  ( -1.000000000000000000, -0.000000000000000000, -0.000000000000000000 ) ) ;
#3075 = CARTESIAN_POINT ( 'NONE',  ( 0.000000000000000000, 7.138186771130500929, 3.889999834757853936 ) ) ;
#3076 = CARTESIAN_POINT ( 'NONE',  ( 0.4103613433596910443, 10.85033564614609070, 0.7051939972121996636 ) ) ;
#3077 = CARTESIAN_POINT ( 'NONE',  ( 0.7534745380533983683, 9.180967280121169694, 3.854440755551485243 ) ) ;
#3078 = B_SPLINE_CURVE_WITH_KNOTS ( 'NONE', 3,
 ( #1480, #2620, #1910, #3824 ),
 .UNSPECIFIED., .F., .F.,
 ( 4, 4 ),
 ( 0.8975552155837744905, 1.000000000000000000 ),
 .UNSPECIFIED. ) ;
#3079 = CARTESIAN_POINT ( 'NONE',  ( 1.404416850217912849, 10.43822926788450189, 0.1334132124234412575 ) ) ;
#3080 = EDGE_CURVE ( 'NONE', #2994, #3249, #527, .T. ) ;
#3081 = CARTESIAN_POINT ( 'NONE',  ( 19.09653955668778025, -8.171522782454333722, -3.852950066250538708 ) ) ;
#3082 = DIRECTION ( 'NONE',  ( 0.000000000000000000, 0.000000000000000000, -1.000000000000000000 ) ) ;
#3083 = CARTESIAN_POINT ( 'NONE',  ( 0.09836156337571208552, 9.805294121819814634, 3.289727004362212881 ) ) ;
#3084 = ORIENTED_EDGE ( 'NONE', *, *, #3361, .T. ) ;
#3085 = ORIENTED_EDGE ( 'NONE', *, *, #2128, .T. ) ;
#3086 = ADVANCED_FACE ( 'NONE', ( #3763 ), #2755, .T. ) ;
#3087 = CARTESIAN_POINT ( 'NONE',  ( 0.02886365087457826162, 9.831724167362722255, 3.260906409066917533 ) ) ;
#3088 = CARTESIAN_POINT ( 'NONE',  ( -0.1221708086158543732, 10.82268658734017919, -1.802378829058967069 ) ) ;
#3089 = FACE_OUTER_BOUND ( 'NONE', #582, .T. ) ;
#3090 = ORIENTED_EDGE ( 'NONE', *, *, #671, .T. ) ;
#3091 = CARTESIAN_POINT ( 'NONE',  ( 0.8673674502472541459, 9.903845263842264046, -3.084546671021287434 ) ) ;
#3092 = CARTESIAN_POINT ( 'NONE',  ( 1.909872154965565505, 9.293440659701445838, -3.723593747327135439 ) ) ;
#3093 = EDGE_LOOP ( 'NONE', ( #772, #251, #2565, #211 ) ) ;
#3094 = CARTESIAN_POINT ( 'NONE',  ( 1.124511901671453762, 10.31685706664250901, 1.735618537361203639 ) ) ;
#3095 = CARTESIAN_POINT ( 'NONE',  ( 0.5749999999999951816, -6.310594756596053401, 0.8886713586976221491 ) ) ;
#3096 = AXIS2_PLACEMENT_3D ( 'NONE', #3718, #1473, #2117 ) ;
#3097 = CARTESIAN_POINT ( 'NONE',  ( 1.267637815018338721, 9.432859599616818969, -3.559429250319363192 ) ) ;
#3098 = CARTESIAN_POINT ( 'NONE',  ( -0.01198462289682942529, 9.845846179644523133, -3.245534184576208681 ) ) ;
#3099 = CARTESIAN_POINT ( 'NONE',  ( 0.01663418331058461042, 9.903332877315115468, 3.180108684445862366 ) ) ;
#3100 = CONICAL_SURFACE ( 'NONE', #2430, 3.584999999999996856, 1.151917306316257328 ) ;
#3101 = DIRECTION ( 'NONE',  ( 0.000000000000000000, 0.000000000000000000, 1.000000000000000000 ) ) ;
#3102 = DIRECTION ( 'NONE',  ( -1.776356839400250465E-15, -1.000000000000000000, 2.657417008760537944E-16 ) ) ;
#3103 = AXIS2_PLACEMENT_3D ( 'NONE', #1820, #2142, #2808 ) ;
#3104 = CIRCLE ( 'NONE', #1022, 3.635000000000001563 ) ;
#3105 = CARTESIAN_POINT ( 'NONE',  ( -0.08867513459481161930, -6.261999999999994237, 3.134999999999996234 ) ) ;
#3106 = CARTESIAN_POINT ( 'NONE',  ( 1.149999999999999911, 8.366656580767928730, -2.963721592361579837 ) ) ;
#3107 = ORIENTED_EDGE ( 'NONE', *, *, #608, .T. ) ;
#3108 = ORIENTED_EDGE ( 'NONE', *, *, #2135, .F. ) ;
#3109 = AXIS2_PLACEMENT_3D ( 'NONE', #1207, #3499, #189 ) ;
#3110 = CARTESIAN_POINT ( 'NONE',  ( 1.029227432351315086, 10.32912189434756378, -1.802343266562462132 ) ) ;
#3111 = CARTESIAN_POINT ( 'NONE',  ( 0.000000000000000000, 6.450940218077469979, 4.389999007942277487 ) ) ;
#3112 = EDGE_LOOP ( 'NONE', ( #3084, #3683, #3608, #630 ) ) ;
#3113 = DIRECTION ( 'NONE',  ( 0.000000000000000000, 1.000000000000000000, 4.624874053379650136E-13 ) ) ;
#3114 = CARTESIAN_POINT ( 'NONE',  ( 0.000000000000000000, -6.261999999999995126, 0.000000000000000000 ) ) ;
#3115 = ORIENTED_EDGE ( 'NONE', *, *, #1799, .T. ) ;
#3116 = CARTESIAN_POINT ( 'NONE',  ( -0.1123767939323043474, 10.87441319784625549, 1.735580054835760944 ) ) ;
#3117 = CARTESIAN_POINT ( 'NONE',  ( -0.3293790791421735697, 11.08583064101155635, 0.1488164017863748689 ) ) ;
#3118 = DIRECTION ( 'NONE',  ( -0.5735764363510502672, 0.8191520442889890230, 0.000000000000000000 ) ) ;
#3119 = CARTESIAN_POINT ( 'NONE',  ( 0.01083911210875887488, 9.842318341826729267, 3.249298972735557012 ) ) ;
#3120 = CYLINDRICAL_SURFACE ( 'NONE', #3035, 4.285000000000046327 ) ;
#3121 = CARTESIAN_POINT ( 'NONE',  ( 1.026113704770520219, 9.142379494996577094, 3.882576911279015608 ) ) ;
#3122 = EDGE_CURVE ( 'NONE', #114, #3152, #3987, .T. ) ;
#3123 = CARTESIAN_POINT ( 'NONE',  ( 1.149999999999999911, 9.532621581612536588, 2.964056059414644118 ) ) ;
#3124 = LINE ( 'NONE', #1230, #246 ) ;
#3125 = ORIENTED_EDGE ( 'NONE', *, *, #2042, .T. ) ;
#3126 = FACE_OUTER_BOUND ( 'NONE', #1944, .T. ) ;
#3127 = CARTESIAN_POINT ( 'NONE',  ( 1.223127164491710106, 10.38648247921317136, -1.021308101040701910 ) ) ;
#3128 = DIRECTION ( 'NONE',  ( 0.000000000000000000, -1.000000000000000000, 2.770238703252648603E-16 ) ) ;
#3129 = ORIENTED_EDGE ( 'NONE', *, *, #4021, .T. ) ;
#3130 = EDGE_CURVE ( 'NONE', #3998, #3392, #2027, .T. ) ;
#3131 = CARTESIAN_POINT ( 'NONE',  ( -0.3999999999999999667, 6.261999999999995126, -3.006671916513725129E-15 ) ) ;
#3132 = CYLINDRICAL_SURFACE ( 'NONE', #3779, 4.834999999999999964 ) ;
#3133 = ORIENTED_EDGE ( 'NONE', *, *, #2814, .F. ) ;
#3134 = CARTESIAN_POINT ( 'NONE',  ( 1.026238289119990155, 9.142400502765948289, -3.882559226432845900 ) ) ;
#3135 = EDGE_CURVE ( 'NONE', #3852, #3349, #3715, .T. ) ;
#3136 = CARTESIAN_POINT ( 'NONE',  ( -0.1358650909636261728, 10.29122960643468332, 2.673289247190629325 ) ) ;
#3137 = FACE_OUTER_BOUND ( 'NONE', #3027, .T. ) ;
#3138 = CARTESIAN_POINT ( 'NONE',  ( 0.2614535979867409488, 10.62586377148050687, -1.857808337044541958 ) ) ;
#3139 = CARTESIAN_POINT ( 'NONE',  ( 1.547512948824363965, 9.578699992728925139, -3.361234541185937896 ) ) ;
#3140 = CARTESIAN_POINT ( 'NONE',  ( 0.2601227742001139820, 11.00371500598209096, 0.2668798590163330431 ) ) ;
#3141 = CARTESIAN_POINT ( 'NONE',  ( 0.6069214831809690569, 9.134535867697739064, -3.889189462267767183 ) ) ;
#3142 = DIRECTION ( 'NONE',  ( 1.000000000000000000, 0.000000000000000000, 0.000000000000000000 ) ) ;
#3143 = CARTESIAN_POINT ( 'NONE',  ( 0.000000000000000000, -8.171522782454330169, -3.852950066250538708 ) ) ;
#3144 = ORIENTED_EDGE ( 'NONE', *, *, #1854, .F. ) ;
#3145 = VERTEX_POINT ( 'NONE', #2497 ) ;
#3146 = CARTESIAN_POINT ( 'NONE',  ( 4.549999999999999822, -6.501580853463294396, 4.383456661629876017 ) ) ;
#3147 = CARTESIAN_POINT ( 'NONE',  ( -0.07754919004851908160, 10.97315801856551332, -1.248314723679442739 ) ) ;
#3148 = FACE_OUTER_BOUND ( 'NONE', #2816, .T. ) ;
#3149 = ORIENTED_EDGE ( 'NONE', *, *, #1799, .F. ) ;
#3150 = DIRECTION ( 'NONE',  ( -0.7071067811865474617, 0.000000000000000000, -0.7071067811865474617 ) ) ;
#3151 = DIRECTION ( 'NONE',  ( 1.000000000000000000, -0.000000000000000000, -0.000000000000000000 ) ) ;
#3152 = VERTEX_POINT ( 'NONE', #157 ) ;
#3153 = ADVANCED_FACE ( 'NONE', ( #835 ), #3166, .F. ) ;
#3154 = CARTESIAN_POINT ( 'NONE',  ( 1.731219741903115228, 9.263164182185988693, -3.761468818403529202 ) ) ;
#3155 = CARTESIAN_POINT ( 'NONE',  ( 1.150000000002818545, 10.14972849549907785, -0.9937176605875708280 ) ) ;
#3156 = CARTESIAN_POINT ( 'NONE',  ( 1.404981825474615809, 10.43969053483656850, 0.08895679412571420863 ) ) ;
#3157 = CARTESIAN_POINT ( 'NONE',  ( 0.8070466799607161068, 9.772307687708089219, 3.326033240287067816 ) ) ;
#3158 = FACE_OUTER_BOUND ( 'NONE', #3093, .T. ) ;
#3159 = EDGE_CURVE ( 'NONE', #2775, #1981, #4145, .T. ) ;
#3160 = CARTESIAN_POINT ( 'NONE',  ( 0.7517894857890987659, 9.174861092448718836, 3.859075699710798890 ) ) ;
#3161 = VECTOR ( 'NONE', #3575, 1000.000000000000000 ) ;
#3162 = CARTESIAN_POINT ( 'NONE',  ( 0.4282165960466266519, 10.88816945301174499, 0.4003882514474060850 ) ) ;
#3163 = LINE ( 'NONE', #1954, #2689 ) ;
#3164 = DIRECTION ( 'NONE',  ( 1.000000000000000000, 0.000000000000000000, 0.000000000000000000 ) ) ;
#3165 = CIRCLE ( 'NONE', #1352, 0.4000000000000002998 ) ;
#3166 = PLANE ( 'NONE',  #3103 ) ;
#3167 = EDGE_LOOP ( 'NONE', ( #325, #997, #2868, #623 ) ) ;
#3168 = ORIENTED_EDGE ( 'NONE', *, *, #188, .F. ) ;
#3170 = CARTESIAN_POINT ( 'NONE',  ( 0.8675371226165018435, 9.904262570725634873, 3.083131519075080540 ) ) ;
#3169 = VECTOR ( 'NONE', #482, 1000.000000000000000 ) ;
#3171 = VECTOR ( 'NONE', #2136, 1000.000000000000000 ) ;
#3172 = DIRECTION ( 'NONE',  ( 0.000000000000000000, 2.409349533243497832E-16, 1.000000000000000000 ) ) ;
#3173 = AXIS2_PLACEMENT_3D ( 'NONE', #4151, #3172, #4171 ) ;
#3174 = ORIENTED_EDGE ( 'NONE', *, *, #1200, .T. ) ;
#3175 = B_SPLINE_CURVE_WITH_KNOTS ( 'NONE', 3,
 ( #1614, #536, #1897, #557, #1238, #3834, #1278, #1211 ),
 .UNSPECIFIED., .F., .F.,
 ( 4, 2, 2, 4 ),
 ( 0.002998480782528920117, 0.004410650058556430005, 0.005116734696570184732, 0.005822819334583940326 ),
 .UNSPECIFIED. ) ;
#3176 = CARTESIAN_POINT ( 'NONE',  ( 0.2208413150345673592, 9.767032859757613039, -3.337718334511363238 ) ) ;
#3177 = EDGE_CURVE ( 'NONE', #1164, #3631, #1250, .T. ) ;
#3178 = DIRECTION ( 'NONE',  ( 0.000000000000000000, 0.000000000000000000, 1.000000000000000000 ) ) ;
#3179 = CARTESIAN_POINT ( 'NONE',  ( 4.549999999999999822, -6.261999999999995126, 0.000000000000000000 ) ) ;
#3180 = ORIENTED_EDGE ( 'NONE', *, *, #3367, .F. ) ;
#3181 = CARTESIAN_POINT ( 'NONE',  ( -0.3231734955257961617, 10.34534798282513712, 2.803646854028673197 ) ) ;
#3182 = CARTESIAN_POINT ( 'NONE',  ( 3.052371094064744992E-05, 9.821555175218867006, -3.272209548605242713 ) ) ;
#3183 = CARTESIAN_POINT ( 'NONE',  ( 0.4393303097431844328, 10.91694623477129689, -0.06901319270695280284 ) ) ;
#3184 = CARTESIAN_POINT ( 'NONE',  ( 1.361084924161633625, 9.713840926301845258, 3.174806516523219546 ) ) ;
#3185 = CARTESIAN_POINT ( 'NONE',  ( 19.09653955668780156, 6.792236765701320955, -4.241515662226313488 ) ) ;
#3186 = CARTESIAN_POINT ( 'NONE',  ( -0.3999999999999999667, 6.261999999999995126, -3.006671916513725129E-15 ) ) ;
#3187 = CARTESIAN_POINT ( 'NONE',  ( 1.088020546275122902, 10.48172503354978957, 0.4004098940270926499 ) ) ;
#3188 = CARTESIAN_POINT ( 'NONE',  ( 0.02186803990490886543, 9.821524706496225221, -3.272210410542771175 ) ) ;
#3189 = EDGE_CURVE ( 'NONE', #3728, #1657, #229, .T. ) ;
#3190 = CARTESIAN_POINT ( 'NONE',  ( 0.03624291462421221771, 9.815878725989541920, -3.278298378612546138 ) ) ;
#3191 = CARTESIAN_POINT ( 'NONE',  ( 0.04220679238677640249, 11.04118803288755934, 0.8355930060292836581 ) ) ;
#3192 = VERTEX_POINT ( 'NONE', #1571 ) ;
#3193 = ORIENTED_EDGE ( 'NONE', *, *, #3711, .T. ) ;
#3194 = CARTESIAN_POINT ( 'NONE',  ( 0.7751547703489375385, 9.345698013917370872, 3.723119811053439587 ) ) ;
#3195 =( BOUNDED_SURFACE ( )  B_SPLINE_SURFACE ( 3, 2, ( 
 ( #336, #2315, #2878 ),
 ( #1297, #3912, #687 ),
 ( #1607, #1914, #3558 ),
 ( #3213, #1271, #3516 ),
 ( #2924, #2539, #3873 ),
 ( #1015, #971, #268 ),
 ( #2287, #3893, #1956 ),
 ( #641, #2269, #4167 ),
 ( #3539, #2558, #3233 ),
 ( #312, #951, #4213 ),
 ( #1634, #2623, #665 ),
 ( #1316, #621, #1999 ),
 ( #3578, #1980, #3258 ),
 ( #1934, #2942, #2224 ),
 ( #3603, #16, #3277 ),
 ( #357, #1677, #2962 ),
 ( #34, #3827, #924 ),
 ( #600, #3191, #3018 ),
 ( #2350, #56, #3378 ),
 ( #2056, #2332, #3296 ),
 ( #1072, #1113, #747 ),
 ( #3337, #1396, #3661 ),
 ( #375, #3639, #1095 ),
 ( #2678, #766, #3319 ),
 ( #2074, #1380, #3996 ),
 ( #2407, #90, #723 ),
 ( #1438, #2388, #4013 ),
 ( #1415, #3678, #2037 ),
 ( #395, #1734, #3354 ),
 ( #432, #3972, #2663 ),
 ( #3622, #3955, #73 ),
 ( #1698, #2369, #1751 ),
 ( #2095, #3040, #3937 ),
 ( #1716, #705, #111 ),
 ( #2700, #2720, #2018 ),
 ( #2984, #3697, #415 ),
 ( #784, #1055, #3001 ),
 ( #459, #1774, #3058 ),
 ( #1359, #2646, #1038 ),
 ( #1476, #497, #1131 ),
 ( #4032, #1580, #2867 ),
 ( #2428, #132, #523 ),
 ( #3419, #851, #2887 ),
 ( #2119, #1503, #4155 ),
 ( #3759, #2549, #1178 ),
 ( #3401, #3836, #4055 ),
 ( #2154, #960, #1814 ),
 ( #1840, #1923, #3442 ),
 ( #932, #153, #3098 ),
 ( #1794, #3862, #1259 ) ),
 .UNSPECIFIED., .F., .F., .F. ) 
 B_SPLINE_SURFACE_WITH_KNOTS ( ( 4, 2, 2, 2, 2, 2, 2, 2, 2, 2, 2, 2, 2, 2, 2, 2, 2, 2, 2, 2, 2, 2, 2, 2, 4 ),
 ( 3, 3 ),
 ( 0.004178540214242145411, 0.004219578588344137168, 0.004260616962446128059, 0.004342693710650109840, 0.004506847207058075136, 0.004835154199874003994, 0.005491768185505861710, 0.005820075178321790568, 0.006148382171137719426, 0.006312535667545683855, 0.006476689163953648284, 0.006640842660361612713, 0.006804996156769577142, 0.006969149653177541572, 0.007133303149585506001, 0.007461610142401434859, 0.007789917135217363717, 0.008118224128033292575, 0.008446531120849221433, 0.008774838113665150291, 0.009103145106481079149, 0.009267298602889044445, 0.009349375351093026226, 0.009390413725195017117, 0.009431452099297008007 ),
 ( 0.000000000000000000, 1.000000000000000000 ),
 .UNSPECIFIED. ) 
 GEOMETRIC_REPRESENTATION_ITEM ( )  RATIONAL_B_SPLINE_SURFACE ( (
 ( 1.000000000000000000, 0.9999868274998103823, 1.000000000000000000),
 ( 1.000000000000000000, 0.9999781666811707881, 1.000000000000000000),
 ( 1.000000000000000000, 0.9999593544937146472, 1.000000000000000000),
 ( 1.000000000000000000, 0.9999069221566772026, 1.000000000000000000),
 ( 1.000000000000000000, 0.9998727869372554533, 1.000000000000000000),
 ( 1.000000000000000000, 0.9997454302512904789, 1.000000000000000000),
 ( 1.000000000000000000, 0.9996271492639235978, 1.000000000000000000),
 ( 1.000000000000000000, 0.9991558046468868026, 1.000000000000000000),
 ( 1.000000000000000000, 0.9986841573637433855, 1.000000000000000000),
 ( 1.000000000000000000, 0.9966863262991246808, 1.000000000000000000),
 ( 1.000000000000000000, 0.9945159012914304153, 1.000000000000000000),
 ( 1.000000000000000000, 0.9860466783830968973, 1.000000000000000000),
 ( 1.000000000000000000, 0.9783295474071455056, 1.000000000000000000),
 ( 1.000000000000000000, 0.9694624119954169394, 1.000000000000000000),
 ( 1.000000000000000000, 0.9668633771599051130, 1.000000000000000000),
 ( 1.000000000000000000, 0.9621701927757699835, 1.000000000000000000),
 ( 1.000000000000000000, 0.9601682062100684867, 1.000000000000000000),
 ( 1.000000000000000000, 0.9562167198653032107, 1.000000000000000000),
 ( 1.000000000000000000, 0.9547339356006154798, 1.000000000000000000),
 ( 1.000000000000000000, 0.9503601753969024291, 1.000000000000000000),
 ( 1.000000000000000000, 0.9473613837530391324, 1.000000000000000000),
 ( 1.000000000000000000, 0.9390667868140137875, 1.000000000000000000),
 ( 1.000000000000000000, 0.9334133195465996735, 1.000000000000000000),
 ( 1.000000000000000000, 0.9248506880066795777, 1.000000000000000000),
 ( 1.000000000000000000, 0.9224185420585535589, 1.000000000000000000),
 ( 1.000000000000000000, 0.9225988324865670442, 1.000000000000000000),
 ( 1.000000000000000000, 0.9249792102863594323, 1.000000000000000000),
 ( 1.000000000000000000, 0.9336152264774773002, 1.000000000000000000),
 ( 1.000000000000000000, 0.9393758335755095779, 1.000000000000000000),
 ( 1.000000000000000000, 0.9514239676097231424, 1.000000000000000000),
 ( 1.000000000000000000, 0.9547815709020650576, 1.000000000000000000),
 ( 1.000000000000000000, 0.9603694669716629218, 1.000000000000000000),
 ( 1.000000000000000000, 0.9624333920435863554, 1.000000000000000000),
 ( 1.000000000000000000, 0.9671833968702052697, 1.000000000000000000),
 ( 1.000000000000000000, 0.9698303973514077470, 1.000000000000000000),
 ( 1.000000000000000000, 0.9756659431581280462, 1.000000000000000000),
 ( 1.000000000000000000, 0.9785706635416053789, 1.000000000000000000),
 ( 1.000000000000000000, 0.9848794859212053332, 1.000000000000000000),
 ( 1.000000000000000000, 0.9883147739087952965, 1.000000000000000000),
 ( 1.000000000000000000, 0.9942875342964027086, 1.000000000000000000),
 ( 1.000000000000000000, 0.9966539024351159792, 1.000000000000000000),
 ( 1.000000000000000000, 0.9987151383406835947, 1.000000000000000000),
 ( 1.000000000000000000, 0.9991811010574316310, 1.000000000000000000),
 ( 1.000000000000000000, 0.9996411267057369043, 1.000000000000000000),
 ( 1.000000000000000000, 0.9997549258885862766, 1.000000000000000000),
 ( 1.000000000000000000, 0.9998772335425305524, 1.000000000000000000),
 ( 1.000000000000000000, 0.9999099393504213840, 1.000000000000000000),
 ( 1.000000000000000000, 0.9999603569711397189, 1.000000000000000000),
 ( 1.000000000000000000, 0.9999785694156504423, 1.000000000000000000),
 ( 1.000000000000000000, 0.9999860750818930777, 1.000000000000000000) ) ) 
 REPRESENTATION_ITEM ( '' )  SURFACE ( )  );
#3196 = CARTESIAN_POINT ( 'NONE',  ( 1.694065894508600678E-18, 6.641640519110244334, 4.351022450397921126 ) ) ;
#3197 = ORIENTED_EDGE ( 'NONE', *, *, #1776, .F. ) ;
#3198 = CARTESIAN_POINT ( 'NONE',  ( 0.000000000000000000, 6.261999999999995126, -4.835000000000001741 ) ) ;
#3199 = CARTESIAN_POINT ( 'NONE',  ( -3.069778464259474315, 9.637449973596321939, -1.600007080020990902 ) ) ;
#3200 = DIRECTION ( 'NONE',  ( -0.000000000000000000, -7.803527942889276700E-08, -0.9999999999999968914 ) ) ;
#3201 = VERTEX_POINT ( 'NONE', #3850 ) ;
#3202 = PRODUCT_DEFINITION ( 'ๆ', '', #1424, #827 ) ;
#3203 = CARTESIAN_POINT ( 'NONE',  ( -0.2399253528961480253, 10.33555349736488083, 2.803649160579228194 ) ) ;
#3204 = CARTESIAN_POINT ( 'NONE',  ( 0.9233431897870366667, 10.55275705660513985, -0.2464148695065573325 ) ) ;
#3205 = CARTESIAN_POINT ( 'NONE',  ( 1.300780495722441366, 10.44848926930914601, 0.08895394240774896766 ) ) ;
#3206 = CARTESIAN_POINT ( 'NONE',  ( 0.8434610318199470269, 9.666734255205273740, 3.417318623638395447 ) ) ;
#3207 = CARTESIAN_POINT ( 'NONE',  ( 0.7545538858996176934, 9.185005607223029500, -3.851367341493058927 ) ) ;
#3208 = SURFACE_STYLE_USAGE ( .BOTH. , #966 ) ;
#3209 = EDGE_CURVE ( 'NONE', #538, #791, #1756, .T. ) ;
#3210 = CARTESIAN_POINT ( 'NONE',  ( 0.7185188057756809465, 10.67783744747608132, 0.2668953398227228435 ) ) ;
#3211 = DIRECTION ( 'NONE',  ( 0.000000000000000000, 0.000000000000000000, -1.000000000000000000 ) ) ;
#3212 = CARTESIAN_POINT ( 'NONE',  ( 0.1748688353043452715, 9.793391696909482746, -3.302506461198277066 ) ) ;
#3213 = CARTESIAN_POINT ( 'NONE',  ( 0.01331488620695179224, 9.888879656917827887, 3.196829924274245727 ) ) ;
#3214 = ORIENTED_EDGE ( 'NONE', *, *, #472, .T. ) ;
#3215 = ORIENTED_EDGE ( 'NONE', *, *, #4084, .F. ) ;
#3216 = EDGE_CURVE ( 'NONE', #425, #3329, #2898, .T. ) ;
#3217 = CARTESIAN_POINT ( 'NONE',  ( 0.7582547666997191405, 9.205127685182317165, 3.835971436356461872 ) ) ;
#3218 = CARTESIAN_POINT ( 'NONE',  ( 2.076278242395389384, 6.550804190652980807, -4.382232733951842540 ) ) ;
#3219 = VERTEX_POINT ( 'NONE', #2584 ) ;
#3220 = DIRECTION ( 'NONE',  ( -0.000000000000000000, -7.803527942889276700E-08, -0.9999999999999968914 ) ) ;
#3221 = CARTESIAN_POINT ( 'NONE',  ( -0.08867513459481156379, 8.896055631914638440, 1.699992919978997818 ) ) ;
#3222 = CARTESIAN_POINT ( 'NONE',  ( -0.2370649932081448363, 8.996080708636160495, -1.699992919979002481 ) ) ;
#3223 = ORIENTED_EDGE ( 'NONE', *, *, #1986, .T. ) ;
#3224 = CARTESIAN_POINT ( 'NONE',  ( -0.3167645932505078754, 10.34459394918344088, 2.803647031599687534 ) ) ;
#3225 = CARTESIAN_POINT ( 'NONE',  ( 0.02871335720814582187, 9.832363523291979490, -3.260190860217633713 ) ) ;
#3226 = CARTESIAN_POINT ( 'NONE',  ( 1.369905187931867996, 10.44173453200222745, 0.08895584355305913293 ) ) ;
#3227 = DIRECTION ( 'NONE',  ( 0.000000000000000000, 0.000000000000000000, 1.000000000000000000 ) ) ;
#3228 = CARTESIAN_POINT ( 'NONE',  ( 4.549999999999999822, -6.501095278523538745, -4.383483174088926404 ) ) ;
#3229 = CARTESIAN_POINT ( 'NONE',  ( 0.5283748870780307083, 10.81690531458920645, 0.4003916345829538481 ) ) ;
#3230 = DIRECTION ( 'NONE',  ( 1.772601417597194116E-13, 3.462798379065810878E-16, 1.000000000000000000 ) ) ;
#3231 = CARTESIAN_POINT ( 'NONE',  ( 0.7962723151682704614, 10.53862178396060223, -1.248287121563468771 ) ) ;
#3232 = CARTESIAN_POINT ( 'NONE',  ( 0.1440265981029158204, 9.797965500873257128, -3.297608370893709395 ) ) ;
#3233 = CARTESIAN_POINT ( 'NONE',  ( -0.06861544861224821990, 10.07522811754872727, 2.972786908722415689 ) ) ;
#3234 = ORIENTED_EDGE ( 'NONE', *, *, #3177, .T. ) ;
#3235 = AXIS2_PLACEMENT_3D ( 'NONE', #2921, #597, #2600 ) ;
#3236 = ORIENTED_EDGE ( 'NONE', *, *, #3897, .F. ) ;
#3237 = CARTESIAN_POINT ( 'NONE',  ( 0.8112434680042390767, 9.671220104374052440, 3.421821053125765122 ) ) ;
#3238 = AXIS2_PLACEMENT_3D ( 'NONE', #886, #2439, #1465 ) ;
#3239 = CARTESIAN_POINT ( 'NONE',  ( 2.076278242395396489, 6.792236765701366252, 4.241514670168570866 ) ) ;
#3240 = ORIENTED_EDGE ( 'NONE', *, *, #2202, .F. ) ;
#3241 = VECTOR ( 'NONE', #1201, 1000.000000000000000 ) ;
#3242 = VECTOR ( 'NONE', #3723, 999.9999999999998863 ) ;
#3243 = CARTESIAN_POINT ( 'NONE',  ( 1.241019150145424632, 10.10738666928027030, -2.356399847399686109 ) ) ;
#3244 = ADVANCED_FACE ( 'NONE', ( #991 ), #3195, .T. ) ;
#3245 = CIRCLE ( 'NONE', #2705, 10.00000000000000000 ) ;
#3246 = CARTESIAN_POINT ( 'NONE',  ( 1.149999999999999911, 8.366656580767919849, 2.963721592361579393 ) ) ;
#3247 = VECTOR ( 'NONE', #3005, 1000.000000000000000 ) ;
#3248 = LINE ( 'NONE', #24, #383 ) ;
#3249 = VERTEX_POINT ( 'NONE', #3075 ) ;
#3250 =( GEOMETRIC_REPRESENTATION_CONTEXT ( 3 ) GLOBAL_UNCERTAINTY_ASSIGNED_CONTEXT ( ( #3465 ) ) GLOBAL_UNIT_ASSIGNED_CONTEXT ( ( #2520, #4124, #249 ) ) REPRESENTATION_CONTEXT ( 'NONE', 'WORKASPACE' ) );
#3251 = CARTESIAN_POINT ( 'NONE',  ( -0.3999999999999999667, 6.261999999999995126, -3.006671916513725129E-15 ) ) ;
#3252 = CARTESIAN_POINT ( 'NONE',  ( 1.694065894508600678E-18, 6.483901648240520288, -4.390000000000002345 ) ) ;
#3253 = CARTESIAN_POINT ( 'NONE',  ( 0.7936354025863702200, 9.514052339190739005, -3.576532743842311124 ) ) ;
#3254 = CARTESIAN_POINT ( 'NONE',  ( -0.05825430295560652533, 11.02336903399900159, 1.112500140035699969 ) ) ;
#3255 = CARTESIAN_POINT ( 'NONE',  ( -0.3726731653349897866, 9.495564135125004412, -1.399993391980002277 ) ) ;
#3256 = CARTESIAN_POINT ( 'NONE',  ( 1.319677856835307139, 10.40443749862784273, -0.6808564780157467800 ) ) ;
#3257 = FACE_OUTER_BOUND ( 'NONE', #1510, .T. ) ;
#3258 = CARTESIAN_POINT ( 'NONE',  ( -0.2745861659984119019, 10.65231038068721503, 2.028819265384593784 ) ) ;
#3259 = VERTEX_POINT ( 'NONE', #2236 ) ;
#3260 = ORIENTED_EDGE ( 'NONE', *, *, #671, .F. ) ;
#3261 = EDGE_CURVE ( 'NONE', #1549, #1554, #71, .T. ) ;
#3262 = CARTESIAN_POINT ( 'NONE',  ( 0.7357349558017159952, 9.250734352092203849, 3.800293613848243712 ) ) ;
#3263 = DIRECTION ( 'NONE',  ( -1.000000000000000000, -0.000000000000000000, -0.000000000000000000 ) ) ;
#3264 = ORIENTED_EDGE ( 'NONE', *, *, #293, .T. ) ;
#3265 = CARTESIAN_POINT ( 'NONE',  ( 0.4044204847754935273, 10.24303881918825887, -2.683521716683475056 ) ) ;
#3266 = LINE ( 'NONE', #959, #4116 ) ;
#3267 = CARTESIAN_POINT ( 'NONE',  ( 0.8247737801879148067, 9.915515920549719198, -3.090644966653740777 ) ) ;
#3268 = ORIENTED_EDGE ( 'NONE', *, *, #855, .T. ) ;
#3269 = CARTESIAN_POINT ( 'NONE',  ( 0.7500000000000168754, 9.674548844134267966, 3.425162096368258080 ) ) ;
#3270 = CARTESIAN_POINT ( 'NONE',  ( 0.9194491159447544248, 10.55241126555731235, 0.1207267760897530046 ) ) ;
#3271 = LINE ( 'NONE', #351, #3854 ) ;
#3272 = EDGE_CURVE ( 'NONE', #1990, #2722, #1291, .T. ) ;
#3273 = CARTESIAN_POINT ( 'NONE',  ( 0.3598483025024755699, 10.91712972509356661, 0.4894324810502289624 ) ) ;
#3274 = CARTESIAN_POINT ( 'NONE',  ( -0.3999999999999999667, -6.261999999999995126, -3.134999999999998010 ) ) ;
#3275 = CARTESIAN_POINT ( 'NONE',  ( 0.7134335022887255962, 10.66457828112850770, -0.6808752054014718391 ) ) ;
#3276 = CARTESIAN_POINT ( 'NONE',  ( 0.8113262338688189690, 9.671948018291168125, -3.421077547445828149 ) ) ;
#3277 = CARTESIAN_POINT ( 'NONE',  ( -0.3387978997749360177, 10.85724177122042100, 1.472508830913131339 ) ) ;
#3278 = ORIENTED_EDGE ( 'NONE', *, *, #2602, .F. ) ;
#3279 = CARTESIAN_POINT ( 'NONE',  ( -0.4500000000000001221, 9.495564135125004412, 1.399993391979997392 ) ) ;
#3280 = EDGE_CURVE ( 'NONE', #3754, #2665, #42, .T. ) ;
#3281 = CARTESIAN_POINT ( 'NONE',  ( -0.3882942320315170837, 9.461534848944406662, 1.559816199613878407 ) ) ;
#3282 = ORIENTED_EDGE ( 'NONE', *, *, #675, .F. ) ;
#3283 = CARTESIAN_POINT ( 'NONE',  ( 1.208567089142158268, 10.02322440443877660, -2.683498156313631089 ) ) ;
#3284 = CARTESIAN_POINT ( 'NONE',  ( 0.2000000000000000111, -6.261999999999995126, -3.635000000000000231 ) ) ;
#3285 = CARTESIAN_POINT ( 'NONE',  ( 1.729895488067852094, 9.262950371294204288, 3.761723296023679719 ) ) ;
#3286 = ORIENTED_EDGE ( 'NONE', *, *, #909, .T. ) ;
#3287 = CARTESIAN_POINT ( 'NONE',  ( 0.7499999999951312279, 9.134251941129317487, 3.889999834757719821 ) ) ;
#3288 = CARTESIAN_POINT ( 'NONE',  ( 1.149999999999994582, 10.00739622756450053, 1.735106735753862095 ) ) ;
#3289 = EDGE_CURVE ( 'NONE', #1662, #2609, #478, .T. ) ;
#3290 = CARTESIAN_POINT ( 'NONE',  ( 2.076278242395382279, 7.138187378244525760, 3.889999834757809527 ) ) ;
#3291 = CARTESIAN_POINT ( 'NONE',  ( -0.02306468509464890473, 11.07981379336649219, 0.4894206691631751149 ) ) ;
#3292 = FACE_OUTER_BOUND ( 'NONE', #134, .T. ) ;
#3293 = CARTESIAN_POINT ( 'NONE',  ( 0.2619339907344382934, 11.00837185177936739, -0.2269583432037086124 ) ) ;
#3294 = ADVANCED_FACE ( 'NONE', ( #3547, #2449 ), #277, .F. ) ;
#3295 = CARTESIAN_POINT ( 'NONE',  ( 1.149999999999982814, 10.11132639884935180, -1.243867991338594381 ) ) ;
#3296 = CARTESIAN_POINT ( 'NONE',  ( -0.3458687659719607566, 11.04798927128614849, 0.5979840777972200705 ) ) ;
#3297 = CARTESIAN_POINT ( 'NONE',  ( 0.1567677118926855961, 9.842731561953193875, 3.247048306273057516 ) ) ;
#3298 = ORIENTED_EDGE ( 'NONE', *, *, #890, .F. ) ;
#3299 = CARTESIAN_POINT ( 'NONE',  ( 1.248434197068839735, 9.181184794154937379, 3.848024483458991174 ) ) ;
#3300 = CARTESIAN_POINT ( 'NONE',  ( 1.149999999999999911, 6.261999999999995126, -3.635000000000002007 ) ) ;
#3301 = ORIENTED_EDGE ( 'NONE', *, *, #1029, .T. ) ;
#3302 = CIRCLE ( 'NONE', #3580, 3.635000000000000231 ) ;
#3303 = CARTESIAN_POINT ( 'NONE',  ( 0.3280297389829882615, 10.04495945369917287, -3.010620025597418259 ) ) ;
#3304 = CARTESIAN_POINT ( 'NONE',  ( 0.3285436321480931787, 9.767813225139450495, -3.329683988784593929 ) ) ;
#3305 = CARTESIAN_POINT ( 'NONE',  ( 0.000000000000000000, 6.261999999999996014, 1.599999999999998312 ) ) ;
#3306 = VECTOR ( 'NONE', #3220, 1000.000000000000227 ) ;
#3307 = VECTOR ( 'NONE', #2852, 1000.000000000000114 ) ;
#3308 = ORIENTED_EDGE ( 'NONE', *, *, #491, .T. ) ;
#3309 = EDGE_CURVE ( 'NONE', #1272, #1203, #3741, .T. ) ;
#3310 = DIRECTION ( 'NONE',  ( -0.000000000000000000, -1.000000000000000000, 2.770238703252648603E-16 ) ) ;
#3311 = AXIS2_PLACEMENT_3D ( 'NONE', #4140, #1244, #2534 ) ;
#3312 = CIRCLE ( 'NONE', #2764, 3.500000000000000000 ) ;
#3313 = AXIS2_PLACEMENT_3D ( 'NONE', #1342, #2905, #4196 ) ;
#3314 = CARTESIAN_POINT ( 'NONE',  ( 0.07327367371533030638, 10.96522989023657146, 1.112504220423767176 ) ) ;
#3315 = EDGE_CURVE ( 'NONE', #2731, #3998, #2773, .T. ) ;
#3316 = CARTESIAN_POINT ( 'NONE',  ( 0.7500000000000000000, 6.261999999999995126, -3.006671916513725129E-15 ) ) ;
#3317 = CARTESIAN_POINT ( 'NONE',  ( 1.246507693564487207, 10.44715347479736067, -0.3404096064289398038 ) ) ;
#3318 = CARTESIAN_POINT ( 'NONE',  ( 0.7500000000016953106, 9.675286536591501729, -3.424426962153400478 ) ) ;
#3319 = CARTESIAN_POINT ( 'NONE',  ( -0.3290469762860808722, 11.08408599175150755, 0.1486521499760886655 ) ) ;
#3320 = CARTESIAN_POINT ( 'NONE',  ( 0.007484947927095195359, 9.853922251289072065, -3.236407355490701576 ) ) ;
#3321 = CARTESIAN_POINT ( 'NONE',  ( 0.2667443461849793307, 9.778779611237441216, -3.318085476517366850 ) ) ;
#3322 = ADVANCED_FACE ( 'NONE', ( #4071 ), #1456, .T. ) ;
#3323 = DIRECTION ( 'NONE',  ( 1.000000000000000000, 0.000000000000000000, 0.000000000000000000 ) ) ;
#3324 = CARTESIAN_POINT ( 'NONE',  ( 2.076278242394820062, 4.237426279435009491, -3.889999834756393771 ) ) ;
#3325 = ORIENTED_EDGE ( 'NONE', *, *, #113, .T. ) ;
#3326 = CARTESIAN_POINT ( 'NONE',  ( 1.030824616113074077, 10.07361101763957834, -2.683503382325543640 ) ) ;
#3327 = CARTESIAN_POINT ( 'NONE',  ( 0.7388665597977077670, 9.225517988136855863, -3.820151338457800971 ) ) ;
#3328 = CARTESIAN_POINT ( 'NONE',  ( 2.076278242394820062, 6.578085045564095346, -4.211763295666171913 ) ) ;
#3329 = VERTEX_POINT ( 'NONE', #1370 ) ;
#3330 = CARTESIAN_POINT ( 'NONE',  ( 0.7796649127207776475, 9.918949580495549867, 3.090775147388115318 ) ) ;
#3331 =( BOUNDED_SURFACE ( )  B_SPLINE_SURFACE ( 3, 2, ( 
 ( #77, #1400, #1483 ),
 ( #1251, #505, #1572 ),
 ( #2858, #3828, #2205 ),
 ( #836, #2498, #1547 ) ),
 .UNSPECIFIED., .F., .F., .F. ) 
 B_SPLINE_SURFACE_WITH_KNOTS ( ( 4, 4 ),
 ( 3, 3 ),
 ( -3.721523957056493970E-16, 0.0009264897270126702927 ),
 ( 0.000000000000000000, 0.2878647097737739857 ),
 .UNSPECIFIED. ) 
 GEOMETRIC_REPRESENTATION_ITEM ( )  RATIONAL_B_SPLINE_SURFACE ( (
 ( 1.000000000000000000, 0.9964753860744978153, 0.9949799960784542208),
 ( 1.000000000000000000, 0.9960359046642685010, 0.9943540556352088444),
 ( 1.000000000000000000, 0.9955074946668012181, 0.9936014568213993314),
 ( 1.000000000000000000, 0.9948907361333745314, 0.9927230257869965602) ) ) 
 REPRESENTATION_ITEM ( '' )  SURFACE ( )  );
#3332 = ORIENTED_EDGE ( 'NONE', *, *, #1769, .F. ) ;
#3333 = CARTESIAN_POINT ( 'NONE',  ( -0.06113025540309537792, 11.02459772898304990, 1.112500051250193023 ) ) ;
#3334 = CARTESIAN_POINT ( 'NONE',  ( -0.3726731653349900086, 9.495564135125004412, 1.399993391979997392 ) ) ;
#3335 = CARTESIAN_POINT ( 'NONE',  ( -0.04343300173948577703, 11.07033873163853244, -0.6808994135514601087 ) ) ;
#3336 = CARTESIAN_POINT ( 'NONE',  ( 0.8673674502472615844, 9.903845263842280033, -3.084546671021263453 ) ) ;
#3337 = CARTESIAN_POINT ( 'NONE',  ( 0.5240516167604627462, 10.82088542756150673, 0.3920229786573867226 ) ) ;
#3338 = CARTESIAN_POINT ( 'NONE',  ( 1.927266158131816454, 9.294822684542117130, 3.723801681765813054 ) ) ;
#3339 = FACE_OUTER_BOUND ( 'NONE', #3544, .T. ) ;
#3340 = LINE ( 'NONE', #1098, #1699 ) ;
#3341 = CARTESIAN_POINT ( 'NONE',  ( -1.883181166592885925, 8.927868281402858486, 1.599999999999997646 ) ) ;
#3342 = ADVANCED_FACE ( 'NONE', ( #2341 ), #3649, .T. ) ;
#3343 = VERTEX_POINT ( 'NONE', #2971 ) ;
#3344 = CARTESIAN_POINT ( 'NONE',  ( -0.09078973664410493194, 10.53959903662631881, -2.356439564334480874 ) ) ;
#3345 = CARTESIAN_POINT ( 'NONE',  ( 0.7372773059121018324, 9.238089567116643863, -3.810308132097406819 ) ) ;
#3346 = CARTESIAN_POINT ( 'NONE',  ( 4.549999999999999822, 2.237426279435001941, 3.809583918520132784 ) ) ;
#3347 = ORIENTED_EDGE ( 'NONE', *, *, #675, .T. ) ;
#3348 = LINE ( 'NONE', #1767, #1417 ) ;
#3349 = VERTEX_POINT ( 'NONE', #3285 ) ;
#3350 = CARTESIAN_POINT ( 'NONE',  ( 1.219491576924866205, 10.14492365883378078, 2.269656301182423341 ) ) ;
#3351 = DIRECTION ( 'NONE',  ( 0.8191520442889890230, 0.5735764363510502672, -1.344284772916069216E-14 ) ) ;
#3352 = CARTESIAN_POINT ( 'NONE',  ( 1.000595082785269652, 10.51459517788992493, -0.2269337177956808893 ) ) ;
#3353 = PLANE ( 'NONE',  #43 ) ;
#3354 = CARTESIAN_POINT ( 'NONE',  ( -0.3347618878835621481, 11.07123248972428620, -0.3768565420716916692 ) ) ;
#3355 = CARTESIAN_POINT ( 'NONE',  ( 1.602070239133422724, 9.513883124031783822, 3.341259677429775810 ) ) ;
#3356 = ORIENTED_EDGE ( 'NONE', *, *, #648, .F. ) ;
#3357 = CARTESIAN_POINT ( 'NONE',  ( 1.184252772625540638E-05, 9.837145025158596567, 3.255116378246253106 ) ) ;
#3358 = CARTESIAN_POINT ( 'NONE',  ( 0.7500000000000000000, 6.261999999999995126, -3.006671916513725129E-15 ) ) ;
#3359 = VERTEX_POINT ( 'NONE', #1028 ) ;
#3360 = DIRECTION ( 'NONE',  ( -0.000000000000000000, -1.000000000000000000, -0.000000000000000000 ) ) ;
#3361 = EDGE_CURVE ( 'NONE', #3560, #3714, #4102, .T. ) ;
#3362 = CARTESIAN_POINT ( 'NONE',  ( 0.1822103818150037635, 10.45635426619561592, -2.356431477693467169 ) ) ;
#3363 = CARTESIAN_POINT ( 'NONE',  ( 0.7564886978488766234, 9.193059175834441987, -3.845231091495040054 ) ) ;
#3364 = DIRECTION ( 'NONE',  ( 0.000000000000000000, 0.000000000000000000, 1.000000000000000000 ) ) ;
#3365 = EDGE_LOOP ( 'NONE', ( #4147, #1739, #1339, #1710 ) ) ;
#3366 = CIRCLE ( 'NONE', #302, 3.263927848467241599 ) ;
#3367 = EDGE_CURVE ( 'NONE', #2560, #1152, #3503, .T. ) ;
#3368 = PLANE ( 'NONE',  #305 ) ;
#3369 = AXIS2_PLACEMENT_3D ( 'NONE', #3059, #133, #1132 ) ;
#3370 = CIRCLE ( 'NONE', #2695, 3.612924715517886298 ) ;
#3371 = ORIENTED_EDGE ( 'NONE', *, *, #3130, .F. ) ;
#3372 = AXIS2_PLACEMENT_3D ( 'NONE', #3346, #2459, #122 ) ;
#3374 = AXIS2_PLACEMENT_3D ( 'NONE', #2724, #3021, #92 ) ;
#3373 = CARTESIAN_POINT ( 'NONE',  ( 0.7678127670504208968, 10.12447358190125257, 2.803678027681646867 ) ) ;
#3375 = CARTESIAN_POINT ( 'NONE',  ( -0.3431995187920645063, 10.86351022635092178, 1.474667193827357448 ) ) ;
#3376 = CARTESIAN_POINT ( 'NONE',  ( 1.182100858140452626, 10.46600945870489063, -0.2269284104508497990 ) ) ;
#3377 = CARTESIAN_POINT ( 'NONE',  ( 0.6069700608519640328, 9.134536889203639376, 3.889188721088479461 ) ) ;
#3378 = CARTESIAN_POINT ( 'NONE',  ( -0.3522782952531112177, 11.02653160028416757, 0.7470221536388595984 ) ) ;
#3379 = B_SPLINE_CURVE_WITH_KNOTS ( 'NONE', 3,
 ( #2153, #2757, #3377, #1130, #1793, #808, #496, #1813 ),
 .UNSPECIFIED., .F., .F.,
 ( 4, 2, 2, 4 ),
 ( 0.000000000000000000, 0.0001168316136301861263, 0.0001752474204452792979, 0.0002336632272603724695 ),
 .UNSPECIFIED. ) ;
#3380 = CARTESIAN_POINT ( 'NONE',  ( 1.370201488904115417, 9.458082023189243515, 3.509212985386542805 ) ) ;
#3381 = ORIENTED_EDGE ( 'NONE', *, *, #2345, .F. ) ;
#3382 = CARTESIAN_POINT ( 'NONE',  ( 0.7184958395508547202, 10.67776736585344644, 0.1333925838924064078 ) ) ;
#3383 = DIRECTION ( 'NONE',  ( 0.4999999999999979461, 0.000000000000000000, 0.8660254037844397068 ) ) ;
#3384 =( BOUNDED_SURFACE ( )  B_SPLINE_SURFACE ( 3, 2, ( 
 ( #2297, #4175, #3881 ),
 ( #676, #2950, #3861 ),
 ( #23, #1345, #737 ),
 ( #99, #2357, #143 ),
 ( #2686, #423, #1102 ),
 ( #1447, #4024, #3981 ),
 ( #2109, #3962, #1741 ),
 ( #444, #1063, #2397 ),
 ( #3363, #3648, #2729 ),
 ( #774, #1085, #1725 ),
 ( #1427, #2046, #2379 ),
 ( #1467, #1708, #2711 ),
 ( #3049, #3009, #2992 ),
 ( #3025, #1764, #63 ),
 ( #3669, #80, #2064 ),
 ( #3327, #1388, #405 ),
 ( #3345, #2084, #1403 ),
 ( #4003, #757, #3686 ) ),
 .UNSPECIFIED., .F., .F., .F. ) 
 B_SPLINE_SURFACE_WITH_KNOTS ( ( 4, 2, 2, 2, 2, 2, 2, 2, 4 ),
 ( 3, 3 ),
 ( 0.04838024805414217061, 0.04943861811028425757, 0.04970321062431978104, 0.04996780313835530452, 0.05010009939537306278, 0.05016624752388194192, 0.05023239565239082105, 0.05036469190940857932, 0.05049698816642634452 ),
 ( 0.000000000000000000, 1.000000000000000000 ),
 .UNSPECIFIED. ) 
 GEOMETRIC_REPRESENTATION_ITEM ( )  RATIONAL_B_SPLINE_SURFACE ( (
 ( 1.000000000000000000, 0.9960715387763250384, 1.000000000000000000),
 ( 1.000000000000000000, 0.9974716457304311223, 1.000000000000000000),
 ( 1.000000000000000000, 0.9985026293815392195, 1.000000000000000000),
 ( 1.000000000000000000, 0.9993288135628408675, 1.000000000000000000),
 ( 1.000000000000000000, 0.9994708363856950051, 1.000000000000000000),
 ( 1.000000000000000000, 0.9997080382727303594, 1.000000000000000000),
 ( 1.000000000000000000, 0.9998035200318060589, 1.000000000000000000),
 ( 1.000000000000000000, 0.9999093855177749735, 1.000000000000000000),
 ( 1.000000000000000000, 0.9999389525081643360, 1.000000000000000000),
 ( 1.000000000000000000, 0.9999685414942067752, 1.000000000000000000),
 ( 1.000000000000000000, 0.9999757454271429591, 1.000000000000000000),
 ( 1.000000000000000000, 0.9999783384789875385, 1.000000000000000000),
 ( 1.000000000000000000, 0.9999732034000571312, 1.000000000000000000),
 ( 1.000000000000000000, 0.9999474518326946226, 1.000000000000000000),
 ( 1.000000000000000000, 0.9999192943788780541, 1.000000000000000000),
 ( 1.000000000000000000, 0.9998521404813475177, 1.000000000000000000),
 ( 1.000000000000000000, 0.9998123478737175329, 1.000000000000000000),
 ( 1.000000000000000000, 0.9997667657037803135, 1.000000000000000000) ) ) 
 REPRESENTATION_ITEM ( '' )  SURFACE ( )  );
#3385 = B_SPLINE_SURFACE_WITH_KNOTS ( 'NONE', 3, 1, ( 
 ( #29, #965 ),
 ( #635, #1351 ),
 ( #2640, #2553 ),
 ( #2263, #3843 ),
 ( #943, #699 ),
 ( #1033, #50 ),
 ( #1374, #369 ) ),
 .UNSPECIFIED., .F., .F., .F.,
 ( 4, 1, 1, 1, 4 ),
 ( 2, 2 ),
 ( 0.000000000000000000, 0.2500000000000000000, 0.5000000000000000000, 0.7500000000000000000, 1.000000000000000000 ),
 ( 0.000000000000000000, 1.000000000000000000 ),
 .UNSPECIFIED. ) ;
#3386 = LINE ( 'NONE', #3324, #452 ) ;
#3387 = ORIENTED_EDGE ( 'NONE', *, *, #3289, .T. ) ;
#3388 = CARTESIAN_POINT ( 'NONE',  ( 0.6762829829921446212, 9.134251941129248209, 3.889999834757732700 ) ) ;
#3389 = CARTESIAN_POINT ( 'NONE',  ( -0.2329385777298899340, 10.57888712286472988, -2.356443733508055693 ) ) ;
#3390 = FACE_OUTER_BOUND ( 'NONE', #3458, .T. ) ;
#3391 = CARTESIAN_POINT ( 'NONE',  ( -0.4500000000000001221, 9.495564135125004412, -1.399993391980002277 ) ) ;
#3392 = VERTEX_POINT ( 'NONE', #738 ) ;
#3393 = EDGE_CURVE ( 'NONE', #3652, #434, #3248, .T. ) ;
#3394 = CARTESIAN_POINT ( 'NONE',  ( 1.396699855685578084, 9.756172420576337601, -3.070530820878667022 ) ) ;
#3395 = ORIENTED_EDGE ( 'NONE', *, *, #4174, .T. ) ;
#3396 = EDGE_CURVE ( 'NONE', #2352, #2811, #2434, .T. ) ;
#3397 = CARTESIAN_POINT ( 'NONE',  ( 1.188656743132387561, 10.15796511728187923, 2.269655350609768529 ) ) ;
#3398 = CARTESIAN_POINT ( 'NONE',  ( -0.1976158311963973069, 10.44347485563457134, -2.424002785835158047 ) ) ;
#3399 = CARTESIAN_POINT ( 'NONE',  ( 0.04863546536717133772, 11.08344798671566878, -0.2269647639967525832 ) ) ;
#3400 = LINE ( 'NONE', #4070, #3041 ) ;
#3401 = CARTESIAN_POINT ( 'NONE',  ( 0.01484327684089770290, 9.899575211843522737, -3.184480616718149637 ) ) ;
#3402 = CARTESIAN_POINT ( 'NONE',  ( 0.01083911210875887488, 9.842318341826729267, 3.249298972735557012 ) ) ;
#3403 = EDGE_CURVE ( 'NONE', #2651, #3631, #975, .T. ) ;
#3404 = EDGE_LOOP ( 'NONE', ( #1736, #2973, #294, #606, #3006, #1089, #1743, #972, #3517 ) ) ;
#3405 = DIRECTION ( 'NONE',  ( 0.000000000000000000, 0.000000000000000000, -1.000000000000000000 ) ) ;
#3406 = CARTESIAN_POINT ( 'NONE',  ( 0.02415774976999614590, 9.825184898032121694, -3.268210589006832034 ) ) ;
#3407 = CARTESIAN_POINT ( 'NONE',  ( 0.2910195783708418027, 9.862006536333030482, 3.220786281205751056 ) ) ;
#3408 = ORIENTED_EDGE ( 'NONE', *, *, #1195, .T. ) ;
#3409 = ORIENTED_EDGE ( 'NONE', *, *, #3627, .T. ) ;
#3410 = FACE_OUTER_BOUND ( 'NONE', #1985, .T. ) ;
#3411 = CARTESIAN_POINT ( 'NONE',  ( 0.6994219430521585457, 10.28743636184777088, -2.356416042606574557 ) ) ;
#3412 = CARTESIAN_POINT ( 'NONE',  ( 0.2000000000000000111, 6.261999999999994237, 3.634999999999996234 ) ) ;
#3413 = ORIENTED_EDGE ( 'NONE', *, *, #2655, .F. ) ;
#3414 = CARTESIAN_POINT ( 'NONE',  ( 1.171409190219931284, 9.933187084062065964, -2.775488897050356396 ) ) ;
#3415 = ORIENTED_EDGE ( 'NONE', *, *, #3315, .T. ) ;
#3416 = CARTESIAN_POINT ( 'NONE',  ( 0.3541215946516753088, 10.49000802356067652, 2.269629837520830140 ) ) ;
#3417 = CARTESIAN_POINT ( 'NONE',  ( -0.3460035879133847581, 11.04952619685126969, -0.5995100622441279503 ) ) ;
#3418 = CYLINDRICAL_SURFACE ( 'NONE', #453, 4.389999007942140707 ) ;
#3419 = CARTESIAN_POINT ( 'NONE',  ( 0.05135996120664351738, 10.03594807080926188, -3.017983682599709727 ) ) ;
#3420 = CARTESIAN_POINT ( 'NONE',  ( 0.4826075957332601196, 10.83725817926174173, 0.4945275739521660108 ) ) ;
#3421 = CARTESIAN_POINT ( 'NONE',  ( 1.149999999999999911, 9.608469518702943191, -2.930203289866325278 ) ) ;
#3422 = CARTESIAN_POINT ( 'NONE',  ( 1.000602906812027237, 10.51464390712494357, 0.1334017284940443304 ) ) ;
#3423 = CARTESIAN_POINT ( 'NONE',  ( 0.9898907441166144849, 9.136462666410736233, 3.887492650340540923 ) ) ;
#3424 = EDGE_CURVE ( 'NONE', #1080, #1636, #324, .T. ) ;
#3425 = CARTESIAN_POINT ( 'NONE',  ( 0.8732626300691295196, 9.967563623863290090, 2.957687804472321602 ) ) ;
#3426 = SHAPE_DEFINITION_REPRESENTATION ( #3689, #4208 ) ;
#3427 = ORIENTED_EDGE ( 'NONE', *, *, #3309, .F. ) ;
#3428 = ORIENTED_EDGE ( 'NONE', *, *, #1324, .F. ) ;
#3429 = CARTESIAN_POINT ( 'NONE',  ( 0.8529344456134331232, 9.844422583659104831, 3.207836147719482334 ) ) ;
#3430 = CARTESIAN_POINT ( 'NONE',  ( 0.6064923232228616179, 10.51475331842131133, -1.802356368489355987 ) ) ;
#3431 = LINE ( 'NONE', #2209, #1495 ) ;
#3432 = EDGE_LOOP ( 'NONE', ( #3462, #3814, #4218 ) ) ;
#3433 = B_SPLINE_CURVE_WITH_KNOTS ( 'NONE', 3,
 ( #919, #1309, #3509, #4181, #1625, #3597, #1290 ),
 .UNSPECIFIED., .F., .F.,
 ( 4, 1, 1, 1, 4 ),
 ( 0.000000000000000000, 0.2500000000000000000, 0.5000000000000000000, 0.7500000000000000000, 1.000000000000000000 ),
 .UNSPECIFIED. ) ;
#3434 = CARTESIAN_POINT ( 'NONE',  ( 0.7500000000000000000, 9.565103121087362936, 2.906621200600219446 ) ) ;
#3435 = CARTESIAN_POINT ( 'NONE',  ( 0.8866876263928255009, 10.29740615107804480, -2.101299994371292001 ) ) ;
#3436 = ORIENTED_EDGE ( 'NONE', *, *, #2402, .T. ) ;
#3437 = EDGE_CURVE ( 'NONE', #2731, #2132, #3630, .T. ) ;
#3438 = CARTESIAN_POINT ( 'NONE',  ( -0.05548190856473483867, 10.63150462518087025, 2.269617534820282501 ) ) ;
#3439 = CARTESIAN_POINT ( 'NONE',  ( -0.3573811766632685183, 10.97274419104212129, -1.039506569865226604 ) ) ;
#3440 = VECTOR ( 'NONE', #1076, 1000.000000000000000 ) ;
#3441 = CARTESIAN_POINT ( 'NONE',  ( -0.4739095512815081346, 5.930164959763098764, 4.770509352443304571E-15 ) ) ;
#3442 = CARTESIAN_POINT ( 'NONE',  ( -0.01539868969587453694, 9.858806127462869995, -3.231149883975123593 ) ) ;
#3443 = CARTESIAN_POINT ( 'NONE',  ( 0.05005520571986885742, 10.03097481679133907, 3.024195751228653695 ) ) ;
#3444 = VECTOR ( 'NONE', #2477, 1000.000000000000227 ) ;
#3445 = FACE_OUTER_BOUND ( 'NONE', #2559, .T. ) ;
#3446 = CARTESIAN_POINT ( 'NONE',  ( 0.6085613451425555542, 10.77252100980025062, 0.08893228318321622083 ) ) ;
#3447 = CARTESIAN_POINT ( 'NONE',  ( -0.3999999999999999667, -6.261999999999995126, 0.000000000000000000 ) ) ;
#3448 = AXIS2_PLACEMENT_3D ( 'NONE', #1575, #927, #2227 ) ;
#3449 = CARTESIAN_POINT ( 'NONE',  ( 1.150000000000006350, -8.256613355653707131, -3.799528035056963127 ) ) ;
#3450 = ORIENTED_EDGE ( 'NONE', *, *, #1210, .T. ) ;
#3451 = VERTEX_POINT ( 'NONE', #2912 ) ;
#3452 = ADVANCED_FACE ( 'NONE', ( #4201 ), #3612, .T. ) ;
#3453 = AXIS2_PLACEMENT_3D ( 'NONE', #2524, #2544, #3831 ) ;
#3454 = LINE ( 'NONE', #531, #2691 ) ;
#3455 = B_SPLINE_CURVE_WITH_KNOTS ( 'NONE', 3,
 ( #399, #3642, #2374, #3357 ),
 .UNSPECIFIED., .F., .F.,
 ( 4, 4 ),
 ( 0.1024436644849277683, 0.1050037312585583582 ),
 .UNSPECIFIED. ) ;
#3456 = CARTESIAN_POINT ( 'NONE',  ( 0.5183451939266150443, 10.79081659755441081, -0.6808816665715572425 ) ) ;
#3457 = DIRECTION ( 'NONE',  ( 0.000000000000000000, 0.000000000000000000, 1.000000000000000000 ) ) ;
#3458 = EDGE_LOOP ( 'NONE', ( #2001, #2925, #378, #551 ) ) ;
#3459 = EDGE_CURVE ( 'NONE', #611, #3480, #2670, .T. ) ;
#3460 = CARTESIAN_POINT ( 'NONE',  ( -0.5432818155017109518, 9.748147017066818520, -3.337738393893364020 ) ) ;
#3461 = CARTESIAN_POINT ( 'NONE',  ( 2.076278242394817841, 9.133432793153135165, -3.889999834756391994 ) ) ;
#3462 = ORIENTED_EDGE ( 'NONE', *, *, #1006, .F. ) ;
#3463 = DIRECTION ( 'NONE',  ( 0.000000000000000000, 0.000000000000000000, -1.000000000000000000 ) ) ;
#3464 = CARTESIAN_POINT ( 'NONE',  ( 0.3452220791804725963, 9.869053457617425806, -3.209697755091706739 ) ) ;
#3465 = UNCERTAINTY_MEASURE_WITH_UNIT (LENGTH_MEASURE( 1.000000000000000082E-05 ), #2520, 'distance_accuracy_value', 'NONE');
#3466 = CARTESIAN_POINT ( 'NONE',  ( 2.076278242394820062, 4.237426279435003273, 4.239999999602307668 ) ) ;
#3467 = CARTESIAN_POINT ( 'NONE',  ( 0.1290271801694701514, 10.27917222628837557, -2.657702084110682428 ) ) ;
#3468 = CARTESIAN_POINT ( 'NONE',  ( 4.549999999999999822, -6.261999999999994237, 3.635000000000001563 ) ) ;
#3469 = CARTESIAN_POINT ( 'NONE',  ( 0.8204796180510662840, 10.60149162362926667, 0.1333960666438993581 ) ) ;
#3470 = CYLINDRICAL_SURFACE ( 'NONE', #166, 10.00000000000000000 ) ;
#3471 = FACE_OUTER_BOUND ( 'NONE', #1173, .T. ) ;
#3472 = DIRECTION ( 'NONE',  ( -1.000000000000000000, -0.000000000000000000, -0.000000000000000000 ) ) ;
#3473 = CARTESIAN_POINT ( 'NONE',  ( 0.000000000000000000, 0.000000000000000000, 0.000000000000000000 ) ) ;
#3474 = EDGE_LOOP ( 'NONE', ( #2680, #2114, #270, #2293, #208 ) ) ;
#3475 = ORIENTED_EDGE ( 'NONE', *, *, #3922, .T. ) ;
#3476 = LINE ( 'NONE', #1185, #3444 ) ;
#3477 = CARTESIAN_POINT ( 'NONE',  ( -0.05981913221730259661, 11.01914355532981382, -1.021348572071833383 ) ) ;
#3478 = EDGE_CURVE ( 'NONE', #905, #2775, #1081, .T. ) ;
#3479 = DIRECTION ( 'NONE',  ( 0.000000000000000000, 0.000000000000000000, 1.000000000000000000 ) ) ;
#3480 = VERTEX_POINT ( 'NONE', #1966 ) ;
#3481 = CARTESIAN_POINT ( 'NONE',  ( 2.234538168955097162E-14, 6.262000000000000455, 1.599992919978978190 ) ) ;
#3482 = ADVANCED_FACE ( 'NONE', ( #2592 ), #727, .T. ) ;
#3483 = DIRECTION ( 'NONE',  ( 0.000000000000000000, 0.000000000000000000, 1.000000000000000000 ) ) ;
#3484 = ORIENTED_EDGE ( 'NONE', *, *, #1646, .F. ) ;
#3485 = CARTESIAN_POINT ( 'NONE',  ( 1.409721687707208515, 9.209540238274916746, -3.821451940806196212 ) ) ;
#3486 = CARTESIAN_POINT ( 'NONE',  ( 1.694065894508600678E-18, 6.641578978638022157, -4.351019935347000711 ) ) ;
#3487 = DIRECTION ( 'NONE',  ( 0.000000000000000000, 1.433655766212495464E-15, -1.000000000000000000 ) ) ;
#3488 = CARTESIAN_POINT ( 'NONE',  ( 0.1009574247369997013, 10.20135519450731998, 2.786107782730462556 ) ) ;
#3489 = CARTESIAN_POINT ( 'NONE',  ( 1.909872154965565505, 9.293440659701445838, -3.723593747327135439 ) ) ;
#3490 = CARTESIAN_POINT ( 'NONE',  ( -0.03120285620809565980, 11.10211134793411070, 0.1333683757424181937 ) ) ;
#3491 = CARTESIAN_POINT ( 'NONE',  ( 0.000000000000000000, -8.429683033192237218, 3.696265042933322142 ) ) ;
#3492 = LINE ( 'NONE', #1606, #2098 ) ;
#3493 = LINE ( 'NONE', #3726, #3169 ) ;
#3494 = CARTESIAN_POINT ( 'NONE',  ( 1.149999999999999911, 9.564931188861827138, -2.907453104219405837 ) ) ;
#3495 = ORIENTED_EDGE ( 'NONE', *, *, #870, .F. ) ;
#3496 = EDGE_CURVE ( 'NONE', #1065, #4008, #1665, .T. ) ;
#3497 = CARTESIAN_POINT ( 'NONE',  ( 0.8112434680042397428, 9.671220104374052440, 3.421821053125769563 ) ) ;
#3498 = CARTESIAN_POINT ( 'NONE',  ( 0.9868008214533874334, 10.47876894543432869, -1.021315308105715358 ) ) ;
#3499 = DIRECTION ( 'NONE',  ( -1.000000000000000000, -0.000000000000000000, -0.000000000000000000 ) ) ;
#3500 = ORIENTED_EDGE ( 'NONE', *, *, #1484, .F. ) ;
#3501 = CARTESIAN_POINT ( 'NONE',  ( 2.549999999999991385, 4.237426941174173400, 4.239999999999976232 ) ) ;
#3502 = CARTESIAN_POINT ( 'NONE',  ( 0.9239910581270668333, 10.55262679538583726, 0.2666191771818767209 ) ) ;
#3503 = B_SPLINE_CURVE_WITH_KNOTS ( 'NONE', 3,
 ( #2654, #3963, #712, #1617 ),
 .UNSPECIFIED., .F., .F.,
 ( 4, 4 ),
 ( 4.848699518061080308E-19, 0.0007610825136028855379 ),
 .UNSPECIFIED. ) ;
#3504 = ORIENTED_EDGE ( 'NONE', *, *, #1043, .T. ) ;
#3505 = EDGE_CURVE ( 'NONE', #3201, #2507, #775, .T. ) ;
#3506 = CARTESIAN_POINT ( 'NONE',  ( 0.3963473281370366585, 10.22254119796917138, 2.803667179767198370 ) ) ;
#3507 = CARTESIAN_POINT ( 'NONE',  ( 1.150000000000005462, 9.894192473938348442, -3.079502776064104719 ) ) ;
#3508 = CARTESIAN_POINT ( 'NONE',  ( 0.7973863393168310054, 9.674548844134269743, 3.425162096368257636 ) ) ;
#3509 = CARTESIAN_POINT ( 'NONE',  ( 2.076278242395389384, 6.550838079936350589, 4.382242293238809872 ) ) ;
#3510 = CARTESIAN_POINT ( 'NONE',  ( 0.1540390122093357739, 9.495564135125002636, 1.479955620156764962 ) ) ;
#3511 = AXIS2_PLACEMENT_3D ( 'NONE', #1704, #3323, #3939 ) ;
#3512 = CARTESIAN_POINT ( 'NONE',  ( 0.4336195104569798286, 10.90216671531160664, 0.2668854955170896770 ) ) ;
#3513 = CARTESIAN_POINT ( 'NONE',  ( 6.938893903907228378E-15, 6.450940218077473531, -4.390000000000003233 ) ) ;
#3514 = DIRECTION ( 'NONE',  ( 0.000000000000000000, 0.000000000000000000, -1.000000000000000000 ) ) ;
#3515 = CIRCLE ( 'NONE', #1691, 4.818425572736389384 ) ;
#3516 = CARTESIAN_POINT ( 'NONE',  ( -0.02209406477293537549, 9.884924350107681335, 3.201797891259099416 ) ) ;
#3517 = ORIENTED_EDGE ( 'NONE', *, *, #3261, .T. ) ;
#3518 = ORIENTED_EDGE ( 'NONE', *, *, #1277, .T. ) ;
#3520 = CARTESIAN_POINT ( 'NONE',  ( 0.5217592928274557007, 9.134571508860881650, 3.889059914544210628 ) ) ;
#3519 = VECTOR ( 'NONE', #797, 1000.000000000000000 ) ;
#3521 = CIRCLE ( 'NONE', #3988, 3.635000000000000231 ) ;
#3522 = DIRECTION ( 'NONE',  ( -1.000000000000000000, -0.000000000000000000, -0.000000000000000000 ) ) ;
#3523 = ORIENTED_EDGE ( 'NONE', *, *, #1029, .F. ) ;
#3524 =( BOUNDED_CURVE ( )  B_SPLINE_CURVE ( 3, ( #3461, #2528, #256, #3092 ),
 .UNSPECIFIED., .F., .T. ) 
 B_SPLINE_CURVE_WITH_KNOTS ( ( 4, 4 ),
 ( 3.830905071288277952, 4.062274651788927216 ),
 .UNSPECIFIED. ) 
 CURVE ( )  GEOMETRIC_REPRESENTATION_ITEM ( )  RATIONAL_B_SPLINE_CURVE ( ( 1.000000000000000000, 0.9955439826578473816, 0.9955439826578473816, 1.000000000000000000 ) ) 
 REPRESENTATION_ITEM ( '' )  );
#3525 = CARTESIAN_POINT ( 'NONE',  ( 0.9236585688221630175, 10.55268197042314426, -0.2607523916031589395 ) ) ;
#3526 = ADVANCED_FACE ( 'NONE', ( #3089 ), #1785, .F. ) ;
#3527 = CARTESIAN_POINT ( 'NONE',  ( 2.763879395796304636E-05, 9.821544269566148344, 3.272213275564944457 ) ) ;
#3528 = VERTEX_POINT ( 'NONE', #1468 ) ;
#3529 = CARTESIAN_POINT ( 'NONE',  ( 0.9391126991450993167, 9.789887724067272146, 3.337719477080857811 ) ) ;
#3530 = CARTESIAN_POINT ( 'NONE',  ( -2.249642793142640596, 9.752429044471584874, -1.600000000000002975 ) ) ;
#3531 = EDGE_CURVE ( 'NONE', #3714, #1256, #2730, .T. ) ;
#3532 = FACE_OUTER_BOUND ( 'NONE', #1240, .T. ) ;
#3533 = DIRECTION ( 'NONE',  ( 1.000000000000000000, 0.000000000000000000, 0.000000000000000000 ) ) ;
#3534 =( LENGTH_UNIT ( ) NAMED_UNIT ( * ) SI_UNIT ( .MILLI., .METRE. ) );
#3535 = CARTESIAN_POINT ( 'NONE',  ( 1.195382945616488612, 10.45407181785504669, 0.4004130222732716349 ) ) ;
#3536 = LINE ( 'NONE', #2876, #3161 ) ;
#3537 = EDGE_CURVE ( 'NONE', #805, #709, #3067, .T. ) ;
#3538 = CARTESIAN_POINT ( 'NONE',  ( 0.08948890327050461335, 9.834240363666522100, -3.257586871668983086 ) ) ;
#3539 = CARTESIAN_POINT ( 'NONE',  ( 0.06562349165624725700, 10.08503144737424506, 2.952211663637216432 ) ) ;
#3540 = ORIENTED_EDGE ( 'NONE', *, *, #3916, .T. ) ;
#3541 = ORIENTED_EDGE ( 'NONE', *, *, #1484, .T. ) ;
#3542 = FACE_OUTER_BOUND ( 'NONE', #1125, .T. ) ;
#3543 = DIRECTION ( 'NONE',  ( -1.000000000000000000, -0.000000000000000000, -0.000000000000000000 ) ) ;
#3544 = EDGE_LOOP ( 'NONE', ( #837, #3691, #1822 ) ) ;
#3545 = CARTESIAN_POINT ( 'NONE',  ( 0.07376285042074832987, 9.762696673708420647, -3.337722188375765953 ) ) ;
#3546 = CARTESIAN_POINT ( 'NONE',  ( -2.249053501606838257, 9.752068122306697617, 1.599999999999996980 ) ) ;
#3547 = FACE_BOUND ( 'NONE', #1138, .T. ) ;
#3548 = ORIENTED_EDGE ( 'NONE', *, *, #3261, .F. ) ;
#3549 = CARTESIAN_POINT ( 'NONE',  ( -0.5402375520206124104, 9.747881639708479540, 3.337680697552664277 ) ) ;
#3550 = DIRECTION ( 'NONE',  ( -1.000000000000000000, -0.000000000000000000, -0.000000000000000000 ) ) ;
#3551 = CARTESIAN_POINT ( 'NONE',  ( 0.3495897908443234003, 10.97196566064573098, -0.06901613366070463718 ) ) ;
#3552 = CARTESIAN_POINT ( 'NONE',  ( -0.4003972113722772952, 5.981638854318976684, 3.564121358292783292E-15 ) ) ;
#3553 = CARTESIAN_POINT ( 'NONE',  ( 0.8113262338688189690, 9.671948018291168125, -3.421077547445828149 ) ) ;
#3554 = CARTESIAN_POINT ( 'NONE',  ( 19.09653955668780156, -6.262000000788720655, 4.389999007942277487 ) ) ;
#3555 = CARTESIAN_POINT ( 'NONE',  ( 0.5325981599962610336, 10.82784419361628281, 0.2668888786526374957 ) ) ;
#3556 = CARTESIAN_POINT ( 'NONE',  ( 4.549999999999999822, -6.310472576031248337, -0.8886780314100639622 ) ) ;
#3557 = CARTESIAN_POINT ( 'NONE',  ( 0.5288504660708953642, 9.133432793151635920, -3.889999834757499553 ) ) ;
#3558 = CARTESIAN_POINT ( 'NONE',  ( -0.01442905600237057683, 9.860454207408521299, 3.229318480778778699 ) ) ;
#3559 = VERTEX_POINT ( 'NONE', #819 ) ;
#3560 = VERTEX_POINT ( 'NONE', #2085 ) ;
#3561 = ADVANCED_FACE ( 'NONE', ( #2749 ), #1103, .T. ) ;
#3562 = CARTESIAN_POINT ( 'NONE',  ( 0.7346964491004632780, 9.110423931711144618, 3.908400925524830427 ) ) ;
#3563 = DIRECTION ( 'NONE',  ( 0.5735764363510501562, -0.8191520442889889120, -5.243958611581104024E-15 ) ) ;
#3564 = ORIENTED_EDGE ( 'NONE', *, *, #1406, .T. ) ;
#3565 = CARTESIAN_POINT ( 'NONE',  ( -0.3020938610041385419, 10.38219669516646704, -2.683541864850983227 ) ) ;
#3566 = CARTESIAN_POINT ( 'NONE',  ( 0.009131492255323368085, 9.096010405236571117, 1.699992919978997818 ) ) ;
#3567 = DIRECTION ( 'NONE',  ( 0.000000000000000000, 0.000000000000000000, -1.000000000000000000 ) ) ;
#3568 = ORIENTED_EDGE ( 'NONE', *, *, #3733, .T. ) ;
#3569 = CARTESIAN_POINT ( 'NONE',  ( 0.1356964154369441899, 9.495564135125004412, -1.399993391980002277 ) ) ;
#3570 = CARTESIAN_POINT ( 'NONE',  ( 1.149999999990950261, 10.06842932245522881, -2.568942756939890160 ) ) ;
#3571 = CARTESIAN_POINT ( 'NONE',  ( 0.000000000000000000, 6.792236765701320955, -4.241515662226313488 ) ) ;
#3572 = ADVANCED_FACE ( 'NONE', ( #2047 ), #3982, .F. ) ;
#3573 = CARTESIAN_POINT ( 'NONE',  ( 0.7656019477414169883, 9.261171159985259749, 3.792111148133920029 ) ) ;
#3574 = CARTESIAN_POINT ( 'NONE',  ( -0.03251446957018620104, 11.09004688804481020, 0.4003739763885577063 ) ) ;
#3575 = DIRECTION ( 'NONE',  ( -1.000000000000000000, -0.000000000000000000, -0.000000000000000000 ) ) ;
#3576 = CARTESIAN_POINT ( 'NONE',  ( -0.05690260890431934893, 11.01802004591040784, -1.021348483286326436 ) ) ;
#3577 = CARTESIAN_POINT ( 'NONE',  ( 1.725721532478638798, 9.531765479917298833, -3.227749195003462024 ) ) ;
#3578 = CARTESIAN_POINT ( 'NONE',  ( 0.2555558350306434967, 10.61251304212400726, 1.916535435995415648 ) ) ;
#3579 = VERTEX_POINT ( 'NONE', #758 ) ;
#3580 = AXIS2_PLACEMENT_3D ( 'NONE', #2556, #3847, #2311 ) ;
#3581 = ORIENTED_EDGE ( 'NONE', *, *, #2083, .T. ) ;
#3582 = CARTESIAN_POINT ( 'NONE',  ( 0.5465127393210715834, 9.130579461190771795, 3.892359993936486351 ) ) ;
#3583 = AXIS2_PLACEMENT_3D ( 'NONE', #1891, #4127, #1804 ) ;
#3584 = PLANE ( 'NONE',  #1703 ) ;
#3585 = EDGE_CURVE ( 'NONE', #1497, #3559, #1489, .T. ) ;
#3586 = ORIENTED_EDGE ( 'NONE', *, *, #717, .F. ) ;
#3587 = VECTOR ( 'NONE', #2380, 1000.000000000000000 ) ;
#3588 = VECTOR ( 'NONE', #2007, 1000.000000000000114 ) ;
#3589 = CARTESIAN_POINT ( 'NONE',  ( -0.1609392022124876420, 10.35770105095865645, -2.683537873248422745 ) ) ;
#3590 = CARTESIAN_POINT ( 'NONE',  ( -1.923583135921872023, 9.464558893077953172, 1.599992919978994177 ) ) ;
#3591 = CIRCLE ( 'NONE', #3924, 0.3999999999999995226 ) ;
#3592 = CARTESIAN_POINT ( 'NONE',  ( 0.7603150254798579644, 9.773441413907155706, -3.326591404572053712 ) ) ;
#3593 = ADVANCED_FACE ( 'NONE', ( #1765 ), #4004, .T. ) ;
#3594 = EDGE_LOOP ( 'NONE', ( #2714, #3938, #1890, #3895 ) ) ;
#3595 = LINE ( 'NONE', #1991, #4187 ) ;
#3596 = CARTESIAN_POINT ( 'NONE',  ( 0.9007654870169825578, 10.36737325562778800, 1.824280074373029636 ) ) ;
#3597 = CARTESIAN_POINT ( 'NONE',  ( 2.076278242395389384, 6.770536574637779914, 4.263563985093344222 ) ) ;
#3598 = DIRECTION ( 'NONE',  ( 0.4067366430758003748, 0.000000000000000000, -0.9135454576426008666 ) ) ;
#3599 = CARTESIAN_POINT ( 'NONE',  ( 1.139988718232768150, 10.31056004225791156, 1.735619011934967260 ) ) ;
#3600 = CARTESIAN_POINT ( 'NONE',  ( 0.2139668218444639725, 6.411821181582263662, -6.518014438577728331E-15 ) ) ;
#3601 = CARTESIAN_POINT ( 'NONE',  ( 0.9173313786106556122, 10.51181926533193867, -1.021317487204367547 ) ) ;
#3602 = CARTESIAN_POINT ( 'NONE',  ( 0.2000000000000000111, -6.261999999999995126, 0.000000000000000000 ) ) ;
#3603 = CARTESIAN_POINT ( 'NONE',  ( 0.3120177211094837810, 10.75343317705917734, 1.387874460832742018 ) ) ;
#3604 = ORIENTED_EDGE ( 'NONE', *, *, #422, .F. ) ;
#3605 = ORIENTED_EDGE ( 'NONE', *, *, #3367, .T. ) ;
#3606 = CARTESIAN_POINT ( 'NONE',  ( 0.6559021935584214980, 9.115192823564401081, 3.904684656278988975 ) ) ;
#3607 = FACE_OUTER_BOUND ( 'NONE', #1318, .T. ) ;
#3608 = ORIENTED_EDGE ( 'NONE', *, *, #1937, .F. ) ;
#3609 = EDGE_CURVE ( 'NONE', #3732, #1549, #406, .T. ) ;
#3610 = CARTESIAN_POINT ( 'NONE',  ( -0.5500693307320999592, 9.747919444401610178, -3.337738571464377468 ) ) ;
#3611 = CARTESIAN_POINT ( 'NONE',  ( 0.8673674502470547498, 9.903845263842253388, -3.084546671021441977 ) ) ;
#3612 = PLANE ( 'NONE',  #1146 ) ;
#3613 = ORIENTED_EDGE ( 'NONE', *, *, #3825, .F. ) ;
#3614 = LINE ( 'NONE', #2010, #514 ) ;
#3615 = ADVANCED_FACE ( 'NONE', ( #3010 ), #424, .F. ) ;
#3616 = CARTESIAN_POINT ( 'NONE',  ( 1.150000000000025224, 9.942644461258588251, 1.977468344129726052 ) ) ;
#3617 = CARTESIAN_POINT ( 'NONE',  ( 0.000000000000000000, 6.261999999999996902, 3.889999834757853936 ) ) ;
#3618 = CARTESIAN_POINT ( 'NONE',  ( 1.160466997692635394, 10.41002642722524385, 1.112538711346650055 ) ) ;
#3619 = CARTESIAN_POINT ( 'NONE',  ( -4.834999999999999964, -6.261999999999996014, -8.673617379884035472E-16 ) ) ;
#3620 = CARTESIAN_POINT ( 'NONE',  ( 0.4971361280062848165, 10.86059585034288411, -0.2269505986731852887 ) ) ;
#3621 = CARTESIAN_POINT ( 'NONE',  ( 0.8528160946917524576, 9.844161837952590588, -3.208410055628518442 ) ) ;
#3622 = CARTESIAN_POINT ( 'NONE',  ( 0.3994429056902633057, 10.85066324167837770, -0.7442393158764307737 ) ) ;
#3623 = ORIENTED_EDGE ( 'NONE', *, *, #2164, .F. ) ;
#3624 = DIRECTION ( 'NONE',  ( 0.000000000000000000, 0.000000000000000000, -1.000000000000000000 ) ) ;
#3625 = CARTESIAN_POINT ( 'NONE',  ( 2.076278242395396489, 6.483912219393118015, 4.389999007942157583 ) ) ;
#3626 = EDGE_LOOP ( 'NONE', ( #3415, #3500, #2967, #2860 ) ) ;
#3627 = EDGE_CURVE ( 'NONE', #4001, #2254, #1168, .T. ) ;
#3628 = CARTESIAN_POINT ( 'NONE',  ( 0.8502598148307671799, 10.12463634189386852, -2.683508689670374370 ) ) ;
#3629 = PLANE ( 'NONE',  #1010 ) ;
#3630 = LINE ( 'NONE', #46, #866 ) ;
#3631 = VERTEX_POINT ( 'NONE', #4044 ) ;
#3632 = CARTESIAN_POINT ( 'NONE',  ( 0.2139668218444639725, 6.411821181582263662, -6.518014438577728331E-15 ) ) ;
#3633 = CYLINDRICAL_SURFACE ( 'NONE', #1140, 3.134999999999998010 ) ;
#3634 = ADVANCED_FACE ( 'NONE', ( #3670 ), #2065, .F. ) ;
#3635 = CARTESIAN_POINT ( 'NONE',  ( 0.2171171410763512999, 10.89228372320865823, 1.112508778593791714 ) ) ;
#3636 = DIRECTION ( 'NONE',  ( -1.000000000000000000, -0.000000000000000000, -0.000000000000000000 ) ) ;
#3637 = CARTESIAN_POINT ( 'NONE',  ( 0.1742977056431418981, 11.04484110581061351, -0.2269610387507134952 ) ) ;
#3638 = CARTESIAN_POINT ( 'NONE',  ( 1.149999999999999911, 9.565103121087362936, 2.906621200600219446 ) ) ;
#3639 = CARTESIAN_POINT ( 'NONE',  ( 0.1673450992098053924, 11.11037490721142440, 0.3149921885398558330 ) ) ;
#3640 = CARTESIAN_POINT ( 'NONE',  ( 0.01067375844386061513, 9.841596838938913905, -3.250090092507321060 ) ) ;
#3641 = CARTESIAN_POINT ( 'NONE',  ( 0.1434143759745799829, 9.798055437653824029, -3.297511965524642541 ) ) ;
#3642 = CARTESIAN_POINT ( 'NONE',  ( 0.000000000000000000, 9.826726633542088862, 3.266497902596648739 ) ) ;
#3643 = CARTESIAN_POINT ( 'NONE',  ( 0.05231684621815630570, 9.813127176028542564, 3.281270637591005901 ) ) ;
#3644 = ORIENTED_EDGE ( 'NONE', *, *, #1992, .T. ) ;
#3645 = AXIS2_PLACEMENT_3D ( 'NONE', #436, #76, #1755 ) ;
#3646 = CARTESIAN_POINT ( 'NONE',  ( 0.9844514849227019582, 9.953356458245679050, -3.010601691239486399 ) ) ;
#3647 = EDGE_CURVE ( 'NONE', #2210, #3714, #2398, .T. ) ;
#3648 = CARTESIAN_POINT ( 'NONE',  ( 0.8051490325365346923, 9.154262351316482693, -3.873919333412764399 ) ) ;
#3649 = PLANE ( 'NONE',  #4193 ) ;
#3650 = VECTOR ( 'NONE', #3310, 1000.000000000000000 ) ;
#3651 = VECTOR ( 'NONE', #3770, 1000.000000000000114 ) ;
#3652 = VERTEX_POINT ( 'NONE', #1145 ) ;
#3653 = CARTESIAN_POINT ( 'NONE',  ( 1.150000000000001465, 9.565103121087362936, 2.906621200600217669 ) ) ;
#3654 = VECTOR ( 'NONE', #829, 1000.000000000000000 ) ;
#3655 = CIRCLE ( 'NONE', #945, 0.4000000000000002998 ) ;
#3656 = CIRCLE ( 'NONE', #2438, 3.134999999999998010 ) ;
#3657 = CARTESIAN_POINT ( 'NONE',  ( 0.4594565890878443692, 10.76301218429250106, 1.112516523124315038 ) ) ;
#3658 = DIRECTION ( 'NONE',  ( 0.000000000000000000, 0.9271614760117765641, -0.3746619775206230241 ) ) ;
#3659 = CARTESIAN_POINT ( 'NONE',  ( 0.1704471169844215539, 11.03484896541869986, -0.3404441344489853583 ) ) ;
#3660 = FACE_OUTER_BOUND ( 'NONE', #2842, .T. ) ;
#3661 = CARTESIAN_POINT ( 'NONE',  ( -0.3342865185966223951, 11.07151003136495326, 0.3738279924702744839 ) ) ;
#3662 = CARTESIAN_POINT ( 'NONE',  ( 0.7796649127217488706, 9.918949580494471618, 3.090775147390746103 ) ) ;
#3663 = VERTEX_POINT ( 'NONE', #3707 ) ;
#3664 = DIRECTION ( 'NONE',  ( 0.000000000000000000, 1.000000000000000000, 0.000000000000000000 ) ) ;
#3665 = EDGE_CURVE ( 'NONE', #160, #992, #2914, .T. ) ;
#3666 = CARTESIAN_POINT ( 'NONE',  ( 0.5429360922062993478, 9.826291942534156831, 3.269614446949736131 ) ) ;
#3667 = ORIENTED_EDGE ( 'NONE', *, *, #3029, .F. ) ;
#3668 = CARTESIAN_POINT ( 'NONE',  ( 1.149071008639688918, 10.38029439443018376, -1.248276152368491987 ) ) ;
#3669 = CARTESIAN_POINT ( 'NONE',  ( 0.7423172604721930412, 9.201405150941175393, -3.838838040592030154 ) ) ;
#3670 = FACE_OUTER_BOUND ( 'NONE', #3859, .T. ) ;
#3671 = ORIENTED_EDGE ( 'NONE', *, *, #844, .F. ) ;
#3672 = CARTESIAN_POINT ( 'NONE',  ( 1.150000000000023892, 10.19228999486631082, 0.2480865954463787326 ) ) ;
#3673 = ORIENTED_EDGE ( 'NONE', *, *, #3868, .T. ) ;
#3674 = CARTESIAN_POINT ( 'NONE',  ( -0.05250239806062882014, 11.02091164403090495, 1.112500317606713862 ) ) ;
#3675 = DIRECTION ( 'NONE',  ( 1.000000000000000000, 0.000000000000000000, 0.000000000000000000 ) ) ;
#3676 = CARTESIAN_POINT ( 'NONE',  ( 0.04582005404009603655, 11.07613968633496349, -0.3404478596950243907 ) ) ;
#3677 = CARTESIAN_POINT ( 'NONE',  ( 1.149999999999999911, 9.533038130195206961, -2.963721592361574952 ) ) ;
#3678 = CARTESIAN_POINT ( 'NONE',  ( 0.1662005961218604722, 11.11004728456998691, -0.3192759669486396890 ) ) ;
#3679 = CARTESIAN_POINT ( 'NONE',  ( 0.1882696091314652875, 9.847313616721665497, 3.241101100317692829 ) ) ;
#3680 = ORIENTED_EDGE ( 'NONE', *, *, #1284, .F. ) ;
#3681 = CARTESIAN_POINT ( 'NONE',  ( 0.000000000000000000, 6.261999999999994237, -1.600000000000001865 ) ) ;
#3682 = CARTESIAN_POINT ( 'NONE',  ( 0.04237809901077206620, 9.829611069919049982, 3.263159556787486260 ) ) ;
#3683 = ORIENTED_EDGE ( 'NONE', *, *, #3531, .T. ) ;
#3684 = ADVANCED_FACE ( 'NONE', ( #2168 ), #4197, .F. ) ;
#3685 = CARTESIAN_POINT ( 'NONE',  ( -0.02761937958758742262, 10.52117511467414168, -2.356437701711461941 ) ) ;
#3686 = CARTESIAN_POINT ( 'NONE',  ( 0.5217502611096336285, 9.134572965432983693, -3.889058710447183653 ) ) ;
#3687 = DIRECTION ( 'NONE',  ( -1.000000000000000000, -0.000000000000000000, -0.000000000000000000 ) ) ;
#3688 = ORIENTED_EDGE ( 'NONE', *, *, #2495, .T. ) ;
#3689 = PRODUCT_DEFINITION_SHAPE ( 'NONE', 'NONE',  #3202 ) ;
#3690 = CARTESIAN_POINT ( 'NONE',  ( 2.549999999999991385, 4.237429252579163474, 33.86000017273206453 ) ) ;
#3691 = ORIENTED_EDGE ( 'NONE', *, *, #608, .F. ) ;
#3692 = CARTESIAN_POINT ( 'NONE',  ( 0.8424244258335552571, 10.10475516607907487, 2.803680206780299500 ) ) ;
#3693 = CARTESIAN_POINT ( 'NONE',  ( -0.1075830149845974221, 10.20808336520974891, -2.795864467151398358 ) ) ;
#3694 = CARTESIAN_POINT ( 'NONE',  ( 1.248779223401047300, 10.45305168739771595, -0.2269265107306677187 ) ) ;
#3695 = ADVANCED_FACE ( 'NONE', ( #3148 ), #1576, .F. ) ;
#3696 = CARTESIAN_POINT ( 'NONE',  ( 19.09653955668780156, -6.261999999999995126, 0.000000000000000000 ) ) ;
#3697 = CARTESIAN_POINT ( 'NONE',  ( -0.001217996109956007459, 10.73304855055646456, -1.869224734660998477 ) ) ;
#3698 = CARTESIAN_POINT ( 'NONE',  ( 0.8112434680042414081, 9.671220104374052440, 3.421821053125766898 ) ) ;
#3699 = ORIENTED_EDGE ( 'NONE', *, *, #2960, .F. ) ;
#3700 = CARTESIAN_POINT ( 'NONE',  ( 0.2631761194482825084, 11.01162068615970568, 0.1333771030860166074 ) ) ;
#3701 = CARTESIAN_POINT ( 'NONE',  ( -0.4500000000000001221, 9.195564607126003764, 1.699992919978997818 ) ) ;
#3702 = CARTESIAN_POINT ( 'NONE',  ( 0.000000000000000000, -6.261999999999995126, -8.673617379884039416E-16 ) ) ;
#3703 = ORIENTED_EDGE ( 'NONE', *, *, #1490, .F. ) ;
#3704 = CARTESIAN_POINT ( 'NONE',  ( 1.909836165767754945, 9.293468024057021992, 3.723557758129348638 ) ) ;
#3705 = CARTESIAN_POINT ( 'NONE',  ( 1.129429626262223652, 10.14345329742686452, -2.356403173691415276 ) ) ;
#3706 = EDGE_CURVE ( 'NONE', #1231, #1924, #396, .T. ) ;
#3707 = CARTESIAN_POINT ( 'NONE',  ( 2.076278242394820062, 9.133432793153112073, 3.889999834756405761 ) ) ;
#3708 = ORIENTED_EDGE ( 'NONE', *, *, #1362, .T. ) ;
#3709 = VECTOR ( 'NONE', #4165, 1000.000000000000000 ) ;
#3710 = CARTESIAN_POINT ( 'NONE',  ( 0.8673674502470547498, 9.903845263842253388, -3.084546671021441977 ) ) ;
#3711 = EDGE_CURVE ( 'NONE', #2151, #893, #804, .T. ) ;
#3712 = VECTOR ( 'NONE', #3070, 1000.000000000000000 ) ;
#3713 = VECTOR ( 'NONE', #2431, 1000.000000000000000 ) ;
#3714 = VERTEX_POINT ( 'NONE', #2882 ) ;
#3715 = CIRCLE ( 'NONE', #1212, 6.000000000000000000 ) ;
#3717 = VECTOR ( 'NONE', #2392, 1000.000000000000000 ) ;
#3716 = CARTESIAN_POINT ( 'NONE',  ( 1.203676998931754172, 10.01097932196169360, 2.803690740137041892 ) ) ;
#3718 = CARTESIAN_POINT ( 'NONE',  ( 0.000000000000000000, 6.261999999999995126, -3.006671916513725129E-15 ) ) ;
#3719 = CARTESIAN_POINT ( 'NONE',  ( 0.8113262338700455434, 9.671948018285931425, -3.421077547456315315 ) ) ;
#3720 = VECTOR ( 'NONE', #3563, 999.9999999999998863 ) ;
#3721 = CARTESIAN_POINT ( 'NONE',  ( 1.150000000000002132, -8.171257029903692626, -3.853081780040164883 ) ) ;
#3722 = DIRECTION ( 'NONE',  ( 0.000000000000000000, 1.000000000000000000, -2.770238703252648603E-16 ) ) ;
#3723 = DIRECTION ( 'NONE',  ( 0.7071067811865487940, -0.7071067811865463515, 4.897136431438432085E-17 ) ) ;
#3724 = CARTESIAN_POINT ( 'NONE',  ( -0.02469904253996265536, 11.10159987584277985, 0.08891213501570502387 ) ) ;
#3725 = CARTESIAN_POINT ( 'NONE',  ( 1.821278407638412533, 7.022340857687162874, 3.634999999999998899 ) ) ;
#3726 = CARTESIAN_POINT ( 'NONE',  ( 2.549999999999991385, 4.237426267729725637, -4.389999827267824450 ) ) ;
#3727 = CARTESIAN_POINT ( 'NONE',  ( 0.7186238878255960527, 9.916381105981901811, 3.110584002284396909 ) ) ;
#3728 = VERTEX_POINT ( 'NONE', #2839 ) ;
#3729 = CARTESIAN_POINT ( 'NONE',  ( -0.3999999999999999667, 6.261999999999995126, -3.006671916513725129E-15 ) ) ;
#3730 = CARTESIAN_POINT ( 'NONE',  ( 0.4529769711478192074, 10.36895402803331656, -2.356423407769530520 ) ) ;
#3731 = DIRECTION ( 'NONE',  ( -1.000000000000000000, -0.000000000000000000, -0.000000000000000000 ) ) ;
#3732 = VERTEX_POINT ( 'NONE', #3813 ) ;
#3733 = EDGE_CURVE ( 'NONE', #2722, #1030, #1919, .T. ) ;
#3734 = FACE_OUTER_BOUND ( 'NONE', #1317, .T. ) ;
#3735 = B_SPLINE_CURVE_WITH_KNOTS ( 'NONE', 3,
 ( #1307, #1857, #2847, #2195, #3134, #213, #1217, #2512, #3798, #894, #3485, #560, #3154 ),
 .UNSPECIFIED., .F., .F.,
 ( 4, 3, 3, 3, 4 ),
 ( 2.345356604614418725E-16, 1.926056298885499323E-05, 0.0001304074765317075131, 0.0002847139800976727485, 0.0007818601755543053578 ),
 .UNSPECIFIED. ) ;
#3736 = ORIENTED_EDGE ( 'NONE', *, *, #3839, .F. ) ;
#3737 = EDGE_CURVE ( 'NONE', #1936, #3219, #3431, .T. ) ;
#3738 = CARTESIAN_POINT ( 'NONE',  ( 1.142453428705674456, 10.17758447594835225, 2.269653925463349875 ) ) ;
#3739 = CARTESIAN_POINT ( 'NONE',  ( -0.3595888323162073075, 10.94427558835978154, 1.189090846520326927 ) ) ;
#3740 = CARTESIAN_POINT ( 'NONE',  ( 1.149999999999999911, 9.532826309650104690, 2.963721592361563406 ) ) ;
#3741 = LINE ( 'NONE', #1943, #3654 ) ;
#3742 = CARTESIAN_POINT ( 'NONE',  ( 0.02523008252250598729, 9.939014234226823064, 3.138170837456704554 ) ) ;
#3743 = CARTESIAN_POINT ( 'NONE',  ( 0.7600834198942972852, 9.217726261181917735, 3.826212339867852030 ) ) ;
#3744 = CARTESIAN_POINT ( 'NONE',  ( 1.334692758365239929, 10.44342997894288061, 0.1334113112781311061 ) ) ;
#3745 = CARTESIAN_POINT ( 'NONE',  ( -0.4000000000000001887, 10.80702200214695985, -1.600000000000002531 ) ) ;
#3746 = CARTESIAN_POINT ( 'NONE',  ( 1.909872154965565505, 9.293440659701445838, -3.723593747327135439 ) ) ;
#3747 = ORIENTED_EDGE ( 'NONE', *, *, #468, .T. ) ;
#3748 = CARTESIAN_POINT ( 'NONE',  ( -0.3134218633402662824, 9.195564607126003764, -1.699992919979002481 ) ) ;
#3749 = CARTESIAN_POINT ( 'NONE',  ( -0.1251000771100332087, 10.82377705311943750, -1.802378917844474016 ) ) ;
#3750 = ADVANCED_FACE ( 'NONE', ( #2564 ), #1873, .F. ) ;
#3751 = DIRECTION ( 'NONE',  ( 0.000000000000000000, 0.000000000000000000, -1.000000000000000000 ) ) ;
#3752 = ORIENTED_EDGE ( 'NONE', *, *, #1450, .F. ) ;
#3753 = CARTESIAN_POINT ( 'NONE',  ( 0.9172707352820902438, 10.46784283129653481, -1.317290023515645059 ) ) ;
#3754 = VERTEX_POINT ( 'NONE', #2863 ) ;
#3755 = CARTESIAN_POINT ( 'NONE',  ( 0.09595775944733438145, 10.57825265606703447, 2.269622092990307038 ) ) ;
#3756 = CARTESIAN_POINT ( 'NONE',  ( 0.2825322237975030348, 9.860349349657468565, -3.223068401473613953 ) ) ;
#3757 = ADVANCED_FACE ( 'NONE', ( #840 ), #3767, .T. ) ;
#3758 = DIRECTION ( 'NONE',  ( 1.000000000000000000, 0.000000000000000000, 0.000000000000000000 ) ) ;
#3759 = CARTESIAN_POINT ( 'NONE',  ( 0.02405366344982573859, 9.936997717803420116, -3.140627982864532708 ) ) ;
#3760 = CARTESIAN_POINT ( 'NONE',  ( 0.004739605097220098325, 9.854231031312696842, 3.236132688588187811 ) ) ;
#3761 = DIRECTION ( 'NONE',  ( -1.000000000000000000, -0.000000000000000000, -0.000000000000000000 ) ) ;
#3762 = CARTESIAN_POINT ( 'NONE',  ( 0.02186803990490886543, 9.821524706496225221, -3.272210410542771175 ) ) ;
#3763 = FACE_OUTER_BOUND ( 'NONE', #1935, .T. ) ;
#3764 = ORIENTED_EDGE ( 'NONE', *, *, #2990, .T. ) ;
#3765 = CARTESIAN_POINT ( 'NONE',  ( 2.630593961860485219, 14.99165431530116699, 5.730786296197608820 ) ) ;
#3766 = CARTESIAN_POINT ( 'NONE',  ( 0.8195642313960397329, 10.59905408033004193, -0.6808717226499788611 ) ) ;
#3767 = CYLINDRICAL_SURFACE ( 'NONE', #3109, 4.834999999999999076 ) ;
#3768 = ORIENTED_EDGE ( 'NONE', *, *, #4021, .F. ) ;
#3769 = DIRECTION ( 'NONE',  ( 0.000000000000000000, 0.000000000000000000, -1.000000000000000000 ) ) ;
#3770 = DIRECTION ( 'NONE',  ( -0.4067366430758003748, 0.000000000000000000, -0.9135454576426008666 ) ) ;
#3771 = AXIS2_PLACEMENT_3D ( 'NONE', #3905, #1088, #2049 ) ;
#3772 = EDGE_LOOP ( 'NONE', ( #977, #2510, #1802, #3518, #1253, #668, #626, #578 ) ) ;
#3773 = CARTESIAN_POINT ( 'NONE',  ( 0.6350018323133574949, 9.780185071216022763, 3.337711516063611938 ) ) ;
#3774 = CARTESIAN_POINT ( 'NONE',  ( 0.5325779254919917882, 9.893738467951260773, -3.165783809661800507 ) ) ;
#3775 = CARTESIAN_POINT ( 'NONE',  ( 1.000654640425576059, 10.51476205680717868, -0.06899420379968175532 ) ) ;
#3776 = CARTESIAN_POINT ( 'NONE',  ( 0.7796649127207874175, 9.918949580495537433, 3.090775147388138411 ) ) ;
#3777 = CARTESIAN_POINT ( 'NONE',  ( 0.3380960556299746900, 10.80324325654151885, 1.141835160360641144 ) ) ;
#3778 = VECTOR ( 'NONE', #100, 1000.000000000000000 ) ;
#3779 = AXIS2_PLACEMENT_3D ( 'NONE', #232, #3816, #3483 ) ;
#3780 = CARTESIAN_POINT ( 'NONE',  ( 1.137965791550104022, 9.628300304934532150, -2.994656215745347350 ) ) ;
#3781 = CARTESIAN_POINT ( 'NONE',  ( 0.4994073063794602363, 10.86650912857258433, 0.08892842931881278501 ) ) ;
#3782 = EDGE_CURVE ( 'NONE', #1408, #4008, #3793, .T. ) ;
#3783 = DIRECTION ( 'NONE',  ( 0.000000000000000000, 1.000000000000000000, -0.000000000000000000 ) ) ;
#3784 = AXIS2_PLACEMENT_3D ( 'NONE', #2795, #510, #253 ) ;
#3785 = VECTOR ( 'NONE', #1887, 1000.000000000000000 ) ;
#3786 = CARTESIAN_POINT ( 'NONE',  ( 0.05793023149092692281, 9.831490405732591142, -3.260961016303299154 ) ) ;
#3787 = CARTESIAN_POINT ( 'NONE',  ( 0.8870738060300993322, 10.07734278141293061, 2.700795398391685254 ) ) ;
#3788 = ORIENTED_EDGE ( 'NONE', *, *, #1592, .F. ) ;
#3789 = EDGE_LOOP ( 'NONE', ( #2864, #3810, #1957, #2443 ) ) ;
#3790 = EDGE_CURVE ( 'NONE', #1788, #4190, #1295, .T. ) ;
#3791 = DIRECTION ( 'NONE',  ( 0.000000000000000000, 0.000000000000000000, -1.000000000000000000 ) ) ;
#3792 = CARTESIAN_POINT ( 'NONE',  ( -0.07173085113805989510, 10.97087286794559624, -1.248314546108428846 ) ) ;
#3793 = LINE ( 'NONE', #888, #3990 ) ;
#3794 = ORIENTED_EDGE ( 'NONE', *, *, #3782, .F. ) ;
#3795 = CARTESIAN_POINT ( 'NONE',  ( -0.3942260094877740872, 9.752821185190857278, -3.337734491076313148 ) ) ;
#3796 = CARTESIAN_POINT ( 'NONE',  ( 19.09653955668780156, 6.792236765701317402, 4.241514670168590406 ) ) ;
#3797 = ORIENTED_EDGE ( 'NONE', *, *, #1245, .F. ) ;
#3798 = CARTESIAN_POINT ( 'NONE',  ( 1.198636779237578276, 9.172430067680533483, -3.856228742356107020 ) ) ;
#3799 = CARTESIAN_POINT ( 'NONE',  ( -2.890188391189755013, 9.765536177592226252, -1.600000000000002975 ) ) ;
#3800 = CARTESIAN_POINT ( 'NONE',  ( 0.8249393787415965074, 9.915962915477166462, 3.089220783521431812 ) ) ;
#3801 = CARTESIAN_POINT ( 'NONE',  ( 0.6201516067100534269, 10.76270361061145131, 0.1543433704001903328 ) ) ;
#3802 = EDGE_CURVE ( 'NONE', #470, #3560, #1531, .T. ) ;
#3803 = CARTESIAN_POINT ( 'NONE',  ( 1.149999999999999911, 9.544135436264024719, -2.945627728430455061 ) ) ;
#3804 = CARTESIAN_POINT ( 'NONE',  ( 1.298451868302312739, 10.44246602938535595, 0.2669131166357923690 ) ) ;
#3805 = CARTESIAN_POINT ( 'NONE',  ( -0.3999999999999999667, 6.261999999999995126, -3.006671916513725129E-15 ) ) ;
#3806 = CARTESIAN_POINT ( 'NONE',  ( 0.02186796577886767484, 9.821510890983986997, -3.272171636232789282 ) ) ;
#3807 = CARTESIAN_POINT ( 'NONE',  ( 1.137534666701992325, 9.617116931501190180, 3.015799831516899676 ) ) ;
#3808 = DIRECTION ( 'NONE',  ( 0.000000000000000000, 0.000000000000000000, -1.000000000000000000 ) ) ;
#3809 = ORIENTED_EDGE ( 'NONE', *, *, #1219, .F. ) ;
#3810 = ORIENTED_EDGE ( 'NONE', *, *, #3209, .F. ) ;
#3811 = FACE_OUTER_BOUND ( 'NONE', #1338, .T. ) ;
#3812 = CARTESIAN_POINT ( 'NONE',  ( 0.2868211084788097609, 10.80913610285726811, -1.248303389574347166 ) ) ;
#3813 = CARTESIAN_POINT ( 'NONE',  ( 0.5288504660617369124, 9.133432793153119178, 3.889999834756399544 ) ) ;
#3814 = ORIENTED_EDGE ( 'NONE', *, *, #3050, .F. ) ;
#3815 = CARTESIAN_POINT ( 'NONE',  ( 0.9937304156907803554, 9.791556915409246997, -3.337698100433246662 ) ) ;
#3816 = DIRECTION ( 'NONE',  ( 0.000000000000000000, 1.000000000000000000, 0.000000000000000000 ) ) ;
#3817 = ORIENTED_EDGE ( 'NONE', *, *, #750, .T. ) ;
#3818 = CARTESIAN_POINT ( 'NONE',  ( -0.3103556909752195891, 10.34383991554174465, 2.803647209170701871 ) ) ;
#3819 = CARTESIAN_POINT ( 'NONE',  ( -2.680497739465058871, 9.824884677164925861, -1.600000000000002753 ) ) ;
#3820 = DIRECTION ( 'NONE',  ( -0.000000000000000000, -1.000000000000000000, -0.000000000000000000 ) ) ;
#3821 = FACE_OUTER_BOUND ( 'NONE', #1514, .T. ) ;
#3822 = CARTESIAN_POINT ( 'NONE',  ( 1.727278026887923090, 9.432282462024097924, -3.540999619249497243 ) ) ;
#3823 = CARTESIAN_POINT ( 'NONE',  ( 1.332613941604749552, 10.43805089828356536, 0.2669140672084474586 ) ) ;
#3824 = CARTESIAN_POINT ( 'NONE',  ( 0.000000000000000000, 9.133432793151635920, -3.889999834757499553 ) ) ;
#3825 = EDGE_CURVE ( 'NONE', #4172, #2058, #1170, .T. ) ;
#3826 = CARTESIAN_POINT ( 'NONE',  ( 0.1881670025541851976, 9.847160808030013257, -3.241275070621113308 ) ) ;
#3827 = CARTESIAN_POINT ( 'NONE',  ( 0.01999293867721386314, 11.00011846365471158, 1.044236821269039606 ) ) ;
#3828 = CARTESIAN_POINT ( 'NONE',  ( 1.149202858562823337, 9.895516140013715045, 2.891483993089614124 ) ) ;
#3829 = ORIENTED_EDGE ( 'NONE', *, *, #1043, .F. ) ;
#3830 = CARTESIAN_POINT ( 'NONE',  ( 0.7490435280683045427, 9.174334841736834889, 3.859474505289700819 ) ) ;
#3831 = DIRECTION ( 'NONE',  ( 0.000000000000000000, 0.000000000000000000, -1.000000000000000000 ) ) ;
#3832 = ORIENTED_EDGE ( 'NONE', *, *, #3393, .F. ) ;
#3833 = EDGE_CURVE ( 'NONE', #3359, #1164, #3858, .T. ) ;
#3834 = CARTESIAN_POINT ( 'NONE',  ( 0.04036164780181434458, 9.495564135125006189, 0.9361231359059449808 ) ) ;
#3835 = CARTESIAN_POINT ( 'NONE',  ( 0.9269358414969895987, 10.53888770002180841, 0.6620457212400121527 ) ) ;
#3836 = CARTESIAN_POINT ( 'NONE',  ( -0.005486520412481534111, 9.897881292678839316, -3.187214436216061042 ) ) ;
#3837 = ORIENTED_EDGE ( 'NONE', *, *, #2710, .F. ) ;
#3838 = CARTESIAN_POINT ( 'NONE',  ( -0.3199690443881520463, 10.34497096600428812, 2.803646942814180587 ) ) ;
#3839 = EDGE_CURVE ( 'NONE', #709, #4001, #949, .T. ) ;
#3840 = CARTESIAN_POINT ( 'NONE',  ( 0.8877291988189514038, 10.30252155722314100, -2.082523407633438683 ) ) ;
#3841 = CARTESIAN_POINT ( 'NONE',  ( -0.03035051622124844764, 11.10430518006439193, -0.06902755655130791979 ) ) ;
#3842 = LINE ( 'NONE', #614, #242 ) ;
#3843 = CARTESIAN_POINT ( 'NONE',  ( 7.806255641895631925E-15, 6.641578978638022157, -4.351019935347000711 ) ) ;
#3844 = CARTESIAN_POINT ( 'NONE',  ( 0.7799376191512358281, 9.389133840098583761, 3.686559347236007422 ) ) ;
#3845 = VECTOR ( 'NONE', #719, 1000.000000000000114 ) ;
#3846 = CARTESIAN_POINT ( 'NONE',  ( 1.197850893488296764, 10.46045977459219145, 0.2669102663429551714 ) ) ;
#3847 = DIRECTION ( 'NONE',  ( -0.000000000000000000, 1.000000000000000000, -2.770238703252648603E-16 ) ) ;
#3848 = CARTESIAN_POINT ( 'NONE',  ( 0.1493676584840248067, 9.820821044200682692, -3.273086539476751877 ) ) ;
#3849 = AXIS2_PLACEMENT_3D ( 'NONE', #2954, #326, #3929 ) ;
#3850 = CARTESIAN_POINT ( 'NONE',  ( -0.3726731653349897866, 9.495564135125004412, -1.399993391980002277 ) ) ;
#3851 = AXIS2_PLACEMENT_3D ( 'NONE', #2761, #243, #480 ) ;
#3852 = VERTEX_POINT ( 'NONE', #605 ) ;
#3853 = ORIENTED_EDGE ( 'NONE', *, *, #1875, .F. ) ;
#3855 = CARTESIAN_POINT ( 'NONE',  ( 0.7994011875105898612, 9.111977128577937179, 3.907195504687129173 ) ) ;
#3854 = VECTOR ( 'NONE', #2892, 1000.000000000000000 ) ;
#3856 = AXIS2_PLACEMENT_3D ( 'NONE', #1955, #3164, #4212 ) ;
#3857 = CARTESIAN_POINT ( 'NONE',  ( 1.150000000000002132, -8.171257029903692626, -3.853081780040164883 ) ) ;
#3858 = CIRCLE ( 'NONE', #3453, 3.134999999999998010 ) ;
#3859 = EDGE_LOOP ( 'NONE', ( #1940, #1452, #1595, #1148, #3878, #2906 ) ) ;
#3860 = CARTESIAN_POINT ( 'NONE',  ( 0.1224111643573433383, 9.764093288789469582, -3.337720913269984990 ) ) ;
#3861 = CARTESIAN_POINT ( 'NONE',  ( 1.555552699071175660, 9.234806120405195884, -3.795231960865432352 ) ) ;
#3862 = CARTESIAN_POINT ( 'NONE',  ( 0.005337267802657912064, 9.838746848006470813, -3.253325308980647534 ) ) ;
#3863 = ORIENTED_EDGE ( 'NONE', *, *, #1718, .F. ) ;
#3864 = CARTESIAN_POINT ( 'NONE',  ( 0.3074967022797042704, 10.24443786637105802, 2.803664601008576174 ) ) ;
#3865 = CARTESIAN_POINT ( 'NONE',  ( 0.06113220159308317692, 9.831696560140741781, -3.260706072982588744 ) ) ;
#3866 = CARTESIAN_POINT ( 'NONE',  ( 1.971378877477972802, 9.246676271589040041, 3.785100469839558279 ) ) ;
#3867 = CARTESIAN_POINT ( 'NONE',  ( 0.7551291263816153343, 9.187730614677537488, -3.849288581126190323 ) ) ;
#3868 = EDGE_CURVE ( 'NONE', #706, #1152, #1288, .T. ) ;
#3869 = CARTESIAN_POINT ( 'NONE',  ( 0.7753440054502223067, 9.346941277608898702, 3.722355715113808472 ) ) ;
#3870 = CARTESIAN_POINT ( 'NONE',  ( -0.02500831577437766587, 11.10080155165171512, 0.1333685533134321421 ) ) ;
#3871 = CARTESIAN_POINT ( 'NONE',  ( 4.549999999999999822, 2.237426279435002829, -3.635000000000004672 ) ) ;
#3872 = CARTESIAN_POINT ( 'NONE',  ( 0.7201689384739141664, 9.154436130762766410, -3.874413110808129890 ) ) ;
#3873 = CARTESIAN_POINT ( 'NONE',  ( -0.02514456960183726261, 9.897209056167840302, 3.187820978210376133 ) ) ;
#3874 = ORIENTED_EDGE ( 'NONE', *, *, #2216, .T. ) ;
#3875 = ORIENTED_EDGE ( 'NONE', *, *, #1277, .F. ) ;
#3876 = CARTESIAN_POINT ( 'NONE',  ( 0.9635738339859653001, 9.249778139814903710, 3.787242366484084855 ) ) ;
#3877 = CARTESIAN_POINT ( 'NONE',  ( 7.806255641895631925E-15, 6.483912219393118015, 4.389999007942157583 ) ) ;
#3878 = ORIENTED_EDGE ( 'NONE', *, *, #1558, .T. ) ;
#3879 = CARTESIAN_POINT ( 'NONE',  ( -0.5398880578865163926, 9.748260803399423580, -3.337738305107857073 ) ) ;
#3880 = EDGE_CURVE ( 'NONE', #667, #358, #500, .T. ) ;
#3881 = CARTESIAN_POINT ( 'NONE',  ( 1.731219741904686416, 9.263164182186244489, -3.761468818403226777 ) ) ;
#3882 = CARTESIAN_POINT ( 'NONE',  ( 0.7973628348991042003, 9.675286536587055508, -3.424426962157928411 ) ) ;
#3883 = ORIENTED_EDGE ( 'NONE', *, *, #2987, .F. ) ;
#3884 = CARTESIAN_POINT ( 'NONE',  ( 0.5288504660708953642, 9.133432793151635920, -3.889999834757499553 ) ) ;
#3885 = CARTESIAN_POINT ( 'NONE',  ( 0.7795099027733085606, 9.918483645212399225, -3.092195698784893310 ) ) ;
#3886 = DIRECTION ( 'NONE',  ( 0.000000000000000000, 0.000000000000000000, -1.000000000000000000 ) ) ;
#3887 = CARTESIAN_POINT ( 'NONE',  ( -0.3999999999999999667, 6.261999999999994237, 3.584999999999994191 ) ) ;
#3888 = CARTESIAN_POINT ( 'NONE',  ( 0.4956615898161869094, 10.85681188959007315, 0.2668876035468562558 ) ) ;
#3889 = LINE ( 'NONE', #1248, #3709 ) ;
#3890 = CARTESIAN_POINT ( 'NONE',  ( -0.004881312658585545972, 10.94461773453922149, -1.248312505914395798 ) ) ;
#3891 = EDGE_CURVE ( 'NONE', #2791, #1835, #2649, .T. ) ;
#3892 = CARTESIAN_POINT ( 'NONE',  ( 1.150000000000004130, 10.19228998675777831, 0.2480865953804793633 ) ) ;
#3893 = CARTESIAN_POINT ( 'NONE',  ( -0.003830568124286760478, 9.961575658490552598, 3.113370504785835546 ) ) ;
#3894 = ORIENTED_EDGE ( 'NONE', *, *, #352, .T. ) ;
#3895 = ORIENTED_EDGE ( 'NONE', *, *, #227, .F. ) ;
#3896 = CARTESIAN_POINT ( 'NONE',  ( 0.9640190235738074209, 9.131800558656223643, 3.891406079088728820 ) ) ;
#3897 = EDGE_CURVE ( 'NONE', #2058, #3329, #1939, .T. ) ;
#3898 = CARTESIAN_POINT ( 'NONE',  ( -0.3726731653349900086, 9.495564135125004412, 1.399993391979997392 ) ) ;
#3899 = ORIENTED_EDGE ( 'NONE', *, *, #468, .F. ) ;
#3900 = CARTESIAN_POINT ( 'NONE',  ( -0.5534630883472944074, 9.747805658069005119, -3.337738660249883971 ) ) ;
#3901 = CARTESIAN_POINT ( 'NONE',  ( -3.069781335596185379, 9.637454074290198847, 1.599992919979010164 ) ) ;
#3902 = CARTESIAN_POINT ( 'NONE',  ( 0.7701633459058998543, 9.854712565310002503, -3.215731031725909350 ) ) ;
#3903 = VERTEX_POINT ( 'NONE', #3920 ) ;
#3904 = CARTESIAN_POINT ( 'NONE',  ( 0.5288504660617369124, 9.133432793153119178, 3.889999834756399544 ) ) ;
#3905 = CARTESIAN_POINT ( 'NONE',  ( 19.09653955668780156, 5.570805158576090044, -5.482598290749648662 ) ) ;
#3906 = CARTESIAN_POINT ( 'NONE',  ( 1.137926724239474163, 9.651621416525250297, 2.951648316601060085 ) ) ;
#3907 = ADVANCED_FACE ( 'NONE', ( #3607 ), #3584, .T. ) ;
#3908 = CARTESIAN_POINT ( 'NONE',  ( 1.074067352856567403, 10.44560566931375867, 1.112536057674234691 ) ) ;
#3909 = CARTESIAN_POINT ( 'NONE',  ( 1.184252772625540638E-05, 9.837145025158596567, 3.255116378246253106 ) ) ;
#3910 = CARTESIAN_POINT ( 'NONE',  ( 0.9281699619422740799, 10.53994666213166909, -0.6808682398984858830 ) ) ;
#3911 = CARTESIAN_POINT ( 'NONE',  ( 2.076278242394820062, 6.578123965564003583, 4.211771109644768529 ) ) ;
#3912 = CARTESIAN_POINT ( 'NONE',  ( -0.002557651727371076759, 9.849620036043013727, 3.241381161675787492 ) ) ;
#3913 = ORIENTED_EDGE ( 'NONE', *, *, #2465, .T. ) ;
#3914 = VECTOR ( 'NONE', #1294, 1000.000000000000000 ) ;
#3915 = ORIENTED_EDGE ( 'NONE', *, *, #2999, .F. ) ;
#3916 = EDGE_CURVE ( 'NONE', #3978, #3559, #2000, .T. ) ;
#3917 = CARTESIAN_POINT ( 'NONE',  ( 1.106557844718635275, 9.156214454895012622, 3.870720350631631668 ) ) ;
#3918 = AXIS2_PLACEMENT_3D ( 'NONE', #2429, #1381, #3722 ) ;
#3919 = AXIS2_PLACEMENT_3D ( 'NONE', #1643, #276, #2 ) ;
#3920 = CARTESIAN_POINT ( 'NONE',  ( -0.1996470916111590388, -6.261999999999995126, -3.134999999999998010 ) ) ;
#3921 = VERTEX_POINT ( 'NONE', #381 ) ;
#3922 = EDGE_CURVE ( 'NONE', #3631, #4077, #3656, .T. ) ;
#3923 = TOROIDAL_SURFACE ( 'NONE', #316, 4.055650958985219212, 0.7500000000000000000 ) ;
#3924 = AXIS2_PLACEMENT_3D ( 'NONE', #2829, #1228, #2519 ) ;
#3925 = CARTESIAN_POINT ( 'NONE',  ( 1.240898886949559632, 10.01406403167170645, -2.683497205740975833 ) ) ;
#3926 = CARTESIAN_POINT ( 'NONE',  ( -2.352471540987658205, 9.793564677197052148, 1.599999999999997202 ) ) ;
#3927 = DIRECTION ( 'NONE',  ( 1.396592535537252080E-14, 3.491481338843182265E-15, 1.000000000000000000 ) ) ;
#3928 = ORIENTED_EDGE ( 'NONE', *, *, #1219, .T. ) ;
#3929 = DIRECTION ( 'NONE',  ( 0.000000000000000000, 0.000000000000000000, -1.000000000000000000 ) ) ;
#3930 = CARTESIAN_POINT ( 'NONE',  ( 0.000000000000000000, 6.261999999999994237, -1.600000000000001865 ) ) ;
#3931 =( BOUNDED_SURFACE ( )  B_SPLINE_SURFACE ( 3, 2, ( 
 ( #1593, #2862, #3237 ),
 ( #1610, #1254, #2562 ),
 ( #1340, #317, #1274 ),
 ( #2627, #3876, #3194 ),
 ( #3917, #4150, #4194 ),
 ( #624, #645, #2607 ),
 ( #3896, #2901, #2881 ),
 ( #2542, #272, #3217 ),
 ( #1300, #340, #4170 ),
 ( #3855, #252, #2587 ),
 ( #954, #974, #2272 ),
 ( #3562, #2251, #3830 ),
 ( #995, #1938, #2318 ),
 ( #3606, #291, #2291 ),
 ( #1021, #1959, #1639 ),
 ( #2927, #4216, #1319 ),
 ( #3582, #669, #1983 ),
 ( #3520, #19, #3262 ) ),
 .UNSPECIFIED., .F., .F., .F. ) 
 B_SPLINE_SURFACE_WITH_KNOTS ( ( 4, 2, 2, 2, 2, 2, 2, 2, 4 ),
 ( 3, 3 ),
 ( 0.04836866936751370305, 0.04942548578482951205, 0.04968968988915846430, 0.04995389399348741655, 0.05008599604565189267, 0.05015204707173413073, 0.05021809809781636880, 0.05035020014998084492, 0.05048230220214532105 ),
 ( 0.000000000000000000, 1.000000000000000000 ),
 .UNSPECIFIED. ) 
 GEOMETRIC_REPRESENTATION_ITEM ( )  RATIONAL_B_SPLINE_SURFACE ( (
 ( 1.000000000000000000, 0.9960821193987030586, 1.000000000000000000),
 ( 1.000000000000000000, 0.9974785947403741471, 1.000000000000000000),
 ( 1.000000000000000000, 0.9985068892053065026, 1.000000000000000000),
 ( 1.000000000000000000, 0.9993308581108972799, 1.000000000000000000),
 ( 1.000000000000000000, 0.9994724968267857390, 1.000000000000000000),
 ( 1.000000000000000000, 0.9997090460532253031, 1.000000000000000000),
 ( 1.000000000000000000, 0.9998042639577535695, 1.000000000000000000),
 ( 1.000000000000000000, 0.9999098013608098690, 1.000000000000000000),
 ( 1.000000000000000000, 0.9999392780023449445, 1.000000000000000000),
 ( 1.000000000000000000, 0.9999687061038329272, 1.000000000000000000),
 ( 1.000000000000000000, 0.9999758433551835246, 1.000000000000000000),
 ( 1.000000000000000000, 0.9999782869402704666, 1.000000000000000000),
 ( 1.000000000000000000, 0.9999730971529574575, 1.000000000000000000),
 ( 1.000000000000000000, 0.9999472885370491726, 1.000000000000000000),
 ( 1.000000000000000000, 0.9999191503517709245, 1.000000000000000000),
 ( 1.000000000000000000, 0.9998520526894528748, 1.000000000000000000),
 ( 1.000000000000000000, 0.9998123050224445585, 1.000000000000000000),
 ( 1.000000000000000000, 0.9997667823650725483, 1.000000000000000000) ) ) 
 REPRESENTATION_ITEM ( '' )  SURFACE ( )  );
#3932 = CARTESIAN_POINT ( 'NONE',  ( 19.09653955668780156, -6.501697944991122746, 4.383450260342938165 ) ) ;
#3933 = CARTESIAN_POINT ( 'NONE',  ( 1.365797004414552651, 10.33817928217875348, 1.112544887931215865 ) ) ;
#3934 = DIRECTION ( 'NONE',  ( 0.000000000000000000, 0.000000000000000000, -1.000000000000000000 ) ) ;
#3935 = CARTESIAN_POINT ( 'NONE',  ( 0.5338832347912667586, 10.83113694438519126, -0.2269493235674040488 ) ) ;
#3936 = CARTESIAN_POINT ( 'NONE',  ( 1.149999999999997247, 10.11051762708977719, 1.241415391323825501 ) ) ;
#3937 = CARTESIAN_POINT ( 'NONE',  ( -0.3540686473447093308, 10.93858724957154571, -1.184869038478893577 ) ) ;
#3938 = ORIENTED_EDGE ( 'NONE', *, *, #700, .T. ) ;
#3939 = DIRECTION ( 'NONE',  ( 0.000000000000000000, 0.000000000000000000, -1.000000000000000000 ) ) ;
#3940 = B_SPLINE_CURVE_WITH_KNOTS ( 'NONE', 3,
 ( #2217, #260, #2576, #2513 ),
 .UNSPECIFIED., .F., .F.,
 ( 4, 4 ),
 ( 7.705205957602454057E-05, 0.0009596423998740756089 ),
 .UNSPECIFIED. ) ;
#3941 = CARTESIAN_POINT ( 'NONE',  ( 2.076278242395396489, 6.641640519110244334, 4.351022450397921126 ) ) ;
#3942 = B_SPLINE_CURVE_WITH_KNOTS ( 'NONE', 3,
 ( #2057, #2702, #724, #2739, #433, #1073 ),
 .UNSPECIFIED., .F., .F.,
 ( 4, 2, 4 ),
 ( 0.000000000000000000, 0.0002817145461785544982, 0.0005634290923571089963 ),
 .UNSPECIFIED. ) ;
#3943 = ORIENTED_EDGE ( 'NONE', *, *, #3665, .T. ) ;
#3944 = CARTESIAN_POINT ( 'NONE',  ( 1.176239505655764184, 10.03239570341433229, -2.683499106886286345 ) ) ;
#3945 = EDGE_CURVE ( 'NONE', #1080, #2722, #1363, .T. ) ;
#3946 = CARTESIAN_POINT ( 'NONE',  ( -3.069781335596185379, 9.637454074290198847, 1.599992919979010164 ) ) ;
#3947 = CARTESIAN_POINT ( 'NONE',  ( 1.150000000000004796, -8.429633665186539559, 3.696293994026309981 ) ) ;
#3948 = ORIENTED_EDGE ( 'NONE', *, *, #3459, .T. ) ;
#3949 = CARTESIAN_POINT ( 'NONE',  ( 0.8237170169971157474, 9.134251941129658547, -3.889999834757502217 ) ) ;
#3950 = CARTESIAN_POINT ( 'NONE',  ( 1.150000000011959234, 9.984147342631752409, 2.831431225478611591 ) ) ;
#3951 = CARTESIAN_POINT ( 'NONE',  ( 0.3934827538523517632, 10.79817339060939929, 1.112514415094548292 ) ) ;
#3952 = CARTESIAN_POINT ( 'NONE',  ( -0.01443789841769662838, 9.860477513853910025, 3.229292467837489244 ) ) ;
#3953 = CARTESIAN_POINT ( 'NONE',  ( 0.3411682724974502423, 10.95011028706210610, -0.3404387433549756481 ) ) ;
#3954 = CARTESIAN_POINT ( 'NONE',  ( 1.138267969729176210, 9.650163152365301755, -2.951989562090749697 ) ) ;
#3955 = CARTESIAN_POINT ( 'NONE',  ( 0.05015548641704744431, 11.05511984118740010, -0.7647175710887521571 ) ) ;
#3956 = CARTESIAN_POINT ( 'NONE',  ( 4.549999999999999822, -6.310571018243626540, 0.8886726564516821414 ) ) ;
#3957 = ORIENTED_EDGE ( 'NONE', *, *, #1850, .T. ) ;
#3958 = CARTESIAN_POINT ( 'NONE',  ( 0.000000000000000000, -8.171521029814066139, 3.852950934858903054 ) ) ;
#3959 = CARTESIAN_POINT ( 'NONE',  ( 0.3288577465645654563, 9.767492243316846512, 3.330023045748353727 ) ) ;
#3960 = VERTEX_POINT ( 'NONE', #1680 ) ;
#3961 = CARTESIAN_POINT ( 'NONE',  ( 0.3150591075911927108, 10.26361129432967090, -2.683524295442097252 ) ) ;
#3962 = CARTESIAN_POINT ( 'NONE',  ( 0.8638961090485556271, 9.185531169235813920, -3.847444346792797898 ) ) ;
#3963 = CARTESIAN_POINT ( 'NONE',  ( 1.202159038155731885, 9.829383919192126839, -3.015880630517305594 ) ) ;
#3964 = ORIENTED_EDGE ( 'NONE', *, *, #3916, .F. ) ;
#3965 = ADVANCED_FACE ( 'NONE', ( #2966 ), #1216, .T. ) ;
#3966 = CARTESIAN_POINT ( 'NONE',  ( 1.149999999987485033, 10.43678535544790797, 0.5053249935135837312 ) ) ;
#3967 = EDGE_CURVE ( 'NONE', #2456, #1590, #2946, .T. ) ;
#3968 = CARTESIAN_POINT ( 'NONE',  ( 1.177024378242723657, 10.45290453497803185, 0.4894588853320974708 ) ) ;
#3969 = CYLINDRICAL_SURFACE ( 'NONE', #1689, 10.00000000000000000 ) ;
#3970 = CARTESIAN_POINT ( 'NONE',  ( 0.03401421565426343552, 11.04550454739746712, -0.6808971070009057769 ) ) ;
#3971 = DIRECTION ( 'NONE',  ( 0.000000000000000000, -0.7084099475425459369, 0.7058012087144420743 ) ) ;
#3972 = CARTESIAN_POINT ( 'NONE',  ( 0.07427662506933734032, 11.07665652753532193, -0.6260645901048388362 ) ) ;
#3973 = CARTESIAN_POINT ( 'NONE',  ( 2.380521621447369007, 9.380695094711553494, 3.590177503380727941 ) ) ;
#3974 = VERTEX_POINT ( 'NONE', #292 ) ;
#3975 = LINE ( 'NONE', #1040, #3440 ) ;
#3976 = CONICAL_SURFACE ( 'NONE', #3511, 3.134999999999998010, 1.047197551196600074 ) ;
#3977 = CARTESIAN_POINT ( 'NONE',  ( 0.5120514853204997108, 9.731309478409201574, 3.367838202125988278 ) ) ;
#3978 = VERTEX_POINT ( 'NONE', #2988 ) ;
#3979 = AXIS2_PLACEMENT_3D ( 'NONE', #842, #1745, #451 ) ;
#3980 = CARTESIAN_POINT ( 'NONE',  ( -0.2177801369322878988, 10.57476247951254145, -2.356443289580520073 ) ) ;
#3981 = CARTESIAN_POINT ( 'NONE',  ( 1.012440635919898968, 9.140082873611129699, -3.884545076344472658 ) ) ;
#3982 = SPHERICAL_SURFACE ( 'NONE', #1626, 3.635000000000000231 ) ;
#3983 = AXIS2_PLACEMENT_3D ( 'NONE', #3765, #1234, #1139 ) ;
#3984 = AXIS2_PLACEMENT_3D ( 'NONE', #853, #525, #920 ) ;
#3985 = ORIENTED_EDGE ( 'NONE', *, *, #885, .F. ) ;
#3986 = CARTESIAN_POINT ( 'NONE',  ( 0.8899790698577469961, 10.30342203783959398, 2.082401840573577356 ) ) ;
#3987 = CIRCLE ( 'NONE', #171, 10.00000000000000000 ) ;
#3988 = AXIS2_PLACEMENT_3D ( 'NONE', #2353, #3664, #1419 ) ;
#3989 = ORIENTED_EDGE ( 'NONE', *, *, #1875, .T. ) ;
#3990 = VECTOR ( 'NONE', #3522, 1000.000000000000000 ) ;
#3991 = CARTESIAN_POINT ( 'NONE',  ( 0.3275482774047587808, 10.83343664001263384, 1.112512307064781547 ) ) ;
#3992 = CARTESIAN_POINT ( 'NONE',  ( -0.3999999999999999667, -6.261999999999995126, -3.584999999999998632 ) ) ;
#3993 = CARTESIAN_POINT ( 'NONE',  ( 1.180416820179513993, 10.46163439982306542, -0.3404115061491218563 ) ) ;
#3994 = ADVANCED_FACE ( 'NONE', ( #625 ), #1499, .F. ) ;
#3995 = FACE_OUTER_BOUND ( 'NONE', #3112, .T. ) ;
#3996 = CARTESIAN_POINT ( 'NONE',  ( -0.3294000650097588800, 11.08579843915815566, 0.07333478068434959307 ) ) ;
#3997 = CARTESIAN_POINT ( 'NONE',  ( 0.5325727401699928976, 9.894540809845459250, 3.164356919877103103 ) ) ;
#3998 = VERTEX_POINT ( 'NONE', #3857 ) ;
#3999 = CARTESIAN_POINT ( 'NONE',  ( 2.076278242395381390, 7.138186771130082597, -3.889999834757488006 ) ) ;
#4000 = CARTESIAN_POINT ( 'NONE',  ( 0.02242437725063116741, 9.821504227085243954, 3.272178885293732353 ) ) ;
#4001 = VERTEX_POINT ( 'NONE', #2253 ) ;
#4002 = CARTESIAN_POINT ( 'NONE',  ( -0.2268752014108491311, 10.57723726552385379, -2.356443555937041356 ) ) ;
#4003 = CARTESIAN_POINT ( 'NONE',  ( 0.7357343913193520324, 9.250738979904243209, -3.800289948681457197 ) ) ;
#4004 = PLANE ( 'NONE',  #2501 ) ;
#4005 = VERTEX_POINT ( 'NONE', #341 ) ;
#4006 = EDGE_CURVE ( 'NONE', #2132, #3219, #2307, .T. ) ;
#4007 = CARTESIAN_POINT ( 'NONE',  ( -0.08867513459481161930, -6.261999999999995126, -3.134999999999998010 ) ) ;
#4008 = VERTEX_POINT ( 'NONE', #1079 ) ;
#4009 = CARTESIAN_POINT ( 'NONE',  ( -0.04330646275729993500, 10.84523077743523167, 1.735582183815301160 ) ) ;
#4010 = CARTESIAN_POINT ( 'NONE',  ( 0.000000000000000000, 6.450940218077469979, 4.389999007942277487 ) ) ;
#4011 = CARTESIAN_POINT ( 'NONE',  ( -0.04045184425001659839, 11.06938279523646962, -0.6808993247659531622 ) ) ;
#4012 = DIRECTION ( 'NONE',  ( -1.000000000000000000, -0.000000000000000000, -0.000000000000000000 ) ) ;
#4013 = CARTESIAN_POINT ( 'NONE',  ( -0.3291608174321850044, 11.08394886777238142, -0.1526513545351183554 ) ) ;
#4014 = DIRECTION ( 'NONE',  ( 0.000000000000000000, 0.000000000000000000, 1.000000000000000000 ) ) ;
#4015 = EDGE_LOOP ( 'NONE', ( #926, #1361, #1641, #4152, #2460, #159, #2500, #3883, #4045, #1398, #3107, #2270, #3957, #2989, #4202, #2288, #2963, #2779, #1115, #3347 ) ) ;
#4016 = CARTESIAN_POINT ( 'NONE',  ( 0.3730340795285175259, 10.95128756448395535, 0.1333806315570067458 ) ) ;
#4017 = EDGE_CURVE ( 'NONE', #3559, #1609, #770, .T. ) ;
#4018 = DIRECTION ( 'NONE',  ( -1.000000000000000000, -0.000000000000000000, -0.000000000000000000 ) ) ;
#4019 = CARTESIAN_POINT ( 'NONE',  ( 0.1022111509539056079, 9.820961731648452542, 3.272848119276607903 ) ) ;
#4020 = ORIENTED_EDGE ( 'NONE', *, *, #4192, .F. ) ;
#4021 = EDGE_CURVE ( 'NONE', #688, #269, #2641, .T. ) ;
#4022 = CARTESIAN_POINT ( 'NONE',  ( 1.149999999999999911, 9.554961344655756861, 2.926108329412971276 ) ) ;
#4023 = CARTESIAN_POINT ( 'NONE',  ( 0.4408737208548975106, 10.58987259018243599, -1.802361526006600378 ) ) ;
#4024 = CARTESIAN_POINT ( 'NONE',  ( 0.8893579770520813055, 9.201948880465492309, -3.832814203603478465 ) ) ;
#4025 = CARTESIAN_POINT ( 'NONE',  ( 0.000000000000000000, -6.261999999999995126, 0.000000000000000000 ) ) ;
#4026 = ORIENTED_EDGE ( 'NONE', *, *, #1854, .T. ) ;
#4027 = CARTESIAN_POINT ( 'NONE',  ( 19.09653955668780156, -6.501095278523538745, -4.383483174088926404 ) ) ;
#4028 = EDGE_LOOP ( 'NONE', ( #2394, #1322, #3278, #2692, #58 ) ) ;
#4029 = CARTESIAN_POINT ( 'NONE',  ( 0.9515999376220088957, 10.38772342695536821, 1.735613230016372910 ) ) ;
#4030 = CARTESIAN_POINT ( 'NONE',  ( -0.05549246695431795523, 10.02814114366720588, -3.032493868308122398 ) ) ;
#4031 = CARTESIAN_POINT ( 'NONE',  ( 1.150000000000001021, 9.572770002351683516, -2.963721592361574952 ) ) ;
#4032 = CARTESIAN_POINT ( 'NONE',  ( 0.1080820493256381271, 10.22213932391265345, -2.754436661683811405 ) ) ;
#4033 = CARTESIAN_POINT ( 'NONE',  ( -1.923583135921872023, 9.464558893077953172, 1.599992919978994177 ) ) ;
#4034 = CARTESIAN_POINT ( 'NONE',  ( -1.883181166592885925, 9.406858901112229887, -1.600000000000042277 ) ) ;
#4035 = CARTESIAN_POINT ( 'NONE',  ( 0.04926084309649067516, 11.08509780910187992, 0.1333706822929725810 ) ) ;
#4036 = PLANE ( 'NONE',  #1819 ) ;
#4037 = CARTESIAN_POINT ( 'NONE',  ( 0.1753675299954016720, 9.793572461298863274, 3.302313444719036983 ) ) ;
#4038 = ADVANCED_FACE ( 'NONE', ( #815 ), #2904, .T. ) ;
#4039 = ORIENTED_EDGE ( 'NONE', *, *, #3647, .F. ) ;
#4040 = B_SPLINE_CURVE_WITH_KNOTS ( 'NONE', 3,
 ( #3704, #141, #367, #1445 ),
 .UNSPECIFIED., .F., .F.,
 ( 4, 4 ),
 ( 0.000000000000000000, 0.0001864579923307547115 ),
 .UNSPECIFIED. ) ;
#4041 = CARTESIAN_POINT ( 'NONE',  ( 1.150000000000005240, -8.171469569021457602, 3.852976439062405500 ) ) ;
#4042 = CARTESIAN_POINT ( 'NONE',  ( -0.2238435132513287296, 10.57641233685341753, -2.356443467151534410 ) ) ;
#4043 = CARTESIAN_POINT ( 'NONE',  ( 0.6771952377437416848, 9.829048305209560965, -3.268507917326954004 ) ) ;
#4044 = CARTESIAN_POINT ( 'NONE',  ( -0.1996470916111595106, 8.896055631914641992, -1.699992919979002481 ) ) ;
#4045 = ORIENTED_EDGE ( 'NONE', *, *, #2412, .F. ) ;
#4046 = DIRECTION ( 'NONE',  ( -1.000000000000000000, -0.000000000000000000, -0.000000000000000000 ) ) ;
#4047 = AXIS2_PLACEMENT_3D ( 'NONE', #2793, #205, #2457 ) ;
#4048 = COLOUR_RGB ( '',0.7921568627450980005, 0.8196078431372548767, 0.9333333333333333481 ) ;
#4049 = ORIENTED_EDGE ( 'NONE', *, *, #717, .T. ) ;
#4050 = VECTOR ( 'NONE', #1404, 1000.000000000000000 ) ;
#4052 = VECTOR ( 'NONE', #1679, 1000.000000000000114 ) ;
#4051 = CARTESIAN_POINT ( 'NONE',  ( 0.5684564584069572435, 10.41646153001722475, 2.269636270143855494 ) ) ;
#4053 = CARTESIAN_POINT ( 'NONE',  ( 0.7795099027721361651, 9.918483645212399225, -3.092195698785093150 ) ) ;
#4054 = DIRECTION ( 'NONE',  ( 0.000000000000000000, -0.8870589436507640979, -0.4616561821195406257 ) ) ;
#4055 = CARTESIAN_POINT ( 'NONE',  ( -0.02582255151808269047, 9.895706109908688930, -3.189528799814326021 ) ) ;
#4056 = CARTESIAN_POINT ( 'NONE',  ( 0.2936340439773596489, 10.70863759915912361, 1.573724535396354707 ) ) ;
#4057 = CARTESIAN_POINT ( 'NONE',  ( 0.7551312807231809199, 9.187741084808788372, 3.849280584408753203 ) ) ;
#4058 = CARTESIAN_POINT ( 'NONE',  ( 0.1257643415533377662, 9.344940803924297157, -1.672175621826545777 ) ) ;
#4059 = DIRECTION ( 'NONE',  ( 1.000000000000000000, 0.000000000000000000, 0.000000000000000000 ) ) ;
#4060 = ORIENTED_EDGE ( 'NONE', *, *, #2487, .T. ) ;
#4061 = VERTEX_POINT ( 'NONE', #2393 ) ;
#4062 = PLANE ( 'NONE',  #380 ) ;
#4063 = CARTESIAN_POINT ( 'NONE',  ( 0.06347382695873649006, 10.49366840631711462, -2.356435006164457224 ) ) ;
#4064 = CARTESIAN_POINT ( 'NONE',  ( 2.076278242395382279, 7.138186732112421495, -4.390000053629477428 ) ) ;
#4065 = VERTEX_POINT ( 'NONE', #3341 ) ;
#4066 = CARTESIAN_POINT ( 'NONE',  ( -0.3999999999999999667, 6.261999999999995126, -3.584999999999999964 ) ) ;
#4067 = VERTEX_POINT ( 'NONE', #1758 ) ;
#4068 = CARTESIAN_POINT ( 'NONE',  ( -0.1066158702092044885, 10.87197919043405037, 1.735580232406774837 ) ) ;
#4069 = CARTESIAN_POINT ( 'NONE',  ( -0.3540717723623781898, 10.93860983450373325, -1.184778385279306567 ) ) ;
#4070 = CARTESIAN_POINT ( 'NONE',  ( -0.3999999999999999667, -6.261999999999994237, 3.584999999999995524 ) ) ;
#4071 = FACE_OUTER_BOUND ( 'NONE', #2437, .T. ) ;
#4072 = CARTESIAN_POINT ( 'NONE',  ( 0.02462416416974934699, 9.939042415396574626, -3.138157248822213585 ) ) ;
#4073 = LINE ( 'NONE', #2535, #3307 ) ;
#4074 = CARTESIAN_POINT ( 'NONE',  ( 0.5358418951544181574, 10.83623997656922100, 0.08892970442459402491 ) ) ;
#4075 = DIRECTION ( 'NONE',  ( 0.000000000000000000, -2.770238703252648603E-16, -1.000000000000000000 ) ) ;
#4076 = CARTESIAN_POINT ( 'NONE',  ( 1.731219741903115228, 9.263164182185988693, -3.761468818403529202 ) ) ;
#4077 = VERTEX_POINT ( 'NONE', #1462 ) ;
#4078 = B_SPLINE_CURVE_WITH_KNOTS ( 'NONE', 3,
 ( #2017, #1054, #356, #1336 ),
 .UNSPECIFIED., .F., .F.,
 ( 4, 4 ),
 ( 0.0002259422854767671436, 0.0002901637399068668615 ),
 .UNSPECIFIED. ) ;
#4079 = CARTESIAN_POINT ( 'NONE',  ( 0.000000000000000000, 6.261999999999995126, -3.006671916513725129E-15 ) ) ;
#4080 = CARTESIAN_POINT ( 'NONE',  ( -0.07464002059328948835, 10.97201544325555567, -1.248314634893935793 ) ) ;
#4081 = B_SPLINE_CURVE_WITH_KNOTS ( 'NONE', 3,
 ( #1946, #2870, #3799, #3819, #2890, #938, #3530, #1308, #4179, #1881 ),
 .UNSPECIFIED., .F., .F.,
 ( 4, 2, 2, 2, 4 ),
 ( 0.000000000000000000, 0.0003264472977567538237, 0.0006528945955135076473, 0.0009793418932702614710, 0.001305789191027015295 ),
 .UNSPECIFIED. ) ;
#4082 = CARTESIAN_POINT ( 'NONE',  ( 1.085178607136989770, 9.824893753830174603, -2.898900199498564145 ) ) ;
#4083 = EDGE_LOOP ( 'NONE', ( #289, #17, #3052, #1401 ) ) ;
#4084 = EDGE_CURVE ( 'NONE', #1203, #4214, #3386, .T. ) ;
#4085 = DIRECTION ( 'NONE',  ( 1.000000000000000000, 0.000000000000000000, 0.000000000000000000 ) ) ;
#4086 = APPLICATION_CONTEXT ( 'automotive_design' ) ;
#4087 = DIRECTION ( 'NONE',  ( -1.850135907414049806E-12, -0.7014416897145402396, -0.7127268452432606871 ) ) ;
#4088 = ORIENTED_EDGE ( 'NONE', *, *, #1569, .T. ) ;
#4089 = ADVANCED_FACE ( 'NONE', ( #731 ), #3045, .F. ) ;
#4090 = CARTESIAN_POINT ( 'NONE',  ( 1.236361801642713587, 10.00273416309561547, 2.803691690709696704 ) ) ;
#4091 = CARTESIAN_POINT ( 'NONE',  ( -0.1072235928842070890, 10.20866323834052913, 2.795029726507775703 ) ) ;
#4092 = CARTESIAN_POINT ( 'NONE',  ( -0.08867513459481156379, 8.896055631914641992, -1.699992919979002481 ) ) ;
#4093 = CARTESIAN_POINT ( 'NONE',  ( 0.2052310436835177165, 10.47201405932827356, -2.267484524633430532 ) ) ;
#4094 = ADVANCED_FACE ( 'NONE', ( #401 ), #3331, .F. ) ;
#4095 = CARTESIAN_POINT ( 'NONE',  ( 1.363067544789015706, 9.712584383996309967, -3.176789137150589415 ) ) ;
#4096 = CARTESIAN_POINT ( 'NONE',  ( 1.300344240188099576, 10.44736172599122526, 0.1334103607054760166 ) ) ;
#4097 = DIRECTION ( 'NONE',  ( 1.000000000000000000, 0.000000000000000000, 0.000000000000000000 ) ) ;
#4098 = CARTESIAN_POINT ( 'NONE',  ( 1.137691020432833433, 9.641181598090110327, 2.973729593232926405 ) ) ;
#4099 = VERTEX_POINT ( 'NONE', #202 ) ;
#4100 = ORIENTED_EDGE ( 'NONE', *, *, #2005, .T. ) ;
#4101 = CARTESIAN_POINT ( 'NONE',  ( 19.09653955668780156, 7.138186771130077268, -3.889999834757501773 ) ) ;
#4102 = B_SPLINE_CURVE_WITH_KNOTS ( 'NONE', 3,
 ( #3947, #2277, #297, #2008 ),
 .UNSPECIFIED., .F., .F.,
 ( 4, 4 ),
 ( 0.000000000000000000, 0.3781715881740768115 ),
 .UNSPECIFIED. ) ;
#4103 = CARTESIAN_POINT ( 'NONE',  ( 0.6462666550147061484, 10.61791749660621065, -1.248291907967802761 ) ) ;
#4104 = DIRECTION ( 'NONE',  ( 0.000000000000000000, -0.8862963608410195926, 0.4631185169694311266 ) ) ;
#4105 = ORIENTED_EDGE ( 'NONE', *, *, #3280, .T. ) ;
#4106 = LINE ( 'NONE', #891, #1555 ) ;
#4107 = CARTESIAN_POINT ( 'NONE',  ( 1.149999999999999911, -6.261999999999995126, -3.635000000000002007 ) ) ;
#4108 = VECTOR ( 'NONE', #3383, 1000.000000000000114 ) ;
#4109 = ORIENTED_EDGE ( 'NONE', *, *, #27, .T. ) ;
#4110 = CARTESIAN_POINT ( 'NONE',  ( -0.4655943305132049792, 9.750517702889451854, 3.337682648961191045 ) ) ;
#4111 = CARTESIAN_POINT ( 'NONE',  ( 1.149999999999988809, 9.940882437755220735, -1.977836243022447871 ) ) ;
#4112 = CARTESIAN_POINT ( 'NONE',  ( -0.01933946715794675891, 11.09810038245950459, -0.2269667154052791014 ) ) ;
#4113 = LINE ( 'NONE', #2515, #2103 ) ;
#4114 = CARTESIAN_POINT ( 'NONE',  ( 0.2455532983705030758, 10.57809443019885087, -1.996282560863441358 ) ) ;
#4115 = VECTOR ( 'NONE', #182, 1000.000000000000000 ) ;
#4116 = VECTOR ( 'NONE', #2340, 1000.000000000000000 ) ;
#4117 = CARTESIAN_POINT ( 'NONE',  ( -0.1996470916111585669, 8.896055631914638440, 1.699992919978997818 ) ) ;
#4118 = CARTESIAN_POINT ( 'NONE',  ( 1.247750887265784314, 10.45042456701533951, 0.2669116914893737702 ) ) ;
#4119 = CARTESIAN_POINT ( 'NONE',  ( 0.05886229336598408635, 9.195564607126003764, -1.699992919979002481 ) ) ;
#4120 = AXIS2_PLACEMENT_3D ( 'NONE', #3473, #1915, #2766 ) ;
#4121 = AXIS2_PLACEMENT_3D ( 'NONE', #547, #3514, #2583 ) ;
#4122 = DIRECTION ( 'NONE',  ( -1.101173619840757227E-14, -7.710500694901796316E-15, -1.000000000000000000 ) ) ;
#4123 = CARTESIAN_POINT ( 'NONE',  ( 19.09653955668778025, -8.170991283934711191, -3.853213431357450869 ) ) ;
#4124 =( NAMED_UNIT ( * ) PLANE_ANGLE_UNIT ( ) SI_UNIT ( $, .RADIAN. ) );
#4125 = ORIENTED_EDGE ( 'NONE', *, *, #2322, .T. ) ;
#4126 = VERTEX_POINT ( 'NONE', #571 ) ;
#4127 = DIRECTION ( 'NONE',  ( -1.000000000000000000, -0.000000000000000000, -0.000000000000000000 ) ) ;
#4128 = CARTESIAN_POINT ( 'NONE',  ( -0.06591251222760072248, 10.96858771732567917, -1.248314368537414953 ) ) ;
#4129 = CARTESIAN_POINT ( 'NONE',  ( -3.635000000000000231, -6.261999999999995126, -1.996230707533095987E-16 ) ) ;
#4130 = ORIENTED_EDGE ( 'NONE', *, *, #3159, .T. ) ;
#4131 = FACE_OUTER_BOUND ( 'NONE', #2550, .T. ) ;
#4132 = CARTESIAN_POINT ( 'NONE',  ( 0.9272504172946630652, 10.54596509179871511, 0.5302577141973683350 ) ) ;
#4133 = ORIENTED_EDGE ( 'NONE', *, *, #2083, .F. ) ;
#4134 = PRODUCT_RELATED_PRODUCT_CATEGORY ( 'part', '', ( #490 ) ) ;
#4135 = CARTESIAN_POINT ( 'NONE',  ( -0.3071512398375754183, 10.34346289872089741, 2.803647297956208817 ) ) ;
#4136 = CARTESIAN_POINT ( 'NONE',  ( 1.149999999998076783, 10.36346346649722427, -1.289109124775753568 ) ) ;
#4137 = CARTESIAN_POINT ( 'NONE',  ( 0.6812066978148905161, 10.70860993552003748, 0.08893486194183843063 ) ) ;
#4138 = B_SPLINE_CURVE_WITH_KNOTS ( 'NONE', 3,
 ( #3269, #1328, #1762, #1686, #48, #2727, #118, #792, #2594, #2107 ),
 .UNSPECIFIED., .F., .F.,
 ( 4, 2, 2, 2, 4 ),
 ( 0.0004260481977961087536, 0.0008052192491462665819, 0.0009948047748213457130, 0.001089597537658886037, 0.001184390300496426145 ),
 .UNSPECIFIED. ) ;
#4139 = FACE_OUTER_BOUND ( 'NONE', #2250, .T. ) ;
#4140 = CARTESIAN_POINT ( 'NONE',  ( 1.149999999999999911, 6.261999999999995126, -3.006671916513725129E-15 ) ) ;
#4141 = CARTESIAN_POINT ( 'NONE',  ( -0.2750266246978102513, 9.095893852540767099, 1.699992919978997818 ) ) ;
#4142 = CARTESIAN_POINT ( 'NONE',  ( 0.3640626172907915903, 10.92804888825953036, 0.4003861434176395062 ) ) ;
#4143 = CARTESIAN_POINT ( 'NONE',  ( -0.3867759588157876349, 9.495564135125004412, -1.479716725499537588 ) ) ;
#4144 = CARTESIAN_POINT ( 'NONE',  ( 0.1815309786295445926, 9.821225264511063813, -3.272727350010073533 ) ) ;
#4145 = LINE ( 'NONE', #3105, #3241 ) ;
#4146 = DIRECTION ( 'NONE',  ( 0.000000000000000000, 1.065120214249759556E-13, -1.000000000000000000 ) ) ;
#4147 = ORIENTED_EDGE ( 'NONE', *, *, #2626, .F. ) ;
#4148 = ORIENTED_EDGE ( 'NONE', *, *, #2487, .F. ) ;
#4149 = ADVANCED_FACE ( 'NONE', ( #1526 ), #1821, .T. ) ;
#4150 = CARTESIAN_POINT ( 'NONE',  ( 0.9392531110130136751, 9.233901259343863188, 3.802859854530757922 ) ) ;
#4151 = CARTESIAN_POINT ( 'NONE',  ( -0.4500000000000001221, 9.195564607126003764, 1.699992919978997818 ) ) ;
#4152 = ORIENTED_EDGE ( 'NONE', *, *, #309, .F. ) ;
#4153 = CARTESIAN_POINT ( 'NONE',  ( -0.4652969700747356385, 9.750761702782781981, -3.337736353699332081 ) ) ;
#4154 = CARTESIAN_POINT ( 'NONE',  ( -0.3999999999999999667, 6.261999999999995126, -3.006671916513725129E-15 ) ) ;
#4155 = CARTESIAN_POINT ( 'NONE',  ( -0.03917769082573471784, 9.956630310949554641, -3.118784837498572493 ) ) ;
#4156 = EDGE_LOOP ( 'NONE', ( #314, #3234, #3475, #3708 ) ) ;
#4157 = CARTESIAN_POINT ( 'NONE',  ( 0.1221526903262321467, 9.763950107272489021, 3.337698089390540801 ) ) ;
#4158 = CARTESIAN_POINT ( 'NONE',  ( 1.223465631028150892E-05, 9.835860683542964722, -3.256527534283309766 ) ) ;
#4159 = CARTESIAN_POINT ( 'NONE',  ( 0.6091954091205724620, 10.77415244059776711, -0.06900723081278280213 ) ) ;
#4160 = CARTESIAN_POINT ( 'NONE',  ( 2.027107996559427860, 9.193092330430552295, 3.840829588921013560 ) ) ;
#4161 = CARTESIAN_POINT ( 'NONE',  ( 0.007120465373439371741, 9.839701892375057213, -3.252241236284167059 ) ) ;
#4162 = LINE ( 'NONE', #3554, #2232 ) ;
#4163 = B_SPLINE_CURVE_WITH_KNOTS ( 'NONE', 3,
 ( #2937, #3510, #1650, #10, #1007, #2618 ),
 .UNSPECIFIED., .F., .F.,
 ( 4, 2, 4 ),
 ( 2.024435831157486724E-07, 0.0002430258680930444002, 0.0004858492926029730498 ),
 .UNSPECIFIED. ) ;
#4164 = CARTESIAN_POINT ( 'NONE',  ( 0.1064658272095684727, 11.05122891204284841, 0.4003780567766248022 ) ) ;
#4165 = DIRECTION ( 'NONE',  ( 1.000000000000000000, 0.000000000000000000, 0.000000000000000000 ) ) ;
#4166 = CARTESIAN_POINT ( 'NONE',  ( 0.02871335720816045947, 9.832363523291986596, -3.260190860217625275 ) ) ;
#4167 = CARTESIAN_POINT ( 'NONE',  ( -0.05654313066921417413, 10.02912388097190188, 3.031250264286530882 ) ) ;
#4168 = ORIENTED_EDGE ( 'NONE', *, *, #2547, .F. ) ;
#4169 = VERTEX_POINT ( 'NONE', #3143 ) ;
#4170 = CARTESIAN_POINT ( 'NONE',  ( 0.7564647575912610833, 9.192917001676372379, 3.845339801728319351 ) ) ;
#4171 = DIRECTION ( 'NONE',  ( 0.000000000000000000, -1.000000000000000000, 2.409349533243497832E-16 ) ) ;
#4172 = VERTEX_POINT ( 'NONE', #3106 ) ;
#4173 = CARTESIAN_POINT ( 'NONE',  ( 0.003617194260902975664, 9.838890918954515286, 3.253187553062966142 ) ) ;
#4174 = EDGE_CURVE ( 'NONE', #2210, #470, #3245, .T. ) ;
#4175 = CARTESIAN_POINT ( 'NONE',  ( 1.267637815009937663, 9.432859599618469204, -3.559429250319031457 ) ) ;
#4176 = CARTESIAN_POINT ( 'NONE',  ( 0.000000000000000000, 9.133432793153119178, 3.889999834756399544 ) ) ;
#4177 = ORIENTED_EDGE ( 'NONE', *, *, #1378, .T. ) ;
#4178 = CARTESIAN_POINT ( 'NONE',  ( 0.2205942210624755040, 9.766919182613106543, 3.337700668149162997 ) ) ;
#4179 = CARTESIAN_POINT ( 'NONE',  ( -1.986783205378806594, 9.554818603733876259, -1.600000000000002975 ) ) ;
#4180 = CARTESIAN_POINT ( 'NONE',  ( 4.549999999999999822, 4.237426279435003273, 4.239999999602307668 ) ) ;
#4181 = CARTESIAN_POINT ( 'NONE',  ( 2.076278242395389384, 6.641640519110244334, 4.351022450397921126 ) ) ;
#4182 = CARTESIAN_POINT ( 'NONE',  ( 0.000000000000000000, -6.261999999999995126, 0.000000000000000000 ) ) ;
#4183 = AXIS2_PLACEMENT_3D ( 'NONE', #2201, #1588, #1268 ) ;
#4184 = CARTESIAN_POINT ( 'NONE',  ( 1.328828290666017153, 10.42824661459862234, 0.4004168231387639776 ) ) ;
#4185 = CARTESIAN_POINT ( 'NONE',  ( 0.000000000000000000, 5.570795175909512231, 5.482603939315559671 ) ) ;
#4186 = CARTESIAN_POINT ( 'NONE',  ( 0.1017338265554219717, 9.820924320763177562, -3.272891093530953643 ) ) ;
#4187 = VECTOR ( 'NONE', #1511, 1000.000000000000227 ) ;
#4188 = DIRECTION ( 'NONE',  ( -0.5735764363510502672, 0.8191520442889890230, 8.881784197001256268E-16 ) ) ;
#4189 = AXIS2_PLACEMENT_3D ( 'NONE', #1266, #2264, #658 ) ;
#4190 = VERTEX_POINT ( 'NONE', #2540 ) ;
#4191 = ORIENTED_EDGE ( 'NONE', *, *, #2895, .T. ) ;
#4192 = EDGE_CURVE ( 'NONE', #2635, #2320, #222, .T. ) ;
#4194 = CARTESIAN_POINT ( 'NONE',  ( 0.7722848652997159613, 9.319739369546736540, 3.744685050554763972 ) ) ;
#4193 = AXIS2_PLACEMENT_3D ( 'NONE', #2951, #2993, #2633 ) ;
#4195 = AXIS2_PLACEMENT_3D ( 'NONE', #3441, #522, #3118 ) ;
#4196 = DIRECTION ( 'NONE',  ( 0.000000000000000000, -2.386139581811289062E-16, 1.000000000000000000 ) ) ;
#4197 = CONICAL_SURFACE ( 'NONE', #1632, 3.584999999999996856, 1.151917306316257328 ) ;
#4198 = VERTEX_POINT ( 'NONE', #3494 ) ;
#4199 = CARTESIAN_POINT ( 'NONE',  ( -0.1183476013196559373, 9.758515402850221676, -3.337727237359284782 ) ) ;
#4200 = CARTESIAN_POINT ( 'NONE',  ( -0.04009614772045581865, 8.996198882140289399, 1.699992919978997818 ) ) ;
#4201 = FACE_OUTER_BOUND ( 'NONE', #91, .T. ) ;
#4202 = ORIENTED_EDGE ( 'NONE', *, *, #2949, .F. ) ;
#4203 = EDGE_CURVE ( 'NONE', #1127, #889, #3124, .T. ) ;
#4204 = CARTESIAN_POINT ( 'NONE',  ( 0.1158800330236310350, 10.28479101839994136, 2.803659109843262165 ) ) ;
#4205 = LINE ( 'NONE', #1621, #1618 ) ;
#4206 = CARTESIAN_POINT ( 'NONE',  ( 0.7184002747443447578, 10.67751609158533554, 0.08893616559467937277 ) ) ;
#4207 = CARTESIAN_POINT ( 'NONE',  ( 0.7576067078324285609, 9.201375085684153632, -3.838835172686051678 ) ) ;
#4208 = ADVANCED_BREP_SHAPE_REPRESENTATION ( 'Shell 1#_Male', ( #187, #4120 ), #3250 ) ;
#4209 = CARTESIAN_POINT ( 'NONE',  ( 0.04372982148162319477, 11.07077894972232635, 0.4003761941536052027 ) ) ;
#4210 = CARTESIAN_POINT ( 'NONE',  ( -0.3658544151964154834, 9.348192215774222547, -1.670109189572212216 ) ) ;
#4211 = CARTESIAN_POINT ( 'NONE',  ( 0.01303243651196678461, 10.99107951643750702, -1.021346354306786219 ) ) ;
#4212 = DIRECTION ( 'NONE',  ( 0.000000000000000000, 0.000000000000000000, 1.000000000000000000 ) ) ;
#4213 = CARTESIAN_POINT ( 'NONE',  ( -0.1072197401907089287, 10.20865171704817520, 2.795046367294159229 ) ) ;
#4214 = VERTEX_POINT ( 'NONE', #549 ) ;
#4215 = ORIENTED_EDGE ( 'NONE', *, *, #130, .T. ) ;
#4216 = CARTESIAN_POINT ( 'NONE',  ( 0.6553600628194148348, 9.174989000488936952, 3.856456287105856084 ) ) ;
#4217 = CARTESIAN_POINT ( 'NONE',  ( -0.3867865477066972368, 9.495564135125006189, 1.479776584681524509 ) ) ;
#4218 = ORIENTED_EDGE ( 'NONE', *, *, #2672, .T. ) ;
ENDSEC;
END-ISO-10303-21;
