ISO-10303-21;
HEADER;
FILE_DESCRIPTION (( 'STEP AP214' ),
    '1' );
FILE_NAME ('Shell 1#_Female.STEP',
    '2026-09-07T09:19:19',
    ( '' ),
    ( '' ),
    'SwSTEP 2.0',
    'SolidWorks 2026',
    '' );
FILE_SCHEMA (( 'AUTOMOTIVE_DESIGN' ));
ENDSEC;

DATA;
#1 = B_SPLINE_CURVE_WITH_KNOTS ( 'NONE', 3,
 ( #2343, #2378, #1392, #261 ),
 .UNSPECIFIED., .F., .F.,
 ( 4, 4 ),
 ( 0.000000000000000000, 0.0001741641140213180845 ),
 .UNSPECIFIED. ) ;
#2 = DIRECTION ( 'NONE',  ( 0.000000000000000000, 0.000000000000000000, 1.000000000000000000 ) ) ;
#3 = DIRECTION ( 'NONE',  ( 0.000000000000000000, 0.000000000000000000, -1.000000000000000000 ) ) ;
#4 = CARTESIAN_POINT ( 'NONE',  ( 3.373702192187630011, 9.859233945895883977, 2.091458036696800526 ) ) ;
#5 = EDGE_LOOP ( 'NONE', ( #1073, #224, #1180, #1328 ) ) ;
#6 = DIRECTION ( 'NONE',  ( -1.000000000000000000, -0.000000000000000000, -0.000000000000000000 ) ) ;
#7 = CARTESIAN_POINT ( 'NONE',  ( 4.467476086790495238, 10.26019316498324940, 1.349736675460863289 ) ) ;
#8 = ORIENTED_EDGE ( 'NONE', *, *, #1683, .T. ) ;
#9 = CARTESIAN_POINT ( 'NONE',  ( 6.501969978316490817, -7.450324774325971511, 4.239883357419818921 ) ) ;
#10 = CARTESIAN_POINT ( 'NONE',  ( 3.551522547488938031, 9.276697319029430844, 3.775919018206632227 ) ) ;
#11 = ORIENTED_EDGE ( 'NONE', *, *, #177, .F. ) ;
#12 = CARTESIAN_POINT ( 'NONE',  ( 9.571336310438859130, -8.211486031764103188, -2.747526645233643094 ) ) ;
#13 = CARTESIAN_POINT ( 'NONE',  ( 4.627073121796298594, 10.38828042219426884, -0.7446741456942834736 ) ) ;
#14 = ORIENTED_EDGE ( 'NONE', *, *, #963, .T. ) ;
#15 = PRODUCT_DEFINITION_CONTEXT ( 'detailed design', #1030, 'design' ) ;
#16 = DIRECTION ( 'NONE',  ( 0.000000000000000000, -1.000000000000000000, 1.838806884535415520E-16 ) ) ;
#17 = ORIENTED_EDGE ( 'NONE', *, *, #1901, .T. ) ;
#18 = EDGE_CURVE ( 'NONE', #1721, #644, #1591, .T. ) ;
#19 = CARTESIAN_POINT ( 'NONE',  ( 4.550000000000001599, -10.12182251198936100, -1.533996469770450455 ) ) ;
#20 = LINE ( 'NONE', #2088, #2061 ) ;
#21 = ADVANCED_FACE ( 'NONE', ( #1247 ), #454, .F. ) ;
#22 = DIRECTION ( 'NONE',  ( 0.000000000000000000, -0.000000000000000000, -1.000000000000000000 ) ) ;
#23 = ORIENTED_EDGE ( 'NONE', *, *, #684, .F. ) ;
#24 = FACE_BOUND ( 'NONE', #119, .T. ) ;
#25 = ORIENTED_EDGE ( 'NONE', *, *, #471, .T. ) ;
#26 = LINE ( 'NONE', #598, #512 ) ;
#27 = CARTESIAN_POINT ( 'NONE',  ( 3.346542915042701960, 9.162421770141675026, -3.868434360791087379 ) ) ;
#28 = AXIS2_PLACEMENT_3D ( 'NONE', #202, #2091, #2 ) ;
#29 = EDGE_LOOP ( 'NONE', ( #1710, #779, #2224, #758 ) ) ;
#30 = CIRCLE ( 'NONE', #2450, 4.239999999999998437 ) ;
#31 = FACE_OUTER_BOUND ( 'NONE', #1511, .T. ) ;
#32 = EDGE_CURVE ( 'NONE', #439, #2196, #1333, .T. ) ;
#33 = CIRCLE ( 'NONE', #160, 2.332809465001379312 ) ;
#34 = CARTESIAN_POINT ( 'NONE',  ( 4.549999999999999822, -8.004801739344850731, -3.749768870255572928 ) ) ;
#35 = EDGE_CURVE ( 'NONE', #2014, #1202, #1058, .T. ) ;
#36 = CARTESIAN_POINT ( 'NONE',  ( 8.199999999999999289, -6.261999999999995126, 0.000000000000000000 ) ) ;
#37 = VERTEX_POINT ( 'NONE', #656 ) ;
#38 = CARTESIAN_POINT ( 'NONE',  ( 5.102908318596294457, 10.04331770014022318, -3.013259360598362857 ) ) ;
#39 = CARTESIAN_POINT ( 'NONE',  ( 6.938893903907228378E-15, 6.660650521427178283, -4.161373646053880826 ) ) ;
#40 = B_SPLINE_SURFACE_WITH_KNOTS ( 'NONE', 3, 1, ( 
 ( #236, #466 ),
 ( #417, #1766 ),
 ( #2162, #1781 ),
 ( #68, #1578 ),
 ( #653, #2350 ),
 ( #272, #1965 ) ),
 .UNSPECIFIED., .F., .F., .F.,
 ( 4, 2, 4 ),
 ( 2, 2 ),
 ( 0.000000000000000000, 0.5000000000000000000, 1.000000000000000000 ),
 ( 0.000000000000000000, 1.000000000000000000 ),
 .UNSPECIFIED. ) ;
#41 = CARTESIAN_POINT ( 'NONE',  ( 4.671035822855161612, 10.43246861122322500, 0.2607380087475089647 ) ) ;
#42 = ORIENTED_EDGE ( 'NONE', *, *, #293, .T. ) ;
#43 = DIRECTION ( 'NONE',  ( 3.132139609402578401E-15, -1.000000000000000000, 0.000000000000000000 ) ) ;
#44 = CARTESIAN_POINT ( 'NONE',  ( 3.522987620718722290, 9.255025204768703162, 3.794760089421803428 ) ) ;
#45 = ORIENTED_EDGE ( 'NONE', *, *, #2092, .T. ) ;
#46 = EDGE_CURVE ( 'NONE', #74, #170, #993, .T. ) ;
#47 = CARTESIAN_POINT ( 'NONE',  ( 4.346986938427251701, 10.18206223805500699, 1.584217678593301537 ) ) ;
#48 = ORIENTED_EDGE ( 'NONE', *, *, #400, .T. ) ;
#49 = CARTESIAN_POINT ( 'NONE',  ( 4.328652834021710305, 9.499916983351258892, 3.590706223847166090 ) ) ;
#50 = B_SPLINE_CURVE_WITH_KNOTS ( 'NONE', 3,
 ( #1035, #1449, #117, #1074 ),
 .UNSPECIFIED., .F., .F.,
 ( 4, 4 ),
 ( 0.0001678995097901325251, 0.0004778857611930856101 ),
 .UNSPECIFIED. ) ;
#51 = ORIENTED_EDGE ( 'NONE', *, *, #1405, .T. ) ;
#52 = CARTESIAN_POINT ( 'NONE',  ( 0.000000000000000000, -7.654006135341403727, -4.195116001782190018 ) ) ;
#53 = CARTESIAN_POINT ( 'NONE',  ( 4.549999999999999822, -9.279975233265641776, 2.853629353073602548 ) ) ;
#54 = DIRECTION ( 'NONE',  ( 1.000000000000000000, 7.885106708985487062E-16, 0.000000000000000000 ) ) ;
#55 = DIRECTION ( 'NONE',  ( -1.000000000000000000, -0.000000000000000000, -0.000000000000000000 ) ) ;
#56 = EDGE_LOOP ( 'NONE', ( #970, #1724, #226 ) ) ;
#57 = CARTESIAN_POINT ( 'NONE',  ( 13.03499999999999837, -6.261999999999995126, 0.000000000000000000 ) ) ;
#58 = EDGE_CURVE ( 'NONE', #1282, #175, #1794, .T. ) ;
#59 = VERTEX_POINT ( 'NONE', #2380 ) ;
#60 = CARTESIAN_POINT ( 'NONE',  ( 4.449399254991330821, 9.565638210173942113, 3.530555473338193195 ) ) ;
#61 = CARTESIAN_POINT ( 'NONE',  ( 3.056470056075696995, 9.114589391030673227, 3.903880429470089286 ) ) ;
#62 = ADVANCED_FACE ( 'NONE', ( #1045 ), #734, .F. ) ;
#63 = ORIENTED_EDGE ( 'NONE', *, *, #281, .F. ) ;
#64 = DIRECTION ( 'NONE',  ( 0.000000000000000000, 2.386139581811289062E-16, 1.000000000000000000 ) ) ;
#65 = CIRCLE ( 'NONE', #591, 1.800000000000000044 ) ;
#66 = VECTOR ( 'NONE', #2237, 999.9999999999998863 ) ;
#67 = DIRECTION ( 'NONE',  ( -0.000000000000000000, 1.000000000000000000, -3.462798379065810878E-16 ) ) ;
#68 = CARTESIAN_POINT ( 'NONE',  ( 8.537252245508692994, 6.630424692705353173, 4.186191817603957865 ) ) ;
#69 = VECTOR ( 'NONE', #722, 1000.000000000000000 ) ;
#70 = CARTESIAN_POINT ( 'NONE',  ( 3.771420711703302509, 9.520754254137624883, 3.510865338018741344 ) ) ;
#71 = CIRCLE ( 'NONE', #1971, 2.000000000000000000 ) ;
#72 = AXIS2_PLACEMENT_3D ( 'NONE', #978, #81, #442 ) ;
#73 = CARTESIAN_POINT ( 'NONE',  ( 3.797757134669772494, 9.570274716052702857, -3.440717622316882274 ) ) ;
#74 = VERTEX_POINT ( 'NONE', #2215 ) ;
#75 = CARTESIAN_POINT ( 'NONE',  ( 4.269538302026104404, 9.469623235137557771, -3.617791684500661908 ) ) ;
#76 = CARTESIAN_POINT ( 'NONE',  ( 5.931960702944934383, 11.06125480022657470, -0.6689247463112633074 ) ) ;
#77 = ORIENTED_EDGE ( 'NONE', *, *, #1779, .T. ) ;
#78 = CARTESIAN_POINT ( 'NONE',  ( -3.849186171494982440E-17, -7.958988257155975354, -3.874300635251799463 ) ) ;
#79 = EDGE_CURVE ( 'NONE', #74, #2189, #1370, .T. ) ;
#80 = CARTESIAN_POINT ( 'NONE',  ( 3.366387837112243098, -10.89649544561490302, -1.390105118094076220 ) ) ;
#81 = DIRECTION ( 'NONE',  ( -1.000000000000000000, -7.885106708985487062E-16, 0.000000000000000000 ) ) ;
#82 = B_SPLINE_CURVE_WITH_KNOTS ( 'NONE', 3,
 ( #914, #1289, #2006, #1659, #1304, #2050, #314, #2203, #139, #348, #884, #1098, #1059, #2422, #363, #1644, #2022, #525, #733, #693 ),
 .UNSPECIFIED., .F., .F.,
 ( 4, 2, 2, 2, 2, 2, 2, 2, 2, 4 ),
 ( 0.002887855748434408568, 0.003828039087484416073, 0.004768222426534424012, 0.005708405765584430649, 0.006178497435109435269, 0.006413543269871936278, 0.006531066187253187216, 0.006589827645943813553, 0.006619208375289124986, 0.006648589104634436420 ),
 .UNSPECIFIED. ) ;
#83 = CYLINDRICAL_SURFACE ( 'NONE', #273, 1.800000000000000044 ) ;
#84 = CARTESIAN_POINT ( 'NONE',  ( 4.800000000000000711, -8.004837139158084369, -3.749776157497820339 ) ) ;
#85 = CARTESIAN_POINT ( 'NONE',  ( 11.57873880549538548, 0.9143526165037551001, -1.353988328412067288 ) ) ;
#86 = ORIENTED_EDGE ( 'NONE', *, *, #1350, .F. ) ;
#87 = CARTESIAN_POINT ( 'NONE',  ( 5.173309718451677419, 10.10865975334772138, 2.929265254267194418 ) ) ;
#88 = CARTESIAN_POINT ( 'NONE',  ( 5.523885643579225402, 10.47875589977421207, 2.378693187803170517 ) ) ;
#89 = ORIENTED_EDGE ( 'NONE', *, *, #1776, .F. ) ;
#90 = CARTESIAN_POINT ( 'NONE',  ( 3.469446951953614189E-15, -7.446239615916186771, -4.239976080324840524 ) ) ;
#91 = DIRECTION ( 'NONE',  ( -1.000000000000000000, -7.885106708985487062E-16, -0.000000000000000000 ) ) ;
#92 = ADVANCED_FACE ( 'NONE', ( #329 ), #140, .F. ) ;
#93 = FACE_OUTER_BOUND ( 'NONE', #1733, .T. ) ;
#94 = CARTESIAN_POINT ( 'NONE',  ( 3.783782481023643562, 9.542581072591014291, 3.480889798705540272 ) ) ;
#95 = EDGE_CURVE ( 'NONE', #2116, #1153, #780, .T. ) ;
#96 = CARTESIAN_POINT ( 'NONE',  ( 10.47279933653327078, -0.8855367164479726050, -2.838542641774414399 ) ) ;
#97 = CARTESIAN_POINT ( 'NONE',  ( 8.199999999999999289, 6.261999999999995126, -3.006671916513725129E-15 ) ) ;
#98 = CARTESIAN_POINT ( 'NONE',  ( 5.947833611694260725, 11.08889447642375714, 0.3249260215628810289 ) ) ;
#99 = PRODUCT ( 'Shell 1#_Female', 'Shell 1#_Female', '', ( #810 ) ) ;
#100 = ORIENTED_EDGE ( 'NONE', *, *, #1027, .F. ) ;
#101 = CARTESIAN_POINT ( 'NONE',  ( 4.170668037924420091, 10.08293096160935143, 1.306239989410613811 ) ) ;
#102 = CARTESIAN_POINT ( 'NONE',  ( 8.486334240068286405, 6.517984482298849080, 4.232505109824520773 ) ) ;
#103 = CARTESIAN_POINT ( 'NONE',  ( 6.469203430412938438, -7.438665600325211180, 4.240000000000001101 ) ) ;
#104 = VECTOR ( 'NONE', #930, 1000.000000000000000 ) ;
#105 = EDGE_LOOP ( 'NONE', ( #1504, #8, #1719, #399 ) ) ;
#106 = AXIS2_PLACEMENT_3D ( 'NONE', #2249, #324, #122 ) ;
#107 = ADVANCED_FACE ( 'NONE', ( #2423 ), #1332, .T. ) ;
#108 = CARTESIAN_POINT ( 'NONE',  ( 3.826816413920760773, 9.647617985259955731, 3.316612050610716178 ) ) ;
#109 = CIRCLE ( 'NONE', #1809, 1.800000000000000044 ) ;
#110 = CARTESIAN_POINT ( 'NONE',  ( 0.000000000000000000, -6.261999999999994237, 4.835000000000000853 ) ) ;
#111 = CARTESIAN_POINT ( 'NONE',  ( 1.734723475976807094E-15, -8.221202697780055857, 2.666493658414984314 ) ) ;
#112 = CARTESIAN_POINT ( 'NONE',  ( 3.186816435953113480, 9.133432793153119178, 3.889999834757287722 ) ) ;
#113 = EDGE_CURVE ( 'NONE', #175, #2449, #2009, .T. ) ;
#114 = CIRCLE ( 'NONE', #198, 1.250000000000000000 ) ;
#115 = B_SPLINE_CURVE_WITH_KNOTS ( 'NONE', 3,
 ( #381, #1120, #222, #1520, #9, #1729, #1507, #576, #418, #2090, #2444, #1882, #742, #188, #1131, #1896, #945, #1708, #1330, #2351 ),
 .UNSPECIFIED., .F., .F.,
 ( 4, 2, 1, 1, 2, 2, 2, 2, 2, 2, 4 ),
 ( 0.000000000000000000, 1.490195767059173190E-05, 2.980391534118346380E-05, 5.960783068236534874E-05, 0.0001192156613647299927, 0.0002384313227294593621, 0.0004768626454589212720, 0.0009537252909178486155, 0.001907450581835704820, 0.002861175872753561784, 0.003814901163671418315 ),
 .UNSPECIFIED. ) ;
#116 = VERTEX_POINT ( 'NONE', #778 ) ;
#117 = CARTESIAN_POINT ( 'NONE',  ( 8.097037890143980121, 7.333073169786596956, 3.473645363589425106 ) ) ;
#118 = CARTESIAN_POINT ( 'NONE',  ( 3.413283100013783322, 9.174702665796708345, 3.859209007755767917 ) ) ;
#119 = EDGE_LOOP ( 'NONE', ( #1837, #929, #1438, #774, #1163, #836 ) ) ;
#120 = B_SPLINE_CURVE_WITH_KNOTS ( 'NONE', 3,
 ( #2080, #1145, #766, #373, #189, #593, #1157, #383, #791, #1533 ),
 .UNSPECIFIED., .F., .F.,
 ( 4, 1, 1, 2, 2, 4 ),
 ( 0.000000000000000000, 0.2499999999999987788, 0.3749999999999986677, 0.4374999999999988898, 0.4999999999999991118, 1.000000000000000000 ),
 .UNSPECIFIED. ) ;
#121 = CARTESIAN_POINT ( 'NONE',  ( 3.809547773708678253, 9.970637909556611334, 1.334770739183335220 ) ) ;
#122 = DIRECTION ( 'NONE',  ( 0.000000000000000000, 0.000000000000000000, 1.000000000000000000 ) ) ;
#123 = CARTESIAN_POINT ( 'NONE',  ( 12.19332750557111034, 1.774822618610025327, 9.125807267023413161 ) ) ;
#124 = CYLINDRICAL_SURFACE ( 'NONE', #1697, 4.135000000000046860 ) ;
#125 = CARTESIAN_POINT ( 'NONE',  ( 2.999999999999995559, -6.261999999999995126, 0.000000000000000000 ) ) ;
#126 = LINE ( 'NONE', #2229, #2217 ) ;
#127 = EDGE_LOOP ( 'NONE', ( #1910, #729, #1146, #292, #302, #42, #14 ) ) ;
#128 = ADVANCED_FACE ( 'NONE', ( #1132 ), #1884, .F. ) ;
#129 = CARTESIAN_POINT ( 'NONE',  ( 9.294422917426674147, -7.712113360783172666, -3.154686516017653819 ) ) ;
#130 = CARTESIAN_POINT ( 'NONE',  ( 3.197895118165550166, 9.837800231475206658, -2.107014941955004161 ) ) ;
#131 = ORIENTED_EDGE ( 'NONE', *, *, #2042, .F. ) ;
#132 = CARTESIAN_POINT ( 'NONE',  ( 8.199999999999999289, 6.261999999999995126, -3.006671916513725129E-15 ) ) ;
#133 = CARTESIAN_POINT ( 'NONE',  ( 5.199999999999996625, -11.24699999999999278, 0.000000000000000000 ) ) ;
#134 = DIRECTION ( 'NONE',  ( 1.387778780781446464E-15, -1.000000000000000000, 0.000000000000000000 ) ) ;
#135 = CARTESIAN_POINT ( 'NONE',  ( 4.213222849041257767, 10.11280371051568672, -1.732221206053370155 ) ) ;
#136 = CARTESIAN_POINT ( 'NONE',  ( 2.999999999999995559, -11.24699999999999456, 0.000000000000000000 ) ) ;
#137 = DIRECTION ( 'NONE',  ( 0.000000000000000000, 0.000000000000000000, 1.000000000000000000 ) ) ;
#138 = LINE ( 'NONE', #2004, #972 ) ;
#139 = CARTESIAN_POINT ( 'NONE',  ( 7.068370997080215545, -7.648621254227302657, -4.197166035823913788 ) ) ;
#140 = CYLINDRICAL_SURFACE ( 'NONE', #816, 3.634999999999998899 ) ;
#141 = VERTEX_POINT ( 'NONE', #2275 ) ;
#142 = CARTESIAN_POINT ( 'NONE',  ( 2.959711993453047363, 9.822779726703361192, 3.386360604346599690 ) ) ;
#143 = EDGE_CURVE ( 'NONE', #2165, #1013, #617, .T. ) ;
#144 = ORIENTED_EDGE ( 'NONE', *, *, #1969, .T. ) ;
#145 = B_SPLINE_CURVE_WITH_KNOTS ( 'NONE', 3,
 ( #1711, #12, #2052, #1314, #1675, #2436, #936, #1701 ),
 .UNSPECIFIED., .F., .F.,
 ( 4, 2, 2, 4 ),
 ( 0.001517340630910218001, 0.001904788319233547290, 0.002292236007556876579, 0.003067131384203540360 ),
 .UNSPECIFIED. ) ;
#146 = CARTESIAN_POINT ( 'NONE',  ( 6.938893903907228378E-15, -8.025203555346362094, -3.694424377442985463 ) ) ;
#147 = CARTESIAN_POINT ( 'NONE',  ( 11.75117978686881770, 1.114523823044658579, 0.8014290009500005807 ) ) ;
#148 = EDGE_CURVE ( 'NONE', #2234, #1190, #2178, .T. ) ;
#149 = CARTESIAN_POINT ( 'NONE',  ( 6.469203430413004163, -7.438665600325229832, -4.240000000000001101 ) ) ;
#150 = ORIENTED_EDGE ( 'NONE', *, *, #828, .F. ) ;
#151 = DIRECTION ( 'NONE',  ( -1.000000000000000000, 0.000000000000000000, 0.000000000000000000 ) ) ;
#152 = DIRECTION ( 'NONE',  ( -0.1253332335643046469, -0.9921147013144777649, 1.997510010795496743E-16 ) ) ;
#153 = DIRECTION ( 'NONE',  ( -0.000000000000000000, 1.000000000000000000, -3.462798379065810878E-16 ) ) ;
#154 = DIRECTION ( 'NONE',  ( -0.9921147013144777649, 0.1253332335643047024, 0.000000000000000000 ) ) ;
#155 = AXIS2_PLACEMENT_3D ( 'NONE', #2319, #1554, #2286 ) ;
#156 = AXIS2_PLACEMENT_3D ( 'NONE', #1182, #67, #246 ) ;
#157 = AXIS2_PLACEMENT_3D ( 'NONE', #1871, #549, #1111 ) ;
#158 = CARTESIAN_POINT ( 'NONE',  ( 8.941392318733845102, -6.261999999999995126, -3.558589949646131068 ) ) ;
#159 = CARTESIAN_POINT ( 'NONE',  ( 3.665404459250167779, 9.899050345834279341, 3.280814464813769149 ) ) ;
#160 = AXIS2_PLACEMENT_3D ( 'NONE', #2111, #1326, #1351 ) ;
#161 = VERTEX_POINT ( 'NONE', #1730 ) ;
#162 = CARTESIAN_POINT ( 'NONE',  ( 4.170668018313829606, 10.08293098657275166, -1.306238364321812284 ) ) ;
#163 = CARTESIAN_POINT ( 'NONE',  ( 4.800000000000000711, -8.115004522142031718, -3.374998553329057405 ) ) ;
#164 = EDGE_CURVE ( 'NONE', #996, #2074, #120, .T. ) ;
#165 = CARTESIAN_POINT ( 'NONE',  ( 7.722535766055982798, 6.685327738914947027, 4.136299408769009922 ) ) ;
#166 = CARTESIAN_POINT ( 'NONE',  ( -1.776233215156972791E-17, -7.981810405845151557, 3.812366182493148514 ) ) ;
#167 = CYLINDRICAL_SURFACE ( 'NONE', #703, 4.240000000000000213 ) ;
#168 = CARTESIAN_POINT ( 'NONE',  ( 5.199999999999996625, -11.24699999999999278, 0.000000000000000000 ) ) ;
#169 = CARTESIAN_POINT ( 'NONE',  ( 9.739859712763072608, -7.654207295361927343, 4.195022770495762998 ) ) ;
#170 = VERTEX_POINT ( 'NONE', #34 ) ;
#171 = DIRECTION ( 'NONE',  ( 1.000000000000000000, -0.000000000000000000, -0.000000000000000000 ) ) ;
#172 = CARTESIAN_POINT ( 'NONE',  ( 4.100671232651355247, 10.01738032713251236, 3.121005623285654451 ) ) ;
#173 = ORIENTED_EDGE ( 'NONE', *, *, #1107, .F. ) ;
#174 = CARTESIAN_POINT ( 'NONE',  ( 3.416666666666667851, -8.004887692775554342, -3.749742323196605387 ) ) ;
#175 = VERTEX_POINT ( 'NONE', #1909 ) ;
#176 = CARTESIAN_POINT ( 'NONE',  ( 1.150000000000000355, -8.004909039020096984, 3.749732450622413893 ) ) ;
#177 = EDGE_CURVE ( 'NONE', #1688, #514, #1478, .T. ) ;
#178 = DIRECTION ( 'NONE',  ( 9.637352644315561223E-16, -1.000000000000000000, 0.000000000000000000 ) ) ;
#179 = CARTESIAN_POINT ( 'NONE',  ( 3.469446951953614189E-15, -7.543233070782157768, 4.229894223072176551 ) ) ;
#180 = EDGE_CURVE ( 'NONE', #1900, #2289, #931, .T. ) ;
#181 = B_SPLINE_CURVE_WITH_KNOTS ( 'NONE', 3,
 ( #149, #2064, #2376, #853 ),
 .UNSPECIFIED., .F., .F.,
 ( 4, 4 ),
 ( 0.000000000000000000, 1.000000000000000000 ),
 .UNSPECIFIED. ) ;
#182 = CARTESIAN_POINT ( 'NONE',  ( 8.097037890143980121, 7.333073169786596068, -3.473645363589431323 ) ) ;
#183 = CARTESIAN_POINT ( 'NONE',  ( 5.233623832835661460, 10.76435830958165063, -1.783704960526563355 ) ) ;
#184 = ORIENTED_EDGE ( 'NONE', *, *, #487, .T. ) ;
#185 = DIRECTION ( 'NONE',  ( 1.000000000000000000, -0.000000000000000000, -0.000000000000000000 ) ) ;
#186 = ORIENTED_EDGE ( 'NONE', *, *, #281, .T. ) ;
#187 = CARTESIAN_POINT ( 'NONE',  ( 3.787211580884414897, 7.339460220020462167, 3.471642907079214524 ) ) ;
#188 = CARTESIAN_POINT ( 'NONE',  ( 7.655519669036559449, -7.835230438395854868, 4.070554039163651439 ) ) ;
#189 = CARTESIAN_POINT ( 'NONE',  ( 3.826816413921113380, 9.910155025310476873, -2.523792932225243923 ) ) ;
#190 = EDGE_CURVE ( 'NONE', #1346, #1584, #1133, .T. ) ;
#191 = CARTESIAN_POINT ( 'NONE',  ( 4.668981529093096938, 10.43028225359933181, 0.1868822544250168249 ) ) ;
#192 = AXIS2_PLACEMENT_3D ( 'NONE', #1552, #1205, #1989 ) ;
#193 = VERTEX_POINT ( 'NONE', #237 ) ;
#194 = AXIS2_PLACEMENT_3D ( 'NONE', #577, #967, #2106 ) ;
#195 = VECTOR ( 'NONE', #1039, 1000.000000000000000 ) ;
#196 = CARTESIAN_POINT ( 'NONE',  ( 12.19332750557111211, 6.450940218077471755, 4.239999999999997549 ) ) ;
#197 = CARTESIAN_POINT ( 'NONE',  ( 3.469446951953614189E-15, 6.450940218077472643, 4.239999999999998437 ) ) ;
#198 = AXIS2_PLACEMENT_3D ( 'NONE', #1291, #171, #916 ) ;
#199 = CARTESIAN_POINT ( 'NONE',  ( 3.972647848706427176, 10.01078153707068807, 1.911367199611542667 ) ) ;
#200 = ORIENTED_EDGE ( 'NONE', *, *, #2089, .F. ) ;
#201 = CARTESIAN_POINT ( 'NONE',  ( 0.9711495339442544061, 9.133432793153119178, 3.889999834756399544 ) ) ;
#202 = CARTESIAN_POINT ( 'NONE',  ( 8.199999999999999289, -6.261999999999995126, 0.000000000000000000 ) ) ;
#203 = FACE_OUTER_BOUND ( 'NONE', #795, .T. ) ;
#204 = CARTESIAN_POINT ( 'NONE',  ( 3.227478166170897556, 9.841119401913660525, 2.104765208828650369 ) ) ;
#205 = EDGE_CURVE ( 'NONE', #484, #1252, #2007, .T. ) ;
#206 = ORIENTED_EDGE ( 'NONE', *, *, #1277, .F. ) ;
#207 = CARTESIAN_POINT ( 'NONE',  ( 8.977906733306346254, -7.049123750470098315, 3.468231271654964143 ) ) ;
#208 = B_SPLINE_CURVE_WITH_KNOTS ( 'NONE', 3,
 ( #834, #1383, #470, #112 ),
 .UNSPECIFIED., .F., .F.,
 ( 4, 4 ),
 ( 0.001074020197095504597, 0.001246553589745659713 ),
 .UNSPECIFIED. ) ;
#209 = EDGE_CURVE ( 'NONE', #1263, #355, #443, .T. ) ;
#210 = ORIENTED_EDGE ( 'NONE', *, *, #1528, .T. ) ;
#211 = CARTESIAN_POINT ( 'NONE',  ( 0.000000000000000000, 6.685327738914947915, -4.136299408769014363 ) ) ;
#212 = CARTESIAN_POINT ( 'NONE',  ( 3.627627538044361000, 9.343567065081446188, 3.714290680192015248 ) ) ;
#213 = ORIENTED_EDGE ( 'NONE', *, *, #412, .F. ) ;
#214 = CARTESIAN_POINT ( 'NONE',  ( 9.090103991943667694, -5.466431359993656258, -3.527607539819795246 ) ) ;
#215 = ORIENTED_EDGE ( 'NONE', *, *, #1851, .T. ) ;
#216 = DIRECTION ( 'NONE',  ( 0.000000000000000000, 8.969614663789075802E-16, 1.000000000000000000 ) ) ;
#217 = DIRECTION ( 'NONE',  ( -1.000000000000000000, -3.154042683594194036E-15, -0.000000000000000000 ) ) ;
#218 = CARTESIAN_POINT ( 'NONE',  ( 4.173238922326353517, 10.09385597622316055, 1.769354582751433425 ) ) ;
#219 = ORIENTED_EDGE ( 'NONE', *, *, #595, .T. ) ;
#220 = EDGE_CURVE ( 'NONE', #1190, #1286, #2177, .T. ) ;
#221 = CARTESIAN_POINT ( 'NONE',  ( 0.000000000000000000, 6.685327738914947915, -4.136299408769014363 ) ) ;
#222 = CARTESIAN_POINT ( 'NONE',  ( 6.478565410561698101, -7.442014060240772721, 4.239991663181399417 ) ) ;
#223 = DIRECTION ( 'NONE',  ( 0.000000000000000000, -1.000000000000000000, 0.000000000000000000 ) ) ;
#224 = ORIENTED_EDGE ( 'NONE', *, *, #220, .T. ) ;
#225 = CARTESIAN_POINT ( 'NONE',  ( 4.518930214448871219, 10.29709168140726483, -1.217828071117222244 ) ) ;
#226 = ORIENTED_EDGE ( 'NONE', *, *, #143, .F. ) ;
#227 = CARTESIAN_POINT ( 'NONE',  ( 4.835750102488872493, 9.820691702887712538, -3.273899548261652637 ) ) ;
#228 = FACE_OUTER_BOUND ( 'NONE', #1758, .T. ) ;
#229 = CIRCLE ( 'NONE', #2363, 4.239999999999998437 ) ;
#230 = CIRCLE ( 'NONE', #1012, 4.834999999999999964 ) ;
#231 = ORIENTED_EDGE ( 'NONE', *, *, #2302, .F. ) ;
#232 = CARTESIAN_POINT ( 'NONE',  ( 4.549999999999998934, -10.39700003479794610, -0.3913434623818988767 ) ) ;
#233 = AXIS2_PLACEMENT_3D ( 'NONE', #1585, #1936, #64 ) ;
#234 = CARTESIAN_POINT ( 'NONE',  ( 3.186816435953114368, -5.453565245962379571, -3.249999856789996588 ) ) ;
#235 = EDGE_CURVE ( 'NONE', #1834, #1423, #1, .T. ) ;
#236 = CARTESIAN_POINT ( 'NONE',  ( 8.537252245508696546, 6.450940218077471755, 4.239999999999996660 ) ) ;
#237 = CARTESIAN_POINT ( 'NONE',  ( 1.150000000000000355, -8.004909039020096984, 3.749732450622413893 ) ) ;
#238 = ORIENTED_EDGE ( 'NONE', *, *, #358, .T. ) ;
#239 = CARTESIAN_POINT ( 'NONE',  ( 3.981348444023804500, 10.01005085086678648, -1.915714709723160381 ) ) ;
#240 = CARTESIAN_POINT ( 'NONE',  ( 4.468080556133532610, 10.26023484715417666, -1.352320410071234491 ) ) ;
#241 = ORIENTED_EDGE ( 'NONE', *, *, #578, .T. ) ;
#242 = DIRECTION ( 'NONE',  ( -3.122502256758254348E-15, 1.000000000000000000, 8.881784197001256268E-16 ) ) ;
#243 = ORIENTED_EDGE ( 'NONE', *, *, #606, .T. ) ;
#244 = CARTESIAN_POINT ( 'NONE',  ( -5.204170427930421283E-15, -7.700852379350012988, -4.168934662586126549 ) ) ;
#245 = CARTESIAN_POINT ( 'NONE',  ( 4.550000000000000711, -8.359770044046646476, -3.584792300207729543 ) ) ;
#246 = DIRECTION ( 'NONE',  ( 0.000000000000000000, 0.000000000000000000, 1.000000000000000000 ) ) ;
#247 = DIRECTION ( 'NONE',  ( 0.9921147013144778759, -0.1253332335643046747, -5.869410855088415923E-17 ) ) ;
#248 = ADVANCED_FACE ( 'NONE', ( #1042 ), #2164, .F. ) ;
#249 = CARTESIAN_POINT ( 'NONE',  ( 3.787237369500823014, 9.549128066832249573, 3.471596666832335920 ) ) ;
#250 = VERTEX_POINT ( 'NONE', #811 ) ;
#251 = CARTESIAN_POINT ( 'NONE',  ( 4.204405452452195213, 10.10854715334534148, -1.740742109378906388 ) ) ;
#252 = CARTESIAN_POINT ( 'NONE',  ( 3.555162866956480094, 9.279582577651469322, -3.773375956366920914 ) ) ;
#253 = ORIENTED_EDGE ( 'NONE', *, *, #2089, .T. ) ;
#254 = DIRECTION ( 'NONE',  ( -0.000000000000000000, 1.000000000000000000, -3.462798379065810878E-16 ) ) ;
#255 = CARTESIAN_POINT ( 'NONE',  ( 3.324215456845094341, 9.158541903721797439, 3.871339740581232647 ) ) ;
#256 = ORIENTED_EDGE ( 'NONE', *, *, #861, .T. ) ;
#257 = DIRECTION ( 'NONE',  ( 0.000000000000000000, -1.000000000000000000, 0.000000000000000000 ) ) ;
#258 = CARTESIAN_POINT ( 'NONE',  ( 4.549999999999999822, -9.279975740749613067, -2.853628816362580256 ) ) ;
#259 = CARTESIAN_POINT ( 'NONE',  ( 3.826816413921113380, 9.883438885607022328, 2.656758382969560017 ) ) ;
#260 = APPLICATION_PROTOCOL_DEFINITION ( 'draft international standard', 'automotive_design', 1998, #1763 ) ;
#261 = CARTESIAN_POINT ( 'NONE',  ( 3.356623289804393728, 9.164250336734385272, -3.867061931612310932 ) ) ;
#262 = DIRECTION ( 'NONE',  ( -0.000000000000000000, 0.000000000000000000, 1.000000000000000000 ) ) ;
#263 = CARTESIAN_POINT ( 'NONE',  ( 11.81734163792592796, 1.187392352589784039, -0.4104392537453764866 ) ) ;
#264 = ORIENTED_EDGE ( 'NONE', *, *, #863, .F. ) ;
#265 = CARTESIAN_POINT ( 'NONE',  ( 4.623429685364457420, 9.667849819424990443, -3.435015510992851961 ) ) ;
#266 = CARTESIAN_POINT ( 'NONE',  ( 5.788205922185769126, 10.83368193579390315, -1.600958156930935461 ) ) ;
#267 = ORIENTED_EDGE ( 'NONE', *, *, #610, .T. ) ;
#268 = DIRECTION ( 'NONE',  ( -1.000000000000000000, -0.000000000000000000, -0.000000000000000000 ) ) ;
#269 = PRESENTATION_STYLE_ASSIGNMENT (( #2375 ) ) ;
#270 = CONICAL_SURFACE ( 'NONE', #893, 1.800000000000007372, 0.7853981633974438381 ) ;
#271 = CARTESIAN_POINT ( 'NONE',  ( 4.550000000000000711, -8.004951234495946366, 3.749766427724342321 ) ) ;
#272 = CARTESIAN_POINT ( 'NONE',  ( 8.537252245508696546, 6.685327738914946138, 4.136299408769010810 ) ) ;
#273 = AXIS2_PLACEMENT_3D ( 'NONE', #1843, #896, #2002 ) ;
#274 = FACE_OUTER_BOUND ( 'NONE', #1037, .T. ) ;
#275 = CIRCLE ( 'NONE', #589, 3.634999999999998899 ) ;
#276 = CARTESIAN_POINT ( 'NONE',  ( 8.199999999999999289, 7.520732269895130884, 3.410105287630369908 ) ) ;
#277 = DIRECTION ( 'NONE',  ( 0.000000000000000000, 0.000000000000000000, -1.000000000000000000 ) ) ;
#278 = EDGE_LOOP ( 'NONE', ( #1717, #332, #200, #1081 ) ) ;
#279 = CARTESIAN_POINT ( 'NONE',  ( 4.006166820649924354, 9.349934198131846230, -3.720714617862217022 ) ) ;
#280 = CARTESIAN_POINT ( 'NONE',  ( 3.518417366119901413, 9.872621514028157463, -3.316166781796563434 ) ) ;
#281 = EDGE_CURVE ( 'NONE', #1282, #1396, #797, .T. ) ;
#282 = ORIENTED_EDGE ( 'NONE', *, *, #1162, .T. ) ;
#283 = LINE ( 'NONE', #1365, #665 ) ;
#284 = CARTESIAN_POINT ( 'NONE',  ( 8.199999999999999289, -6.261999999999994237, 4.835000000000000853 ) ) ;
#285 = ADVANCED_FACE ( 'NONE', ( #1031 ), #468, .F. ) ;
#286 = CYLINDRICAL_SURFACE ( 'NONE', #1170, 3.634999999999998899 ) ;
#287 = CARTESIAN_POINT ( 'NONE',  ( 5.199999999999993960, -11.16419053499861569, 0.000000000000000000 ) ) ;
#288 = CARTESIAN_POINT ( 'NONE',  ( 3.806466516897192953, 7.520732269895129996, 3.410105287630369908 ) ) ;
#289 = DIRECTION ( 'NONE',  ( 1.000000000000000000, 0.000000000000000000, 0.000000000000000000 ) ) ;
#290 = CARTESIAN_POINT ( 'NONE',  ( 3.704399296442309808, 9.426706140925759314, -3.626625918996963627 ) ) ;
#291 = CARTESIAN_POINT ( 'NONE',  ( 5.619026018674084355, 10.60237125763310750, -2.134730971960803636 ) ) ;
#292 = ORIENTED_EDGE ( 'NONE', *, *, #1393, .F. ) ;
#293 = EDGE_CURVE ( 'NONE', #2213, #250, #1831, .T. ) ;
#294 = CARTESIAN_POINT ( 'NONE',  ( -4.238432248573951727E-17, -7.897286925235981414, -3.996925690350911164 ) ) ;
#295 = CARTESIAN_POINT ( 'NONE',  ( -1.965527227085254819E-16, -7.438699250309226407, 4.239999996568722729 ) ) ;
#296 = CARTESIAN_POINT ( 'NONE',  ( 1.150000000000000355, -7.994423678180060833, 3.777604281159423483 ) ) ;
#297 = ORIENTED_EDGE ( 'NONE', *, *, #939, .F. ) ;
#298 = CARTESIAN_POINT ( 'NONE',  ( 3.186816435953113480, 6.927727461226759864, 3.889999834757288610 ) ) ;
#299 = DIRECTION ( 'NONE',  ( -1.000000000000000000, -0.000000000000000000, -0.000000000000000000 ) ) ;
#300 = CARTESIAN_POINT ( 'NONE',  ( 3.996802888650503617E-17, 6.539573221662430491, 4.239999999999999325 ) ) ;
#301 = CARTESIAN_POINT ( 'NONE',  ( 3.640471913834202766, 9.355661403881450511, -3.702678684225214845 ) ) ;
#302 = ORIENTED_EDGE ( 'NONE', *, *, #1277, .T. ) ;
#303 = CARTESIAN_POINT ( 'NONE',  ( 3.229967023430110107, 9.839946988184031795, -3.361243369477609821 ) ) ;
#304 = ORIENTED_EDGE ( 'NONE', *, *, #1041, .T. ) ;
#305 = CARTESIAN_POINT ( 'NONE',  ( 4.466373432993292703, 10.24535327975711674, 1.251752536204959299 ) ) ;
#306 = CARTESIAN_POINT ( 'NONE',  ( 2.369659184435111587, 6.927727461226554695, -3.889999834757500885 ) ) ;
#307 = ORIENTED_EDGE ( 'NONE', *, *, #32, .F. ) ;
#308 = VECTOR ( 'NONE', #530, 1000.000000000000000 ) ;
#309 = CARTESIAN_POINT ( 'NONE',  ( 5.199999999999996625, -11.24699999999999278, 0.000000000000000000 ) ) ;
#310 = EDGE_CURVE ( 'NONE', #439, #1286, #1767, .T. ) ;
#311 = VECTOR ( 'NONE', #1151, 1000.000000000000000 ) ;
#312 = DIRECTION ( 'NONE',  ( -0.000000000000000000, 1.000000000000000000, -3.462798379065810878E-16 ) ) ;
#313 = CARTESIAN_POINT ( 'NONE',  ( 0.000000000000000000, -8.171146895231037988, 3.046392124282932823 ) ) ;
#314 = CARTESIAN_POINT ( 'NONE',  ( 7.661203357001641123, -7.836913322433924023, -4.068987095837167445 ) ) ;
#315 = AXIS2_PLACEMENT_3D ( 'NONE', #708, #1844, #1084 ) ;
#316 = CARTESIAN_POINT ( 'NONE',  ( 9.739859712763072608, -7.459680605659624320, 4.239616675462441364 ) ) ;
#317 = ORIENTED_EDGE ( 'NONE', *, *, #503, .F. ) ;
#318 = AXIS2_PLACEMENT_3D ( 'NONE', #870, #1246, #2432 ) ;
#319 = CARTESIAN_POINT ( 'NONE',  ( 4.549999999999999822, -7.988868222652676820, 3.791400180107568740 ) ) ;
#320 = CARTESIAN_POINT ( 'NONE',  ( 3.153643766762387557, 9.833363558393642734, -2.109740812367649099 ) ) ;
#321 = ORIENTED_EDGE ( 'NONE', *, *, #2259, .T. ) ;
#322 = CARTESIAN_POINT ( 'NONE',  ( 9.739860177897252669, -8.080820203739273566, -3.509002701865253204 ) ) ;
#323 = LINE ( 'NONE', #284, #1732 ) ;
#324 = DIRECTION ( 'NONE',  ( -1.000000000000000000, 0.000000000000000000, 0.000000000000000000 ) ) ;
#325 = DIRECTION ( 'NONE',  ( 0.000000000000000000, 0.000000000000000000, 1.000000000000000000 ) ) ;
#326 = CARTESIAN_POINT ( 'NONE',  ( 3.549999999999994049, -10.94253660982948340, 1.212353926890112232 ) ) ;
#327 = EDGE_CURVE ( 'NONE', #1117, #2046, #229, .T. ) ;
#328 = LINE ( 'NONE', #2254, #69 ) ;
#329 = FACE_OUTER_BOUND ( 'NONE', #342, .T. ) ;
#330 = ORIENTED_EDGE ( 'NONE', *, *, #360, .F. ) ;
#331 = CARTESIAN_POINT ( 'NONE',  ( 4.894860623883448447, 10.44013291877968008, -2.473827224892435783 ) ) ;
#332 = ORIENTED_EDGE ( 'NONE', *, *, #2366, .F. ) ;
#333 = CARTESIAN_POINT ( 'NONE',  ( 4.164871655115639726, 10.09039943505554149, 0.6531188215867157476 ) ) ;
#334 = CARTESIAN_POINT ( 'NONE',  ( 9.256311489357807787, -4.675516802197258848, 3.484533302589593706 ) ) ;
#335 = DIRECTION ( 'NONE',  ( 0.000000000000000000, -0.7014416897153402664, 0.7127268452424732059 ) ) ;
#336 = CARTESIAN_POINT ( 'NONE',  ( 8.557817032768200021E-19, -7.848626717770684103, 4.043761614865436727 ) ) ;
#337 = CYLINDRICAL_SURFACE ( 'NONE', #2299, 3.634999999999998899 ) ;
#338 = CARTESIAN_POINT ( 'NONE',  ( -1.965527227085254819E-16, -7.438699250309226407, 4.239999996568722729 ) ) ;
#339 = CARTESIAN_POINT ( 'NONE',  ( 8.331565160862163921, 7.303445485448104790, -3.216355109407060351E-15 ) ) ;
#340 = CARTESIAN_POINT ( 'NONE',  ( 8.978100254923939261, -7.050023764932515036, -3.468022452838983138 ) ) ;
#341 = CARTESIAN_POINT ( 'NONE',  ( 4.011935205883829347, 10.02411541257323435, -1.892132592293914284 ) ) ;
#342 = EDGE_LOOP ( 'NONE', ( #63, #950, #45, #2071, #753 ) ) ;
#343 = DIRECTION ( 'NONE',  ( 0.000000000000000000, 0.000000000000000000, -1.000000000000000000 ) ) ;
#344 = FACE_OUTER_BOUND ( 'NONE', #56, .T. ) ;
#345 = DIRECTION ( 'NONE',  ( 1.000000000000000000, 0.000000000000000000, 0.000000000000000000 ) ) ;
#346 = CARTESIAN_POINT ( 'NONE',  ( 12.42163329212499612, -6.261999999999995126, 0.000000000000000000 ) ) ;
#347 = CARTESIAN_POINT ( 'NONE',  ( 2.999999999999995559, -10.01204182537921028, 3.051952048756095159 ) ) ;
#348 = CARTESIAN_POINT ( 'NONE',  ( 6.845557304417996924, -7.571773610174940217, -4.222727996646779225 ) ) ;
#349 = VECTOR ( 'NONE', #398, 1000.000000000000000 ) ;
#350 = AXIS2_PLACEMENT_3D ( 'NONE', #1669, #2431, #1484 ) ;
#351 = MECHANICAL_DESIGN_GEOMETRIC_PRESENTATION_REPRESENTATION (  '', ( #2296 ), #626 ) ;
#352 = DIRECTION ( 'NONE',  ( 0.000000000000000000, 0.000000000000000000, -1.000000000000000000 ) ) ;
#353 = CARTESIAN_POINT ( 'NONE',  ( 3.184612915873747951, 9.836624761839127373, 3.366024226992891499 ) ) ;
#354 = CONICAL_SURFACE ( 'NONE', #1222, 3.169705627484771249, 0.7853981633974466137 ) ;
#355 = VERTEX_POINT ( 'NONE', #2362 ) ;
#356 = CARTESIAN_POINT ( 'NONE',  ( 4.459922724992036791, 10.25527520078100174, 0.6258717313181071384 ) ) ;
#357 = DIRECTION ( 'NONE',  ( -1.000000000000000000, -7.885106708985487062E-16, 0.000000000000000000 ) ) ;
#358 = EDGE_CURVE ( 'NONE', #420, #193, #620, .T. ) ;
#359 = ORIENTED_EDGE ( 'NONE', *, *, #1741, .F. ) ;
#360 = EDGE_CURVE ( 'NONE', #366, #1034, #655, .T. ) ;
#361 = B_SPLINE_SURFACE_WITH_KNOTS ( 'NONE', 3, 1, ( 
 ( #1379, #809 ),
 ( #2329, #296 ),
 ( #2349, #1978 ),
 ( #271, #1192 ) ),
 .UNSPECIFIED., .F., .F., .F.,
 ( 4, 4 ),
 ( 2, 2 ),
 ( 0.5133823374531647499, 0.5437566863265088646 ),
 ( 0.000000000000000000, 1.000000000000000000 ),
 .UNSPECIFIED. ) ;
#362 = LINE ( 'NONE', #1858, #2260 ) ;
#363 = CARTESIAN_POINT ( 'NONE',  ( 6.547404945947610244, -7.466430425329971143, -4.239269348496915057 ) ) ;
#364 = DIRECTION ( 'NONE',  ( -8.673617379884035472E-16, 1.000000000000000000, 0.000000000000000000 ) ) ;
#365 = CARTESIAN_POINT ( 'NONE',  ( 3.212180490478211858, 9.838380957076248379, 3.363454771276828570 ) ) ;
#366 = VERTEX_POINT ( 'NONE', #298 ) ;
#367 = CARTESIAN_POINT ( 'NONE',  ( 0.000000000000000000, -6.261999999999995126, 0.000000000000000000 ) ) ;
#368 = CARTESIAN_POINT ( 'NONE',  ( 4.064866484236457467, 10.04674411723980931, 1.853516281226805118 ) ) ;
#369 = VERTEX_POINT ( 'NONE', #1803 ) ;
#370 = CARTESIAN_POINT ( 'NONE',  ( 0.8237165113190840771, 9.133432793153119178, 3.889999834756399100 ) ) ;
#371 = ADVANCED_FACE ( 'NONE', ( #858 ), #1185, .F. ) ;
#372 = CARTESIAN_POINT ( 'NONE',  ( 5.199999999999996625, -11.37904556283231550, -2.322894168276850024 ) ) ;
#373 = CARTESIAN_POINT ( 'NONE',  ( 3.826816413921113380, 9.924199861854146931, -2.443695838065283343 ) ) ;
#374 = CARTESIAN_POINT ( 'NONE',  ( 11.78425359459633093, 6.867269501646400265, -3.347858677219029611E-15 ) ) ;
#375 = CARTESIAN_POINT ( 'NONE',  ( 4.599445004013129612, 10.36210797844816867, -0.9174209888453570549 ) ) ;
#376 = ORIENTED_EDGE ( 'NONE', *, *, #2055, .F. ) ;
#377 = LINE ( 'NONE', #196, #2264 ) ;
#378 = CARTESIAN_POINT ( 'NONE',  ( 9.894990698852266675, -2.357553513296820835, 3.218260446040253520 ) ) ;
#379 = ORIENTED_EDGE ( 'NONE', *, *, #148, .T. ) ;
#380 = DIRECTION ( 'NONE',  ( 1.387778780781446464E-15, -1.000000000000000000, 0.000000000000000000 ) ) ;
#381 = CARTESIAN_POINT ( 'NONE',  ( 6.469203430412938438, -7.438665600325211180, 4.240000000000001101 ) ) ;
#382 = ADVANCED_FACE ( 'NONE', ( #274 ), #83, .F. ) ;
#383 = CARTESIAN_POINT ( 'NONE',  ( 3.826816413921113824, 9.840434775456841976, -2.858152072842449432 ) ) ;
#384 = CARTESIAN_POINT ( 'NONE',  ( 3.549999999999999822, -12.49699999999999278, 0.000000000000000000 ) ) ;
#385 = CARTESIAN_POINT ( 'NONE',  ( 4.012456623499833341, 10.02432536827287102, 1.891795797096212262 ) ) ;
#386 = ADVANCED_FACE ( 'NONE', ( #730 ), #270, .F. ) ;
#387 = CIRCLE ( 'NONE', #1648, 3.634999999999998899 ) ;
#388 = ORIENTED_EDGE ( 'NONE', *, *, #2195, .F. ) ;
#389 = AXIS2_PLACEMENT_3D ( 'NONE', #1783, #1003, #1768 ) ;
#390 = AXIS2_PLACEMENT_3D ( 'NONE', #2047, #345, #1857 ) ;
#391 = CARTESIAN_POINT ( 'NONE',  ( 3.806466516897192953, 7.520732269895129996, 3.410105287630369908 ) ) ;
#392 = CIRCLE ( 'NONE', #1698, 2.000000000000000000 ) ;
#393 = EDGE_LOOP ( 'NONE', ( #1942, #1738, #17, #282, #1677 ) ) ;
#394 = CARTESIAN_POINT ( 'NONE',  ( 3.186816435953113480, 6.927727461226759864, 3.889999834757288610 ) ) ;
#395 = CARTESIAN_POINT ( 'NONE',  ( 11.83499999999999908, 6.261999999999995126, -2.764435170624327489E-15 ) ) ;
#396 = ORIENTED_EDGE ( 'NONE', *, *, #994, .T. ) ;
#397 = EDGE_CURVE ( 'NONE', #1521, #866, #1329, .T. ) ;
#398 = DIRECTION ( 'NONE',  ( -0.000000000000000000, -1.000000000000000000, 2.770238703252648603E-16 ) ) ;
#399 = ORIENTED_EDGE ( 'NONE', *, *, #1347, .F. ) ;
#400 = EDGE_CURVE ( 'NONE', #981, #2449, #109, .T. ) ;
#401 = DIRECTION ( 'NONE',  ( 0.000000000000000000, 0.000000000000000000, 1.000000000000000000 ) ) ;
#402 = CARTESIAN_POINT ( 'NONE',  ( 8.537252245508643256, 6.551632241205780360, -4.226060871844075528 ) ) ;
#403 = ORIENTED_EDGE ( 'NONE', *, *, #1901, .F. ) ;
#404 = DIRECTION ( 'NONE',  ( 0.7071067811865506814, 8.659560562354894648E-17, 0.7071067811865443531 ) ) ;
#405 = CARTESIAN_POINT ( 'NONE',  ( 3.469446951953614189E-15, 6.450940218077479749, -4.240000000000002878 ) ) ;
#406 = CARTESIAN_POINT ( 'NONE',  ( 0.000000000000000000, -6.261999999999995126, 0.000000000000000000 ) ) ;
#407 = ORIENTED_EDGE ( 'NONE', *, *, #702, .F. ) ;
#408 = CARTESIAN_POINT ( 'NONE',  ( 4.671010363423981460, 10.43244133481517011, 0.09222024715005756879 ) ) ;
#409 = ORIENTED_EDGE ( 'NONE', *, *, #1670, .F. ) ;
#410 = CARTESIAN_POINT ( 'NONE',  ( 5.199999999999996625, -11.56324837155469432, -4.314393433970611369 ) ) ;
#411 = CARTESIAN_POINT ( 'NONE',  ( 6.938893903907228378E-15, 6.630424692705358503, -4.186191817603963194 ) ) ;
#412 = EDGE_CURVE ( 'NONE', #1076, #2326, #2057, .T. ) ;
#413 = CARTESIAN_POINT ( 'NONE',  ( 4.670908394044271716, 10.43233337120562787, -0.2639600872710949897 ) ) ;
#414 = ORIENTED_EDGE ( 'NONE', *, *, #894, .T. ) ;
#415 = CARTESIAN_POINT ( 'NONE',  ( 1.150000000000000355, -8.004852218486384174, -3.749787389796943149 ) ) ;
#416 = CARTESIAN_POINT ( 'NONE',  ( 8.223868700313202496, 6.450940218077471755, 4.239999999999997549 ) ) ;
#417 = CARTESIAN_POINT ( 'NONE',  ( 8.537252245508696546, 6.501949946821459214, 4.239999999999996660 ) ) ;
#418 = CARTESIAN_POINT ( 'NONE',  ( 6.656350801728850186, -7.505164784012601231, 4.235737071541567644 ) ) ;
#419 = CARTESIAN_POINT ( 'NONE',  ( 3.640904309781095360, 9.356565226031404947, 3.701453481133716306 ) ) ;
#420 = VERTEX_POINT ( 'NONE', #1302 ) ;
#421 = CARTESIAN_POINT ( 'NONE',  ( 2.967544249562074743, 9.816612300618503539, 2.114848413847905562 ) ) ;
#422 = EDGE_LOOP ( 'NONE', ( #388, #579 ) ) ;
#423 = AXIS2_PLACEMENT_3D ( 'NONE', #1640, #1092, #1052 ) ;
#424 = CARTESIAN_POINT ( 'NONE',  ( 8.200000000000688516, 9.133432793153119178, 3.889999834756399544 ) ) ;
#425 = VECTOR ( 'NONE', #705, 1000.000000000000000 ) ;
#426 = ORIENTED_EDGE ( 'NONE', *, *, #610, .F. ) ;
#427 = CARTESIAN_POINT ( 'NONE',  ( 0.000000000000000000, 8.544928152552962786, -2.246780784973370526 ) ) ;
#428 = CARTESIAN_POINT ( 'NONE',  ( 4.550000000000001599, -10.12182223918628488, 1.533997156193926070 ) ) ;
#429 = AXIS2_PLACEMENT_3D ( 'NONE', #97, #1984, #902 ) ;
#430 = CARTESIAN_POINT ( 'NONE',  ( 3.826816413921114268, 9.863012378481048614, 2.742878329143579208 ) ) ;
#431 = EDGE_CURVE ( 'NONE', #193, #2123, #2253, .T. ) ;
#432 = B_SPLINE_CURVE_WITH_KNOTS ( 'NONE', 3,
 ( #491, #2049, #2379, #691 ),
 .UNSPECIFIED., .F., .F.,
 ( 4, 4 ),
 ( -1.558904602919940612E-05, 0.0007735930187067385690 ),
 .UNSPECIFIED. ) ;
#433 = CARTESIAN_POINT ( 'NONE',  ( 1.150000000000000355, -8.004909039020096984, 3.749732450622413893 ) ) ;
#434 = ORIENTED_EDGE ( 'NONE', *, *, #1516, .F. ) ;
#435 = CARTESIAN_POINT ( 'NONE',  ( 3.557269056721456657, 9.281269798759174350, -3.771887287762556884 ) ) ;
#436 = ORIENTED_EDGE ( 'NONE', *, *, #578, .F. ) ;
#437 = CARTESIAN_POINT ( 'NONE',  ( 4.470513056915391914, 9.572954220563410388, -3.525298623351395655 ) ) ;
#438 = CARTESIAN_POINT ( 'NONE',  ( 8.199999999999999289, 6.897426056467002908, -3.006671916513725129E-15 ) ) ;
#439 = VERTEX_POINT ( 'NONE', #1817 ) ;
#440 = CARTESIAN_POINT ( 'NONE',  ( 9.739860177897252669, -7.482732720055642162, -4.238984322037177677 ) ) ;
#441 = CARTESIAN_POINT ( 'NONE',  ( 3.826816413921113380, 9.958991246805894093, 2.201635517765566874 ) ) ;
#442 = DIRECTION ( 'NONE',  ( 8.673617379884035472E-16, -1.000000000000000000, 0.000000000000000000 ) ) ;
#443 = LINE ( 'NONE', #1403, #706 ) ;
#444 = EDGE_CURVE ( 'NONE', #2113, #1756, #362, .T. ) ;
#445 = ORIENTED_EDGE ( 'NONE', *, *, #2042, .T. ) ;
#446 = CARTESIAN_POINT ( 'NONE',  ( 4.332485918189278529, 10.17530630654005996, -1.593600486283557993 ) ) ;
#447 = CARTESIAN_POINT ( 'NONE',  ( 3.356623289804393728, 9.164250336734385272, -3.867061931612310932 ) ) ;
#448 = ORIENTED_EDGE ( 'NONE', *, *, #2003, .F. ) ;
#449 = CARTESIAN_POINT ( 'NONE',  ( 3.185386598840387329, 9.836634922327196051, -3.366002254710374952 ) ) ;
#450 = VERTEX_POINT ( 'NONE', #1642 ) ;
#451 = CARTESIAN_POINT ( 'NONE',  ( 1.214306433183764966E-14, -7.815962443425092943, -4.085799785543458462 ) ) ;
#452 = LINE ( 'NONE', #1235, #2448 ) ;
#453 = CARTESIAN_POINT ( 'NONE',  ( 3.789447528043841551, 9.553380635519754804, 3.465513685833002455 ) ) ;
#454 = PLANE ( 'NONE',  #625 ) ;
#455 = EDGE_CURVE ( 'NONE', #450, #813, #1444, .T. ) ;
#456 = DIRECTION ( 'NONE',  ( 0.9921147013144778759, -0.1253332335643047302, 0.000000000000000000 ) ) ;
#457 = ORIENTED_EDGE ( 'NONE', *, *, #46, .F. ) ;
#458 = ADVANCED_FACE ( 'NONE', ( #921 ), #124, .F. ) ;
#459 = CARTESIAN_POINT ( 'NONE',  ( 5.038343581563192508, 9.981969086121923240, 3.093927991677431155 ) ) ;
#460 = CARTESIAN_POINT ( 'NONE',  ( 2.960983877597521907, 9.822857672519818450, -3.386246079211485238 ) ) ;
#461 = CARTESIAN_POINT ( 'NONE',  ( 4.550622503946739172, 10.32209735955602525, -1.109647035836627715 ) ) ;
#462 = ORIENTED_EDGE ( 'NONE', *, *, #2118, .F. ) ;
#463 = CARTESIAN_POINT ( 'NONE',  ( 1.734723475976807094E-15, -7.430168692249637274, -4.240029664984128921 ) ) ;
#464 = AXIS2_PLACEMENT_3D ( 'NONE', #1652, #1801, #1628 ) ;
#465 = CARTESIAN_POINT ( 'NONE',  ( 3.826816413921113824, 9.725377269065402785, 3.157654150625386347 ) ) ;
#466 = CARTESIAN_POINT ( 'NONE',  ( 1.214306433183764966E-14, 6.450940218077472643, 4.239999999999997549 ) ) ;
#467 = AXIS2_PLACEMENT_3D ( 'NONE', #1249, #1434, #1832 ) ;
#468 = PLANE ( 'NONE',  #2102 ) ;
#469 = VECTOR ( 'NONE', #1063, 1000.000000000000000 ) ;
#470 = CARTESIAN_POINT ( 'NONE',  ( 3.245761735104002454, 9.133432793151433415, 3.889999834757642994 ) ) ;
#471 = EDGE_CURVE ( 'NONE', #1584, #450, #719, .T. ) ;
#472 = ORIENTED_EDGE ( 'NONE', *, *, #1855, .F. ) ;
#473 = CARTESIAN_POINT ( 'NONE',  ( 3.826816413921113380, 9.680203349017988401, -3.249999856790001918 ) ) ;
#474 = CARTESIAN_POINT ( 'NONE',  ( 5.872223966205968537, 10.96533934191838888, 1.132127958321562877 ) ) ;
#475 = ADVANCED_FACE ( 'NONE', ( #523 ), #2367, .F. ) ;
#476 = ORIENTED_EDGE ( 'NONE', *, *, #164, .F. ) ;
#477 = CARTESIAN_POINT ( 'NONE',  ( 3.469446951953614189E-15, -7.861590747532209988, -4.026626323932035234 ) ) ;
#478 = SURFACE_SIDE_STYLE ('',( #1963 ) ) ;
#479 = CARTESIAN_POINT ( 'NONE',  ( 3.826816413921114268, 9.934247761736441973, 2.419495856488784291 ) ) ;
#480 = DIRECTION ( 'NONE',  ( -1.000000000000000000, -0.000000000000000000, -0.000000000000000000 ) ) ;
#481 = CARTESIAN_POINT ( 'NONE',  ( 0.000000000000000000, 6.623334700844106138, 4.199289822796379745 ) ) ;
#482 = CARTESIAN_POINT ( 'NONE',  ( 3.668811908859097137, 9.384309284701453535, -3.673683840917468135 ) ) ;
#483 = CARTESIAN_POINT ( 'NONE',  ( 5.626340115622197935, 10.60960740082420095, 2.136015755168546804 ) ) ;
#484 = VERTEX_POINT ( 'NONE', #678 ) ;
#485 = CARTESIAN_POINT ( 'NONE',  ( 4.674855228373266947, 10.43565106005094556, 7.280740271689827327E-07 ) ) ;
#486 = CARTESIAN_POINT ( 'NONE',  ( 2.999999999999995559, -10.77428184553660806, -1.736818224927613841 ) ) ;
#487 = EDGE_CURVE ( 'NONE', #1394, #2250, #1472, .T. ) ;
#488 = FACE_OUTER_BOUND ( 'NONE', #2347, .T. ) ;
#489 = ORIENTED_EDGE ( 'NONE', *, *, #2371, .F. ) ;
#490 = CARTESIAN_POINT ( 'NONE',  ( 4.649999999999984368, -10.94253660982948340, 1.212353926890112232 ) ) ;
#491 = CARTESIAN_POINT ( 'NONE',  ( 7.722535766055982798, 6.685327738914947027, -4.136299408769014363 ) ) ;
#492 = CARTESIAN_POINT ( 'NONE',  ( 12.19332750557111034, 6.685327738914946138, -4.136299408769014363 ) ) ;
#493 = CARTESIAN_POINT ( 'NONE',  ( 8.200000000000688516, 9.133432793153119178, 3.889999834756399544 ) ) ;
#494 = B_SPLINE_CURVE_WITH_KNOTS ( 'NONE', 3,
 ( #2324, #1571, #622, #2183, #279, #814, #1785, #1023, #75, #2157, #2131, #437, #265, #227, #1161, #1922, #1582, #38, #1009, #647, #1178, #2336, #635, #1374, #1946, #825, #1200, #1774, #973, #796, #1548, #984, #1397, #2169, #2314, #997, #1385, #87, #1959, #459, #1759, #1215, #1972, #1594, #60, #2355, #1748, #49, #806, #1835, #1810, #1239 ),
 .UNSPECIFIED., .F., .F.,
 ( 4, 2, 2, 1, 1, 2, 2, 2, 2, 1, 1, 2, 2, 2, 2, 2, 2, 2, 2, 1, 1, 2, 2, 2, 2, 1, 1, 2, 2, 4 ),
 ( 0.000000000000000000, 0.06250000000000037470, 0.09375000000000070777, 0.1093750000000008604, 0.1171875000000009853, 0.1210937500000010270, 0.1250000000000010825, 0.1875000000000035527, 0.2187500000000049405, 0.2343750000000055511, 0.2421875000000056344, 0.2460937500000057176, 0.2500000000000057732, 0.3750000000000019984, 0.4999999999999982792, 0.5624999999999963363, 0.6249999999999945599, 0.6874999999999926725, 0.7187499999999916733, 0.7343749999999911182, 0.7421874999999907851, 0.7460937499999907851, 0.7499999999999907851, 0.8124999999999922284, 0.8437499999999928946, 0.8593749999999933387, 0.8671874999999936717, 0.8710937499999938938, 0.8749999999999941158, 1.000000000000000000 ),
 .UNSPECIFIED. ) ;
#495 = EDGE_LOOP ( 'NONE', ( #1736, #2306, #2294, #2083 ) ) ;
#496 = CARTESIAN_POINT ( 'NONE',  ( 5.516832134885309991, 10.47487001468468293, -2.376473272752504862 ) ) ;
#497 = B_SPLINE_CURVE_WITH_KNOTS ( 'NONE', 3,
 ( #1284, #1493, #1690, #147, #2452, #2044, #1091, #2028, #752, #728, #2428, #1503, #1467, #1480, #2085, #889, #1889, #1079, #378, #1127, #879, #334, #542, #1839 ),
 .UNSPECIFIED., .F., .F.,
 ( 4, 2, 2, 2, 2, 2, 2, 2, 2, 2, 2, 4 ),
 ( 2.307379976084285249E-18, 0.0006080832427395619971, 0.001216166485479121609, 0.001824249728218681329, 0.002432332970958240616, 0.003040416213697800119, 0.003648499456437360056, 0.004256582699176920427, 0.004864665941916479497, 0.006080832427395596769, 0.007296998912874714041, 0.009729331883832945116 ),
 .UNSPECIFIED. ) ;
#498 = ORIENTED_EDGE ( 'NONE', *, *, #2231, .F. ) ;
#499 = DIRECTION ( 'NONE',  ( -8.673617379884035472E-16, 1.000000000000000000, 0.000000000000000000 ) ) ;
#500 = CARTESIAN_POINT ( 'NONE',  ( 2.999999999999995559, -10.77428184553660806, 1.736818224927613841 ) ) ;
#501 = CARTESIAN_POINT ( 'NONE',  ( 8.349201933877504089, 7.443054919391956403, -4.240000000000003766 ) ) ;
#502 = VERTEX_POINT ( 'NONE', #911 ) ;
#503 = EDGE_CURVE ( 'NONE', #1360, #2116, #2012, .T. ) ;
#504 = VECTOR ( 'NONE', #2139, 1000.000000000000000 ) ;
#505 = AXIS2_PLACEMENT_3D ( 'NONE', #592, #1518, #741 ) ;
#506 = PLANE ( 'NONE',  #2263 ) ;
#507 = EDGE_CURVE ( 'NONE', #1396, #1624, #1868, .T. ) ;
#508 = AXIS2_PLACEMENT_3D ( 'NONE', #1453, #217, #242 ) ;
#509 = CARTESIAN_POINT ( 'NONE',  ( 3.826816413921111604, 9.963310015786118967, -1.976813042437378209 ) ) ;
#510 = ORIENTED_EDGE ( 'NONE', *, *, #1883, .F. ) ;
#511 = CARTESIAN_POINT ( 'NONE',  ( 0.6762834886906385901, 9.133432793151637696, -3.889999834757499109 ) ) ;
#512 = VECTOR ( 'NONE', #784, 1000.000000000000000 ) ;
#513 = CARTESIAN_POINT ( 'NONE',  ( 1.734723475976807094E-15, -7.654207295361926455, 4.195022770495763886 ) ) ;
#514 = VERTEX_POINT ( 'NONE', #490 ) ;
#515 = AXIS2_PLACEMENT_3D ( 'NONE', #2285, #1110, #380 ) ;
#516 = CARTESIAN_POINT ( 'NONE',  ( 8.925019298468773954, -6.759550381563032673, -3.528471295505474004 ) ) ;
#517 = CARTESIAN_POINT ( 'NONE',  ( 5.200771367375378595, 10.72395411871970872, 1.897688883991092368 ) ) ;
#518 = ORIENTED_EDGE ( 'NONE', *, *, #1422, .F. ) ;
#519 = DIRECTION ( 'NONE',  ( 0.000000000000000000, 0.000000000000000000, -1.000000000000000000 ) ) ;
#520 = FACE_OUTER_BOUND ( 'NONE', #1634, .T. ) ;
#521 = ORIENTED_EDGE ( 'NONE', *, *, #1516, .T. ) ;
#522 = CARTESIAN_POINT ( 'NONE',  ( 8.199999999999999289, -6.261999999999994237, 4.835000000000000853 ) ) ;
#523 = FACE_OUTER_BOUND ( 'NONE', #2146, .T. ) ;
#524 = CARTESIAN_POINT ( 'NONE',  ( -1.184155476770956869E-17, -8.004887025928464794, 3.749742633148408277 ) ) ;
#525 = CARTESIAN_POINT ( 'NONE',  ( 6.491243344930294867, -7.446605447165892677, -4.239949477361593111 ) ) ;
#526 = EDGE_CURVE ( 'NONE', #1802, #1526, #1731, .T. ) ;
#527 = DIRECTION ( 'NONE',  ( -1.000000000000000000, -0.000000000000000000, -0.000000000000000000 ) ) ;
#528 = CARTESIAN_POINT ( 'NONE',  ( 3.372919906438067272, 9.859125644645203579, -2.091543825360478781 ) ) ;
#529 = ORIENTED_EDGE ( 'NONE', *, *, #1338, .F. ) ;
#530 = DIRECTION ( 'NONE',  ( 0.1253332335643046469, 0.9921147013144777649, -1.997510010795496743E-16 ) ) ;
#531 = VERTEX_POINT ( 'NONE', #690 ) ;
#532 = CARTESIAN_POINT ( 'NONE',  ( 9.681769098174028088, -8.219515785287521581, 2.680618825951707418 ) ) ;
#533 = CARTESIAN_POINT ( 'NONE',  ( 8.199999999999999289, 6.261999999999996014, 4.834999999999995524 ) ) ;
#534 = CARTESIAN_POINT ( 'NONE',  ( 8.199999999999999289, 6.261999999999995126, -3.006671916513725129E-15 ) ) ;
#535 = DIRECTION ( 'NONE',  ( -1.000000000000000000, -0.000000000000000000, -0.000000000000000000 ) ) ;
#536 = ADVANCED_FACE ( 'NONE', ( #2211 ), #506, .F. ) ;
#537 = CARTESIAN_POINT ( 'NONE',  ( 8.199999999999999289, 6.261999999999995126, -4.336808689942017736E-15 ) ) ;
#538 = CARTESIAN_POINT ( 'NONE',  ( 4.897207709723655711, 10.44187713766838677, 2.470887242640531056 ) ) ;
#539 = ORIENTED_EDGE ( 'NONE', *, *, #79, .F. ) ;
#540 = ADVANCED_FACE ( 'NONE', ( #1321 ), #1505, .F. ) ;
#541 = CARTESIAN_POINT ( 'NONE',  ( 8.914124245984032413, -6.460693357887107524, 3.560015361074187368 ) ) ;
#542 = CARTESIAN_POINT ( 'NONE',  ( 9.089980562014430276, -5.467091677901537494, 3.527633255061709328 ) ) ;
#543 = LINE ( 'NONE', #501, #308 ) ;
#544 = ORIENTED_EDGE ( 'NONE', *, *, #1741, .T. ) ;
#545 = CARTESIAN_POINT ( 'NONE',  ( 13.03499999999999837, -6.261999999999996902, -8.673617379884027583E-16 ) ) ;
#546 = DIRECTION ( 'NONE',  ( -1.000000000000000000, -0.000000000000000000, -0.000000000000000000 ) ) ;
#547 = DIRECTION ( 'NONE',  ( 0.000000000000000000, 0.000000000000000000, -1.000000000000000000 ) ) ;
#548 = CIRCLE ( 'NONE', #704, 1.799999999999994271 ) ;
#549 = DIRECTION ( 'NONE',  ( 1.000000000000000000, -0.000000000000000000, -0.000000000000000000 ) ) ;
#550 = CARTESIAN_POINT ( 'NONE',  ( 1.734723475976807094E-15, -7.933344359827843029, 3.916373787166430809 ) ) ;
#551 = AXIS2_PLACEMENT_3D ( 'NONE', #1260, #546, #325 ) ;
#552 = VECTOR ( 'NONE', #1627, 1000.000000000000114 ) ;
#553 = VECTOR ( 'NONE', #560, 1000.000000000000000 ) ;
#554 = SPHERICAL_SURFACE ( 'NONE', #1099, 3.635000000000000231 ) ;
#555 = CARTESIAN_POINT ( 'NONE',  ( 2.879607573530971631, 9.808756489790567912, -2.116744087972902033 ) ) ;
#556 = ORIENTED_EDGE ( 'NONE', *, *, #526, .T. ) ;
#557 = LINE ( 'NONE', #1116, #901 ) ;
#558 = EDGE_CURVE ( 'NONE', #1186, #1834, #20, .T. ) ;
#559 = EDGE_LOOP ( 'NONE', ( #2438, #1307, #1692, #25 ) ) ;
#560 = DIRECTION ( 'NONE',  ( -0.7071067811865485719, -0.7071067811865465735, 0.000000000000000000 ) ) ;
#561 = DIRECTION ( 'NONE',  ( -0.000000000000000000, -1.000000000000000000, 0.000000000000000000 ) ) ;
#562 = CARTESIAN_POINT ( 'NONE',  ( 3.469446951953614189E-15, -7.498034235678277426, 4.236694738952440531 ) ) ;
#563 = FACE_OUTER_BOUND ( 'NONE', #559, .T. ) ;
#564 = CARTESIAN_POINT ( 'NONE',  ( 3.138762337515505152, 9.831954374427384735, 2.110557889802846976 ) ) ;
#565 = ORIENTED_EDGE ( 'NONE', *, *, #934, .T. ) ;
#566 = CARTESIAN_POINT ( 'NONE',  ( 4.649999999999984368, -11.24699999999999278, 0.000000000000000000 ) ) ;
#567 = ORIENTED_EDGE ( 'NONE', *, *, #35, .T. ) ;
#568 = EDGE_CURVE ( 'NONE', #697, #2323, #1649, .T. ) ;
#569 = CARTESIAN_POINT ( 'NONE',  ( 3.537770608361222813, 9.266050841421298756, 3.785234464168229174 ) ) ;
#570 = CARTESIAN_POINT ( 'NONE',  ( 5.199999999999998401, -13.49699999999999456, -2.332809465001378424 ) ) ;
#571 = CARTESIAN_POINT ( 'NONE',  ( 4.472488197094866003, 10.26171246581459151, 1.354031097614526669 ) ) ;
#572 = ORIENTED_EDGE ( 'NONE', *, *, #487, .F. ) ;
#573 = CARTESIAN_POINT ( 'NONE',  ( 0.000000000000000000, 6.261999999999995126, -3.006671916513725129E-15 ) ) ;
#574 = CARTESIAN_POINT ( 'NONE',  ( 4.463754176501224080, 10.25761891510934554, 1.358334688172431637 ) ) ;
#575 = ORIENTED_EDGE ( 'NONE', *, *, #2137, .F. ) ;
#576 = CARTESIAN_POINT ( 'NONE',  ( 6.618944419044569649, -7.491895663245447423, 4.237335167533849756 ) ) ;
#577 = CARTESIAN_POINT ( 'NONE',  ( 2.369659184435113808, -5.453565245962379571, -3.889999834757496444 ) ) ;
#578 = EDGE_CURVE ( 'NONE', #2141, #1358, #602, .T. ) ;
#579 = ORIENTED_EDGE ( 'NONE', *, *, #966, .T. ) ;
#580 = CARTESIAN_POINT ( 'NONE',  ( 1.149999999999999911, -7.988868267539792178, 3.791400068485362596 ) ) ;
#581 = AXIS2_PLACEMENT_3D ( 'NONE', #406, #1345, #1508 ) ;
#582 = CARTESIAN_POINT ( 'NONE',  ( 4.636475564248317305, 10.39752940774684831, 0.6499257279825311207 ) ) ;
#583 = VECTOR ( 'NONE', #891, 1000.000000000000000 ) ;
#584 = B_SPLINE_CURVE_WITH_KNOTS ( 'NONE', 3,
 ( #1645, #2410, #864, #1424 ),
 .UNSPECIFIED., .F., .F.,
 ( 4, 4 ),
 ( 0.5133823625333855389, 0.5437687050873470929 ),
 .UNSPECIFIED. ) ;
#585 = ORIENTED_EDGE ( 'NONE', *, *, #977, .T. ) ;
#586 = PRESENTATION_LAYER_ASSIGNMENT (  '', '', ( #2296 ) ) ;
#587 = CARTESIAN_POINT ( 'NONE',  ( 3.817367860833465354, 7.635034554476774815, 3.367914222548731740 ) ) ;
#588 = CARTESIAN_POINT ( 'NONE',  ( 8.537252245508643256, 6.450940218077474420, -4.240000000000002878 ) ) ;
#589 = AXIS2_PLACEMENT_3D ( 'NONE', #132, #2222, #519 ) ;
#590 = ORIENTED_EDGE ( 'NONE', *, *, #431, .T. ) ;
#591 = AXIS2_PLACEMENT_3D ( 'NONE', #1029, #1167, #821 ) ;
#592 = CARTESIAN_POINT ( 'NONE',  ( 3.549999999999995826, -11.24699999999999278, 0.000000000000000000 ) ) ;
#593 = CARTESIAN_POINT ( 'NONE',  ( 3.826816413921112492, 9.900154459196699008, -2.576986284403780303 ) ) ;
#594 = EDGE_LOOP ( 'NONE', ( #611, #267, #1139, #510, #1957 ) ) ;
#595 = EDGE_CURVE ( 'NONE', #116, #502, #2078, .T. ) ;
#596 = CARTESIAN_POINT ( 'NONE',  ( 4.439292367281081120, 10.24059599119227393, -1.415278096612922587 ) ) ;
#597 = VERTEX_POINT ( 'NONE', #1312 ) ;
#598 = CARTESIAN_POINT ( 'NONE',  ( 13.03500000000001791, -12.49699999999998568, 0.000000000000000000 ) ) ;
#599 = CARTESIAN_POINT ( 'NONE',  ( 0.9711495339278040095, 9.133432793151635920, -3.889999834757499553 ) ) ;
#600 = CARTESIAN_POINT ( 'NONE',  ( 1.734723475976807094E-15, -8.005368640867288832, 3.752030036551089687 ) ) ;
#601 = ORIENTED_EDGE ( 'NONE', *, *, #444, .F. ) ;
#602 = LINE ( 'NONE', #2114, #553 ) ;
#603 = CARTESIAN_POINT ( 'NONE',  ( 8.199999999999999289, -6.261999999999995126, 0.000000000000000000 ) ) ;
#604 = CARTESIAN_POINT ( 'NONE',  ( 3.544103013628908894, 9.270912977708654523, 3.780992113424890722 ) ) ;
#605 = ORIENTED_EDGE ( 'NONE', *, *, #190, .T. ) ;
#606 = EDGE_CURVE ( 'NONE', #2189, #987, #1532, .T. ) ;
#607 = ORIENTED_EDGE ( 'NONE', *, *, #2195, .T. ) ;
#608 = FACE_OUTER_BOUND ( 'NONE', #1237, .T. ) ;
#609 = CARTESIAN_POINT ( 'NONE',  ( 4.480263012599728256, 10.26916058710726887, -1.319070588811111611 ) ) ;
#610 = EDGE_CURVE ( 'NONE', #2449, #250, #1142, .T. ) ;
#611 = ORIENTED_EDGE ( 'NONE', *, *, #1727, .T. ) ;
#612 = CARTESIAN_POINT ( 'NONE',  ( 0.000000000000000000, 6.927727461226370842, -3.889999834757689179 ) ) ;
#613 = CARTESIAN_POINT ( 'NONE',  ( 0.3833333333333350801, -8.004887692775554342, -3.749742323196605387 ) ) ;
#614 = CARTESIAN_POINT ( 'NONE',  ( 2.999999999999995559, -10.77428184553660806, -1.736818224927613841 ) ) ;
#615 = APPLICATION_PROTOCOL_DEFINITION ( 'draft international standard', 'automotive_design', 1998, #1030 ) ;
#616 = B_SPLINE_CURVE_WITH_KNOTS ( 'NONE', 3,
 ( #1080, #2098, #199, #368, #1514, #942, #1915, #218, #1878, #773, #1716, #2454, #928, #1353, #2292, #2272, #2086, #574, #7, #2281, #1342, #1761, #41, #413, #2171, #2338, #637, #461, #1387, #1974, #1217, #1596, #609, #1861, #1629, #2154, #446, #2321, #1443, #856, #2018, #135, #251, #1172, #239, #1744 ),
 .UNSPECIFIED., .F., .F.,
 ( 4, 2, 2, 1, 2, 2, 2, 2, 1, 2, 2, 2, 2, 2, 2, 2, 1, 2, 2, 2, 2, 1, 2, 2, 4 ),
 ( 0.000000000000000000, 0.06249999999999650280, 0.09374999999999497624, 0.1093749999999947403, 0.1171874999999948652, 0.1249999999999950040, 0.1874999999999990286, 0.2187500000000010270, 0.2343750000000018874, 0.2421875000000023315, 0.2500000000000027756, 0.3750000000000063283, 0.5000000000000098810, 0.6250000000000134337, 0.6875000000000152101, 0.7187500000000162093, 0.7343750000000165423, 0.7421875000000167644, 0.7500000000000169864, 0.8125000000000176525, 0.8437500000000180966, 0.8593750000000179856, 0.8671875000000174305, 0.8750000000000168754, 1.000000000000000000 ),
 .UNSPECIFIED. ) ;
#617 = LINE ( 'NONE', #395, #1213 ) ;
#618 = ORIENTED_EDGE ( 'NONE', *, *, #1683, .F. ) ;
#619 = CARTESIAN_POINT ( 'NONE',  ( 3.568401682667452501, 9.290344020426365645, -3.763857908493866145 ) ) ;
#620 = B_SPLINE_CURVE_WITH_KNOTS ( 'NONE', 1,
 ( #1755, #433 ),
 .UNSPECIFIED., .F., .F.,
 ( 2, 2 ),
 ( 0.000000000000000000, 1.000000000000000000 ),
 .UNSPECIFIED. ) ;
#621 = VERTEX_POINT ( 'NONE', #2283 ) ;
#622 = CARTESIAN_POINT ( 'NONE',  ( 3.691130022954069556, 9.238213276433233645, -3.811071144519659004 ) ) ;
#623 = DIRECTION ( 'NONE',  ( 0.000000000000000000, 0.000000000000000000, 1.000000000000000000 ) ) ;
#624 = CARTESIAN_POINT ( 'NONE',  ( 9.739859712763072608, -8.005368640867288832, 3.752030036551088799 ) ) ;
#625 = AXIS2_PLACEMENT_3D ( 'NONE', #1209, #262, #289 ) ;
#626 =( GEOMETRIC_REPRESENTATION_CONTEXT ( 3 ) GLOBAL_UNCERTAINTY_ASSIGNED_CONTEXT ( ( #1625 ) ) GLOBAL_UNIT_ASSIGNED_CONTEXT ( ( #1800, #1679, #1318 ) ) REPRESENTATION_CONTEXT ( 'NONE', 'WORKASPACE' ) );
#627 = ORIENTED_EDGE ( 'NONE', *, *, #1212, .T. ) ;
#628 = DIRECTION ( 'NONE',  ( 0.000000000000000000, 0.000000000000000000, -1.000000000000000000 ) ) ;
#629 = CIRCLE ( 'NONE', #1136, 3.635000000000000231 ) ;
#630 = PLANE ( 'NONE',  #192 ) ;
#631 = CARTESIAN_POINT ( 'NONE',  ( 3.800758264089581839, 7.460880352487402334, -3.432197725693647339 ) ) ;
#632 = ORIENTED_EDGE ( 'NONE', *, *, #360, .T. ) ;
#633 = CARTESIAN_POINT ( 'NONE',  ( 3.750069793230176973, 9.487307866345279450, -3.554349940357391269 ) ) ;
#634 = VERTEX_POINT ( 'NONE', #976 ) ;
#635 = CARTESIAN_POINT ( 'NONE',  ( 5.613468535139229942, 10.58637590283831820, -2.230278898339263183 ) ) ;
#636 = CARTESIAN_POINT ( 'NONE',  ( 3.145729928183634616, 9.129189243824390232, 3.893171348798566633 ) ) ;
#637 = CARTESIAN_POINT ( 'NONE',  ( 4.588494175141099696, 10.35326854097045590, -0.9579929209289211878 ) ) ;
#638 = ORIENTED_EDGE ( 'NONE', *, *, #220, .F. ) ;
#639 = CARTESIAN_POINT ( 'NONE',  ( 9.739860177897254445, -7.543025987569520474, -4.229939200866025928 ) ) ;
#640 = CARTESIAN_POINT ( 'NONE',  ( 0.000000000000000000, 6.261999999999995126, 4.834999999999995524 ) ) ;
#641 = EDGE_CURVE ( 'NONE', #355, #2141, #1807, .T. ) ;
#642 = CARTESIAN_POINT ( 'NONE',  ( 3.816328603429594235, 9.606705190768620284, 3.388029727391764556 ) ) ;
#643 = EDGE_CURVE ( 'NONE', #1396, #366, #1506, .T. ) ;
#644 = VERTEX_POINT ( 'NONE', #221 ) ;
#645 = CARTESIAN_POINT ( 'NONE',  ( 5.199999999999995737, -10.77428184553660273, -1.736818224927626719 ) ) ;
#646 = ORIENTED_EDGE ( 'NONE', *, *, #842, .F. ) ;
#647 = CARTESIAN_POINT ( 'NONE',  ( 5.140613053268748622, 10.07798558300083336, -2.969108617384439874 ) ) ;
#648 = CARTESIAN_POINT ( 'NONE',  ( 5.952680204473041137, 11.09715316118524164, 0.1603416390940226310 ) ) ;
#649 = B_SPLINE_CURVE_WITH_KNOTS ( 'NONE', 3,
 ( #1666, #163, #1468, #2029 ),
 .UNSPECIFIED., .F., .F.,
 ( 4, 4 ),
 ( 0.000000000000000000, 1.000000000000000000 ),
 .UNSPECIFIED. ) ;
#650 = ORIENTED_EDGE ( 'NONE', *, *, #790, .F. ) ;
#651 = DIRECTION ( 'NONE',  ( 1.000000000000000000, 0.000000000000000000, 0.000000000000000000 ) ) ;
#652 = DIRECTION ( 'NONE',  ( -1.000000000000000000, -0.000000000000000000, -0.000000000000000000 ) ) ;
#653 = CARTESIAN_POINT ( 'NONE',  ( 8.537252245508696546, 6.660650521427177395, 4.161373646053877273 ) ) ;
#654 = PRODUCT_RELATED_PRODUCT_CATEGORY ( 'part', '', ( #99 ) ) ;
#655 = LINE ( 'NONE', #1236, #1408 ) ;
#656 = CARTESIAN_POINT ( 'NONE',  ( 3.826816413921113380, 7.848002865044884757, 3.249999856789998809 ) ) ;
#657 = CARTESIAN_POINT ( 'NONE',  ( 11.83499999999999908, 1.206173682419479976, -3.430387539168609694E-16 ) ) ;
#658 = EDGE_CURVE ( 'NONE', #938, #1900, #2328, .T. ) ;
#659 = VERTEX_POINT ( 'NONE', #1906 ) ;
#660 = CARTESIAN_POINT ( 'NONE',  ( 3.298800632273970912, 9.846289692418414674, -3.352334217868773614 ) ) ;
#661 = ORIENTED_EDGE ( 'NONE', *, *, #1060, .T. ) ;
#662 = CARTESIAN_POINT ( 'NONE',  ( 9.739860177897249116, -7.700852379350012988, -4.168934662586127438 ) ) ;
#663 = CARTESIAN_POINT ( 'NONE',  ( 7.722535766055982798, 6.685327738914947027, 4.136299408769009922 ) ) ;
#664 = AXIS2_PLACEMENT_3D ( 'NONE', #2251, #1069, #1055 ) ;
#665 = VECTOR ( 'NONE', #268, 1000.000000000000000 ) ;
#666 = FACE_OUTER_BOUND ( 'NONE', #685, .T. ) ;
#667 = ORIENTED_EDGE ( 'NONE', *, *, #1727, .F. ) ;
#668 = CIRCLE ( 'NONE', #2182, 3.634999999999998899 ) ;
#669 = CARTESIAN_POINT ( 'NONE',  ( 12.19332750557111034, -7.497805340466627833, -4.240000000000000213 ) ) ;
#670 = CIRCLE ( 'NONE', #935, 1.250000000000000000 ) ;
#671 = CARTESIAN_POINT ( 'NONE',  ( 3.801869343684309843, 9.579155538347276178, -3.427371672739980113 ) ) ;
#672 = ORIENTED_EDGE ( 'NONE', *, *, #1636, .T. ) ;
#673 = ADVANCED_FACE ( 'NONE', ( #31 ), #789, .T. ) ;
#674 = CARTESIAN_POINT ( 'NONE',  ( 3.852984957837870539, 9.288699600574631177, -3.771571671007800663 ) ) ;
#675 = EDGE_LOOP ( 'NONE', ( #359, #1062, #2026, #409 ) ) ;
#676 = CARTESIAN_POINT ( 'NONE',  ( 3.826816413921112492, 9.963309350945946719, 1.976814751764123468 ) ) ;
#677 = ORIENTED_EDGE ( 'NONE', *, *, #1363, .T. ) ;
#678 = CARTESIAN_POINT ( 'NONE',  ( 3.356623289800871657, 9.164250336733410052, 3.867061931613036130 ) ) ;
#679 = DIRECTION ( 'NONE',  ( 0.000000000000000000, 0.000000000000000000, 1.000000000000000000 ) ) ;
#680 = CARTESIAN_POINT ( 'NONE',  ( 9.739859712763070831, -8.171146895231037988, 3.046392124282931935 ) ) ;
#681 = SPHERICAL_SURFACE ( 'NONE', #2010, 3.635000000000000231 ) ;
#682 = ORIENTED_EDGE ( 'NONE', *, *, #95, .T. ) ;
#683 = CARTESIAN_POINT ( 'NONE',  ( 3.457692658298038069, 9.183848099740570703, 3.852296599326900495 ) ) ;
#684 = EDGE_CURVE ( 'NONE', #1680, #947, #709, .T. ) ;
#685 = EDGE_LOOP ( 'NONE', ( #1945, #2417, #1932, #521, #1887, #585, #2413, #638, #2119, #1339, #2247, #1128, #1399, #567, #627, #184 ) ) ;
#686 = CARTESIAN_POINT ( 'NONE',  ( 8.922820995940137223, -6.361351730090897938, 3.562459076537064284 ) ) ;
#687 = CARTESIAN_POINT ( 'NONE',  ( 4.312802286941955998, -7.438665600325220062, 4.240000000000001101 ) ) ;
#688 = EDGE_CURVE ( 'NONE', #1358, #1020, #2054, .T. ) ;
#689 = CARTESIAN_POINT ( 'NONE',  ( 5.199999999999996625, -11.24699999999999278, -1.800000000000007372 ) ) ;
#690 = CARTESIAN_POINT ( 'NONE',  ( 8.199999999999999289, 8.697426056467001843, 1.721469931994973113 ) ) ;
#691 = CARTESIAN_POINT ( 'NONE',  ( 8.486334240068233115, 6.517984482298863291, -4.232505109824525213 ) ) ;
#692 = DIRECTION ( 'NONE',  ( -1.000000000000000000, 1.387778780781445676E-16, -2.465190328815661892E-32 ) ) ;
#693 = CARTESIAN_POINT ( 'NONE',  ( 6.472769371238235259, -7.439116083413255254, -4.239998476548195505 ) ) ;
#694 = CARTESIAN_POINT ( 'NONE',  ( 1.734723475976807094E-15, -7.429539432042854052, 4.240001866175330925 ) ) ;
#695 = ORIENTED_EDGE ( 'NONE', *, *, #95, .F. ) ;
#696 = CARTESIAN_POINT ( 'NONE',  ( 4.776688438670020354, 10.35387405038371789, 2.618094814971211992 ) ) ;
#697 = VERTEX_POINT ( 'NONE', #830 ) ;
#698 = CARTESIAN_POINT ( 'NONE',  ( -1.734723475976807094E-15, -8.080820203739273566, -3.509002701865252316 ) ) ;
#699 = CARTESIAN_POINT ( 'NONE',  ( 8.199999999999999289, 7.320066030444984939, 3.477602805844618228 ) ) ;
#700 = CARTESIAN_POINT ( 'NONE',  ( 8.486334240068286405, 6.517984482298849080, 4.232505109824520773 ) ) ;
#701 = ORIENTED_EDGE ( 'NONE', *, *, #164, .T. ) ;
#702 = EDGE_CURVE ( 'NONE', #1252, #926, #1206, .T. ) ;
#703 = AXIS2_PLACEMENT_3D ( 'NONE', #1070, #152, #1618 ) ;
#704 = AXIS2_PLACEMENT_3D ( 'NONE', #2199, #907, #2016 ) ;
#705 = DIRECTION ( 'NONE',  ( -0.000000000000000000, 1.000000000000000000, -2.770238703252648603E-16 ) ) ;
#706 = VECTOR ( 'NONE', #1953, 1000.000000000000000 ) ;
#707 = VECTOR ( 'NONE', #2398, 1000.000000000000000 ) ;
#708 = CARTESIAN_POINT ( 'NONE',  ( 8.199999999999999289, 8.697426056467001843, -3.006671916513725129E-15 ) ) ;
#709 = B_SPLINE_CURVE_WITH_KNOTS ( 'NONE', 3,
 ( #416, #2161, #1418, #1001, #2149, #2341, #1028 ),
 .UNSPECIFIED., .F., .F.,
 ( 4, 3, 4 ),
 ( -1.311969379879870007E-05, 0.000000000000000000, 0.0002578818910211889124 ),
 .UNSPECIFIED. ) ;
#710 = CARTESIAN_POINT ( 'NONE',  ( 8.199999999999999289, -6.261999999999995126, 0.000000000000000000 ) ) ;
#711 = CIRCLE ( 'NONE', #429, 4.834999999999999076 ) ;
#712 = CARTESIAN_POINT ( 'NONE',  ( 8.199999999999999289, 6.261999999999995126, -3.006671916513725129E-15 ) ) ;
#713 = CARTESIAN_POINT ( 'NONE',  ( 3.956561774304889756, 9.971412581090673299, 3.183206301443991748 ) ) ;
#714 = VERTEX_POINT ( 'NONE', #2360 ) ;
#715 = CARTESIAN_POINT ( 'NONE',  ( 4.164871645313874993, 10.09039944755023122, -0.6531171954330480256 ) ) ;
#716 = CARTESIAN_POINT ( 'NONE',  ( 8.486334240068233115, 6.517984482298863291, -4.232505109824525213 ) ) ;
#717 = CARTESIAN_POINT ( 'NONE',  ( 6.472769371238235259, -7.439116083413255254, -4.239998476548195505 ) ) ;
#718 = ORIENTED_EDGE ( 'NONE', *, *, #2298, .T. ) ;
#719 = LINE ( 'NONE', #533, #425 ) ;
#720 = EDGE_CURVE ( 'NONE', #514, #2207, #452, .T. ) ;
#721 = LINE ( 'NONE', #2202, #2063 ) ;
#722 = DIRECTION ( 'NONE',  ( 0.000000000000000000, -1.000000000000000000, 3.462798379065810878E-16 ) ) ;
#723 = ADVANCED_FACE ( 'NONE', ( #666 ), #630, .F. ) ;
#724 = CARTESIAN_POINT ( 'NONE',  ( 12.44289456792460413, 6.018154675296227829, -3.294266247958347186E-15 ) ) ;
#725 = CARTESIAN_POINT ( 'NONE',  ( 5.452118185367657688, 11.06893893829960440, -0.5961828332236819294 ) ) ;
#726 = ORIENTED_EDGE ( 'NONE', *, *, #18, .T. ) ;
#727 = DIRECTION ( 'NONE',  ( 1.000000000000000000, 7.885106708985487062E-16, 0.000000000000000000 ) ) ;
#728 = CARTESIAN_POINT ( 'NONE',  ( 11.07750035297743807, 0.2260737496093758458, 2.226464115476806338 ) ) ;
#729 = ORIENTED_EDGE ( 'NONE', *, *, #1338, .T. ) ;
#730 = FACE_OUTER_BOUND ( 'NONE', #1025, .T. ) ;
#731 = DIRECTION ( 'NONE',  ( -1.000000000000000000, -0.000000000000000000, -0.000000000000000000 ) ) ;
#732 = ADVANCED_FACE ( 'NONE', ( #2188 ), #361, .T. ) ;
#733 = CARTESIAN_POINT ( 'NONE',  ( 6.482322982294374647, -7.441987258525543325, -4.239990255055995583 ) ) ;
#734 = B_SPLINE_SURFACE_WITH_KNOTS ( 'NONE', 3, 1, ( 
 ( #1806, #111 ),
 ( #860, #1619 ),
 ( #680, #313 ),
 ( #1057, #1819 ),
 ( #1934, #986 ),
 ( #1867, #786 ),
 ( #624, #600 ),
 ( #2243, #1112 ),
 ( #2255, #550 ),
 ( #743, #1498 ),
 ( #1290, #1833 ),
 ( #923, #1872 ),
 ( #169, #513 ),
 ( #915, #1822 ),
 ( #2266, #179 ),
 ( #1673, #562 ),
 ( #1475, #2435 ),
 ( #316, #1462 ),
 ( #1061, #2230 ),
 ( #2036, #872 ),
 ( #1633, #2393 ),
 ( #1660, #694 ) ),
 .UNSPECIFIED., .F., .F., .F.,
 ( 4, 2, 2, 2, 2, 2, 2, 2, 2, 2, 4 ),
 ( 2, 2 ),
 ( 0.000000000000000000, 0.2500000000000004441, 0.5000000000000008882, 0.6250000000000006661, 0.7500000000000004441, 0.8750000000000002220, 0.9375000000000001110, 0.9687500000000000000, 0.9843749999999996669, 0.9921874999999997780, 1.000000000000000000 ),
 ( 0.000000000000000000, 1.000000000000000000 ),
 .UNSPECIFIED. ) ;
#735 = CARTESIAN_POINT ( 'NONE',  ( 4.800000000000000711, -8.004898343558330964, 3.749737406610174961 ) ) ;
#736 = CARTESIAN_POINT ( 'NONE',  ( 3.252925129539286253, 9.841977561850104195, 3.358379254325253527 ) ) ;
#737 = ORIENTED_EDGE ( 'NONE', *, *, #2198, .T. ) ;
#738 = CARTESIAN_POINT ( 'NONE',  ( 5.199999999999996625, -11.37904556283231372, 2.322894168276850468 ) ) ;
#739 = DIRECTION ( 'NONE',  ( 1.772601417597194116E-13, 3.462798379065810878E-16, 1.000000000000000000 ) ) ;
#740 = VERTEX_POINT ( 'NONE', #2175 ) ;
#741 = DIRECTION ( 'NONE',  ( -3.122502256758254348E-15, 1.000000000000000000, 0.000000000000000000 ) ) ;
#742 = CARTESIAN_POINT ( 'NONE',  ( 7.214497958217655160, -7.697400336817587174, 4.172047842771085868 ) ) ;
#743 = CARTESIAN_POINT ( 'NONE',  ( 9.739859712763070831, -7.861691269887248090, 4.026482463674372347 ) ) ;
#744 = AXIS2_PLACEMENT_3D ( 'NONE', #1367, #480, #1019 ) ;
#745 = CONICAL_SURFACE ( 'NONE', #1255, 1.799999999999994271, 0.7853981633974437271 ) ;
#746 = AXIS2_PLACEMENT_3D ( 'NONE', #1991, #1859, #1643 ) ;
#747 = CARTESIAN_POINT ( 'NONE',  ( 11.83499999999999908, 1.206173682419479976, -3.430387539168609694E-16 ) ) ;
#748 = CARTESIAN_POINT ( 'NONE',  ( 3.229876081333085125, 9.839939153407401662, 3.361254451218887329 ) ) ;
#749 = ADVANCED_FACE ( 'NONE', ( #1586 ), #286, .F. ) ;
#750 = ORIENTED_EDGE ( 'NONE', *, *, #431, .F. ) ;
#751 = DIRECTION ( 'NONE',  ( 0.9921147013144777649, -0.1253332335643047857, -5.869410855088402365E-17 ) ) ;
#752 = CARTESIAN_POINT ( 'NONE',  ( 11.25624049802188864, 0.4922191543699742655, 1.973966756848281712 ) ) ;
#753 = ORIENTED_EDGE ( 'NONE', *, *, #507, .F. ) ;
#754 = DIRECTION ( 'NONE',  ( 1.000000000000000000, -0.000000000000000000, -0.000000000000000000 ) ) ;
#755 = CARTESIAN_POINT ( 'NONE',  ( 3.468352781429766551, 9.218634954600457121, 3.825035113278020038 ) ) ;
#756 = CARTESIAN_POINT ( 'NONE',  ( -1.102691775682710453E-15, -7.439315778403673640, -4.239998916069978030 ) ) ;
#757 = CARTESIAN_POINT ( 'NONE',  ( 3.102053506149358597, 9.828644411198718345, 2.111840830688807014 ) ) ;
#758 = ORIENTED_EDGE ( 'NONE', *, *, #1409, .F. ) ;
#759 = LINE ( 'NONE', #1512, #2066 ) ;
#760 = CARTESIAN_POINT ( 'NONE',  ( 3.313245980680149305, 9.156685695788091550, -3.872727862743493787 ) ) ;
#761 = EDGE_CURVE ( 'NONE', #1802, #1986, #1765, .T. ) ;
#762 = B_SPLINE_CURVE_WITH_KNOTS ( 'NONE', 3,
 ( #1977, #78, #294, #829, #1026, #2359 ),
 .UNSPECIFIED., .F., .F.,
 ( 4, 2, 4 ),
 ( 0.003776488345755371970, 0.004176205592874918104, 0.004575922839994464239 ),
 .UNSPECIFIED. ) ;
#763 = EDGE_LOOP ( 'NONE', ( #2172, #1713, #150, #2127, #206, #1065 ) ) ;
#764 = DIRECTION ( 'NONE',  ( 0.000000000000000000, 0.000000000000000000, 1.000000000000000000 ) ) ;
#765 = B_SPLINE_CURVE_WITH_KNOTS ( 'NONE', 3,
 ( #2381, #511, #1264, #1278 ),
 .UNSPECIFIED., .F., .F.,
 ( 4, 4 ),
 ( 0.000000000000000000, 1.000000000000000000 ),
 .UNSPECIFIED. ) ;
#766 = CARTESIAN_POINT ( 'NONE',  ( 3.826816413921112492, 9.950279058733793036, -2.254653157113612139 ) ) ;
#767 = ORIENTED_EDGE ( 'NONE', *, *, #1491, .F. ) ;
#768 = DIRECTION ( 'NONE',  ( 0.000000000000000000, 1.000000000000000000, -2.770238703252648603E-16 ) ) ;
#769 = CARTESIAN_POINT ( 'NONE',  ( 3.129006431661760956, 9.831056812480436946, 2.111170501401477662 ) ) ;
#770 = ORIENTED_EDGE ( 'NONE', *, *, #641, .T. ) ;
#771 = CARTESIAN_POINT ( 'NONE',  ( 9.294835283836079043, -7.712851102906027378, 3.154296438214334586 ) ) ;
#772 = CYLINDRICAL_SURFACE ( 'NONE', #817, 4.135011755864158367 ) ;
#773 = CARTESIAN_POINT ( 'NONE',  ( 4.190142884456053984, 10.10174681484594217, 1.754160123590360110 ) ) ;
#774 = ORIENTED_EDGE ( 'NONE', *, *, #720, .T. ) ;
#775 = CARTESIAN_POINT ( 'NONE',  ( 4.799999999999999822, -8.160519968943514613, 3.099814014989077826 ) ) ;
#776 = ADVANCED_FACE ( 'NONE', ( #1562 ), #1410, .F. ) ;
#777 = DIRECTION ( 'NONE',  ( 1.000000000000000000, 7.885106708985488048E-16, 1.182766006347823306E-15 ) ) ;
#778 = CARTESIAN_POINT ( 'NONE',  ( 4.649999999999984368, -11.24699999999999278, 1.250000000000000000 ) ) ;
#779 = ORIENTED_EDGE ( 'NONE', *, *, #2038, .T. ) ;
#780 = CIRCLE ( 'NONE', #1173, 3.480130300619083350 ) ;
#781 = DIRECTION ( 'NONE',  ( -1.000000000000000000, -0.000000000000000000, -0.000000000000000000 ) ) ;
#782 = ORIENTED_EDGE ( 'NONE', *, *, #180, .T. ) ;
#783 = VECTOR ( 'NONE', #2419, 1000.000000000000000 ) ;
#784 = DIRECTION ( 'NONE',  ( -1.000000000000000000, -7.885106708985487062E-16, -0.000000000000000000 ) ) ;
#785 = FACE_OUTER_BOUND ( 'NONE', #1750, .T. ) ;
#786 = CARTESIAN_POINT ( 'NONE',  ( -5.204170427930421283E-15, -8.025223689753875789, 3.694365037995289480 ) ) ;
#787 = AXIS2_PLACEMENT_3D ( 'NONE', #1661, #1228, #364 ) ;
#788 = ORIENTED_EDGE ( 'NONE', *, *, #1685, .F. ) ;
#789 = CYLINDRICAL_SURFACE ( 'NONE', #2258, 4.834999999999999076 ) ;
#790 = EDGE_CURVE ( 'NONE', #1020, #355, #908, .T. ) ;
#791 = CARTESIAN_POINT ( 'NONE',  ( 3.826816413921113824, 9.770769931644203155, -3.064861168209065401 ) ) ;
#792 = EDGE_LOOP ( 'NONE', ( #1465, #737, #1524, #1935 ) ) ;
#793 = CARTESIAN_POINT ( 'NONE',  ( 3.826816413921113380, 9.680203446471326245, 3.249999856789998365 ) ) ;
#794 = ADVANCED_FACE ( 'NONE', ( #1938 ), #2318, .F. ) ;
#795 = EDGE_LOOP ( 'NONE', ( #2144, #51, #1535, #818, #1196, #2156, #556, #885 ) ) ;
#796 = CARTESIAN_POINT ( 'NONE',  ( 5.683798175824391841, 10.68703724647023279, 1.967447624297771647 ) ) ;
#797 = B_SPLINE_CURVE_WITH_KNOTS ( 'NONE', 3,
 ( #288, #1002, #2140, #1564 ),
 .UNSPECIFIED., .F., .F.,
 ( 4, 4 ),
 ( 0.0004013498391150293145, 0.0005937282901801116744 ),
 .UNSPECIFIED. ) ;
#798 = ORIENTED_EDGE ( 'NONE', *, *, #327, .T. ) ;
#799 = CARTESIAN_POINT ( 'NONE',  ( 3.469446951953614189E-15, -7.959154799868830565, -3.863099222419747569 ) ) ;
#800 = CARTESIAN_POINT ( 'NONE',  ( 4.549999999999999822, -8.359769406533967384, 3.584792673271108399 ) ) ;
#801 = CARTESIAN_POINT ( 'NONE',  ( 2.999999999999996003, -11.24699999999999456, 0.000000000000000000 ) ) ;
#802 = ORIENTED_EDGE ( 'NONE', *, *, #2092, .F. ) ;
#803 = CARTESIAN_POINT ( 'NONE',  ( 2.789130527759446476, 9.800682220280501511, 2.118607105073010644 ) ) ;
#804 = ORIENTED_EDGE ( 'NONE', *, *, #643, .F. ) ;
#805 = EDGE_CURVE ( 'NONE', #740, #141, #387, .T. ) ;
#806 = CARTESIAN_POINT ( 'NONE',  ( 4.317323176011611530, 9.494006183197845061, 3.596025769842324138 ) ) ;
#807 = ORIENTED_EDGE ( 'NONE', *, *, #658, .T. ) ;
#808 = CARTESIAN_POINT ( 'NONE',  ( 0.000000000000000000, -8.005352936789638107, -3.752066541547760536 ) ) ;
#809 = CARTESIAN_POINT ( 'NONE',  ( 1.150000000000000355, -7.988868203524540412, 3.791400227608597184 ) ) ;
#810 = PRODUCT_CONTEXT ( 'NONE', #1763, 'mechanical' ) ;
#811 = CARTESIAN_POINT ( 'NONE',  ( 3.806466516897430985, 7.520732269895130884, -3.410105287630376125 ) ) ;
#812 = CARTESIAN_POINT ( 'NONE',  ( 8.199999999999999289, -6.261999999999995126, -1.734723475976807094E-15 ) ) ;
#813 = VERTEX_POINT ( 'NONE', #640 ) ;
#814 = CARTESIAN_POINT ( 'NONE',  ( 4.120374190471409293, 9.398945669101877343, -3.679300794851436684 ) ) ;
#815 = CARTESIAN_POINT ( 'NONE',  ( 2.871548691206317283, 9.817418457228402673, -3.394244438852402901 ) ) ;
#816 = AXIS2_PLACEMENT_3D ( 'NONE', #2407, #527, #1279 ) ;
#817 = AXIS2_PLACEMENT_3D ( 'NONE', #2145, #1341, #623 ) ;
#818 = ORIENTED_EDGE ( 'NONE', *, *, #1459, .T. ) ;
#819 = CARTESIAN_POINT ( 'NONE',  ( 8.223868700313198943, 6.450940218077474420, -4.240000000000003766 ) ) ;
#820 = DIRECTION ( 'NONE',  ( 1.000000000000000000, 0.000000000000000000, 0.000000000000000000 ) ) ;
#821 = DIRECTION ( 'NONE',  ( 0.000000000000000000, 0.000000000000000000, -1.000000000000000000 ) ) ;
#822 = CARTESIAN_POINT ( 'NONE',  ( 3.682638844970638203, 9.401134442157443871, 3.654820262565650957 ) ) ;
#823 = CARTESIAN_POINT ( 'NONE',  ( 4.833612162887740205, -10.89649544561489947, -1.390105118094079995 ) ) ;
#824 = ORIENTED_EDGE ( 'NONE', *, *, #1393, .T. ) ;
#825 = CARTESIAN_POINT ( 'NONE',  ( 5.952764467313556018, 11.09729223074436888, 0.3079984287099845064 ) ) ;
#826 = CARTESIAN_POINT ( 'NONE',  ( 3.252921567232160971, 9.841977321185853000, -3.358379604567862664 ) ) ;
#827 = VERTEX_POINT ( 'NONE', #103 ) ;
#828 = EDGE_CURVE ( 'NONE', #2370, #1721, #2210, .T. ) ;
#829 = CARTESIAN_POINT ( 'NONE',  ( -4.238432248573950494E-17, -7.703908012342481015, -4.182854881349521214 ) ) ;
#830 = CARTESIAN_POINT ( 'NONE',  ( 0.9711495339442544061, 9.133432793153119178, 3.889999834756399544 ) ) ;
#831 = CARTESIAN_POINT ( 'NONE',  ( 8.199999999999999289, 7.520732269895129107, -3.410105287630376569 ) ) ;
#832 = CARTESIAN_POINT ( 'NONE',  ( 3.742055846004369357, 9.475075914079255313, 3.570058171271057734 ) ) ;
#833 = CARTESIAN_POINT ( 'NONE',  ( 4.633333333333333748, -8.004801739344850731, -3.749768870255572928 ) ) ;
#834 = CARTESIAN_POINT ( 'NONE',  ( 3.356623289800871657, 9.164250336733410052, 3.867061931613036130 ) ) ;
#835 = CARTESIAN_POINT ( 'NONE',  ( 4.696729889063600005, 9.716030445799507476, 3.386145477435827278 ) ) ;
#836 = ORIENTED_EDGE ( 'NONE', *, *, #412, .T. ) ;
#837 = CARTESIAN_POINT ( 'NONE',  ( -1.734723475976807094E-15, -7.482732720055641273, -4.238984322037176788 ) ) ;
#838 = DIRECTION ( 'NONE',  ( -1.000000000000000000, -3.154042683594194036E-15, -0.000000000000000000 ) ) ;
#839 = CYLINDRICAL_SURFACE ( 'NONE', #1130, 4.240000000000000213 ) ;
#840 = LINE ( 'NONE', #545, #1175 ) ;
#841 = DIRECTION ( 'NONE',  ( 0.9921147013144778759, -0.1253332335643047302, 0.000000000000000000 ) ) ;
#842 = EDGE_CURVE ( 'NONE', #983, #1653, #543, .T. ) ;
#843 = CARTESIAN_POINT ( 'NONE',  ( 3.469446951953614189E-15, 6.685327738914944362, 4.136299408769013475 ) ) ;
#844 = B_SPLINE_CURVE_WITH_KNOTS ( 'NONE', 3,
 ( #1244, #1040, #1429, #1998, #1272, #1828, #880, #2400 ),
 .UNSPECIFIED., .F., .F.,
 ( 4, 2, 2, 4 ),
 ( 0.000000000000000000, 0.0007763636076458407288, 0.001164545411468763478, 0.001552727215291686228 ),
 .UNSPECIFIED. ) ;
#845 = CARTESIAN_POINT ( 'NONE',  ( 11.70124928744570347, 1.058773846399228447, -0.9951953257514071227 ) ) ;
#846 = CARTESIAN_POINT ( 'NONE',  ( 4.371528445832113974, 9.517064610010631753, 3.577829216092544229 ) ) ;
#847 = VECTOR ( 'NONE', #404, 1000.000000000000000 ) ;
#848 = ORIENTED_EDGE ( 'NONE', *, *, #2181, .T. ) ;
#849 = CARTESIAN_POINT ( 'NONE',  ( 4.674855234034124507, 10.43565105016379135, 0.5848387007184120412 ) ) ;
#850 = CARTESIAN_POINT ( 'NONE',  ( 7.973202233184593979, 7.661609170734609897, 3.144311057959676692 ) ) ;
#851 = VECTOR ( 'NONE', #1657, 1000.000000000000000 ) ;
#852 = CIRCLE ( 'NONE', #1568, 4.835000000000000853 ) ;
#853 = CARTESIAN_POINT ( 'NONE',  ( 6.472769371238235259, -7.439116083413255254, -4.239998476548195505 ) ) ;
#854 = VERTEX_POINT ( 'NONE', #717 ) ;
#855 = VECTOR ( 'NONE', #1561, 1000.000000000000000 ) ;
#856 = CARTESIAN_POINT ( 'NONE',  ( 4.248960962379118911, 10.13048117118825431, -1.695787830649845951 ) ) ;
#857 = FACE_OUTER_BOUND ( 'NONE', #763, .T. ) ;
#858 = FACE_OUTER_BOUND ( 'NONE', #1918, .T. ) ;
#859 = FACE_OUTER_BOUND ( 'NONE', #2394, .T. ) ;
#860 = CARTESIAN_POINT ( 'NONE',  ( 9.739859712763076161, -8.197559156678879688, 2.865453831022407361 ) ) ;
#861 = EDGE_CURVE ( 'NONE', #1076, #1358, #548, .T. ) ;
#862 = CARTESIAN_POINT ( 'NONE',  ( 3.591590990852846055, 9.310222251600183796, -3.745918045674523800 ) ) ;
#863 = EDGE_CURVE ( 'NONE', #983, #854, #181, .T. ) ;
#864 = CARTESIAN_POINT ( 'NONE',  ( 4.550000000000001599, -7.999783600422430752, 3.763711501496677769 ) ) ;
#865 = CARTESIAN_POINT ( 'NONE',  ( 3.357637674751642543, 9.164414707620478495, 3.866939421434397062 ) ) ;
#866 = VERTEX_POINT ( 'NONE', #2429 ) ;
#867 = CARTESIAN_POINT ( 'NONE',  ( 3.820779730945142560, 9.961060585257916600, -2.001287573088712080 ) ) ;
#868 = SPHERICAL_SURFACE ( 'NONE', #464, 4.834999999999999964 ) ;
#869 = CARTESIAN_POINT ( 'NONE',  ( 5.199999999999996625, -11.16419053499861569, 2.953796693052851360E-30 ) ) ;
#870 = CARTESIAN_POINT ( 'NONE',  ( 12.19332750557111034, -7.497805340466626944, 4.240000000000000213 ) ) ;
#871 = FACE_OUTER_BOUND ( 'NONE', #105, .T. ) ;
#872 = CARTESIAN_POINT ( 'NONE',  ( 3.469446951953614189E-15, -7.436453137240999212, 4.240055411828602239 ) ) ;
#873 = ORIENTED_EDGE ( 'NONE', *, *, #861, .F. ) ;
#874 = CARTESIAN_POINT ( 'NONE',  ( 2.999999999999996003, -11.37904556283231372, 2.322894168276847804 ) ) ;
#875 = CARTESIAN_POINT ( 'NONE',  ( 2.968429654299916010, 9.816691459514759188, -2.114828758630051375 ) ) ;
#876 = ADVANCED_FACE ( 'NONE', ( #520 ), #1298, .T. ) ;
#877 = ORIENTED_EDGE ( 'NONE', *, *, #1231, .F. ) ;
#878 = CARTESIAN_POINT ( 'NONE',  ( 8.925044905349047042, -6.759610854667929658, 3.528447928202251394 ) ) ;
#879 = CARTESIAN_POINT ( 'NONE',  ( 9.553436711383097801, -3.504761328317277602, 3.375288045949826898 ) ) ;
#880 = CARTESIAN_POINT ( 'NONE',  ( 9.571103841620992370, -8.211468620244152916, 2.747667825332350322 ) ) ;
#881 = DIRECTION ( 'NONE',  ( -9.734458929424320680E-17, -0.7014416897153404884, -0.7127268452424729839 ) ) ;
#882 = DIRECTION ( 'NONE',  ( 0.000000000000000000, 0.000000000000000000, -1.000000000000000000 ) ) ;
#883 = CARTESIAN_POINT ( 'NONE',  ( 3.183139202850981953, -10.84041034405852777, 1.565015315981578281 ) ) ;
#884 = CARTESIAN_POINT ( 'NONE',  ( 6.771190729232844596, -7.545713950182920016, -4.229137130353906926 ) ) ;
#885 = ORIENTED_EDGE ( 'NONE', *, *, #1925, .T. ) ;
#886 = CARTESIAN_POINT ( 'NONE',  ( 4.099059172646641436, 10.01679953191982975, -3.121808391445820785 ) ) ;
#887 = EDGE_LOOP ( 'NONE', ( #1219, #2056, #2397 ) ) ;
#888 = CARTESIAN_POINT ( 'NONE',  ( 3.804134018087395486, 9.975258972787026224, -0.6673831021398241026 ) ) ;
#889 = CARTESIAN_POINT ( 'NONE',  ( 10.31030241992965912, -1.253217937601838416, 2.961337924688096201 ) ) ;
#890 = ADVANCED_FACE ( 'NONE', ( #488 ), #2045, .F. ) ;
#891 = DIRECTION ( 'NONE',  ( -0.000000000000000000, 1.000000000000000000, -3.462798379065810878E-16 ) ) ;
#892 = ORIENTED_EDGE ( 'NONE', *, *, #209, .T. ) ;
#893 = AXIS2_PLACEMENT_3D ( 'NONE', #309, #2226, #882 ) ;
#894 = EDGE_CURVE ( 'NONE', #2335, #74, #649, .T. ) ;
#895 = DIRECTION ( 'NONE',  ( 9.891071923208053652E-17, 0.7127268452424729839, -0.7014416897153404884 ) ) ;
#896 = DIRECTION ( 'NONE',  ( -1.000000000000000000, -0.000000000000000000, -0.000000000000000000 ) ) ;
#897 = AXIS2_PLACEMENT_3D ( 'NONE', #869, #1630, #2390 ) ;
#898 = AXIS2_PLACEMENT_3D ( 'NONE', #168, #1071, #2068 ) ;
#899 = CARTESIAN_POINT ( 'NONE',  ( 13.03499999999999837, 6.261999999999995126, -1.734723475976807094E-15 ) ) ;
#900 = CARTESIAN_POINT ( 'NONE',  ( 3.787211580884414897, 7.339460220020462167, 3.471642907079214524 ) ) ;
#901 = VECTOR ( 'NONE', #1877, 1000.000000000000000 ) ;
#902 = DIRECTION ( 'NONE',  ( 0.000000000000000000, 0.000000000000000000, 1.000000000000000000 ) ) ;
#903 = CARTESIAN_POINT ( 'NONE',  ( 3.216038568611415460, 9.838774401453258989, 3.362906076463388683 ) ) ;
#904 = ORIENTED_EDGE ( 'NONE', *, *, #2062, .F. ) ;
#905 = CARTESIAN_POINT ( 'NONE',  ( 4.480337113694014661, 10.22506616303270022, -1.875972703551735066 ) ) ;
#906 = FACE_OUTER_BOUND ( 'NONE', #1879, .T. ) ;
#907 = DIRECTION ( 'NONE',  ( 1.000000000000000000, 7.885106708985487062E-16, 0.000000000000000000 ) ) ;
#908 = B_SPLINE_CURVE_WITH_KNOTS ( 'NONE', 3,
 ( #614, #1780, #80, #1366 ),
 .UNSPECIFIED., .F., .F.,
 ( 4, 4 ),
 ( 0.000000000000000000, 0.0007783780993984982556 ),
 .UNSPECIFIED. ) ;
#909 = ORIENTED_EDGE ( 'NONE', *, *, #1602, .T. ) ;
#910 = ADVANCED_FACE ( 'NONE', ( #1614 ), #868, .T. ) ;
#911 = CARTESIAN_POINT ( 'NONE',  ( 5.199999999999996625, -11.24699999999999278, 1.800000000000007372 ) ) ;
#912 = EDGE_CURVE ( 'NONE', #37, #1252, #1285, .T. ) ;
#913 = LINE ( 'NONE', #1658, #1007 ) ;
#914 = CARTESIAN_POINT ( 'NONE',  ( 9.681769560534050356, -8.219516316934457834, -2.680618182138226224 ) ) ;
#915 = CARTESIAN_POINT ( 'NONE',  ( 9.739859712763074384, -7.572313382611828736, 4.222681720192033694 ) ) ;
#916 = DIRECTION ( 'NONE',  ( 0.000000000000000000, 1.526556658859590243E-14, 1.000000000000000000 ) ) ;
#917 = CARTESIAN_POINT ( 'NONE',  ( 3.161768971142236762, 9.835240125741059103, 3.368062651165286692 ) ) ;
#918 = VERTEX_POINT ( 'NONE', #689 ) ;
#919 = CARTESIAN_POINT ( 'NONE',  ( 3.186816435953114368, 9.133432793151126106, -3.889999834757876584 ) ) ;
#920 = ORIENTED_EDGE ( 'NONE', *, *, #1958, .F. ) ;
#921 = FACE_OUTER_BOUND ( 'NONE', #1469, .T. ) ;
#922 = ADVANCED_FACE ( 'NONE', ( #344 ), #2388, .F. ) ;
#923 = CARTESIAN_POINT ( 'NONE',  ( 9.739859712763070831, -7.701006382279931728, 4.168839511880601201 ) ) ;
#924 = DIRECTION ( 'NONE',  ( 0.000000000000000000, 1.000000000000000000, -2.770238703252648603E-16 ) ) ;
#925 = CARTESIAN_POINT ( 'NONE',  ( 5.405509644385093182, 10.99443746073273687, 1.008631115713921167 ) ) ;
#926 = VERTEX_POINT ( 'NONE', #676 ) ;
#927 = FACE_OUTER_BOUND ( 'NONE', #1115, .T. ) ;
#928 = CARTESIAN_POINT ( 'NONE',  ( 4.378067264258724833, 10.20204395318970114, 1.524957768522241297 ) ) ;
#929 = ORIENTED_EDGE ( 'NONE', *, *, #1122, .T. ) ;
#930 = DIRECTION ( 'NONE',  ( -1.000000000000000000, -0.000000000000000000, -0.000000000000000000 ) ) ;
#931 = LINE ( 'NONE', #2300, #1566 ) ;
#932 = CLOSED_SHELL ( 'NONE', ( #386, #1440, #776, #2353, #2434, #475, #2418, #1715, #749, #723, #62, #1474, #2311, #2284, #285, #1557, #1590, #1183, #1941, #2325, #2150, #673, #1242, #2163, #21, #128, #540, #1381, #1718, #794, #1135, #910, #1674, #1519, #92, #2399, #1703, #922, #371, #107, #382, #2108, #1165, #1234, #732, #458, #1194, #876, #2122, #536, #890, #1606, #248, #1587, #1198 ) ) ;
#933 = AXIS2_PLACEMENT_3D ( 'NONE', #2031, #895, #881 ) ;
#934 = EDGE_CURVE ( 'NONE', #1647, #59, #1441, .T. ) ;
#935 = AXIS2_PLACEMENT_3D ( 'NONE', #566, #185, #401 ) ;
#936 = CARTESIAN_POINT ( 'NONE',  ( 8.462836327229879885, -8.160520512929467785, -3.099813681818001765 ) ) ;
#937 = CARTESIAN_POINT ( 'NONE',  ( 4.345559259525294316, 10.18125723053455189, -1.586083505723597575 ) ) ;
#938 = VERTEX_POINT ( 'NONE', #1067 ) ;
#939 = EDGE_CURVE ( 'NONE', #740, #1550, #844, .T. ) ;
#940 = DIRECTION ( 'NONE',  ( -1.000000000000000000, 8.326672684688676518E-17, 8.326672684688676518E-17 ) ) ;
#941 = CARTESIAN_POINT ( 'NONE',  ( 3.307693135496854620, 9.155761338165792296, -3.873418595238481643 ) ) ;
#942 = CARTESIAN_POINT ( 'NONE',  ( 4.134610561729402001, 10.07638258762142058, 1.801856749603091057 ) ) ;
#943 = ORIENTED_EDGE ( 'NONE', *, *, #58, .F. ) ;
#944 = CARTESIAN_POINT ( 'NONE',  ( 8.199999999999999289, 7.520732269895130884, -3.410105287630376125 ) ) ;
#945 = CARTESIAN_POINT ( 'NONE',  ( 8.770349689054039999, -8.075845945483484556, 3.534826774176113240 ) ) ;
#946 = CARTESIAN_POINT ( 'NONE',  ( 3.386866794266540026, 9.175339651404433639, 3.858739342124527738 ) ) ;
#947 = VERTEX_POINT ( 'NONE', #700 ) ;
#948 = CARTESIAN_POINT ( 'NONE',  ( 8.199999999999999289, 6.261999999999995126, -3.006671916513725129E-15 ) ) ;
#949 = CARTESIAN_POINT ( 'NONE',  ( 4.625397429116492098, 10.38687400903467051, 0.7374040674137036788 ) ) ;
#950 = ORIENTED_EDGE ( 'NONE', *, *, #58, .T. ) ;
#951 = DIRECTION ( 'NONE',  ( 1.000000000000000000, -0.000000000000000000, 0.000000000000000000 ) ) ;
#952 = CARTESIAN_POINT ( 'NONE',  ( 6.938893903907228378E-15, 6.450940218077475308, -4.240000000000002878 ) ) ;
#953 = EDGE_CURVE ( 'NONE', #1034, #2014, #1455, .T. ) ;
#954 = ORIENTED_EDGE ( 'NONE', *, *, #1958, .T. ) ;
#955 = DIRECTION ( 'NONE',  ( -0.000000000000000000, 1.000000000000000000, 0.000000000000000000 ) ) ;
#956 = CARTESIAN_POINT ( 'NONE',  ( 3.668527460483059333, 9.385512877312812918, 3.671513689377512879 ) ) ;
#957 = EDGE_LOOP ( 'NONE', ( #2373, #1211, #575, #1232, #264, #1600, #788, #2315, #1501, #457 ) ) ;
#958 = CARTESIAN_POINT ( 'NONE',  ( 4.660502530473413785, 10.42149008416881273, 0.3756353653583073271 ) ) ;
#959 = ORIENTED_EDGE ( 'NONE', *, *, #2137, .T. ) ;
#960 = CARTESIAN_POINT ( 'NONE',  ( 8.223868700313198943, 6.450940218077474420, -4.240000000000003766 ) ) ;
#961 = CARTESIAN_POINT ( 'NONE',  ( 3.257705235482452721, 9.147554136156553994, -3.879539009050905207 ) ) ;
#962 = ORIENTED_EDGE ( 'NONE', *, *, #1975, .F. ) ;
#963 = EDGE_CURVE ( 'NONE', #250, #1521, #1143, .T. ) ;
#964 = CARTESIAN_POINT ( 'NONE',  ( 4.550000000000001599, -10.39699996520210412, 0.3913441977424403362 ) ) ;
#965 = CARTESIAN_POINT ( 'NONE',  ( 5.199999999999995737, -6.261999999999995126, 0.000000000000000000 ) ) ;
#966 = EDGE_CURVE ( 'NONE', #926, #996, #616, .T. ) ;
#967 = DIRECTION ( 'NONE',  ( 3.047132772948902253E-16, -3.462798379065810878E-16, -1.000000000000000000 ) ) ;
#968 = CARTESIAN_POINT ( 'NONE',  ( 3.814780640802468703, 9.957738819598084490, 1.986267753632071198 ) ) ;
#969 = AXIS2_PLACEMENT_3D ( 'NONE', #1632, #2406, #178 ) ;
#970 = ORIENTED_EDGE ( 'NONE', *, *, #1293, .F. ) ;
#971 = AXIS2_PLACEMENT_3D ( 'NONE', #234, #1166, #764 ) ;
#972 = VECTOR ( 'NONE', #312, 1000.000000000000000 ) ;
#973 = CARTESIAN_POINT ( 'NONE',  ( 5.818750566729031348, 10.88043887956776068, 1.456649272371573378 ) ) ;
#974 = ORIENTED_EDGE ( 'NONE', *, *, #2076, .F. ) ;
#975 = CARTESIAN_POINT ( 'NONE',  ( 4.550000000000000711, -9.537575359523318141, -2.553816958478383636 ) ) ;
#976 = CARTESIAN_POINT ( 'NONE',  ( 8.941392318733845102, -6.261999999999995126, -3.558589949646131068 ) ) ;
#977 = EDGE_CURVE ( 'NONE', #1647, #369, #1108, .T. ) ;
#978 = CARTESIAN_POINT ( 'NONE',  ( 5.199999999999996625, -11.56324837155468721, 4.314393433970611369 ) ) ;
#979 = CARTESIAN_POINT ( 'NONE',  ( 3.510327803283260106, 9.246122112811452354, 3.802298542937828429 ) ) ;
#980 = EDGE_CURVE ( 'NONE', #116, #2441, #2179, .T. ) ;
#981 = VERTEX_POINT ( 'NONE', #1129 ) ;
#982 = CARTESIAN_POINT ( 'NONE',  ( 4.654013434513713854, 10.41482126990906032, 0.4694494976503625905 ) ) ;
#983 = VERTEX_POINT ( 'NONE', #2442 ) ;
#984 = CARTESIAN_POINT ( 'NONE',  ( 5.451984083576726370, 10.39854831994329132, 2.506039422356414192 ) ) ;
#985 = CARTESIAN_POINT ( 'NONE',  ( 3.146615946997729729, 9.129334408919346444, -3.893064077874056395 ) ) ;
#986 = CARTESIAN_POINT ( 'NONE',  ( 1.561251128379126385E-14, -8.080835588573656025, 3.508931858262291925 ) ) ;
#987 = VERTEX_POINT ( 'NONE', #2077 ) ;
#988 = CARTESIAN_POINT ( 'NONE',  ( 9.739860177897257998, -7.959154799868830565, -3.863099222419748457 ) ) ;
#989 = CARTESIAN_POINT ( 'NONE',  ( 3.826816413921111604, 9.963310015786118967, -1.976813042437378209 ) ) ;
#990 = CARTESIAN_POINT ( 'NONE',  ( 8.199999999999999289, -6.261999999999995126, 0.000000000000000000 ) ) ;
#991 =( NAMED_UNIT ( * ) PLANE_ANGLE_UNIT ( ) SI_UNIT ( $, .RADIAN. ) );
#992 = CARTESIAN_POINT ( 'NONE',  ( 8.199999999999999289, 6.261999999999995126, -4.835000000000001741 ) ) ;
#993 = B_SPLINE_CURVE_WITH_KNOTS ( 'NONE', 3,
 ( #84, #1604, #833, #2005 ),
 .UNSPECIFIED., .F., .F.,
 ( 4, 4 ),
 ( 0.000000000000000000, 1.000000000000000000 ),
 .UNSPECIFIED. ) ;
#994 = EDGE_CURVE ( 'NONE', #987, #2335, #1691, .T. ) ;
#995 = CARTESIAN_POINT ( 'NONE',  ( 3.485459137105212157, 9.224392997070493649, -3.822031207253380636 ) ) ;
#996 = VERTEX_POINT ( 'NONE', #989 ) ;
#997 = CARTESIAN_POINT ( 'NONE',  ( 5.213320781786756619, 10.14699404627235424, 2.878401656568336797 ) ) ;
#998 = CARTESIAN_POINT ( 'NONE',  ( 3.279601812051486931, 9.151147715579513786, 3.876863602145098842 ) ) ;
#999 = ORIENTED_EDGE ( 'NONE', *, *, #1363, .F. ) ;
#1000 = CARTESIAN_POINT ( 'NONE',  ( 5.199999999999995737, -10.77428184553660273, 1.736818224927626719 ) ) ;
#1001 = CARTESIAN_POINT ( 'NONE',  ( 8.236576842010661537, 6.454200462235577085, 4.239982450041309470 ) ) ;
#1002 = CARTESIAN_POINT ( 'NONE',  ( 3.800749151295043315, 7.460784803423604394, 3.432232994601728926 ) ) ;
#1003 = DIRECTION ( 'NONE',  ( 0.000000000000000000, -1.000000000000000000, 0.000000000000000000 ) ) ;
#1004 = CARTESIAN_POINT ( 'NONE',  ( 8.236328234351217858, 6.549567585608880194, -3.045403227702599158E-15 ) ) ;
#1005 = EDGE_CURVE ( 'NONE', #420, #170, #1979, .T. ) ;
#1006 = EDGE_LOOP ( 'NONE', ( #802, #1442, #667, #2333, #682 ) ) ;
#1007 = VECTOR ( 'NONE', #1671, 1000.000000000000114 ) ;
#1008 = VECTOR ( 'NONE', #335, 1000.000000000000114 ) ;
#1009 = CARTESIAN_POINT ( 'NONE',  ( 5.125584454792108779, 10.06410604712648826, -2.986861489574123230 ) ) ;
#1010 = CARTESIAN_POINT ( 'NONE',  ( 4.852856857697874560, 9.829196923434116329, 3.269532477779353741 ) ) ;
#1011 = EDGE_CURVE ( 'NONE', #597, #1560, #2079, .T. ) ;
#1012 = AXIS2_PLACEMENT_3D ( 'NONE', #812, #1395, #277 ) ;
#1013 = VERTEX_POINT ( 'NONE', #2124 ) ;
#1014 = CARTESIAN_POINT ( 'NONE',  ( 8.199999999999999289, 6.261999999999995126, -1.734723475976807094E-15 ) ) ;
#1015 = AXIS2_PLACEMENT_3D ( 'NONE', #367, #951, #1340 ) ;
#1016 = CARTESIAN_POINT ( 'NONE',  ( 2.999999999999995559, -11.24699999999999456, 0.000000000000000000 ) ) ;
#1017 = PRODUCT_DEFINITION_FORMATION_WITH_SPECIFIED_SOURCE ( 'ไป', '', #99, .NOT_KNOWN. ) ;
#1018 = DIRECTION ( 'NONE',  ( 1.000000000000000000, 7.885106708985488048E-16, 1.182766006347823306E-15 ) ) ;
#1019 = DIRECTION ( 'NONE',  ( 0.000000000000000000, 0.000000000000000000, 1.000000000000000000 ) ) ;
#1020 = VERTEX_POINT ( 'NONE', #486 ) ;
#1021 = CARTESIAN_POINT ( 'NONE',  ( 3.810344301791258825, 9.599201083065574736, -3.396286335370925169 ) ) ;
#1022 = ORIENTED_EDGE ( 'NONE', *, *, #1969, .F. ) ;
#1023 = CARTESIAN_POINT ( 'NONE',  ( 4.241899112804447647, 9.455825851965117934, -3.630008505711384892 ) ) ;
#1024 = CARTESIAN_POINT ( 'NONE',  ( 5.283765136089627390, 10.21212626687784208, 2.799234551748668753 ) ) ;
#1025 = EDGE_LOOP ( 'NONE', ( #1667, #219, #173, #618, #472 ) ) ;
#1026 = CARTESIAN_POINT ( 'NONE',  ( -3.007580237431379736E-17, -7.573823647567215822, -4.239550681822022327 ) ) ;
#1027 = EDGE_CURVE ( 'NONE', #1624, #1612, #1066, .T. ) ;
#1028 = CARTESIAN_POINT ( 'NONE',  ( 8.486334240068286405, 6.517984482298849080, 4.232505109824520773 ) ) ;
#1029 = CARTESIAN_POINT ( 'NONE',  ( 8.199999999999999289, 6.897426056467002908, 1.721469931994973113 ) ) ;
#1030 = APPLICATION_CONTEXT ( 'automotive_design' ) ;
#1031 = FACE_OUTER_BOUND ( 'NONE', #1446, .T. ) ;
#1032 = CARTESIAN_POINT ( 'NONE',  ( 3.469446951953614189E-15, 6.450940218077472643, 4.239999999999998437 ) ) ;
#1033 = CARTESIAN_POINT ( 'NONE',  ( 10.24077896009099575, -1.421605002479119362, -3.009264799702982440 ) ) ;
#1034 = VERTEX_POINT ( 'NONE', #1204 ) ;
#1035 = CARTESIAN_POINT ( 'NONE',  ( 7.890488441101189743, 7.339460220013616087, 3.471642907081340379 ) ) ;
#1036 = CARTESIAN_POINT ( 'NONE',  ( 2.967199275814970338, 9.100024567528221198, 3.914440132906141567 ) ) ;
#1037 = EDGE_LOOP ( 'NONE', ( #1999, #943, #1093, #1171, #1743 ) ) ;
#1038 = CARTESIAN_POINT ( 'NONE',  ( 9.739860177897257998, -7.933346757636295266, -3.916385873062884659 ) ) ;
#1039 = DIRECTION ( 'NONE',  ( 1.000000000000000000, -8.326672684688676518E-17, -8.326672684688676518E-17 ) ) ;
#1040 = CARTESIAN_POINT ( 'NONE',  ( 8.462810400933800992, -8.160519968943512836, 3.099814014989078270 ) ) ;
#1041 = EDGE_CURVE ( 'NONE', #827, #1394, #2426, .T. ) ;
#1042 = FACE_OUTER_BOUND ( 'NONE', #675, .T. ) ;
#1043 = EDGE_CURVE ( 'NONE', #947, #1612, #1413, .T. ) ;
#1044 = CARTESIAN_POINT ( 'NONE',  ( 4.800000000000000711, -8.160520512929434034, -3.099813681818027966 ) ) ;
#1045 = FACE_OUTER_BOUND ( 'NONE', #1992, .T. ) ;
#1046 = CARTESIAN_POINT ( 'NONE',  ( 3.826816413921113380, 9.680203349017988401, -3.249999856790001918 ) ) ;
#1047 = ORIENTED_EDGE ( 'NONE', *, *, #455, .F. ) ;
#1048 = CARTESIAN_POINT ( 'NONE',  ( 5.147303233342427120, 10.07794831907412991, -2.975318317030553494 ) ) ;
#1049 = ORIENTED_EDGE ( 'NONE', *, *, #1955, .T. ) ;
#1050 = CARTESIAN_POINT ( 'NONE',  ( 3.469446951953614189E-15, 6.450940218077479749, -4.240000000000002878 ) ) ;
#1051 = AXIS2_PLACEMENT_3D ( 'NONE', #133, #357, #2415 ) ;
#1052 = DIRECTION ( 'NONE',  ( 0.000000000000000000, 0.000000000000000000, -1.000000000000000000 ) ) ;
#1053 = AXIS2_PLACEMENT_3D ( 'NONE', #573, #1705, #216 ) ;
#1054 = DIRECTION ( 'NONE',  ( 0.000000000000000000, -1.000000000000000000, 2.770238703252648603E-16 ) ) ;
#1055 = DIRECTION ( 'NONE',  ( 0.000000000000000000, 0.000000000000000000, -1.000000000000000000 ) ) ;
#1056 = CARTESIAN_POINT ( 'NONE',  ( 3.787211580886067797, 7.339460220013590330, -3.471642907081370577 ) ) ;
#1057 = CARTESIAN_POINT ( 'NONE',  ( 9.739859712763072608, -8.112610569266891503, 3.368346501491250145 ) ) ;
#1058 = B_SPLINE_CURVE_WITH_KNOTS ( 'NONE', 3,
 ( #843, #481, #300, #1032 ),
 .UNSPECIFIED., .F., .F.,
 ( 4, 4 ),
 ( 4.336808689942017736E-18, 0.0002621083718067647298 ),
 .UNSPECIFIED. ) ;
#1059 = CARTESIAN_POINT ( 'NONE',  ( 6.622097958889457736, -7.493024380637741899, -4.237213357108950085 ) ) ;
#1060 = EDGE_CURVE ( 'NONE', #1584, #2234, #323, .T. ) ;
#1061 = CARTESIAN_POINT ( 'NONE',  ( 9.739859712763070831, -7.451961721592141430, 4.239883367824864635 ) ) ;
#1062 = ORIENTED_EDGE ( 'NONE', *, *, #761, .F. ) ;
#1063 = DIRECTION ( 'NONE',  ( 1.000000000000000000, 0.000000000000000000, 0.000000000000000000 ) ) ;
#1064 = CARTESIAN_POINT ( 'NONE',  ( 5.388625744593137590, 10.96751123302578712, -1.155996601068761898 ) ) ;
#1065 = ORIENTED_EDGE ( 'NONE', *, *, #934, .F. ) ;
#1066 = LINE ( 'NONE', #850, #552 ) ;
#1067 = CARTESIAN_POINT ( 'NONE',  ( 5.199999999999995737, -10.77428184553660273, -1.736818224927626719 ) ) ;
#1068 = CARTESIAN_POINT ( 'NONE',  ( -2.566124114330076527E-17, -8.004887692775561447, -3.749742323196613381 ) ) ;
#1069 = DIRECTION ( 'NONE',  ( 1.000000000000000000, 0.000000000000000000, 0.000000000000000000 ) ) ;
#1070 = CARTESIAN_POINT ( 'NONE',  ( 8.349201933877505866, 7.443054919391957291, -3.225296731083409306E-15 ) ) ;
#1071 = DIRECTION ( 'NONE',  ( -1.000000000000000000, -7.885106708985487062E-16, 0.000000000000000000 ) ) ;
#1072 = DIRECTION ( 'NONE',  ( 0.000000000000000000, 0.000000000000000000, 1.000000000000000000 ) ) ;
#1073 = ORIENTED_EDGE ( 'NONE', *, *, #2384, .T. ) ;
#1074 = CARTESIAN_POINT ( 'NONE',  ( 8.199999999999999289, 7.320066030444984939, 3.477602805844618228 ) ) ;
#1075 = CARTESIAN_POINT ( 'NONE',  ( 5.467036158373872468, 11.09675533159101768, -0.2979506720157308330 ) ) ;
#1076 = VERTEX_POINT ( 'NONE', #500 ) ;
#1077 = EDGE_CURVE ( 'NONE', #2335, #141, #1254, .T. ) ;
#1078 = CARTESIAN_POINT ( 'NONE',  ( 3.469446951953614189E-15, -8.171143519313231351, -3.046419403540978621 ) ) ;
#1079 = CARTESIAN_POINT ( 'NONE',  ( 10.02286648361300436, -1.982843883894595649, 3.149420623419215470 ) ) ;
#1080 = CARTESIAN_POINT ( 'NONE',  ( 3.826816413921112492, 9.963309350945946719, 1.976814751764123468 ) ) ;
#1081 = ORIENTED_EDGE ( 'NONE', *, *, #180, .F. ) ;
#1082 = CARTESIAN_POINT ( 'NONE',  ( 4.649999999999984368, -11.24699999999999278, 0.000000000000000000 ) ) ;
#1083 = CARTESIAN_POINT ( 'NONE',  ( 8.199999999999999289, 6.897426056467002908, -1.721469931994977998 ) ) ;
#1084 = DIRECTION ( 'NONE',  ( 0.000000000000000000, 0.000000000000000000, -1.000000000000000000 ) ) ;
#1085 = B_SPLINE_CURVE_WITH_KNOTS ( 'NONE', 3,
 ( #1197, #823, #2344, #645 ),
 .UNSPECIFIED., .F., .F.,
 ( 4, 4 ),
 ( 1.226634733346699349E-18, 0.0007783780993985163618 ),
 .UNSPECIFIED. ) ;
#1086 = CARTESIAN_POINT ( 'NONE',  ( 3.826816413921113380, -5.453565245962376018, 3.249999856790003250 ) ) ;
#1087 = CARTESIAN_POINT ( 'NONE',  ( 8.914012060533586634, -6.462542073814765864, -3.559938191805028573 ) ) ;
#1088 = CARTESIAN_POINT ( 'NONE',  ( 4.272476188445258671, 10.14057744827896990, -1.678461095431680761 ) ) ;
#1089 = ORIENTED_EDGE ( 'NONE', *, *, #1347, .T. ) ;
#1090 = CARTESIAN_POINT ( 'NONE',  ( 4.182916698119842458, 10.06765534638357806, 1.958058567244723713 ) ) ;
#1091 = CARTESIAN_POINT ( 'NONE',  ( 11.50500280231986139, 0.8242367036080485709, 1.523458982087466440 ) ) ;
#1092 = DIRECTION ( 'NONE',  ( 0.000000000000000000, -1.000000000000000000, 0.000000000000000000 ) ) ;
#1093 = ORIENTED_EDGE ( 'NONE', *, *, #1788, .F. ) ;
#1094 = AXIS2_PLACEMENT_3D ( 'NONE', #1265, #2023, #1072 ) ;
#1095 = CARTESIAN_POINT ( 'NONE',  ( 8.557817032768158613E-19, -7.703840607956188968, 4.182816626752853040 ) ) ;
#1096 = AXIS2_PLACEMENT_3D ( 'NONE', #1086, #1672, #1860 ) ;
#1097 = DIRECTION ( 'NONE',  ( 0.000000000000000000, 0.000000000000000000, 1.000000000000000000 ) ) ;
#1098 = CARTESIAN_POINT ( 'NONE',  ( 6.659399437209143180, -7.506249351755611698, -4.235589841201867323 ) ) ;
#1099 = AXIS2_PLACEMENT_3D ( 'NONE', #948, #2069, #3 ) ;
#1100 = MANIFOLD_SOLID_BREP ( 'F', #932 ) ;
#1101 = CARTESIAN_POINT ( 'NONE',  ( 6.469203430413004163, -7.438665600325229832, -4.240000000000001101 ) ) ;
#1102 = CARTESIAN_POINT ( 'NONE',  ( 4.515795863333734061, 10.19672674016563718, 2.865673931282292752 ) ) ;
#1103 = ORIENTED_EDGE ( 'NONE', *, *, #702, .T. ) ;
#1104 = CARTESIAN_POINT ( 'NONE',  ( 9.739860177897259774, -8.197557868830305239, -2.865469134046040089 ) ) ;
#1105 = DIRECTION ( 'NONE',  ( 1.000000000000000000, 0.000000000000000000, 0.000000000000000000 ) ) ;
#1106 = ORIENTED_EDGE ( 'NONE', *, *, #1955, .F. ) ;
#1107 = EDGE_CURVE ( 'NONE', #918, #502, #1495, .T. ) ;
#1108 = LINE ( 'NONE', #1517, #2293 ) ;
#1109 = CARTESIAN_POINT ( 'NONE',  ( -1.184155476770956869E-17, -8.004887025928464794, 3.749742633148408277 ) ) ;
#1110 = DIRECTION ( 'NONE',  ( -1.000000000000000000, -7.885106708985487062E-16, -0.000000000000000000 ) ) ;
#1111 = DIRECTION ( 'NONE',  ( 0.000000000000000000, 0.000000000000000000, -1.000000000000000000 ) ) ;
#1112 = CARTESIAN_POINT ( 'NONE',  ( 1.734723475976807094E-15, -7.959179829697737851, 3.863034007899993405 ) ) ;
#1113 = CARTESIAN_POINT ( 'NONE',  ( 8.941392318733830891, -6.261999999999996014, 3.558589949646132844 ) ) ;
#1114 = CARTESIAN_POINT ( 'NONE',  ( 5.436992214390226508, 11.04482356868500759, 0.7279628721760645904 ) ) ;
#1115 = EDGE_LOOP ( 'NONE', ( #1544, #317, #848, #2185, #1982, #798 ) ) ;
#1116 = CARTESIAN_POINT ( 'NONE',  ( 8.200000000000001066, 9.133432793151635920, -3.889999834757499553 ) ) ;
#1117 = VERTEX_POINT ( 'NONE', #716 ) ;
#1118 = DIRECTION ( 'NONE',  ( 0.000000000000000000, 1.000000000000000000, -3.462798379065810878E-16 ) ) ;
#1119 = CARTESIAN_POINT ( 'NONE',  ( 0.6762834886939137480, 9.133432793153119178, 3.889999834756399100 ) ) ;
#1120 = CARTESIAN_POINT ( 'NONE',  ( 6.474468087281757711, -7.438708114990254749, 4.239999996320539033 ) ) ;
#1121 = CARTESIAN_POINT ( 'NONE',  ( 5.199999999999995737, -10.77428184553660273, 1.736818224927626719 ) ) ;
#1122 = EDGE_CURVE ( 'NONE', #1299, #1688, #852, .T. ) ;
#1123 = FACE_OUTER_BOUND ( 'NONE', #1006, .T. ) ;
#1124 = FACE_OUTER_BOUND ( 'NONE', #1706, .T. ) ;
#1125 = ORIENTED_EDGE ( 'NONE', *, *, #1820, .F. ) ;
#1126 = CARTESIAN_POINT ( 'NONE',  ( 8.403131469979300050, 6.496915641702922350, -4.237262522355138117 ) ) ;
#1127 = CARTESIAN_POINT ( 'NONE',  ( 9.660278814440777850, -3.118487719279985804, 3.331332999241943593 ) ) ;
#1128 = ORIENTED_EDGE ( 'NONE', *, *, #1426, .T. ) ;
#1129 = CARTESIAN_POINT ( 'NONE',  ( 8.199999999999999289, 8.697426056467001843, -1.721469931994979330 ) ) ;
#1130 = AXIS2_PLACEMENT_3D ( 'NONE', #1791, #1402, #247 ) ;
#1131 = CARTESIAN_POINT ( 'NONE',  ( 7.949599535388943039, -7.911939341510580093, 3.967455754457606787 ) ) ;
#1132 = FACE_OUTER_BOUND ( 'NONE', #1558, .T. ) ;
#1133 = CIRCLE ( 'NONE', #28, 4.835000000000000853 ) ;
#1134 = VECTOR ( 'NONE', #16, 1000.000000000000000 ) ;
#1135 = ADVANCED_FACE ( 'NONE', ( #906 ), #1309, .F. ) ;
#1136 = AXIS2_PLACEMENT_3D ( 'NONE', #1997, #1479, #1270 ) ;
#1137 = PLANE ( 'NONE',  #2453 ) ;
#1138 = CARTESIAN_POINT ( 'NONE',  ( 3.787211580886067797, 7.339460220013590330, -3.471642907081370577 ) ) ;
#1139 = ORIENTED_EDGE ( 'NONE', *, *, #293, .F. ) ;
#1140 = CARTESIAN_POINT ( 'NONE',  ( 9.043999553603962127, -7.231877170546511913, 3.405852423078826519 ) ) ;
#1141 = ORIENTED_EDGE ( 'NONE', *, *, #1350, .T. ) ;
#1142 = LINE ( 'NONE', #944, #104 ) ;
#1143 = B_SPLINE_CURVE_WITH_KNOTS ( 'NONE', 3,
 ( #1840, #2073, #1319, #1904 ),
 .UNSPECIFIED., .F., .F.,
 ( 4, 4 ),
 ( 0.000000000000000000, 0.0003649026030917472884 ),
 .UNSPECIFIED. ) ;
#1144 = CARTESIAN_POINT ( 'NONE',  ( 0.000000000000000000, 6.539448927652452781, -4.240000000000002878 ) ) ;
#1145 = CARTESIAN_POINT ( 'NONE',  ( 3.826816413921113824, 9.961160504535328641, -2.088931782734876119 ) ) ;
#1146 = ORIENTED_EDGE ( 'NONE', *, *, #235, .F. ) ;
#1147 = CARTESIAN_POINT ( 'NONE',  ( 4.597789957187758958, 10.36173356907269927, 0.9066312224652299800 ) ) ;
#1148 = EDGE_CURVE ( 'NONE', #2165, #2159, #497, .T. ) ;
#1149 = ORIENTED_EDGE ( 'NONE', *, *, #1331, .F. ) ;
#1150 = CARTESIAN_POINT ( 'NONE',  ( 8.232340800835711292, 6.453113737807468553, -4.239994150029215092 ) ) ;
#1151 = DIRECTION ( 'NONE',  ( -1.000000000000000000, -0.000000000000000000, -0.000000000000000000 ) ) ;
#1152 = EDGE_CURVE ( 'NONE', #866, #981, #2236, .T. ) ;
#1153 = VERTEX_POINT ( 'NONE', #699 ) ;
#1154 = CARTESIAN_POINT ( 'NONE',  ( 4.550000000000000711, -9.537574905357317334, 2.553817541000434233 ) ) ;
#1155 = CARTESIAN_POINT ( 'NONE',  ( 3.463907427699697728, 6.927727461226409922, 3.889999834757643882 ) ) ;
#1156 = FACE_OUTER_BOUND ( 'NONE', #2095, .T. ) ;
#1157 = CARTESIAN_POINT ( 'NONE',  ( 3.826816413921113380, 9.895293268580820367, -2.601337632921126186 ) ) ;
#1158 = ORIENTED_EDGE ( 'NONE', *, *, #209, .F. ) ;
#1159 = CARTESIAN_POINT ( 'NONE',  ( 3.708693045282307921, 9.928136030770167153, 2.021572530233139542 ) ) ;
#1160 = ORIENTED_EDGE ( 'NONE', *, *, #2055, .T. ) ;
#1161 = CARTESIAN_POINT ( 'NONE',  ( 4.903681153938814319, 9.873369926890742221, -3.215907057104321787 ) ) ;
#1162 = EDGE_CURVE ( 'NONE', #2141, #2207, #1301, .T. ) ;
#1163 = ORIENTED_EDGE ( 'NONE', *, *, #2271, .T. ) ;
#1164 = CARTESIAN_POINT ( 'NONE',  ( 0.7666666666666682728, -8.004887692775554342, -3.749742323196605387 ) ) ;
#1165 = ADVANCED_FACE ( 'NONE', ( #1737 ), #2103, .F. ) ;
#1166 = DIRECTION ( 'NONE',  ( -0.000000000000000000, 1.000000000000000000, -3.462798379065810878E-16 ) ) ;
#1167 = DIRECTION ( 'NONE',  ( 1.000000000000000000, 0.000000000000000000, 0.000000000000000000 ) ) ;
#1168 = CARTESIAN_POINT ( 'NONE',  ( 8.199999999999999289, -6.261999999999995126, -4.835000000000001741 ) ) ;
#1169 = CARTESIAN_POINT ( 'NONE',  ( 3.661533644293308409, 9.378030020377339682, 3.679354132391515098 ) ) ;
#1170 = AXIS2_PLACEMENT_3D ( 'NONE', #990, #652, #1790 ) ;
#1171 = ORIENTED_EDGE ( 'NONE', *, *, #2241, .F. ) ;
#1172 = CARTESIAN_POINT ( 'NONE',  ( 4.102560156857962603, 10.05996249656998565, -1.836666288134901626 ) ) ;
#1173 = AXIS2_PLACEMENT_3D ( 'NONE', #339, #1846, #154 ) ;
#1174 = FACE_BOUND ( 'NONE', #1515, .T. ) ;
#1175 = VECTOR ( 'NONE', #1054, 1000.000000000000000 ) ;
#1176 = ORIENTED_EDGE ( 'NONE', *, *, #863, .T. ) ;
#1177 = CIRCLE ( 'NONE', #1015, 4.135000000000046860 ) ;
#1178 = CARTESIAN_POINT ( 'NONE',  ( 5.147361518605760189, 10.08425956097266329, -2.961032477036912969 ) ) ;
#1179 = CARTESIAN_POINT ( 'NONE',  ( 6.938893903907228378E-15, 6.551632241205781249, -4.226060871844074640 ) ) ;
#1180 = ORIENTED_EDGE ( 'NONE', *, *, #310, .F. ) ;
#1181 = LINE ( 'NONE', #1400, #855 ) ;
#1182 = CARTESIAN_POINT ( 'NONE',  ( 3.186816435953113480, -5.453565245962376018, 3.249999856790003250 ) ) ;
#1183 = ADVANCED_FACE ( 'NONE', ( #785 ), #2439, .F. ) ;
#1184 = CARTESIAN_POINT ( 'NONE',  ( 0.000000000000000000, 0.000000000000000000, 0.000000000000000000 ) ) ;
#1185 = CYLINDRICAL_SURFACE ( 'NONE', #1607, 1.800000000000000044 ) ;
#1186 = VERTEX_POINT ( 'NONE', #599 ) ;
#1187 = CARTESIAN_POINT ( 'NONE',  ( 3.783786075779075553, 9.542048274117915341, -3.482048534685374008 ) ) ;
#1188 = ORIENTED_EDGE ( 'NONE', *, *, #1152, .F. ) ;
#1189 = CARTESIAN_POINT ( 'NONE',  ( 6.938893903907228378E-15, 6.501949946821463655, -4.240000000000002878 ) ) ;
#1190 = VERTEX_POINT ( 'NONE', #1540 ) ;
#1191 = CARTESIAN_POINT ( 'NONE',  ( 0.000000000000000000, -7.543025987569519586, -4.229939200866025040 ) ) ;
#1192 = CARTESIAN_POINT ( 'NONE',  ( 1.149999999999999467, -8.004951234495946366, 3.749766427724342321 ) ) ;
#1193 = CARTESIAN_POINT ( 'NONE',  ( 8.199999999999999289, -6.261999999999995126, -4.835000000000001741 ) ) ;
#1194 = ADVANCED_FACE ( 'NONE', ( #608 ), #772, .F. ) ;
#1195 = DIRECTION ( 'NONE',  ( -0.000000000000000000, 1.000000000000000000, -0.000000000000000000 ) ) ;
#1196 = ORIENTED_EDGE ( 'NONE', *, *, #1122, .F. ) ;
#1197 = CARTESIAN_POINT ( 'NONE',  ( 4.649999999999984368, -10.94253660982948340, -1.212353926890112232 ) ) ;
#1198 = ADVANCED_FACE ( 'NONE', ( #1714 ), #1893, .F. ) ;
#1199 = ORIENTED_EDGE ( 'NONE', *, *, #790, .T. ) ;
#1200 = CARTESIAN_POINT ( 'NONE',  ( 5.936076310676485335, 11.06722959277879959, 0.6103336632229066083 ) ) ;
#1201 = CARTESIAN_POINT ( 'NONE',  ( 5.912594608253217032, 11.03020143336966186, 0.8169270286030275718 ) ) ;
#1202 = VERTEX_POINT ( 'NONE', #197 ) ;
#1203 = DIRECTION ( 'NONE',  ( -0.000000000000000000, 0.7014416897153404884, 0.7127268452424729839 ) ) ;
#1204 = CARTESIAN_POINT ( 'NONE',  ( 0.000000000000000000, 6.927727461226202976, 3.889999834757853936 ) ) ;
#1205 = DIRECTION ( 'NONE',  ( 1.000000000000000000, 0.000000000000000000, 0.000000000000000000 ) ) ;
#1206 = B_SPLINE_CURVE_WITH_KNOTS ( 'NONE', 3,
 ( #1739, #465, #1951, #2138, #430, #1599, #259, #479, #441, #1223 ),
 .UNSPECIFIED., .F., .F.,
 ( 4, 1, 1, 2, 2, 4 ),
 ( 0.000000000000000000, 0.2499999999999985567, 0.3749999999999985012, 0.4374999999999984457, 0.4999999999999984457, 1.000000000000000000 ),
 .UNSPECIFIED. ) ;
#1207 = CARTESIAN_POINT ( 'NONE',  ( 1.453555720039414023, -8.160519968943514613, 3.099814014989078270 ) ) ;
#1208 = DIRECTION ( 'NONE',  ( 0.000000000000000000, 0.000000000000000000, 1.000000000000000000 ) ) ;
#1209 = CARTESIAN_POINT ( 'NONE',  ( 8.199999999999999289, 6.261999999999995126, -4.835000000000001741 ) ) ;
#1210 = CARTESIAN_POINT ( 'NONE',  ( 3.815746419441171433, 9.615223480305790105, -3.369834445671469947 ) ) ;
#1211 = ORIENTED_EDGE ( 'NONE', *, *, #1077, .T. ) ;
#1212 = EDGE_CURVE ( 'NONE', #1202, #1394, #1362, .T. ) ;
#1213 = VECTOR ( 'NONE', #223, 1000.000000000000000 ) ;
#1214 = VECTOR ( 'NONE', #1964, 1000.000000000000000 ) ;
#1215 = CARTESIAN_POINT ( 'NONE',  ( 4.696031755600994728, 9.720049895943386531, 3.380030847907257385 ) ) ;
#1216 = CARTESIAN_POINT ( 'NONE',  ( 3.050411382118741965, 9.828344783759030534, -3.378184966519933496 ) ) ;
#1217 = CARTESIAN_POINT ( 'NONE',  ( 4.501810720901133323, 10.28465016822829448, -1.263447746890402179 ) ) ;
#1218 = AXIS2_PLACEMENT_3D ( 'NONE', #36, #781, #1315 ) ;
#1219 = ORIENTED_EDGE ( 'NONE', *, *, #1148, .F. ) ;
#1220 = DIRECTION ( 'NONE',  ( 0.000000000000000000, -1.793922932757815160E-15, 1.000000000000000000 ) ) ;
#1221 = FILL_AREA_STYLE_COLOUR ( '', #1651 ) ;
#1222 = AXIS2_PLACEMENT_3D ( 'NONE', #1689, #2451, #751 ) ;
#1223 = CARTESIAN_POINT ( 'NONE',  ( 3.826816413921112492, 9.963309350945946719, 1.976814751764123468 ) ) ;
#1224 = DIRECTION ( 'NONE',  ( -1.000000000000000000, 8.326672684688676518E-17, 8.326672684688676518E-17 ) ) ;
#1225 = CARTESIAN_POINT ( 'NONE',  ( 0.000000000000000000, 6.261999999999995126, -4.835000000000001741 ) ) ;
#1226 = ORIENTED_EDGE ( 'NONE', *, *, #1639, .T. ) ;
#1227 = CARTESIAN_POINT ( 'NONE',  ( 3.726376907745753808, 9.454559904124556269, -3.594332517192166065 ) ) ;
#1228 = DIRECTION ( 'NONE',  ( 1.000000000000000000, 7.885106708985487062E-16, 0.000000000000000000 ) ) ;
#1229 = CARTESIAN_POINT ( 'NONE',  ( 3.346501912750856622, 9.162414316260646174, 3.868439955476980163 ) ) ;
#1230 = B_SPLINE_SURFACE_WITH_KNOTS ( 'NONE', 3, 1, ( 
 ( #2348, #463 ),
 ( #2147, #90 ),
 ( #440, #837 ),
 ( #639, #1191 ),
 ( #1764, #1233 ),
 ( #1598, #52 ),
 ( #662, #244 ),
 ( #1416, #451 ),
 ( #2186, #477 ),
 ( #1038, #1799 ),
 ( #988, #799 ),
 ( #1551, #808 ),
 ( #2414, #146 ),
 ( #322, #698 ),
 ( #2027, #1827 ),
 ( #1466, #1078 ),
 ( #1104, #1428 ),
 ( #1814, #1283 ) ),
 .UNSPECIFIED., .F., .F., .F.,
 ( 4, 2, 2, 2, 2, 2, 2, 2, 4 ),
 ( 2, 2 ),
 ( 0.000000000000000000, 0.03124999999999949346, 0.06249999999999898692, 0.1249999999999988620, 0.2499999999999992784, 0.3749999999999996669, 0.5000000000000001110, 0.7500000000000000000, 1.000000000000000000 ),
 ( 0.000000000000000000, 1.000000000000000000 ),
 .UNSPECIFIED. ) ;
#1231 = EDGE_CURVE ( 'NONE', #2323, #714, #2132, .T. ) ;
#1232 = ORIENTED_EDGE ( 'NONE', *, *, #1422, .T. ) ;
#1233 = CARTESIAN_POINT ( 'NONE',  ( 3.469446951953614189E-15, -7.572117316024988831, -4.222736032671051021 ) ) ;
#1234 = ADVANCED_FACE ( 'NONE', ( #228 ), #2051, .T. ) ;
#1235 = CARTESIAN_POINT ( 'NONE',  ( 13.03500000000001613, -10.94253660982947629, 1.212353926890112232 ) ) ;
#1236 = CARTESIAN_POINT ( 'NONE',  ( 2.369659184432954646, 6.927727461226615979, 3.889999834757433828 ) ) ;
#1237 = EDGE_LOOP ( 'NONE', ( #1849, #2101, #539, #2401 ) ) ;
#1238 = CARTESIAN_POINT ( 'NONE',  ( 10.55514824788713568, -0.7115615594641432340, -2.771186757573135928 ) ) ;
#1239 = CARTESIAN_POINT ( 'NONE',  ( 3.356623289800871657, 9.164250336733410052, 3.867061931613036130 ) ) ;
#1240 = CARTESIAN_POINT ( 'NONE',  ( 5.148879370624976026, 10.07928743365880919, 2.973727149999201291 ) ) ;
#1241 = ORIENTED_EDGE ( 'NONE', *, *, #2274, .F. ) ;
#1242 = ADVANCED_FACE ( 'NONE', ( #24, #1174, #1124 ), #1556, .T. ) ;
#1243 = CARTESIAN_POINT ( 'NONE',  ( 7.722535766055982798, 6.685327738914947027, -4.136299408769014363 ) ) ;
#1244 = CARTESIAN_POINT ( 'NONE',  ( 8.199999999999999289, -8.160519968943514613, 3.099814014989076938 ) ) ;
#1245 = DIRECTION ( 'NONE',  ( 1.000000000000000000, 0.000000000000000000, 0.000000000000000000 ) ) ;
#1246 = DIRECTION ( 'NONE',  ( 8.326672684688676518E-17, 1.838806884535415520E-16, 1.000000000000000000 ) ) ;
#1247 = FACE_OUTER_BOUND ( 'NONE', #5, .T. ) ;
#1248 = PRODUCT_DEFINITION_SHAPE ( 'NONE', 'NONE',  #2000 ) ;
#1249 = CARTESIAN_POINT ( 'NONE',  ( 8.199999999999999289, -6.261999999999995126, -8.673617379884032514E-16 ) ) ;
#1250 = ORIENTED_EDGE ( 'NONE', *, *, #2038, .F. ) ;
#1251 = CARTESIAN_POINT ( 'NONE',  ( 3.138851027568991814, 9.831962651331009440, -2.110553165335636638 ) ) ;
#1252 = VERTEX_POINT ( 'NONE', #793 ) ;
#1253 = CARTESIAN_POINT ( 'NONE',  ( 8.915096320614855685, -6.659344003908604037, 3.543150696069228722 ) ) ;
#1254 = LINE ( 'NONE', #2187, #195 ) ;
#1255 = AXIS2_PLACEMENT_3D ( 'NONE', #136, #1668, #1616 ) ;
#1256 = CARTESIAN_POINT ( 'NONE',  ( 13.03500000000001613, -11.24699999999998568, 0.000000000000000000 ) ) ;
#1257 = ORIENTED_EDGE ( 'NONE', *, *, #1654, .F. ) ;
#1258 = VECTOR ( 'NONE', #1245, 1000.000000000000000 ) ;
#1259 = CIRCLE ( 'NONE', #2369, 4.835000000000000853 ) ;
#1260 = CARTESIAN_POINT ( 'NONE',  ( 2.999999999999995559, -6.261999999999995126, 0.000000000000000000 ) ) ;
#1261 = EDGE_CURVE ( 'NONE', #813, #2234, #2082, .T. ) ;
#1262 = DIRECTION ( 'NONE',  ( 1.000000000000000000, 0.000000000000000000, 0.000000000000000000 ) ) ;
#1263 = VERTEX_POINT ( 'NONE', #2277 ) ;
#1264 = CARTESIAN_POINT ( 'NONE',  ( 0.8237165113092214108, 9.133432793151637696, -3.889999834757499109 ) ) ;
#1265 = CARTESIAN_POINT ( 'NONE',  ( 4.800000000000000711, -6.261957727190478273, 6.719087399745943268E-06 ) ) ;
#1266 = ORIENTED_EDGE ( 'NONE', *, *, #842, .T. ) ;
#1267 = CARTESIAN_POINT ( 'NONE',  ( 9.585600162193864904, -8.108935479949112235, -2.814529338246297474 ) ) ;
#1268 = CARTESIAN_POINT ( 'NONE',  ( 3.131445261082256515, 9.831279628378007729, -2.110938024390155654 ) ) ;
#1269 = ORIENTED_EDGE ( 'NONE', *, *, #1602, .F. ) ;
#1270 = DIRECTION ( 'NONE',  ( 1.908911665449031250E-15, 2.386139581811289062E-16, 1.000000000000000000 ) ) ;
#1271 = DIRECTION ( 'NONE',  ( 1.000000000000000000, 0.000000000000000000, -1.772601417597194116E-13 ) ) ;
#1272 = CARTESIAN_POINT ( 'NONE',  ( 9.218261846599842713, -8.189477263218533309, 2.911724657630740065 ) ) ;
#1273 = ORIENTED_EDGE ( 'NONE', *, *, #1162, .F. ) ;
#1274 = DIRECTION ( 'NONE',  ( 9.734458929424320680E-17, 0.7014416897153402664, -0.7127268452424732059 ) ) ;
#1275 = DIRECTION ( 'NONE',  ( -0.1253332335643046469, -0.9921147013144777649, 1.997510010795496743E-16 ) ) ;
#1276 = FACE_OUTER_BOUND ( 'NONE', #2024, .T. ) ;
#1277 = EDGE_CURVE ( 'NONE', #59, #2213, #2034, .T. ) ;
#1278 = CARTESIAN_POINT ( 'NONE',  ( 0.9711495339278040095, 9.133432793151635920, -3.889999834757499553 ) ) ;
#1279 = DIRECTION ( 'NONE',  ( 0.000000000000000000, 0.000000000000000000, 1.000000000000000000 ) ) ;
#1280 = CARTESIAN_POINT ( 'NONE',  ( 9.202447359147123862, -7.563160678697933292, -3.248952616182854580 ) ) ;
#1281 = CARTESIAN_POINT ( 'NONE',  ( 3.049519905569443967, 9.828289776148078971, 3.378265740609825318 ) ) ;
#1282 = VERTEX_POINT ( 'NONE', #1712 ) ;
#1283 = CARTESIAN_POINT ( 'NONE',  ( 1.734723475976807094E-15, -8.221203369878768541, -2.666491803794005300 ) ) ;
#1284 = CARTESIAN_POINT ( 'NONE',  ( 11.83499999999999908, 1.206173682419479976, -3.430387539168609694E-16 ) ) ;
#1285 = LINE ( 'NONE', #1815, #583 ) ;
#1286 = VERTEX_POINT ( 'NONE', #1348 ) ;
#1287 = CARTESIAN_POINT ( 'NONE',  ( -1.965527227085254819E-16, -7.438699250309226407, 4.239999996568722729 ) ) ;
#1288 = CARTESIAN_POINT ( 'NONE',  ( 2.999999999999995559, -10.77428184553660806, 1.736818224927613841 ) ) ;
#1289 = CARTESIAN_POINT ( 'NONE',  ( 9.483258689502445549, -8.190004870255284786, -2.926508022802261966 ) ) ;
#1290 = CARTESIAN_POINT ( 'NONE',  ( 9.739859712763072608, -7.816042672339779784, 4.085706927106613762 ) ) ;
#1291 = CARTESIAN_POINT ( 'NONE',  ( 4.649999999999984368, -11.24699999999999278, 0.000000000000000000 ) ) ;
#1292 = CARTESIAN_POINT ( 'NONE',  ( 4.379845327912727626, 10.12990756185513241, 2.962235453730860613 ) ) ;
#1293 = EDGE_CURVE ( 'NONE', #634, #2165, #1856, .T. ) ;
#1294 = ORIENTED_EDGE ( 'NONE', *, *, #595, .F. ) ;
#1295 = B_SPLINE_CURVE_WITH_KNOTS ( 'NONE', 3,
 ( #1046, #1770, #2368, #1210, #1021, #671, #73, #1592, #2354, #1187, #1371, #633, #1983, #1227, #1968, #2193, #290, #482, #301, #1567, #862, #2322, #619, #2143, #435, #252, #2155, #995, #1757, #447 ),
 .UNSPECIFIED., .F., .F.,
 ( 4, 2, 1, 1, 2, 2, 2, 2, 2, 2, 2, 2, 1, 1, 2, 2, 4 ),
 ( 0.000000000000000000, 0.1250000000000167089, 0.1875000000000242306, 0.2187500000000293099, 0.2343750000000313360, 0.2500000000000333622, 0.3750000000000482392, 0.4375000000000556777, 0.4687500000000594524, 0.5000000000000631717, 0.6250000000000721645, 0.6875000000000763833, 0.7187500000000783817, 0.7343750000000788258, 0.7421875000000786038, 0.7500000000000782707, 1.000000000000000000 ),
 .UNSPECIFIED. ) ;
#1296 = CARTESIAN_POINT ( 'NONE',  ( 4.681303697924965590, 10.42370830390962233, 1.169668622980420736 ) ) ;
#1297 = CARTESIAN_POINT ( 'NONE',  ( 8.199999999999999289, 8.697426056467001843, -1.721469931994977998 ) ) ;
#1298 = PLANE ( 'NONE',  #106 ) ;
#1299 = VERTEX_POINT ( 'NONE', #2334 ) ;
#1300 = B_SPLINE_CURVE_WITH_KNOTS ( 'NONE', 3,
 ( #2248, #686, #541, #1253, #878, #207, #1140, #1308, #771, #1902, #1525, #1317 ),
 .UNSPECIFIED., .F., .F.,
 ( 4, 2, 2, 2, 2, 4 ),
 ( 2.004292492486775485E-07, 0.0002988953460965453881, 0.0005975902629438421040, 0.001194980096638436620, 0.001792369930333030919, 0.002389759764027625435 ),
 .UNSPECIFIED. ) ;
#1301 = CIRCLE ( 'NONE', #508, 1.249999999999999334 ) ;
#1302 = CARTESIAN_POINT ( 'NONE',  ( 4.549999999999999822, -8.004898343558330964, 3.749737406610174961 ) ) ;
#1303 = VECTOR ( 'NONE', #1097, 1000.000000000000000 ) ;
#1304 = CARTESIAN_POINT ( 'NONE',  ( 8.503768157683799345, -8.029855753578058142, -3.700845949033656268 ) ) ;
#1305 = DIRECTION ( 'NONE',  ( 7.885106708985487062E-16, -1.000000000000000000, 0.000000000000000000 ) ) ;
#1306 = CARTESIAN_POINT ( 'NONE',  ( 2.790772797040339537, 9.800828777228472788, -2.118573298694916396 ) ) ;
#1307 = ORIENTED_EDGE ( 'NONE', *, *, #1261, .T. ) ;
#1308 = CARTESIAN_POINT ( 'NONE',  ( 9.201949245635807628, -7.562025337224998367, 3.249439879727854752 ) ) ;
#1309 = PLANE ( 'NONE',  #2261 ) ;
#1310 = EDGE_CURVE ( 'NONE', #2046, #947, #30, .T. ) ;
#1311 = ORIENTED_EDGE ( 'NONE', *, *, #1869, .F. ) ;
#1312 = CARTESIAN_POINT ( 'NONE',  ( 1.150000000000000355, -8.004852218486384174, -3.749787389796943149 ) ) ;
#1313 = CARTESIAN_POINT ( 'NONE',  ( 3.826816413921113380, 7.848002865044890086, -3.249999856790001473 ) ) ;
#1314 = CARTESIAN_POINT ( 'NONE',  ( 9.219379243718467620, -8.189540649351716439, -2.911277382885037568 ) ) ;
#1315 = DIRECTION ( 'NONE',  ( 0.000000000000000000, 0.000000000000000000, 1.000000000000000000 ) ) ;
#1316 = EDGE_LOOP ( 'NONE', ( #1954, #2065, #489, #1916 ) ) ;
#1317 = CARTESIAN_POINT ( 'NONE',  ( 9.681769098174028088, -8.219515785287521581, 2.680618825951707418 ) ) ;
#1318 =( NAMED_UNIT ( * ) SI_UNIT ( $, .STERADIAN. ) SOLID_ANGLE_UNIT ( ) );
#1319 = CARTESIAN_POINT ( 'NONE',  ( 3.826816413920989479, 7.744018249223799444, -3.314666804191547467 ) ) ;
#1320 = ORIENTED_EDGE ( 'NONE', *, *, #1310, .F. ) ;
#1321 = FACE_OUTER_BOUND ( 'NONE', #127, .T. ) ;
#1322 = CARTESIAN_POINT ( 'NONE',  ( 3.548323236888948795, 9.274184815997168485, 3.778127973889094715 ) ) ;
#1323 = CARTESIAN_POINT ( 'NONE',  ( 1.150000000000000355, -8.004909039020096984, 3.749732450622413893 ) ) ;
#1324 = CARTESIAN_POINT ( 'NONE',  ( 0.000000000000000000, -6.261999999999994237, 4.834999999999999076 ) ) ;
#1325 = ORIENTED_EDGE ( 'NONE', *, *, #953, .F. ) ;
#1326 = DIRECTION ( 'NONE',  ( -1.000000000000000000, -7.885106708985487062E-16, -0.000000000000000000 ) ) ;
#1327 = CARTESIAN_POINT ( 'NONE',  ( 3.329898206349857226, 9.159518325586077481, -3.870608997949558816 ) ) ;
#1328 = ORIENTED_EDGE ( 'NONE', *, *, #1491, .T. ) ;
#1329 = CIRCLE ( 'NONE', #664, 1.800000000000000044 ) ;
#1330 = CARTESIAN_POINT ( 'NONE',  ( 9.485035314672128237, -8.190268492119907151, 2.924307346183616207 ) ) ;
#1331 = EDGE_CURVE ( 'NONE', #484, #621, #208, .T. ) ;
#1332 = PLANE ( 'NONE',  #1693 ) ;
#1333 = CIRCLE ( 'NONE', #389, 4.834999999999999964 ) ;
#1334 = CIRCLE ( 'NONE', #467, 4.834999999999999964 ) ;
#1335 = ORIENTED_EDGE ( 'NONE', *, *, #1409, .T. ) ;
#1336 = CIRCLE ( 'NONE', #1611, 4.834999999999999964 ) ;
#1337 = CARTESIAN_POINT ( 'NONE',  ( 4.104656915588539512, 10.06146029011239307, 1.832629637105369191 ) ) ;
#1338 = EDGE_CURVE ( 'NONE', #2074, #1423, #1295, .T. ) ;
#1339 = ORIENTED_EDGE ( 'NONE', *, *, #1261, .F. ) ;
#1340 = DIRECTION ( 'NONE',  ( 0.000000000000000000, 0.000000000000000000, -1.000000000000000000 ) ) ;
#1341 = DIRECTION ( 'NONE',  ( -1.000000000000000000, -0.000000000000000000, -0.000000000000000000 ) ) ;
#1342 = CARTESIAN_POINT ( 'NONE',  ( 4.593617272137310970, 10.35721664949096699, 0.9608086162862513602 ) ) ;
#1343 = VERTEX_POINT ( 'NONE', #57 ) ;
#1344 = CARTESIAN_POINT ( 'NONE',  ( 2.999999999999997780, -13.49699999999999456, 2.332809465001381088 ) ) ;
#1345 = DIRECTION ( 'NONE',  ( 1.000000000000000000, 0.000000000000000000, 0.000000000000000000 ) ) ;
#1346 = VERTEX_POINT ( 'NONE', #1580 ) ;
#1347 = EDGE_CURVE ( 'NONE', #1263, #938, #1085, .T. ) ;
#1348 = CARTESIAN_POINT ( 'NONE',  ( 0.000000000000000000, 6.261999999999995126, -4.835000000000001741 ) ) ;
#1349 = ORIENTED_EDGE ( 'NONE', *, *, #1212, .F. ) ;
#1350 = EDGE_CURVE ( 'NONE', #1346, #1343, #230, .T. ) ;
#1351 = DIRECTION ( 'NONE',  ( -7.436198720909174079E-16, 1.000000000000000000, 0.000000000000000000 ) ) ;
#1352 = DIRECTION ( 'NONE',  ( 0.000000000000000000, 0.000000000000000000, -1.000000000000000000 ) ) ;
#1353 = CARTESIAN_POINT ( 'NONE',  ( 4.399024844948037583, 10.21497219955053737, 1.489453696355658385 ) ) ;
#1354 = ORIENTED_EDGE ( 'NONE', *, *, #1975, .T. ) ;
#1355 = CARTESIAN_POINT ( 'NONE',  ( 4.550000000000000711, -8.691041311704358563, -3.369144297794570253 ) ) ;
#1356 = DIRECTION ( 'NONE',  ( -1.000000000000000000, -0.000000000000000000, -0.000000000000000000 ) ) ;
#1357 = CARTESIAN_POINT ( 'NONE',  ( 3.568837046804408164, 9.290381577857662165, 3.763862242312849382 ) ) ;
#1358 = VERTEX_POINT ( 'NONE', #2035 ) ;
#1359 = CARTESIAN_POINT ( 'NONE',  ( 3.186816435953114368, 6.927727461226185213, -3.889999834757876140 ) ) ;
#1360 = VERTEX_POINT ( 'NONE', #2242 ) ;
#1361 = CARTESIAN_POINT ( 'NONE',  ( 12.19332750557111034, 6.450940218077478860, -4.240000000000002878 ) ) ;
#1362 = LINE ( 'NONE', #2121, #1134 ) ;
#1363 = EDGE_CURVE ( 'NONE', #621, #697, #1473, .T. ) ;
#1364 = ORIENTED_EDGE ( 'NONE', *, *, #912, .T. ) ;
#1365 = CARTESIAN_POINT ( 'NONE',  ( 4.800000000000000711, -8.004898343558330964, 3.749737406610174961 ) ) ;
#1366 = CARTESIAN_POINT ( 'NONE',  ( 3.549999999999994049, -10.94253660982948340, -1.212353926890112232 ) ) ;
#1367 = CARTESIAN_POINT ( 'NONE',  ( 5.199999999999993960, -11.56324837155468721, 4.314393433970611369 ) ) ;
#1368 = AXIS2_PLACEMENT_3D ( 'NONE', #1016, #838, #43 ) ;
#1369 = ORIENTED_EDGE ( 'NONE', *, *, #966, .F. ) ;
#1370 = CIRCLE ( 'NONE', #1094, 4.135011755864158367 ) ;
#1371 = CARTESIAN_POINT ( 'NONE',  ( 3.772899573640029924, 9.522303214342624500, -3.509306454715808155 ) ) ;
#1372 = VERTEX_POINT ( 'NONE', #1821 ) ;
#1373 = CIRCLE ( 'NONE', #315, 1.721469931994976221 ) ;
#1374 = CARTESIAN_POINT ( 'NONE',  ( 5.884342179899930692, 10.97440544205280588, -1.211447837563467189 ) ) ;
#1375 = DIRECTION ( 'NONE',  ( 0.000000000000000000, -1.000000000000000000, 0.000000000000000000 ) ) ;
#1376 = ORIENTED_EDGE ( 'NONE', *, *, #507, .T. ) ;
#1377 = CYLINDRICAL_SURFACE ( 'NONE', #233, 3.635000000000000231 ) ;
#1378 = CARTESIAN_POINT ( 'NONE',  ( 4.549999999999999822, -8.004898343558330964, 3.749737406610174961 ) ) ;
#1379 = CARTESIAN_POINT ( 'NONE',  ( 4.550000000000001599, -7.988868203524540412, 3.791400227608597184 ) ) ;
#1380 = B_SPLINE_CURVE_WITH_KNOTS ( 'NONE', 3,
 ( #1476, #1267, #1824, #129, #1280, #2395, #340, #516, #2039, #1087, #1847, #158 ),
 .UNSPECIFIED., .F., .F.,
 ( 4, 2, 2, 2, 2, 4 ),
 ( 0.0008173283178193230291, 0.001411212000520084640, 0.002005095683220845925, 0.002598979365921607210, 0.002895921207271988287, 0.003192863048622369797 ),
 .UNSPECIFIED. ) ;
#1381 = ADVANCED_FACE ( 'NONE', ( #1845 ), #2433, .F. ) ;
#1382 = CARTESIAN_POINT ( 'NONE',  ( 8.199999999999999289, 6.897426056467002908, -1.721469931994977998 ) ) ;
#1383 = CARTESIAN_POINT ( 'NONE',  ( 3.303853261332749813, 9.144901273404014930, 3.881583505499517361 ) ) ;
#1384 = ORIENTED_EDGE ( 'NONE', *, *, #558, .F. ) ;
#1385 = CARTESIAN_POINT ( 'NONE',  ( 5.189388116758699709, 10.12399021691968315, 2.909023504940944971 ) ) ;
#1386 = CARTESIAN_POINT ( 'NONE',  ( 3.162186346545397431, 9.835266017824400464, -3.368024647533820026 ) ) ;
#1387 = CARTESIAN_POINT ( 'NONE',  ( 4.536732063903368584, 10.31104909720836815, -1.158431693482497415 ) ) ;
#1388 = ORIENTED_EDGE ( 'NONE', *, *, #1776, .T. ) ;
#1389 = CYLINDRICAL_SURFACE ( 'NONE', #1536, 4.834999999999999964 ) ;
#1390 = FILL_AREA_STYLE ('',( #1221 ) ) ;
#1391 = CARTESIAN_POINT ( 'NONE',  ( 5.199999999999991296, -11.37904556283231372, 2.322894168276850912 ) ) ;
#1392 = CARTESIAN_POINT ( 'NONE',  ( 3.303128994380355898, 9.144635708129055018, -3.881782813636315499 ) ) ;
#1393 = EDGE_CURVE ( 'NONE', #59, #1834, #126, .T. ) ;
#1394 = VERTEX_POINT ( 'NONE', #338 ) ;
#1395 = DIRECTION ( 'NONE',  ( 0.000000000000000000, -1.000000000000000000, 0.000000000000000000 ) ) ;
#1396 = VERTEX_POINT ( 'NONE', #900 ) ;
#1397 = CARTESIAN_POINT ( 'NONE',  ( 5.398519859720295244, 10.33812529201804331, 2.602769767316770455 ) ) ;
#1398 = CARTESIAN_POINT ( 'NONE',  ( 5.847021785433154761, 10.92563866346840307, 1.285278074657894232 ) ) ;
#1399 = ORIENTED_EDGE ( 'NONE', *, *, #953, .T. ) ;
#1400 = CARTESIAN_POINT ( 'NONE',  ( 8.199999999999999289, -10.01204182537921028, 3.051952048756095159 ) ) ;
#1401 = DIRECTION ( 'NONE',  ( -7.228014483236719235E-16, 1.000000000000000000, 0.000000000000000000 ) ) ;
#1402 = DIRECTION ( 'NONE',  ( -0.1253332335643046469, -0.9921147013144777649, 1.997510010795496743E-16 ) ) ;
#1403 = CARTESIAN_POINT ( 'NONE',  ( 13.03500000000001613, -10.94253660982947629, -1.212353926890112232 ) ) ;
#1404 = B_SPLINE_CURVE_WITH_KNOTS ( 'NONE', 3,
 ( #405, #1144, #1908, #211 ),
 .UNSPECIFIED., .F., .F.,
 ( 4, 4 ),
 ( 4.422694427346621642E-18, 0.0002615766828811617374 ),
 .UNSPECIFIED. ) ;
#1405 = EDGE_CURVE ( 'NONE', #938, #918, #1695, .T. ) ;
#1406 = CARTESIAN_POINT ( 'NONE',  ( 10.02639346438771639, -1.972803566697355571, -3.147447459127453495 ) ) ;
#1407 = AXIS2_PLACEMENT_3D ( 'NONE', #1082, #1694, #1681 ) ;
#1408 = VECTOR ( 'NONE', #1990, 1000.000000000000000 ) ;
#1409 = EDGE_CURVE ( 'NONE', #1343, #1584, #1334, .T. ) ;
#1410 = CONICAL_SURFACE ( 'NONE', #1368, 1.799999999999994271, 0.7853981633974437271 ) ;
#1411 = DIRECTION ( 'NONE',  ( -1.000000000000000000, 8.326672684688676518E-17, 8.326672684688676518E-17 ) ) ;
#1412 = CARTESIAN_POINT ( 'NONE',  ( 4.199217590910842901, 9.429776236299066028, -3.653882463682447845 ) ) ;
#1413 = B_SPLINE_CURVE_WITH_KNOTS ( 'NONE', 3,
 ( #102, #1576, #1439, #663 ),
 .UNSPECIFIED., .F., .F.,
 ( 4, 4 ),
 ( 0.0001848101804493536618, 0.0009725366994271832446 ),
 .UNSPECIFIED. ) ;
#1414 = AXIS2_PLACEMENT_3D ( 'NONE', #1880, #754, #1892 ) ;
#1415 = ORIENTED_EDGE ( 'NONE', *, *, #641, .F. ) ;
#1416 = CARTESIAN_POINT ( 'NONE',  ( 9.739860177897265103, -7.815962443425092943, -4.085799785543459350 ) ) ;
#1417 = AXIS2_PLACEMENT_3D ( 'NONE', #570, #2287, #1305 ) ;
#1418 = CARTESIAN_POINT ( 'NONE',  ( 8.232340800835718397, 6.453113737807436578, 4.239994150029208875 ) ) ;
#1419 = ORIENTED_EDGE ( 'NONE', *, *, #963, .F. ) ;
#1420 = CARTESIAN_POINT ( 'NONE',  ( 3.787211580886067797, 7.339460220013590330, -3.471642907081370577 ) ) ;
#1421 = CARTESIAN_POINT ( 'NONE',  ( 11.75004105982025315, 1.113257348189526930, -0.8067399705468870641 ) ) ;
#1422 = EDGE_CURVE ( 'NONE', #1796, #854, #82, .T. ) ;
#1423 = VERTEX_POINT ( 'NONE', #1486 ) ;
#1424 = CARTESIAN_POINT ( 'NONE',  ( 4.549999999999999822, -8.004898343558330964, 3.749737406610174961 ) ) ;
#1425 = CARTESIAN_POINT ( 'NONE',  ( 4.854251968329443834, 9.830383104829225616, -3.268122194574669237 ) ) ;
#1426 = EDGE_CURVE ( 'NONE', #714, #1034, #328, .T. ) ;
#1427 = ORIENTED_EDGE ( 'NONE', *, *, #1293, .T. ) ;
#1428 = CARTESIAN_POINT ( 'NONE',  ( 5.204170427930421283E-15, -8.197557868830305239, -2.865469134046039201 ) ) ;
#1429 = CARTESIAN_POINT ( 'NONE',  ( 8.719049412555776257, -8.166792769319735967, 3.063216219047959932 ) ) ;
#1430 = ORIENTED_EDGE ( 'NONE', *, *, #1459, .F. ) ;
#1431 = PLANE ( 'NONE',  #933 ) ;
#1432 = CARTESIAN_POINT ( 'NONE',  ( -1.109656336703726953E-17, -7.888947313750010792, 3.988995180268169793 ) ) ;
#1433 = FACE_OUTER_BOUND ( 'NONE', #393, .T. ) ;
#1434 = DIRECTION ( 'NONE',  ( 0.000000000000000000, -1.000000000000000000, 1.793922932757814914E-16 ) ) ;
#1435 = ORIENTED_EDGE ( 'NONE', *, *, #205, .F. ) ;
#1436 = LINE ( 'NONE', #2205, #1497 ) ;
#1437 = CARTESIAN_POINT ( 'NONE',  ( 4.369638505667249539, 9.516008940564633534, -3.578799263117749874 ) ) ;
#1438 = ORIENTED_EDGE ( 'NONE', *, *, #177, .T. ) ;
#1439 = CARTESIAN_POINT ( 'NONE',  ( 7.975759375215930369, 6.636610006462839273, 4.185800937216868967 ) ) ;
#1440 = ADVANCED_FACE ( 'NONE', ( #871 ), #1928, .F. ) ;
#1441 = LINE ( 'NONE', #306, #2100 ) ;
#1442 = ORIENTED_EDGE ( 'NONE', *, *, #113, .T. ) ;
#1443 = CARTESIAN_POINT ( 'NONE',  ( 4.269185715753433641, 10.14096043291291060, -1.672958219776047528 ) ) ;
#1444 = LINE ( 'NONE', #2404, #851 ) ;
#1445 = CARTESIAN_POINT ( 'NONE',  ( 3.826816413921109383, 9.988687737891563501, -0.6591030178028740583 ) ) ;
#1446 = EDGE_LOOP ( 'NONE', ( #601, #2278, #1266, #144 ) ) ;
#1447 = DIRECTION ( 'NONE',  ( -0.000000000000000000, 1.000000000000000000, 0.000000000000000000 ) ) ;
#1448 = ORIENTED_EDGE ( 'NONE', *, *, #1041, .F. ) ;
#1449 = CARTESIAN_POINT ( 'NONE',  ( 7.993865246536481450, 7.339460220013617864, 3.471642907081339047 ) ) ;
#1450 = CARTESIAN_POINT ( 'NONE',  ( 3.161028029206044643, 9.834086418055029810, -2.109307133238619514 ) ) ;
#1451 = ORIENTED_EDGE ( 'NONE', *, *, #1855, .T. ) ;
#1452 = CARTESIAN_POINT ( 'NONE',  ( 4.696372568936642011, 10.40004681613665127, 1.753003023254305015 ) ) ;
#1453 = CARTESIAN_POINT ( 'NONE',  ( 3.549999999999995826, -11.24699999999999278, 0.000000000000000000 ) ) ;
#1454 = CIRCLE ( 'NONE', #969, 1.800000000000006484 ) ;
#1455 = LINE ( 'NONE', #2223, #1008 ) ;
#1456 = ORIENTED_EDGE ( 'NONE', *, *, #2227, .F. ) ;
#1457 = CIRCLE ( 'NONE', #1734, 3.635000000000000231 ) ;
#1458 = CARTESIAN_POINT ( 'NONE',  ( 1.149999999999999911, -7.988868267539792178, 3.791400068485362596 ) ) ;
#1459 = EDGE_CURVE ( 'NONE', #502, #1688, #1454, .T. ) ;
#1460 = CARTESIAN_POINT ( 'NONE',  ( 3.826816413921112936, 9.988687916700758507, 0.6590948328958278202 ) ) ;
#1461 = LINE ( 'NONE', #1168, #1728 ) ;
#1462 = CARTESIAN_POINT ( 'NONE',  ( 1.734723475976807094E-15, -7.459680605659623431, 4.239616675462442252 ) ) ;
#1463 = DIRECTION ( 'NONE',  ( 0.000000000000000000, -1.000000000000000000, 0.000000000000000000 ) ) ;
#1464 = CARTESIAN_POINT ( 'NONE',  ( 3.298989198683061286, 9.846307794323525542, 3.352308892933921758 ) ) ;
#1465 = ORIENTED_EDGE ( 'NONE', *, *, #2274, .T. ) ;
#1466 = CARTESIAN_POINT ( 'NONE',  ( 9.739860177897257998, -8.171143519313231351, -3.046419403540979509 ) ) ;
#1467 = CARTESIAN_POINT ( 'NONE',  ( 10.71970669773936180, -0.3870099511868302922, 2.622472658894517750 ) ) ;
#1468 = CARTESIAN_POINT ( 'NONE',  ( 4.800000000000000711, -8.063098264280505134, -3.591650282808235062 ) ) ;
#1469 = EDGE_LOOP ( 'NONE', ( #1866, #77, #1547, #1823, #462, #2107 ) ) ;
#1470 = CARTESIAN_POINT ( 'NONE',  ( 8.370471688924231657, 7.611422367315397786, -3.259195600062325328E-15 ) ) ;
#1471 = FACE_OUTER_BOUND ( 'NONE', #594, .T. ) ;
#1472 = B_SPLINE_CURVE_WITH_KNOTS ( 'NONE', 3,
 ( #1287, #2032, #1095, #336, #1432, #2067, #166, #1109 ),
 .UNSPECIFIED., .F., .F.,
 ( 4, 2, 2, 4 ),
 ( 1.742138759484943965E-05, 0.0004164314944978750321, 0.0006159365479493878826, 0.0008154416014009006246 ),
 .UNSPECIFIED. ) ;
#1473 = LINE ( 'NONE', #493, #2409 ) ;
#1474 = ADVANCED_FACE ( 'NONE', ( #2392 ), #681, .F. ) ;
#1475 = CARTESIAN_POINT ( 'NONE',  ( 9.739859712763070831, -7.482739675816292291, 4.238289216501262224 ) ) ;
#1476 = CARTESIAN_POINT ( 'NONE',  ( 9.681769560534050356, -8.219516316934457834, -2.680618182138226224 ) ) ;
#1477 = CARTESIAN_POINT ( 'NONE',  ( 3.519405668084432559, 9.872760172481408247, 3.315978257232947701 ) ) ;
#1478 = B_SPLINE_CURVE_WITH_KNOTS ( 'NONE', 3,
 ( #1121, #1897, #1929, #1742 ),
 .UNSPECIFIED., .F., .F.,
 ( 4, 4 ),
 ( 2.168404344971008868E-19, 0.0007783780993985171207 ),
 .UNSPECIFIED. ) ;
#1479 = DIRECTION ( 'NONE',  ( -0.000000000000000000, -1.000000000000000000, 1.224646799147353207E-16 ) ) ;
#1480 = CARTESIAN_POINT ( 'NONE',  ( 10.55000029042937193, -0.7221497497544536737, 2.775569009097730078 ) ) ;
#1481 = DIRECTION ( 'NONE',  ( -1.000000000000000000, -7.885106708985487062E-16, -0.000000000000000000 ) ) ;
#1482 = ORIENTED_EDGE ( 'NONE', *, *, #327, .F. ) ;
#1483 = CYLINDRICAL_SURFACE ( 'NONE', #390, 2.000000000000000000 ) ;
#1484 = DIRECTION ( 'NONE',  ( -0.9921147013144777649, 0.1253332335643047024, 8.881784197001252323E-16 ) ) ;
#1485 = CARTESIAN_POINT ( 'NONE',  ( 7.890488441101187966, 7.339460220013616087, -3.471642907081345708 ) ) ;
#1486 = CARTESIAN_POINT ( 'NONE',  ( 3.356623289804393728, 9.164250336734385272, -3.867061931612310932 ) ) ;
#1487 = EDGE_CURVE ( 'NONE', #161, #1186, #765, .T. ) ;
#1488 = PLANE ( 'NONE',  #1417 ) ;
#1489 = CARTESIAN_POINT ( 'NONE',  ( 5.104233846648149608, 10.62628651161795013, -2.106800009254856665 ) ) ;
#1490 = ORIENTED_EDGE ( 'NONE', *, *, #684, .T. ) ;
#1491 = EDGE_CURVE ( 'NONE', #439, #1346, #1461, .T. ) ;
#1492 = CARTESIAN_POINT ( 'NONE',  ( 12.55576826745089214, 6.911642009079305815, -3.474159751339158124E-15 ) ) ;
#1493 = CARTESIAN_POINT ( 'NONE',  ( 11.83499999999999908, 1.206173682419479531, 0.2059088615917818166 ) ) ;
#1494 = VERTEX_POINT ( 'NONE', #2105 ) ;
#1495 = CIRCLE ( 'NONE', #1051, 1.800000000000006484 ) ;
#1496 = DIRECTION ( 'NONE',  ( 1.000000000000000000, 0.000000000000000000, 0.000000000000000000 ) ) ;
#1497 = VECTOR ( 'NONE', #2232, 1000.000000000000000 ) ;
#1498 = CARTESIAN_POINT ( 'NONE',  ( 0.000000000000000000, -7.861691269887248090, 4.026482463674373236 ) ) ;
#1499 = FACE_OUTER_BOUND ( 'NONE', #29, .T. ) ;
#1500 = CARTESIAN_POINT ( 'NONE',  ( 5.193827363934666153, 10.71911669789973409, -1.895969319967594657 ) ) ;
#1501 = ORIENTED_EDGE ( 'NONE', *, *, #1779, .F. ) ;
#1502 = CARTESIAN_POINT ( 'NONE',  ( 3.826816413921113380, 7.848002865044884757, 3.249999856789998809 ) ) ;
#1503 = CARTESIAN_POINT ( 'NONE',  ( 10.80717959719713761, -0.2260968966431785576, 2.536442856724086869 ) ) ;
#1504 = ORIENTED_EDGE ( 'NONE', *, *, #2259, .F. ) ;
#1505 = CYLINDRICAL_SURFACE ( 'NONE', #971, 0.6399999779678746670 ) ;
#1506 =( BOUNDED_CURVE ( )  B_SPLINE_CURVE ( 3, ( #187, #1696, #1155, #394 ),
 .UNSPECIFIED., .F., .F. ) 
 B_SPLINE_CURVE_WITH_KNOTS ( ( 4, 4 ),
 ( 1.924438920331632108, 3.141592653589793116 ),
 .UNSPECIFIED. ) 
 CURVE ( )  GEOMETRIC_REPRESENTATION_ITEM ( )  RATIONAL_B_SPLINE_CURVE ( ( 1.000000000000000000, 0.8803083028999477699, 0.8803083028999477699, 1.000000000000000000 ) ) 
 REPRESENTATION_ITEM ( '' )  );
#1507 = CARTESIAN_POINT ( 'NONE',  ( 6.562808794773064669, -7.471948832603205304, 4.238933832172994798 ) ) ;
#1508 = DIRECTION ( 'NONE',  ( 0.000000000000000000, 0.000000000000000000, 1.000000000000000000 ) ) ;
#1509 = DIRECTION ( 'NONE',  ( 1.000000000000000000, 0.000000000000000000, 0.000000000000000000 ) ) ;
#1510 = CARTESIAN_POINT ( 'NONE',  ( 3.079025929069741263, 9.826583995843591879, 2.112329533899720779 ) ) ;
#1511 = EDGE_LOOP ( 'NONE', ( #1996, #1354, #1924, #677, #1569, #1864, #215, #1047, #2238, #2377, #1226, #1762, #2320, #2216 ) ) ;
#1512 = CARTESIAN_POINT ( 'NONE',  ( 3.186816435953113480, -5.453565245962376018, 3.889999834757293051 ) ) ;
#1513 = CARTESIAN_POINT ( 'NONE',  ( 3.324348464878449594, 9.158564681697098919, -3.871322696574772237 ) ) ;
#1514 = CARTESIAN_POINT ( 'NONE',  ( 4.093784077275845590, 10.05868870173711471, 1.833332783437610525 ) ) ;
#1515 = EDGE_LOOP ( 'NONE', ( #782, #2017, #1199, #1158, #1089, #807 ) ) ;
#1516 = EDGE_CURVE ( 'NONE', #1756, #644, #1404, .T. ) ;
#1517 = CARTESIAN_POINT ( 'NONE',  ( 0.000000000000000000, 6.261999999999993349, -3.889999834757501329 ) ) ;
#1518 = DIRECTION ( 'NONE',  ( -1.000000000000000000, -3.154042683594194036E-15, -0.000000000000000000 ) ) ;
#1519 = ADVANCED_FACE ( 'NONE', ( #1156 ), #2309, .T. ) ;
#1520 = CARTESIAN_POINT ( 'NONE',  ( 6.487927358153186219, -7.445338222582134513, 4.239958336749443113 ) ) ;
#1521 = VERTEX_POINT ( 'NONE', #1313 ) ;
#1522 = CARTESIAN_POINT ( 'NONE',  ( 8.199999999999999289, 6.261999999999995126, -3.006671916513725129E-15 ) ) ;
#1523 = CARTESIAN_POINT ( 'NONE',  ( 2.878344290155034457, 9.808643650052106366, 2.116771159962550719 ) ) ;
#1524 = ORIENTED_EDGE ( 'NONE', *, *, #2244, .F. ) ;
#1525 = CARTESIAN_POINT ( 'NONE',  ( 9.585703905720066587, -8.109054740303609066, 2.814384831521883346 ) ) ;
#1526 = VERTEX_POINT ( 'NONE', #372 ) ;
#1527 = DIRECTION ( 'NONE',  ( -7.885106708985487062E-16, 1.000000000000000000, 0.000000000000000000 ) ) ;
#1528 = EDGE_CURVE ( 'NONE', #827, #1550, #115, .T. ) ;
#1529 = CARTESIAN_POINT ( 'NONE',  ( 7.890488441101187966, 7.339460220013616087, -3.471642907081345708 ) ) ;
#1530 = VECTOR ( 'NONE', #1195, 1000.000000000000000 ) ;
#1531 = AXIS2_PLACEMENT_3D ( 'NONE', #1256, #1481, #134 ) ;
#1532 = B_SPLINE_CURVE_WITH_KNOTS ( 'NONE', 3,
 ( #1894, #2443, #1881, #775 ),
 .UNSPECIFIED., .F., .F.,
 ( 4, 4 ),
 ( 0.000000000000000000, 1.000000000000000000 ),
 .UNSPECIFIED. ) ;
#1533 = CARTESIAN_POINT ( 'NONE',  ( 3.826816413921113380, 9.680203349017988401, -3.249999856790001918 ) ) ;
#1534 = AXIS2_PLACEMENT_3D ( 'NONE', #603, #955, #1684 ) ;
#1535 = ORIENTED_EDGE ( 'NONE', *, *, #1107, .T. ) ;
#1536 = AXIS2_PLACEMENT_3D ( 'NONE', #1014, #2327, #628 ) ;
#1537 = CARTESIAN_POINT ( 'NONE',  ( 3.142477977676456646, 9.832302235952719016, 2.110358648735716436 ) ) ;
#1538 = ORIENTED_EDGE ( 'NONE', *, *, #2241, .T. ) ;
#1539 = CARTESIAN_POINT ( 'NONE',  ( 8.319840851475445831, 6.475561216140641285, -4.239752474018197326 ) ) ;
#1540 = CARTESIAN_POINT ( 'NONE',  ( 0.000000000000000000, -6.261999999999995126, -4.835000000000001741 ) ) ;
#1541 = EDGE_LOOP ( 'NONE', ( #1325, #330, #804, #1376, #2200, #909 ) ) ;
#1542 = CARTESIAN_POINT ( 'NONE',  ( 8.199999999999999289, 6.261999999999995126, -3.006671916513725129E-15 ) ) ;
#1543 = CARTESIAN_POINT ( 'NONE',  ( 3.356623289800871657, 9.164250336733410052, 3.867061931613036130 ) ) ;
#1544 = ORIENTED_EDGE ( 'NONE', *, *, #2298, .F. ) ;
#1545 = EDGE_CURVE ( 'NONE', #2196, #1343, #840, .T. ) ;
#1546 = CARTESIAN_POINT ( 'NONE',  ( 3.153616476856504480, 9.833360854936588069, 2.109742453381393101 ) ) ;
#1547 = ORIENTED_EDGE ( 'NONE', *, *, #1011, .T. ) ;
#1548 = CARTESIAN_POINT ( 'NONE',  ( 5.600541079467856065, 10.57523793296623538, 2.197581828315360308 ) ) ;
#1549 = CARTESIAN_POINT ( 'NONE',  ( 8.537252245508643256, 6.685327738914947027, -4.136299408769014363 ) ) ;
#1550 = VERTEX_POINT ( 'NONE', #532 ) ;
#1551 = CARTESIAN_POINT ( 'NONE',  ( 9.739860177897254445, -8.005352936789638107, -3.752066541547761425 ) ) ;
#1552 = CARTESIAN_POINT ( 'NONE',  ( 0.000000000000000000, 0.000000000000000000, 0.000000000000000000 ) ) ;
#1553 = FACE_OUTER_BOUND ( 'NONE', #2030, .T. ) ;
#1554 = DIRECTION ( 'NONE',  ( -0.000000000000000000, 1.000000000000000000, -0.000000000000000000 ) ) ;
#1555 = ORIENTED_EDGE ( 'NONE', *, *, #1310, .T. ) ;
#1556 = CYLINDRICAL_SURFACE ( 'NONE', #1218, 4.835000000000000853 ) ;
#1557 = ADVANCED_FACE ( 'NONE', ( #2019 ), #1816, .F. ) ;
#1558 = EDGE_LOOP ( 'NONE', ( #565, #824, #1384, #1637, #2134, #1912 ) ) ;
#1559 = CARTESIAN_POINT ( 'NONE',  ( 8.537252245508643256, 6.660650521427177395, -4.161373646053881714 ) ) ;
#1560 = VERTEX_POINT ( 'NONE', #1068 ) ;
#1561 = DIRECTION ( 'NONE',  ( 1.000000000000000000, 0.000000000000000000, 0.000000000000000000 ) ) ;
#1562 = FACE_OUTER_BOUND ( 'NONE', #2358, .T. ) ;
#1563 = SHAPE_DEFINITION_REPRESENTATION ( #1248, #2191 ) ;
#1564 = CARTESIAN_POINT ( 'NONE',  ( 3.787211580884414897, 7.339460220020462167, 3.471642907079214524 ) ) ;
#1565 = ORIENTED_EDGE ( 'NONE', *, *, #190, .F. ) ;
#1566 = VECTOR ( 'NONE', #2115, 1000.000000000000000 ) ;
#1567 = CARTESIAN_POINT ( 'NONE',  ( 3.603181360964427427, 9.320593988890600201, -3.736333673652857623 ) ) ;
#1568 = AXIS2_PLACEMENT_3D ( 'NONE', #2060, #1105, #343 ) ;
#1569 = ORIENTED_EDGE ( 'NONE', *, *, #568, .T. ) ;
#1570 = CIRCLE ( 'NONE', #1812, 1.800000000000000044 ) ;
#1571 = CARTESIAN_POINT ( 'NONE',  ( 3.526872030995634955, 9.195077112595994251, -3.843926274046128189 ) ) ;
#1572 = CARTESIAN_POINT ( 'NONE',  ( 5.460321806005689282, 10.40802983614447896, -2.490555624072616769 ) ) ;
#1573 =( GEOMETRIC_REPRESENTATION_CONTEXT ( 3 ) GLOBAL_UNCERTAINTY_ASSIGNED_CONTEXT ( ( #1876 ) ) GLOBAL_UNIT_ASSIGNED_CONTEXT ( ( #1601, #991, #1588 ) ) REPRESENTATION_CONTEXT ( 'NONE', 'WORKASPACE' ) );
#1574 = ORIENTED_EDGE ( 'NONE', *, *, #939, .T. ) ;
#1575 = CARTESIAN_POINT ( 'NONE',  ( 7.890488441101189743, 7.339460220013616087, 3.471642907081340379 ) ) ;
#1576 = CARTESIAN_POINT ( 'NONE',  ( 8.231403358504051582, 6.579864294292730342, 4.218532447606520464 ) ) ;
#1577 = DIRECTION ( 'NONE',  ( 0.000000000000000000, 0.000000000000000000, -1.000000000000000000 ) ) ;
#1578 = CARTESIAN_POINT ( 'NONE',  ( 8.673617379884035472E-15, 6.630424692705354062, 4.186191817603958754 ) ) ;
#1579 = CARTESIAN_POINT ( 'NONE',  ( 3.789970357598166029, 9.554387555011579991, 3.464073984254252725 ) ) ;
#1580 = CARTESIAN_POINT ( 'NONE',  ( 8.199999999999999289, -6.261999999999995126, -4.835000000000001741 ) ) ;
#1581 = ORIENTED_EDGE ( 'NONE', *, *, #113, .F. ) ;
#1582 = CARTESIAN_POINT ( 'NONE',  ( 5.049064664773414535, 9.995054869401084119, -3.073248038352586864 ) ) ;
#1583 = CARTESIAN_POINT ( 'NONE',  ( 5.665011044307796340, 10.66329346322728000, -2.006830906212529353 ) ) ;
#1584 = VERTEX_POINT ( 'NONE', #522 ) ;
#1585 = CARTESIAN_POINT ( 'NONE',  ( 8.199999999999999289, 6.261999999999995126, -4.336808689942017736E-15 ) ) ;
#1586 = FACE_OUTER_BOUND ( 'NONE', #1316, .T. ) ;
#1587 = ADVANCED_FACE ( 'NONE', ( #2225 ), #745, .F. ) ;
#1588 =( NAMED_UNIT ( * ) SI_UNIT ( $, .STERADIAN. ) SOLID_ANGLE_UNIT ( ) );
#1589 = DIRECTION ( 'NONE',  ( -1.000000000000000000, 8.326672684688675286E-17, 8.326672684688675286E-17 ) ) ;
#1590 = ADVANCED_FACE ( 'NONE', ( #857 ), #1431, .F. ) ;
#1591 = LINE ( 'NONE', #492, #1769 ) ;
#1592 = CARTESIAN_POINT ( 'NONE',  ( 3.794907422423828613, 9.564289751287846642, -3.449617380091536400 ) ) ;
#1593 = ORIENTED_EDGE ( 'NONE', *, *, #397, .T. ) ;
#1594 = CARTESIAN_POINT ( 'NONE',  ( 4.507792788648754545, 9.600147893043320835, 3.497866059451933740 ) ) ;
#1595 = CARTESIAN_POINT ( 'NONE',  ( 3.664015375011269615, 9.898781429634349038, -3.281174020806442826 ) ) ;
#1596 = CARTESIAN_POINT ( 'NONE',  ( 4.488994940327767580, 10.27539594332785811, -1.296961579446591184 ) ) ;
#1597 = ORIENTED_EDGE ( 'NONE', *, *, #2271, .F. ) ;
#1598 = CARTESIAN_POINT ( 'NONE',  ( 9.739860177897254445, -7.654006135341404615, -4.195116001782190907 ) ) ;
#1599 = CARTESIAN_POINT ( 'NONE',  ( 3.826816413921114268, 9.876533988523211960, 2.687149055677408249 ) ) ;
#1600 = ORIENTED_EDGE ( 'NONE', *, *, #2133, .T. ) ;
#1601 =( LENGTH_UNIT ( ) NAMED_UNIT ( * ) SI_UNIT ( .MILLI., .METRE. ) );
#1602 = EDGE_CURVE ( 'NONE', #1612, #2014, #1656, .T. ) ;
#1603 = CARTESIAN_POINT ( 'NONE',  ( 3.794201238565257484, 7.400466249773476335, -3.452709055874161326 ) ) ;
#1604 = CARTESIAN_POINT ( 'NONE',  ( 4.716666666666666785, -8.004801739344850731, -3.749768870255572928 ) ) ;
#1605 = DIRECTION ( 'NONE',  ( -0.1253332335643046469, -0.9921147013144777649, 1.997510010795496743E-16 ) ) ;
#1606 = ADVANCED_FACE ( 'NONE', ( #2403 ), #1483, .F. ) ;
#1607 = AXIS2_PLACEMENT_3D ( 'NONE', #1382, #1940, #1208 ) ;
#1608 = AXIS2_PLACEMENT_3D ( 'NONE', #438, #1375, #2112 ) ;
#1609 = LINE ( 'NONE', #319, #469 ) ;
#1610 = CARTESIAN_POINT ( 'NONE',  ( 5.850604497521763037, 10.93066728465200832, -1.297633514882168049 ) ) ;
#1611 = AXIS2_PLACEMENT_3D ( 'NONE', #712, #1463, #2382 ) ;
#1612 = VERTEX_POINT ( 'NONE', #165 ) ;
#1613 = CARTESIAN_POINT ( 'NONE',  ( 4.164871650214756471, 10.09039944130288724, 8.130768337450724400E-07 ) ) ;
#1614 = FACE_OUTER_BOUND ( 'NONE', #1777, .T. ) ;
#1615 = EDGE_LOOP ( 'NONE', ( #904, #959, #1905, #1574, #89, #1813, #1257 ) ) ;
#1616 = DIRECTION ( 'NONE',  ( 3.132139609402578401E-15, -1.000000000000000000, 0.000000000000000000 ) ) ;
#1617 = CARTESIAN_POINT ( 'NONE',  ( 3.764894618909044421, 9.510007233962934237, 3.525150043097291519 ) ) ;
#1618 = DIRECTION ( 'NONE',  ( 0.9921147013144778759, -0.1253332335643046747, -5.869410855088415923E-17 ) ) ;
#1619 = CARTESIAN_POINT ( 'NONE',  ( 5.204170427930421283E-15, -8.197559156678879688, 2.865453831022407805 ) ) ;
#1620 = ORIENTED_EDGE ( 'NONE', *, *, #1528, .F. ) ;
#1621 = EDGE_CURVE ( 'NONE', #644, #1647, #1962, .T. ) ;
#1622 = CARTESIAN_POINT ( 'NONE',  ( 3.469446951953614189E-15, 6.685327738914944362, 4.136299408769013475 ) ) ;
#1623 = CARTESIAN_POINT ( 'NONE',  ( 3.678000912597702232, 9.233900291368355440, -3.814128688977034720 ) ) ;
#1624 = VERTEX_POINT ( 'NONE', #1575 ) ;
#1625 = UNCERTAINTY_MEASURE_WITH_UNIT (LENGTH_MEASURE( 1.000000000000000082E-05 ), #1800, 'distance_accuracy_value', 'NONE');
#1626 = CARTESIAN_POINT ( 'NONE',  ( 4.480337148461425834, 10.22506611252135045, 1.875974257758634911 ) ) ;
#1627 = DIRECTION ( 'NONE',  ( -0.1772479587227140385, -0.6903352207861935819, 0.7014416897153379349 ) ) ;
#1628 = DIRECTION ( 'NONE',  ( 0.000000000000000000, 0.000000000000000000, -1.000000000000000000 ) ) ;
#1629 = CARTESIAN_POINT ( 'NONE',  ( 4.438489592726906352, 10.23994932561342708, -1.418613721265638228 ) ) ;
#1630 = DIRECTION ( 'NONE',  ( 1.000000000000000000, 7.885106708985487062E-16, -0.000000000000000000 ) ) ;
#1631 = DIRECTION ( 'NONE',  ( 0.000000000000000000, 0.000000000000000000, 1.000000000000000000 ) ) ;
#1632 = CARTESIAN_POINT ( 'NONE',  ( 5.199999999999996625, -11.24699999999999278, 0.000000000000000000 ) ) ;
#1633 = CARTESIAN_POINT ( 'NONE',  ( 9.739859712763077937, -7.433558726274056561, 4.240001046483274472 ) ) ;
#1634 = EDGE_LOOP ( 'NONE', ( #414, #1875, #243, #396 ) ) ;
#1635 = CARTESIAN_POINT ( 'NONE',  ( 3.486638925972322500, 9.878634812203998194, -2.074392045133768736 ) ) ;
#1636 = EDGE_CURVE ( 'NONE', #2189, #420, #283, .T. ) ;
#1637 = ORIENTED_EDGE ( 'NONE', *, *, #1487, .F. ) ;
#1638 = CARTESIAN_POINT ( 'NONE',  ( 3.820779758911180046, 9.961060561412571346, 2.001289232607127211 ) ) ;
#1639 = EDGE_CURVE ( 'NONE', #1286, #369, #2364, .T. ) ;
#1640 = CARTESIAN_POINT ( 'NONE',  ( 8.199999999999999289, 6.261999999999995126, -1.734723475976807094E-15 ) ) ;
#1641 = CARTESIAN_POINT ( 'NONE',  ( 12.19332750557111034, 6.685327738914943474, 4.136299408769012587 ) ) ;
#1642 = CARTESIAN_POINT ( 'NONE',  ( 8.199999999999999289, 6.261999999999995126, 4.834999999999995524 ) ) ;
#1643 = DIRECTION ( 'NONE',  ( 0.000000000000000000, 5.551115123125782702E-15, 1.000000000000000000 ) ) ;
#1644 = CARTESIAN_POINT ( 'NONE',  ( 6.519342280019709612, -7.456493241952262707, -4.239692479911666645 ) ) ;
#1645 = CARTESIAN_POINT ( 'NONE',  ( 4.549999999999999822, -7.988864279965498305, 3.791398607919267860 ) ) ;
#1646 = CARTESIAN_POINT ( 'NONE',  ( 3.129000115169290108, 9.831056248081390336, -2.111159828440576369 ) ) ;
#1647 = VERTEX_POINT ( 'NONE', #612 ) ;
#1648 = AXIS2_PLACEMENT_3D ( 'NONE', #1753, #820, #1577 ) ;
#1649 = B_SPLINE_CURVE_WITH_KNOTS ( 'NONE', 3,
 ( #201, #370, #1119, #2308 ),
 .UNSPECIFIED., .F., .F.,
 ( 4, 4 ),
 ( 0.000000000000000000, 1.000000000000000000 ),
 .UNSPECIFIED. ) ;
#1650 = CARTESIAN_POINT ( 'NONE',  ( 4.466373410970974511, 10.24535331290110562, -1.251750979217992832 ) ) ;
#1651 = COLOUR_RGB ( '',0.7921568627450980005, 0.8196078431372548767, 0.9333333333333333481 ) ;
#1652 = CARTESIAN_POINT ( 'NONE',  ( 8.199999999999999289, 6.261999999999995126, -3.006671916513725129E-15 ) ) ;
#1653 = VERTEX_POINT ( 'NONE', #819 ) ;
#1654 = EDGE_CURVE ( 'NONE', #634, #1013, #1457, .T. ) ;
#1655 = CIRCLE ( 'NONE', #1053, 4.834999999999999076 ) ;
#1656 = LINE ( 'NONE', #1641, #783 ) ;
#1657 = DIRECTION ( 'NONE',  ( -1.000000000000000000, -0.000000000000000000, -0.000000000000000000 ) ) ;
#1658 = CARTESIAN_POINT ( 'NONE',  ( 11.51518324079110478, 7.214152911575757443, -3.445238646236264351E-15 ) ) ;
#1659 = CARTESIAN_POINT ( 'NONE',  ( 8.773183814398544556, -8.076314903067254747, -3.532624858712605231 ) ) ;
#1660 = CARTESIAN_POINT ( 'NONE',  ( 9.739859712763072608, -7.429539432042854941, 4.240001866175330036 ) ) ;
#1661 = CARTESIAN_POINT ( 'NONE',  ( 2.999999999999996003, -11.56324837155469432, -4.314393433970611369 ) ) ;
#1662 = CARTESIAN_POINT ( 'NONE',  ( 4.775298733201383428, 10.35303086684331575, -2.619427056866862724 ) ) ;
#1663 = ORIENTED_EDGE ( 'NONE', *, *, #643, .T. ) ;
#1664 = CARTESIAN_POINT ( 'NONE',  ( 3.804134027184000288, 9.975258965021481572, 0.6673847638130366855 ) ) ;
#1665 = CARTESIAN_POINT ( 'NONE',  ( 2.369659184435112920, -5.453565245962376018, 3.889999834757437824 ) ) ;
#1666 = CARTESIAN_POINT ( 'NONE',  ( 4.800000000000000711, -8.160520512929434034, -3.099813681818027966 ) ) ;
#1667 = ORIENTED_EDGE ( 'NONE', *, *, #980, .F. ) ;
#1668 = DIRECTION ( 'NONE',  ( -1.000000000000000000, -3.154042683594194036E-15, -0.000000000000000000 ) ) ;
#1669 = CARTESIAN_POINT ( 'NONE',  ( 8.331565160862163921, 7.303445485448104790, -3.216355109407060351E-15 ) ) ;
#1670 = EDGE_CURVE ( 'NONE', #2326, #1299, #1181, .T. ) ;
#1671 = DIRECTION ( 'NONE',  ( 0.6129070536529747093, -0.7901550123756916344, 9.974228524012180471E-17 ) ) ;
#1672 = DIRECTION ( 'NONE',  ( 1.000000000000000000, 0.000000000000000000, 0.000000000000000000 ) ) ;
#1673 = CARTESIAN_POINT ( 'NONE',  ( 9.739859712763074384, -7.498034235678278314, 4.236694738952440531 ) ) ;
#1674 = ADVANCED_FACE ( 'NONE', ( #1987 ), #1389, .T. ) ;
#1675 = CARTESIAN_POINT ( 'NONE',  ( 9.095411848373366581, -8.183004833790150201, -2.956047399023604694 ) ) ;
#1676 = CARTESIAN_POINT ( 'NONE',  ( 2.869895322918753600, 9.817317909183783442, 3.394392295507852264 ) ) ;
#1677 = ORIENTED_EDGE ( 'NONE', *, *, #720, .F. ) ;
#1678 = CARTESIAN_POINT ( 'NONE',  ( 1.150000000000000355, -8.004852218486384174, -3.749787389796943149 ) ) ;
#1679 =( NAMED_UNIT ( * ) PLANE_ANGLE_UNIT ( ) SI_UNIT ( $, .RADIAN. ) );
#1680 = VERTEX_POINT ( 'NONE', #2173 ) ;
#1681 = DIRECTION ( 'NONE',  ( 0.000000000000000000, 0.000000000000000000, 1.000000000000000000 ) ) ;
#1682 = DIRECTION ( 'NONE',  ( 0.9921147013144777649, -0.1253332335643047857, -5.869410855088402365E-17 ) ) ;
#1683 = EDGE_CURVE ( 'NONE', #1494, #918, #1751, .T. ) ;
#1684 = DIRECTION ( 'NONE',  ( 0.000000000000000000, 0.000000000000000000, -1.000000000000000000 ) ) ;
#1685 = EDGE_CURVE ( 'NONE', #1560, #2113, #762, .T. ) ;
#1686 = CARTESIAN_POINT ( 'NONE',  ( 4.312802286942003072, -7.439465818595849100, -4.239998665935290845 ) ) ;
#1687 = CARTESIAN_POINT ( 'NONE',  ( 4.379077079731039213, 10.12952950572145028, -2.962785434138467178 ) ) ;
#1688 = VERTEX_POINT ( 'NONE', #1000 ) ;
#1689 = CARTESIAN_POINT ( 'NONE',  ( 8.370471688924231657, 7.611422367315397786, -3.259195600062325328E-15 ) ) ;
#1690 = CARTESIAN_POINT ( 'NONE',  ( 11.81763523617000011, 1.187703392925882451, 0.4072856740061159275 ) ) ;
#1691 = CIRCLE ( 'NONE', #1414, 3.635000000000013110 ) ;
#1692 = ORIENTED_EDGE ( 'NONE', *, *, #1060, .F. ) ;
#1693 = AXIS2_PLACEMENT_3D ( 'NONE', #1917, #1700, #22 ) ;
#1694 = DIRECTION ( 'NONE',  ( 1.000000000000000000, -0.000000000000000000, -0.000000000000000000 ) ) ;
#1695 = CIRCLE ( 'NONE', #898, 1.800000000000006484 ) ;
#1696 = CARTESIAN_POINT ( 'NONE',  ( 3.691250182866354645, 7.083632219228051419, 3.731586800633745593 ) ) ;
#1697 = AXIS2_PLACEMENT_3D ( 'NONE', #346, #2048, #2020 ) ;
#1698 = AXIS2_PLACEMENT_3D ( 'NONE', #2427, #727, #499 ) ;
#1699 = AXIS2_PLACEMENT_3D ( 'NONE', #1184, #1939, #1754 ) ;
#1700 = DIRECTION ( 'NONE',  ( 0.000000000000000000, -1.000000000000000000, 0.000000000000000000 ) ) ;
#1701 = CARTESIAN_POINT ( 'NONE',  ( 8.199999999999999289, -8.160520512929466008, -3.099813681817995104 ) ) ;
#1702 = CARTESIAN_POINT ( 'NONE',  ( 3.198046551416388716, 9.837815734774126852, 2.107005225469882781 ) ) ;
#1703 = ADVANCED_FACE ( 'NONE', ( #2340 ), #1377, .F. ) ;
#1704 = ORIENTED_EDGE ( 'NONE', *, *, #1788, .T. ) ;
#1705 = DIRECTION ( 'NONE',  ( 1.000000000000000000, 0.000000000000000000, 0.000000000000000000 ) ) ;
#1706 = EDGE_LOOP ( 'NONE', ( #605, #661, #379, #2192 ) ) ;
#1707 = B_SPLINE_CURVE_WITH_KNOTS ( 'NONE', 3,
 ( #1323, #2256, #2267, #2276 ),
 .UNSPECIFIED., .F., .F.,
 ( 4, 4 ),
 ( 0.000000000000000000, 1.000000000000000000 ),
 .UNSPECIFIED. ) ;
#1708 = CARTESIAN_POINT ( 'NONE',  ( 9.263509031983824471, -8.156694457141712817, 3.144130031567754724 ) ) ;
#1709 = CARTESIAN_POINT ( 'NONE',  ( 3.485082399673298248, 9.229045867223554467, 3.816578424633921163 ) ) ;
#1710 = ORIENTED_EDGE ( 'NONE', *, *, #1545, .F. ) ;
#1711 = CARTESIAN_POINT ( 'NONE',  ( 9.681769560534050356, -8.219516316934457834, -2.680618182138226224 ) ) ;
#1712 = CARTESIAN_POINT ( 'NONE',  ( 3.806466516897192953, 7.520732269895129996, 3.410105287630369908 ) ) ;
#1713 = ORIENTED_EDGE ( 'NONE', *, *, #18, .F. ) ;
#1714 = FACE_OUTER_BOUND ( 'NONE', #2361, .T. ) ;
#1715 = ADVANCED_FACE ( 'NONE', ( #2316 ), #1230, .F. ) ;
#1716 = CARTESIAN_POINT ( 'NONE',  ( 4.257909258724501989, 10.13404407827996856, 1.690464683201545748 ) ) ;
#1717 = ORIENTED_EDGE ( 'NONE', *, *, #1925, .F. ) ;
#1718 = ADVANCED_FACE ( 'NONE', ( #2043 ), #1919, .F. ) ;
#1719 = ORIENTED_EDGE ( 'NONE', *, *, #1405, .F. ) ;
#1720 = CARTESIAN_POINT ( 'NONE',  ( 9.256183701242312267, -4.676176745325111739, -3.484558444326569138 ) ) ;
#1721 = VERTEX_POINT ( 'NONE', #1243 ) ;
#1722 = CARTESIAN_POINT ( 'NONE',  ( 5.199999999999995737, -10.01204182537921206, -3.051952048756092939 ) ) ;
#1723 = CARTESIAN_POINT ( 'NONE',  ( 3.279922478545918008, 9.151200121251225283, -3.876824525123507836 ) ) ;
#1724 = ORIENTED_EDGE ( 'NONE', *, *, #1654, .T. ) ;
#1725 = AXIS2_PLACEMENT_3D ( 'NONE', #965, #1726, #2104 ) ;
#1726 = DIRECTION ( 'NONE',  ( 1.000000000000000000, 0.000000000000000000, 0.000000000000000000 ) ) ;
#1727 = EDGE_CURVE ( 'NONE', #1360, #2449, #275, .T. ) ;
#1728 = VECTOR ( 'NONE', #561, 1000.000000000000000 ) ;
#1729 = CARTESIAN_POINT ( 'NONE',  ( 6.534731522651116009, -7.461965857286313231, 4.239533528714485300 ) ) ;
#1730 = CARTESIAN_POINT ( 'NONE',  ( 0.5288504660720558803, 9.133432793151635920, -3.889999834757499553 ) ) ;
#1731 = CIRCLE ( 'NONE', #897, 2.332809465001379312 ) ;
#1732 = VECTOR ( 'NONE', #2209, 1000.000000000000000 ) ;
#1733 = EDGE_LOOP ( 'NONE', ( #1049, #2389, #1269, #2008, #23 ) ) ;
#1734 = AXIS2_PLACEMENT_3D ( 'NONE', #1949, #257, #1789 ) ;
#1735 = CARTESIAN_POINT ( 'NONE',  ( 3.131325463136406029, 9.831268679504502117, 2.110944131230647614 ) ) ;
#1736 = ORIENTED_EDGE ( 'NONE', *, *, #1804, .F. ) ;
#1737 = FACE_OUTER_BOUND ( 'NONE', #1961, .T. ) ;
#1738 = ORIENTED_EDGE ( 'NONE', *, *, #980, .T. ) ;
#1739 = CARTESIAN_POINT ( 'NONE',  ( 3.826816413921113380, 9.680203446471326245, 3.249999856789998365 ) ) ;
#1740 = FACE_OUTER_BOUND ( 'NONE', #495, .T. ) ;
#1741 = EDGE_CURVE ( 'NONE', #1986, #2326, #392, .T. ) ;
#1742 = CARTESIAN_POINT ( 'NONE',  ( 4.649999999999984368, -10.94253660982948340, 1.212353926890112232 ) ) ;
#1743 = ORIENTED_EDGE ( 'NONE', *, *, #2198, .F. ) ;
#1744 = CARTESIAN_POINT ( 'NONE',  ( 3.826816413921111604, 9.963310015786118967, -1.976813042437378209 ) ) ;
#1745 = CARTESIAN_POINT ( 'NONE',  ( 4.273373207075785274, 10.14100289579914360, 1.677626512191239927 ) ) ;
#1746 = EDGE_CURVE ( 'NONE', #1013, #2159, #629, .T. ) ;
#1747 = ORIENTED_EDGE ( 'NONE', *, *, #2167, .F. ) ;
#1748 = CARTESIAN_POINT ( 'NONE',  ( 4.349007087635180291, 9.510672290227368819, 3.580978347848272403 ) ) ;
#1749 = CARTESIAN_POINT ( 'NONE',  ( 5.199999999999996625, -11.24699999999999278, 0.000000000000000000 ) ) ;
#1750 = EDGE_LOOP ( 'NONE', ( #726, #434, #1022, #1798, #231 ) ) ;
#1751 = LINE ( 'NONE', #2160, #2219 ) ;
#1752 = CARTESIAN_POINT ( 'NONE',  ( -2.566124114330076527E-17, -8.004887692775561447, -3.749742323196613381 ) ) ;
#1753 = CARTESIAN_POINT ( 'NONE',  ( 8.199999999999999289, -6.261999999999995126, 0.000000000000000000 ) ) ;
#1754 = DIRECTION ( 'NONE',  ( 1.000000000000000000, 0.000000000000000000, 0.000000000000000000 ) ) ;
#1755 = CARTESIAN_POINT ( 'NONE',  ( 4.549999999999999822, -8.004898343558330964, 3.749737406610174961 ) ) ;
#1756 = VERTEX_POINT ( 'NONE', #1050 ) ;
#1757 = CARTESIAN_POINT ( 'NONE',  ( 3.417278772775244722, 9.186490739554283635, -3.850370390939134246 ) ) ;
#1758 = EDGE_LOOP ( 'NONE', ( #476, #1369, #407, #1435, #962, #529 ) ) ;
#1759 = CARTESIAN_POINT ( 'NONE',  ( 4.908252072766768670, 9.873006561550466742, 3.218668525181576978 ) ) ;
#1760 = CARTESIAN_POINT ( 'NONE',  ( 3.307490120904083231, 9.155727932258480806, 3.873443553360723435 ) ) ;
#1761 = CARTESIAN_POINT ( 'NONE',  ( 4.656866230816558705, 10.41663603488727929, 0.5014265797962565996 ) ) ;
#1762 = ORIENTED_EDGE ( 'NONE', *, *, #1927, .T. ) ;
#1763 = APPLICATION_CONTEXT ( 'automotive_design' ) ;
#1764 = CARTESIAN_POINT ( 'NONE',  ( 9.739860177897257998, -7.572117316024989719, -4.222736032671051909 ) ) ;
#1765 = LINE ( 'NONE', #1391, #1214 ) ;
#1766 = CARTESIAN_POINT ( 'NONE',  ( 1.214306433183764966E-14, 6.501949946821460102, 4.239999999999997549 ) ) ;
#1767 = LINE ( 'NONE', #992, #1967 ) ;
#1768 = DIRECTION ( 'NONE',  ( 0.000000000000000000, 0.000000000000000000, -1.000000000000000000 ) ) ;
#1769 = VECTOR ( 'NONE', #692, 1000.000000000000000 ) ;
#1770 = CARTESIAN_POINT ( 'NONE',  ( 3.826816413920990811, 9.663993478176017504, -3.283136518710163099 ) ) ;
#1771 = VECTOR ( 'NONE', #1203, 1000.000000000000114 ) ;
#1772 = ORIENTED_EDGE ( 'NONE', *, *, #205, .T. ) ;
#1773 = VECTOR ( 'NONE', #1411, 1000.000000000000000 ) ;
#1774 = CARTESIAN_POINT ( 'NONE',  ( 5.868971622301918600, 10.95864429238848459, 1.185019413577208969 ) ) ;
#1775 = CARTESIAN_POINT ( 'NONE',  ( 3.225374383021617497, 9.839555015796127790, -3.361798346032050855 ) ) ;
#1776 = EDGE_CURVE ( 'NONE', #2159, #1550, #1300, .T. ) ;
#1777 = EDGE_LOOP ( 'NONE', ( #307, #974, #1250 ) ) ;
#1778 = DIRECTION ( 'NONE',  ( 0.7071067811865506814, 0.000000000000000000, -0.7071067811865443531 ) ) ;
#1779 = EDGE_CURVE ( 'NONE', #170, #597, #2221, .T. ) ;
#1780 = CARTESIAN_POINT ( 'NONE',  ( 3.183139202850981953, -10.84041034405852777, -1.565015315981578503 ) ) ;
#1781 = CARTESIAN_POINT ( 'NONE',  ( 1.387778780781445676E-14, 6.551632241205777696, 4.226060871844071087 ) ) ;
#1782 = CARTESIAN_POINT ( 'NONE',  ( 3.722476204325599447, 9.448201355010652946, 3.602796272613743689 ) ) ;
#1783 = CARTESIAN_POINT ( 'NONE',  ( 8.199999999999999289, 6.261999999999995126, -1.734723475976807094E-15 ) ) ;
#1784 = CARTESIAN_POINT ( 'NONE',  ( 11.34397168453117999, 0.6134733779283878530, -1.832700708927192501 ) ) ;
#1785 = CARTESIAN_POINT ( 'NONE',  ( 4.176916242622941589, 9.424436539227421861, -3.657483330215868911 ) ) ;
#1786 = CARTESIAN_POINT ( 'NONE',  ( 3.457296002464973483, 9.183765892958515309, -3.852358766601815088 ) ) ;
#1787 = ORIENTED_EDGE ( 'NONE', *, *, #2244, .T. ) ;
#1788 = EDGE_CURVE ( 'NONE', #37, #1282, #2001, .T. ) ;
#1789 = DIRECTION ( 'NONE',  ( 0.000000000000000000, 0.000000000000000000, -1.000000000000000000 ) ) ;
#1790 = DIRECTION ( 'NONE',  ( 0.000000000000000000, 0.000000000000000000, 1.000000000000000000 ) ) ;
#1791 = CARTESIAN_POINT ( 'NONE',  ( 8.349201933877505866, 7.443054919391957291, -3.225296731083409306E-15 ) ) ;
#1792 = EDGE_CURVE ( 'NONE', #2250, #1560, #1177, .T. ) ;
#1793 = CARTESIAN_POINT ( 'NONE',  ( 8.236328234351217858, 6.549567585608880194, -3.045403227702599158E-15 ) ) ;
#1794 = LINE ( 'NONE', #276, #2330 ) ;
#1795 = CARTESIAN_POINT ( 'NONE',  ( 11.25721275998578896, 0.4936253676705310012, -1.972515432256030321 ) ) ;
#1796 = VERTEX_POINT ( 'NONE', #2440 ) ;
#1797 = CARTESIAN_POINT ( 'NONE',  ( 3.212272003534672127, 9.838396140876055185, -3.363434255105599568 ) ) ;
#1798 = ORIENTED_EDGE ( 'NONE', *, *, #1869, .T. ) ;
#1799 = CARTESIAN_POINT ( 'NONE',  ( 3.469446951953614189E-15, -7.933346757636295266, -3.916385873062883771 ) ) ;
#1800 =( LENGTH_UNIT ( ) NAMED_UNIT ( * ) SI_UNIT ( .MILLI., .METRE. ) );
#1801 = DIRECTION ( 'NONE',  ( -0.000000000000000000, 1.000000000000000000, 0.000000000000000000 ) ) ;
#1802 = VERTEX_POINT ( 'NONE', #738 ) ;
#1803 = CARTESIAN_POINT ( 'NONE',  ( 0.000000000000000000, 9.133432793151635920, -3.889999834757499553 ) ) ;
#1804 = EDGE_CURVE ( 'NONE', #659, #1986, #33, .T. ) ;
#1805 = CARTESIAN_POINT ( 'NONE',  ( 4.549999999999999822, -7.988864279965498305, 3.791398607919267860 ) ) ;
#1806 = CARTESIAN_POINT ( 'NONE',  ( 9.739859712763072608, -8.221202697780055857, 2.666493658414983425 ) ) ;
#1807 = CIRCLE ( 'NONE', #505, 1.249999999999999334 ) ;
#1808 = CARTESIAN_POINT ( 'NONE',  ( 11.50428700426665074, 0.8232937722383353307, -1.524807278009449041 ) ) ;
#1809 = AXIS2_PLACEMENT_3D ( 'NONE', #1083, #151, #137 ) ;
#1810 = CARTESIAN_POINT ( 'NONE',  ( 3.697926686447938316, 9.226049814315423703, 3.820681098355166672 ) ) ;
#1811 = CARTESIAN_POINT ( 'NONE',  ( 5.952404900255220177, 11.09668724416744290, -0.3343447090543613109 ) ) ;
#1812 = AXIS2_PLACEMENT_3D ( 'NONE', #2212, #1262, #547 ) ;
#1813 = ORIENTED_EDGE ( 'NONE', *, *, #1746, .F. ) ;
#1814 = CARTESIAN_POINT ( 'NONE',  ( 9.739860177897256222, -8.221203369878768541, -2.666491803794006188 ) ) ;
#1815 = CARTESIAN_POINT ( 'NONE',  ( 3.826816413921113380, -5.453565245962376018, 3.249999856790003250 ) ) ;
#1816 = PLANE ( 'NONE',  #1852 ) ;
#1817 = CARTESIAN_POINT ( 'NONE',  ( 8.199999999999999289, 6.261999999999995126, -4.835000000000001741 ) ) ;
#1818 = CYLINDRICAL_SURFACE ( 'NONE', #515, 1.249999999999999334 ) ;
#1819 = CARTESIAN_POINT ( 'NONE',  ( 1.734723475976807094E-15, -8.112610569266891503, 3.368346501491251033 ) ) ;
#1820 = EDGE_CURVE ( 'NONE', #2046, #2165, #2270, .T. ) ;
#1821 = CARTESIAN_POINT ( 'NONE',  ( 3.826816413921113380, 8.697426056467001843, 1.721469931994971336 ) ) ;
#1822 = CARTESIAN_POINT ( 'NONE',  ( 3.469446951953614189E-15, -7.572313382611827848, 4.222681720192034582 ) ) ;
#1823 = ORIENTED_EDGE ( 'NONE', *, *, #1792, .F. ) ;
#1824 = CARTESIAN_POINT ( 'NONE',  ( 9.485452578204993657, -7.984640747047657250, -2.938155513489955517 ) ) ;
#1825 = CARTESIAN_POINT ( 'NONE',  ( 5.385539420583729253, 10.96368652787434250, 1.144909739318689335 ) ) ;
#1826 = ORIENTED_EDGE ( 'NONE', *, *, #1988, .T. ) ;
#1827 = CARTESIAN_POINT ( 'NONE',  ( 0.000000000000000000, -8.112601111087922590, -3.368395131418798982 ) ) ;
#1828 = CARTESIAN_POINT ( 'NONE',  ( 9.456333195255750113, -8.203728313465012079, 2.807398142320925327 ) ) ;
#1829 = DIRECTION ( 'NONE',  ( 0.000000000000000000, 1.000000000000000000, -1.838806884535415520E-16 ) ) ;
#1830 = CARTESIAN_POINT ( 'NONE',  ( 2.999999999999995559, -10.01204182537921206, -3.051952048756092939 ) ) ;
#1831 = B_SPLINE_CURVE_WITH_KNOTS ( 'NONE', 3,
 ( #1420, #1603, #631, #1981 ),
 .UNSPECIFIED., .F., .F.,
 ( 4, 4 ),
 ( 0.001093451530829302014, 0.001284337325997551198 ),
 .UNSPECIFIED. ) ;
#1832 = DIRECTION ( 'NONE',  ( 0.000000000000000000, -1.793922932757814914E-16, -1.000000000000000000 ) ) ;
#1833 = CARTESIAN_POINT ( 'NONE',  ( 1.734723475976807094E-15, -7.816042672339779784, 4.085706927106614650 ) ) ;
#1834 = VERTEX_POINT ( 'NONE', #919 ) ;
#1835 = CARTESIAN_POINT ( 'NONE',  ( 4.015107296248340063, 9.338002652395417158, 3.735867451622282953 ) ) ;
#1836 = CARTESIAN_POINT ( 'NONE',  ( 5.448566297076032683, 11.06455655161839502, 0.5823076821883818033 ) ) ;
#1837 = ORIENTED_EDGE ( 'NONE', *, *, #1670, .T. ) ;
#1838 = CARTESIAN_POINT ( 'NONE',  ( 4.459922719493487620, 10.25527520908190837, 7.791566003486078427E-07 ) ) ;
#1839 = CARTESIAN_POINT ( 'NONE',  ( 8.941392318733830891, -6.261999999999996014, 3.558589949646132844 ) ) ;
#1840 = CARTESIAN_POINT ( 'NONE',  ( 3.806466516897430985, 7.520732269895130884, -3.410105287630376125 ) ) ;
#1841 = EDGE_LOOP ( 'NONE', ( #1149, #1772, #2313, #1704, #186, #1663, #954 ) ) ;
#1842 = DIRECTION ( 'NONE',  ( 9.891071923208054885E-17, 0.7127268452424732059, 0.7014416897153402664 ) ) ;
#1843 = CARTESIAN_POINT ( 'NONE',  ( 8.199999999999999289, 6.897426056467002908, 1.721469931994971780 ) ) ;
#1844 = DIRECTION ( 'NONE',  ( 0.000000000000000000, -1.000000000000000000, 0.000000000000000000 ) ) ;
#1845 = FACE_OUTER_BOUND ( 'NONE', #1970, .T. ) ;
#1846 = DIRECTION ( 'NONE',  ( -0.1253332335643046469, -0.9921147013144777649, 1.997510010795496743E-16 ) ) ;
#1847 = CARTESIAN_POINT ( 'NONE',  ( 8.922844584077846974, -6.361225539710326338, -3.562454162213033015 ) ) ;
#1848 = CARTESIAN_POINT ( 'NONE',  ( 4.517026025539226275, 10.19747382740745678, -2.864493082757106901 ) ) ;
#1849 = ORIENTED_EDGE ( 'NONE', *, *, #1005, .F. ) ;
#1850 = CARTESIAN_POINT ( 'NONE',  ( 4.182916667622550655, 10.06765538441685948, -1.958056944326416193 ) ) ;
#1851 = EDGE_CURVE ( 'NONE', #714, #813, #1655, .T. ) ;
#1852 = AXIS2_PLACEMENT_3D ( 'NONE', #123, #1842, #1274 ) ;
#1853 = DIRECTION ( 'NONE',  ( 1.000000000000000000, 1.611106381621998970E-16, 3.047132772948901760E-16 ) ) ;
#1854 = CIRCLE ( 'NONE', #787, 2.000000000000000000 ) ;
#1855 = EDGE_CURVE ( 'NONE', #2441, #1494, #670, .T. ) ;
#1856 = B_SPLINE_CURVE_WITH_KNOTS ( 'NONE', 3,
 ( #1931, #214, #1720, #2301, #2117, #2180, #1406, #1033, #1956, #96, #1238, #2166, #1993, #1795, #1784, #1808, #85, #845, #1421, #263, #1944, #657 ),
 .UNSPECIFIED., .F., .F.,
 ( 4, 2, 2, 2, 2, 2, 2, 2, 2, 2, 4 ),
 ( 2.602085213965210642E-18, 0.002423440869037454641, 0.003635161303556181094, 0.004846881738074908415, 0.005452741955334271425, 0.006058602172593635302, 0.007270322607112360454, 0.007876182824371726066, 0.008482043041631089075, 0.009087903258890452085, 0.009693763476149818564 ),
 .UNSPECIFIED. ) ;
#1857 = DIRECTION ( 'NONE',  ( 0.000000000000000000, 0.000000000000000000, -1.000000000000000000 ) ) ;
#1858 = CARTESIAN_POINT ( 'NONE',  ( 0.000000000000000000, 6.261999999999994237, -4.240000000000002878 ) ) ;
#1859 = DIRECTION ( 'NONE',  ( 1.000000000000000000, -0.000000000000000000, -0.000000000000000000 ) ) ;
#1860 = DIRECTION ( 'NONE',  ( 0.000000000000000000, 0.000000000000000000, -1.000000000000000000 ) ) ;
#1861 = CARTESIAN_POINT ( 'NONE',  ( 4.475341332259879401, 10.26568751221589437, -1.331104678128806507 ) ) ;
#1862 = CARTESIAN_POINT ( 'NONE',  ( 8.199999999999999289, 6.261999999999995126, 4.834999999999995524 ) ) ;
#1863 = CARTESIAN_POINT ( 'NONE',  ( 5.467241335742190955, 11.09711981776778700, 0.1428881565108238161 ) ) ;
#1864 = ORIENTED_EDGE ( 'NONE', *, *, #1231, .T. ) ;
#1865 = DIRECTION ( 'NONE',  ( -1.000000000000000000, -7.885106708985487062E-16, 0.000000000000000000 ) ) ;
#1866 = ORIENTED_EDGE ( 'NONE', *, *, #1005, .T. ) ;
#1867 = CARTESIAN_POINT ( 'NONE',  ( 9.739859712763065502, -8.025223689753875789, 3.694365037995288592 ) ) ;
#1868 = LINE ( 'NONE', #2201, #1258 ) ;
#1869 = EDGE_CURVE ( 'NONE', #1653, #1117, #2130, .T. ) ;
#1870 = CARTESIAN_POINT ( 'NONE',  ( 5.199999999999996625, -11.37904556283231550, -2.322894168276850024 ) ) ;
#1871 = CARTESIAN_POINT ( 'NONE',  ( 5.199999999999996625, -11.24699999999999278, 0.000000000000000000 ) ) ;
#1872 = CARTESIAN_POINT ( 'NONE',  ( 0.000000000000000000, -7.701006382279930840, 4.168839511880602089 ) ) ;
#1873 = CARTESIAN_POINT ( 'NONE',  ( 8.199999999999999289, 7.320066030444984051, -3.477602805844624445 ) ) ;
#1874 = CARTESIAN_POINT ( 'NONE',  ( 3.103210676528228351, 9.828747979187188122, -2.111857353553007410 ) ) ;
#1875 = ORIENTED_EDGE ( 'NONE', *, *, #79, .T. ) ;
#1876 = UNCERTAINTY_MEASURE_WITH_UNIT (LENGTH_MEASURE( 1.000000000000000082E-05 ), #1601, 'distance_accuracy_value', 'NONE');
#1877 = DIRECTION ( 'NONE',  ( 1.000000000000000000, 0.000000000000000000, 0.000000000000000000 ) ) ;
#1878 = CARTESIAN_POINT ( 'NONE',  ( 4.185605903629309843, 10.09961672862056936, 1.758286942560006061 ) ) ;
#1879 = EDGE_LOOP ( 'NONE', ( #2455, #999, #920, #632, #1994, #877 ) ) ;
#1880 = CARTESIAN_POINT ( 'NONE',  ( 4.800000000000000711, -6.261999999999995126, 0.000000000000000000 ) ) ;
#1881 = CARTESIAN_POINT ( 'NONE',  ( 4.800000000000000711, -8.115039525372337081, 3.374964399672119253 ) ) ;
#1882 = CARTESIAN_POINT ( 'NONE',  ( 7.066743434999605888, -7.648073849488588927, 4.197428379588120428 ) ) ;
#1883 = EDGE_CURVE ( 'NONE', #2370, #2213, #2262, .T. ) ;
#1884 = PLANE ( 'NONE',  #194 ) ;
#1885 = CARTESIAN_POINT ( 'NONE',  ( -1.102691775682710453E-15, -7.439315778403673640, -4.239998916069978030 ) ) ;
#1886 = CARTESIAN_POINT ( 'NONE',  ( 4.541163697264897436, 10.31439420731515000, -1.146171486722322941 ) ) ;
#1887 = ORIENTED_EDGE ( 'NONE', *, *, #1621, .T. ) ;
#1888 = DIRECTION ( 'NONE',  ( 8.673617379884035472E-16, -1.000000000000000000, 0.000000000000000000 ) ) ;
#1889 = CARTESIAN_POINT ( 'NONE',  ( 10.23579324331201512, -1.433960219782928647, 3.012621406775109367 ) ) ;
#1890 = AXIS2_PLACEMENT_3D ( 'NONE', #801, #54, #1401 ) ;
#1891 = ORIENTED_EDGE ( 'NONE', *, *, #1820, .T. ) ;
#1892 = DIRECTION ( 'NONE',  ( 0.000000000000000000, 0.000000000000000000, 1.000000000000000000 ) ) ;
#1893 = CONICAL_SURFACE ( 'NONE', #2058, 1.800000000000007372, 0.7853981633974438381 ) ;
#1894 = CARTESIAN_POINT ( 'NONE',  ( 4.800000000000000711, -8.004898343558330964, 3.749737406610174961 ) ) ;
#1895 = CIRCLE ( 'NONE', #746, 1.250000000000000000 ) ;
#1896 = CARTESIAN_POINT ( 'NONE',  ( 8.505303857500102538, -8.030142863699026634, 3.700004513059197642 ) ) ;
#1897 = CARTESIAN_POINT ( 'NONE',  ( 5.016860797149006679, -10.84041034405852422, 1.565015315981586497 ) ) ;
#1898 = DIRECTION ( 'NONE',  ( 0.000000000000000000, -2.770238703252648603E-16, -1.000000000000000000 ) ) ;
#1899 = CARTESIAN_POINT ( 'NONE',  ( 3.487717549815273266, 9.878831212196960365, 2.074211394010087695 ) ) ;
#1900 = VERTEX_POINT ( 'NONE', #1722 ) ;
#1901 = EDGE_CURVE ( 'NONE', #2441, #2141, #26, .T. ) ;
#1902 = CARTESIAN_POINT ( 'NONE',  ( 9.487328521307961893, -7.987165772513746376, 2.935950881271993662 ) ) ;
#1903 = CARTESIAN_POINT ( 'NONE',  ( 8.537252245508643256, 6.630424692705357614, -4.186191817603964083 ) ) ;
#1904 = CARTESIAN_POINT ( 'NONE',  ( 3.826816413921113380, 7.848002865044890086, -3.249999856790001473 ) ) ;
#1905 = ORIENTED_EDGE ( 'NONE', *, *, #805, .F. ) ;
#1906 = CARTESIAN_POINT ( 'NONE',  ( 2.999999999999996003, -11.37904556283231550, -2.322894168276853133 ) ) ;
#1907 = LINE ( 'NONE', #1870, #2099 ) ;
#1908 = CARTESIAN_POINT ( 'NONE',  ( 4.510454220974004153E-19, 6.623355208187660104, -4.199268985520116182 ) ) ;
#1909 = CARTESIAN_POINT ( 'NONE',  ( 8.199999999999999289, 7.520732269895129107, 3.410105287630370352 ) ) ;
#1910 = ORIENTED_EDGE ( 'NONE', *, *, #2227, .T. ) ;
#1911 = CARTESIAN_POINT ( 'NONE',  ( 3.463907427698310837, 6.927727461226188765, -3.889999834757875696 ) ) ;
#1912 = ORIENTED_EDGE ( 'NONE', *, *, #977, .F. ) ;
#1913 = CARTESIAN_POINT ( 'NONE',  ( 3.826816413921113380, 7.744018249223786121, 3.314666804191550131 ) ) ;
#1914 = CARTESIAN_POINT ( 'NONE',  ( 2.968842594976603078, 9.100292684650865382, -3.914245730183224747 ) ) ;
#1915 = CARTESIAN_POINT ( 'NONE',  ( 4.154386235670002314, 10.08517414090925968, 1.785818276208860578 ) ) ;
#1916 = ORIENTED_EDGE ( 'NONE', *, *, #805, .T. ) ;
#1917 = CARTESIAN_POINT ( 'NONE',  ( 8.826816413921113380, 8.697426056467001843, -3.351174919903185945 ) ) ;
#1918 = EDGE_LOOP ( 'NONE', ( #1419, #426, #2385, #1188, #2273 ) ) ;
#1919 = B_SPLINE_SURFACE_WITH_KNOTS ( 'NONE', 3, 3, ( 
 ( #1638, #1090, #1626, #1452 ),
 ( #121, #101, #305, #1296 ),
 ( #1664, #333, #356, #849 ),
 ( #2374, #1613, #1838, #485 ),
 ( #888, #715, #2197, #2059 ),
 ( #2208, #162, #1650, #2235 ),
 ( #867, #1850, #905, #2386 ) ),
 .UNSPECIFIED., .F., .F., .F.,
 ( 4, 3, 4 ),
 ( 4, 4 ),
 ( 0.2381506302901117145, 0.4999998913398999156, 0.7618491523896880890 ),
 ( 0.1975998697768068801, 0.5356471954540449332 ),
 .UNSPECIFIED. ) ;
#1920 = CARTESIAN_POINT ( 'NONE',  ( 4.662436676696250615, 10.42310537995949282, -0.3847225831241721239 ) ) ;
#1921 = ORIENTED_EDGE ( 'NONE', *, *, #688, .F. ) ;
#1922 = CARTESIAN_POINT ( 'NONE',  ( 5.001314099726432261, 9.954193546336171039, -3.121960650551120153 ) ) ;
#1923 = DIRECTION ( 'NONE',  ( 1.000000000000000000, -0.000000000000000000, -0.000000000000000000 ) ) ;
#1924 = ORIENTED_EDGE ( 'NONE', *, *, #1331, .T. ) ;
#1925 = EDGE_CURVE ( 'NONE', #1526, #1900, #71, .T. ) ;
#1926 = DIRECTION ( 'NONE',  ( 1.000000000000000000, 7.885106708985487062E-16, 0.000000000000000000 ) ) ;
#1927 = EDGE_CURVE ( 'NONE', #369, #161, #557, .T. ) ;
#1928 = CONICAL_SURFACE ( 'NONE', #157, 1.800000000000007372, 0.7853981633974438381 ) ;
#1929 = CARTESIAN_POINT ( 'NONE',  ( 4.833612162887741093, -10.89649544561490124, 1.390105118094081105 ) ) ;
#1930 = AXIS2_PLACEMENT_3D ( 'NONE', #537, #924, #2081 ) ;
#1931 = CARTESIAN_POINT ( 'NONE',  ( 8.941392318733845102, -6.261999999999995126, -3.558589949646131068 ) ) ;
#1932 = ORIENTED_EDGE ( 'NONE', *, *, #444, .T. ) ;
#1933 = CARTESIAN_POINT ( 'NONE',  ( 3.057734182666371758, 9.114796091679528089, -3.903729038869100165 ) ) ;
#1934 = CARTESIAN_POINT ( 'NONE',  ( 9.739859712763086819, -8.080835588573656025, 3.508931858262291037 ) ) ;
#1935 = ORIENTED_EDGE ( 'NONE', *, *, #1152, .T. ) ;
#1936 = DIRECTION ( 'NONE',  ( 0.000000000000000000, 1.000000000000000000, -2.770238703252648603E-16 ) ) ;
#1937 = CARTESIAN_POINT ( 'NONE',  ( 4.550000000000000711, -10.34107349118408337, 0.7826457990990465241 ) ) ;
#1938 = FACE_OUTER_BOUND ( 'NONE', #1841, .T. ) ;
#1939 = DIRECTION ( 'NONE',  ( 0.000000000000000000, 0.000000000000000000, 1.000000000000000000 ) ) ;
#1940 = DIRECTION ( 'NONE',  ( -1.000000000000000000, -0.000000000000000000, -0.000000000000000000 ) ) ;
#1941 = ADVANCED_FACE ( 'NONE', ( #927 ), #354, .F. ) ;
#1942 = ORIENTED_EDGE ( 'NONE', *, *, #2167, .T. ) ;
#1943 = B_SPLINE_CURVE_WITH_KNOTS ( 'NONE', 3,
 ( #1873, #182, #2446, #1485 ),
 .UNSPECIFIED., .F., .F.,
 ( 4, 4 ),
 ( 2.007124489356206968E-07, 0.0003101869638518903920 ),
 .UNSPECIFIED. ) ;
#1944 = CARTESIAN_POINT ( 'NONE',  ( 11.83500000000000263, 1.206173682419506399, -0.2057031993233393308 ) ) ;
#1945 = ORIENTED_EDGE ( 'NONE', *, *, #1792, .T. ) ;
#1946 = CARTESIAN_POINT ( 'NONE',  ( 5.952236374574123801, 11.09640910504905698, -0.6296582884054934270 ) ) ;
#1947 = CARTESIAN_POINT ( 'NONE',  ( 3.854651284054930738, 9.289254021906046432, 3.771134876518623447 ) ) ;
#1948 = ORIENTED_EDGE ( 'NONE', *, *, #2445, .F. ) ;
#1949 = CARTESIAN_POINT ( 'NONE',  ( 8.199999999999999289, -6.261999999999995126, 0.000000000000000000 ) ) ;
#1950 = CARTESIAN_POINT ( 'NONE',  ( 4.550000000000000711, -9.958521453965946790, -1.893965188090204421 ) ) ;
#1951 = CARTESIAN_POINT ( 'NONE',  ( 3.826816413921113824, 9.785367744738044493, 3.010944373906584204 ) ) ;
#1952 = CARTESIAN_POINT ( 'NONE',  ( 4.649999999999984368, -12.49699999999999278, 0.000000000000000000 ) ) ;
#1953 = DIRECTION ( 'NONE',  ( -1.000000000000000000, -7.885106708985487062E-16, -0.000000000000000000 ) ) ;
#1954 = ORIENTED_EDGE ( 'NONE', *, *, #1077, .F. ) ;
#1955 = EDGE_CURVE ( 'NONE', #1680, #1202, #377, .T. ) ;
#1956 = CARTESIAN_POINT ( 'NONE',  ( 10.31562645148023094, -1.240627746068508674, -2.957543891663303892 ) ) ;
#1957 = ORIENTED_EDGE ( 'NONE', *, *, #2181, .F. ) ;
#1958 = EDGE_CURVE ( 'NONE', #366, #621, #759, .T. ) ;
#1959 = CARTESIAN_POINT ( 'NONE',  ( 5.164465313096499699, 10.10029960933881199, 2.940206000509391959 ) ) ;
#1960 = CARTESIAN_POINT ( 'NONE',  ( 4.201472800845515110, 9.430821107856093732, 3.652984801015074723 ) ) ;
#1961 = EDGE_LOOP ( 'NONE', ( #48, #1581, #1948, #1241 ) ) ;
#1962 = LINE ( 'NONE', #427, #1771 ) ;
#1963 = SURFACE_STYLE_FILL_AREA ( #1390 ) ;
#1964 = DIRECTION ( 'NONE',  ( -1.000000000000000000, -7.885106708985488048E-16, -1.182766006347823306E-15 ) ) ;
#1965 = CARTESIAN_POINT ( 'NONE',  ( 1.214306433183764966E-14, 6.685327738914947027, 4.136299408769011698 ) ) ;
#1966 = CARTESIAN_POINT ( 'NONE',  ( 3.690471919610799567, 9.410124390575550279, 3.645023173819703644 ) ) ;
#1967 = VECTOR ( 'NONE', #55, 1000.000000000000000 ) ;
#1968 = CARTESIAN_POINT ( 'NONE',  ( 3.721053974968027145, 9.447606979805328820, -3.602549819870171532 ) ) ;
#1969 = EDGE_CURVE ( 'NONE', #1653, #1756, #2345, .T. ) ;
#1970 = EDGE_LOOP ( 'NONE', ( #1364, #1103, #607, #701, #1456, #1593, #1787, #1538 ) ) ;
#1971 = AXIS2_PLACEMENT_3D ( 'NONE', #410, #1865, #1888 ) ;
#1972 = CARTESIAN_POINT ( 'NONE',  ( 4.622444474217212829, 9.670788801408770397, 3.429530173387000946 ) ) ;
#1973 = CARTESIAN_POINT ( 'NONE',  ( 3.335444792508275746, 9.850244139935169230, -3.346860521089557228 ) ) ;
#1974 = CARTESIAN_POINT ( 'NONE',  ( 4.513800670968310058, 10.29359640242186913, -1.228895234615025256 ) ) ;
#1975 = EDGE_CURVE ( 'NONE', #1423, #484, #494, .T. ) ;
#1976 = ORIENTED_EDGE ( 'NONE', *, *, #2118, .T. ) ;
#1977 = CARTESIAN_POINT ( 'NONE',  ( -2.566124114330076527E-17, -8.004887692775561447, -3.749742323196613381 ) ) ;
#1978 = CARTESIAN_POINT ( 'NONE',  ( 1.150000000000000355, -7.999779357828648685, 3.763722498739067390 ) ) ;
#1979 = B_SPLINE_CURVE_WITH_KNOTS ( 'NONE', 3,
 ( #1378, #800, #2148, #53, #1154, #2136, #428, #1937, #964, #232, #2307, #19, #1950, #975, #258, #1355, #245, #2317 ),
 .UNSPECIFIED., .F., .F.,
 ( 4, 2, 2, 2, 2, 2, 2, 2, 4 ),
 ( 0.000000000000000000, 0.1250000000000000833, 0.2500000000000001665, 0.3750000000000001665, 0.5000000000000002220, 0.6250000000000002220, 0.7500000000000001110, 0.8750000000000001110, 1.000000000000000000 ),
 .UNSPECIFIED. ) ;
#1980 = CYLINDRICAL_SURFACE ( 'NONE', #2142, 2.332809465001378868 ) ;
#1981 = CARTESIAN_POINT ( 'NONE',  ( 3.806466516897430985, 7.520732269895130884, -3.410105287630376125 ) ) ;
#1982 = ORIENTED_EDGE ( 'NONE', *, *, #2302, .T. ) ;
#1983 = CARTESIAN_POINT ( 'NONE',  ( 3.741371704077594451, 9.474746457290430968, -3.570047469125508410 ) ) ;
#1984 = DIRECTION ( 'NONE',  ( -1.000000000000000000, -0.000000000000000000, -0.000000000000000000 ) ) ;
#1985 = CARTESIAN_POINT ( 'NONE',  ( 3.257290423142281899, 9.147486065764663721, 3.879589660481620239 ) ) ;
#1986 = VERTEX_POINT ( 'NONE', #874 ) ;
#1987 = FACE_OUTER_BOUND ( 'NONE', #2041, .T. ) ;
#1988 = EDGE_CURVE ( 'NONE', #1624, #1153, #50, .T. ) ;
#1989 = DIRECTION ( 'NONE',  ( 0.000000000000000000, 0.000000000000000000, -1.000000000000000000 ) ) ;
#1990 = DIRECTION ( 'NONE',  ( -1.000000000000000000, -1.743146669235107496E-13, 1.772601417597194873E-13 ) ) ;
#1991 = CARTESIAN_POINT ( 'NONE',  ( 4.649999999999984368, -11.24699999999999278, 0.000000000000000000 ) ) ;
#1992 = EDGE_LOOP ( 'NONE', ( #2430, #672, #448, #376, #750, #1976, #572, #1448, #210, #297, #2110 ) ) ;
#1993 = CARTESIAN_POINT ( 'NONE',  ( 10.98800340794863573, 0.09289469827394344903, -2.353046952038786888 ) ) ;
#1994 = ORIENTED_EDGE ( 'NONE', *, *, #1426, .F. ) ;
#1995 = CARTESIAN_POINT ( 'NONE',  ( 3.216187139480630730, 9.838786675924668046, -3.362888635059694042 ) ) ;
#1996 = ORIENTED_EDGE ( 'NONE', *, *, #235, .T. ) ;
#1997 = CARTESIAN_POINT ( 'NONE',  ( 8.199999999999999289, -6.261999999999995126, 0.000000000000000000 ) ) ;
#1998 = CARTESIAN_POINT ( 'NONE',  ( 9.094153079524359029, -8.182944135663506202, 2.956453618083422441 ) ) ;
#1999 = ORIENTED_EDGE ( 'NONE', *, *, #2445, .T. ) ;
#2000 = PRODUCT_DEFINITION ( 'ๆ', '', #1017, #15 ) ;
#2001 = B_SPLINE_CURVE_WITH_KNOTS ( 'NONE', 3,
 ( #1502, #1913, #587, #391 ),
 .UNSPECIFIED., .F., .F.,
 ( 4, 4 ),
 ( 0.000000000000000000, 0.0003649026030917560163 ),
 .UNSPECIFIED. ) ;
#2002 = DIRECTION ( 'NONE',  ( 0.000000000000000000, 0.000000000000000000, 1.000000000000000000 ) ) ;
#2003 = EDGE_CURVE ( 'NONE', #2339, #420, #584, .T. ) ;
#2004 = CARTESIAN_POINT ( 'NONE',  ( 3.826816413921113380, -5.453565245962379571, -3.249999856789996588 ) ) ;
#2005 = CARTESIAN_POINT ( 'NONE',  ( 4.549999999999999822, -8.004801739344850731, -3.749768870255572928 ) ) ;
#2006 = CARTESIAN_POINT ( 'NONE',  ( 9.261400053263647791, -8.156345552388222231, -3.145757282423025991 ) ) ;
#2007 = B_SPLINE_CURVE_WITH_KNOTS ( 'NONE', 3,
 ( #1543, #946, #2310, #755, #1709, #979, #44, #569, #604, #1322, #10, #1357, #2126, #212, #419, #1169, #956, #822, #1966, #1782, #832, #1617, #70, #2152, #94, #249, #453, #1579, #642, #108, #2190 ),
 .UNSPECIFIED., .F., .F.,
 ( 4, 2, 2, 1, 1, 2, 2, 2, 2, 2, 2, 2, 2, 1, 2, 2, 4 ),
 ( 0.000000000000000000, 0.1250000000000215938, 0.1875000000000321687, 0.2187500000000372480, 0.2343750000000410227, 0.2421875000000422162, 0.2500000000000434652, 0.3750000000000314748, 0.4375000000000243139, 0.4687500000000210942, 0.5000000000000177636, 0.6250000000000087708, 0.6875000000000056621, 0.7187500000000033307, 0.7343750000000038858, 0.7500000000000043299, 1.000000000000000000 ),
 .UNSPECIFIED. ) ;
#2008 = ORIENTED_EDGE ( 'NONE', *, *, #1043, .F. ) ;
#2009 = CIRCLE ( 'NONE', #155, 3.410105287630375237 ) ;
#2010 = AXIS2_PLACEMENT_3D ( 'NONE', #710, #1447, #2214 ) ;
#2011 = CARTESIAN_POINT ( 'NONE',  ( 3.142551230300185239, 9.832309143735795232, -2.110354661197881398 ) ) ;
#2012 = CIRCLE ( 'NONE', #350, 3.480130300619083350 ) ;
#2013 = VECTOR ( 'NONE', #2072, 1000.000000000000000 ) ;
#2014 = VERTEX_POINT ( 'NONE', #1622 ) ;
#2015 = CIRCLE ( 'NONE', #72, 2.000000000000000000 ) ;
#2016 = DIRECTION ( 'NONE',  ( -7.228014483236719235E-16, 1.000000000000000000, 0.000000000000000000 ) ) ;
#2017 = ORIENTED_EDGE ( 'NONE', *, *, #2231, .T. ) ;
#2018 = CARTESIAN_POINT ( 'NONE',  ( 4.227663983977095974, 10.11988766363912973, -1.717764310910710357 ) ) ;
#2019 = FACE_OUTER_BOUND ( 'NONE', #1541, .T. ) ;
#2020 = DIRECTION ( 'NONE',  ( 0.000000000000000000, 0.000000000000000000, 1.000000000000000000 ) ) ;
#2021 = CARTESIAN_POINT ( 'NONE',  ( 3.826816413921113380, 8.697426056467001843, -3.351174919903185945 ) ) ;
#2022 = CARTESIAN_POINT ( 'NONE',  ( 6.509975136721846134, -7.453207360890049316, -4.239800374995334131 ) ) ;
#2023 = DIRECTION ( 'NONE',  ( -1.000000000000000000, 0.000000000000000000, 0.000000000000000000 ) ) ;
#2024 = EDGE_LOOP ( 'NONE', ( #304, #1349, #1106, #131 ) ) ;
#2025 = CARTESIAN_POINT ( 'NONE',  ( 4.105450758343788920, 10.06183709613497079, -1.831889837179655256 ) ) ;
#2026 = ORIENTED_EDGE ( 'NONE', *, *, #2402, .F. ) ;
#2027 = CARTESIAN_POINT ( 'NONE',  ( 9.739860177897254445, -8.112601111087922590, -3.368395131418799870 ) ) ;
#2028 = CARTESIAN_POINT ( 'NONE',  ( 11.34302198349453583, 0.6122243059567857859, 1.834498188801282348 ) ) ;
#2029 = CARTESIAN_POINT ( 'NONE',  ( 4.800000000000000711, -8.004837139158084369, -3.749776157497820339 ) ) ;
#2030 = EDGE_LOOP ( 'NONE', ( #1320, #1891, #2129, #1388, #1620, #445, #1490 ) ) ;
#2031 = CARTESIAN_POINT ( 'NONE',  ( 12.19332750557111034, 1.774822618610021774, -9.125807267023418490 ) ) ;
#2032 = CARTESIAN_POINT ( 'NONE',  ( 2.996990775272447285E-17, -7.573203635869536932, 4.239972567397992442 ) ) ;
#2033 = CARTESIAN_POINT ( 'NONE',  ( 0.5288504660687434189, 9.133432793153119178, 3.889999834756399544 ) ) ;
#2034 =( BOUNDED_CURVE ( )  B_SPLINE_CURVE ( 3, ( #1359, #1911, #2128, #1138 ),
 .UNSPECIFIED., .F., .F. ) 
 B_SPLINE_CURVE_WITH_KNOTS ( ( 4, 4 ),
 ( 3.141592653589793116, 4.358746386842206277 ),
 .UNSPECIFIED. ) 
 CURVE ( )  GEOMETRIC_REPRESENTATION_ITEM ( )  RATIONAL_B_SPLINE_CURVE ( ( 1.000000000000000000, 0.8803083029010432270, 0.8803083029010432270, 1.000000000000000000 ) ) 
 REPRESENTATION_ITEM ( '' )  );
#2035 = CARTESIAN_POINT ( 'NONE',  ( 2.999999999999997335, -13.04699999999999349, 0.000000000000000000 ) ) ;
#2036 = CARTESIAN_POINT ( 'NONE',  ( 9.739859712763074384, -7.436453137241000100, 4.240055411828601351 ) ) ;
#2037 = B_SPLINE_CURVE_WITH_KNOTS ( 'NONE', 3,
 ( #1101, #1686, #2093, #1885 ),
 .UNSPECIFIED., .F., .F.,
 ( 4, 4 ),
 ( -0.01706970037178548449, 0.4430443171335165520 ),
 .UNSPECIFIED. ) ;
#2038 = EDGE_CURVE ( 'NONE', #2196, #450, #1336, .T. ) ;
#2039 = CARTESIAN_POINT ( 'NONE',  ( 8.915230356343686324, -6.661461557198903094, -3.542889537808665334 ) ) ;
#2040 = CARTESIAN_POINT ( 'NONE',  ( 3.707272892349000593, 9.927775393605431375, -2.021986256475261978 ) ) ;
#2041 = EDGE_LOOP ( 'NONE', ( #2265, #2153, #86, #767 ) ) ;
#2042 = EDGE_CURVE ( 'NONE', #827, #1680, #1436, .T. ) ;
#2043 = FACE_OUTER_BOUND ( 'NONE', #422, .T. ) ;
#2044 = CARTESIAN_POINT ( 'NONE',  ( 11.57855101107013063, 0.9141274698333188287, 1.354483724365129982 ) ) ;
#2045 = CYLINDRICAL_SURFACE ( 'NONE', #1531, 1.249999999999999334 ) ;
#2046 = VERTEX_POINT ( 'NONE', #724 ) ;
#2047 = CARTESIAN_POINT ( 'NONE',  ( 5.199999999999993960, -11.56324837155469432, -4.314393433970611369 ) ) ;
#2048 = DIRECTION ( 'NONE',  ( -1.000000000000000000, -0.000000000000000000, -0.000000000000000000 ) ) ;
#2049 = CARTESIAN_POINT ( 'NONE',  ( 7.976227276880997863, 6.636519986782251301, -4.185892405180492659 ) ) ;
#2050 = CARTESIAN_POINT ( 'NONE',  ( 7.948851375313458867, -7.911742974286123165, -3.967712933159363242 ) ) ;
#2051 =( BOUNDED_SURFACE ( )  B_SPLINE_SURFACE ( 2, 3, ( 
 ( #1914, #1933, #985, #961, #1723, #941, #760, #1513, #1327, #27, #2097, #2305, #1786, #1623, #674, #1412, #1437, #2184, #1425, #1048, #2346, #1572, #496, #291, #1583, #266, #1610, #76, #1811, #648, #98, #2194, #1201, #474, #1398, #2170, #2337, #483, #88, #1024, #1240, #1010, #835, #846, #1960, #1947, #2158, #683, #118, #865, #1229, #2206, #255, #2372, #1760, #998, #1985, #636, #61, #1036 ),
 ( #815, #460, #1216, #1386, #449, #1797, #1995, #1775, #303, #2383, #826, #660, #1973, #280, #1595, #2356, #886, #1687, #1848, #1662, #331, #2437, #1489, #1500, #183, #2447, #1064, #725, #1075, #1863, #2268, #1836, #1114, #925, #1825, #2424, #2218, #517, #2053, #538, #696, #1102, #1292, #172, #713, #159, #1477, #2246, #1464, #736, #2257, #748, #2233, #903, #365, #353, #917, #1281, #142, #1676 ),
 ( #1306, #555, #875, #2070, #1874, #1646, #1268, #1251, #2011, #320, #1450, #130, #2411, #528, #1635, #2040, #2396, #341, #2025, #1088, #937, #596, #240, #225, #1886, #375, #13, #1920, #2288, #408, #191, #958, #982, #582, #949, #1147, #2312, #2094, #571, #47, #1745, #1337, #385, #968, #1159, #1899, #4, #204, #1702, #2109, #1546, #1537, #564, #1735, #769, #757, #1510, #421, #1523, #803 ) ),
 .UNSPECIFIED., .F., .F., .F. ) 
 B_SPLINE_SURFACE_WITH_KNOTS ( ( 3, 3 ),
 ( 4, 2, 2, 2, 2, 2, 2, 2, 2, 2, 2, 2, 2, 2, 2, 2, 2, 2, 2, 2, 2, 2, 2, 2, 2, 2, 2, 2, 2, 4 ),
 ( 0.000000000000000000, 1.000000000000000000 ),
 ( 0.01770995131386697563, 0.01797826389205523998, 0.01804534203660230346, 0.01806211157273907020, 0.01807888110887583694, 0.01811242018114937041, 0.01824657647024350432, 0.01878320162662002954, 0.01931982678299655476, 0.01985645193937308345, 0.02039307709574961214, 0.02066138967393787301, 0.02092970225212613736, 0.02146632740850266258, 0.02200295256487919127, 0.02227126514306745561, 0.02253957772125571996, 0.02280789029944398083, 0.02307620287763224518, 0.02361282803400877039, 0.02414945319038529908, 0.02468607834676182777, 0.02522270350313835299, 0.02575932865951487821, 0.02589348494860901212, 0.02592702402088254560, 0.02594379355701931233, 0.02596056309315607907, 0.02602764123770314256, 0.02629595381589140690 ),
 .UNSPECIFIED. ) 
 GEOMETRIC_REPRESENTATION_ITEM ( )  RATIONAL_B_SPLINE_SURFACE ( (
 ( 1.000000000000000000, 1.000000000000000000, 1.000000000000000000, 1.000000000000000000, 1.000000000000000000, 1.000000000000000000, 1.000000000000000000, 1.000000000000000000, 1.000000000000000000, 1.000000000000000000, 1.000000000000000000, 1.000000000000000000, 1.000000000000000000, 1.000000000000000000, 1.000000000000000000, 1.000000000000000000, 1.000000000000000000, 1.000000000000000000, 1.000000000000000000, 1.000000000000000000, 1.000000000000000000, 1.000000000000000000, 1.000000000000000000, 1.000000000000000000, 1.000000000000000000, 1.000000000000000000, 1.000000000000000000, 1.000000000000000000, 1.000000000000000000, 1.000000000000000000, 1.000000000000000000, 1.000000000000000000, 1.000000000000000000, 1.000000000000000000, 1.000000000000000000, 1.000000000000000000, 1.000000000000000000, 1.000000000000000000, 1.000000000000000000, 1.000000000000000000, 1.000000000000000000, 1.000000000000000000, 1.000000000000000000, 1.000000000000000000, 1.000000000000000000, 1.000000000000000000, 1.000000000000000000, 1.000000000000000000, 1.000000000000000000, 1.000000000000000000, 1.000000000000000000, 1.000000000000000000, 1.000000000000000000, 1.000000000000000000, 1.000000000000000000, 1.000000000000000000, 1.000000000000000000, 1.000000000000000000, 1.000000000000000000, 1.000000000000000000),
 ( 0.8181818181818181213, 0.8181818181818181213, 0.8181818181818181213, 0.8181818181818181213, 0.8181818181818181213, 0.8181818181818181213, 0.8181818181818181213, 0.8181818181818181213, 0.8181818181818181213, 0.8181818181818181213, 0.8181818181818181213, 0.8181818181818181213, 0.8181818181818181213, 0.8181818181818181213, 0.8181818181818181213, 0.8181818181818181213, 0.8181818181818181213, 0.8181818181818181213, 0.8181818181818180102, 0.8181818181818180102, 0.8181818181818178992, 0.8181818181818178992, 0.8181818181818186764, 0.8181818181818186764, 0.8181818181818186764, 0.8181818181818186764, 0.8181818181818181213, 0.8181818181818181213, 0.8181818181818184543, 0.8181818181818184543, 0.8181818181818181213, 0.8181818181818181213, 0.8181818181818178992, 0.8181818181818178992, 0.8181818181818187874, 0.8181818181818187874, 0.8181818181818186764, 0.8181818181818186764, 0.8181818181818181213, 0.8181818181818181213, 0.8181818181818184543, 0.8181818181818184543, 0.8181818181818187874, 0.8181818181818187874, 0.8181818181818181213, 0.8181818181818181213, 0.8181818181818181213, 0.8181818181818181213, 0.8181818181818181213, 0.8181818181818181213, 0.8181818181818181213, 0.8181818181818181213, 0.8181818181818181213, 0.8181818181818181213, 0.8181818181818181213, 0.8181818181818181213, 0.8181818181818181213, 0.8181818181818181213, 0.8181818181818181213, 0.8181818181818181213),
 ( 1.000000000000000000, 1.000000000000000000, 1.000000000000000000, 1.000000000000000000, 1.000000000000000000, 1.000000000000000000, 1.000000000000000000, 1.000000000000000000, 1.000000000000000000, 1.000000000000000000, 1.000000000000000000, 1.000000000000000000, 1.000000000000000000, 1.000000000000000000, 1.000000000000000000, 1.000000000000000000, 1.000000000000000000, 1.000000000000000000, 1.000000000000000000, 1.000000000000000000, 1.000000000000000000, 1.000000000000000000, 1.000000000000000000, 1.000000000000000000, 1.000000000000000000, 1.000000000000000000, 1.000000000000000000, 1.000000000000000000, 1.000000000000000000, 1.000000000000000000, 1.000000000000000000, 1.000000000000000000, 1.000000000000000000, 1.000000000000000000, 1.000000000000000000, 1.000000000000000000, 1.000000000000000000, 1.000000000000000000, 1.000000000000000000, 1.000000000000000000, 1.000000000000000000, 1.000000000000000000, 1.000000000000000000, 1.000000000000000000, 1.000000000000000000, 1.000000000000000000, 1.000000000000000000, 1.000000000000000000, 1.000000000000000000, 1.000000000000000000, 1.000000000000000000, 1.000000000000000000, 1.000000000000000000, 1.000000000000000000, 1.000000000000000000, 1.000000000000000000, 1.000000000000000000, 1.000000000000000000, 1.000000000000000000, 1.000000000000000000) ) ) 
 REPRESENTATION_ITEM ( '' )  SURFACE ( )  );
#2052 = CARTESIAN_POINT ( 'NONE',  ( 9.456832950658411008, -8.203762680729996148, -2.807135839853276860 ) ) ;
#2053 = CARTESIAN_POINT ( 'NONE',  ( 5.110673412145240846, 10.62793648737564212, 2.109371173277073019 ) ) ;
#2054 = CIRCLE ( 'NONE', #1890, 1.799999999999994271 ) ;
#2055 = EDGE_CURVE ( 'NONE', #2123, #2339, #1609, .T. ) ;
#2056 = ORIENTED_EDGE ( 'NONE', *, *, #143, .T. ) ;
#2057 = CIRCLE ( 'NONE', #551, 4.835000000000000853 ) ;
#2058 = AXIS2_PLACEMENT_3D ( 'NONE', #1749, #1923, #1352 ) ;
#2059 = CARTESIAN_POINT ( 'NONE',  ( 4.674855222712408498, 10.43565106993809977, -0.5848372445703575728 ) ) ;
#2060 = CARTESIAN_POINT ( 'NONE',  ( 5.199999999999995737, -6.261999999999995126, 0.000000000000000000 ) ) ;
#2061 = VECTOR ( 'NONE', #1496, 1000.000000000000000 ) ;
#2062 = EDGE_CURVE ( 'NONE', #1796, #634, #1380, .T. ) ;
#2063 = VECTOR ( 'NONE', #2252, 1000.000000000000000 ) ;
#2064 = CARTESIAN_POINT ( 'NONE',  ( 6.470376036423800770, -7.438673860932166981, -4.240000000000001101 ) ) ;
#2065 = ORIENTED_EDGE ( 'NONE', *, *, #994, .F. ) ;
#2066 = VECTOR ( 'NONE', #254, 1000.000000000000000 ) ;
#2067 = CARTESIAN_POINT ( 'NONE',  ( -1.109656336703727107E-17, -7.955255176221436741, 3.873335057094421607 ) ) ;
#2068 = DIRECTION ( 'NONE',  ( 9.637352644315561223E-16, -1.000000000000000000, 0.000000000000000000 ) ) ;
#2069 = DIRECTION ( 'NONE',  ( -0.000000000000000000, 1.000000000000000000, 0.000000000000000000 ) ) ;
#2070 = CARTESIAN_POINT ( 'NONE',  ( 3.079440445338229360, 9.826621082652629013, -2.112320079301803766 ) ) ;
#2071 = ORIENTED_EDGE ( 'NONE', *, *, #1988, .F. ) ;
#2072 = DIRECTION ( 'NONE',  ( -0.1253332335643046469, -0.9921147013144777649, 1.997510010795496743E-16 ) ) ;
#2073 = CARTESIAN_POINT ( 'NONE',  ( 3.817367860833698501, 7.635034554476775703, -3.367914222548737513 ) ) ;
#2074 = VERTEX_POINT ( 'NONE', #473 ) ;
#2075 = B_SPLINE_CURVE_WITH_KNOTS ( 'NONE', 3,
 ( #2405, #1460, #1445, #509 ),
 .UNSPECIFIED., .F., .F.,
 ( 4, 4 ),
 ( 0.001273578855405255563, 0.005227433932562017271 ),
 .UNSPECIFIED. ) ;
#2076 = EDGE_CURVE ( 'NONE', #450, #439, #711, .T. ) ;
#2077 = CARTESIAN_POINT ( 'NONE',  ( 4.799999999999999822, -8.160519968943514613, 3.099814014989077826 ) ) ;
#2078 = LINE ( 'NONE', #2297, #847 ) ;
#2079 = B_SPLINE_CURVE_WITH_KNOTS ( 'NONE', 3,
 ( #415, #1164, #613, #1752 ),
 .UNSPECIFIED., .F., .F.,
 ( 4, 4 ),
 ( 0.7472527472527471515, 1.000000000000000000 ),
 .UNSPECIFIED. ) ;
#2080 = CARTESIAN_POINT ( 'NONE',  ( 3.826816413921111604, 9.963310015786118967, -1.976813042437378209 ) ) ;
#2081 = DIRECTION ( 'NONE',  ( 0.000000000000000000, 3.587845865515629828E-16, 1.000000000000000000 ) ) ;
#2082 = LINE ( 'NONE', #1324, #349 ) ;
#2083 = ORIENTED_EDGE ( 'NONE', *, *, #761, .T. ) ;
#2084 = CARTESIAN_POINT ( 'NONE',  ( 8.486334240068233115, 6.517984482298863291, -4.232505109824525213 ) ) ;
#2085 = CARTESIAN_POINT ( 'NONE',  ( 10.46735106846887753, -0.8973209626754534707, 2.842888977795305028 ) ) ;
#2086 = CARTESIAN_POINT ( 'NONE',  ( 4.455191973754164536, 10.25175137076281295, 1.377615816053142428 ) ) ;
#2087 = ORIENTED_EDGE ( 'NONE', *, *, #1043, .T. ) ;
#2088 = CARTESIAN_POINT ( 'NONE',  ( 8.200000000000001066, 9.133432793151635920, -3.889999834757499553 ) ) ;
#2089 = EDGE_CURVE ( 'NONE', #2289, #659, #1854, .T. ) ;
#2090 = CARTESIAN_POINT ( 'NONE',  ( 6.768552163088562779, -7.544788454893150309, 4.229343748337459630 ) ) ;
#2091 = DIRECTION ( 'NONE',  ( -1.000000000000000000, -0.000000000000000000, -0.000000000000000000 ) ) ;
#2092 = EDGE_CURVE ( 'NONE', #175, #1153, #668, .T. ) ;
#2093 = CARTESIAN_POINT ( 'NONE',  ( 2.156401143471001092, -7.439465818595849100, -4.239998665935290845 ) ) ;
#2094 = CARTESIAN_POINT ( 'NONE',  ( 4.522905092056507037, 10.29937849388275417, 1.219012313877402498 ) ) ;
#2095 = EDGE_LOOP ( 'NONE', ( #1335, #1565, #1141 ) ) ;
#2096 = CARTESIAN_POINT ( 'NONE',  ( 8.228104751335658662, 6.452026967102492350, -4.240000000000002878 ) ) ;
#2097 = CARTESIAN_POINT ( 'NONE',  ( 3.357633366772695638, 9.164414082346926449, -3.866939883736968842 ) ) ;
#2098 = CARTESIAN_POINT ( 'NONE',  ( 3.903882848906572889, 9.986617002916503338, 1.946343590432475512 ) ) ;
#2099 = VECTOR ( 'NONE', #777, 1000.000000000000000 ) ;
#2100 = VECTOR ( 'NONE', #1853, 1000.000000000000000 ) ;
#2101 = ORIENTED_EDGE ( 'NONE', *, *, #1636, .F. ) ;
#2102 = AXIS2_PLACEMENT_3D ( 'NONE', #669, #2331, #1589 ) ;
#2103 = TOROIDAL_SURFACE ( 'NONE', #1608, 1.721469931994976221, 1.800000000000000044 ) ;
#2104 = DIRECTION ( 'NONE',  ( 0.000000000000000000, 0.000000000000000000, -1.000000000000000000 ) ) ;
#2105 = CARTESIAN_POINT ( 'NONE',  ( 4.649999999999984368, -11.24699999999999278, -1.250000000000000000 ) ) ;
#2106 = DIRECTION ( 'NONE',  ( 0.000000000000000000, 1.000000000000000000, -3.462798379065810878E-16 ) ) ;
#2107 = ORIENTED_EDGE ( 'NONE', *, *, #358, .F. ) ;
#2108 = ADVANCED_FACE ( 'NONE', ( #1123 ), #554, .F. ) ;
#2109 = CARTESIAN_POINT ( 'NONE',  ( 3.161030915024553245, 9.834086646770591855, 2.109307028906944659 ) ) ;
#2110 = ORIENTED_EDGE ( 'NONE', *, *, #2371, .T. ) ;
#2111 = CARTESIAN_POINT ( 'NONE',  ( 2.999999999999996003, -11.16419053499861747, -2.602085213965208275E-15 ) ) ;
#2112 = DIRECTION ( 'NONE',  ( 0.000000000000000000, 0.000000000000000000, -1.000000000000000000 ) ) ;
#2113 = VERTEX_POINT ( 'NONE', #756 ) ;
#2114 = CARTESIAN_POINT ( 'NONE',  ( 3.000000000000001332, -13.04699999999998994, 0.000000000000000000 ) ) ;
#2115 = DIRECTION ( 'NONE',  ( -1.000000000000000000, -0.000000000000000000, -0.000000000000000000 ) ) ;
#2116 = VERTEX_POINT ( 'NONE', #374 ) ;
#2117 = CARTESIAN_POINT ( 'NONE',  ( 9.660036156848875066, -3.119113099440609993, -3.331481099979280547 ) ) ;
#2118 = EDGE_CURVE ( 'NONE', #193, #2250, #1707, .T. ) ;
#2119 = ORIENTED_EDGE ( 'NONE', *, *, #148, .F. ) ;
#2120 = CARTESIAN_POINT ( 'NONE',  ( 4.549999999999999822, -8.004801739344850731, -3.749768870255572928 ) ) ;
#2121 = CARTESIAN_POINT ( 'NONE',  ( 0.000000000000000000, 6.261999999999996014, 4.239999999999997549 ) ) ;
#2122 = ADVANCED_FACE ( 'NONE', ( #203 ), #1488, .F. ) ;
#2123 = VERTEX_POINT ( 'NONE', #580 ) ;
#2124 = CARTESIAN_POINT ( 'NONE',  ( 11.83499999999999908, -6.261999999999995126, -3.430387539168609694E-16 ) ) ;
#2125 = DIRECTION ( 'NONE',  ( 0.000000000000000000, 0.000000000000000000, 1.000000000000000000 ) ) ;
#2126 = CARTESIAN_POINT ( 'NONE',  ( 3.590302586649635419, 9.308507688073573760, 3.747916111283901230 ) ) ;
#2127 = ORIENTED_EDGE ( 'NONE', *, *, #1883, .T. ) ;
#2128 = CARTESIAN_POINT ( 'NONE',  ( 3.691250182864284302, 7.083632219226405624, -3.731586800635424694 ) ) ;
#2129 = ORIENTED_EDGE ( 'NONE', *, *, #1148, .T. ) ;
#2130 = B_SPLINE_CURVE_WITH_KNOTS ( 'NONE', 3,
 ( #960, #2096, #1150, #2279, #1539, #1126, #2084 ),
 .UNSPECIFIED., .F., .F.,
 ( 4, 3, 4 ),
 ( -1.311969379879969449E-05, 0.000000000000000000, 0.0002578818910211395812 ),
 .UNSPECIFIED. ) ;
#2131 = CARTESIAN_POINT ( 'NONE',  ( 4.295958850257593831, 9.482992059603274626, -3.605895954316662877 ) ) ;
#2132 = LINE ( 'NONE', #424, #311 ) ;
#2133 = EDGE_CURVE ( 'NONE', #983, #2113, #2037, .T. ) ;
#2134 = ORIENTED_EDGE ( 'NONE', *, *, #1927, .F. ) ;
#2135 = CARTESIAN_POINT ( 'NONE',  ( 0.000000000000000000, 6.261999999999995126, -3.006671916513725129E-15 ) ) ;
#2136 = CARTESIAN_POINT ( 'NONE',  ( 4.549999999999999822, -9.958521117146721835, 1.893965845472517673 ) ) ;
#2137 = EDGE_CURVE ( 'NONE', #1796, #141, #145, .T. ) ;
#2138 = CARTESIAN_POINT ( 'NONE',  ( 3.826816413921114268, 9.841758681140497345, 2.825448337158851242 ) ) ;
#2139 = DIRECTION ( 'NONE',  ( -1.000000000000000000, -0.000000000000000000, -0.000000000000000000 ) ) ;
#2140 = CARTESIAN_POINT ( 'NONE',  ( 3.794190357706573646, 7.400371281197005935, 3.452738530352238211 ) ) ;
#2141 = VERTEX_POINT ( 'NONE', #384 ) ;
#2142 = AXIS2_PLACEMENT_3D ( 'NONE', #287, #1018, #2342 ) ;
#2143 = CARTESIAN_POINT ( 'NONE',  ( 3.560487194696099866, 9.283862383594462031, -3.769598361656591567 ) ) ;
#2144 = ORIENTED_EDGE ( 'NONE', *, *, #658, .F. ) ;
#2145 = CARTESIAN_POINT ( 'NONE',  ( 4.800000000000000711, -6.261957727190478273, 6.719087399745943268E-06 ) ) ;
#2146 = EDGE_LOOP ( 'NONE', ( #695, #718, #1555, #2087, #100, #1826 ) ) ;
#2147 = CARTESIAN_POINT ( 'NONE',  ( 9.739860177897257998, -7.446239615916187660, -4.239976080324841412 ) ) ;
#2148 = CARTESIAN_POINT ( 'NONE',  ( 4.549999999999998934, -8.691040712542104529, 3.369144729770604751 ) ) ;
#2149 = CARTESIAN_POINT ( 'NONE',  ( 8.319840851475424515, 6.475561216140786058, 4.239752474018191108 ) ) ;
#2150 = ADVANCED_FACE ( 'NONE', ( #563 ), #1137, .F. ) ;
#2151 = LINE ( 'NONE', #1193, #504 ) ;
#2152 = CARTESIAN_POINT ( 'NONE',  ( 3.779883193361523563, 9.535529654719853809, 3.490676070273049270 ) ) ;
#2153 = ORIENTED_EDGE ( 'NONE', *, *, #1545, .T. ) ;
#2154 = CARTESIAN_POINT ( 'NONE',  ( 4.400114119270212676, 10.21496742442749195, -1.491780613486866303 ) ) ;
#2155 = CARTESIAN_POINT ( 'NONE',  ( 3.555230102244427925, 9.279630988237730804, -3.773333392977304523 ) ) ;
#2156 = ORIENTED_EDGE ( 'NONE', *, *, #2402, .T. ) ;
#2157 = CARTESIAN_POINT ( 'NONE',  ( 4.287917625443941283, 9.478897121896949329, -3.609547949282236434 ) ) ;
#2158 = CARTESIAN_POINT ( 'NONE',  ( 3.679191677144060701, 9.234202613028744011, 3.813896058022149038 ) ) ;
#2159 = VERTEX_POINT ( 'NONE', #1113 ) ;
#2160 = CARTESIAN_POINT ( 'NONE',  ( 5.199999999999996625, -11.24699999999999278, -1.800000000000007372 ) ) ;
#2161 = CARTESIAN_POINT ( 'NONE',  ( 8.228104751335660438, 6.452026967102485244, 4.239999999999996660 ) ) ;
#2162 = CARTESIAN_POINT ( 'NONE',  ( 8.537252245508698323, 6.551632241205776808, 4.226060871844070199 ) ) ;
#2163 = ADVANCED_FACE ( 'NONE', ( #1499 ), #2245, .T. ) ;
#2164 = CYLINDRICAL_SURFACE ( 'NONE', #744, 2.000000000000000000 ) ;
#2165 = VERTEX_POINT ( 'NONE', #747 ) ;
#2166 = CARTESIAN_POINT ( 'NONE',  ( 10.80847208237914714, -0.2125945229258440206, -2.541848865480961450 ) ) ;
#2167 = EDGE_CURVE ( 'NONE', #514, #116, #114, .T. ) ;
#2168 = EDGE_LOOP ( 'NONE', ( #213, #256, #2282, #498, #253, #2269, #544 ) ) ;
#2169 = CARTESIAN_POINT ( 'NONE',  ( 5.312405686096565383, 10.24664658277777640, 2.739126197317162337 ) ) ;
#2170 = CARTESIAN_POINT ( 'NONE',  ( 5.785808514287829496, 10.83328768151962507, 1.582654177443890031 ) ) ;
#2171 = CARTESIAN_POINT ( 'NONE',  ( 4.656739537172782661, 10.41647826869990645, -0.5040036585911106259 ) ) ;
#2172 = ORIENTED_EDGE ( 'NONE', *, *, #1621, .F. ) ;
#2173 = CARTESIAN_POINT ( 'NONE',  ( 8.223868700313202496, 6.450940218077471755, 4.239999999999997549 ) ) ;
#2174 = CARTESIAN_POINT ( 'NONE',  ( 2.156401143470977111, -7.438665600325220062, 4.240000000000001101 ) ) ;
#2175 = CARTESIAN_POINT ( 'NONE',  ( 8.199999999999999289, -8.160519968943514613, 3.099814014989076938 ) ) ;
#2176 = LINE ( 'NONE', #1207, #2408 ) ;
#2177 = LINE ( 'NONE', #1225, #1530 ) ;
#2178 = CIRCLE ( 'NONE', #581, 4.835000000000000853 ) ;
#2179 = CIRCLE ( 'NONE', #1407, 1.250000000000000000 ) ;
#2180 = CARTESIAN_POINT ( 'NONE',  ( 9.896639299616969865, -2.352371037182543922, -3.217434845621652606 ) ) ;
#2181 = EDGE_CURVE ( 'NONE', #1360, #2370, #1943, .T. ) ;
#2182 = AXIS2_PLACEMENT_3D ( 'NONE', #1522, #1509, #352 ) ;
#2183 = CARTESIAN_POINT ( 'NONE',  ( 3.928530886744377781, 9.319889795322369608, -3.745364592868794862 ) ) ;
#2184 = CARTESIAN_POINT ( 'NONE',  ( 4.695846977919895693, 9.715390472081660178, -3.386808615540939371 ) ) ;
#2185 = ORIENTED_EDGE ( 'NONE', *, *, #828, .T. ) ;
#2186 = CARTESIAN_POINT ( 'NONE',  ( 9.739860177897257998, -7.861590747532209988, -4.026626323932036122 ) ) ;
#2187 = CARTESIAN_POINT ( 'NONE',  ( 1.453553467514525188, -8.160520512929442916, -3.099813681818121225 ) ) ;
#2188 = FACE_OUTER_BOUND ( 'NONE', #2425, .T. ) ;
#2189 = VERTEX_POINT ( 'NONE', #735 ) ;
#2190 = CARTESIAN_POINT ( 'NONE',  ( 3.826816413921113380, 9.680203446471326245, 3.249999856789998365 ) ) ;
#2191 = ADVANCED_BREP_SHAPE_REPRESENTATION ( 'Shell 1#_Female', ( #1100, #1699 ), #1573 ) ;
#2192 = ORIENTED_EDGE ( 'NONE', *, *, #2384, .F. ) ;
#2193 = CARTESIAN_POINT ( 'NONE',  ( 3.709706672405511441, 9.433252984639013405, -3.619170583125797425 ) ) ;
#2194 = CARTESIAN_POINT ( 'NONE',  ( 5.927834380626582522, 11.05548321560844194, 0.6534568598607040091 ) ) ;
#2195 = EDGE_CURVE ( 'NONE', #926, #996, #2075, .T. ) ;
#2196 = VERTEX_POINT ( 'NONE', #899 ) ;
#2197 = CARTESIAN_POINT ( 'NONE',  ( 4.459922713994937560, 10.25527521738281322, -0.6258701730049063272 ) ) ;
#2198 = EDGE_CURVE ( 'NONE', #531, #1372, #721, .T. ) ;
#2199 = CARTESIAN_POINT ( 'NONE',  ( 2.999999999999996003, -11.24699999999999456, 0.000000000000000000 ) ) ;
#2200 = ORIENTED_EDGE ( 'NONE', *, *, #1027, .T. ) ;
#2201 = CARTESIAN_POINT ( 'NONE',  ( 8.199999999999999289, 7.339460220013616087, 3.471642907081339491 ) ) ;
#2202 = CARTESIAN_POINT ( 'NONE',  ( 3.826816413921112936, 8.697426056467001843, 1.721469931994971780 ) ) ;
#2203 = CARTESIAN_POINT ( 'NONE',  ( 7.216533211006892934, -7.698084221039196429, -4.171706760962538674 ) ) ;
#2204 = ORIENTED_EDGE ( 'NONE', *, *, #2062, .T. ) ;
#2205 = CARTESIAN_POINT ( 'NONE',  ( 8.349201933877505866, 7.443054919391958180, 4.239999999999997549 ) ) ;
#2206 = CARTESIAN_POINT ( 'NONE',  ( 3.329788315188226377, 9.159499309125896715, 3.870623235008805896 ) ) ;
#2207 = VERTEX_POINT ( 'NONE', #2240 ) ;
#2208 = CARTESIAN_POINT ( 'NONE',  ( 3.809547755505569899, 9.970637925072221464, -1.334769078219702809 ) ) ;
#2209 = DIRECTION ( 'NONE',  ( -1.000000000000000000, -0.000000000000000000, -0.000000000000000000 ) ) ;
#2210 = LINE ( 'NONE', #2416, #66 ) ;
#2211 = FACE_OUTER_BOUND ( 'NONE', #2168, .T. ) ;
#2212 = CARTESIAN_POINT ( 'NONE',  ( 3.826816413921112936, 6.897426056467002908, 1.721469931994971780 ) ) ;
#2213 = VERTEX_POINT ( 'NONE', #1056 ) ;
#2214 = DIRECTION ( 'NONE',  ( 0.000000000000000000, 0.000000000000000000, -1.000000000000000000 ) ) ;
#2215 = CARTESIAN_POINT ( 'NONE',  ( 4.800000000000000711, -8.004837139158084369, -3.749776157497820339 ) ) ;
#2216 = ORIENTED_EDGE ( 'NONE', *, *, #558, .T. ) ;
#2217 = VECTOR ( 'NONE', #153, 1000.000000000000000 ) ;
#2218 = CARTESIAN_POINT ( 'NONE',  ( 5.305440889636977353, 10.85226305625481125, 1.537490333199187154 ) ) ;
#2219 = VECTOR ( 'NONE', #1778, 1000.000000000000000 ) ;
#2220 = EDGE_LOOP ( 'NONE', ( #436, #1415, #650, #1921 ) ) ;
#2221 = B_SPLINE_CURVE_WITH_KNOTS ( 'NONE', 3,
 ( #2120, #174, #2290, #1678 ),
 .UNSPECIFIED., .F., .F.,
 ( 4, 4 ),
 ( 0.000000000000000000, 0.7472527472527471515 ),
 .UNSPECIFIED. ) ;
#2222 = DIRECTION ( 'NONE',  ( 1.000000000000000000, 0.000000000000000000, 0.000000000000000000 ) ) ;
#2223 = CARTESIAN_POINT ( 'NONE',  ( 0.000000000000000000, 8.544928152552964562, 2.246780784973363865 ) ) ;
#2224 = ORIENTED_EDGE ( 'NONE', *, *, #471, .F. ) ;
#2225 = FACE_OUTER_BOUND ( 'NONE', #2220, .T. ) ;
#2226 = DIRECTION ( 'NONE',  ( 1.000000000000000000, -0.000000000000000000, -0.000000000000000000 ) ) ;
#2227 = EDGE_CURVE ( 'NONE', #1521, #2074, #138, .T. ) ;
#2228 = LINE ( 'NONE', #2021, #1303 ) ;
#2229 = CARTESIAN_POINT ( 'NONE',  ( 3.186816435953114368, -5.453565245962379571, -3.889999834757871700 ) ) ;
#2230 = CARTESIAN_POINT ( 'NONE',  ( 0.000000000000000000, -7.451961721592140542, 4.239883367824865523 ) ) ;
#2231 = EDGE_CURVE ( 'NONE', #2289, #1020, #1259, .T. ) ;
#2232 = DIRECTION ( 'NONE',  ( 0.1253332335643046469, 0.9921147013144777649, -1.997510010795496743E-16 ) ) ;
#2233 = CARTESIAN_POINT ( 'NONE',  ( 3.225264314781353114, 9.839545664148625193, 3.361811593162191247 ) ) ;
#2234 = VERTEX_POINT ( 'NONE', #110 ) ;
#2235 = CARTESIAN_POINT ( 'NONE',  ( 4.681303675383890806, 10.42370834337822316, -1.169667168110468003 ) ) ;
#2236 = LINE ( 'NONE', #1297, #707 ) ;
#2237 = DIRECTION ( 'NONE',  ( -0.1772479587227142883, -0.6903352207861936929, -0.7014416897153377128 ) ) ;
#2238 = ORIENTED_EDGE ( 'NONE', *, *, #2076, .T. ) ;
#2239 = CARTESIAN_POINT ( 'NONE',  ( 1.150000000000000133, -7.999787643847360741, 3.763701019114176649 ) ) ;
#2240 = CARTESIAN_POINT ( 'NONE',  ( 3.549999999999994049, -10.94253660982948340, 1.212353926890112232 ) ) ;
#2241 = EDGE_CURVE ( 'NONE', #1372, #37, #1570, .T. ) ;
#2242 = CARTESIAN_POINT ( 'NONE',  ( 8.199999999999999289, 7.320066030444984051, -3.477602805844624445 ) ) ;
#2243 = CARTESIAN_POINT ( 'NONE',  ( 9.739859712763072608, -7.959179829697737851, 3.863034007899992517 ) ) ;
#2244 = EDGE_CURVE ( 'NONE', #866, #1372, #2228, .T. ) ;
#2245 = CYLINDRICAL_SURFACE ( 'NONE', #1930, 4.834999999999999964 ) ;
#2246 = CARTESIAN_POINT ( 'NONE',  ( 3.335773358637973640, 9.850279910548131568, 3.346811043597458291 ) ) ;
#2247 = ORIENTED_EDGE ( 'NONE', *, *, #1851, .F. ) ;
#2248 = CARTESIAN_POINT ( 'NONE',  ( 8.941392318733830891, -6.261999999999996014, 3.558589949646132844 ) ) ;
#2249 = CARTESIAN_POINT ( 'NONE',  ( 4.800000000000000711, -8.097094241937634607, -3.427655387988418401 ) ) ;
#2250 = VERTEX_POINT ( 'NONE', #524 ) ;
#2251 = CARTESIAN_POINT ( 'NONE',  ( 3.826816413921112936, 6.897426056467002908, -1.721469931994977998 ) ) ;
#2252 = DIRECTION ( 'NONE',  ( -1.000000000000000000, -0.000000000000000000, -0.000000000000000000 ) ) ;
#2253 = B_SPLINE_CURVE_WITH_KNOTS ( 'NONE', 3,
 ( #176, #2239, #2420, #1458 ),
 .UNSPECIFIED., .F., .F.,
 ( 4, 4 ),
 ( 0.4562198729342966108, 0.4866175457827074946 ),
 .UNSPECIFIED. ) ;
#2254 = CARTESIAN_POINT ( 'NONE',  ( 0.000000000000000000, 6.261999999999996902, 3.889999834757853936 ) ) ;
#2255 = CARTESIAN_POINT ( 'NONE',  ( 9.739859712763072608, -7.933344359827843029, 3.916373787166429921 ) ) ;
#2256 = CARTESIAN_POINT ( 'NONE',  ( 0.7666666666666713814, -8.004887025928487887, 3.749742633148349658 ) ) ;
#2257 = CARTESIAN_POINT ( 'NONE',  ( 3.243708119560865466, 9.841143275651514699, 3.359553195511203683 ) ) ;
#2258 = AXIS2_PLACEMENT_3D ( 'NONE', #1542, #1356, #2125 ) ;
#2259 = EDGE_CURVE ( 'NONE', #1494, #1263, #1895, .T. ) ;
#2260 = VECTOR ( 'NONE', #1829, 1000.000000000000000 ) ;
#2261 = AXIS2_PLACEMENT_3D ( 'NONE', #1665, #739, #1271 ) ;
#2262 = LINE ( 'NONE', #2304, #2332 ) ;
#2263 = AXIS2_PLACEMENT_3D ( 'NONE', #1344, #1926, #1527 ) ;
#2264 = VECTOR ( 'NONE', #940, 1000.000000000000000 ) ;
#2265 = ORIENTED_EDGE ( 'NONE', *, *, #32, .T. ) ;
#2266 = CARTESIAN_POINT ( 'NONE',  ( 9.739859712763074384, -7.543233070782158656, 4.229894223072175663 ) ) ;
#2267 = CARTESIAN_POINT ( 'NONE',  ( 0.3833333333333373005, -8.004887025928487887, 3.749742633148349658 ) ) ;
#2268 = CARTESIAN_POINT ( 'NONE',  ( 5.463652589120300718, 11.09065366578485801, 0.2895596546496163048 ) ) ;
#2269 = ORIENTED_EDGE ( 'NONE', *, *, #1804, .T. ) ;
#2270 = LINE ( 'NONE', #1492, #2013 ) ;
#2271 = EDGE_CURVE ( 'NONE', #2207, #1076, #2357, .T. ) ;
#2272 = CARTESIAN_POINT ( 'NONE',  ( 4.442074447208827159, 10.24285310925141879, 1.406315157163837037 ) ) ;
#2273 = ORIENTED_EDGE ( 'NONE', *, *, #397, .F. ) ;
#2274 = EDGE_CURVE ( 'NONE', #981, #531, #1373, .T. ) ;
#2275 = CARTESIAN_POINT ( 'NONE',  ( 8.199999999999999289, -8.160520512929466008, -3.099813681817995104 ) ) ;
#2276 = CARTESIAN_POINT ( 'NONE',  ( -1.184155476770956869E-17, -8.004887025928464794, 3.749742633148408277 ) ) ;
#2277 = CARTESIAN_POINT ( 'NONE',  ( 4.649999999999984368, -10.94253660982948340, -1.212353926890112232 ) ) ;
#2278 = ORIENTED_EDGE ( 'NONE', *, *, #2133, .F. ) ;
#2279 = CARTESIAN_POINT ( 'NONE',  ( 8.236576842010656208, 6.454200462235601066, -4.239982450041315687 ) ) ;
#2280 = CARTESIAN_POINT ( 'NONE',  ( 8.537252245508643256, 6.501949946821462767, -4.240000000000003766 ) ) ;
#2281 = CARTESIAN_POINT ( 'NONE',  ( 4.545134285745557889, 10.31451171163817015, 1.164360812549925850 ) ) ;
#2282 = ORIENTED_EDGE ( 'NONE', *, *, #688, .T. ) ;
#2283 = CARTESIAN_POINT ( 'NONE',  ( 3.186816435953113480, 9.133432793153119178, 3.889999834757287722 ) ) ;
#2284 = ADVANCED_FACE ( 'NONE', ( #859 ), #167, .F. ) ;
#2285 = CARTESIAN_POINT ( 'NONE',  ( 13.03500000000001613, -11.24699999999998568, 0.000000000000000000 ) ) ;
#2286 = DIRECTION ( 'NONE',  ( 0.000000000000000000, 0.000000000000000000, -1.000000000000000000 ) ) ;
#2287 = DIRECTION ( 'NONE',  ( -1.000000000000000000, -7.885106708985487062E-16, 0.000000000000000000 ) ) ;
#2288 = CARTESIAN_POINT ( 'NONE',  ( 4.670894602365812887, 10.43231925403892646, -0.1922978457802890784 ) ) ;
#2289 = VERTEX_POINT ( 'NONE', #1830 ) ;
#2290 = CARTESIAN_POINT ( 'NONE',  ( 2.283333333333334103, -8.004887692775554342, -3.749742323196605387 ) ) ;
#2291 = CARTESIAN_POINT ( 'NONE',  ( 6.938893903907228378E-15, 6.685327738914947915, -4.136299408769013475 ) ) ;
#2292 = CARTESIAN_POINT ( 'NONE',  ( 4.428115647682081324, 10.23367429832845943, 1.434338281778381630 ) ) ;
#2293 = VECTOR ( 'NONE', #1118, 1000.000000000000000 ) ;
#2294 = ORIENTED_EDGE ( 'NONE', *, *, #526, .F. ) ;
#2295 = AXIS2_PLACEMENT_3D ( 'NONE', #1470, #1275, #1682 ) ;
#2296 = STYLED_ITEM ( 'NONE', ( #269 ), #1100 ) ;
#2297 = CARTESIAN_POINT ( 'NONE',  ( 5.199999999999996625, -11.24699999999999278, 1.800000000000007372 ) ) ;
#2298 = EDGE_CURVE ( 'NONE', #2116, #2046, #913, .T. ) ;
#2299 = AXIS2_PLACEMENT_3D ( 'NONE', #534, #299, #679 ) ;
#2300 = CARTESIAN_POINT ( 'NONE',  ( 8.199999999999999289, -10.01204182537921206, -3.051952048756092939 ) ) ;
#2301 = CARTESIAN_POINT ( 'NONE',  ( 9.553003372807388871, -3.506390787078854210, -3.375458267235163401 ) ) ;
#2302 = EDGE_CURVE ( 'NONE', #1721, #1117, #432, .T. ) ;
#2303 = ORIENTED_EDGE ( 'NONE', *, *, #2003, .T. ) ;
#2304 = CARTESIAN_POINT ( 'NONE',  ( 8.199999999999999289, 7.339460220013616087, -3.471642907081345264 ) ) ;
#2305 = CARTESIAN_POINT ( 'NONE',  ( 3.413055330458457881, 9.174659871878478867, -3.859241193319308927 ) ) ;
#2306 = ORIENTED_EDGE ( 'NONE', *, *, #2366, .T. ) ;
#2307 = CARTESIAN_POINT ( 'NONE',  ( 4.550000000000000711, -10.34107363036826044, -0.7826450736843574285 ) ) ;
#2308 = CARTESIAN_POINT ( 'NONE',  ( 0.5288504660687434189, 9.133432793153119178, 3.889999834756399544 ) ) ;
#2309 = SPHERICAL_SURFACE ( 'NONE', #1534, 4.834999999999999964 ) ;
#2310 = CARTESIAN_POINT ( 'NONE',  ( 3.418876869561534804, 9.190321970037652832, 3.847545737766583596 ) ) ;
#2311 = ADVANCED_FACE ( 'NONE', ( #1276 ), #2421, .F. ) ;
#2312 = CARTESIAN_POINT ( 'NONE',  ( 4.581092436239263321, 10.34711843120644126, 0.9888397420459099640 ) ) ;
#2313 = ORIENTED_EDGE ( 'NONE', *, *, #912, .F. ) ;
#2314 = CARTESIAN_POINT ( 'NONE',  ( 5.267869139824930436, 10.20069339753151638, 2.805121713586558929 ) ) ;
#2315 = ORIENTED_EDGE ( 'NONE', *, *, #1011, .F. ) ;
#2316 = FACE_OUTER_BOUND ( 'NONE', #957, .T. ) ;
#2317 = CARTESIAN_POINT ( 'NONE',  ( 4.549999999999999822, -8.004801739344850731, -3.749768870255572928 ) ) ;
#2318 = CYLINDRICAL_SURFACE ( 'NONE', #156, 0.6399999779676448508 ) ;
#2319 = CARTESIAN_POINT ( 'NONE',  ( 8.199999999999999289, 7.520732269895130884, -3.006671916513725129E-15 ) ) ;
#2320 = ORIENTED_EDGE ( 'NONE', *, *, #1487, .T. ) ;
#2321 = CARTESIAN_POINT ( 'NONE',  ( 4.308263195086727393, 10.16172426721421651, -1.626212190120302159 ) ) ;
#2322 = CARTESIAN_POINT ( 'NONE',  ( 3.575857542204762485, 9.296640747224335755, -3.758223546798494574 ) ) ;
#2323 = VERTEX_POINT ( 'NONE', #2033 ) ;
#2324 = CARTESIAN_POINT ( 'NONE',  ( 3.356623289804393728, 9.164250336734385272, -3.867061931612310932 ) ) ;
#2325 = ADVANCED_FACE ( 'NONE', ( #1471 ), #337, .F. ) ;
#2326 = VERTEX_POINT ( 'NONE', #347 ) ;
#2327 = DIRECTION ( 'NONE',  ( 0.000000000000000000, -1.000000000000000000, 0.000000000000000000 ) ) ;
#2328 = CIRCLE ( 'NONE', #1725, 4.835000000000000853 ) ;
#2329 = CARTESIAN_POINT ( 'NONE',  ( 4.550000000000001599, -7.994423678180060833, 3.777604281159423483 ) ) ;
#2330 = VECTOR ( 'NONE', #2365, 1000.000000000000000 ) ;
#2331 = DIRECTION ( 'NONE',  ( -8.326672684688676518E-17, -1.838806884535415520E-16, -1.000000000000000000 ) ) ;
#2332 = VECTOR ( 'NONE', #6, 1000.000000000000000 ) ;
#2333 = ORIENTED_EDGE ( 'NONE', *, *, #503, .T. ) ;
#2334 = CARTESIAN_POINT ( 'NONE',  ( 5.199999999999995737, -10.01204182537921028, 3.051952048756095159 ) ) ;
#2335 = VERTEX_POINT ( 'NONE', #1044 ) ;
#2336 = CARTESIAN_POINT ( 'NONE',  ( 5.416209042345432323, 10.33622233974252502, -2.634041456964152150 ) ) ;
#2337 = CARTESIAN_POINT ( 'NONE',  ( 5.749451924510952772, 10.78018690277704472, 1.727706345443198011 ) ) ;
#2338 = CARTESIAN_POINT ( 'NONE',  ( 4.608691682413684099, 10.37141230745122478, -0.8498630916094588317 ) ) ;
#2339 = VERTEX_POINT ( 'NONE', #1805 ) ;
#2340 = FACE_OUTER_BOUND ( 'NONE', #887, .T. ) ;
#2341 = CARTESIAN_POINT ( 'NONE',  ( 8.403131469979339130, 6.496915641702896593, 4.237262522355135452 ) ) ;
#2342 = DIRECTION ( 'NONE',  ( 1.115429808136376358E-15, 0.000000000000000000, -1.000000000000000000 ) ) ;
#2343 = CARTESIAN_POINT ( 'NONE',  ( 3.186816435953114368, 9.133432793151126106, -3.889999834757876584 ) ) ;
#2344 = CARTESIAN_POINT ( 'NONE',  ( 5.016860797149006679, -10.84041034405852422, -1.565015315981587163 ) ) ;
#2345 = LINE ( 'NONE', #1361, #1773 ) ;
#2346 = CARTESIAN_POINT ( 'NONE',  ( 5.281138855741732030, 10.20951178424612316, -2.802712719569648403 ) ) ;
#2347 = EDGE_LOOP ( 'NONE', ( #403, #1451, #321, #892, #770 ) ) ;
#2348 = CARTESIAN_POINT ( 'NONE',  ( 9.739860177897256222, -7.430168692249638163, -4.240029664984129809 ) ) ;
#2349 = CARTESIAN_POINT ( 'NONE',  ( 4.550000000000001599, -7.999779357828648685, 3.763722498739067390 ) ) ;
#2350 = CARTESIAN_POINT ( 'NONE',  ( 1.214306433183764966E-14, 6.660650521427178283, 4.161373646053878161 ) ) ;
#2351 = CARTESIAN_POINT ( 'NONE',  ( 9.681769098174028088, -8.219515785287521581, 2.680618825951707418 ) ) ;
#2352 = DIRECTION ( 'NONE',  ( -0.1253332335643046469, -0.9921147013144777649, 1.997510010795496743E-16 ) ) ;
#2353 = ADVANCED_FACE ( 'NONE', ( #1433 ), #1818, .F. ) ;
#2354 = CARTESIAN_POINT ( 'NONE',  ( 3.792908152346083916, 9.560228147614312277, -3.455578262133359946 ) ) ;
#2355 = CARTESIAN_POINT ( 'NONE',  ( 4.379405006696240221, 9.526921715345530117, 3.566215208429897476 ) ) ;
#2356 = CARTESIAN_POINT ( 'NONE',  ( 3.954658832006455516, 9.970864179395583449, -3.183949175410007992 ) ) ;
#2357 = B_SPLINE_CURVE_WITH_KNOTS ( 'NONE', 3,
 ( #326, #2391, #883, #1288 ),
 .UNSPECIFIED., .F., .F.,
 ( 4, 4 ),
 ( 4.848699518061080308E-19, 0.0007783780993984978219 ),
 .UNSPECIFIED. ) ;
#2358 = EDGE_LOOP ( 'NONE', ( #1273, #241, #873, #1597 ) ) ;
#2359 = CARTESIAN_POINT ( 'NONE',  ( -1.102691775682710453E-15, -7.439315778403673640, -4.239998916069978030 ) ) ;
#2360 = CARTESIAN_POINT ( 'NONE',  ( 0.000000000000000000, 9.133432793153119178, 3.889999834756399544 ) ) ;
#2361 = EDGE_LOOP ( 'NONE', ( #1294, #1747, #11, #1430 ) ) ;
#2362 = CARTESIAN_POINT ( 'NONE',  ( 3.549999999999994049, -10.94253660982948340, -1.212353926890112232 ) ) ;
#2363 = AXIS2_PLACEMENT_3D ( 'NONE', #1793, #2352, #841 ) ;
#2364 = CIRCLE ( 'NONE', #2412, 4.834999999999999076 ) ;
#2365 = DIRECTION ( 'NONE',  ( 1.000000000000000000, 0.000000000000000000, 0.000000000000000000 ) ) ;
#2366 = EDGE_CURVE ( 'NONE', #659, #1526, #1907, .T. ) ;
#2367 = CONICAL_SURFACE ( 'NONE', #2295, 3.169705627484771249, 0.7853981633974466137 ) ;
#2368 = CARTESIAN_POINT ( 'NONE',  ( 3.824239203403978493, 9.645722277142716905, -3.317418781650581572 ) ) ;
#2369 = AXIS2_PLACEMENT_3D ( 'NONE', #125, #731, #1631 ) ;
#2370 = VERTEX_POINT ( 'NONE', #1529 ) ;
#2371 = EDGE_CURVE ( 'NONE', #740, #987, #2176, .T. ) ;
#2372 = CARTESIAN_POINT ( 'NONE',  ( 3.313066431615092178, 9.156655584176123241, 3.872750370991893565 ) ) ;
#2373 = ORIENTED_EDGE ( 'NONE', *, *, #894, .F. ) ;
#2374 = CARTESIAN_POINT ( 'NONE',  ( 3.804134022635697665, 9.975258968904254786, 8.308366062076521028E-07 ) ) ;
#2375 = SURFACE_STYLE_USAGE ( .BOTH. , #478 ) ;
#2376 = CARTESIAN_POINT ( 'NONE',  ( 6.471564683519958727, -7.438824021980948054, -4.239999520749951678 ) ) ;
#2377 = ORIENTED_EDGE ( 'NONE', *, *, #310, .T. ) ;
#2378 = CARTESIAN_POINT ( 'NONE',  ( 3.246091424564225836, 9.133432793151126106, -3.889999834757876140 ) ) ;
#2379 = CARTESIAN_POINT ( 'NONE',  ( 8.231412773848342468, 6.579862008889989511, -4.218532963657873225 ) ) ;
#2380 = CARTESIAN_POINT ( 'NONE',  ( 3.186816435953114368, 6.927727461226185213, -3.889999834757876140 ) ) ;
#2381 = CARTESIAN_POINT ( 'NONE',  ( 0.5288504660720558803, 9.133432793151635920, -3.889999834757499553 ) ) ;
#2382 = DIRECTION ( 'NONE',  ( 0.000000000000000000, 0.000000000000000000, -1.000000000000000000 ) ) ;
#2383 = CARTESIAN_POINT ( 'NONE',  ( 3.243742058672656192, 9.841146396129270002, -3.359548811607425023 ) ) ;
#2384 = EDGE_CURVE ( 'NONE', #1346, #1190, #2151, .T. ) ;
#2385 = ORIENTED_EDGE ( 'NONE', *, *, #400, .F. ) ;
#2386 = CARTESIAN_POINT ( 'NONE',  ( 4.696372531417631002, 10.40004687504958625, -1.753001570849887614 ) ) ;
#2387 = CARTESIAN_POINT ( 'NONE',  ( 6.469203430412938438, -7.438665600325211180, 4.240000000000001101 ) ) ;
#2388 = CYLINDRICAL_SURFACE ( 'NONE', #423, 3.635000000000000231 ) ;
#2389 = ORIENTED_EDGE ( 'NONE', *, *, #35, .F. ) ;
#2390 = DIRECTION ( 'NONE',  ( 7.436198720909174079E-16, -1.000000000000000000, 0.000000000000000000 ) ) ;
#2391 = CARTESIAN_POINT ( 'NONE',  ( 3.366387837112243542, -10.89649544561490124, 1.390105118094075554 ) ) ;
#2392 = FACE_OUTER_BOUND ( 'NONE', #1615, .T. ) ;
#2393 = CARTESIAN_POINT ( 'NONE',  ( 6.938893903907228378E-15, -7.433558726274055672, 4.240001046483275360 ) ) ;
#2394 = EDGE_LOOP ( 'NONE', ( #1125, #1482, #1311, #646, #1176, #518, #2204, #1427 ) ) ;
#2395 = CARTESIAN_POINT ( 'NONE',  ( 9.042999714909132791, -7.229692820904214834, -3.406836510149214625 ) ) ;
#2396 = CARTESIAN_POINT ( 'NONE',  ( 3.813616430912201594, 9.957381269815565261, -1.986735793898959379 ) ) ;
#2397 = ORIENTED_EDGE ( 'NONE', *, *, #1746, .T. ) ;
#2398 = DIRECTION ( 'NONE',  ( 1.000000000000000000, 0.000000000000000000, 0.000000000000000000 ) ) ;
#2399 = ADVANCED_FACE ( 'NONE', ( #93 ), #40, .F. ) ;
#2400 = CARTESIAN_POINT ( 'NONE',  ( 9.681769098174028088, -8.219515785287521581, 2.680618825951707418 ) ) ;
#2401 = ORIENTED_EDGE ( 'NONE', *, *, #46, .T. ) ;
#2402 = EDGE_CURVE ( 'NONE', #1299, #1802, #2015, .T. ) ;
#2403 = FACE_OUTER_BOUND ( 'NONE', #278, .T. ) ;
#2404 = CARTESIAN_POINT ( 'NONE',  ( 8.199999999999999289, 6.261999999999995126, 4.834999999999995524 ) ) ;
#2405 = CARTESIAN_POINT ( 'NONE',  ( 3.826816413921112492, 9.963309350945946719, 1.976814751764123468 ) ) ;
#2406 = DIRECTION ( 'NONE',  ( -1.000000000000000000, -7.885106708985487062E-16, 0.000000000000000000 ) ) ;
#2407 = CARTESIAN_POINT ( 'NONE',  ( 8.199999999999999289, 6.261999999999995126, -3.006671916513725129E-15 ) ) ;
#2408 = VECTOR ( 'NONE', #1224, 1000.000000000000000 ) ;
#2409 = VECTOR ( 'NONE', #535, 1000.000000000000000 ) ;
#2410 = CARTESIAN_POINT ( 'NONE',  ( 4.550000000000000711, -7.994425885258173103, 3.777598799346466585 ) ) ;
#2411 = CARTESIAN_POINT ( 'NONE',  ( 3.227215352418117078, 9.841089713922293924, -2.104785448425197991 ) ) ;
#2412 = AXIS2_PLACEMENT_3D ( 'NONE', #2135, #651, #1220 ) ;
#2413 = ORIENTED_EDGE ( 'NONE', *, *, #1639, .F. ) ;
#2414 = CARTESIAN_POINT ( 'NONE',  ( 9.739860177897259774, -8.025203555346362094, -3.694424377442985907 ) ) ;
#2415 = DIRECTION ( 'NONE',  ( 9.637352644315561223E-16, -1.000000000000000000, 0.000000000000000000 ) ) ;
#2416 = CARTESIAN_POINT ( 'NONE',  ( 7.973202233184592203, 7.661609170734609009, -3.144311057959683353 ) ) ;
#2417 = ORIENTED_EDGE ( 'NONE', *, *, #1685, .T. ) ;
#2418 = ADVANCED_FACE ( 'NONE', ( #1740 ), #1980, .T. ) ;
#2419 = DIRECTION ( 'NONE',  ( -1.000000000000000000, 8.326672684688676518E-17, 8.326672684688676518E-17 ) ) ;
#2420 = CARTESIAN_POINT ( 'NONE',  ( 1.150000000000000133, -7.994428006671185472, 3.777593527711195609 ) ) ;
#2421 = PLANE ( 'NONE',  #318 ) ;
#2422 = CARTESIAN_POINT ( 'NONE',  ( 6.566085274711305431, -7.473092168451866080, -4.238854590919160614 ) ) ;
#2423 = FACE_OUTER_BOUND ( 'NONE', #792, .T. ) ;
#2424 = CARTESIAN_POINT ( 'NONE',  ( 5.335661450074966616, 10.89276641004906487, 1.408980609674755691 ) ) ;
#2425 = EDGE_LOOP ( 'NONE', ( #1160, #2303, #238, #590 ) ) ;
#2426 = B_SPLINE_CURVE_WITH_KNOTS ( 'NONE', 3,
 ( #2387, #687, #2174, #295 ),
 .UNSPECIFIED., .F., .F.,
 ( 4, 4 ),
 ( -0.01706970037178479060, 0.4430443171335118335 ),
 .UNSPECIFIED. ) ;
#2427 = CARTESIAN_POINT ( 'NONE',  ( 2.999999999999996003, -11.56324837155468721, 4.314393433970611369 ) ) ;
#2428 = CARTESIAN_POINT ( 'NONE',  ( 10.98563728577272158, 0.07983643371689660984, 2.339049535512328859 ) ) ;
#2429 = CARTESIAN_POINT ( 'NONE',  ( 3.826816413921113380, 8.697426056467001843, -1.721469931994977998 ) ) ;
#2430 = ORIENTED_EDGE ( 'NONE', *, *, #606, .F. ) ;
#2431 = DIRECTION ( 'NONE',  ( -0.1253332335643046469, -0.9921147013144777649, 1.997510010795496743E-16 ) ) ;
#2432 = DIRECTION ( 'NONE',  ( 1.000000000000000000, -8.326672684688675286E-17, -8.326672684688675286E-17 ) ) ;
#2433 = PLANE ( 'NONE',  #1096 ) ;
#2434 = ADVANCED_FACE ( 'NONE', ( #1553 ), #839, .F. ) ;
#2435 = CARTESIAN_POINT ( 'NONE',  ( 0.000000000000000000, -7.482739675816291403, 4.238289216501263112 ) ) ;
#2436 = CARTESIAN_POINT ( 'NONE',  ( 8.719416024538103827, -8.166797106988155974, -3.063206273558766846 ) ) ;
#2437 = CARTESIAN_POINT ( 'NONE',  ( 5.054171459043739212, 10.57854396054478130, -2.205557100358378264 ) ) ;
#2438 = ORIENTED_EDGE ( 'NONE', *, *, #455, .T. ) ;
#2439 = B_SPLINE_SURFACE_WITH_KNOTS ( 'NONE', 3, 1, ( 
 ( #1549, #2291 ),
 ( #1559, #39 ),
 ( #1903, #411 ),
 ( #402, #1179 ),
 ( #2280, #1189 ),
 ( #588, #952 ) ),
 .UNSPECIFIED., .F., .F., .F.,
 ( 4, 2, 4 ),
 ( 2, 2 ),
 ( 0.000000000000000000, 0.5000000000000000000, 1.000000000000000000 ),
 ( 0.000000000000000000, 1.000000000000000000 ),
 .UNSPECIFIED. ) ;
#2440 = CARTESIAN_POINT ( 'NONE',  ( 9.681769560534050356, -8.219516316934457834, -2.680618182138226224 ) ) ;
#2441 = VERTEX_POINT ( 'NONE', #1952 ) ;
#2442 = CARTESIAN_POINT ( 'NONE',  ( 6.469203430413004163, -7.438665600325229832, -4.240000000000001101 ) ) ;
#2443 = CARTESIAN_POINT ( 'NONE',  ( 4.800000000000000711, -8.063165650243943716, 3.591605530212485409 ) ) ;
#2444 = CARTESIAN_POINT ( 'NONE',  ( 6.843385053803126894, -7.571014715417753393, 4.222938665135108849 ) ) ;
#2445 = EDGE_CURVE ( 'NONE', #531, #175, #65, .T. ) ;
#2446 = CARTESIAN_POINT ( 'NONE',  ( 7.993865246536479674, 7.339460220013616976, -3.471642907081345264 ) ) ;
#2447 = CARTESIAN_POINT ( 'NONE',  ( 5.338438402129150440, 10.89245985459006505, -1.425716774756528471 ) ) ;
#2448 = VECTOR ( 'NONE', #91, 1000.000000000000000 ) ;
#2449 = VERTEX_POINT ( 'NONE', #831 ) ;
#2450 = AXIS2_PLACEMENT_3D ( 'NONE', #1004, #1605, #456 ) ;
#2451 = DIRECTION ( 'NONE',  ( -0.1253332335643046469, -0.9921147013144777649, 1.997510010795496743E-16 ) ) ;
#2452 = CARTESIAN_POINT ( 'NONE',  ( 11.70121885726354627, 1.058741732746713682, 0.9953389410221991085 ) ) ;
#2453 = AXIS2_PLACEMENT_3D ( 'NONE', #1862, #1898, #768 ) ;
#2454 = CARTESIAN_POINT ( 'NONE',  ( 4.310069203795346304, 10.16214530804991156, 1.627458582313545010 ) ) ;
#2455 = ORIENTED_EDGE ( 'NONE', *, *, #568, .F. ) ;
ENDSEC;
END-ISO-10303-21;
