ISO-10303-21;
HEADER;
FILE_DESCRIPTION (( 'STEP AP214' ),
    '1' );
FILE_NAME ('Shell 000#_Male.STEP',
    '2026-09-07T07:12:43',
    ( '' ),
    ( '' ),
    'SwSTEP 2.0',
    'SolidWorks 2026',
    '' );
FILE_SCHEMA (( 'AUTOMOTIVE_DESIGN' ));
ENDSEC;

DATA;
#1 = ORIENTED_EDGE ( 'NONE', *, *, #2977, .F. ) ;
#2 = DIRECTION ( 'NONE',  ( 0.000000000000000000, -0.000000000000000000, -1.000000000000000000 ) ) ;
#3 = CARTESIAN_POINT ( 'NONE',  ( -5.649999999999997691, 0.000000000000000000, 6.025001781060429273 ) ) ;
#4 = CARTESIAN_POINT ( 'NONE',  ( -0.2936459196440331931, 12.50800442368691989, 6.512911561678018657 ) ) ;
#5 = VERTEX_POINT ( 'NONE', #1632 ) ;
#6 = CARTESIAN_POINT ( 'NONE',  ( -1.940366189830810884, 12.99600989861584210, 8.460248140719869525 ) ) ;
#7 = CARTESIAN_POINT ( 'NONE',  ( 1.804303370218719671, 12.72413489946054099, 7.996180999443323500 ) ) ;
#8 = FACE_OUTER_BOUND ( 'NONE', #1603, .T. ) ;
#9 = EDGE_CURVE ( 'NONE', #3598, #1446, #2450, .T. ) ;
#10 = CARTESIAN_POINT ( 'NONE',  ( 3.908909270775134281, 10.72417989010810935, 6.025001781060470130 ) ) ;
#11 = EDGE_CURVE ( 'NONE', #3305, #1081, #1021, .T. ) ;
#12 = ORIENTED_EDGE ( 'NONE', *, *, #2568, .F. ) ;
#13 = AXIS2_PLACEMENT_3D ( 'NONE', #1062, #1906, #3263 ) ;
#14 = LINE ( 'NONE', #2023, #2813 ) ;
#15 = CARTESIAN_POINT ( 'NONE',  ( -3.481004389000421639, 11.71143534166026612, 7.706916219902731235 ) ) ;
#16 = EDGE_CURVE ( 'NONE', #600, #3305, #1553, .T. ) ;
#17 = VERTEX_POINT ( 'NONE', #2693 ) ;
#18 = DIRECTION ( 'NONE',  ( -1.000000000000000000, 0.000000000000000000, 0.000000000000000000 ) ) ;
#19 = CARTESIAN_POINT ( 'NONE',  ( 4.479528155814493928, 11.75136741284299724, 3.785907651991612166 ) ) ;
#20 = CARTESIAN_POINT ( 'NONE',  ( 4.594115944068596136, 10.97835978636784127, 6.593294424620477656 ) ) ;
#21 = CARTESIAN_POINT ( 'NONE',  ( 2.995374293989781389, 11.66866482124282989, 6.392708210469259633 ) ) ;
#22 = VERTEX_POINT ( 'NONE', #2413 ) ;
#23 = CARTESIAN_POINT ( 'NONE',  ( -1.884005995287116653, 13.01613946181144676, 8.460548309665162137 ) ) ;
#24 = CARTESIAN_POINT ( 'NONE',  ( 3.656409213340141129, 11.74483995682989423, 7.996218102167587993 ) ) ;
#25 = VECTOR ( 'NONE', #2879, 1000.000000000000000 ) ;
#26 = CARTESIAN_POINT ( 'NONE',  ( -3.890001178306462304, 11.24988367277844503, 6.262144601828831370 ) ) ;
#27 = CARTESIAN_POINT ( 'NONE',  ( 3.599053910846948590, 10.90413151938586722, 7.291962417306125488 ) ) ;
#28 = VERTEX_POINT ( 'NONE', #252 ) ;
#29 = CARTESIAN_POINT ( 'NONE',  ( -4.570178042379673400, 10.98856931894266964, 6.743188662658479160 ) ) ;
#30 = CARTESIAN_POINT ( 'NONE',  ( 1.351827002467245771E-15, -7.689499999999998892, 10.00000000000000000 ) ) ;
#31 = EDGE_CURVE ( 'NONE', #1117, #1729, #1847, .T. ) ;
#32 = ORIENTED_EDGE ( 'NONE', *, *, #574, .F. ) ;
#33 = LINE ( 'NONE', #2087, #3567 ) ;
#34 = CARTESIAN_POINT ( 'NONE',  ( -4.438227828205052461, 11.77928218928179405, 3.784937212480346425 ) ) ;
#35 = CARTESIAN_POINT ( 'NONE',  ( 4.586608169675066904, 10.98882408912026953, 6.939520440009974145 ) ) ;
#36 = CARTESIAN_POINT ( 'NONE',  ( 3.840040403428275795, 11.28859322521702957, 6.392736372001749601 ) ) ;
#37 = ORIENTED_EDGE ( 'NONE', *, *, #887, .F. ) ;
#38 = CARTESIAN_POINT ( 'NONE',  ( -2.105535682249372142E-17, -13.48949999999999960, 6.680466256987264373 ) ) ;
#39 = CARTESIAN_POINT ( 'NONE',  ( -1.746605916085471000, 13.06299463756282009, 8.461290345707144667 ) ) ;
#40 = VECTOR ( 'NONE', #2974, 1000.000000000000000 ) ;
#41 = CARTESIAN_POINT ( 'NONE',  ( 3.839899561448995247, 11.64059958465377598, 7.996220558284840685 ) ) ;
#42 = CARTESIAN_POINT ( 'NONE',  ( -4.569212827164356838, 10.98765287245906386, 6.135712751458190617 ) ) ;
#43 = CARTESIAN_POINT ( 'NONE',  ( 4.423457955526280294, 11.04169251643459226, 6.025001781060248085 ) ) ;
#44 = ORIENTED_EDGE ( 'NONE', *, *, #3046, .F. ) ;
#45 = DIRECTION ( 'NONE',  ( 0.000000000000000000, -0.000000000000000000, -1.000000000000000000 ) ) ;
#46 = EDGE_LOOP ( 'NONE', ( #2152, #335, #1676, #3425 ) ) ;
#47 = DIRECTION ( 'NONE',  ( 0.000000000000000000, 0.000000000000000000, 1.000000000000000000 ) ) ;
#48 = CARTESIAN_POINT ( 'NONE',  ( -2.687988767607381035, 12.68554724304455128, 3.540116344439955043 ) ) ;
#49 = DIRECTION ( 'NONE',  ( -0.000000000000000000, -0.000000000000000000, -1.000000000000000000 ) ) ;
#50 = EDGE_CURVE ( 'NONE', #2222, #895, #344, .T. ) ;
#51 = CARTESIAN_POINT ( 'NONE',  ( 1.400277653077960593, 12.33091321944502106, 6.513066877257864817 ) ) ;
#52 = EDGE_CURVE ( 'NONE', #17, #2697, #2967, .T. ) ;
#53 = VERTEX_POINT ( 'NONE', #1865 ) ;
#54 = CARTESIAN_POINT ( 'NONE',  ( 4.449999999999997513, 6.708520739398998955, 6.890001751105001127 ) ) ;
#55 = CARTESIAN_POINT ( 'NONE',  ( -1.273167275485602268, 13.19418610680341786, 8.463721188828781550 ) ) ;
#56 = CARTESIAN_POINT ( 'NONE',  ( -2.524231364796071464, 12.40219919047436115, 7.995653292881973684 ) ) ;
#57 = DIRECTION ( 'NONE',  ( -0.000000000000000000, -0.000000000000000000, -1.000000000000000000 ) ) ;
#58 = CARTESIAN_POINT ( 'NONE',  ( 4.257707333184433729, 11.02521086163534392, 6.025001781060471018 ) ) ;
#59 = AXIS2_PLACEMENT_3D ( 'NONE', #2941, #2983, #1837 ) ;
#60 = ORIENTED_EDGE ( 'NONE', *, *, #352, .T. ) ;
#61 = CARTESIAN_POINT ( 'NONE',  ( 5.050000000000002487, -2.129508668001012683, 4.225001781060453432 ) ) ;
#62 = CARTESIAN_POINT ( 'NONE',  ( -3.766444311957274582, 9.952883864965020422, 7.155100143319055306 ) ) ;
#63 = VERTEX_POINT ( 'NONE', #175 ) ;
#64 = CARTESIAN_POINT ( 'NONE',  ( -4.570598584815863674, 10.98725066497237712, 6.025001781060435491 ) ) ;
#65 = CARTESIAN_POINT ( 'NONE',  ( -4.225524743793312332, 11.87597140761896419, 3.784976804482489410 ) ) ;
#66 = CARTESIAN_POINT ( 'NONE',  ( -1.250000000000000000, -13.48949999999999960, 6.680466256987264373 ) ) ;
#67 = CARTESIAN_POINT ( 'NONE',  ( -2.973641881865306313, 11.67907341249111397, 5.994541436423348912 ) ) ;
#68 = ORIENTED_EDGE ( 'NONE', *, *, #809, .T. ) ;
#69 = EDGE_CURVE ( 'NONE', #3170, #1164, #3549, .T. ) ;
#70 = CARTESIAN_POINT ( 'NONE',  ( -5.049999999999998934, 7.689500000000001556, -23.18283361322050951 ) ) ;
#71 = FACE_OUTER_BOUND ( 'NONE', #1114, .T. ) ;
#72 = CARTESIAN_POINT ( 'NONE',  ( -4.225976318025211675, 11.17884437801867392, 7.290809724515986190 ) ) ;
#73 = ADVANCED_FACE ( 'NONE', ( #754, #2552 ), #872, .F. ) ;
#74 = CARTESIAN_POINT ( 'NONE',  ( -3.890001178303472695, 10.52221121693212780, 6.750001763332006632 ) ) ;
#75 = FACE_OUTER_BOUND ( 'NONE', #1481, .T. ) ;
#76 = ORIENTED_EDGE ( 'NONE', *, *, #515, .T. ) ;
#77 = CARTESIAN_POINT ( 'NONE',  ( 4.686769054560027570, 10.99284491545090958, 5.320652760490710342 ) ) ;
#78 = CARTESIAN_POINT ( 'NONE',  ( -4.592962119847151747, 10.97997093263433932, 6.754108137366401365 ) ) ;
#79 = PLANE ( 'NONE',  #1759 ) ;
#80 = AXIS2_PLACEMENT_3D ( 'NONE', #1706, #1178, #877 ) ;
#81 = VERTEX_POINT ( 'NONE', #54 ) ;
#82 = LINE ( 'NONE', #3096, #1055 ) ;
#83 = CARTESIAN_POINT ( 'NONE',  ( 3.949704630434682784, 11.98529801311535437, 3.785889231971216518 ) ) ;
#84 = DIRECTION ( 'NONE',  ( -0.000000000000000000, -0.000000000000000000, -1.000000000000000000 ) ) ;
#85 = CARTESIAN_POINT ( 'NONE',  ( -0.8510988967806291106, 12.43148881981879228, 5.994900635799552902 ) ) ;
#86 = VERTEX_POINT ( 'NONE', #2329 ) ;
#87 = CARTESIAN_POINT ( 'NONE',  ( -1.050000000000000711, 10.10852073939899931, 10.00000000000000000 ) ) ;
#88 = CARTESIAN_POINT ( 'NONE',  ( 2.602085213965210247E-15, -7.689499999999997115, 15.65000000000000036 ) ) ;
#89 = CARTESIAN_POINT ( 'NONE',  ( -4.603324272431804864, 11.02344235058714972, 7.290742210728735628 ) ) ;
#90 = PRODUCT_RELATED_PRODUCT_CATEGORY ( 'part', '', ( #1925 ) ) ;
#91 = CARTESIAN_POINT ( 'NONE',  ( -3.481004389000440291, 11.71143534166025368, 7.706916219902717025 ) ) ;
#92 = CARTESIAN_POINT ( 'NONE',  ( -4.013348944718247324, 11.86840257374178798, 8.514366291093702799 ) ) ;
#93 = ADVANCED_FACE ( 'NONE', ( #3171 ), #1783, .F. ) ;
#94 = EDGE_CURVE ( 'NONE', #3298, #600, #888, .T. ) ;
#95 = VECTOR ( 'NONE', #1584, 1000.000000000000000 ) ;
#96 = EDGE_LOOP ( 'NONE', ( #1489, #3359, #586, #3092 ) ) ;
#97 = CARTESIAN_POINT ( 'NONE',  ( -3.631198688530255403, 11.68320730378919237, 4.797599865494539095 ) ) ;
#98 = DIRECTION ( 'NONE',  ( -1.560005557916149363E-16, 1.000000000000000000, 0.000000000000000000 ) ) ;
#99 = LINE ( 'NONE', #932, #2295 ) ;
#100 = AXIS2_PLACEMENT_3D ( 'NONE', #744, #2979, #1564 ) ;
#101 = ORIENTED_EDGE ( 'NONE', *, *, #1746, .F. ) ;
#102 = CARTESIAN_POINT ( 'NONE',  ( 3.480770886582573276, 11.71018790639667628, 7.706304058074350039 ) ) ;
#103 = DIRECTION ( 'NONE',  ( -0.000000000000000000, -0.000000000000000000, -1.000000000000000000 ) ) ;
#104 = CARTESIAN_POINT ( 'NONE',  ( 3.949433295403710797, 11.23739114190272659, 5.597708041936153123 ) ) ;
#105 = ORIENTED_EDGE ( 'NONE', *, *, #3482, .F. ) ;
#106 = CARTESIAN_POINT ( 'NONE',  ( -2.105535682249372142E-17, -13.48949999999999960, 6.680466256987264373 ) ) ;
#107 = CARTESIAN_POINT ( 'NONE',  ( -0.2991047569392207284, 12.38557547675131154, 7.390001751104989580 ) ) ;
#108 = CARTESIAN_POINT ( 'NONE',  ( 3.472966626847294513, 11.55025831592290508, 7.291714342554110218 ) ) ;
#109 = CARTESIAN_POINT ( 'NONE',  ( -4.739240320673963502, 9.719591196608888595, 5.387548446901682553 ) ) ;
#110 = ORIENTED_EDGE ( 'NONE', *, *, #1495, .T. ) ;
#111 = CARTESIAN_POINT ( 'NONE',  ( 3.889998638297635036, 9.850613276541871244, 5.485472910996533003 ) ) ;
#112 = VECTOR ( 'NONE', #176, 1000.000000000000000 ) ;
#113 = DIRECTION ( 'NONE',  ( 1.000000000000000000, 0.000000000000000000, 0.000000000000000000 ) ) ;
#114 = ORIENTED_EDGE ( 'NONE', *, *, #2481, .T. ) ;
#115 = CARTESIAN_POINT ( 'NONE',  ( -4.225685551703930010, 11.36430778286179155, 4.797480989244711225 ) ) ;
#116 = EDGE_CURVE ( 'NONE', #1930, #1068, #667, .T. ) ;
#117 = EDGE_CURVE ( 'NONE', #2258, #17, #3614, .T. ) ;
#118 = CARTESIAN_POINT ( 'NONE',  ( 3.623008200124038236, 11.63053932040013727, 7.709939156683427441 ) ) ;
#119 = FACE_OUTER_BOUND ( 'NONE', #2546, .T. ) ;
#120 = VERTEX_POINT ( 'NONE', #3432 ) ;
#121 = EDGE_CURVE ( 'NONE', #53, #566, #318, .T. ) ;
#122 = AXIS2_PLACEMENT_3D ( 'NONE', #2387, #725, #1818 ) ;
#123 = CARTESIAN_POINT ( 'NONE',  ( 1.351827002467245771E-15, -7.689499999999998892, 10.00000000000000000 ) ) ;
#124 = CARTESIAN_POINT ( 'NONE',  ( -2.105535682249372142E-17, -13.48949999999999960, 6.025001781060452366 ) ) ;
#125 = CARTESIAN_POINT ( 'NONE',  ( 3.398911866280042826, 11.47940503960324854, 5.995204545546047648 ) ) ;
#126 = ORIENTED_EDGE ( 'NONE', *, *, #2066, .T. ) ;
#127 = DIRECTION ( 'NONE',  ( -0.000000000000000000, 0.000000000000000000, 1.000000000000000000 ) ) ;
#128 = CARTESIAN_POINT ( 'NONE',  ( -1.530360612387265506, 12.47592622462451573, 7.390001751102378336 ) ) ;
#129 = CARTESIAN_POINT ( 'NONE',  ( -4.438678683773478184, 11.08949504270760755, 7.290771372461954059 ) ) ;
#130 = DIRECTION ( 'NONE',  ( -0.000000000000000000, -0.000000000000000000, -1.000000000000000000 ) ) ;
#131 = ORIENTED_EDGE ( 'NONE', *, *, #2233, .F. ) ;
#132 = CARTESIAN_POINT ( 'NONE',  ( -4.570178042379244410, 10.98856931894284017, 6.743188662658479160 ) ) ;
#133 = CARTESIAN_POINT ( 'NONE',  ( -1.408799998995662328, 13.21301095854042451, 8.514878232298658034 ) ) ;
#134 = ORIENTED_EDGE ( 'NONE', *, *, #3369, .T. ) ;
#135 = CARTESIAN_POINT ( 'NONE',  ( -1.408455816066866317, 12.57790631892211763, 4.797994056576134980 ) ) ;
#136 = CARTESIAN_POINT ( 'NONE',  ( 3.525951472281735555, 11.53384202828293503, 7.368075062845076850 ) ) ;
#137 = DIRECTION ( 'NONE',  ( 1.827122349717732326E-32, -1.619815204292807188E-16, 1.000000000000000000 ) ) ;
#138 = ORIENTED_EDGE ( 'NONE', *, *, #1963, .F. ) ;
#139 = DIRECTION ( 'NONE',  ( 0.000000000000000000, 0.000000000000000000, -1.000000000000000000 ) ) ;
#140 = CARTESIAN_POINT ( 'NONE',  ( 2.995770051185549399, 12.52579238482690016, 3.540710876247339378 ) ) ;
#141 = CARTESIAN_POINT ( 'NONE',  ( -2.688343011908027158, 11.80851602778539444, 5.994594499538344223 ) ) ;
#142 = VECTOR ( 'NONE', #3225, 1000.000000000000000 ) ;
#143 = EDGE_CURVE ( 'NONE', #2570, #1927, #3119, .T. ) ;
#144 = VERTEX_POINT ( 'NONE', #629 ) ;
#145 = FILL_AREA_STYLE ('',( #3231 ) ) ;
#146 = LINE ( 'NONE', #88, #612 ) ;
#147 = CARTESIAN_POINT ( 'NONE',  ( -0.2937149404532425900, 12.67244679321956546, 7.291492019231633925 ) ) ;
#148 = FACE_OUTER_BOUND ( 'NONE', #2040, .T. ) ;
#149 = ORIENTED_EDGE ( 'NONE', *, *, #3024, .F. ) ;
#150 = FACE_OUTER_BOUND ( 'NONE', #3134, .T. ) ;
#151 = CARTESIAN_POINT ( 'NONE',  ( 4.478998701018981343, 11.62495215537226478, 8.515253803518586295 ) ) ;
#152 = ORIENTED_EDGE ( 'NONE', *, *, #1415, .T. ) ;
#153 = CARTESIAN_POINT ( 'NONE',  ( -4.520628385617679434, 11.49956903756487669, 4.275211641581808664 ) ) ;
#154 = CARTESIAN_POINT ( 'NONE',  ( -5.649999999999997691, 0.000000000000000000, 6.025001781060429273 ) ) ;
#155 = CARTESIAN_POINT ( 'NONE',  ( 4.410689520190356205, 2.002661781275172359, 6.825001781060429096 ) ) ;
#156 = CARTESIAN_POINT ( 'NONE',  ( -1.412538234306535448E-15, 7.689499999999998892, 7.390001751105000238 ) ) ;
#157 = AXIS2_PLACEMENT_3D ( 'NONE', #2132, #205, #2461 ) ;
#158 = ORIENTED_EDGE ( 'NONE', *, *, #3192, .F. ) ;
#159 = CARTESIAN_POINT ( 'NONE',  ( 4.410689520190356205, -2.002661781275184349, 6.825001781060429096 ) ) ;
#160 = DIRECTION ( 'NONE',  ( 1.000000000000000000, 0.000000000000000000, 0.000000000000000000 ) ) ;
#161 = AXIS2_PLACEMENT_3D ( 'NONE', #3114, #1748, #2027 ) ;
#162 = CARTESIAN_POINT ( 'NONE',  ( 2.867942236037943182, 11.84710092796951386, 5.320598174964634275 ) ) ;
#163 = VECTOR ( 'NONE', #3207, 1000.000000000000000 ) ;
#164 = ORIENTED_EDGE ( 'NONE', *, *, #2247, .T. ) ;
#165 = CARTESIAN_POINT ( 'NONE',  ( -4.593613878669071227, 10.97906099407184577, 6.148447219332871860 ) ) ;
#166 = EDGE_CURVE ( 'NONE', #2212, #1151, #3450, .T. ) ;
#167 = EDGE_CURVE ( 'NONE', #2026, #81, #353, .T. ) ;
#168 = CARTESIAN_POINT ( 'NONE',  ( -0.5859330145380727828, 12.35858711371893293, 7.390001751105004679 ) ) ;
#169 = CARTESIAN_POINT ( 'NONE',  ( -3.380047803174675902, 11.51130286827206817, 6.812063668796627169 ) ) ;
#170 = DIRECTION ( 'NONE',  ( 1.000000000000000000, 0.000000000000000000, 0.000000000000000000 ) ) ;
#171 = VERTEX_POINT ( 'NONE', #87 ) ;
#172 = CARTESIAN_POINT ( 'NONE',  ( 4.375754413928737208, 11.69572160186566023, 4.031052249217448313 ) ) ;
#173 = CARTESIAN_POINT ( 'NONE',  ( 2.062245977714384892, 12.94981714426366182, 8.459765924388396030 ) ) ;
#174 = CARTESIAN_POINT ( 'NONE',  ( -4.438758235369192562, 11.64314016168965082, 8.514281720835318978 ) ) ;
#175 = CARTESIAN_POINT ( 'NONE',  ( 3.889998638297447187, 10.51968052100145812, 5.985526424042876492 ) ) ;
#176 = DIRECTION ( 'NONE',  ( 0.000000000000000000, 1.000000000000000000, 0.000000000000000000 ) ) ;
#177 = FACE_OUTER_BOUND ( 'NONE', #981, .T. ) ;
#178 = DIRECTION ( 'NONE',  ( -1.000000000000000000, 0.000000000000000000, 0.000000000000000000 ) ) ;
#179 = ORIENTED_EDGE ( 'NONE', *, *, #764, .F. ) ;
#180 = CARTESIAN_POINT ( 'NONE',  ( 3.889998638299317690, 3.339499999999997026, 1.193278744325025652E-12 ) ) ;
#181 = LINE ( 'NONE', #3270, #1202 ) ;
#182 = CARTESIAN_POINT ( 'NONE',  ( -4.520785338434925471, 11.06293211563278511, 5.319657755438507607 ) ) ;
#183 = VECTOR ( 'NONE', #430, 1000.000000000000000 ) ;
#184 = ORIENTED_EDGE ( 'NONE', *, *, #737, .F. ) ;
#185 = CARTESIAN_POINT ( 'NONE',  ( -4.593428316538807010, 10.97932010162138283, 6.503693503449272661 ) ) ;
#186 = CARTESIAN_POINT ( 'NONE',  ( 0.5702816738765038584, 12.36088066134468910, 7.390001751105010896 ) ) ;
#187 = CARTESIAN_POINT ( 'NONE',  ( -4.520921211238052351, 11.00688499777958995, 6.512195737456083933 ) ) ;
#188 = EDGE_CURVE ( 'NONE', #2269, #2473, #393, .T. ) ;
#189 = CARTESIAN_POINT ( 'NONE',  ( 1.351827002467245771E-15, -7.689499999999998892, 10.00000000000000000 ) ) ;
#190 = ORIENTED_EDGE ( 'NONE', *, *, #3024, .T. ) ;
#191 = CARTESIAN_POINT ( 'NONE',  ( 3.656833339063651156, 11.92253215316005033, 4.276177293361285159 ) ) ;
#192 = CARTESIAN_POINT ( 'NONE',  ( 1.639160847780878560, 13.09697423193589216, 8.461945064399953864 ) ) ;
#193 = CARTESIAN_POINT ( 'NONE',  ( -1.408794997314969155, 13.07092705382227038, 8.341865564025965796 ) ) ;
#194 = EDGE_CURVE ( 'NONE', #2248, #3029, #3490, .T. ) ;
#195 = CARTESIAN_POINT ( 'NONE',  ( -3.246785317256090764, 12.31350859787858631, 8.456039115269144091 ) ) ;
#196 = VECTOR ( 'NONE', #2043, 1000.000000000000000 ) ;
#197 = LINE ( 'NONE', #2181, #3158 ) ;
#198 = CARTESIAN_POINT ( 'NONE',  ( 4.449999999999998401, 1.470491331998986295, 7.196037656365388280 ) ) ;
#199 = CARTESIAN_POINT ( 'NONE',  ( -4.450000000000001066, 7.037961971382593163, 7.016335757116031857 ) ) ;
#200 = EDGE_LOOP ( 'NONE', ( #628, #2946, #3344 ) ) ;
#201 = PLANE ( 'NONE',  #3155 ) ;
#202 = CARTESIAN_POINT ( 'NONE',  ( 1.351827002467245771E-15, -7.689499999999998892, 6.025001781060452366 ) ) ;
#203 = AXIS2_PLACEMENT_3D ( 'NONE', #1537, #2416, #2126 ) ;
#204 = VERTEX_POINT ( 'NONE', #2034 ) ;
#205 = DIRECTION ( 'NONE',  ( 0.000000000000000000, 0.000000000000000000, 1.000000000000000000 ) ) ;
#206 = DIRECTION ( 'NONE',  ( -0.000000000000000000, -0.000000000000000000, -1.000000000000000000 ) ) ;
#207 = VECTOR ( 'NONE', #1357, 1000.000000000000000 ) ;
#208 = LINE ( 'NONE', #722, #207 ) ;
#209 = CIRCLE ( 'NONE', #324, 1.250000000000000000 ) ;
#210 = CARTESIAN_POINT ( 'NONE',  ( -4.685566392200257724, 10.94499620428214470, 6.512167279142554221 ) ) ;
#211 =( BOUNDED_CURVE ( )  B_SPLINE_CURVE ( 3, ( #1674, #2526, #2249, #1130 ),
 .UNSPECIFIED., .F., .T. ) 
 B_SPLINE_CURVE_WITH_KNOTS ( ( 4, 4 ),
 ( 4.712388978051522237, 4.815557503564650510 ),
 .UNSPECIFIED. ) 
 CURVE ( )  GEOMETRIC_REPRESENTATION_ITEM ( )  RATIONAL_B_SPLINE_CURVE ( ( 1.000000000000000000, 0.9991132179439891070, 0.9991132179439891070, 1.000000000000000000 ) ) 
 REPRESENTATION_ITEM ( '' )  );
#212 = ORIENTED_EDGE ( 'NONE', *, *, #469, .T. ) ;
#213 = CARTESIAN_POINT ( 'NONE',  ( 2.868097208568401335, 12.26351270425380946, 4.276148644414366373 ) ) ;
#214 = VECTOR ( 'NONE', #591, 1000.000000000000000 ) ;
#215 = CARTESIAN_POINT ( 'NONE',  ( 2.289835451627884488, 12.85481135868953650, 8.458637566682968512 ) ) ;
#216 = CARTESIAN_POINT ( 'NONE',  ( 3.398725626100226549, 12.00480076491633596, 8.169222505366697362 ) ) ;
#217 = CIRCLE ( 'NONE', #2260, 1.000000000000000000 ) ;
#218 = VERTEX_POINT ( 'NONE', #2625 ) ;
#219 = CARTESIAN_POINT ( 'NONE',  ( 0.6147476010544793423, 12.80857598449225954, 7.670927974629108803 ) ) ;
#220 = LINE ( 'NONE', #1578, #2777 ) ;
#221 = ADVANCED_FACE ( 'NONE', ( #1439 ), #2908, .F. ) ;
#222 = CARTESIAN_POINT ( 'NONE',  ( -4.403274096557210804, 7.364727763560545704, 7.142789887437053231 ) ) ;
#223 = EDGE_CURVE ( 'NONE', #426, #330, #2259, .T. ) ;
#224 = ORIENTED_EDGE ( 'NONE', *, *, #847, .F. ) ;
#225 = CARTESIAN_POINT ( 'NONE',  ( 0.000000000000000000, 7.689500000000000668, -23.18283361322050951 ) ) ;
#226 = CARTESIAN_POINT ( 'NONE',  ( 4.566113553767721989, 10.98886879129664251, 6.264105158516494853 ) ) ;
#227 = ORIENTED_EDGE ( 'NONE', *, *, #1308, .F. ) ;
#228 = CARTESIAN_POINT ( 'NONE',  ( -5.650025000000002962, 4.999999999999998224, 6.025001781060432826 ) ) ;
#229 = CYLINDRICAL_SURFACE ( 'NONE', #3312, 1.250000000000000000 ) ;
#230 = CARTESIAN_POINT ( 'NONE',  ( -4.013194009268649332, 11.21530239216559011, 6.512286463664356262 ) ) ;
#231 = ORIENTED_EDGE ( 'NONE', *, *, #2316, .T. ) ;
#232 = CARTESIAN_POINT ( 'NONE',  ( 0.9424152322435608298, 13.26047939794105623, 8.464459972705297375 ) ) ;
#233 = CARTESIAN_POINT ( 'NONE',  ( 2.995231738825467005, 12.38950855678147533, 8.342232036777614823 ) ) ;
#234 = VECTOR ( 'NONE', #2235, 1000.000000000000114 ) ;
#235 = VERTEX_POINT ( 'NONE', #356 ) ;
#236 = CARTESIAN_POINT ( 'NONE',  ( 3.909440583314559792, 11.24051664612363588, 6.967686344828348588 ) ) ;
#237 = FACE_OUTER_BOUND ( 'NONE', #903, .T. ) ;
#238 = CARTESIAN_POINT ( 'NONE',  ( -0.03377189186398385501, -13.23949999999999960, 0.000000000000000000 ) ) ;
#239 = EDGE_CURVE ( 'NONE', #2708, #2292, #3198, .T. ) ;
#240 = EDGE_CURVE ( 'NONE', #2292, #1370, #3396, .T. ) ;
#241 = ORIENTED_EDGE ( 'NONE', *, *, #3191, .F. ) ;
#242 = DIRECTION ( 'NONE',  ( -1.000000000000000000, -1.535153518563546084E-16, 0.000000000000000000 ) ) ;
#243 = CARTESIAN_POINT ( 'NONE',  ( 5.050000000000006040, -7.689499999999998003, -23.18283361322050951 ) ) ;
#244 = EDGE_CURVE ( 'NONE', #1164, #2718, #1699, .T. ) ;
#245 = ORIENTED_EDGE ( 'NONE', *, *, #1800, .F. ) ;
#246 = CARTESIAN_POINT ( 'NONE',  ( 4.027170286457085524, 8.360738484220608058, 7.377266935524357194 ) ) ;
#247 = CARTESIAN_POINT ( 'NONE',  ( 4.449999999999998401, 0.7616276423128574002, -1.307535167130179810 ) ) ;
#248 = CARTESIAN_POINT ( 'NONE',  ( -2.524148790920998753, 11.92416681816164115, 6.812227003098108469 ) ) ;
#249 = EDGE_LOOP ( 'NONE', ( #2754, #1230, #590, #1514, #3632, #3244, #3372, #1157, #2381 ) ) ;
#250 = CARTESIAN_POINT ( 'NONE',  ( 1.305722812976836789, 13.18656031019099650, 8.463321247403937875 ) ) ;
#251 = CARTESIAN_POINT ( 'NONE',  ( 1.400151674270878388, 13.08658728763745849, 8.342175367177560474 ) ) ;
#252 = CARTESIAN_POINT ( 'NONE',  ( -4.449999999999998401, -4.002243707385003901, 3.625001781060453343 ) ) ;
#253 =( BOUNDED_SURFACE ( )  B_SPLINE_SURFACE ( 3, 2, ( 
 ( #939, #3212, #1775 ),
 ( #703, #1190, #1264 ),
 ( #1815, #2385, #2939 ),
 ( #2645, #2053, #2035 ),
 ( #3506, #1757, #1475 ),
 ( #2016, #128, #2071 ),
 ( #3172, #2626, #2363 ),
 ( #3153, #2609, #668 ),
 ( #3193, #3136, #107 ),
 ( #1226, #2311, #3434 ),
 ( #2347, #3467, #685 ),
 ( #2921, #2463, #1585 ),
 ( #3252, #3292, #448 ),
 ( #1624, #1605, #1856 ),
 ( #1545, #3570, #802 ),
 ( #2443, #2404, #745 ),
 ( #522, #1034, #1281 ),
 ( #994, #2760, #2480 ) ),
 .UNSPECIFIED., .F., .F., .F. ) 
 B_SPLINE_SURFACE_WITH_KNOTS ( ( 4, 2, 2, 2, 2, 2, 2, 2, 4 ),
 ( 3, 3 ),
 ( -1.296705798292663303E-16, 0.0008604102272978809670, 0.001720820454595891605, 0.002581230681893902350, 0.003441640909191912880, 0.004302051136489922975, 0.005162461363787933938, 0.006022871591085944901, 0.006883281818383955863 ),
 ( 0.000000000000000000, 1.000000000000000000 ),
 .UNSPECIFIED. ) 
 GEOMETRIC_REPRESENTATION_ITEM ( )  RATIONAL_B_SPLINE_SURFACE ( (
 ( 1.000000000000000000, 0.8264898857231464113, 1.000000000000000000),
 ( 1.000000000000000000, 0.8304012447820515730, 1.000000000000000000),
 ( 1.000000000000000000, 0.8362047975985489323, 1.000000000000000000),
 ( 1.000000000000000000, 0.8435227611797939673, 1.000000000000000000),
 ( 1.000000000000000000, 0.8453727746721095837, 1.000000000000000000),
 ( 1.000000000000000000, 0.8475717846588373128, 1.000000000000000000),
 ( 1.000000000000000000, 0.8478556440929349014, 1.000000000000000000),
 ( 1.000000000000000000, 0.8480591098808930584, 1.000000000000000000),
 ( 1.000000000000000000, 0.8480007581373013581, 1.000000000000000000),
 ( 1.000000000000000000, 0.8479718828331855862, 1.000000000000000000),
 ( 1.000000000000000000, 0.8479850141001810115, 1.000000000000000000),
 ( 1.000000000000000000, 0.8477350585061593780, 1.000000000000000000),
 ( 1.000000000000000000, 0.8474486523409008321, 1.000000000000000000),
 ( 1.000000000000000000, 0.8454335536006156726, 1.000000000000000000),
 ( 1.000000000000000000, 0.8437019187413405952, 1.000000000000000000),
 ( 1.000000000000000000, 0.8365192145743269858, 1.000000000000000000),
 ( 1.000000000000000000, 0.8307742906912958247, 1.000000000000000000),
 ( 1.000000000000000000, 0.8268601411548748281, 1.000000000000000000) ) ) 
 REPRESENTATION_ITEM ( '' )  SURFACE ( )  );
#254 = CARTESIAN_POINT ( 'NONE',  ( -5.649999999999998579, 7.689499999999998003, 6.025001781060429273 ) ) ;
#255 = VECTOR ( 'NONE', #3498, 1000.000000000000000 ) ;
#256 = DIRECTION ( 'NONE',  ( 1.000000000000000000, -7.228014483236646266E-16, 0.000000000000000000 ) ) ;
#257 = PRODUCT_DEFINITION_SHAPE ( 'NONE', 'NONE',  #3347 ) ;
#258 = ORIENTED_EDGE ( 'NONE', *, *, #843, .F. ) ;
#259 = LINE ( 'NONE', #1910, #581 ) ;
#260 = DIRECTION ( 'NONE',  ( 1.000000000000000000, 0.000000000000000000, 0.000000000000000000 ) ) ;
#261 = VERTEX_POINT ( 'NONE', #954 ) ;
#262 = LINE ( 'NONE', #1913, #1050 ) ;
#263 = CARTESIAN_POINT ( 'NONE',  ( 4.593974906333782471, 10.97855678880367236, 6.675564931441049232 ) ) ;
#264 = EDGE_CURVE ( 'NONE', #2812, #3055, #217, .T. ) ;
#265 = CARTESIAN_POINT ( 'NONE',  ( -1.408656956448864683, 12.30397770403114066, 6.392333948960068568 ) ) ;
#266 = ORIENTED_EDGE ( 'NONE', *, *, #3044, .F. ) ;
#267 = CARTESIAN_POINT ( 'NONE',  ( -1.151002042015472737, 13.22124425073244502, 8.464266157723297823 ) ) ;
#268 = CARTESIAN_POINT ( 'NONE',  ( -4.013333399203132146, 11.64083811440363192, 8.168350516719373289 ) ) ;
#269 = AXIS2_PLACEMENT_3D ( 'NONE', #1614, #1079, #3318 ) ;
#270 = CARTESIAN_POINT ( 'NONE',  ( 5.050000000000002487, 1.470491331998989848, 4.225001781060453432 ) ) ;
#271 = CARTESIAN_POINT ( 'NONE',  ( -2.533051596073040646, -13.29950800053902249, 6.025001781060452366 ) ) ;
#272 = ORIENTED_EDGE ( 'NONE', *, *, #1373, .F. ) ;
#273 = CARTESIAN_POINT ( 'NONE',  ( -4.570178042379673400, 10.98856931894266964, 6.743188662658479160 ) ) ;
#274 = CARTESIAN_POINT ( 'NONE',  ( 1.049999999999997602, 6.708520739398999844, 26.77290423217469595 ) ) ;
#275 = AXIS2_PLACEMENT_3D ( 'NONE', #3617, #1048, #3581 ) ;
#276 = ADVANCED_BREP_SHAPE_REPRESENTATION ( 'Shell 000#_Male', ( #297, #1616 ), #1863 ) ;
#277 = AXIS2_PLACEMENT_3D ( 'NONE', #1222, #2344, #2917 ) ;
#278 = EDGE_LOOP ( 'NONE', ( #2872, #346, #3061, #2951, #410, #1599, #2357, #1762, #1506, #3101, #1653, #1275 ) ) ;
#279 = CARTESIAN_POINT ( 'NONE',  ( 5.649999999999999467, 1.470491331998988294, 10.00000000000000000 ) ) ;
#280 = CARTESIAN_POINT ( 'NONE',  ( -4.602912580749318749, 11.58700244501283727, 4.030052068587771430 ) ) ;
#281 = CARTESIAN_POINT ( 'NONE',  ( 3.001520849522580470, -12.47629147131784322, 8.225001781060452544 ) ) ;
#282 = CARTESIAN_POINT ( 'NONE',  ( 4.686633896141541022, 10.94409397989380395, 6.513191975073901574 ) ) ;
#283 = VERTEX_POINT ( 'NONE', #467 ) ;
#284 = EDGE_CURVE ( 'NONE', #641, #1729, #3466, .T. ) ;
#285 = EDGE_CURVE ( 'NONE', #86, #2392, #3322, .T. ) ;
#286 = CARTESIAN_POINT ( 'NONE',  ( -0.1444571330821111943, 13.33811799538769627, 8.466267316420511335 ) ) ;
#287 = CARTESIAN_POINT ( 'NONE',  ( -2.688493589302162423, 12.11166564701350801, 7.643360837743308878 ) ) ;
#288 = CARTESIAN_POINT ( 'NONE',  ( 4.594778266893343677, 10.97743440914552160, 6.124295155547058833 ) ) ;
#289 = CARTESIAN_POINT ( 'NONE',  ( 3.892796171570835462, 10.57249820481874814, 6.025001781060451478 ) ) ;
#290 = EDGE_LOOP ( 'NONE', ( #2346, #2303, #309, #2757 ) ) ;
#291 = CARTESIAN_POINT ( 'NONE',  ( -4.449999999999999289, -7.689499999999998892, 3.625001781060453343 ) ) ;
#292 = FACE_OUTER_BOUND ( 'NONE', #837, .T. ) ;
#293 = VECTOR ( 'NONE', #328, 1000.000000000000000 ) ;
#294 = ORIENTED_EDGE ( 'NONE', *, *, #1636, .T. ) ;
#295 = DIRECTION ( 'NONE',  ( -0.000000000000000000, -0.000000000000000000, -1.000000000000000000 ) ) ;
#296 = CARTESIAN_POINT ( 'NONE',  ( -1.408337474601306649, 12.92961306023071266, 4.030628191574566088 ) ) ;
#297 = MANIFOLD_SOLID_BREP ( '\X2\52079664\X0\-\X2\62c94f38\X0\14', #2494 ) ;
#298 = CARTESIAN_POINT ( 'NONE',  ( 4.593995561981499165, 10.97852793830284668, 6.648743300326382055 ) ) ;
#299 = CARTESIAN_POINT ( 'NONE',  ( -4.520907995569516835, 11.00739180783931914, 6.391774602693406138 ) ) ;
#300 = VECTOR ( 'NONE', #2653, 1000.000000000000000 ) ;
#301 = EDGE_LOOP ( 'NONE', ( #76, #3379, #224, #1742 ) ) ;
#302 = CARTESIAN_POINT ( 'NONE',  ( -2.090747868963949596, 12.93843741818050574, 8.459481354974313305 ) ) ;
#303 = CIRCLE ( 'NONE', #122, 3.399999999999999911 ) ;
#304 = CARTESIAN_POINT ( 'NONE',  ( -3.380117796187088963, 11.72451517223890249, 7.643219810438832695 ) ) ;
#305 = DIRECTION ( 'NONE',  ( -0.000000000000000000, 0.000000000000000000, 1.000000000000000000 ) ) ;
#306 = CARTESIAN_POINT ( 'NONE',  ( 3.889998638297382794, 10.52092049838840104, 6.266667628965497450 ) ) ;
#307 = ADVANCED_FACE ( 'NONE', ( #2422 ), #427, .T. ) ;
#308 = CIRCLE ( 'NONE', #2827, 5.650000000000000355 ) ;
#309 = ORIENTED_EDGE ( 'NONE', *, *, #2095, .F. ) ;
#310 = LINE ( 'NONE', #2596, #293 ) ;
#311 = PLANE ( 'NONE',  #599 ) ;
#312 = ORIENTED_EDGE ( 'NONE', *, *, #121, .T. ) ;
#313 = FACE_OUTER_BOUND ( 'NONE', #96, .T. ) ;
#314 = CARTESIAN_POINT ( 'NONE',  ( 3.473412330165025264, 12.18742428586771709, 3.785871293121776837 ) ) ;
#315 = CARTESIAN_POINT ( 'NONE',  ( 4.593715239806469341, 10.97891945364852084, 6.761909607119708454 ) ) ;
#316 = CARTESIAN_POINT ( 'NONE',  ( -3.380003477261593670, 11.49493392716803086, 6.391981717097411142 ) ) ;
#317 = ORIENTED_EDGE ( 'NONE', *, *, #1286, .T. ) ;
#318 = LINE ( 'NONE', #3104, #214 ) ;
#319 = CARTESIAN_POINT ( 'NONE',  ( -1.993675508270961183, 12.97627739138938985, 8.459969370491890572 ) ) ;
#320 = CARTESIAN_POINT ( 'NONE',  ( -2.973813667446052023, 12.15893016387081715, 7.995563037591511879 ) ) ;
#321 = AXIS2_PLACEMENT_3D ( 'NONE', #648, #428, #1527 ) ;
#322 = CARTESIAN_POINT ( 'NONE',  ( -3.890001178303870155, 10.52221121693197325, 6.750001763331999527 ) ) ;
#323 = CARTESIAN_POINT ( 'NONE',  ( 3.882549566056044288, 10.53269529750138389, 6.860337876768644705 ) ) ;
#324 = AXIS2_PLACEMENT_3D ( 'NONE', #3301, #794, #2453 ) ;
#325 = ORIENTED_EDGE ( 'NONE', *, *, #3310, .T. ) ;
#326 = EDGE_CURVE ( 'NONE', #235, #3601, #1678, .T. ) ;
#327 = EDGE_CURVE ( 'NONE', #2570, #636, #2153, .T. ) ;
#328 = DIRECTION ( 'NONE',  ( -0.000000000000000000, -1.000000000000000000, -0.000000000000000000 ) ) ;
#329 = DIRECTION ( 'NONE',  ( 1.000000000000000000, 0.000000000000000000, 0.000000000000000000 ) ) ;
#330 = VERTEX_POINT ( 'NONE', #279 ) ;
#331 = DIRECTION ( 'NONE',  ( -1.971276677246371026E-16, 0.000000000000000000, -1.000000000000000000 ) ) ;
#332 = CARTESIAN_POINT ( 'NONE',  ( -3.258589549256188711, 12.39559604840097862, 3.540004970144933427 ) ) ;
#333 = DIRECTION ( 'NONE',  ( 2.255963945609997107E-16, -1.000000000000000000, 0.000000000000000000 ) ) ;
#334 = CARTESIAN_POINT ( 'NONE',  ( -2.524106586774741867, 11.88612776173344443, 6.392141390602330553 ) ) ;
#335 = ORIENTED_EDGE ( 'NONE', *, *, #3216, .F. ) ;
#336 = DIRECTION ( 'NONE',  ( 0.6427876096865388078, 7.871877887341980133E-17, -0.7660444431189784575 ) ) ;
#337 = DIRECTION ( 'NONE',  ( -1.000000000000000000, 0.000000000000000000, -4.144914500121575807E-15 ) ) ;
#338 = CARTESIAN_POINT ( 'NONE',  ( 4.686499840065342148, 11.23093840708131985, 7.996243932979798075 ) ) ;
#339 = CARTESIAN_POINT ( 'NONE',  ( 3.001520849522580914, -12.47629147131784322, 11.15746644227948714 ) ) ;
#340 = CYLINDRICAL_SURFACE ( 'NONE', #2075, 0.5000001753580423092 ) ;
#341 = ORIENTED_EDGE ( 'NONE', *, *, #3001, .F. ) ;
#342 = CARTESIAN_POINT ( 'NONE',  ( -1.412538234306535448E-15, 7.689499999999998892, 6.890001751105001127 ) ) ;
#343 = DIRECTION ( 'NONE',  ( 7.056968671195385790E-16, -1.000000000000000000, 0.000000000000000000 ) ) ;
#344 =( BOUNDED_CURVE ( )  B_SPLINE_CURVE ( 3, ( #1040, #3025, #2431, #772 ),
 .UNSPECIFIED., .F., .F. ) 
 B_SPLINE_CURVE_WITH_KNOTS ( ( 4, 4 ),
 ( 4.712388980384689674, 5.319979329914082733 ),
 .UNSPECIFIED. ) 
 CURVE ( )  GEOMETRIC_REPRESENTATION_ITEM ( )  RATIONAL_B_SPLINE_CURVE ( ( 1.000000000000000000, 0.9694720406478714025, 0.9694720406478714025, 1.000000000000000000 ) ) 
 REPRESENTATION_ITEM ( '' )  );
#345 = EDGE_CURVE ( 'NONE', #3298, #1716, #3291, .T. ) ;
#346 = ORIENTED_EDGE ( 'NONE', *, *, #244, .F. ) ;
#347 = DIRECTION ( 'NONE',  ( -0.000000000000000000, 1.619815204292807188E-16, -1.000000000000000000 ) ) ;
#348 = CARTESIAN_POINT ( 'NONE',  ( -3.882443205384828566, 12.01757111166143233, 3.785038239724137554 ) ) ;
#349 = CARTESIAN_POINT ( 'NONE',  ( 3.532763477756664994, -13.32351120075462880, 8.225001781060452544 ) ) ;
#350 = AXIS2_PLACEMENT_3D ( 'NONE', #3336, #1350, #2475 ) ;
#351 = CARTESIAN_POINT ( 'NONE',  ( 4.375477369097956704, 11.05962087086567713, 5.995240421915404738 ) ) ;
#352 = EDGE_CURVE ( 'NONE', #28, #1151, #821, .T. ) ;
#353 = B_SPLINE_CURVE_WITH_KNOTS ( 'NONE', 3,
 ( #2830, #2903, #647, #1189, #921, #3380 ),
 .UNSPECIFIED., .F., .F.,
 ( 4, 2, 4 ),
 ( 0.000000000000000000, 0.0005263403653252325546, 0.001052680730650465109 ),
 .UNSPECIFIED. ) ;
#354 = EDGE_LOOP ( 'NONE', ( #152, #134, #2676, #860 ) ) ;
#355 = CIRCLE ( 'NONE', #2110, 4.450000000000001066 ) ;
#356 = CARTESIAN_POINT ( 'NONE',  ( 4.594784240890501970, 10.97711589593906645, 6.025002248862955767 ) ) ;
#357 = DIRECTION ( 'NONE',  ( -0.000000000000000000, -0.000000000000000000, 1.000000000000000000 ) ) ;
#358 = CARTESIAN_POINT ( 'NONE',  ( 0.7008357096479851389, 12.79164747665027235, 7.643846324321835084 ) ) ;
#359 = DIRECTION ( 'NONE',  ( -0.000000000000000000, -0.000000000000000000, 1.000000000000000000 ) ) ;
#360 = CARTESIAN_POINT ( 'NONE',  ( 3.397798519692542207, 11.14744201794451151, 7.376900004403377231 ) ) ;
#361 = ORIENTED_EDGE ( 'NONE', *, *, #2773, .F. ) ;
#362 = CARTESIAN_POINT ( 'NONE',  ( -0.2934337609350879950, 12.75999787007460817, 4.798146743341709985 ) ) ;
#363 = FACE_OUTER_BOUND ( 'NONE', #3140, .T. ) ;
#364 = DIRECTION ( 'NONE',  ( 2.255963945609997107E-16, -1.000000000000000000, 0.000000000000000000 ) ) ;
#365 = B_SPLINE_CURVE_WITH_KNOTS ( 'NONE', 3,
 ( #2006, #1447, #1465, #2543 ),
 .UNSPECIFIED., .F., .F.,
 ( 4, 4 ),
 ( 0.0009089619770210508824, 0.0009613711305608037402 ),
 .UNSPECIFIED. ) ;
#366 = VECTOR ( 'NONE', #2182, 1000.000000000000000 ) ;
#367 = CONICAL_SURFACE ( 'NONE', #2945, 1.250000000000000000, 0.6981317007977311251 ) ;
#368 = VERTEX_POINT ( 'NONE', #3080 ) ;
#369 = DIRECTION ( 'NONE',  ( 1.971276677246371026E-16, -0.000000000000000000, 1.000000000000000000 ) ) ;
#370 = CARTESIAN_POINT ( 'NONE',  ( -2.523707406303565826, 12.77821806105431968, 3.540149962738583511 ) ) ;
#371 =( BOUNDED_CURVE ( )  B_SPLINE_CURVE ( 3, ( #1779, #109, #1229, #1267 ),
 .UNSPECIFIED., .F., .F. ) 
 B_SPLINE_CURVE_WITH_KNOTS ( ( 4, 4 ),
 ( 0.9632059772655038321, 1.570796326794898112 ),
 .UNSPECIFIED. ) 
 CURVE ( )  GEOMETRIC_REPRESENTATION_ITEM ( )  RATIONAL_B_SPLINE_CURVE ( ( 1.000000000000000000, 0.9694720406478714025, 0.9694720406478714025, 1.000000000000000000 ) ) 
 REPRESENTATION_ITEM ( '' )  );
#372 = CARTESIAN_POINT ( 'NONE',  ( 5.555885592580067645, -2.129508668001013572, 11.02695437199577988 ) ) ;
#373 = AXIS2_PLACEMENT_3D ( 'NONE', #695, #1844, #2125 ) ;
#374 = CARTESIAN_POINT ( 'NONE',  ( 2.336164308028159997, 11.96899617247622594, 5.995171037134312542 ) ) ;
#375 = ORIENTED_EDGE ( 'NONE', *, *, #50, .T. ) ;
#376 = DIRECTION ( 'NONE',  ( 0.000000000000000000, 0.000000000000000000, 1.000000000000000000 ) ) ;
#377 = EDGE_CURVE ( 'NONE', #1793, #2558, #2160, .T. ) ;
#378 = EDGE_CURVE ( 'NONE', #63, #1384, #801, .T. ) ;
#379 = DIRECTION ( 'NONE',  ( 1.000000000000000000, -5.551115123125782702E-15, 0.000000000000000000 ) ) ;
#380 = CARTESIAN_POINT ( 'NONE',  ( -2.688454778621927055, 11.91459284590592738, 7.111865388661044562 ) ) ;
#381 = CARTESIAN_POINT ( 'NONE',  ( -3.623059002977864207, 11.63185621104256562, 7.710602106823166935 ) ) ;
#382 = DIRECTION ( 'NONE',  ( 1.000000000000000000, 1.691972959207498077E-16, -0.000000000000000000 ) ) ;
#383 = ORIENTED_EDGE ( 'NONE', *, *, #167, .T. ) ;
#384 = CARTESIAN_POINT ( 'NONE',  ( -0.2933547441878407991, 12.98383493947287448, 4.275924618688174306 ) ) ;
#385 = CARTESIAN_POINT ( 'NONE',  ( 3.889998638297279765, 10.51934972827590542, 6.628398923971139389 ) ) ;
#386 = DIRECTION ( 'NONE',  ( -1.000000000000000000, 0.000000000000000000, 0.000000000000000000 ) ) ;
#387 = AXIS2_PLACEMENT_3D ( 'NONE', #3613, #1907, #498 ) ;
#388 = EDGE_LOOP ( 'NONE', ( #1359, #603, #1885, #68 ) ) ;
#389 = CARTESIAN_POINT ( 'NONE',  ( -1.412538234306535448E-15, 7.689499999999998892, 10.00000000000000000 ) ) ;
#390 = CARTESIAN_POINT ( 'NONE',  ( -5.049999999999998934, 3.000418073890164017, 9.225001781060427675 ) ) ;
#391 = CARTESIAN_POINT ( 'NONE',  ( 3.840127181815259139, 11.28711209561655338, 5.597704488308374415 ) ) ;
#392 = ORIENTED_EDGE ( 'NONE', *, *, #2315, .T. ) ;
#393 = LINE ( 'NONE', #70, #2080 ) ;
#394 = CARTESIAN_POINT ( 'NONE',  ( 1.250000000000000000, -13.48949999999999960, 7.569537305133641425 ) ) ;
#395 = CARTESIAN_POINT ( 'NONE',  ( 4.375311987510731804, 11.21157170253780500, 7.643981217662775940 ) ) ;
#396 = EDGE_CURVE ( 'NONE', #144, #283, #3209, .T. ) ;
#397 = PLANE ( 'NONE',  #1817 ) ;
#398 = EDGE_CURVE ( 'NONE', #2849, #2026, #3365, .T. ) ;
#399 = CARTESIAN_POINT ( 'NONE',  ( -3.719208745914866387, 10.75098759192929521, 7.192172190395351272 ) ) ;
#400 = CARTESIAN_POINT ( 'NONE',  ( -3.246785317256090764, 12.31350859787858631, 8.456039115269144091 ) ) ;
#401 = ADVANCED_FACE ( 'NONE', ( #3355 ), #2742, .F. ) ;
#402 = EDGE_LOOP ( 'NONE', ( #2796, #3085, #422, #2516 ) ) ;
#403 = CARTESIAN_POINT ( 'NONE',  ( 1.400491575017844603, 12.60091496785239684, 4.798305101117185778 ) ) ;
#404 = LINE ( 'NONE', #983, #1750 ) ;
#405 = DIRECTION ( 'NONE',  ( -0.3090169943749538350, 1.228538558655131493E-16, -0.9510565162951514218 ) ) ;
#406 = ORIENTED_EDGE ( 'NONE', *, *, #1963, .T. ) ;
#407 = PLANE ( 'NONE',  #696 ) ;
#408 = CARTESIAN_POINT ( 'NONE',  ( -1.573787133488893097, -13.11899933614038360, 8.006615484501494961 ) ) ;
#409 = CARTESIAN_POINT ( 'NONE',  ( -3.631314339689516224, 11.39463101452256488, 5.596905649921814607 ) ) ;
#410 = ORIENTED_EDGE ( 'NONE', *, *, #2562, .F. ) ;
#411 = DIRECTION ( 'NONE',  ( 1.000000000000000000, 0.000000000000000000, 0.000000000000000000 ) ) ;
#412 = CARTESIAN_POINT ( 'NONE',  ( 0.001514004349997314551, 12.62426714285853890, 7.112279416017074141 ) ) ;
#413 = CARTESIAN_POINT ( 'NONE',  ( 3.540201018466081262, 9.962432542571610483, 7.338733210314214439 ) ) ;
#414 = EDGE_LOOP ( 'NONE', ( #2308, #1580, #2069, #2090 ) ) ;
#415 = CARTESIAN_POINT ( 'NONE',  ( -3.526134406303936597, 11.53544053826873750, 7.368072920396388170 ) ) ;
#416 = CARTESIAN_POINT ( 'NONE',  ( -2.097669728063335626, 12.99499434739947823, 8.514766076667900307 ) ) ;
#417 = VERTEX_POINT ( 'NONE', #3324 ) ;
#418 = CARTESIAN_POINT ( 'NONE',  ( 3.399073475961507995, 11.79348193671005696, 4.798387252270853054 ) ) ;
#419 = LINE ( 'NONE', #154, #112 ) ;
#420 = LINE ( 'NONE', #1005, #2769 ) ;
#421 = EDGE_CURVE ( 'NONE', #261, #2269, #1967, .T. ) ;
#422 = ORIENTED_EDGE ( 'NONE', *, *, #2816, .F. ) ;
#423 = CARTESIAN_POINT ( 'NONE',  ( 4.449999999999999289, -7.689499999999998892, 10.00000000000000000 ) ) ;
#424 = DIRECTION ( 'NONE',  ( 0.000000000000000000, 0.000000000000000000, 1.000000000000000000 ) ) ;
#425 = CARTESIAN_POINT ( 'NONE',  ( 1.804469496486264424, 12.18647822008294490, 5.995149633962668645 ) ) ;
#426 = VERTEX_POINT ( 'NONE', #2758 ) ;
#427 = CYLINDRICAL_SURFACE ( 'NONE', #1156, 5.050000000000003375 ) ;
#428 = DIRECTION ( 'NONE',  ( 0.000000000000000000, 0.000000000000000000, -1.000000000000000000 ) ) ;
#429 = CARTESIAN_POINT ( 'NONE',  ( -4.225960099438781370, 11.14434453178735041, 7.111567150668627768 ) ) ;
#430 = DIRECTION ( 'NONE',  ( 0.000000000000000000, 0.000000000000000000, 1.000000000000000000 ) ) ;
#431 = EDGE_LOOP ( 'NONE', ( #716, #3004, #3290, #1279 ) ) ;
#432 = CARTESIAN_POINT ( 'NONE',  ( -3.599417618608367064, 10.90461131136258466, 7.291830681338949738 ) ) ;
#433 = CARTESIAN_POINT ( 'NONE',  ( 2.867667627778951012, 12.60960842722398567, 8.515243935117849716 ) ) ;
#434 = ORIENTED_EDGE ( 'NONE', *, *, #869, .F. ) ;
#435 = CARTESIAN_POINT ( 'NONE',  ( 3.197326314572147776, 11.88702824244012213, 4.798380993308786202 ) ) ;
#436 = CARTESIAN_POINT ( 'NONE',  ( 3.773618787982617739, 11.35153158120774997, 7.202733988784586039 ) ) ;
#437 = DIRECTION ( 'NONE',  ( 0.000000000000000000, 0.000000000000000000, -1.000000000000000000 ) ) ;
#438 = CARTESIAN_POINT ( 'NONE',  ( 1.217599097579201484, -13.20674137931034409, 6.680466256987264373 ) ) ;
#439 = ADVANCED_FACE ( 'NONE', ( #3052 ), #521, .F. ) ;
#440 = ADVANCED_FACE ( 'NONE', ( #567 ), #834, .T. ) ;
#441 = ORIENTED_EDGE ( 'NONE', *, *, #1238, .T. ) ;
#442 = CARTESIAN_POINT ( 'NONE',  ( 4.497194362345021013, 11.04110676884580400, 7.105659182698691012 ) ) ;
#443 = CARTESIAN_POINT ( 'NONE',  ( -3.890001178303852836, 10.52188903275264487, 6.508335053212335630 ) ) ;
#444 = CARTESIAN_POINT ( 'NONE',  ( 4.582995418548118316, 10.97393412575240568, 5.597732818084203643 ) ) ;
#445 = CIRCLE ( 'NONE', #505, 2.500000000000000000 ) ;
#446 = VERTEX_POINT ( 'NONE', #1337 ) ;
#447 = CARTESIAN_POINT ( 'NONE',  ( -4.593403224270923957, 10.97935513652768158, 6.537788486964166701 ) ) ;
#448 = CARTESIAN_POINT ( 'NONE',  ( 1.419200638923190150, 12.18236758855225510, 7.390001751104994021 ) ) ;
#449 = CARTESIAN_POINT ( 'NONE',  ( -4.438662412549483349, 11.05553279658852972, 7.111528889432969791 ) ) ;
#450 = DIRECTION ( 'NONE',  ( 0.000000000000000000, -0.5299192642332022363, -0.8480480961564276221 ) ) ;
#451 = VERTEX_POINT ( 'NONE', #3586 ) ;
#452 = CARTESIAN_POINT ( 'NONE',  ( 3.949668425532313343, 11.88929177242243362, 4.031038355102762871 ) ) ;
#453 = CARTESIAN_POINT ( 'NONE',  ( 0.4455763058641081797, 13.32191067213926594, 8.465615576602441905 ) ) ;
#454 = CARTESIAN_POINT ( 'NONE',  ( -2.688530001397062108, 12.71259342489150157, 8.514653762410199889 ) ) ;
#455 = CARTESIAN_POINT ( 'NONE',  ( -4.592521499507176586, 10.98058596977852552, 6.872304315455521895 ) ) ;
#456 = DIRECTION ( 'NONE',  ( -1.535153518563546084E-16, 1.000000000000000000, -1.046583409073613939E-47 ) ) ;
#457 = LINE ( 'NONE', #2356, #1898 ) ;
#458 = CARTESIAN_POINT ( 'NONE',  ( -3.890001178303436724, 9.850608704530586124, 6.798801382761877399 ) ) ;
#459 =( GEOMETRIC_REPRESENTATION_CONTEXT ( 3 ) GLOBAL_UNCERTAINTY_ASSIGNED_CONTEXT ( ( #609 ) ) GLOBAL_UNIT_ASSIGNED_CONTEXT ( ( #3546, #3250, #2920 ) ) REPRESENTATION_CONTEXT ( 'NONE', 'WORKASPACE' ) );
#460 = ORIENTED_EDGE ( 'NONE', *, *, #2045, .T. ) ;
#461 = DIRECTION ( 'NONE',  ( -1.000000000000000000, -1.127981972804998554E-16, 0.000000000000000000 ) ) ;
#462 = CARTESIAN_POINT ( 'NONE',  ( 3.399262704940696711, 12.32165363385606405, 3.540720514516797035 ) ) ;
#463 = EDGE_CURVE ( 'NONE', #446, #2849, #2806, .T. ) ;
#464 = CARTESIAN_POINT ( 'NONE',  ( -1.408529021454425267, 12.41342206489897748, 5.320226207876005198 ) ) ;
#465 = AXIS2_PLACEMENT_3D ( 'NONE', #1679, #3306, #1658 ) ;
#466 = ORIENTED_EDGE ( 'NONE', *, *, #1725, .F. ) ;
#467 = CARTESIAN_POINT ( 'NONE',  ( 3.480770886582573276, 11.71018790639667628, 7.706304058074350039 ) ) ;
#468 = CARTESIAN_POINT ( 'NONE',  ( -1.979955792672800863, 11.98132713039466068, 7.390001751104979810 ) ) ;
#469 = EDGE_CURVE ( 'NONE', #1716, #3305, #2174, .T. ) ;
#470 = CARTESIAN_POINT ( 'NONE',  ( -3.258997014344883869, 11.55336095001106855, 6.512426040574566422 ) ) ;
#471 = DIRECTION ( 'NONE',  ( 0.000000000000000000, 0.000000000000000000, 1.000000000000000000 ) ) ;
#472 = CARTESIAN_POINT ( 'NONE',  ( -4.225561805032118201, 11.77121919675009920, 4.030124450131471470 ) ) ;
#473 = CARTESIAN_POINT ( 'NONE',  ( 0.03957384425981565201, 13.33938812603894775, 8.466164088307920110 ) ) ;
#474 = CARTESIAN_POINT ( 'NONE',  ( 4.162236477913646482, 11.56274791296695348, 8.169231322574100673 ) ) ;
#475 = AXIS2_PLACEMENT_3D ( 'NONE', #3422, #2840, #2858 ) ;
#476 = EDGE_LOOP ( 'NONE', ( #184, #1805, #2496 ) ) ;
#477 = CARTESIAN_POINT ( 'NONE',  ( -3.481004389000421639, 11.71143534166026612, 7.706916219902731235 ) ) ;
#478 = DIRECTION ( 'NONE',  ( 0.000000000000000000, -1.619815204292807188E-16, 1.000000000000000000 ) ) ;
#479 = DIRECTION ( 'NONE',  ( -1.913165929072100169E-16, 0.8480480961564271780, 0.5299192642332029024 ) ) ;
#480 = ORIENTED_EDGE ( 'NONE', *, *, #2338, .T. ) ;
#481 = CARTESIAN_POINT ( 'NONE',  ( -2.105535682249372142E-17, -13.48949999999999960, 6.025001781060452366 ) ) ;
#482 = FACE_OUTER_BOUND ( 'NONE', #1262, .T. ) ;
#483 = CARTESIAN_POINT ( 'NONE',  ( -2.973556672086004937, 11.79603970889010611, 5.319950782782953524 ) ) ;
#484 = ORIENTED_EDGE ( 'NONE', *, *, #2710, .T. ) ;
#485 = CARTESIAN_POINT ( 'NONE',  ( -4.593564707994644891, 10.97912965604246338, 6.224324147947474906 ) ) ;
#486 = CARTESIAN_POINT ( 'NONE',  ( 5.050000000000002487, -2.129508668001012683, 3.625001781060453343 ) ) ;
#487 = VECTOR ( 'NONE', #1023, 1000.000000000000000 ) ;
#488 = CARTESIAN_POINT ( 'NONE',  ( 4.582832079033567929, 10.99717035887335292, 7.112505529443184038 ) ) ;
#489 = EDGE_LOOP ( 'NONE', ( #1122, #258, #245, #3439 ) ) ;
#490 = EDGE_CURVE ( 'NONE', #86, #1948, #262, .T. ) ;
#491 = EDGE_CURVE ( 'NONE', #1032, #2708, #2495, .T. ) ;
#492 = CARTESIAN_POINT ( 'NONE',  ( 2.336404834160596078, 12.50588578895992775, 4.276131446159110006 ) ) ;
#493 = CARTESIAN_POINT ( 'NONE',  ( 1.718747313021592005, 13.07173159988010624, 8.461549963133101926 ) ) ;
#494 = CARTESIAN_POINT ( 'NONE',  ( 3.196975083002035145, 12.25697613795996688, 8.342231709700493880 ) ) ;
#495 = ORIENTED_EDGE ( 'NONE', *, *, #1129, .T. ) ;
#496 = CARTESIAN_POINT ( 'NONE',  ( 1.520350617431828866, 12.62202239436487616, 7.671766975887517326 ) ) ;
#497 = CARTESIAN_POINT ( 'NONE',  ( -3.001520849522577805, -12.47629147131784322, 8.225001781060452544 ) ) ;
#498 = DIRECTION ( 'NONE',  ( 1.000000000000000000, 0.000000000000000000, 0.000000000000000000 ) ) ;
#499 = ORIENTED_EDGE ( 'NONE', *, *, #264, .F. ) ;
#500 = CARTESIAN_POINT ( 'NONE',  ( 4.410689520190356205, -4.002243707385003901, 3.625001781060453343 ) ) ;
#501 = CARTESIAN_POINT ( 'NONE',  ( -2.533771891863983772, -15.73949999999999960, 6.025001781060452366 ) ) ;
#502 = ORIENTED_EDGE ( 'NONE', *, *, #2736, .F. ) ;
#503 = CARTESIAN_POINT ( 'NONE',  ( -5.049999999999999822, 10.57249820481874814, 6.025001781060451478 ) ) ;
#504 = LINE ( 'NONE', #486, #2602 ) ;
#505 = AXIS2_PLACEMENT_3D ( 'NONE', #3285, #3559, #1313 ) ;
#506 = CARTESIAN_POINT ( 'NONE',  ( 3.197050207612637251, 11.65114025454747981, 7.112464464519891116 ) ) ;
#507 = ORIENTED_EDGE ( 'NONE', *, *, #2384, .T. ) ;
#508 = CARTESIAN_POINT ( 'NONE',  ( 1.017623168250712196, 13.24723344176272199, 8.464248349814978312 ) ) ;
#509 = CARTESIAN_POINT ( 'NONE',  ( 2.867672367777799991, 12.46485190281824984, 8.342230815351625139 ) ) ;
#510 = EDGE_CURVE ( 'NONE', #451, #1315, #2748, .T. ) ;
#511 = DIRECTION ( 'NONE',  ( -0.000000000000000000, -0.000000000000000000, -1.000000000000000000 ) ) ;
#512 = CARTESIAN_POINT ( 'NONE',  ( 3.794783763272928212, 10.65006210598673064, 7.097610423843121907 ) ) ;
#513 = CARTESIAN_POINT ( 'NONE',  ( -5.649999999999997691, -7.689499999999998892, 10.00000000000000000 ) ) ;
#514 = CARTESIAN_POINT ( 'NONE',  ( 3.892796171570835462, 10.57249820481874814, 6.025001781060451478 ) ) ;
#515 = EDGE_CURVE ( 'NONE', #1909, #3517, #3334, .T. ) ;
#516 = AXIS2_PLACEMENT_3D ( 'NONE', #817, #3289, #534 ) ;
#517 = ORIENTED_EDGE ( 'NONE', *, *, #2171, .T. ) ;
#518 = CARTESIAN_POINT ( 'NONE',  ( 2.509632667749770008, 1.470491331998988294, 5.255670324115166991 ) ) ;
#519 = DIRECTION ( 'NONE',  ( 1.000000000000000000, 0.000000000000000000, 0.000000000000000000 ) ) ;
#520 = VERTEX_POINT ( 'NONE', #1152 ) ;
#521 = PLANE ( 'NONE',  #635 ) ;
#522 = CARTESIAN_POINT ( 'NONE',  ( 3.233116260930949615, 11.84886697146588297, 7.699974806267386285 ) ) ;
#523 = CARTESIAN_POINT ( 'NONE',  ( 4.375357268493372587, 11.08058165735297251, 7.112496932135575989 ) ) ;
#524 = ORIENTED_EDGE ( 'NONE', *, *, #2928, .T. ) ;
#525 = CARTESIAN_POINT ( 'NONE',  ( 2.539600954747022854, 12.73660342762544317, 8.457581252998288335 ) ) ;
#526 = CARTESIAN_POINT ( 'NONE',  ( -4.603388137460718177, 11.35096360503446533, 8.168237028091706264 ) ) ;
#527 = CARTESIAN_POINT ( 'NONE',  ( -3.250001190530002138, 3.339499999999997026, 7.390001751105000238 ) ) ;
#528 = CARTESIAN_POINT ( 'NONE',  ( 3.889998638302074152, 10.52134920293904941, 6.750001763332929450 ) ) ;
#529 = CARTESIAN_POINT ( 'NONE',  ( 5.050000000000005151, -5.283248449827693705, -5.825409193748014580 ) ) ;
#530 = DIRECTION ( 'NONE',  ( -0.000000000000000000, -0.000000000000000000, -1.000000000000000000 ) ) ;
#531 = EDGE_LOOP ( 'NONE', ( #2911, #2252, #1498, #2807, #3230, #2594, #658, #3037 ) ) ;
#532 = ADVANCED_FACE ( 'NONE', ( #1993 ), #1468, .F. ) ;
#533 = CARTESIAN_POINT ( 'NONE',  ( -4.562797866515164280, 10.99541808474854854, 6.892693562351888126 ) ) ;
#534 = DIRECTION ( 'NONE',  ( 1.000000000000000000, 0.000000000000000000, 0.000000000000000000 ) ) ;
#535 = ORIENTED_EDGE ( 'NONE', *, *, #1962, .T. ) ;
#536 = CARTESIAN_POINT ( 'NONE',  ( -0.03377189186398385501, -13.23949999999999960, 6.025001781060452366 ) ) ;
#537 = DIRECTION ( 'NONE',  ( -8.066928448831292904E-14, 0.000000000000000000, 1.000000000000000000 ) ) ;
#538 = CARTESIAN_POINT ( 'NONE',  ( 4.594192717488331468, 10.97825254196914102, 6.558374201296675032 ) ) ;
#539 = CARTESIAN_POINT ( 'NONE',  ( 3.473010448237233927, 11.46306037890782292, 6.812804900196615776 ) ) ;
#540 = VERTEX_POINT ( 'NONE', #2824 ) ;
#541 = CARTESIAN_POINT ( 'NONE',  ( -1.676685225904351650, 13.08499336767862253, 8.461668438626306354 ) ) ;
#542 = CARTESIAN_POINT ( 'NONE',  ( 3.398718197541808816, 12.12209838328146105, 8.342230986418858407 ) ) ;
#543 = CARTESIAN_POINT ( 'NONE',  ( -4.450000000000001066, 6.708520739398998955, 6.890001751105001127 ) ) ;
#544 = CARTESIAN_POINT ( 'NONE',  ( 3.889998638297247346, 9.850613276541871244, 6.750001763331999527 ) ) ;
#545 = B_SPLINE_SURFACE_WITH_KNOTS ( 'NONE', 5, 5, ( 
 ( #1480, #2614, #2391, #174, #3473, #92, #3200, #2692, #960, #3237, #2926, #454, #3219, #416, #708, #133, #1214, #1513, #2334, #3454, #3176, #943, #1782, #433, #1250, #3494, #672, #2910, #2369, #1821, #1841, #2944, #2669, #151, #1269, #3511 ),
 ( #1000, #2119, #1290, #3531, #1020, #3157, #652, #789, #2764, #2214, #3314, #3297, #2747, #1903, #3329, #193, #3023, #1058, #2429, #3007, #251, #2467, #1884, #509, #233, #494, #542, #2448, #826, #3039, #1609, #1649, #1591, #1630, #3609, #1343 ),
 ( #1093, #526, #1939, #3057, #2782, #268, #3281, #1378, #2505, #1326, #1362, #3591, #1075, #2196, #2179, #3554, #2486, #3626, #2139, #808, #3574, #1039, #2159, #3260, #1919, #2713, #216, #2728, #753, #1862, #2987, #474, #1575, #771, #1307, #1160 ),
 ( #2815, #1988, #1442, #840, #1425, #3106, #1687, #890, #1738, #632, #320, #2554, #56, #3073, #1407, #2001, #1124, #3087, #2573, #3399, #593, #7, #2017, #2536, #1109, #1703, #3346, #1955, #24, #41, #3121, #1720, #558, #2832, #1669, #338 ),
 ( #577, #611, #1175, #2280, #1143, #2853, #1973, #2262, #304, #2297, #3415, #287, #907, #3137, #2868, #874, #2229, #3361, #3382, #358, #1460, #2591, #2799, #1394, #2518, #2244, #857, #2386, #2113, #1266, #3173, #2093, #395, #2610, #923, #3507 ),
 ( #3468, #89, #2312, #129, #72, #1836, #1246, #2664, #1227, #3435, #1211, #669, #1777, #940, #2364, #704, #2627, #147, #3194, #3213, #1758, #2036, #3154, #2940, #723, #2054, #649, #108, #3233, #2905, #995, #2348, #2960, #2646, #1492, #3489 ),
 ( #1816, #2887, #976, #449, #429, #1509, #1476, #2331, #1546, #1191, #956, #380, #1528, #3452, #2073, #686, #1795, #2922, #412, #2155, #1358, #1035, #2176, #1282, #1935, #506, #804, #1897, #1321, #3308, #2761, #2192, #523, #3571, #488, #2464 ),
 ( #1880, #1626, #1915, #1857, #785, #1606, #1339, #2444, #169, #1303, #3003, #1586, #248, #1054, #3605, #2482, #2134, #2211, #823, #1088, #3326, #3054, #3277, #1072, #2723, #1569, #3525, #539, #2424, #3550, #3254, #2687, #3035, #2744, #746, #768 ),
 ( #210, #2405, #187, #3294, #3019, #230, #3588, #1015, #2982, #470, #2705, #1154, #3342, #3622, #1375, #884, #2290, #4, #2500, #1681, #51, #853, #1715, #2811, #1436, #589, #2241, #1698, #2257, #1105, #2533, #2226, #836, #555, #1952, #282 ),
 ( #1171, #3411, #299, #3070, #2828, #1646, #902, #3133, #316, #1664, #3376, #1121, #334, #3358, #1136, #265, #2013, #3100, #3394, #868, #1404, #2275, #2848, #1420, #21, #1984, #2550, #2567, #2795, #36, #571, #1390, #2515, #1996, #3117, #1970 ),
 ( #606, #2779, #3083, #2345, #1455, #3483, #2660, #3167, #1524, #700, #67, #141, #2379, #2936, #1260, #1812, #85, #2642, #936, #3149, #2583, #425, #374, #2881, #1187, #3503, #125, #3187, #2307, #2326, #1488, #970, #351, #951, #2623, #1207 ),
 ( #991, #3464, #2067, #3210, #3430, #2049, #1471, #409, #627, #682, #1242, #2108, #2604, #2089, #1223, #1733, #3447, #2918, #919, #1791, #2864, #2360, #662, #2030, #645, #1505, #1752, #1770, #2899, #391, #104, #762, #1874, #2130, #444, #1560 ),
 ( #2955, #2700, #182, #2419, #3543, #2997, #3229, #1299, #3247, #740, #483, #719, #1010, #1031, #2151, #464, #3271, #1278, #3520, #1832, #1541, #2682, #1853, #162, #2401, #2975, #1234, #1464, #2595, #3178, #1806, #1515, #3496, #2318, #962, #77 ),
 ( #1271, #1216, #2371, #712, #115, #675, #2652, #97, #1785, #2059, #1823, #982, #2041, #2082, #693, #135, #2634, #362, #1482, #2912, #403, #2947, #2354, #1499, #2100, #435, #418, #3475, #3203, #2930, #1534, #928, #1252, #3222, #3160, #2336 ),
 ( #2616, #2671, #153, #3456, #2393, #3513, #1003, #2123, #3239, #731, #945, #2873, #1199, #3440, #654, #1763, #2891, #384, #1573, #1388, #3068, #1549, #492, #213, #1103, #2157, #3509, #1018, #191, #2427, #2513, #3279, #3356, #1119, #1839, #1968 ),
 ( #2690, #280, #2498, #2964, #472, #3258, #2809, #3081, #568, #1037, #1882, #2410, #998, #3620, #2116, #296, #2224, #2239, #3552, #3236, #3529, #1860, #1589, #751, #3340, #553, #2726, #850, #1950, #1660, #452, #727, #172, #2791, #1287, #2985 ),
 ( #2137, #2011, #935, #34, #65, #865, #348, #2048, #2028, #2272, #917, #1982, #1452, #1205, #3147, #2862, #2825, #882, #3446, #3166, #1434, #1696, #2581, #2531, #660, #2898, #1185, #314, #3131, #1994, #83, #3115, #900, #19, #1769, #2305 ),
 ( #1731, #3409, #1134, #1713, #643, #2878, #2288, #2846, #3428, #332, #2565, #48, #370, #1749, #1418, #625, #1469, #2601, #1169, #2255, #2324, #3374, #3097, #2548, #140, #1298, #462, #3463, #3542, #2150, #2699, #2418, #1559, #3480, #2400, #699 ) ),
 .UNSPECIFIED., .F., .F., .F.,
 ( 6, 3, 3, 3, 3, 6 ),
 ( 6, 3, 3, 3, 3, 3, 3, 3, 3, 3, 3, 6 ),
 ( -3.229036571379637177, -2.364093250454584183, -1.467909529451998818, -0.8658034325457717451, 0.5196695377744737776, 1.745496236357985786 ),
 ( -4.947225697511890452, -4.535627893775931341, -3.883757609423965196, -3.278688067462787625, -2.457326627950635611, -1.145886389168220276, 0.3301839407555196004, 2.350930731122731210, 2.988764472247781079, 3.359712335846682940, 3.906267245854496473, 4.424974690260515153 ),
 .UNSPECIFIED. ) ;
#546 = EDGE_LOOP ( 'NONE', ( #524, #3431, #3606, #3015 ) ) ;
#547 = CARTESIAN_POINT ( 'NONE',  ( -3.981503150503726829, 11.40167235905085974, 7.615625142526996960 ) ) ;
#548 = DIRECTION ( 'NONE',  ( -1.000000000000000000, -0.000000000000000000, -0.000000000000000000 ) ) ;
#549 = EDGE_CURVE ( 'NONE', #3517, #540, #2569, .T. ) ;
#550 = EDGE_CURVE ( 'NONE', #1172, #3217, #987, .T. ) ;
#551 = ORIENTED_EDGE ( 'NONE', *, *, #3192, .T. ) ;
#552 = DIRECTION ( 'NONE',  ( 1.000000000000000000, -0.000000000000000000, 2.890284186867100086E-16 ) ) ;
#553 = CARTESIAN_POINT ( 'NONE',  ( 3.197442245967606400, 12.21412035766608462, 4.031010970085759482 ) ) ;
#554 = DIRECTION ( 'NONE',  ( 0.000000000000000000, 0.000000000000000000, 1.000000000000000000 ) ) ;
#555 = CARTESIAN_POINT ( 'NONE',  ( 4.479158429127276797, 11.02080055068918440, 6.513182245116849955 ) ) ;
#556 = EDGE_LOOP ( 'NONE', ( #3235, #3495, #920, #3478 ) ) ;
#557 = CARTESIAN_POINT ( 'NONE',  ( -1.216200246708977195, 13.20710905615223929, 8.463980634083396737 ) ) ;
#558 = CARTESIAN_POINT ( 'NONE',  ( 4.375288738138926270, 11.36743171897931504, 7.996232958861171802 ) ) ;
#559 = VECTOR ( 'NONE', #1701, 999.9999999999998863 ) ;
#560 = CARTESIAN_POINT ( 'NONE',  ( -3.890001178303868379, 11.25129871815828153, 6.739350406522247816 ) ) ;
#561 = DIRECTION ( 'NONE',  ( -0.000000000000000000, -0.000000000000000000, 1.000000000000000000 ) ) ;
#562 = ORIENTED_EDGE ( 'NONE', *, *, #117, .T. ) ;
#563 = CARTESIAN_POINT ( 'NONE',  ( 4.449999999999999289, -7.689499999999998892, 3.625001781060453343 ) ) ;
#564 = CARTESIAN_POINT ( 'NONE',  ( -3.844504218194152667, 9.931375700664879957, 7.023808704310822826 ) ) ;
#565 = CONICAL_SURFACE ( 'NONE', #1325, 1.250000000000000000, 0.6981317007977311251 ) ;
#566 = VERTEX_POINT ( 'NONE', #2600 ) ;
#567 = FACE_OUTER_BOUND ( 'NONE', #3047, .T. ) ;
#568 = CARTESIAN_POINT ( 'NONE',  ( -3.379683552710198491, 12.12509072421393519, 4.030276723532260519 ) ) ;
#569 = EDGE_CURVE ( 'NONE', #1793, #2998, #82, .T. ) ;
#570 = CARTESIAN_POINT ( 'NONE',  ( 4.594605308829510015, 10.97767609984320814, 6.330930995001716077 ) ) ;
#571 = CARTESIAN_POINT ( 'NONE',  ( 3.949346753902668095, 11.24129164463114527, 6.392740334341374009 ) ) ;
#572 = VECTOR ( 'NONE', #3373, 1000.000000000000000 ) ;
#573 = ORIENTED_EDGE ( 'NONE', *, *, #2589, .T. ) ;
#574 = EDGE_CURVE ( 'NONE', #3517, #2184, #3391, .T. ) ;
#575 = CARTESIAN_POINT ( 'NONE',  ( -1.096894040704261331, 13.23211784981269368, 8.464487090679844172 ) ) ;
#576 = CIRCLE ( 'NONE', #1864, 0.5000000000000004441 ) ;
#577 = CARTESIAN_POINT ( 'NONE',  ( -4.685676608923729169, 11.08200623220287717, 7.642968513775352690 ) ) ;
#578 = VECTOR ( 'NONE', #2776, 999.9999999999998863 ) ;
#579 = CARTESIAN_POINT ( 'NONE',  ( -3.890001178301187856, 11.24900162897581879, 6.510549691495763902 ) ) ;
#580 = LINE ( 'NONE', #1195, #3256 ) ;
#581 = VECTOR ( 'NONE', #1654, 1000.000000000000000 ) ;
#582 =( BOUNDED_SURFACE ( )  B_SPLINE_SURFACE ( 3, 2, ( 
 ( #2394, #3497, #3476 ),
 ( #963, #3514, #385 ),
 ( #1235, #2372, #1554 ),
 ( #676, #2061, #694 ),
 ( #1786, #2124, #1824 ),
 ( #1518, #1807, #733 ) ),
 .UNSPECIFIED., .F., .F., .F. ) 
 B_SPLINE_SURFACE_WITH_KNOTS ( ( 4, 2, 4 ),
 ( 3, 3 ),
 ( 0.000000000000000000, 0.0003648255899471747072, 0.0007296511798943494144 ),
 ( 0.000000000000000000, 1.000000000000000000 ),
 .UNSPECIFIED. ) 
 GEOMETRIC_REPRESENTATION_ITEM ( )  RATIONAL_B_SPLINE_SURFACE ( (
 ( 1.000000000000000000, 0.5675429183689963963, 1.000000000000000000),
 ( 1.000000000000000000, 0.5687006474907815301, 1.000000000000000000),
 ( 1.000000000000000000, 0.5688649864695816127, 1.000000000000000000),
 ( 1.000000000000000000, 0.5691097848788777558, 1.000000000000000000),
 ( 1.000000000000000000, 0.5695917776080229311, 1.000000000000000000),
 ( 1.000000000000000000, 0.5681419511077420159, 1.000000000000000000) ) ) 
 REPRESENTATION_ITEM ( '' )  SURFACE ( )  );
#583 = ORIENTED_EDGE ( 'NONE', *, *, #2276, .F. ) ;
#584 = FACE_OUTER_BOUND ( 'NONE', #2426, .T. ) ;
#585 = CARTESIAN_POINT ( 'NONE',  ( -2.533771891863983772, -15.73949999999999960, 6.025001781060452366 ) ) ;
#586 = ORIENTED_EDGE ( 'NONE', *, *, #2148, .T. ) ;
#587 = CARTESIAN_POINT ( 'NONE',  ( 5.049999999999998046, -2.129508668001012239, 9.469998612017993977 ) ) ;
#588 = CARTESIAN_POINT ( 'NONE',  ( 4.594762680647448860, 10.97745619059786115, 6.151159967921806526 ) ) ;
#589 = CARTESIAN_POINT ( 'NONE',  ( 3.197108637244914231, 11.57867181905585063, 6.513136290080979052 ) ) ;
#590 = ORIENTED_EDGE ( 'NONE', *, *, #621, .F. ) ;
#591 = DIRECTION ( 'NONE',  ( -0.000000000000000000, -0.000000000000000000, 1.000000000000000000 ) ) ;
#592 = CARTESIAN_POINT ( 'NONE',  ( -0.9237952872102911384, 13.26384217692061895, 8.465128327500567096 ) ) ;
#593 = CARTESIAN_POINT ( 'NONE',  ( 1.400165880487228121, 12.84534424758591697, 7.996157282040200265 ) ) ;
#594 = EDGE_CURVE ( 'NONE', #3583, #1927, #3426, .T. ) ;
#595 = EDGE_CURVE ( 'NONE', #368, #937, #1966, .T. ) ;
#596 = CIRCLE ( 'NONE', #2468, 4.449999999999999289 ) ;
#597 = CARTESIAN_POINT ( 'NONE',  ( 3.889998638297447187, 10.51968052100145812, 5.985526424042876492 ) ) ;
#598 = DIRECTION ( 'NONE',  ( 4.184083594148783273E-16, -1.000000000000000000, 0.000000000000000000 ) ) ;
#599 = AXIS2_PLACEMENT_3D ( 'NONE', #2804, #3112, #364 ) ;
#600 = VERTEX_POINT ( 'NONE', #2877 ) ;
#601 = FACE_OUTER_BOUND ( 'NONE', #2876, .T. ) ;
#602 = CARTESIAN_POINT ( 'NONE',  ( -3.001520849522578249, -12.47629147131784322, 11.15746644227948714 ) ) ;
#603 = ORIENTED_EDGE ( 'NONE', *, *, #1516, .T. ) ;
#604 = PLANE ( 'NONE',  #161 ) ;
#605 = CARTESIAN_POINT ( 'NONE',  ( 4.594376960414224165, 10.97799514910701291, 6.471544134456669539 ) ) ;
#606 = CARTESIAN_POINT ( 'NONE',  ( -4.685509754755262435, 10.94509522723560657, 5.994230258750306461 ) ) ;
#607 = ORIENTED_EDGE ( 'NONE', *, *, #1237, .F. ) ;
#608 = CARTESIAN_POINT ( 'NONE',  ( -4.593300947985645699, 10.97949793567178212, 6.635039415914971705 ) ) ;
#609 = UNCERTAINTY_MEASURE_WITH_UNIT (LENGTH_MEASURE( 1.000000000000000082E-05 ), #3546, 'distance_accuracy_value', 'NONE');
#610 = LINE ( 'NONE', #839, #2956 ) ;
#611 = CARTESIAN_POINT ( 'NONE',  ( -4.603353836135602783, 11.11481257446245685, 7.642983057476071096 ) ) ;
#612 = VECTOR ( 'NONE', #975, 1000.000000000000000 ) ;
#613 = CARTESIAN_POINT ( 'NONE',  ( -4.569159759704885637, 10.98733023702008538, 6.631444112090544074 ) ) ;
#614 = EDGE_CURVE ( 'NONE', #2227, #1793, #2447, .T. ) ;
#615 = DIRECTION ( 'NONE',  ( -0.000000000000000000, 1.000000000000000000, -0.000000000000000000 ) ) ;
#616 = ADVANCED_FACE ( 'NONE', ( #313 ), #604, .T. ) ;
#617 = AXIS2_PLACEMENT_3D ( 'NONE', #2631, #1232, #1494 ) ;
#618 = VERTEX_POINT ( 'NONE', #587 ) ;
#619 = CYLINDRICAL_SURFACE ( 'NONE', #1940, 4.449999999999999289 ) ;
#620 = PLANE ( 'NONE',  #3349 ) ;
#621 = EDGE_CURVE ( 'NONE', #417, #898, #3182, .T. ) ;
#622 = AXIS2_PLACEMENT_3D ( 'NONE', #38, #1158, #2278 ) ;
#623 = EDGE_LOOP ( 'NONE', ( #1502, #3624, #2051, #2460, #2534, #1097, #2579, #2883, #2445 ) ) ;
#624 = DIRECTION ( 'NONE',  ( 1.000000000000000000, 0.000000000000000000, 0.000000000000000000 ) ) ;
#625 = CARTESIAN_POINT ( 'NONE',  ( -1.408257227162153402, 13.20167318852563199, 3.540343467996803994 ) ) ;
#626 = CARTESIAN_POINT ( 'NONE',  ( 4.585505248049950744, 10.98030200189407068, 6.025001781060477235 ) ) ;
#627 = CARTESIAN_POINT ( 'NONE',  ( -3.379913721788879055, 11.52385849073039203, 5.596954969927551815 ) ) ;
#628 = ORIENTED_EDGE ( 'NONE', *, *, #1129, .F. ) ;
#629 = CARTESIAN_POINT ( 'NONE',  ( 3.249998650523997945, 11.30645614812176802, 7.390001751105000238 ) ) ;
#630 = CARTESIAN_POINT ( 'NONE',  ( -5.049999999999998934, 7.689500000000001556, -23.18283361322050951 ) ) ;
#631 = AXIS2_PLACEMENT_3D ( 'NONE', #2680, #103, #1277 ) ;
#632 = CARTESIAN_POINT ( 'NONE',  ( -3.259116874320209245, 11.98519357255628925, 7.995502491764370667 ) ) ;
#633 = CARTESIAN_POINT ( 'NONE',  ( -3.890001178303827079, 10.52086292944480128, 6.141935104747693330 ) ) ;
#634 = LINE ( 'NONE', #2522, #1662 ) ;
#635 = AXIS2_PLACEMENT_3D ( 'NONE', #1356, #2512, #537 ) ;
#636 = VERTEX_POINT ( 'NONE', #3146 ) ;
#637 = CARTESIAN_POINT ( 'NONE',  ( 1.748529180089268387, -13.06212931034482772, 6.025001781060452366 ) ) ;
#638 = DIRECTION ( 'NONE',  ( 1.836424922576479228E-13, -0.8010027527915679624, -0.5986606634983880904 ) ) ;
#639 = EDGE_CURVE ( 'NONE', #2099, #417, #1552, .T. ) ;
#640 = ADVANCED_FACE ( 'NONE', ( #1204 ), #3165, .T. ) ;
#641 = VERTEX_POINT ( 'NONE', #2808 ) ;
#642 = DIRECTION ( 'NONE',  ( 0.000000000000000000, 1.000000000000000000, -0.000000000000000000 ) ) ;
#643 = CARTESIAN_POINT ( 'NONE',  ( -4.225488140375463608, 11.97604778285477778, 3.539828368930788116 ) ) ;
#644 = CYLINDRICAL_SURFACE ( 'NONE', #3424, 1.250000000000000000 ) ;
#645 = CARTESIAN_POINT ( 'NONE',  ( 2.995465701586141005, 11.71446292131769340, 5.597684313795744160 ) ) ;
#646 = ORIENTED_EDGE ( 'NONE', *, *, #1352, .T. ) ;
#647 = CARTESIAN_POINT ( 'NONE',  ( 4.390147723209059549, 7.364776021421216790, 7.135777790098401852 ) ) ;
#648 = CARTESIAN_POINT ( 'NONE',  ( 0.000000000000000000, 7.689500000000000668, 6.025001781060452366 ) ) ;
#649 = CARTESIAN_POINT ( 'NONE',  ( 3.398780959924092571, 11.59014825980193919, 7.291712968664302963 ) ) ;
#650 = VECTOR ( 'NONE', #2042, 1000.000000000000114 ) ;
#651 = CARTESIAN_POINT ( 'NONE',  ( -5.049999999999998934, 7.689499999999997115, 3.870280574240111182 ) ) ;
#652 = CARTESIAN_POINT ( 'NONE',  ( -3.882960522399820924, 11.82195465470844020, 8.341384035268992747 ) ) ;
#653 = ORIENTED_EDGE ( 'NONE', *, *, #1396, .F. ) ;
#654 = CARTESIAN_POINT ( 'NONE',  ( -1.670671222323760308, 12.73662827904805184, 4.275732250686330893 ) ) ;
#655 = CARTESIAN_POINT ( 'NONE',  ( 3.753852609390890827, 11.54851076206025162, 7.689081164222340448 ) ) ;
#656 = CARTESIAN_POINT ( 'NONE',  ( -3.890001178640766444, 10.52100538359625048, 6.025001781060452366 ) ) ;
#657 = VECTOR ( 'NONE', #478, 1000.000000000000000 ) ;
#658 = ORIENTED_EDGE ( 'NONE', *, *, #421, .T. ) ;
#659 = DIRECTION ( 'NONE',  ( -1.000000000000000000, 0.000000000000000000, 1.971276677246371026E-16 ) ) ;
#660 = CARTESIAN_POINT ( 'NONE',  ( 2.995732730987469949, 12.41839536057098670, 3.785858075100188458 ) ) ;
#661 = ADVANCED_FACE ( 'NONE', ( #2564 ), #899, .F. ) ;
#662 = CARTESIAN_POINT ( 'NONE',  ( 2.336213647107124647, 12.02902322021912518, 5.597665360939825696 ) ) ;
#663 = EDGE_CURVE ( 'NONE', #1381, #2708, #1133, .T. ) ;
#664 = B_SPLINE_CURVE_WITH_KNOTS ( 'NONE', 3,
 ( #1186, #1274, #626, #2674 ),
 .UNSPECIFIED., .F., .F.,
 ( 4, 4 ),
 ( 0.009776294915923454745, 0.009805519213979395354 ),
 .UNSPECIFIED. ) ;
#665 = ORIENTED_EDGE ( 'NONE', *, *, #11, .F. ) ;
#666 = AXIS2_PLACEMENT_3D ( 'NONE', #2102, #714, #2914 ) ;
#667 = LINE ( 'NONE', #1173, #2206 ) ;
#668 = CARTESIAN_POINT ( 'NONE',  ( -0.5859330145205967622, 12.35858711338585181, 7.390001751105004679 ) ) ;
#669 = CARTESIAN_POINT ( 'NONE',  ( -2.688468961082921105, 11.96988813134026408, 7.291111475543348597 ) ) ;
#670 = FACE_OUTER_BOUND ( 'NONE', #1576, .T. ) ;
#671 = CARTESIAN_POINT ( 'NONE',  ( -4.570875120650145895, 10.98941757048822865, 6.819686337149854616 ) ) ;
#672 = CARTESIAN_POINT ( 'NONE',  ( 3.398712148630870455, 12.25348667345201470, 8.515241847849807755 ) ) ;
#673 = AXIS2_PLACEMENT_3D ( 'NONE', #985, #1170, #2289 ) ;
#674 = ORIENTED_EDGE ( 'NONE', *, *, #3532, .F. ) ;
#675 = CARTESIAN_POINT ( 'NONE',  ( -4.012980244876378499, 11.48369506883181224, 4.797524415698434019 ) ) ;
#676 = CARTESIAN_POINT ( 'NONE',  ( 4.566112707043862073, 10.98887673473079296, 6.262879844148104169 ) ) ;
#677 = CYLINDRICAL_SURFACE ( 'NONE', #666, 5.649999999999998579 ) ;
#678 = CIRCLE ( 'NONE', #1908, 1.799999999999996048 ) ;
#679 = ORIENTED_EDGE ( 'NONE', *, *, #2772, .F. ) ;
#680 = DIRECTION ( 'NONE',  ( -1.127981972804998554E-16, 1.000000000000000000, 0.000000000000000000 ) ) ;
#681 = CARTESIAN_POINT ( 'NONE',  ( -2.105535682249372142E-17, -13.48949999999999960, 8.225001781060452544 ) ) ;
#682 = CARTESIAN_POINT ( 'NONE',  ( -3.258893791635463888, 11.58536164989054029, 5.596978592685899478 ) ) ;
#683 = ORIENTED_EDGE ( 'NONE', *, *, #3242, .T. ) ;
#684 = CARTESIAN_POINT ( 'NONE',  ( -4.593625803865008628, 10.97904434169449850, 6.054987409818212818 ) ) ;
#685 = CARTESIAN_POINT ( 'NONE',  ( 0.5702816734545329558, 12.36088065985245876, 7.390001751105008232 ) ) ;
#686 = CARTESIAN_POINT ( 'NONE',  ( -1.408724030184063558, 12.42262982952723860, 7.112091145725686125 ) ) ;
#687 = CARTESIAN_POINT ( 'NONE',  ( 3.949999999999997069, 7.689500000000000668, 6.890001751105001127 ) ) ;
#688 = ORIENTED_EDGE ( 'NONE', *, *, #2066, .F. ) ;
#689 = EDGE_CURVE ( 'NONE', #3583, #2203, #33, .T. ) ;
#690 = CARTESIAN_POINT ( 'NONE',  ( 4.259267498786511119, 9.185930226346783911, 4.988696096610893527 ) ) ;
#691 = CARTESIAN_POINT ( 'NONE',  ( -2.602085213965211036E-15, 7.689500000000000668, 15.65000000000000036 ) ) ;
#692 = ORIENTED_EDGE ( 'NONE', *, *, #3310, .F. ) ;
#693 = CARTESIAN_POINT ( 'NONE',  ( -1.670751263806234066, 12.50232534211213675, 4.797952607309962758 ) ) ;
#694 = CARTESIAN_POINT ( 'NONE',  ( 3.889998638297369915, 10.52091827187657991, 6.263567811967238441 ) ) ;
#695 = CARTESIAN_POINT ( 'NONE',  ( -2.105535682249372142E-17, -13.48949999999999960, 7.569537305133641425 ) ) ;
#696 = AXIS2_PLACEMENT_3D ( 'NONE', #180, #1297, #1810 ) ;
#697 = ORIENTED_EDGE ( 'NONE', *, *, #1773, .F. ) ;
#698 = FACE_OUTER_BOUND ( 'NONE', #1416, .T. ) ;
#699 = CARTESIAN_POINT ( 'NONE',  ( 4.687038402087324584, 11.75610663939772316, 3.540765799078433140 ) ) ;
#700 = CARTESIAN_POINT ( 'NONE',  ( -3.258940959747269606, 11.54750721235577871, 5.994488014564894662 ) ) ;
#701 = AXIS2_PLACEMENT_3D ( 'NONE', #2580, #864, #624 ) ;
#702 = ORIENTED_EDGE ( 'NONE', *, *, #69, .T. ) ;
#703 = CARTESIAN_POINT ( 'NONE',  ( -3.235548646625556746, 11.84893986265701216, 7.700547341377627752 ) ) ;
#704 = CARTESIAN_POINT ( 'NONE',  ( -1.408737856626421703, 12.48156121899251225, 7.291337846865777017 ) ) ;
#705 = PLANE ( 'NONE',  #2406 ) ;
#706 = EDGE_LOOP ( 'NONE', ( #2283, #1936, #2465, #2286, #3354, #3540, #3350, #60 ) ) ;
#707 = CARTESIAN_POINT ( 'NONE',  ( 4.449999999999998401, 8.449870336443629171, 4.438573015849602399 ) ) ;
#708 = CARTESIAN_POINT ( 'NONE',  ( -1.671095101031778718, 13.14096073225438488, 8.514837379492597336 ) ) ;
#709 = EDGE_CURVE ( 'NONE', #1642, #3501, #2399, .T. ) ;
#710 = ADVANCED_FACE ( 'NONE', ( #698 ), #407, .F. ) ;
#711 = ORIENTED_EDGE ( 'NONE', *, *, #1920, .F. ) ;
#712 = CARTESIAN_POINT ( 'NONE',  ( -4.438389616762837164, 11.25760297894821527, 4.797439705280125644 ) ) ;
#713 = PLANE ( 'NONE',  #1691 ) ;
#714 = DIRECTION ( 'NONE',  ( -0.000000000000000000, -0.000000000000000000, -1.000000000000000000 ) ) ;
#715 = CARTESIAN_POINT ( 'NONE',  ( -3.532763477756663661, -13.32351120075463058, 8.225001781060452544 ) ) ;
#716 = ORIENTED_EDGE ( 'NONE', *, *, #2407, .F. ) ;
#717 = CARTESIAN_POINT ( 'NONE',  ( -3.950000000000000178, 7.689499999999997115, 6.890001751105001127 ) ) ;
#718 = FACE_OUTER_BOUND ( 'NONE', #1627, .T. ) ;
#719 = CARTESIAN_POINT ( 'NONE',  ( -2.688257383295050484, 11.92975997333520866, 5.320004568533849287 ) ) ;
#720 = ORIENTED_EDGE ( 'NONE', *, *, #3330, .T. ) ;
#721 = PRESENTATION_STYLE_ASSIGNMENT (( #1244 ) ) ;
#722 = CARTESIAN_POINT ( 'NONE',  ( 4.410689520190356205, -2.002661781275184349, 6.825001781060429096 ) ) ;
#723 = CARTESIAN_POINT ( 'NONE',  ( 2.995289677358585312, 11.80829130061952270, 7.291705696180875051 ) ) ;
#724 = AXIS2_PLACEMENT_3D ( 'NONE', #155, #734, #1273 ) ;
#725 = DIRECTION ( 'NONE',  ( 0.000000000000000000, 0.000000000000000000, -1.000000000000000000 ) ) ;
#726 = ORIENTED_EDGE ( 'NONE', *, *, #240, .F. ) ;
#727 = CARTESIAN_POINT ( 'NONE',  ( 4.162711776839898015, 11.79615393113018840, 4.031045918299801301 ) ) ;
#728 = CARTESIAN_POINT ( 'NONE',  ( -4.530118691065713854, 11.01894328194790162, 7.025795166520926394 ) ) ;
#729 = DIRECTION ( 'NONE',  ( -1.691972959207498077E-16, 1.000000000000000000, 0.000000000000000000 ) ) ;
#730 = CARTESIAN_POINT ( 'NONE',  ( -4.584187634470662687, 10.99230058487967021, 6.990968069902844917 ) ) ;
#731 = CARTESIAN_POINT ( 'NONE',  ( -3.258700554395994597, 12.08316326170691113, 4.275448215199555868 ) ) ;
#732 = ADVANCED_FACE ( 'NONE', ( #1851 ), #738, .T. ) ;
#733 = CARTESIAN_POINT ( 'NONE',  ( 3.889998638297459177, 10.51968448371405351, 6.020352046879631658 ) ) ;
#734 = DIRECTION ( 'NONE',  ( 0.000000000000000000, -0.8480480961564270670, -0.5299192642332032355 ) ) ;
#735 = DIRECTION ( 'NONE',  ( -0.000000000000000000, -0.000000000000000000, -1.000000000000000000 ) ) ;
#736 = ORIENTED_EDGE ( 'NONE', *, *, #284, .T. ) ;
#737 = EDGE_CURVE ( 'NONE', #81, #86, #3518, .T. ) ;
#738 = PLANE ( 'NONE',  #1980 ) ;
#739 = CARTESIAN_POINT ( 'NONE',  ( -1.396755410686616461, -13.16720340187414884, 7.788171908805847643 ) ) ;
#740 = CARTESIAN_POINT ( 'NONE',  ( -3.258856780442088485, 11.65394902851143399, 5.319895582992979044 ) ) ;
#741 = AXIS2_PLACEMENT_3D ( 'NONE', #2232, #3075, #1635 ) ;
#742 = ORIENTED_EDGE ( 'NONE', *, *, #1920, .T. ) ;
#743 = DIRECTION ( 'NONE',  ( 1.000000000000000000, 0.000000000000000000, 0.000000000000000000 ) ) ;
#744 = CARTESIAN_POINT ( 'NONE',  ( -1.412538234306535448E-15, 7.689499999999998892, 6.025001781060452366 ) ) ;
#745 = CARTESIAN_POINT ( 'NONE',  ( 2.747294707252909252, 11.60006588476513478, 7.390001751104916750 ) ) ;
#746 = CARTESIAN_POINT ( 'NONE',  ( 4.582862970576763395, 10.97806095816065231, 6.812844335169635279 ) ) ;
#747 = VECTOR ( 'NONE', #2884, 1000.000000000000000 ) ;
#748 = AXIS2_PLACEMENT_3D ( 'NONE', #3228, #2659, #2129 ) ;
#749 = CARTESIAN_POINT ( 'NONE',  ( 1.799999999999996048, -13.48949999999999960, 6.025001781060452366 ) ) ;
#750 = VERTEX_POINT ( 'NONE', #2658 ) ;
#751 = CARTESIAN_POINT ( 'NONE',  ( 2.868134850120927837, 12.37419179883185727, 4.031002000011349118 ) ) ;
#752 = CARTESIAN_POINT ( 'NONE',  ( 2.123573546146497737, 12.92523868336796689, 8.459450986790008287 ) ) ;
#753 = CARTESIAN_POINT ( 'NONE',  ( 3.656400089548498489, 11.84482375019802980, 8.169223658344165528 ) ) ;
#754 = FACE_BOUND ( 'NONE', #354, .T. ) ;
#755 = CARTESIAN_POINT ( 'NONE',  ( -2.108477231949691610, 12.41712000210842781, 7.674922586939129765 ) ) ;
#756 = LINE ( 'NONE', #2991, #657 ) ;
#757 = CARTESIAN_POINT ( 'NONE',  ( -5.650025000000002962, 4.999999999999998224, 6.025001781060432826 ) ) ;
#758 = AXIS2_PLACEMENT_3D ( 'NONE', #202, #1317, #1892 ) ;
#759 = EDGE_LOOP ( 'NONE', ( #1767, #375, #3079 ) ) ;
#760 = CARTESIAN_POINT ( 'NONE',  ( 2.602085213965210642E-15, -7.689499999999998892, 10.00000000000000000 ) ) ;
#761 = DIRECTION ( 'NONE',  ( 0.000000000000000000, -0.000000000000000000, -1.000000000000000000 ) ) ;
#762 = CARTESIAN_POINT ( 'NONE',  ( 4.162476823012380756, 11.14605390603282942, 5.597715909314781690 ) ) ;
#763 = EDGE_CURVE ( 'NONE', #3055, #2639, #2389, .T. ) ;
#764 = EDGE_CURVE ( 'NONE', #1953, #3444, #1240, .T. ) ;
#765 = ORIENTED_EDGE ( 'NONE', *, *, #121, .F. ) ;
#766 = CARTESIAN_POINT ( 'NONE',  ( -4.593399294711333347, 10.97936062311867111, 6.542480687634443903 ) ) ;
#767 = CARTESIAN_POINT ( 'NONE',  ( 3.249998650523997945, 11.30645614812176802, 7.390001751105000238 ) ) ;
#768 = CARTESIAN_POINT ( 'NONE',  ( 4.686600722435529498, 10.93989510242385066, 6.812849231811207495 ) ) ;
#769 = EDGE_LOOP ( 'NONE', ( #2651, #3202, #720, #1328, #1401, #997, #1188, #392, #702, #1167 ) ) ;
#770 = CARTESIAN_POINT ( 'NONE',  ( 2.011867684139917678, 12.96919811203460959, 8.460028801208871130 ) ) ;
#771 = CARTESIAN_POINT ( 'NONE',  ( 4.479015354511868274, 11.40870373966980544, 8.169239940796916954 ) ) ;
#772 = CARTESIAN_POINT ( 'NONE',  ( 4.146181538598119332, 10.57249820481874814, 6.025001781060451478 ) ) ;
#773 = CARTESIAN_POINT ( 'NONE',  ( 3.742782344459725241, 10.71924517252448794, 7.166443121202862088 ) ) ;
#774 = LINE ( 'NONE', #1867, #487 ) ;
#775 = DIRECTION ( 'NONE',  ( 1.000000000000000000, 0.000000000000000000, 0.000000000000000000 ) ) ;
#776 = ORIENTED_EDGE ( 'NONE', *, *, #1800, .T. ) ;
#777 = CARTESIAN_POINT ( 'NONE',  ( -3.869522603009779901E-16, -2.129508668001014460, 10.00000000000000000 ) ) ;
#778 = CARTESIAN_POINT ( 'NONE',  ( -2.105535682249372142E-17, -13.48949999999999960, 6.680466256987264373 ) ) ;
#779 = ORIENTED_EDGE ( 'NONE', *, *, #1707, .T. ) ;
#780 = DIRECTION ( 'NONE',  ( 0.000000000000000000, 0.000000000000000000, -1.000000000000000000 ) ) ;
#781 = CARTESIAN_POINT ( 'NONE',  ( 1.217599097579201484, -13.20674137931034409, 6.680466256987264373 ) ) ;
#782 = EDGE_CURVE ( 'NONE', #2177, #1002, #576, .T. ) ;
#783 = ADVANCED_FACE ( 'NONE', ( #2934 ), #3462, .T. ) ;
#784 = DIRECTION ( 'NONE',  ( -0.000000000000000000, -0.000000000000000000, -1.000000000000000000 ) ) ;
#785 = CARTESIAN_POINT ( 'NONE',  ( -4.225929559452726636, 11.12164459334227828, 6.811905349834932011 ) ) ;
#786 = ORIENTED_EDGE ( 'NONE', *, *, #3370, .F. ) ;
#787 = ADVANCED_FACE ( 'NONE', ( #988 ), #2358, .T. ) ;
#788 = CARTESIAN_POINT ( 'NONE',  ( 1.054088222664448127, 13.24041834638088666, 8.464141919466138475 ) ) ;
#789 = CARTESIAN_POINT ( 'NONE',  ( -3.631558011540758191, 11.97051537096661100, 8.341436621296052678 ) ) ;
#790 = CIRCLE ( 'NONE', #1360, 0.5000000000000007772 ) ;
#791 = ORIENTED_EDGE ( 'NONE', *, *, #2793, .F. ) ;
#792 = CARTESIAN_POINT ( 'NONE',  ( 5.555885592580065868, 1.470491331998986739, 11.02695437199577988 ) ) ;
#793 = DIRECTION ( 'NONE',  ( -0.9510565162951515328, -1.489052873938959139E-16, 0.3090169943749538906 ) ) ;
#794 = DIRECTION ( 'NONE',  ( 0.000000000000000000, 0.000000000000000000, 1.000000000000000000 ) ) ;
#795 = ORIENTED_EDGE ( 'NONE', *, *, #952, .T. ) ;
#796 = DIRECTION ( 'NONE',  ( -0.000000000000000000, 0.000000000000000000, 1.000000000000000000 ) ) ;
#797 = CARTESIAN_POINT ( 'NONE',  ( 9.550000000000006040, 7.361319111364017509, 3.625001781060453343 ) ) ;
#798 = VECTOR ( 'NONE', #2092, 1000.000000000000000 ) ;
#799 = ORIENTED_EDGE ( 'NONE', *, *, #1521, .T. ) ;
#800 = CYLINDRICAL_SURFACE ( 'NONE', #3623, 4.449999999999999289 ) ;
#801 = LINE ( 'NONE', #849, #1797 ) ;
#802 = CARTESIAN_POINT ( 'NONE',  ( 2.230804331399918627, 11.86801142207782789, 7.390001751104916750 ) ) ;
#803 = VECTOR ( 'NONE', #2870, 1000.000000000000000 ) ;
#804 = CARTESIAN_POINT ( 'NONE',  ( 3.398796133216326343, 11.54497257229730600, 7.112468591315557198 ) ) ;
#805 = AXIS2_PLACEMENT_3D ( 'NONE', #3611, #2714, #3575 ) ;
#806 = EDGE_LOOP ( 'NONE', ( #3221, #1548, #1979, #1943, #573, #44, #815, #1179, #2563, #665, #1859, #1412, #1607 ) ) ;
#807 = CARTESIAN_POINT ( 'NONE',  ( 1.935986816336448868, 12.99751916016929343, 8.460426705480962539 ) ) ;
#808 = CARTESIAN_POINT ( 'NONE',  ( 0.7008084527859312907, 13.09974530414040750, 8.169112449122291508 ) ) ;
#809 = EDGE_CURVE ( 'NONE', #3029, #1533, #1768, .T. ) ;
#810 = CIRCLE ( 'NONE', #2085, 1.799999999999996048 ) ;
#811 = CARTESIAN_POINT ( 'NONE',  ( -4.464842051556748181, 11.15221458292216994, 7.541762212043483515 ) ) ;
#812 = CARTESIAN_POINT ( 'NONE',  ( 3.894192326220641487, 11.24723173185866543, 6.763100033380732512 ) ) ;
#813 = CARTESIAN_POINT ( 'NONE',  ( 1.573787133488893764, -13.11899933614038538, 8.006615484501494961 ) ) ;
#814 = DIRECTION ( 'NONE',  ( 1.127981972804998554E-16, -1.000000000000000000, 0.000000000000000000 ) ) ;
#815 = ORIENTED_EDGE ( 'NONE', *, *, #2686, .T. ) ;
#816 = CARTESIAN_POINT ( 'NONE',  ( 0.000000000000000000, 7.689500000000000668, 6.025001781060452366 ) ) ;
#817 = CARTESIAN_POINT ( 'NONE',  ( -2.105535682249372142E-17, -13.48949999999999960, 7.569537305133641425 ) ) ;
#818 = B_SPLINE_CURVE_WITH_KNOTS ( 'NONE', 3,
 ( #3564, #1067, #226, #3353, #2236, #846 ),
 .UNSPECIFIED., .F., .F.,
 ( 4, 2, 4 ),
 ( 8.482971487667320871E-05, 0.0004434887667001678919, 0.0008021478185236626023 ),
 .UNSPECIFIED. ) ;
#819 = ORIENTED_EDGE ( 'NONE', *, *, #1431, .T. ) ;
#820 = CARTESIAN_POINT ( 'NONE',  ( -3.250001190530002138, 9.934492708574698128, 7.390001751105000238 ) ) ;
#821 = LINE ( 'NONE', #1070, #1386 ) ;
#822 = CARTESIAN_POINT ( 'NONE',  ( 5.050000000000002487, -2.129508668001012683, 6.025001781060452366 ) ) ;
#823 = CARTESIAN_POINT ( 'NONE',  ( 0.001539706189306671962, 12.55215404713377758, 6.812609267672828040 ) ) ;
#824 = VERTEX_POINT ( 'NONE', #1486 ) ;
#825 = CARTESIAN_POINT ( 'NONE',  ( 0.4693818372100517222, 13.31997515326133907, 8.465570906933599815 ) ) ;
#826 = CARTESIAN_POINT ( 'NONE',  ( 3.656392185597277411, 11.95726606742013587, 8.342231319175969162 ) ) ;
#827 = CARTESIAN_POINT ( 'NONE',  ( -3.825924427344957746, 8.671743491322368769, 7.390001751105000238 ) ) ;
#828 = ADVANCED_FACE ( 'NONE', ( #1257 ), #3227, .F. ) ;
#829 = DIRECTION ( 'NONE',  ( -1.000000000000000000, -0.000000000000000000, -0.000000000000000000 ) ) ;
#830 = ORIENTED_EDGE ( 'NONE', *, *, #809, .F. ) ;
#831 = FACE_OUTER_BOUND ( 'NONE', #759, .T. ) ;
#832 = CARTESIAN_POINT ( 'NONE',  ( 9.550000000000006040, 10.57249820481874814, 6.025001781060451478 ) ) ;
#833 = EDGE_LOOP ( 'NONE', ( #535, #1572, #1224, #2491, #2768, #791, #460, #3470, #2633 ) ) ;
#834 = CYLINDRICAL_SURFACE ( 'NONE', #465, 5.649999999999999467 ) ;
#835 = CARTESIAN_POINT ( 'NONE',  ( 4.594712465845966598, 10.97752636238303303, 6.226633257059546622 ) ) ;
#836 = CARTESIAN_POINT ( 'NONE',  ( 4.375420889653828027, 11.06113554880200311, 6.513177714914903937 ) ) ;
#837 = EDGE_LOOP ( 'NONE', ( #1056, #1986, #3095, #819 ) ) ;
#838 = VECTOR ( 'NONE', #329, 1000.000000000000000 ) ;
#839 = CARTESIAN_POINT ( 'NONE',  ( 4.449999999999998401, 1.779412703751509062, 7.196037656365388280 ) ) ;
#840 = CARTESIAN_POINT ( 'NONE',  ( -4.438731424088391719, 11.33746840542758605, 7.995264085945542831 ) ) ;
#841 = CARTESIAN_POINT ( 'NONE',  ( -3.890001178303868379, 10.52221121693196260, 6.750001763332003968 ) ) ;
#842 = LINE ( 'NONE', #1958, #1140 ) ;
#843 = EDGE_CURVE ( 'NONE', #1220, #283, #3248, .T. ) ;
#844 = ORIENTED_EDGE ( 'NONE', *, *, #2171, .F. ) ;
#845 = DIRECTION ( 'NONE',  ( 0.000000000000000000, 1.000000000000000000, -0.000000000000000000 ) ) ;
#846 = CARTESIAN_POINT ( 'NONE',  ( 4.567893674106338509, 10.98856899661455877, 6.742319274600710344 ) ) ;
#847 = EDGE_CURVE ( 'NONE', #171, #1068, #1161, .T. ) ;
#848 = EDGE_LOOP ( 'NONE', ( #726, #1788, #2076, #434 ) ) ;
#849 = CARTESIAN_POINT ( 'NONE',  ( 3.889998638297447187, 10.51968052100145812, 4.225001781060453432 ) ) ;
#850 = CARTESIAN_POINT ( 'NONE',  ( 3.473375749751536734, 12.08758285973683577, 4.031019768364123124 ) ) ;
#851 = VECTOR ( 'NONE', #2078, 1000.000000000000000 ) ;
#852 = FACE_OUTER_BOUND ( 'NONE', #1819, .T. ) ;
#853 = CARTESIAN_POINT ( 'NONE',  ( 1.804414282993343166, 12.20092236243417894, 6.513089111174764412 ) ) ;
#854 = VERTEX_POINT ( 'NONE', #3185 ) ;
#855 = VECTOR ( 'NONE', #2735, 1000.000000000000000 ) ;
#856 = CARTESIAN_POINT ( 'NONE',  ( -2.999863755916113650, 12.48711851494765845, 8.456350954967144062 ) ) ;
#857 = CARTESIAN_POINT ( 'NONE',  ( 3.398754511539014089, 11.71333598364071271, 7.643959190435845485 ) ) ;
#858 = CARTESIAN_POINT ( 'NONE',  ( 3.892796171570835462, 10.57249820481874814, 6.025001781060451478 ) ) ;
#859 = FACE_OUTER_BOUND ( 'NONE', #833, .T. ) ;
#860 = ORIENTED_EDGE ( 'NONE', *, *, #869, .T. ) ;
#861 = CARTESIAN_POINT ( 'NONE',  ( -1.050000000000000933, 10.10852073939899931, 7.390001751105000238 ) ) ;
#862 = CARTESIAN_POINT ( 'NONE',  ( -3.250001190530002138, 9.934492708574698128, 7.390001751105000238 ) ) ;
#863 = ORIENTED_EDGE ( 'NONE', *, *, #763, .T. ) ;
#864 = DIRECTION ( 'NONE',  ( -0.000000000000000000, 0.000000000000000000, 1.000000000000000000 ) ) ;
#865 = CARTESIAN_POINT ( 'NONE',  ( -4.012822307506232811, 11.96604117279042967, 3.785015278240865921 ) ) ;
#866 = CARTESIAN_POINT ( 'NONE',  ( 4.475152936264264802, 11.14336926191174726, 7.557270738561660650 ) ) ;
#867 = EDGE_CURVE ( 'NONE', #1562, #261, #1066, .T. ) ;
#868 = CARTESIAN_POINT ( 'NONE',  ( 0.7009417965758688585, 12.47799085844129685, 6.392594027879399121 ) ) ;
#869 = EDGE_CURVE ( 'NONE', #1370, #1032, #875, .T. ) ;
#870 = PRODUCT_DEFINITION_FORMATION_WITH_SPECIFIED_SOURCE ( 'ไป', '', #1925, .NOT_KNOWN. ) ;
#871 = ORIENTED_EDGE ( 'NONE', *, *, #1496, .F. ) ;
#872 = PLANE ( 'NONE',  #2077 ) ;
#873 = CARTESIAN_POINT ( 'NONE',  ( -1.394792211694132478, 13.16510136067877568, 8.463139729445050108 ) ) ;
#874 = CARTESIAN_POINT ( 'NONE',  ( -1.408762172085292752, 12.62653303161018847, 7.643587748687751926 ) ) ;
#875 = CIRCLE ( 'NONE', #3448, 1.799999999999996048 ) ;
#876 = CARTESIAN_POINT ( 'NONE',  ( 3.001520849522580470, -12.47629147131784322, 6.025001781060464801 ) ) ;
#877 = DIRECTION ( 'NONE',  ( -1.000000000000000000, -2.255963945609997107E-16, 0.000000000000000000 ) ) ;
#878 = ORIENTED_EDGE ( 'NONE', *, *, #2025, .F. ) ;
#879 = DIRECTION ( 'NONE',  ( -0.000000000000000000, -0.000000000000000000, -1.000000000000000000 ) ) ;
#880 = LINE ( 'NONE', #602, #1176 ) ;
#881 = ORIENTED_EDGE ( 'NONE', *, *, #550, .T. ) ;
#882 = CARTESIAN_POINT ( 'NONE',  ( -0.2932768669047347010, 13.23168809352958597, 3.785635805754786531 ) ) ;
#883 = CYLINDRICAL_SURFACE ( 'NONE', #2140, 5.650000000000000355 ) ;
#884 = CARTESIAN_POINT ( 'NONE',  ( -1.408669308188841285, 12.31229440431080668, 6.512756574304398249 ) ) ;
#885 = ORIENTED_EDGE ( 'NONE', *, *, #326, .T. ) ;
#886 = EDGE_CURVE ( 'NONE', #2745, #3583, #2098, .T. ) ;
#887 = EDGE_CURVE ( 'NONE', #1694, #1117, #1441, .T. ) ;
#888 = LINE ( 'NONE', #3413, #559 ) ;
#889 = CARTESIAN_POINT ( 'NONE',  ( -1.861872317249496200, 13.02394219004777476, 8.460667115191943921 ) ) ;
#890 = CARTESIAN_POINT ( 'NONE',  ( -3.631540960308204280, 11.75832916621387092, 7.995423444815672021 ) ) ;
#891 = ADVANCED_FACE ( 'NONE', ( #831 ), #3633, .T. ) ;
#892 = CARTESIAN_POINT ( 'NONE',  ( 4.594788572265327886, 10.97742000757955516, 6.100470157548421923 ) ) ;
#893 = CARTESIAN_POINT ( 'NONE',  ( 3.889998638297144318, 10.52296830665163974, 6.805281897544859682 ) ) ;
#894 = AXIS2_PLACEMENT_3D ( 'NONE', #3595, #3558, #1042 ) ;
#895 = VERTEX_POINT ( 'NONE', #2755 ) ;
#896 = PLANE ( 'NONE',  #2993 ) ;
#897 = DIRECTION ( 'NONE',  ( 1.000000000000000000, 0.000000000000000000, 0.000000000000000000 ) ) ;
#898 = VERTEX_POINT ( 'NONE', #2185 ) ;
#899 = CYLINDRICAL_SURFACE ( 'NONE', #2622, 1.250000000000000000 ) ;
#900 = CARTESIAN_POINT ( 'NONE',  ( 4.375791389526264119, 11.79959913771985924, 3.785904455807032498 ) ) ;
#901 = CARTESIAN_POINT ( 'NONE',  ( -4.593601280833937039, 10.97872034589083334, 6.025002543065368421 ) ) ;
#902 = CARTESIAN_POINT ( 'NONE',  ( -3.882800977362425687, 11.27463258260471335, 6.391889522487557151 ) ) ;
#903 = EDGE_LOOP ( 'NONE', ( #3113, #2322, #2786, #1376, #2540, #1700 ) ) ;
#904 = DIRECTION ( 'NONE',  ( -1.000000000000000000, -4.163336342344337027E-15, 0.000000000000000000 ) ) ;
#905 = AXIS2_PLACEMENT_3D ( 'NONE', #999, #3174, #2368 ) ;
#906 = CARTESIAN_POINT ( 'NONE',  ( -1.893924558621449261, 13.01261602563560693, 8.460495275251323832 ) ) ;
#907 = CARTESIAN_POINT ( 'NONE',  ( -2.524213175370601192, 12.19466072415085378, 7.643392821490465394 ) ) ;
#908 = FACE_OUTER_BOUND ( 'NONE', #1450, .T. ) ;
#909 = CARTESIAN_POINT ( 'NONE',  ( 9.550000000000006040, 10.57249820481874814, 6.025001781060451478 ) ) ;
#910 = ADVANCED_FACE ( 'NONE', ( #2492 ), #3303, .F. ) ;
#911 = VECTOR ( 'NONE', #1904, 1000.000000000000000 ) ;
#912 = ORIENTED_EDGE ( 'NONE', *, *, #2189, .T. ) ;
#913 = LINE ( 'NONE', #3126, #3393 ) ;
#914 = CYLINDRICAL_SURFACE ( 'NONE', #1641, 5.049999999999998934 ) ;
#915 = ORIENTED_EDGE ( 'NONE', *, *, #2190, .T. ) ;
#916 = CARTESIAN_POINT ( 'NONE',  ( -4.450000000000001954, 8.449868535678687564, 4.438571669977656065 ) ) ;
#917 = CARTESIAN_POINT ( 'NONE',  ( -2.973327267574927824, 12.42511693561147013, 3.785206494936631749 ) ) ;
#918 = DIRECTION ( 'NONE',  ( 0.000000000000000000, 0.000000000000000000, -1.000000000000000000 ) ) ;
#919 = CARTESIAN_POINT ( 'NONE',  ( 0.001672473351526211193, 12.55128718785849706, 5.597498301304284496 ) ) ;
#920 = ORIENTED_EDGE ( 'NONE', *, *, #1879, .F. ) ;
#921 = CARTESIAN_POINT ( 'NONE',  ( 4.449999999999997513, 6.872335668153994881, 6.952821441492561760 ) ) ;
#922 = DIRECTION ( 'NONE',  ( -1.000000000000000000, 0.000000000000000000, 0.000000000000000000 ) ) ;
#923 = CARTESIAN_POINT ( 'NONE',  ( 4.582786365136522377, 11.12373894502544935, 7.643989068040257351 ) ) ;
#924 = CARTESIAN_POINT ( 'NONE',  ( -3.884915666130293044, 10.53013642315050724, 6.842592532644226289 ) ) ;
#925 = DIRECTION ( 'NONE',  ( 1.127981972804998800E-16, -1.000000000000000000, -0.000000000000000000 ) ) ;
#926 = AXIS2_PLACEMENT_3D ( 'NONE', #123, #3269, #1830 ) ;
#927 = ORIENTED_EDGE ( 'NONE', *, *, #2045, .F. ) ;
#928 = CARTESIAN_POINT ( 'NONE',  ( 4.162589056953859945, 11.39972932754730728, 4.798404228980868602 ) ) ;
#929 = EDGE_CURVE ( 'NONE', #2177, #937, #1946, .T. ) ;
#930 = EDGE_CURVE ( 'NONE', #3601, #22, #259, .T. ) ;
#931 = DIRECTION ( 'NONE',  ( -0.000000000000000000, -0.000000000000000000, -1.000000000000000000 ) ) ;
#932 = CARTESIAN_POINT ( 'NONE',  ( -1.250000000000000000, -13.48949999999999960, 6.680466256987264373 ) ) ;
#933 = ORIENTED_EDGE ( 'NONE', *, *, #31, .F. ) ;
#934 = CARTESIAN_POINT ( 'NONE',  ( 2.127944142715079046E-15, -7.689499999999998892, 14.45000000000000107 ) ) ;
#935 = CARTESIAN_POINT ( 'NONE',  ( -4.520551147941753278, 11.74088972958925758, 3.784921725100319101 ) ) ;
#936 = CARTESIAN_POINT ( 'NONE',  ( 0.001624064737640787143, 12.50076320394943252, 5.995005582879405104 ) ) ;
#937 = VERTEX_POINT ( 'NONE', #1115 ) ;
#938 = CARTESIAN_POINT ( 'NONE',  ( -2.105535682249372142E-17, -13.48949999999999960, 7.569537305133641425 ) ) ;
#939 = CARTESIAN_POINT ( 'NONE',  ( -3.481004389000346588, 11.71143534166012756, 7.706916219902328891 ) ) ;
#940 = CARTESIAN_POINT ( 'NONE',  ( -2.097609301707124452, 12.24601855372297976, 7.291222730506946803 ) ) ;
#941 = CARTESIAN_POINT ( 'NONE',  ( 3.889998638297447187, 10.51968052100145812, 6.025001781060452366 ) ) ;
#942 = CARTESIAN_POINT ( 'NONE',  ( 5.049999999999998934, 7.361319111364017509, 3.625001781060453343 ) ) ;
#943 = CARTESIAN_POINT ( 'NONE',  ( 1.804284768355989721, 13.11365141857083749, 8.515212798476438749 ) ) ;
#944 = EDGE_LOOP ( 'NONE', ( #502, #1248, #2576, #1673 ) ) ;
#945 = CARTESIAN_POINT ( 'NONE',  ( -2.973402138367119640, 12.20796979694313400, 4.275500495127858791 ) ) ;
#946 = CARTESIAN_POINT ( 'NONE',  ( 5.049999999999998934, 7.689500000000000668, 6.025001781060452366 ) ) ;
#947 = CARTESIAN_POINT ( 'NONE',  ( 2.509632667749770008, -2.129508668001012683, 5.255670324115166991 ) ) ;
#948 = ORIENTED_EDGE ( 'NONE', *, *, #166, .F. ) ;
#949 = CARTESIAN_POINT ( 'NONE',  ( 4.568660935877448814, 10.98952394540699373, 6.818162280478706094 ) ) ;
#950 = CARTESIAN_POINT ( 'NONE',  ( -3.825924427344957746, 8.671743491322368769, 7.390001751105000238 ) ) ;
#951 = CARTESIAN_POINT ( 'NONE',  ( 4.479215027239896507, 11.02049786261425801, 5.995245156862375246 ) ) ;
#952 = EDGE_CURVE ( 'NONE', #2473, #5, #1625, .T. ) ;
#953 = VERTEX_POINT ( 'NONE', #1098 ) ;
#954 = CARTESIAN_POINT ( 'NONE',  ( -5.049999999999999822, 7.361319111364017509, 3.625001781060453343 ) ) ;
#955 = FACE_OUTER_BOUND ( 'NONE', #806, .T. ) ;
#956 = CARTESIAN_POINT ( 'NONE',  ( -2.973755062945536931, 11.77070496681881373, 7.111809885264986697 ) ) ;
#957 = CARTESIAN_POINT ( 'NONE',  ( 3.844498696263046078, 9.931385331500063529, 7.023822005821168446 ) ) ;
#958 = VERTEX_POINT ( 'NONE', #3030 ) ;
#959 = CARTESIAN_POINT ( 'NONE',  ( -3.534736869965028117, 10.98558154602504366, 7.327761954736145888 ) ) ;
#960 = CARTESIAN_POINT ( 'NONE',  ( -3.380160293368070334, 12.26329450121812137, 8.514502236184757322 ) ) ;
#961 = ORIENTED_EDGE ( 'NONE', *, *, #929, .T. ) ;
#962 = CARTESIAN_POINT ( 'NONE',  ( 4.583031730840904316, 11.03538346442984519, 5.320648602541117711 ) ) ;
#963 = CARTESIAN_POINT ( 'NONE',  ( 4.566762127844417485, 10.98716069804632056, 6.630469917015320291 ) ) ;
#964 = DIRECTION ( 'NONE',  ( -0.000000000000000000, -0.000000000000000000, -1.000000000000000000 ) ) ;
#965 = VECTOR ( 'NONE', #3045, 1000.000000000000000 ) ;
#966 = B_SPLINE_CURVE_WITH_KNOTS ( 'NONE', 3,
 ( #2163, #2734, #3577, #3612, #3300, #827 ),
 .UNSPECIFIED., .F., .F.,
 ( 4, 2, 4 ),
 ( 0.0002344180714443574738, 0.0007919930247298690362, 0.001349567978015380572 ),
 .UNSPECIFIED. ) ;
#967 = ORIENTED_EDGE ( 'NONE', *, *, #2215, .T. ) ;
#968 = CARTESIAN_POINT ( 'NONE',  ( 1.351827002467245771E-15, -7.689499999999998892, 6.025001781060452366 ) ) ;
#969 = DIRECTION ( 'NONE',  ( -0.000000000000000000, 0.000000000000000000, 1.000000000000000000 ) ) ;
#970 = CARTESIAN_POINT ( 'NONE',  ( 4.162433234859108211, 11.14476244669830507, 5.995231507885630862 ) ) ;
#971 = ORIENTED_EDGE ( 'NONE', *, *, #2836, .T. ) ;
#972 = CARTESIAN_POINT ( 'NONE',  ( -4.593464486013189685, 10.97926959920098788, 6.423113004101846713 ) ) ;
#973 = EDGE_CURVE ( 'NONE', #3501, #1971, #2457, .T. ) ;
#974 = ADVANCED_FACE ( 'NONE', ( #3580 ), #3013, .T. ) ;
#975 = DIRECTION ( 'NONE',  ( 1.691972959207498077E-16, -1.000000000000000000, 0.000000000000000000 ) ) ;
#976 = CARTESIAN_POINT ( 'NONE',  ( -4.520985263028216572, 11.02193298145202327, 7.111514211688536591 ) ) ;
#977 = CARTESIAN_POINT ( 'NONE',  ( 1.351827002467245771E-15, -7.689499999999998892, 6.025001781060452366 ) ) ;
#978 = ORIENTED_EDGE ( 'NONE', *, *, #143, .T. ) ;
#979 = CARTESIAN_POINT ( 'NONE',  ( -3.397948124314106977, 11.14829390502583095, 7.376893261678056923 ) ) ;
#980 = DIRECTION ( 'NONE',  ( -7.105427357601005014E-15, 0.000000000000000000, 1.000000000000000000 ) ) ;
#981 = EDGE_LOOP ( 'NONE', ( #1813, #971, #361, #1270 ) ) ;
#982 = CARTESIAN_POINT ( 'NONE',  ( -2.688182844533034910, 12.10786230163846966, 4.797774717775473263 ) ) ;
#983 = CARTESIAN_POINT ( 'NONE',  ( -1.050000000000000488, 10.10852073939899931, 26.77290423217469595 ) ) ;
#984 = CARTESIAN_POINT ( 'NONE',  ( 3.889998638296250366, 9.850613276543663588, 10.00000000000119371 ) ) ;
#985 = CARTESIAN_POINT ( 'NONE',  ( -1.412538234306535448E-15, 7.689499999999998892, 6.890001751105001127 ) ) ;
#986 = EDGE_LOOP ( 'NONE', ( #3366, #1467, #2156, #2957, #1073 ) ) ;
#987 = CIRCLE ( 'NONE', #1107, 3.399999999999999467 ) ;
#988 = FACE_OUTER_BOUND ( 'NONE', #1305, .T. ) ;
#989 = FACE_OUTER_BOUND ( 'NONE', #414, .T. ) ;
#990 = B_SPLINE_CURVE_WITH_KNOTS ( 'NONE', 3,
 ( #2819, #1975, #360, #2538, #27, #1145, #2314, #2300, #1722, #323, #893, #2004 ),
 .UNSPECIFIED., .F., .F.,
 ( 4, 2, 2, 2, 2, 4 ),
 ( 2.331009456703456253E-17, 0.0003249440950990971876, 0.0006498881901981710648, 0.0009748322852972449420, 0.001137304332846781826, 0.001299776380396318711 ),
 .UNSPECIFIED. ) ;
#991 = CARTESIAN_POINT ( 'NONE',  ( -4.685467316765399737, 10.93463979080486048, 5.596712675741672527 ) ) ;
#992 = EDGE_LOOP ( 'NONE', ( #3579, #2643, #495, #1708, #1457, #3125, #3512, #2161, #1, #3197, #2362 ) ) ;
#993 = DIRECTION ( 'NONE',  ( -0.000000000000000000, 1.000000000000000000, -0.000000000000000000 ) ) ;
#994 = CARTESIAN_POINT ( 'NONE',  ( 3.480770886582531976, 11.71018790639670293, 7.706304058074357144 ) ) ;
#995 = CARTESIAN_POINT ( 'NONE',  ( 3.949254783432660787, 11.30581159807842795, 7.291725132085813854 ) ) ;
#996 = CARTESIAN_POINT ( 'NONE',  ( -5.650025000000001185, -3.000418073890167570, 9.225001781060429451 ) ) ;
#997 = ORIENTED_EDGE ( 'NONE', *, *, #2231, .T. ) ;
#998 = CARTESIAN_POINT ( 'NONE',  ( -2.523785806461078085, 12.52502466481680088, 4.030437873529097104 ) ) ;
#999 = CARTESIAN_POINT ( 'NONE',  ( 8.673617379884033500E-16, -7.689499999999998892, 10.00000000000000000 ) ) ;
#1000 = CARTESIAN_POINT ( 'NONE',  ( -4.685720445804055778, 11.41393561569150883, 8.341227330130099205 ) ) ;
#1001 = EDGE_CURVE ( 'NONE', #1909, #171, #2103, .T. ) ;
#1002 = VERTEX_POINT ( 'NONE', #3288 ) ;
#1003 = CARTESIAN_POINT ( 'NONE',  ( -3.882515456091333750, 11.82718353878557949, 4.275336760487820520 ) ) ;
#1004 = DIRECTION ( 'NONE',  ( 1.000000000000000000, 0.000000000000000000, 0.000000000000000000 ) ) ;
#1005 = CARTESIAN_POINT ( 'NONE',  ( 5.569871513972661781, -2.129508668001012683, 11.06999861201800073 ) ) ;
#1006 = DIRECTION ( 'NONE',  ( -0.000000000000000000, -0.000000000000000000, -1.000000000000000000 ) ) ;
#1007 = EDGE_LOOP ( 'NONE', ( #1332, #683, #3492, #830 ) ) ;
#1008 = DIRECTION ( 'NONE',  ( 0.000000000000000000, 0.000000000000000000, 1.000000000000000000 ) ) ;
#1009 = CARTESIAN_POINT ( 'NONE',  ( -5.650000000000000355, 7.689500000000001556, 10.00000000000000000 ) ) ;
#1010 = CARTESIAN_POINT ( 'NONE',  ( -2.523977800670765603, 12.00426470916304034, 5.320035117982579997 ) ) ;
#1011 = ORIENTED_EDGE ( 'NONE', *, *, #1155, .T. ) ;
#1012 = CARTESIAN_POINT ( 'NONE',  ( 5.649999999999996803, 7.689500000000001556, 6.025001781060429273 ) ) ;
#1013 = CARTESIAN_POINT ( 'NONE',  ( -4.593474839087921424, 10.97925514329987351, 6.393141031310071831 ) ) ;
#1014 = FACE_OUTER_BOUND ( 'NONE', #546, .T. ) ;
#1015 = CARTESIAN_POINT ( 'NONE',  ( -3.631415571348810989, 11.38296538883746933, 6.512356533074602716 ) ) ;
#1016 = CYLINDRICAL_SURFACE ( 'NONE', #59, 1.000000000000000000 ) ;
#1017 = ORIENTED_EDGE ( 'NONE', *, *, #2503, .T. ) ;
#1018 = CARTESIAN_POINT ( 'NONE',  ( 3.473340218099652432, 11.99845268828922507, 4.276170053090346812 ) ) ;
#1019 = CARTESIAN_POINT ( 'NONE',  ( 0.1800658737823006283, 13.33674440906278846, 8.466023735976968112 ) ) ;
#1020 = CARTESIAN_POINT ( 'NONE',  ( -4.226046624830164689, 11.63374149676478631, 8.341314725478955694 ) ) ;
#1021 = LINE ( 'NONE', #2732, #3427 ) ;
#1022 = CARTESIAN_POINT ( 'NONE',  ( 3.210280003757696843, 11.86165457846202997, 7.699391178500320621 ) ) ;
#1023 = DIRECTION ( 'NONE',  ( -0.000000000000000000, -0.000000000000000000, -1.000000000000000000 ) ) ;
#1024 = ADVANCED_FACE ( 'NONE', ( #3599 ), #201, .T. ) ;
#1025 = FACE_OUTER_BOUND ( 'NONE', #3110, .T. ) ;
#1026 = EDGE_CURVE ( 'NONE', #2141, #540, #1316, .T. ) ;
#1027 = CIRCLE ( 'NONE', #741, 5.650000000000000355 ) ;
#1028 = ORIENTED_EDGE ( 'NONE', *, *, #1265, .T. ) ;
#1029 = CARTESIAN_POINT ( 'NONE',  ( 4.301699958624902287, 11.17973578870737228, 7.396310228924085628 ) ) ;
#1030 = LINE ( 'NONE', #1009, #2666 ) ;
#1031 = CARTESIAN_POINT ( 'NONE',  ( -2.097399747747120458, 12.18522055456259423, 5.320112331680152629 ) ) ;
#1032 = VERTEX_POINT ( 'NONE', #637 ) ;
#1033 = CARTESIAN_POINT ( 'NONE',  ( -4.593604283620493334, 10.97907439279810049, 6.166668787742306534 ) ) ;
#1034 = CARTESIAN_POINT ( 'NONE',  ( 3.169348056795885604, 11.73856708937224269, 7.390001751100757410 ) ) ;
#1035 = CARTESIAN_POINT ( 'NONE',  ( 1.804359585306227309, 12.31150605218558169, 7.112423724536113490 ) ) ;
#1036 = EDGE_LOOP ( 'NONE', ( #2648, #2234, #653, #3020, #1485 ) ) ;
#1037 = CARTESIAN_POINT ( 'NONE',  ( -3.258664120111423923, 12.18151223806130190, 4.030299487833262084 ) ) ;
#1038 = CARTESIAN_POINT ( 'NONE',  ( -0.07043719448007526585, 13.33956620228536316, 8.466243633872787555 ) ) ;
#1039 = CARTESIAN_POINT ( 'NONE',  ( 1.804295781033124380, 12.83979199378014968, 8.169189203356904017 ) ) ;
#1040 = CARTESIAN_POINT ( 'NONE',  ( 5.049999999999998934, 7.689500000000000668, 3.870280574240120952 ) ) ;
#1041 = CARTESIAN_POINT ( 'NONE',  ( 4.503581820570033756, 11.03655999852898084, 7.090442594402661669 ) ) ;
#1042 = DIRECTION ( 'NONE',  ( 1.000000000000000000, 0.000000000000000000, 0.000000000000000000 ) ) ;
#1043 = LINE ( 'NONE', #1596, #3548 ) ;
#1044 = ADVANCED_FACE ( 'NONE', ( #3404 ), #1566, .F. ) ;
#1045 = EDGE_CURVE ( 'NONE', #1971, #3211, #913, .T. ) ;
#1046 = ORIENTED_EDGE ( 'NONE', *, *, #285, .T. ) ;
#1047 = DIRECTION ( 'NONE',  ( 0.000000000000000000, 1.000000000000000000, 0.000000000000000000 ) ) ;
#1048 = DIRECTION ( 'NONE',  ( 1.000000000000000000, 1.127981972804998554E-16, -0.000000000000000000 ) ) ;
#1049 = ADVANCED_FACE ( 'NONE', ( #363 ), #2267, .F. ) ;
#1050 = VECTOR ( 'NONE', #1372, 1000.000000000000000 ) ;
#1051 = ORIENTED_EDGE ( 'NONE', *, *, #3216, .T. ) ;
#1052 = CARTESIAN_POINT ( 'NONE',  ( 3.933761157010281728, 8.519266340296228535, 7.390001751104999350 ) ) ;
#1053 = LINE ( 'NONE', #2175, #1656 ) ;
#1054 = CARTESIAN_POINT ( 'NONE',  ( -2.097570062127342094, 12.11202548668420675, 6.812305382909971563 ) ) ;
#1055 = VECTOR ( 'NONE', #369, 1000.000000000000000 ) ;
#1056 = ORIENTED_EDGE ( 'NONE', *, *, #2882, .F. ) ;
#1057 = CARTESIAN_POINT ( 'NONE',  ( 2.387977723443779343, 12.81055591682930483, 8.458189435089444430 ) ) ;
#1058 = CARTESIAN_POINT ( 'NONE',  ( -0.2937738571648047525, 13.24367367748937596, 8.342016672125351917 ) ) ;
#1059 = B_SPLINE_CURVE_WITH_KNOTS ( 'NONE', 3,
 ( #1453, #2582, #458, #2603 ),
 .UNSPECIFIED., .F., .F.,
 ( 4, 4 ),
 ( 0.001213315431906429858, 0.001355879989593975496 ),
 .UNSPECIFIED. ) ;
#1060 = EDGE_LOOP ( 'NONE', ( #12, #3335, #383, #688, #3118, #2780 ) ) ;
#1061 = DIRECTION ( 'NONE',  ( 0.000000000000000000, 0.000000000000000000, 1.000000000000000000 ) ) ;
#1062 = CARTESIAN_POINT ( 'NONE',  ( -2.495960105694005366E-14, 0.000000000000000000, 6.025001781060452366 ) ) ;
#1063 = SPHERICAL_SURFACE ( 'NONE', #387, 5.650000000000000355 ) ;
#1064 = CIRCLE ( 'NONE', #1754, 1.799999999999996048 ) ;
#1065 = ORIENTED_EDGE ( 'NONE', *, *, #973, .F. ) ;
#1066 = LINE ( 'NONE', #2509, #2988 ) ;
#1067 = CARTESIAN_POINT ( 'NONE',  ( 4.565698721408939065, 10.98772515448459153, 6.144553387965175695 ) ) ;
#1068 = VERTEX_POINT ( 'NONE', #2803 ) ;
#1069 = LINE ( 'NONE', #3522, #95 ) ;
#1070 = CARTESIAN_POINT ( 'NONE',  ( -4.449999999999999289, -4.002243707385003013, 3.625001781060453343 ) ) ;
#1071 = CARTESIAN_POINT ( 'NONE',  ( 5.050000000000002487, -2.129508668001012683, 3.625001781060453343 ) ) ;
#1072 = CARTESIAN_POINT ( 'NONE',  ( 2.867770561036610655, 11.76000950914714061, 6.812788878642860091 ) ) ;
#1073 = ORIENTED_EDGE ( 'NONE', *, *, #2044, .F. ) ;
#1074 = CARTESIAN_POINT ( 'NONE',  ( 2.571807305344834038, 12.72026864928963441, 8.457462031323474960 ) ) ;
#1075 = CARTESIAN_POINT ( 'NONE',  ( -2.524238839277489710, 12.51902778619615475, 8.168661694700748654 ) ) ;
#1076 = CARTESIAN_POINT ( 'NONE',  ( -4.425522377042100608, 11.20272065323155175, 7.641804228093531215 ) ) ;
#1077 = CARTESIAN_POINT ( 'NONE',  ( 0.3030126823998051666, 12.83620451013833907, 7.670945388415107757 ) ) ;
#1078 = LINE ( 'NONE', #2200, #3592 ) ;
#1079 = DIRECTION ( 'NONE',  ( 4.605460555690637265E-16, -1.000000000000000000, -1.676639285978731454E-31 ) ) ;
#1080 = AXIS2_PLACEMENT_3D ( 'NONE', #3401, #2263, #2230 ) ;
#1081 = VERTEX_POINT ( 'NONE', #1991 ) ;
#1082 = CARTESIAN_POINT ( 'NONE',  ( -4.398182698984794747, 11.11266142978512050, 7.290914557804677898 ) ) ;
#1083 = PLANE ( 'NONE',  #275 ) ;
#1084 = ORIENTED_EDGE ( 'NONE', *, *, #3533, .F. ) ;
#1085 = CARTESIAN_POINT ( 'NONE',  ( 5.650000000000000355, -2.129508668001012683, 10.00000000000000000 ) ) ;
#1086 = DIRECTION ( 'NONE',  ( 0.000000000000000000, -1.000000000000000000, 0.000000000000000000 ) ) ;
#1087 = CARTESIAN_POINT ( 'NONE',  ( 4.590965798941103237, 10.98275780650899414, 6.868050389456209714 ) ) ;
#1088 = CARTESIAN_POINT ( 'NONE',  ( 0.7009000698607077418, 12.52090603358311505, 6.812680464112308876 ) ) ;
#1089 = ORIENTED_EDGE ( 'NONE', *, *, #1665, .F. ) ;
#1090 = EDGE_CURVE ( 'NONE', #2929, #1384, #365, .T. ) ;
#1091 = ADVANCED_FACE ( 'NONE', ( #3111 ), #896, .F. ) ;
#1092 = CARTESIAN_POINT ( 'NONE',  ( 0.5539388755346795756, 13.31246345623213045, 8.465404408866143982 ) ) ;
#1093 = CARTESIAN_POINT ( 'NONE',  ( -4.685711201522949843, 11.31518241021287352, 8.168221981840360968 ) ) ;
#1094 = LINE ( 'NONE', #529, #1956 ) ;
#1095 = FACE_OUTER_BOUND ( 'NONE', #1007, .T. ) ;
#1096 = VECTOR ( 'NONE', #548, 1000.000000000000000 ) ;
#1097 = ORIENTED_EDGE ( 'NONE', *, *, #1155, .F. ) ;
#1098 = CARTESIAN_POINT ( 'NONE',  ( -4.449999999999998401, -2.002661781275184349, 6.825001781060429096 ) ) ;
#1099 = DIRECTION ( 'NONE',  ( -1.000000000000000000, -2.255963945609997107E-16, 0.000000000000000000 ) ) ;
#1100 = AXIS2_PLACEMENT_3D ( 'NONE', #124, #969, #3208 ) ;
#1101 = ORIENTED_EDGE ( 'NONE', *, *, #930, .F. ) ;
#1102 = CARTESIAN_POINT ( 'NONE',  ( 1.573787133488893542, -13.11899933614038538, 6.243388077619411725 ) ) ;
#1103 = CARTESIAN_POINT ( 'NONE',  ( 2.995658305405587196, 12.20579526198885389, 4.276152843436321405 ) ) ;
#1104 = CARTESIAN_POINT ( 'NONE',  ( 3.247718123677492130, 12.31279065368381964, 8.455844852263739497 ) ) ;
#1105 = CARTESIAN_POINT ( 'NONE',  ( 3.840027127837454479, 11.28747441443629462, 6.513157403377333843 ) ) ;
#1106 = EDGE_LOOP ( 'NONE', ( #795, #799, #1511 ) ) ;
#1107 = AXIS2_PLACEMENT_3D ( 'NONE', #3445, #1184, #1730 ) ;
#1108 = CARTESIAN_POINT ( 'NONE',  ( -2.097249057793999949, 12.93584506397387024, 8.459449375287320549 ) ) ;
#1109 = CARTESIAN_POINT ( 'NONE',  ( 2.995245565336361437, 12.14438749351539570, 7.996213296514346425 ) ) ;
#1110 = EDGE_CURVE ( 'NONE', #520, #2353, #310, .T. ) ;
#1111 = CARTESIAN_POINT ( 'NONE',  ( -3.890001178303814200, 10.52230535701192160, 6.263548517659499382 ) ) ;
#1112 = LINE ( 'NONE', #2217, #965 ) ;
#1113 = ADVANCED_FACE ( 'NONE', ( #584 ), #619, .F. ) ;
#1114 = EDGE_LOOP ( 'NONE', ( #551, #2525, #3565, #3012 ) ) ;
#1115 = CARTESIAN_POINT ( 'NONE',  ( -4.450000000000001066, 7.689499999999997115, 3.870280574240120064 ) ) ;
#1116 = FACE_OUTER_BOUND ( 'NONE', #200, .T. ) ;
#1117 = VERTEX_POINT ( 'NONE', #29 ) ;
#1118 = CARTESIAN_POINT ( 'NONE',  ( 5.049999999999998934, 7.689500000000000668, -23.18283361322050951 ) ) ;
#1119 = CARTESIAN_POINT ( 'NONE',  ( 4.479451809610743851, 11.51915154081179793, 4.276199106577225351 ) ) ;
#1120 = CARTESIAN_POINT ( 'NONE',  ( 0.03377189186398645709, -15.73949999999999960, 6.025001781060452366 ) ) ;
#1121 = CARTESIAN_POINT ( 'NONE',  ( -2.688386080225247277, 11.81253377918866043, 6.392110995009839591 ) ) ;
#1122 = ORIENTED_EDGE ( 'NONE', *, *, #396, .T. ) ;
#1123 = CARTESIAN_POINT ( 'NONE',  ( -0.3597287079047798986, 13.32814817779240002, 8.466210617945417738 ) ) ;
#1124 = CARTESIAN_POINT ( 'NONE',  ( -0.8512663188698866845, 12.95591096011877141, 7.995929765530445543 ) ) ;
#1125 = CARTESIAN_POINT ( 'NONE',  ( 4.450000000000001066, -7.689499999999998892, 10.00000000000000000 ) ) ;
#1126 = VECTOR ( 'NONE', #3515, 1000.000000000000000 ) ;
#1127 = CARTESIAN_POINT ( 'NONE',  ( 3.889998638297123001, 9.850613276542093288, 6.798720824392709972 ) ) ;
#1128 = ORIENTED_EDGE ( 'NONE', *, *, #9, .T. ) ;
#1129 = EDGE_CURVE ( 'NONE', #2177, #1930, #14, .T. ) ;
#1130 = CARTESIAN_POINT ( 'NONE',  ( -3.892659755989657189, 10.57249820484678260, 6.025001781060436379 ) ) ;
#1131 = CARTESIAN_POINT ( 'NONE',  ( -2.533771891863987769, 1.470491331998988294, 6.025001781060452366 ) ) ;
#1132 = VERTEX_POINT ( 'NONE', #563 ) ;
#1133 = LINE ( 'NONE', #2253, #572 ) ;
#1134 = CARTESIAN_POINT ( 'NONE',  ( -4.520513884392697079, 11.84770818375278978, 3.539774428507915793 ) ) ;
#1135 = CARTESIAN_POINT ( 'NONE',  ( 4.593977285471466665, 10.97855346575271618, 6.709930132273274950 ) ) ;
#1136 = CARTESIAN_POINT ( 'NONE',  ( -1.670952854263347831, 12.22380000173078862, 6.392291723155488548 ) ) ;
#1137 = VECTOR ( 'NONE', #2240, 1000.000000000000000 ) ;
#1138 = ORIENTED_EDGE ( 'NONE', *, *, #345, .T. ) ;
#1139 = CARTESIAN_POINT ( 'NONE',  ( -3.873183481106732717, 11.80450150396481312, 8.295653164512152955 ) ) ;
#1140 = VECTOR ( 'NONE', #256, 1000.000000000000000 ) ;
#1141 = B_SPLINE_CURVE_WITH_KNOTS ( 'NONE', 3,
 ( #1330, #3284, #813, #3537 ),
 .UNSPECIFIED., .F., .F.,
 ( 4, 4 ),
 ( 4.336808689942017736E-19, 0.0008558230437459863477 ),
 .UNSPECIFIED. ) ;
#1142 = CARTESIAN_POINT ( 'NONE',  ( -1.686086601045189814, 13.08206646010526342, 8.461617760353309592 ) ) ;
#1143 = CARTESIAN_POINT ( 'NONE',  ( -4.226005102499382993, 11.27817306162519451, 7.643051915709420108 ) ) ;
#1144 = DIRECTION ( 'NONE',  ( 1.000000000000000000, 0.000000000000000000, 0.000000000000000000 ) ) ;
#1145 = CARTESIAN_POINT ( 'NONE',  ( 3.717924406881354393, 10.75177227522490497, 7.193404979099073948 ) ) ;
#1146 = ORIENTED_EDGE ( 'NONE', *, *, #2194, .T. ) ;
#1147 = CARTESIAN_POINT ( 'NONE',  ( -4.585850953564584387, 10.98134952260799402, 6.025001781060420392 ) ) ;
#1148 = CARTESIAN_POINT ( 'NONE',  ( 0.000000000000000000, -15.73949999999999960, 0.000000000000000000 ) ) ;
#1149 = EDGE_CURVE ( 'NONE', #53, #2099, #211, .T. ) ;
#1150 = EDGE_CURVE ( 'NONE', #2718, #898, #2327, .T. ) ;
#1151 = VERTEX_POINT ( 'NONE', #291 ) ;
#1152 = CARTESIAN_POINT ( 'NONE',  ( -5.049999999999999822, 2.002661781275172359, 6.825001781060429096 ) ) ;
#1153 = CARTESIAN_POINT ( 'NONE',  ( 1.049999999999997602, 6.708520739398999844, 7.390001751105001127 ) ) ;
#1154 = CARTESIAN_POINT ( 'NONE',  ( -2.688398643966277923, 11.81868526167482436, 6.512533254577535402 ) ) ;
#1155 = EDGE_CURVE ( 'NONE', #2477, #2570, #1977, .T. ) ;
#1156 = AXIS2_PLACEMENT_3D ( 'NONE', #2382, #3505, #3523 ) ;
#1157 = ORIENTED_EDGE ( 'NONE', *, *, #345, .F. ) ;
#1158 = DIRECTION ( 'NONE',  ( 0.000000000000000000, 0.000000000000000000, -1.000000000000000000 ) ) ;
#1159 = CARTESIAN_POINT ( 'NONE',  ( -1.748529180089267943, -13.06212931034482594, 6.025001781060452366 ) ) ;
#1160 = CARTESIAN_POINT ( 'NONE',  ( 4.686489363920848916, 11.31711029524585754, 8.169247155870452914 ) ) ;
#1161 = CIRCLE ( 'NONE', #3094, 3.399999999999999467 ) ;
#1162 = LINE ( 'NONE', #3348, #1652 ) ;
#1163 = CARTESIAN_POINT ( 'NONE',  ( 5.049999999999998934, 7.689500000000000668, 3.625001781060453343 ) ) ;
#1164 = VERTEX_POINT ( 'NONE', #78 ) ;
#1165 = DIRECTION ( 'NONE',  ( 0.000000000000000000, 0.000000000000000000, 1.000000000000000000 ) ) ;
#1166 = DIRECTION ( 'NONE',  ( 0.000000000000000000, 0.000000000000000000, 1.000000000000000000 ) ) ;
#1167 = ORIENTED_EDGE ( 'NONE', *, *, #244, .T. ) ;
#1168 = DIRECTION ( 'NONE',  ( 0.000000000000000000, -1.956525545995982047E-06, 0.9999999999980860865 ) ) ;
#1169 = CARTESIAN_POINT ( 'NONE',  ( 0.001978233109069816795, 13.37701893584408630, 3.540527296776320831 ) ) ;
#1170 = DIRECTION ( 'NONE',  ( 0.000000000000000000, 0.000000000000000000, 1.000000000000000000 ) ) ;
#1171 = CARTESIAN_POINT ( 'NONE',  ( -4.685553204887943579, 10.94521340542979537, 6.391746095455387078 ) ) ;
#1172 = VERTEX_POINT ( 'NONE', #861 ) ;
#1173 = CARTESIAN_POINT ( 'NONE',  ( -4.450000000000001066, 6.708520739398998955, 10.00000000000000000 ) ) ;
#1174 = CARTESIAN_POINT ( 'NONE',  ( -0.8438398707323885306, 13.27615338551995627, 8.465364318028477442 ) ) ;
#1175 = CARTESIAN_POINT ( 'NONE',  ( -4.521030946916066995, 11.14880805872248182, 7.642997802062057033 ) ) ;
#1176 = VECTOR ( 'NONE', #2841, 1000.000000000000000 ) ;
#1177 = DIRECTION ( 'NONE',  ( -0.000000000000000000, 1.000000000000000000, -0.000000000000000000 ) ) ;
#1178 = DIRECTION ( 'NONE',  ( -2.255963945609997107E-16, 1.000000000000000000, 2.024769005366008431E-16 ) ) ;
#1179 = ORIENTED_EDGE ( 'NONE', *, *, #764, .T. ) ;
#1180 = DIRECTION ( 'NONE',  ( 1.127981972804998554E-16, -1.000000000000000000, 0.000000000000000000 ) ) ;
#1181 = CARTESIAN_POINT ( 'NONE',  ( -5.049999999999998934, 4.999999999999999112, 6.025001781060431050 ) ) ;
#1182 = B_SPLINE_CURVE_WITH_KNOTS ( 'NONE', 3,
 ( #862, #2875, #3388, #62, #564, #2024 ),
 .UNSPECIFIED., .F., .F.,
 ( 4, 2, 4 ),
 ( -7.029545843631500920E-06, 0.0004332329309411639211, 0.0008734954077259592890 ),
 .UNSPECIFIED. ) ;
#1183 = ORIENTED_EDGE ( 'NONE', *, *, #2068, .F. ) ;
#1184 = DIRECTION ( 'NONE',  ( 0.000000000000000000, 0.000000000000000000, 1.000000000000000000 ) ) ;
#1185 = CARTESIAN_POINT ( 'NONE',  ( 3.399226140612489733, 12.22197649055556923, 3.785869017511928725 ) ) ;
#1186 = CARTESIAN_POINT ( 'NONE',  ( 4.567162572264742870, 10.98724122566355277, 6.025001781060473682 ) ) ;
#1187 = CARTESIAN_POINT ( 'NONE',  ( 2.995417510418683538, 11.66615977011413818, 5.995191970542687265 ) ) ;
#1188 = ORIENTED_EDGE ( 'NONE', *, *, #2562, .T. ) ;
#1189 = CARTESIAN_POINT ( 'NONE',  ( 4.438016835025441864, 7.038065476308731583, 7.016395771221273669 ) ) ;
#1190 = CARTESIAN_POINT ( 'NONE',  ( -3.171880538499654900, 11.73882817158960279, 7.390001751115416795 ) ) ;
#1191 = CARTESIAN_POINT ( 'NONE',  ( -3.259055945601142312, 11.62070617903766490, 7.111753349535081981 ) ) ;
#1192 = EDGE_CURVE ( 'NONE', #2086, #2639, #1709, .T. ) ;
#1193 = ADVANCED_FACE ( 'NONE', ( #3352 ), #1344, .F. ) ;
#1194 = CARTESIAN_POINT ( 'NONE',  ( -4.004191501188078206, 11.38650366462112729, 7.605762502643666600 ) ) ;
#1195 = CARTESIAN_POINT ( 'NONE',  ( 3.889998638297247346, 3.339499999999997026, 6.750001763331999527 ) ) ;
#1196 = CIRCLE ( 'NONE', #2310, 1.000000000000000000 ) ;
#1197 = AXIS2_PLACEMENT_3D ( 'NONE', #2586, #3135, #2850 ) ;
#1198 = ORIENTED_EDGE ( 'NONE', *, *, #1259, .T. ) ;
#1199 = CARTESIAN_POINT ( 'NONE',  ( -2.523823810305852344, 12.41064539229709318, 4.275583892850129963 ) ) ;
#1200 = CARTESIAN_POINT ( 'NONE',  ( -5.649999999999997691, -7.689499999999998892, 10.00000000000000000 ) ) ;
#1201 = DIRECTION ( 'NONE',  ( 0.000000000000000000, 1.000000000000000000, 0.000000000000000000 ) ) ;
#1202 = VECTOR ( 'NONE', #761, 1000.000000000000000 ) ;
#1203 = ORIENTED_EDGE ( 'NONE', *, *, #491, .T. ) ;
#1204 = FACE_OUTER_BOUND ( 'NONE', #402, .T. ) ;
#1205 = CARTESIAN_POINT ( 'NONE',  ( -2.097167622345820881, 12.84208688806864451, 3.785372738329689124 ) ) ;
#1206 = DIRECTION ( 'NONE',  ( 0.000000000000000000, -0.5299192642332029024, 0.8480480961564271780 ) ) ;
#1207 = CARTESIAN_POINT ( 'NONE',  ( 4.686690602338048350, 10.94489517856661820, 5.995255073302274695 ) ) ;
#1208 = ORIENTED_EDGE ( 'NONE', *, *, #1149, .T. ) ;
#1209 = CARTESIAN_POINT ( 'NONE',  ( -2.533771891863983772, -15.73949999999999960, 6.025001781060452366 ) ) ;
#1210 = LINE ( 'NONE', #394, #798 ) ;
#1211 = CARTESIAN_POINT ( 'NONE',  ( -2.973769635002886158, 11.82202121090392666, 7.291055299956087588 ) ) ;
#1212 = CARTESIAN_POINT ( 'NONE',  ( -3.419089238745363080, 11.60318511084474302, 7.390001751105406136 ) ) ;
#1213 = ADVANCED_FACE ( 'NONE', ( #601 ), #582, .T. ) ;
#1214 = CARTESIAN_POINT ( 'NONE',  ( -0.8512862183042009256, 13.33217506828769316, 8.514959325794654532 ) ) ;
#1215 = ORIENTED_EDGE ( 'NONE', *, *, #1517, .T. ) ;
#1216 = CARTESIAN_POINT ( 'NONE',  ( -4.603036519107092772, 11.17813329624992136, 4.797408276975076546 ) ) ;
#1217 = LINE ( 'NONE', #1500, #650 ) ;
#1218 = CARTESIAN_POINT ( 'NONE',  ( 4.389998638297123001, 10.52134920293995712, 6.750001763331995974 ) ) ;
#1219 = EDGE_CURVE ( 'NONE', #1132, #2938, #1483, .T. ) ;
#1220 = VERTEX_POINT ( 'NONE', #1535 ) ;
#1221 = DIRECTION ( 'NONE',  ( 0.000000000000000000, -0.000000000000000000, 1.000000000000000000 ) ) ;
#1222 = CARTESIAN_POINT ( 'NONE',  ( 9.550000000000006040, 10.57249820481874814, 6.025001781060451478 ) ) ;
#1223 = CARTESIAN_POINT ( 'NONE',  ( -1.670861384514808590, 12.27023287695440068, 5.597267933716410404 ) ) ;
#1224 = ORIENTED_EDGE ( 'NONE', *, *, #709, .T. ) ;
#1225 = CARTESIAN_POINT ( 'NONE',  ( -4.593483629064689211, 10.97924286982462583, 6.363122953436644025 ) ) ;
#1226 = CARTESIAN_POINT ( 'NONE',  ( 0.3036298034873959328, 12.83667101254455289, 7.670945437019216939 ) ) ;
#1227 = CARTESIAN_POINT ( 'NONE',  ( -3.380091325407870162, 11.60155616514447630, 7.290973627305087135 ) ) ;
#1228 =( BOUNDED_SURFACE ( )  B_SPLINE_SURFACE ( 3, 2, ( 
 ( #2948, #2931, #3441 ),
 ( #118, #136, #3161 ),
 ( #655, #1764, #2892 ),
 ( #3457, #436, #1272 ),
 ( #3557, #3026, #3283 ),
 ( #2432, #236, #773 ),
 ( #3262, #1922, #512 ),
 ( #1041, #1594, #1346 ),
 ( #3576, #2733, #2162 ),
 ( #3042, #812, #2451 ),
 ( #2470, #2143, #1886 ),
 ( #3536, #2750, #528 ) ),
 .UNSPECIFIED., .F., .F., .F. ) 
 B_SPLINE_SURFACE_WITH_KNOTS ( ( 4, 2, 2, 2, 2, 4 ),
 ( 3, 3 ),
 ( -1.284779574395322754E-17, 0.0004911538503217738544, 0.0009823077006435605024, 0.001473461550965347259, 0.001719038476126240637, 0.001964615401287134015 ),
 ( 0.000000000000000000, 1.000000000000000000 ),
 .UNSPECIFIED. ) 
 GEOMETRIC_REPRESENTATION_ITEM ( )  RATIONAL_B_SPLINE_SURFACE ( (
 ( 1.000000000000000000, 0.8268601411548733848, 1.000000000000000000),
 ( 1.000000000000000000, 0.8068520057163355297, 1.000000000000000000),
 ( 1.000000000000000000, 0.7843636409933539833, 1.000000000000000000),
 ( 1.000000000000000000, 0.7342796921222028983, 1.000000000000000000),
 ( 1.000000000000000000, 0.7070144945451805052, 1.000000000000000000),
 ( 1.000000000000000000, 0.6519631669058006951, 1.000000000000000000),
 ( 1.000000000000000000, 0.6235938056419360054, 1.000000000000000000),
 ( 1.000000000000000000, 0.5903291248158881732, 1.000000000000000000),
 ( 1.000000000000000000, 0.5813651497577448923, 1.000000000000000000),
 ( 1.000000000000000000, 0.5697680210577596993, 1.000000000000000000),
 ( 1.000000000000000000, 0.5672178548574068335, 1.000000000000000000),
 ( 1.000000000000000000, 0.5675429183709876924, 1.000000000000000000) ) ) 
 REPRESENTATION_ITEM ( '' )  SURFACE ( )  );
#1229 = CARTESIAN_POINT ( 'NONE',  ( -5.049999999999999822, 8.728330632803420031, 4.646691184227592863 ) ) ;
#1230 = ORIENTED_EDGE ( 'NONE', *, *, #1150, .T. ) ;
#1231 = CARTESIAN_POINT ( 'NONE',  ( -3.890001178303472695, 11.25129871815843430, 6.739350406522178538 ) ) ;
#1232 = DIRECTION ( 'NONE',  ( 0.8680431536181463237, 0.4964887546124920892, 1.347704278884395826E-13 ) ) ;
#1233 = VERTEX_POINT ( 'NONE', #2355 ) ;
#1234 = CARTESIAN_POINT ( 'NONE',  ( 3.398995628173590244, 11.58158373031917954, 5.320611393791763177 ) ) ;
#1235 = CARTESIAN_POINT ( 'NONE',  ( 4.566391279438012596, 10.98844091460849981, 6.508732874794080914 ) ) ;
#1236 = PLANE ( 'NONE',  #724 ) ;
#1237 = EDGE_CURVE ( 'NONE', #2022, #3589, #1631, .T. ) ;
#1238 = EDGE_CURVE ( 'NONE', #2212, #2184, #355, .T. ) ;
#1239 = ORIENTED_EDGE ( 'NONE', *, *, #2523, .T. ) ;
#1240 = LINE ( 'NONE', #2343, #163 ) ;
#1241 = DIRECTION ( 'NONE',  ( -0.000000000000000000, -0.000000000000000000, -1.000000000000000000 ) ) ;
#1242 = CARTESIAN_POINT ( 'NONE',  ( -2.973593693542579519, 11.72734750975060436, 5.597033774768234160 ) ) ;
#1243 = EDGE_LOOP ( 'NONE', ( #1912, #2915, #1870, #1530, #607, #2689, #3287, #105, #1921, #3319 ) ) ;
#1244 = SURFACE_STYLE_USAGE ( .BOTH. , #1301 ) ;
#1245 = CARTESIAN_POINT ( 'NONE',  ( -2.105535682249372142E-17, -13.48949999999999960, 6.680466256987264373 ) ) ;
#1246 = CARTESIAN_POINT ( 'NONE',  ( -3.882892961352707228, 11.33901445021474785, 7.290874296904753749 ) ) ;
#1247 = CARTESIAN_POINT ( 'NONE',  ( 9.550000000000006040, 10.57249820481874814, 6.025001781060451478 ) ) ;
#1248 = ORIENTED_EDGE ( 'NONE', *, *, #569, .F. ) ;
#1249 = CARTESIAN_POINT ( 'NONE',  ( -3.618207518809568590, 11.46948366874853953, 7.322892622609583846 ) ) ;
#1250 = CARTESIAN_POINT ( 'NONE',  ( 2.995226924489169829, 12.53350585493860869, 8.515245028285509221 ) ) ;
#1251 = ORIENTED_EDGE ( 'NONE', *, *, #284, .F. ) ;
#1252 = CARTESIAN_POINT ( 'NONE',  ( 4.375630628213338369, 11.28841142647980611, 4.798408720966733654 ) ) ;
#1253 = CARTESIAN_POINT ( 'NONE',  ( 2.602085213965210642E-15, -7.689499999999998003, 10.00000000000000000 ) ) ;
#1254 = CARTESIAN_POINT ( 'NONE',  ( -3.890001178303811535, 10.53832057847279557, 6.025001781062528927 ) ) ;
#1255 = VECTOR ( 'NONE', #3420, 1000.000000000000000 ) ;
#1256 = VERTEX_POINT ( 'NONE', #3240 ) ;
#1257 = FACE_OUTER_BOUND ( 'NONE', #1472, .T. ) ;
#1258 = CARTESIAN_POINT ( 'NONE',  ( -2.105535682249372142E-17, -13.48949999999999960, 7.569537305133641425 ) ) ;
#1259 = EDGE_CURVE ( 'NONE', #2924, #1809, #3223, .T. ) ;
#1260 = CARTESIAN_POINT ( 'NONE',  ( -1.670910142212126415, 12.21614361992504705, 5.994774612999416163 ) ) ;
#1261 = ADVANCED_FACE ( 'NONE', ( #1843 ), #713, .F. ) ;
#1262 = EDGE_LOOP ( 'NONE', ( #2919, #2187, #1183, #711 ) ) ;
#1263 = SURFACE_STYLE_FILL_AREA ( #145 ) ;
#1264 = CARTESIAN_POINT ( 'NONE',  ( -2.999677242433651525, 11.45073373548544993, 7.390001751104987804 ) ) ;
#1265 = EDGE_CURVE ( 'NONE', #2046, #3159, #1289, .T. ) ;
#1266 = CARTESIAN_POINT ( 'NONE',  ( 3.839921318151549023, 11.46949457785342119, 7.643966241705212994 ) ) ;
#1267 = CARTESIAN_POINT ( 'NONE',  ( -5.049999999999998934, 7.689499999999997115, 3.870280574240111182 ) ) ;
#1268 = CARTESIAN_POINT ( 'NONE',  ( -3.904864314007728154, 11.24466794078687393, 6.789232258288338429 ) ) ;
#1269 = CARTESIAN_POINT ( 'NONE',  ( 4.582735347264380366, 11.57549440417519193, 8.515256792586921364 ) ) ;
#1270 = ORIENTED_EDGE ( 'NONE', *, *, #2384, .F. ) ;
#1271 = CARTESIAN_POINT ( 'NONE',  ( -4.685359895754968029, 11.13915958903769798, 4.797392691403189247 ) ) ;
#1272 = CARTESIAN_POINT ( 'NONE',  ( 3.554070915407677944, 10.96095894474683519, 7.318600320945976456 ) ) ;
#1273 = DIRECTION ( 'NONE',  ( 0.000000000000000000, 0.5299192642332032355, -0.8480480961564270670 ) ) ;
#1274 = CARTESIAN_POINT ( 'NONE',  ( 4.576331827319263468, 10.98376689210032175, 6.025001781060477235 ) ) ;
#1275 = ORIENTED_EDGE ( 'NONE', *, *, #2436, .T. ) ;
#1276 = DIRECTION ( 'NONE',  ( 0.000000000000000000, 2.024769005366008431E-16, -1.000000000000000000 ) ) ;
#1277 = DIRECTION ( 'NONE',  ( -1.000000000000000000, 0.000000000000000000, 0.000000000000000000 ) ) ;
#1278 = CARTESIAN_POINT ( 'NONE',  ( -0.2935062329880684384, 12.60300333861482436, 5.320380159902526884 ) ) ;
#1279 = ORIENTED_EDGE ( 'NONE', *, *, #2338, .F. ) ;
#1280 = CARTESIAN_POINT ( 'NONE',  ( -4.593622266535866139, 10.97904928104167155, 6.129731087148321933 ) ) ;
#1281 = CARTESIAN_POINT ( 'NONE',  ( 2.997351433272334553, 11.45086879416633963, 7.390001751105017114 ) ) ;
#1282 = CARTESIAN_POINT ( 'NONE',  ( 2.867743942012892511, 11.82275517971399559, 7.112457444520314809 ) ) ;
#1283 = CARTESIAN_POINT ( 'NONE',  ( 1.351827002467245771E-15, -7.689499999999998892, 10.00000000000000000 ) ) ;
#1284 = ORIENTED_EDGE ( 'NONE', *, *, #3169, .T. ) ;
#1285 = EDGE_CURVE ( 'NONE', #171, #1172, #404, .T. ) ;
#1286 = EDGE_CURVE ( 'NONE', #1081, #3444, #1217, .T. ) ;
#1287 = CARTESIAN_POINT ( 'NONE',  ( 4.583227240688198201, 11.59204947321186197, 4.031057423803195761 ) ) ;
#1288 = CARTESIAN_POINT ( 'NONE',  ( 1.750893574951122522, 13.06139305794943795, 8.461388112221742475 ) ) ;
#1289 = CIRCLE ( 'NONE', #3343, 5.650000000000000355 ) ;
#1290 = CARTESIAN_POINT ( 'NONE',  ( -4.521073985883871771, 11.48888671488501600, 8.341257995097496547 ) ) ;
#1291 = AXIS2_PLACEMENT_3D ( 'NONE', #977, #2408, #1493 ) ;
#1292 = EDGE_LOOP ( 'NONE', ( #2147, #317, #1711, #1965 ) ) ;
#1293 = CARTESIAN_POINT ( 'NONE',  ( -1.225398787576049031, 12.70012474592415330, 7.671100842985003609 ) ) ;
#1294 = CARTESIAN_POINT ( 'NONE',  ( 4.449999999999998401, -2.129508668001012683, 10.00000000000000178 ) ) ;
#1295 = DIRECTION ( 'NONE',  ( -0.000000000000000000, -0.000000000000000000, -1.000000000000000000 ) ) ;
#1296 = EDGE_LOOP ( 'NONE', ( #881, #484, #1128, #1771, #786, #2823, #2725, #583 ) ) ;
#1297 = DIRECTION ( 'NONE',  ( 1.000000000000000000, 0.000000000000000000, 3.067555686463477808E-13 ) ) ;
#1298 = CARTESIAN_POINT ( 'NONE',  ( 3.197516189604680203, 12.42179823790056936, 3.540715370224746028 ) ) ;
#1299 = CARTESIAN_POINT ( 'NONE',  ( -3.631277051514825605, 11.46604726999372659, 5.319823118119412442 ) ) ;
#1300 = ORIENTED_EDGE ( 'NONE', *, *, #1517, .F. ) ;
#1301 = SURFACE_SIDE_STYLE ('',( #1263 ) ) ;
#1302 = CARTESIAN_POINT ( 'NONE',  ( -3.250001190530002138, 11.30755762432401390, 7.390001751105000238 ) ) ;
#1303 = CARTESIAN_POINT ( 'NONE',  ( -3.259028065963667675, 11.57083546019038600, 6.812086958661232927 ) ) ;
#1304 = DIRECTION ( 'NONE',  ( -0.000000000000000000, -0.000000000000000000, -1.000000000000000000 ) ) ;
#1305 = EDGE_LOOP ( 'NONE', ( #2895, #1723, #1801, #231, #2367, #1336, #2063, #1784, #126, #2657, #1755 ) ) ;
#1306 = CARTESIAN_POINT ( 'NONE',  ( 2.117370755059533760, 12.92774886959488079, 8.459482556763326500 ) ) ;
#1307 = CARTESIAN_POINT ( 'NONE',  ( 4.582752256189589701, 11.36185478025736018, 8.169243370576147356 ) ) ;
#1308 = EDGE_CURVE ( 'NONE', #2639, #2376, #419, .T. ) ;
#1309 = ADVANCED_FACE ( 'NONE', ( #3204 ), #1228, .T. ) ;
#1310 = CARTESIAN_POINT ( 'NONE',  ( 1.223215623859216228, 12.70109799557857500, 7.671320689158211081 ) ) ;
#1311 = CIRCLE ( 'NONE', #2724, 5.649999999999998579 ) ;
#1312 = CARTESIAN_POINT ( 'NONE',  ( -5.650025000000001185, -3.000418073890167570, 9.225001781060429451 ) ) ;
#1313 = DIRECTION ( 'NONE',  ( -1.000000000000000000, 6.938893903907228378E-16, 0.000000000000000000 ) ) ;
#1314 = AXIS2_PLACEMENT_3D ( 'NONE', #1348, #2507, #3631 ) ;
#1315 = VERTEX_POINT ( 'NONE', #1611 ) ;
#1316 = LINE ( 'NONE', #1600, #3099 ) ;
#1317 = DIRECTION ( 'NONE',  ( 4.142671149973825313E-15, 0.000000000000000000, -1.000000000000000000 ) ) ;
#1318 = ORIENTED_EDGE ( 'NONE', *, *, #1944, .T. ) ;
#1319 = CARTESIAN_POINT ( 'NONE',  ( 0.03377189186398645709, -13.23949999999999960, 6.025001781060452366 ) ) ;
#1320 = CARTESIAN_POINT ( 'NONE',  ( 2.747294704584254621, 11.60006587979091108, 7.390001751104925631 ) ) ;
#1321 = CARTESIAN_POINT ( 'NONE',  ( 3.656473126940075424, 11.41083787008749262, 7.112474109911175901 ) ) ;
#1322 = ORIENTED_EDGE ( 'NONE', *, *, #2880, .T. ) ;
#1323 = COLOUR_RGB ( '',0.7921568627450980005, 0.8196078431372548767, 0.9333333333333333481 ) ;
#1324 = CARTESIAN_POINT ( 'NONE',  ( 2.146295869633308762, 12.91597888292673346, 8.459335966286262831 ) ) ;
#1325 = AXIS2_PLACEMENT_3D ( 'NONE', #1258, #424, #160 ) ;
#1326 = CARTESIAN_POINT ( 'NONE',  ( -3.259125183260776382, 12.09349963613864531, 8.168509453846631629 ) ) ;
#1327 = AXIS2_PLACEMENT_3D ( 'NONE', #778, #780, #743 ) ;
#1328 = ORIENTED_EDGE ( 'NONE', *, *, #2638, .T. ) ;
#1329 = CARTESIAN_POINT ( 'NONE',  ( -2.942046908521424697, 12.01774151845429373, 7.689678284507818873 ) ) ;
#1330 = CARTESIAN_POINT ( 'NONE',  ( 1.217599097579201484, -13.20674137931034409, 7.569537305133641425 ) ) ;
#1331 = LINE ( 'NONE', #2435, #2785 ) ;
#1332 = ORIENTED_EDGE ( 'NONE', *, *, #194, .F. ) ;
#1333 = EDGE_CURVE ( 'NONE', #283, #1694, #3150, .T. ) ;
#1334 = CARTESIAN_POINT ( 'NONE',  ( -4.527128412225119192, 11.02107922293963327, 7.035660926566448481 ) ) ;
#1335 = FACE_OUTER_BOUND ( 'NONE', #992, .T. ) ;
#1336 = ORIENTED_EDGE ( 'NONE', *, *, #1219, .F. ) ;
#1337 = CARTESIAN_POINT ( 'NONE',  ( 3.249998650523998833, 9.934496385652360928, 7.390001751105000238 ) ) ;
#1338 = CARTESIAN_POINT ( 'NONE',  ( -0.2991047569100578341, 12.38557547627078037, 7.390001751104984251 ) ) ;
#1339 = CARTESIAN_POINT ( 'NONE',  ( -3.882847393496741351, 11.26965359110517362, 6.811967867817489974 ) ) ;
#1340 = ORIENTED_EDGE ( 'NONE', *, *, #3603, .T. ) ;
#1341 = AXIS2_PLACEMENT_3D ( 'NONE', #342, #2874, #1413 ) ;
#1342 = CARTESIAN_POINT ( 'NONE',  ( 1.774250790458677285, 13.05372038479660546, 8.461268810629288595 ) ) ;
#1343 = CARTESIAN_POINT ( 'NONE',  ( 4.686480151302514052, 11.41618688023196526, 8.342252558789645889 ) ) ;
#1344 = TOROIDAL_SURFACE ( 'NONE', #2635, 1.050000000000000933, 3.399999999999999911 ) ;
#1345 = CARTESIAN_POINT ( 'NONE',  ( -3.443061213164648304, 12.17540066725448078, 8.455784731777905350 ) ) ;
#1346 = CARTESIAN_POINT ( 'NONE',  ( 3.850656403159937735, 10.57538975107249080, 6.975425591807011827 ) ) ;
#1347 = DIRECTION ( 'NONE',  ( -0.000000000000000000, -0.000000000000000000, -1.000000000000000000 ) ) ;
#1348 = CARTESIAN_POINT ( 'NONE',  ( 2.050000000000000711, -2.129508668001012683, 5.715302991864936288 ) ) ;
#1349 = ORIENTED_EDGE ( 'NONE', *, *, #1827, .F. ) ;
#1350 = DIRECTION ( 'NONE',  ( -0.000000000000000000, -1.000000000000000000, 0.000000000000000000 ) ) ;
#1351 = LINE ( 'NONE', #832, #1096 ) ;
#1352 = EDGE_CURVE ( 'NONE', #1068, #3517, #2520, .T. ) ;
#1353 = EDGE_CURVE ( 'NONE', #937, #1747, #197, .T. ) ;
#1354 = ORIENTED_EDGE ( 'NONE', *, *, #2276, .T. ) ;
#1355 = DIRECTION ( 'NONE',  ( -1.000000000000000000, 0.000000000000000000, 0.000000000000000000 ) ) ;
#1356 = CARTESIAN_POINT ( 'NONE',  ( -3.890001178303325258, 3.339499999999997026, -3.138036117124234371E-13 ) ) ;
#1357 = DIRECTION ( 'NONE',  ( -1.000000000000000000, 0.000000000000000000, 0.000000000000000000 ) ) ;
#1358 = CARTESIAN_POINT ( 'NONE',  ( 1.400222796353411736, 12.43987262161298268, 7.112401216223515732 ) ) ;
#1359 = ORIENTED_EDGE ( 'NONE', *, *, #1613, .T. ) ;
#1360 = AXIS2_PLACEMENT_3D ( 'NONE', #1218, #2654, #2373 ) ;
#1361 = CARTESIAN_POINT ( 'NONE',  ( 1.295551155481729610, 13.18896450368059270, 8.463357766637518154 ) ) ;
#1362 = CARTESIAN_POINT ( 'NONE',  ( -2.973821311675655998, 12.27402508050876584, 8.168571146534763017 ) ) ;
#1363 = CARTESIAN_POINT ( 'NONE',  ( -3.626604002509968616, 12.02763255131533171, 8.414612640732208604 ) ) ;
#1364 = FACE_OUTER_BOUND ( 'NONE', #556, .T. ) ;
#1365 = CARTESIAN_POINT ( 'NONE',  ( -2.105535682249372142E-17, -13.48949999999999960, 7.569537305133641425 ) ) ;
#1366 = CIRCLE ( 'NONE', #2838, 1.250000000000000000 ) ;
#1367 = VERTEX_POINT ( 'NONE', #792 ) ;
#1368 = CARTESIAN_POINT ( 'NONE',  ( -4.450000000000001066, 7.689499999999997115, 10.00000000000000000 ) ) ;
#1369 = CARTESIAN_POINT ( 'NONE',  ( 2.533771891863986880, -15.73949999999999960, 8.225001781060452544 ) ) ;
#1370 = VERTEX_POINT ( 'NONE', #749 ) ;
#1371 =( NAMED_UNIT ( * ) PLANE_ANGLE_UNIT ( ) SI_UNIT ( $, .RADIAN. ) );
#1372 = DIRECTION ( 'NONE',  ( -0.000000000000000000, -0.000000000000000000, -1.000000000000000000 ) ) ;
#1373 = EDGE_CURVE ( 'NONE', #1617, #824, #1064, .T. ) ;
#1374 = CARTESIAN_POINT ( 'NONE',  ( 4.594031258678207053, 10.97847807750811278, 6.632152871483970813 ) ) ;
#1375 = CARTESIAN_POINT ( 'NONE',  ( -1.670965210065502138, 12.23207521401324094, 6.512714341491127712 ) ) ;
#1376 = ORIENTED_EDGE ( 'NONE', *, *, #116, .F. ) ;
#1377 = CARTESIAN_POINT ( 'NONE',  ( -1.535689829520068939, 13.12694498811725552, 8.462417352701599782 ) ) ;
#1378 = CARTESIAN_POINT ( 'NONE',  ( -3.631550135798082835, 11.85778495308534808, 8.168428911794558545 ) ) ;
#1379 = CARTESIAN_POINT ( 'NONE',  ( 4.449999999999997513, 6.708520739398998955, 10.00000000000000000 ) ) ;
#1380 = LINE ( 'NONE', #3333, #855 ) ;
#1381 = VERTEX_POINT ( 'NONE', #3196 ) ;
#1382 = CARTESIAN_POINT ( 'NONE',  ( -4.570868088552047404, 10.98940902309186285, 6.818915297769382100 ) ) ;
#1383 = CYLINDRICAL_SURFACE ( 'NONE', #2218, 0.5000000000000000000 ) ;
#1384 = VERTEX_POINT ( 'NONE', #941 ) ;
#1385 = AXIS2_PLACEMENT_3D ( 'NONE', #423, #461, #3541 ) ;
#1386 = VECTOR ( 'NONE', #1086, 1000.000000000000000 ) ;
#1387 = CARTESIAN_POINT ( 'NONE',  ( 4.305407760983363197, 7.689499999999991786, 7.241690993807688770 ) ) ;
#1388 = CARTESIAN_POINT ( 'NONE',  ( 0.7012209765973670406, 12.96577710612651124, 4.276030324986240139 ) ) ;
#1389 = LINE ( 'NONE', #3, #1137 ) ;
#1390 = CARTESIAN_POINT ( 'NONE',  ( 4.162390216027646694, 11.14928560805959812, 6.392748088737526757 ) ) ;
#1391 = EDGE_LOOP ( 'NONE', ( #1520, #3560, #3323, #2901 ) ) ;
#1392 = AXIS2_PLACEMENT_3D ( 'NONE', #2304, #642, #47 ) ;
#1393 = CARTESIAN_POINT ( 'NONE',  ( -1.838949792281225015, 13.03188600198213187, 8.460790782841932867 ) ) ;
#1394 = CARTESIAN_POINT ( 'NONE',  ( 2.867704585854402133, 12.01425688012114534, 7.643951952460089849 ) ) ;
#1395 = ADVANCED_FACE ( 'NONE', ( #1571 ), #705, .F. ) ;
#1396 = EDGE_CURVE ( 'NONE', #2026, #86, #3584, .T. ) ;
#1397 = CARTESIAN_POINT ( 'NONE',  ( -0.03377189186398385501, -15.73949999999999960, 8.225001781060452544 ) ) ;
#1398 = ORIENTED_EDGE ( 'NONE', *, *, #2882, .T. ) ;
#1399 = CARTESIAN_POINT ( 'NONE',  ( 0.000000000000000000, 3.339499999999997026, 7.390001751105000238 ) ) ;
#1400 = LINE ( 'NONE', #1978, #1997 ) ;
#1401 = ORIENTED_EDGE ( 'NONE', *, *, #326, .F. ) ;
#1402 = DIRECTION ( 'NONE',  ( 0.000000000000000000, 0.000000000000000000, 1.000000000000000000 ) ) ;
#1403 = CARTESIAN_POINT ( 'NONE',  ( 4.594038754184032847, 10.97846760779072284, 6.628684466980238277 ) ) ;
#1404 = CARTESIAN_POINT ( 'NONE',  ( 1.400290039618580451, 12.32295194651436887, 6.392644311956930281 ) ) ;
#1405 = ORIENTED_EDGE ( 'NONE', *, *, #1613, .F. ) ;
#1406 = CARTESIAN_POINT ( 'NONE',  ( -5.650025000000001185, -5.000000000000001776, 6.025001781060429273 ) ) ;
#1407 = CARTESIAN_POINT ( 'NONE',  ( -1.671076312322876456, 12.75335251808448156, 7.995805902835065204 ) ) ;
#1408 = AXIS2_PLACEMENT_3D ( 'NONE', #2007, #3127, #1727 ) ;
#1409 = CARTESIAN_POINT ( 'NONE',  ( -3.890001178303261753, 11.24804603003645909, 6.633364849863453649 ) ) ;
#1410 = ADVANCED_FACE ( 'NONE', ( #2074 ), #397, .F. ) ;
#1411 = CARTESIAN_POINT ( 'NONE',  ( 3.889998638297426314, 10.51961322349377781, 6.145835522068836099 ) ) ;
#1412 = ORIENTED_EDGE ( 'NONE', *, *, #1565, .T. ) ;
#1413 = DIRECTION ( 'NONE',  ( 1.000000000000000000, 0.000000000000000000, 0.000000000000000000 ) ) ;
#1414 = FACE_OUTER_BOUND ( 'NONE', #3145, .T. ) ;
#1415 = EDGE_CURVE ( 'NONE', #1032, #3315, #2524, .T. ) ;
#1416 = EDGE_LOOP ( 'NONE', ( #2984, #1842, #2207, #2440, #190 ) ) ;
#1417 = CARTESIAN_POINT ( 'NONE',  ( -4.347616113451149289, 11.03157347658936871, 6.025001781060433714 ) ) ;
#1418 = CARTESIAN_POINT ( 'NONE',  ( -1.670552601814721871, 13.12683866478886685, 3.540302144831152464 ) ) ;
#1419 = CARTESIAN_POINT ( 'NONE',  ( 4.594643350589906028, 10.97762294241046277, 6.298256188039298209 ) ) ;
#1420 = CARTESIAN_POINT ( 'NONE',  ( 2.867813370993975042, 11.72815774736875660, 6.392704311385036142 ) ) ;
#1421 = VERTEX_POINT ( 'NONE', #2906 ) ;
#1422 = DIRECTION ( 'NONE',  ( -0.000000000000000000, -0.000000000000000000, -1.000000000000000000 ) ) ;
#1423 = CONICAL_SURFACE ( 'NONE', #1477, 1.250000000000000000, 0.6981317007977311251 ) ;
#1424 = DIRECTION ( 'NONE',  ( 1.000000000000000000, 2.255963945609997600E-16, -0.000000000000000000 ) ) ;
#1425 = CARTESIAN_POINT ( 'NONE',  ( -4.226028037261325032, 11.43724626431388813, 7.995304199720850491 ) ) ;
#1426 = CARTESIAN_POINT ( 'NONE',  ( -4.570649715646074362, 10.98723466499798995, 6.020885247990237055 ) ) ;
#1427 = CARTESIAN_POINT ( 'NONE',  ( -1.217599097579201040, -13.20674137931034231, 6.680466256987264373 ) ) ;
#1428 = ORIENTED_EDGE ( 'NONE', *, *, #1496, .T. ) ;
#1429 = CARTESIAN_POINT ( 'NONE',  ( -2.380779829634509734E-15, 6.708520739398998955, 10.00000000000000000 ) ) ;
#1430 = CARTESIAN_POINT ( 'NONE',  ( 2.533771891863986880, -15.73949999999999960, 8.225001781060452544 ) ) ;
#1431 = EDGE_CURVE ( 'NONE', #3211, #750, #2114, .T. ) ;
#1432 = ORIENTED_EDGE ( 'NONE', *, *, #1259, .F. ) ;
#1433 = CARTESIAN_POINT ( 'NONE',  ( -3.976596051806255083, 10.80224590722866651, 6.025002230567700678 ) ) ;
#1434 = CARTESIAN_POINT ( 'NONE',  ( 1.400648588231100833, 13.07382243497571039, 3.785794369162830630 ) ) ;
#1435 = DIRECTION ( 'NONE',  ( 1.000000000000000000, 1.535153518563546084E-16, 0.000000000000000000 ) ) ;
#1436 = CARTESIAN_POINT ( 'NONE',  ( 2.995361610926973395, 11.67359764170654834, 6.513130264164777472 ) ) ;
#1437 = B_SPLINE_CURVE_WITH_KNOTS ( 'NONE', 3,
 ( #2428, #3573, #2691, #3328, #1902, #2195, #3296, #2727, #1074, #525, #1608, #1590, #1057, #215, #1629, #2138, #1324, #3006, #752, #1306, #3313, #173, #770, #3022, #2746, #807, #3608, #2158, #1342, #1288, #2485, #493, #2466, #3280, #192, #3553, #2763, #3038, #3590, #250, #1361, #1918, #3259, #788, #508, #232, #2446, #1550, #2712, #1883, #1092, #2213, #825, #1938, #453, #3530, #2411, #1019, #1861, #2986, #473, #1574, #1038, #286, #3414, #2781, #1123, #1987, #3398, #3072, #1648, #3105, #3056, #1174, #592, #2000, #575, #267, #557, #2517, #2243, #55, #2572, #2261, #873, #3120, #1377, #3360, #2798, #2831, #541, #1142, #39, #2296, #1393, #889, #23, #906, #1668, #1702, #2504, #6, #319, #3381, #3625, #302, #1108, #2228, #1954, #3345, #856, #1972 ),
 .UNSPECIFIED., .F., .F.,
 ( 4, 2, 2, 1, 1, 2, 2, 2, 1, 1, 1, 2, 2, 2, 2, 2, 2, 1, 1, 2, 2, 1, 1, 1, 2, 2, 2, 2, 2, 2, 1, 1, 2, 2, 2, 1, 2, 2, 2, 2, 2, 1, 1, 2, 2, 2, 1, 1, 1, 2, 2, 2, 2, 1, 2, 2, 2, 1, 1, 1, 2, 2, 1, 1, 2, 2, 2, 4 ),
 ( 0.000000000000000000, 0.03124999999999135414, 0.06249999999998270828, 0.09374999999997406241, 0.1093749999999698297, 0.1171874999999679007, 0.1249999999999659717, 0.1562499999999578115, 0.1718749999999536759, 0.1796874999999515388, 0.1835937499999504563, 0.1855468749999500400, 0.1874999999999496514, 0.2031249999999480693, 0.2109374999999473199, 0.2187499999999465705, 0.2343749999999448497, 0.2421874999999439892, 0.2460937499999435452, 0.2480468749999434619, 0.2499999999999434341, 0.2812499999999442113, 0.2968749999999445999, 0.3046874999999448219, 0.3085937499999450440, 0.3124999999999452105, 0.3437499999999469313, 0.3593749999999478195, 0.3749999999999486522, 0.4062499999999504285, 0.4218749999999513167, 0.4296874999999517053, 0.4335937499999519273, 0.4374999999999520939, 0.4687499999999537592, 0.4843749999999545919, 0.4921874999999550360, 0.4999999999999554801, 0.5312499999999571454, 0.5468749999999580336, 0.5624999999999589217, 0.5937499999999605871, 0.6093749999999614753, 0.6171874999999620304, 0.6249999999999624745, 0.6562499999999644729, 0.6718749999999654721, 0.6796874999999659162, 0.6835937499999661382, 0.6855468749999663602, 0.6874999999999664713, 0.7187499999999701350, 0.7343749999999720224, 0.7421874999999727995, 0.7460937499999732436, 0.7499999999999735767, 0.7656249999999745759, 0.7734374999999750200, 0.7773437499999754641, 0.7792968749999757971, 0.7802734374999760192, 0.7812499999999761302, 0.7968749999999777955, 0.8046874999999785727, 0.8085937499999789058, 0.8124999999999792388, 0.8749999999999859002, 1.000000000000000000 ),
 .UNSPECIFIED. ) ;
#1438 = ORIENTED_EDGE ( 'NONE', *, *, #3532, .T. ) ;
#1439 = FACE_OUTER_BOUND ( 'NONE', #431, .T. ) ;
#1440 = CARTESIAN_POINT ( 'NONE',  ( -5.649999999999998579, -5.000000000000002665, 6.025001781060428385 ) ) ;
#1441 = B_SPLINE_CURVE_WITH_KNOTS ( 'NONE', 3,
 ( #3320, #3048, #1871, #547, #1581, #2719, #1082, #1618, #1334, #533, #1382, #273 ),
 .UNSPECIFIED., .F., .F.,
 ( 4, 2, 2, 2, 2, 4 ),
 ( 0.000000000000000000, 0.0004466690101372306431, 0.0008933380202744602020, 0.001340007030411689707, 0.001563341535480306573, 0.001786676040548923440 ),
 .UNSPECIFIED. ) ;
#1442 = CARTESIAN_POINT ( 'NONE',  ( -4.521054633162673753, 11.30020616765231978, 7.995248789497240161 ) ) ;
#1443 = AXIS2_PLACEMENT_3D ( 'NONE', #777, #2738, #2220 ) ;
#1444 = CARTESIAN_POINT ( 'NONE',  ( -4.569227359675401168, 10.98908151512373266, 6.262664525119647330 ) ) ;
#1445 = CARTESIAN_POINT ( 'NONE',  ( 3.889998638297284206, 10.51936237552846443, 6.629170464297510890 ) ) ;
#1446 = VERTEX_POINT ( 'NONE', #2688 ) ;
#1447 = CARTESIAN_POINT ( 'NONE',  ( 3.890938065233327858, 10.55500680491366694, 6.025001781060469241 ) ) ;
#1448 = DIRECTION ( 'NONE',  ( -1.000000000000000000, -2.255963945609997107E-16, 0.000000000000000000 ) ) ;
#1449 = AXIS2_PLACEMENT_3D ( 'NONE', #3179, #2913, #1004 ) ;
#1450 = EDGE_LOOP ( 'NONE', ( #692, #1583, #2508, #3129, #3071, #3390 ) ) ;
#1451 = CARTESIAN_POINT ( 'NONE',  ( -4.259268383046868500, 9.185926794476589663, 4.988693531668788594 ) ) ;
#1452 = CARTESIAN_POINT ( 'NONE',  ( -2.523746849328035502, 12.64914009988840959, 3.785293498966748160 ) ) ;
#1453 = CARTESIAN_POINT ( 'NONE',  ( -3.874500980581207177, 9.878276405089835066, 6.890001751105002903 ) ) ;
#1454 = ADVANCED_FACE ( 'NONE', ( #148 ), #2094, .T. ) ;
#1455 = CARTESIAN_POINT ( 'NONE',  ( -4.225840050789811286, 11.12285311010472988, 5.994310550806680737 ) ) ;
#1456 = APPLICATION_CONTEXT ( 'automotive_design' ) ;
#1457 = ORIENTED_EDGE ( 'NONE', *, *, #3141, .T. ) ;
#1458 = CARTESIAN_POINT ( 'NONE',  ( -4.592962119847151747, 10.97997093263433932, 6.754108137366401365 ) ) ;
#1459 = CARTESIAN_POINT ( 'NONE',  ( 3.874498440574605240, 9.878280901320742657, 6.890001751105002015 ) ) ;
#1460 = CARTESIAN_POINT ( 'NONE',  ( 1.400184549060422778, 12.64269943229018622, 7.643897637347605745 ) ) ;
#1461 = CARTESIAN_POINT ( 'NONE',  ( -3.743863667632921111, 10.71870403424256857, 7.165287354306837386 ) ) ;
#1462 = LINE ( 'NONE', #1672, #2366 ) ;
#1463 = ORIENTED_EDGE ( 'NONE', *, *, #264, .T. ) ;
#1464 = CARTESIAN_POINT ( 'NONE',  ( 3.473181514061172148, 11.54393012235875027, 5.320613145472399275 ) ) ;
#1465 = CARTESIAN_POINT ( 'NONE',  ( 3.889998638297444522, 10.53740176578720877, 6.025001781060469241 ) ) ;
#1466 = DIRECTION ( 'NONE',  ( -1.000000000000000000, 0.000000000000000000, 0.000000000000000000 ) ) ;
#1467 = ORIENTED_EDGE ( 'NONE', *, *, #2655, .F. ) ;
#1468 = PLANE ( 'NONE',  #1620 ) ;
#1469 = CARTESIAN_POINT ( 'NONE',  ( -0.8507434485744114205, 13.32081581248193558, 3.540424557863143473 ) ) ;
#1470 = DIRECTION ( 'NONE',  ( -1.000000000000000000, 0.000000000000000000, 0.000000000000000000 ) ) ;
#1471 = CARTESIAN_POINT ( 'NONE',  ( -3.882714409109225606, 11.27100530606399431, 5.596857276239243006 ) ) ;
#1472 = EDGE_LOOP ( 'NONE', ( #2765, #2820, #1046, #2328, #466 ) ) ;
#1473 = EDGE_CURVE ( 'NONE', #120, #540, #303, .T. ) ;
#1474 = CARTESIAN_POINT ( 'NONE',  ( -0.03377189186398385501, -13.23949999999999960, 8.225001781060452544 ) ) ;
#1475 = CARTESIAN_POINT ( 'NONE',  ( -1.979955793526946728, 11.98132713232461555, 7.390001751104994021 ) ) ;
#1476 = CARTESIAN_POINT ( 'NONE',  ( -3.882877105050995592, 11.30081450293060996, 7.111631097988398764 ) ) ;
#1477 = AXIS2_PLACEMENT_3D ( 'NONE', #1732, #918, #2029 ) ;
#1478 = ADVANCED_FACE ( 'NONE', ( #670 ), #1016, .F. ) ;
#1479 = CARTESIAN_POINT ( 'NONE',  ( -3.331144506941145611, 11.22488801359482302, 7.390001751105415906 ) ) ;
#1480 = CARTESIAN_POINT ( 'NONE',  ( -4.685728420896548840, 11.52565134997820628, 8.514234868218098384 ) ) ;
#1481 = EDGE_LOOP ( 'NONE', ( #765, #1208, #3184 ) ) ;
#1482 = CARTESIAN_POINT ( 'NONE',  ( 0.001781158309763054967, 12.76871598923206363, 4.798180497721818760 ) ) ;
#1483 = LINE ( 'NONE', #2617, #2759 ) ;
#1484 = DIRECTION ( 'NONE',  ( -0.6427876096865388078, 0.000000000000000000, -0.7660444431189784575 ) ) ;
#1485 = ORIENTED_EDGE ( 'NONE', *, *, #463, .F. ) ;
#1486 = CARTESIAN_POINT ( 'NONE',  ( 1.799999999999996048, -13.48949999999999960, 8.225001781060452544 ) ) ;
#1487 = CARTESIAN_POINT ( 'NONE',  ( -3.890001178640766444, 10.52100538359625048, 6.025001781060452366 ) ) ;
#1488 = CARTESIAN_POINT ( 'NONE',  ( 3.949389634007092642, 11.23535163064456199, 5.995223514136380771 ) ) ;
#1489 = ORIENTED_EDGE ( 'NONE', *, *, #3416, .F. ) ;
#1490 = DIRECTION ( 'NONE',  ( -1.000000000000000000, 0.000000000000000000, 0.000000000000000000 ) ) ;
#1491 = PLANE ( 'NONE',  #2199 ) ;
#1492 = CARTESIAN_POINT ( 'NONE',  ( 4.582815801108908182, 11.03106416949242430, 7.291748000911161931 ) ) ;
#1493 = DIRECTION ( 'NONE',  ( -1.000000000000000000, 0.000000000000000000, 0.000000000000000000 ) ) ;
#1494 = DIRECTION ( 'NONE',  ( -0.4964887546124926998, 0.8680431536181459906, 0.000000000000000000 ) ) ;
#1495 = EDGE_CURVE ( 'NONE', #2122, #120, #2055, .T. ) ;
#1496 = EDGE_CURVE ( 'NONE', #2212, #2141, #596, .T. ) ;
#1497 = AXIS2_PLACEMENT_3D ( 'NONE', #2497, #3339, #3016 ) ;
#1498 = ORIENTED_EDGE ( 'NONE', *, *, #1926, .F. ) ;
#1499 = CARTESIAN_POINT ( 'NONE',  ( 2.868017768076859042, 12.03534783237663142, 4.798370037959450052 ) ) ;
#1500 = CARTESIAN_POINT ( 'NONE',  ( -5.050000000000000711, -5.000000000000002665, 6.025001781060427497 ) ) ;
#1501 = CARTESIAN_POINT ( 'NONE',  ( -3.892659755989657189, 10.57249820484678260, 6.025001781060436379 ) ) ;
#1502 = ORIENTED_EDGE ( 'NONE', *, *, #2095, .T. ) ;
#1503 = DIRECTION ( 'NONE',  ( 4.142671149973825313E-15, 0.000000000000000000, -1.000000000000000000 ) ) ;
#1504 = CARTESIAN_POINT ( 'NONE',  ( -1.217599097579201040, -13.20674137931034231, 7.569537305133641425 ) ) ;
#1505 = CARTESIAN_POINT ( 'NONE',  ( 3.197212146609021310, 11.61360019229216434, 5.597689336772821100 ) ) ;
#1506 = ORIENTED_EDGE ( 'NONE', *, *, #843, .T. ) ;
#1507 = DIRECTION ( 'NONE',  ( 0.000000000000000000, 0.000000000000000000, 1.000000000000000000 ) ) ;
#1508 = CARTESIAN_POINT ( 'NONE',  ( -4.570178042379673400, 10.98856931894266964, 6.743188662658479160 ) ) ;
#1509 = CARTESIAN_POINT ( 'NONE',  ( -4.013257180907134014, 11.23933957681419926, 7.111606456469069748 ) ) ;
#1510 = CARTESIAN_POINT ( 'NONE',  ( 4.449999999999998401, 1.470491331998986517, 3.625001781060453343 ) ) ;
#1511 = ORIENTED_EDGE ( 'NONE', *, *, #188, .T. ) ;
#1512 = CARTESIAN_POINT ( 'NONE',  ( 1.250000000000000000, -13.48949999999999960, 6.680466256987264373 ) ) ;
#1513 = CARTESIAN_POINT ( 'NONE',  ( -0.2937792538925393937, 13.38172287168622354, 8.515028658802481942 ) ) ;
#1514 = ORIENTED_EDGE ( 'NONE', *, *, #639, .F. ) ;
#1515 = CARTESIAN_POINT ( 'NONE',  ( 4.162513513474371152, 11.21136557782414123, 5.320632346247029076 ) ) ;
#1516 = EDGE_CURVE ( 'NONE', #2558, #854, #2628, .T. ) ;
#1517 = EDGE_CURVE ( 'NONE', #2203, #2086, #2711, .T. ) ;
#1518 = CARTESIAN_POINT ( 'NONE',  ( 4.567213361688949647, 10.98722555384193633, 6.020890151843729221 ) ) ;
#1519 = FACE_OUTER_BOUND ( 'NONE', #848, .T. ) ;
#1520 = ORIENTED_EDGE ( 'NONE', *, *, #2523, .F. ) ;
#1521 = EDGE_CURVE ( 'NONE', #5, #2269, #371, .T. ) ;
#1522 = CARTESIAN_POINT ( 'NONE',  ( -0.03377189186398385501, -15.73949999999999960, 6.025001781060452366 ) ) ;
#1523 = CARTESIAN_POINT ( 'NONE',  ( -3.890001178303813312, 10.52093179422021407, 6.145835281361253344 ) ) ;
#1524 = CARTESIAN_POINT ( 'NONE',  ( -3.379960275475460740, 11.49227932591616508, 5.994465451906894948 ) ) ;
#1525 = ORIENTED_EDGE ( 'NONE', *, *, #2025, .T. ) ;
#1526 = CARTESIAN_POINT ( 'NONE',  ( -4.593453351374022553, 10.97928514630396180, 6.453061924352796908 ) ) ;
#1527 = DIRECTION ( 'NONE',  ( -1.000000000000000000, 0.000000000000000000, 0.000000000000000000 ) ) ;
#1528 = CARTESIAN_POINT ( 'NONE',  ( -2.524174740701402797, 11.99374763181639025, 7.111896723656466079 ) ) ;
#1529 = DIRECTION ( 'NONE',  ( 1.000000000000000000, 0.000000000000000000, 0.000000000000000000 ) ) ;
#1530 = ORIENTED_EDGE ( 'NONE', *, *, #3266, .T. ) ;
#1531 = CARTESIAN_POINT ( 'NONE',  ( -3.890001178303472251, 10.52343012697485847, 6.796843095204363472 ) ) ;
#1532 = DIRECTION ( 'NONE',  ( -0.000000000000000000, -1.000000000000000000, 0.000000000000000000 ) ) ;
#1533 = VERTEX_POINT ( 'NONE', #2349 ) ;
#1534 = CARTESIAN_POINT ( 'NONE',  ( 3.949548166260869575, 11.51799801798882328, 4.798400911212375775 ) ) ;
#1535 = CARTESIAN_POINT ( 'NONE',  ( 4.567893674106338509, 10.98856899661455877, 6.742319274600710344 ) ) ;
#1536 = CARTESIAN_POINT ( 'NONE',  ( 2.533051596073042866, -13.29950800053902249, 6.025001781060452366 ) ) ;
#1537 = CARTESIAN_POINT ( 'NONE',  ( 1.351827002467245771E-15, -7.689499999999998892, 10.00000000000000000 ) ) ;
#1538 = ORIENTED_EDGE ( 'NONE', *, *, #16, .F. ) ;
#1539 = CARTESIAN_POINT ( 'NONE',  ( 4.394658399388699621, 11.11389097779569823, 7.293984898026327102 ) ) ;
#1540 = CARTESIAN_POINT ( 'NONE',  ( -1.748529180089267943, -13.06212931034482594, 6.025001781060452366 ) ) ;
#1541 = CARTESIAN_POINT ( 'NONE',  ( 1.400418349312109845, 12.43622319939300880, 5.320537217361030358 ) ) ;
#1542 = EDGE_CURVE ( 'NONE', #2392, #446, #2677, .T. ) ;
#1543 = ORIENTED_EDGE ( 'NONE', *, *, #663, .F. ) ;
#1544 = CARTESIAN_POINT ( 'NONE',  ( -4.593633877791495124, 10.97903306672251134, 6.087051594560390910 ) ) ;
#1545 = CARTESIAN_POINT ( 'NONE',  ( 2.424621090752269392, 12.27775301945218267, 7.678181718875627837 ) ) ;
#1546 = CARTESIAN_POINT ( 'NONE',  ( -3.380076113858871079, 11.55677120320769724, 7.111729315962764808 ) ) ;
#1547 = DIRECTION ( 'NONE',  ( -1.394694531382927018E-16, 1.000000000000000000, 0.000000000000000000 ) ) ;
#1548 = ORIENTED_EDGE ( 'NONE', *, *, #867, .F. ) ;
#1549 = CARTESIAN_POINT ( 'NONE',  ( 1.804709485827610926, 12.71788545994787967, 4.276109116833396229 ) ) ;
#1550 = CARTESIAN_POINT ( 'NONE',  ( 0.7872962352009624798, 13.28491380281943890, 8.464870292841762733 ) ) ;
#1551 = CARTESIAN_POINT ( 'NONE',  ( 4.449999999999998401, 1.470491331998986517, 3.625001781060453343 ) ) ;
#1552 = CIRCLE ( 'NONE', #2032, 0.5000001753580421981 ) ;
#1553 = LINE ( 'NONE', #2749, #1659 ) ;
#1554 = CARTESIAN_POINT ( 'NONE',  ( 3.889998638297295308, 10.52059093915408639, 6.506785432934050206 ) ) ;
#1555 = CARTESIAN_POINT ( 'NONE',  ( -5.649999999999997691, -7.689499999999998892, 9.225001781060429451 ) ) ;
#1556 = CARTESIAN_POINT ( 'NONE',  ( 4.594762680647448860, 10.97745619059786115, 6.151159967921806526 ) ) ;
#1557 = ORIENTED_EDGE ( 'NONE', *, *, #2797, .F. ) ;
#1558 = DIRECTION ( 'NONE',  ( 0.000000000000000000, 1.000000000000000000, -0.000000000000000000 ) ) ;
#1559 = CARTESIAN_POINT ( 'NONE',  ( 4.375827727753095253, 11.89696705323165915, 3.540755562707233572 ) ) ;
#1560 = CARTESIAN_POINT ( 'NONE',  ( 4.686732928099694995, 10.93329352835186441, 5.597737296660359796 ) ) ;
#1561 = AXIS2_PLACEMENT_3D ( 'NONE', #225, #2204, #3616 ) ;
#1562 = VERTEX_POINT ( 'NONE', #1675 ) ;
#1563 =( NAMED_UNIT ( * ) SI_UNIT ( $, .STERADIAN. ) SOLID_ANGLE_UNIT ( ) );
#1564 = DIRECTION ( 'NONE',  ( -1.000000000000000000, 0.000000000000000000, -4.144914500121575807E-15 ) ) ;
#1565 = EDGE_CURVE ( 'NONE', #1716, #2473, #3144, .T. ) ;
#1566 = TOROIDAL_SURFACE ( 'NONE', #1341, 3.949999999999998845, 0.5000000000000000000 ) ;
#1567 = EDGE_CURVE ( 'NONE', #1747, #1233, #1400, .T. ) ;
#1568 = CARTESIAN_POINT ( 'NONE',  ( -1.438913559158485178, 12.17611638385881534, 7.390001751104978034 ) ) ;
#1569 = CARTESIAN_POINT ( 'NONE',  ( 3.197077803514992045, 11.59837168064566448, 6.812797584102833426 ) ) ;
#1570 = VECTOR ( 'NONE', #879, 1000.000000000000000 ) ;
#1571 = FACE_OUTER_BOUND ( 'NONE', #531, .T. ) ;
#1572 = ORIENTED_EDGE ( 'NONE', *, *, #1879, .T. ) ;
#1573 = CARTESIAN_POINT ( 'NONE',  ( 0.001860184238866224296, 12.99264683513413310, 4.275958388910225061 ) ) ;
#1574 = CARTESIAN_POINT ( 'NONE',  ( 0.02401421397479779757, 13.33948054514907255, 8.466176458300406438 ) ) ;
#1575 = CARTESIAN_POINT ( 'NONE',  ( 4.375278664321523792, 11.45771267056489862, 8.169236875908042705 ) ) ;
#1576 = EDGE_LOOP ( 'NONE', ( #499, #1588, #1557, #2511 ) ) ;
#1577 = CARTESIAN_POINT ( 'NONE',  ( 1.659790382480253360E-16, 6.708520739398998955, 10.00000000000000000 ) ) ;
#1578 = CARTESIAN_POINT ( 'NONE',  ( 5.650000000000001243, -7.689499999999998892, 6.025001781060476347 ) ) ;
#1579 = LINE ( 'NONE', #2717, #3188 ) ;
#1580 = ORIENTED_EDGE ( 'NONE', *, *, #117, .F. ) ;
#1581 = CARTESIAN_POINT ( 'NONE',  ( -4.096557052312504332, 11.32328898251882343, 7.557043691690634724 ) ) ;
#1582 = PLANE ( 'NONE',  #3276 ) ;
#1583 = ORIENTED_EDGE ( 'NONE', *, *, #1753, .T. ) ;
#1584 = DIRECTION ( 'NONE',  ( 1.000000000000000000, -4.336808689942019314E-15, 0.000000000000000000 ) ) ;
#1585 = CARTESIAN_POINT ( 'NONE',  ( 1.140823539343827964, 12.25813217088450635, 7.390001751105008232 ) ) ;
#1586 = CARTESIAN_POINT ( 'NONE',  ( -2.688428545095186362, 11.84791000188689125, 6.812196157665254326 ) ) ;
#1587 = B_SPLINE_CURVE_WITH_KNOTS ( 'NONE', 3,
 ( #1487, #1523, #1790, #443, #2621, #2088 ),
 .UNSPECIFIED., .F., .F.,
 ( 4, 2, 4 ),
 ( 9.215683433665857577E-05, 0.0004546571291866466445, 0.0008171574240366347944 ),
 .UNSPECIFIED. ) ;
#1588 = ORIENTED_EDGE ( 'NONE', *, *, #3242, .F. ) ;
#1589 = CARTESIAN_POINT ( 'NONE',  ( 2.336442809391686914, 12.61997282304313117, 4.030985377469375130 ) ) ;
#1590 = CARTESIAN_POINT ( 'NONE',  ( 2.449496858718493542, 12.78131859037308260, 8.457928401083590231 ) ) ;
#1591 = CARTESIAN_POINT ( 'NONE',  ( 4.375269832455954244, 11.56067797518974594, 8.342242935760131317 ) ) ;
#1592 = ADVANCED_FACE ( 'NONE', ( #2285 ), #914, .T. ) ;
#1593 = EDGE_LOOP ( 'NONE', ( #179, #2865, #1976, #978, #1318, #3412, #1822, #3521, #1405, #1340, #1463, #863, #2388, #2683 ) ) ;
#1594 = CARTESIAN_POINT ( 'NONE',  ( 3.911329769223049091, 11.23630490692172579, 6.808826961260177058 ) ) ;
#1595 = PLANE ( 'NONE',  #13 ) ;
#1596 = CARTESIAN_POINT ( 'NONE',  ( 9.550000000000006040, 7.361319111364017509, 3.625001781060453343 ) ) ;
#1597 = VECTOR ( 'NONE', #3148, 1000.000000000000000 ) ;
#1598 = VECTOR ( 'NONE', #1690, 999.9999999999998863 ) ;
#1599 = ORIENTED_EDGE ( 'NONE', *, *, #2231, .F. ) ;
#1600 = CARTESIAN_POINT ( 'NONE',  ( 4.449999999999999289, -7.689499999999998892, 10.00000000000000000 ) ) ;
#1601 = CYLINDRICAL_SURFACE ( 'NONE', #1917, 3.399999999999999911 ) ;
#1602 = VECTOR ( 'NONE', #1422, 1000.000000000000000 ) ;
#1603 = EDGE_LOOP ( 'NONE', ( #1959, #2762, #1647, #2301, #1666 ) ) ;
#1604 = CARTESIAN_POINT ( 'NONE',  ( -1.375008013730199932E-16, 6.708520739398999844, 11.05000000000000071 ) ) ;
#1605 = CARTESIAN_POINT ( 'NONE',  ( 2.085641270778994638, 12.27958156413482094, 7.390001751108510319 ) ) ;
#1606 = CARTESIAN_POINT ( 'NONE',  ( -4.013227070509911343, 11.21225214422684324, 6.811943914443035375 ) ) ;
#1607 = ORIENTED_EDGE ( 'NONE', *, *, #188, .F. ) ;
#1608 = CARTESIAN_POINT ( 'NONE',  ( 2.521671920525084154, 12.74557853863733570, 8.457649259063551028 ) ) ;
#1609 = CARTESIAN_POINT ( 'NONE',  ( 3.949186917523369367, 11.78563817174110362, 8.342234344455208728 ) ) ;
#1610 = DIRECTION ( 'NONE',  ( -1.127981972804998307E-16, -1.000000000000000000, 2.890802936884836426E-16 ) ) ;
#1611 = CARTESIAN_POINT ( 'NONE',  ( -5.050000000000003375, -7.689499999999998892, 3.625001781060453343 ) ) ;
#1612 = LINE ( 'NONE', #1650, #2587 ) ;
#1613 = EDGE_CURVE ( 'NONE', #1533, #2558, #3405, .T. ) ;
#1614 = CARTESIAN_POINT ( 'NONE',  ( -3.469446951953614189E-15, 7.689499999999998892, 10.00000000000000000 ) ) ;
#1615 = ADVANCED_FACE ( 'NONE', ( #1414 ), #311, .F. ) ;
#1616 = AXIS2_PLACEMENT_3D ( 'NONE', #1894, #2441, #2421 ) ;
#1617 = VERTEX_POINT ( 'NONE', #2527 ) ;
#1618 = CARTESIAN_POINT ( 'NONE',  ( -4.499497482557823780, 11.04071657819902974, 7.104356044605482978 ) ) ;
#1619 = DIRECTION ( 'NONE',  ( 2.255963945609997107E-16, -1.000000000000000000, 0.000000000000000000 ) ) ;
#1620 = AXIS2_PLACEMENT_3D ( 'NONE', #2271, #2287, #1402 ) ;
#1621 = ORIENTED_EDGE ( 'NONE', *, *, #1110, .F. ) ;
#1622 = PRODUCT_CONTEXT ( 'NONE', #1456, 'mechanical' ) ;
#1623 = DIRECTION ( 'NONE',  ( -1.000000000000000000, -4.511927891219993228E-16, 0.000000000000000000 ) ) ;
#1624 = CARTESIAN_POINT ( 'NONE',  ( 2.137551801154492281, 12.40510312953103522, 7.675244873492268916 ) ) ;
#1625 = CIRCLE ( 'NONE', #3389, 5.049999999999998934 ) ;
#1626 = CARTESIAN_POINT ( 'NONE',  ( -4.603277038316083924, 10.97109940347895396, 6.811838656527591240 ) ) ;
#1627 = EDGE_LOOP ( 'NONE', ( #1398, #1017, #3528, #1089, #844, #1084, #2109, #138 ) ) ;
#1628 = PRODUCT_DEFINITION_CONTEXT ( 'detailed design', #2740, 'design' ) ;
#1629 = CARTESIAN_POINT ( 'NONE',  ( 2.239298599888525754, 12.87703778214055461, 8.458875777625914694 ) ) ;
#1630 = CARTESIAN_POINT ( 'NONE',  ( 4.479006397795711969, 11.51039391520784072, 8.342245785237679456 ) ) ;
#1631 = CIRCLE ( 'NONE', #1449, 5.649999999999999467 ) ;
#1632 = CARTESIAN_POINT ( 'NONE',  ( -4.146181538598119332, 10.57249820481874814, 6.025001781060451478 ) ) ;
#1633 = CARTESIAN_POINT ( 'NONE',  ( -0.6170973876268851521, 12.80784211303202191, 7.670806993865772583 ) ) ;
#1634 = DIRECTION ( 'NONE',  ( -3.614066661264268111E-16, 0.8010027527915679624, 0.5986606634983880904 ) ) ;
#1635 = DIRECTION ( 'NONE',  ( 0.000000000000000000, 0.000000000000000000, 1.000000000000000000 ) ) ;
#1636 = EDGE_CURVE ( 'NONE', #3598, #3272, #1182, .T. ) ;
#1637 = ORIENTED_EDGE ( 'NONE', *, *, #1944, .F. ) ;
#1638 = DIRECTION ( 'NONE',  ( -1.691972959207498077E-16, 1.000000000000000000, 0.000000000000000000 ) ) ;
#1639 = PLANE ( 'NONE',  #2380 ) ;
#1640 = EDGE_CURVE ( 'NONE', #3055, #2022, #880, .T. ) ;
#1641 = AXIS2_PLACEMENT_3D ( 'NONE', #1710, #2268, #897 ) ;
#1642 = VERTEX_POINT ( 'NONE', #2597 ) ;
#1643 = DIRECTION ( 'NONE',  ( 0.000000000000000000, -0.000000000000000000, -1.000000000000000000 ) ) ;
#1644 = CARTESIAN_POINT ( 'NONE',  ( -5.049999999999998934, 3.000418073890164017, 9.225001781060427675 ) ) ;
#1645 = CARTESIAN_POINT ( 'NONE',  ( 4.593977973349102406, 10.97855250496115076, 6.659919150559551859 ) ) ;
#1646 = CARTESIAN_POINT ( 'NONE',  ( -4.013180623569485128, 11.21754576595609976, 6.391865622264517377 ) ) ;
#1647 = ORIENTED_EDGE ( 'NONE', *, *, #3005, .F. ) ;
#1648 = CARTESIAN_POINT ( 'NONE',  ( -0.7358857287837312633, 13.29157325830017733, 8.465651086916938795 ) ) ;
#1649 = CARTESIAN_POINT ( 'NONE',  ( 4.162227919652088381, 11.66850760122867214, 8.342237854489662041 ) ) ;
#1650 = CARTESIAN_POINT ( 'NONE',  ( -1.217599097579201040, -13.20674137931034231, 11.15746644227948714 ) ) ;
#1651 = PLANE ( 'NONE',  #1314 ) ;
#1652 = VECTOR ( 'NONE', #1721, 1000.000000000000000 ) ;
#1653 = ORIENTED_EDGE ( 'NONE', *, *, #887, .T. ) ;
#1654 = DIRECTION ( 'NONE',  ( 2.255963945609997107E-16, -1.000000000000000000, 9.345716752859654589E-31 ) ) ;
#1655 = DIRECTION ( 'NONE',  ( -1.000000000000000000, -0.000000000000000000, -0.000000000000000000 ) ) ;
#1656 = VECTOR ( 'NONE', #784, 1000.000000000000000 ) ;
#1657 = ORIENTED_EDGE ( 'NONE', *, *, #1926, .T. ) ;
#1658 = DIRECTION ( 'NONE',  ( -1.000000000000000000, 0.000000000000000000, 0.000000000000000000 ) ) ;
#1659 = VECTOR ( 'NONE', #2989, 1000.000000000000000 ) ;
#1660 = CARTESIAN_POINT ( 'NONE',  ( 3.840362039559647833, 11.93623080060059571, 4.031034331516090141 ) ) ;
#1661 = FACE_OUTER_BOUND ( 'NONE', #2606, .T. ) ;
#1662 = VECTOR ( 'NONE', #2557, 1000.000000000000000 ) ;
#1663 = ADVANCED_FACE ( 'NONE', ( #2544 ), #620, .F. ) ;
#1664 = CARTESIAN_POINT ( 'NONE',  ( -3.258984165873569872, 11.55011748644282044, 6.392004272267092446 ) ) ;
#1665 = EDGE_CURVE ( 'NONE', #63, #204, #2822, .T. ) ;
#1666 = ORIENTED_EDGE ( 'NONE', *, *, #1542, .T. ) ;
#1667 = AXIS2_PLACEMENT_3D ( 'NONE', #1474, #2866, #1490 ) ;
#1668 = CARTESIAN_POINT ( 'NONE',  ( -1.897929720130889564, 13.01118814433993798, 8.460473910863150593 ) ) ;
#1669 = CARTESIAN_POINT ( 'NONE',  ( 4.582762606302710928, 11.27439570336539809, 7.996239930236900051 ) ) ;
#1670 = CIRCLE ( 'NONE', #1327, 1.250000000000000000 ) ;
#1671 = DIRECTION ( 'NONE',  ( 0.000000000000000000, -0.5299192642332022363, -0.8480480961564275111 ) ) ;
#1672 = CARTESIAN_POINT ( 'NONE',  ( -4.449999999999999289, -7.689499999999998892, 10.00000000000000000 ) ) ;
#1673 = ORIENTED_EDGE ( 'NONE', *, *, #2189, .F. ) ;
#1674 = CARTESIAN_POINT ( 'NONE',  ( -3.890001178640766444, 10.52100538359625048, 5.986516611801007137 ) ) ;
#1675 = CARTESIAN_POINT ( 'NONE',  ( -5.049999999999998934, 4.002243707385000349, 3.625001781060453343 ) ) ;
#1676 = ORIENTED_EDGE ( 'NONE', *, *, #2842, .T. ) ;
#1677 = VECTOR ( 'NONE', #1276, 1000.000000000000000 ) ;
#1678 = CIRCLE ( 'NONE', #100, 5.649999999999998579 ) ;
#1679 = CARTESIAN_POINT ( 'NONE',  ( 1.351827002467245771E-15, -7.689499999999998892, 11.15746644227948714 ) ) ;
#1680 = CARTESIAN_POINT ( 'NONE',  ( 4.551191730863038742, 11.03787016475078886, 7.291092701452982716 ) ) ;
#1681 = CARTESIAN_POINT ( 'NONE',  ( 0.7009294238109361475, 12.48609282578022039, 6.513016616948257287 ) ) ;
#1682 = ORIENTED_EDGE ( 'NONE', *, *, #3000, .F. ) ;
#1683 = ADVANCED_FACE ( 'NONE', ( #3423 ), #79, .T. ) ;
#1684 = EDGE_CURVE ( 'NONE', #1256, #2203, #308, .T. ) ;
#1685 = AXIS2_PLACEMENT_3D ( 'NONE', #2168, #1638, #2770 ) ;
#1686 = CARTESIAN_POINT ( 'NONE',  ( -1.217599097579201040, -13.20674137931034231, 6.680466256987264373 ) ) ;
#1687 = CARTESIAN_POINT ( 'NONE',  ( -3.882942856691528721, 11.61604423857627211, 7.995371918976113434 ) ) ;
#1688 = ADVANCED_FACE ( 'NONE', ( #292 ), #3078, .T. ) ;
#1689 = DIRECTION ( 'NONE',  ( 0.000000000000000000, 0.000000000000000000, 1.000000000000000000 ) ) ;
#1690 = DIRECTION ( 'NONE',  ( 5.977393770971419883E-17, -0.5299192642332032355, 0.8480480961564270670 ) ) ;
#1691 = AXIS2_PLACEMENT_3D ( 'NONE', #2968, #2083, #2636 ) ;
#1692 = ORIENTED_EDGE ( 'NONE', *, *, #3141, .F. ) ;
#1693 = DIRECTION ( 'NONE',  ( -0.000000000000000000, 0.000000000000000000, -1.000000000000000000 ) ) ;
#1694 = VERTEX_POINT ( 'NONE', #15 ) ;
#1695 = DIRECTION ( 'NONE',  ( 2.890284186867100086E-16, 0.000000000000000000, -1.000000000000000000 ) ) ;
#1696 = CARTESIAN_POINT ( 'NONE',  ( 1.804787770277739289, 12.96989710880729341, 3.785821006406813627 ) ) ;
#1697 = CARTESIAN_POINT ( 'NONE',  ( 4.594350056699824769, 10.97803273632325372, 6.484944818837713676 ) ) ;
#1698 = CARTESIAN_POINT ( 'NONE',  ( 3.473042061924218604, 11.45132640654236056, 6.513144951875947442 ) ) ;
#1699 = B_SPLINE_CURVE_WITH_KNOTS ( 'NONE', 3,
 ( #1458, #2607, #608, #1877, #766, #447, #2684, #185, #3190, #1526, #972, #1013, #1225, #2958, #1855, #2999, #2091, #2703, #1834, #485, #3486, #1033, #165, #1814, #1280, #1544, #684, #2111 ),
 .UNSPECIFIED., .F., .F.,
 ( 4, 1, 2, 2, 2, 2, 1, 2, 2, 1, 2, 2, 1, 2, 2, 4 ),
 ( 0.000000000000000000, 0.2188165133184726274, 0.2461685774832791662, 0.2735206416480857605, 0.3282247699776988936, 0.3829288983073120267, 0.4376330266369251598, 0.4923371549665382929, 0.5196892191313433607, 0.5470412832961483174, 0.6017454116257583419, 0.6564495399553683663, 0.7111536682849782798, 0.7385057324497833475, 0.7658577966145883043, 0.8752660532738026911 ),
 .UNSPECIFIED. ) ;
#1700 = ORIENTED_EDGE ( 'NONE', *, *, #2044, .T. ) ;
#1701 = DIRECTION ( 'NONE',  ( 0.000000000000000000, -0.5299192642332029024, 0.8480480961564272890 ) ) ;
#1702 = CARTESIAN_POINT ( 'NONE',  ( -1.900545281452520552, 13.01025460450047255, 8.460459971192445749 ) ) ;
#1703 = CARTESIAN_POINT ( 'NONE',  ( 3.196989959395951431, 12.02257778271504129, 7.996214780855945392 ) ) ;
#1704 = CARTESIAN_POINT ( 'NONE',  ( 2.612409407193921467E-15, -7.689499999999998892, 14.45000000000000107 ) ) ;
#1705 = CONICAL_SURFACE ( 'NONE', #373, 1.250000000000000000, 0.6981317007977311251 ) ;
#1706 = CARTESIAN_POINT ( 'NONE',  ( 2.049999999999999822, 1.470491331998988294, 5.715302991864937177 ) ) ;
#1707 = EDGE_CURVE ( 'NONE', #22, #1809, #2859, .T. ) ;
#1708 = ORIENTED_EDGE ( 'NONE', *, *, #116, .T. ) ;
#1709 = LINE ( 'NONE', #1200, #1570 ) ;
#1710 = CARTESIAN_POINT ( 'NONE',  ( 0.000000000000000000, 7.689500000000000668, -23.18283361322050951 ) ) ;
#1711 = ORIENTED_EDGE ( 'NONE', *, *, #2337, .F. ) ;
#1712 = DIRECTION ( 'NONE',  ( 0.000000000000000000, -0.9999999999980859755, -1.956525546508733018E-06 ) ) ;
#1713 = CARTESIAN_POINT ( 'NONE',  ( -4.438190757322055369, 11.88413289861029654, 3.539789583470999368 ) ) ;
#1714 = CARTESIAN_POINT ( 'NONE',  ( 4.594740576016502764, 10.97748708034159826, 6.189792950611820110 ) ) ;
#1715 = CARTESIAN_POINT ( 'NONE',  ( 2.336108807429002621, 11.98050802973571294, 6.513110018986829175 ) ) ;
#1716 = VERTEX_POINT ( 'NONE', #1181 ) ;
#1717 = DIRECTION ( 'NONE',  ( 0.000000000000000000, 0.000000000000000000, -1.000000000000000000 ) ) ;
#1718 = CIRCLE ( 'NONE', #617, 0.4999999999999993894 ) ;
#1719 = CARTESIAN_POINT ( 'NONE',  ( -1.412538234306535448E-15, 7.689499999999998892, 6.025001781060452366 ) ) ;
#1720 = CARTESIAN_POINT ( 'NONE',  ( 4.162246277954928075, 11.46967081995305016, 7.996226933166802553 ) ) ;
#1721 = DIRECTION ( 'NONE',  ( -1.000000000000000000, 2.891205793294675072E-15, 0.000000000000000000 ) ) ;
#1722 = CARTESIAN_POINT ( 'NONE',  ( 3.856499046922113205, 10.56756355271783576, 6.960838163978715798 ) ) ;
#1723 = ORIENTED_EDGE ( 'NONE', *, *, #1431, .F. ) ;
#1724 = ADVANCED_FACE ( 'NONE', ( #2302 ), #2320, .F. ) ;
#1725 = EDGE_CURVE ( 'NONE', #204, #2978, #3368, .T. ) ;
#1726 = DIRECTION ( 'NONE',  ( -2.283902937147164792E-32, 2.024769005366008431E-16, -1.000000000000000000 ) ) ;
#1727 = DIRECTION ( 'NONE',  ( -1.000000000000000000, 0.000000000000000000, -0.000000000000000000 ) ) ;
#1728 = VECTOR ( 'NONE', #2739, 1000.000000000000000 ) ;
#1729 = VERTEX_POINT ( 'NONE', #3458 ) ;
#1730 = DIRECTION ( 'NONE',  ( 1.000000000000000000, 0.000000000000000000, 0.000000000000000000 ) ) ;
#1731 = CARTESIAN_POINT ( 'NONE',  ( -4.685160358846871098, 11.77260864543516838, 3.539743738464259160 ) ) ;
#1732 = CARTESIAN_POINT ( 'NONE',  ( -2.105535682249372142E-17, -13.48949999999999960, 6.680466256987264373 ) ) ;
#1733 = CARTESIAN_POINT ( 'NONE',  ( -1.408565593606149413, 12.34931872433863909, 5.597309975070717591 ) ) ;
#1734 = ORIENTED_EDGE ( 'NONE', *, *, #378, .T. ) ;
#1735 = DIRECTION ( 'NONE',  ( -0.000000000000000000, -0.000000000000000000, 1.000000000000000000 ) ) ;
#1736 = DIRECTION ( 'NONE',  ( 1.000000000000000000, -1.127981972804998307E-16, 0.000000000000000000 ) ) ;
#1737 = AXIS2_PLACEMENT_3D ( 'NONE', #968, #1503, #2640 ) ;
#1738 = CARTESIAN_POINT ( 'NONE',  ( -3.380138124210170680, 11.91021162637359332, 7.995476591994735927 ) ) ;
#1739 = VECTOR ( 'NONE', #139, 1000.000000000000000 ) ;
#1740 = LINE ( 'NONE', #2869, #3539 ) ;
#1741 = CARTESIAN_POINT ( 'NONE',  ( 3.889998638297447187, 10.51968052100145812, 6.025001781060452366 ) ) ;
#1742 = ORIENTED_EDGE ( 'NONE', *, *, #1001, .F. ) ;
#1743 = DIRECTION ( 'NONE',  ( -0.000000000000000000, -0.000000000000000000, -1.000000000000000000 ) ) ;
#1744 = DIRECTION ( 'NONE',  ( 0.000000000000000000, -1.000000000000000000, 0.000000000000000000 ) ) ;
#1745 = B_SPLINE_CURVE_WITH_KNOTS ( 'NONE', 3,
 ( #1508, #3487, #2904, #3451, #1794, #2886 ),
 .UNSPECIFIED., .F., .F.,
 ( 4, 2, 4 ),
 ( 0.000000000000000000, 0.0003590937153389309926, 0.0007181874306778619852 ),
 .UNSPECIFIED. ) ;
#1746 = EDGE_CURVE ( 'NONE', #2774, #2437, #2618, .T. ) ;
#1747 = VERTEX_POINT ( 'NONE', #1808 ) ;
#1748 = DIRECTION ( 'NONE',  ( 0.000000000000000000, 0.000000000000000000, -1.000000000000000000 ) ) ;
#1749 = CARTESIAN_POINT ( 'NONE',  ( -2.097127364640214431, 12.97948538379240802, 3.540230607713994004 ) ) ;
#1750 = VECTOR ( 'NONE', #931, 1000.000000000000000 ) ;
#1751 = CARTESIAN_POINT ( 'NONE',  ( -2.105535682249372142E-17, -13.48949999999999960, 8.225001781060452544 ) ) ;
#1752 = CARTESIAN_POINT ( 'NONE',  ( 3.398958353528447773, 11.51030565537489281, 5.597693948937413566 ) ) ;
#1753 = EDGE_CURVE ( 'NONE', #566, #2099, #2896, .T. ) ;
#1754 = AXIS2_PLACEMENT_3D ( 'NONE', #3255, #130, #2961 ) ;
#1755 = ORIENTED_EDGE ( 'NONE', *, *, #490, .T. ) ;
#1756 = CARTESIAN_POINT ( 'NONE',  ( 5.650000000000001243, -7.689499999999998892, 10.00000000000000000 ) ) ;
#1757 = CARTESIAN_POINT ( 'NONE',  ( -2.102320515450446514, 12.27306899997854828, 7.390001751107615036 ) ) ;
#1758 = CARTESIAN_POINT ( 'NONE',  ( 1.400208929991826334, 12.49839630641317001, 7.291647848488854500 ) ) ;
#1759 = AXIS2_PLACEMENT_3D ( 'NONE', #1148, #1744, #45 ) ;
#1760 = CARTESIAN_POINT ( 'NONE',  ( -4.119434451769878436, 11.30759184134174866, 7.542998856666591756 ) ) ;
#1761 = FACE_OUTER_BOUND ( 'NONE', #944, .T. ) ;
#1762 = ORIENTED_EDGE ( 'NONE', *, *, #3417, .T. ) ;
#1763 = CARTESIAN_POINT ( 'NONE',  ( -1.408376089451907287, 12.80899343813814539, 4.275773156694921084 ) ) ;
#1764 = CARTESIAN_POINT ( 'NONE',  ( 3.617816029901160135, 11.46797291873532210, 7.322932494242225587 ) ) ;
#1765 = CARTESIAN_POINT ( 'NONE',  ( -3.890001178303357676, 3.042605314476128697, 0.3972425029630461957 ) ) ;
#1766 = B_SPLINE_CURVE_WITH_KNOTS ( 'NONE', 3,
 ( #2359, #408, #739, #1504 ),
 .UNSPECIFIED., .F., .F.,
 ( 4, 4 ),
 ( 0.000000000000000000, 0.0008558230437459858056 ),
 .UNSPECIFIED. ) ;
#1767 = ORIENTED_EDGE ( 'NONE', *, *, #2215, .F. ) ;
#1768 = LINE ( 'NONE', #1522, #1739 ) ;
#1769 = CARTESIAN_POINT ( 'NONE',  ( 4.583264805707081280, 11.70194691125331765, 3.785910647352630498 ) ) ;
#1770 = CARTESIAN_POINT ( 'NONE',  ( 3.473144184702557702, 11.47209324555682386, 5.597695606218002773 ) ) ;
#1771 = ORIENTED_EDGE ( 'NONE', *, *, #2542, .T. ) ;
#1772 = CARTESIAN_POINT ( 'NONE',  ( -2.533771891863986880, -2.129508668001014460, 6.025001781060452366 ) ) ;
#1773 = EDGE_CURVE ( 'NONE', #2697, #2667, #99, .T. ) ;
#1774 = ADVANCED_FACE ( 'NONE', ( #1519 ), #367, .F. ) ;
#1775 = CARTESIAN_POINT ( 'NONE',  ( -3.250001190529995032, 11.30755762432391798, 7.390001751104987804 ) ) ;
#1776 = AXIS2_PLACEMENT_3D ( 'NONE', #1153, #554, #1933 ) ;
#1777 = CARTESIAN_POINT ( 'NONE',  ( -2.524188778373280595, 12.05052168334917084, 7.291143060351092942 ) ) ;
#1778 = AXIS2_PLACEMENT_3D ( 'NONE', #3018, #1914, #3034 ) ;
#1779 = CARTESIAN_POINT ( 'NONE',  ( -4.146181538598119332, 10.57249820481874814, 6.025001781060451478 ) ) ;
#1780 = TOROIDAL_SURFACE ( 'NONE', #748, 1.050000000000000933, 3.399999999999999911 ) ;
#1781 = CARTESIAN_POINT ( 'NONE',  ( -3.850617674288433712, 10.57612714346332794, 6.975407966351917288 ) ) ;
#1782 = CARTESIAN_POINT ( 'NONE',  ( 2.335980714175469153, 12.90775402096272018, 8.515236158677211620 ) ) ;
#1783 = TOROIDAL_SURFACE ( 'NONE', #1197, 3.949999999999998845, 0.5000000000000000000 ) ;
#1784 = ORIENTED_EDGE ( 'NONE', *, *, #1026, .T. ) ;
#1785 = CARTESIAN_POINT ( 'NONE',  ( -3.379799263406242815, 11.80025266520861216, 4.797647127539660161 ) ) ;
#1786 = CARTESIAN_POINT ( 'NONE',  ( 4.565781614117322640, 10.98763598924481677, 6.135795879413577403 ) ) ;
#1787 = DIRECTION ( 'NONE',  ( 0.000000000000000000, 0.000000000000000000, 1.000000000000000000 ) ) ;
#1788 = ORIENTED_EDGE ( 'NONE', *, *, #239, .F. ) ;
#1789 = CARTESIAN_POINT ( 'NONE',  ( -1.050000000000000711, 6.708520739398999844, 10.00000000000000000 ) ) ;
#1790 = CARTESIAN_POINT ( 'NONE',  ( -3.890001178303834184, 10.52230831320430937, 6.266667884210709971 ) ) ;
#1791 = CARTESIAN_POINT ( 'NONE',  ( 0.7010330131416491195, 12.52183791720780803, 5.597569801610714713 ) ) ;
#1792 = CIRCLE ( 'NONE', #631, 5.649999999999998579 ) ;
#1793 = VERTEX_POINT ( 'NONE', #1536 ) ;
#1794 = CARTESIAN_POINT ( 'NONE',  ( -4.569123014552054940, 10.98774478562124024, 6.144696390691509968 ) ) ;
#1795 = CARTESIAN_POINT ( 'NONE',  ( -0.8512087441595346249, 12.55716826824404819, 7.112174836452467730 ) ) ;
#1796 = B_SPLINE_CURVE_WITH_KNOTS ( 'NONE', 3,
 ( #1302, #2133, #2959, #3232, #468, #1568, #2685, #168, #1338, #2704, #186, #3547, #1878, #2154, #3275, #1320, #3002, #767 ),
 .UNSPECIFIED., .F., .F.,
 ( 4, 2, 2, 2, 2, 2, 2, 2, 4 ),
 ( 3.923553748627470763E-17, 0.0008604102272980300448, 0.001720820454596020841, 0.002581230681894010771, 0.003441640909192000917, 0.004302051136489991497, 0.005162461363787980775, 0.006022871591085970921, 0.006883281818383961068 ),
 .UNSPECIFIED. ) ;
#1797 = VECTOR ( 'NONE', #1932, 1000.000000000000000 ) ;
#1798 = EDGE_CURVE ( 'NONE', #618, #2745, #420, .T. ) ;
#1799 = CARTESIAN_POINT ( 'NONE',  ( 3.766424814729782522, 9.952892469529620811, 7.155126618097374269 ) ) ;
#1800 = EDGE_CURVE ( 'NONE', #218, #1220, #790, .T. ) ;
#1801 = ORIENTED_EDGE ( 'NONE', *, *, #1045, .F. ) ;
#1802 = CARTESIAN_POINT ( 'NONE',  ( -3.554506682800203432, 10.96137202247635756, 7.318405915276580131 ) ) ;
#1803 = CYLINDRICAL_SURFACE ( 'NONE', #2145, 0.9999999999999995559 ) ;
#1804 = EDGE_CURVE ( 'NONE', #641, #368, #2695, .T. ) ;
#1805 = ORIENTED_EDGE ( 'NONE', *, *, #167, .F. ) ;
#1806 = CARTESIAN_POINT ( 'NONE',  ( 3.949470511690373442, 11.30807318765412539, 5.320625386101528242 ) ) ;
#1807 = CARTESIAN_POINT ( 'NONE',  ( 3.889998638297461842, 11.24391372217299789, 6.021185580815168414 ) ) ;
#1808 = CARTESIAN_POINT ( 'NONE',  ( -4.449999999999999289, 7.361319111364017509, 3.625001781060453343 ) ) ;
#1809 = VERTEX_POINT ( 'NONE', #2969 ) ;
#1810 = DIRECTION ( 'NONE',  ( 3.067555686463477808E-13, 0.000000000000000000, -1.000000000000000000 ) ) ;
#1811 = CARTESIAN_POINT ( 'NONE',  ( -3.874500980581207177, 9.878276405089835066, 6.890001751105002903 ) ) ;
#1812 = CARTESIAN_POINT ( 'NONE',  ( -1.408614287894450534, 12.29587707886247117, 5.994816763756654510 ) ) ;
#1813 = ORIENTED_EDGE ( 'NONE', *, *, #2928, .F. ) ;
#1814 = CARTESIAN_POINT ( 'NONE',  ( -4.593619090070208522, 10.97905371674678321, 6.137343532387483869 ) ) ;
#1815 = CARTESIAN_POINT ( 'NONE',  ( -2.977472513723014025, 11.99812734123840130, 7.690776677949415330 ) ) ;
#1816 = CARTESIAN_POINT ( 'NONE',  ( -4.685630674736501966, 10.95768752270836188, 7.111485355256588647 ) ) ;
#1817 = AXIS2_PLACEMENT_3D ( 'NONE', #996, #1858, #450 ) ;
#1818 = DIRECTION ( 'NONE',  ( -1.000000000000000000, 0.000000000000000000, 0.000000000000000000 ) ) ;
#1819 = EDGE_LOOP ( 'NONE', ( #441, #1284, #871 ) ) ;
#1820 = CARTESIAN_POINT ( 'NONE',  ( -3.911668673886150138, 11.23935266365042374, 6.807924527917871949 ) ) ;
#1821 = CARTESIAN_POINT ( 'NONE',  ( 3.839875152856784268, 11.97081057782494007, 8.515242338660366173 ) ) ;
#1822 = ORIENTED_EDGE ( 'NONE', *, *, #614, .T. ) ;
#1823 = CARTESIAN_POINT ( 'NONE',  ( -2.973481358737156466, 11.98205307897696414, 4.797722268460221429 ) ) ;
#1824 = CARTESIAN_POINT ( 'NONE',  ( 3.889998638297421873, 10.51954456039037744, 6.141959466885805519 ) ) ;
#1825 = LINE ( 'NONE', #3180, #255 ) ;
#1826 = VECTOR ( 'NONE', #2751, 1000.000000000000000 ) ;
#1827 = EDGE_CURVE ( 'NONE', #2437, #3501, #1825, .T. ) ;
#1828 = CARTESIAN_POINT ( 'NONE',  ( -1.799999999999996048, -13.48949999999999960, 6.025001781060452366 ) ) ;
#1829 = ORIENTED_EDGE ( 'NONE', *, *, #1026, .F. ) ;
#1830 = DIRECTION ( 'NONE',  ( 1.000000000000000000, 0.000000000000000000, 0.000000000000000000 ) ) ;
#1831 = DIRECTION ( 'NONE',  ( -1.691972959207498077E-16, 1.000000000000000000, -0.000000000000000000 ) ) ;
#1832 = CARTESIAN_POINT ( 'NONE',  ( 0.7010693530125414741, 12.58356891772177377, 5.320485633649592927 ) ) ;
#1833 = ORIENTED_EDGE ( 'NONE', *, *, #763, .F. ) ;
#1834 = CARTESIAN_POINT ( 'NONE',  ( -4.593547887326601575, 10.97915314393579855, 6.245892338099270802 ) ) ;
#1835 = DIRECTION ( 'NONE',  ( -1.000000000000000000, 0.000000000000000000, 0.000000000000000000 ) ) ;
#1836 = CARTESIAN_POINT ( 'NONE',  ( -4.013273166555741511, 11.27621847310843428, 7.290849432216380599 ) ) ;
#1837 = DIRECTION ( 'NONE',  ( -1.000000000000000000, 0.000000000000000000, 0.000000000000000000 ) ) ;
#1838 = ORIENTED_EDGE ( 'NONE', *, *, #1945, .F. ) ;
#1839 = CARTESIAN_POINT ( 'NONE',  ( 4.583187796975630057, 11.46296448433424153, 4.276200958844147415 ) ) ;
#1840 = CARTESIAN_POINT ( 'NONE',  ( -3.920397239316578464, 11.23281100688071277, 6.886051387451103345 ) ) ;
#1841 = CARTESIAN_POINT ( 'NONE',  ( 3.949179870171105833, 11.90682914031753015, 8.515243483222512566 ) ) ;
#1842 = ORIENTED_EDGE ( 'NONE', *, *, #1665, .T. ) ;
#1843 = FACE_OUTER_BOUND ( 'NONE', #3338, .T. ) ;
#1844 = DIRECTION ( 'NONE',  ( 0.000000000000000000, 0.000000000000000000, 1.000000000000000000 ) ) ;
#1845 = AXIS2_PLACEMENT_3D ( 'NONE', #238, #2784, #775 ) ;
#1846 = DIRECTION ( 'NONE',  ( 1.000000000000000000, 0.000000000000000000, 0.000000000000000000 ) ) ;
#1847 = CIRCLE ( 'NONE', #805, 0.5000000000000005551 ) ;
#1848 = ADVANCED_FACE ( 'NONE', ( #177 ), #1705, .F. ) ;
#1849 = EDGE_CURVE ( 'NONE', #2938, #2774, #2340, .T. ) ;
#1850 = EDGE_LOOP ( 'NONE', ( #885, #3282, #779, #1432, #3008, #2127, #1992, #2802 ) ) ;
#1851 = FACE_OUTER_BOUND ( 'NONE', #3164, .T. ) ;
#1852 = CARTESIAN_POINT ( 'NONE',  ( 3.249998650523997945, 3.339499999999997026, 7.390001751105000238 ) ) ;
#1853 = CARTESIAN_POINT ( 'NONE',  ( 2.336250758828555707, 12.09863731607980242, 5.320582524693274529 ) ) ;
#1854 = ORIENTED_EDGE ( 'NONE', *, *, #2455, .F. ) ;
#1855 = CARTESIAN_POINT ( 'NONE',  ( -4.593490618143706072, 10.97923311091341603, 6.336942854483418763 ) ) ;
#1856 = CARTESIAN_POINT ( 'NONE',  ( 1.963764714345758167, 11.98770984496022507, 7.390001751104994021 ) ) ;
#1857 = CARTESIAN_POINT ( 'NONE',  ( -4.438631606726844758, 11.03554791117916345, 6.811867547261199363 ) ) ;
#1858 = DIRECTION ( 'NONE',  ( 1.913165929072101155E-16, -0.8480480961564277331, 0.5299192642332023473 ) ) ;
#1859 = ORIENTED_EDGE ( 'NONE', *, *, #469, .F. ) ;
#1860 = CARTESIAN_POINT ( 'NONE',  ( 1.804748675352078280, 12.84437436457040782, 4.030965143228268488 ) ) ;
#1861 = CARTESIAN_POINT ( 'NONE',  ( 0.1267490910325733966, 13.33826891184964758, 8.466085135355978508 ) ) ;
#1862 = CARTESIAN_POINT ( 'NONE',  ( 3.839890210928249115, 11.73826773909949495, 8.169225723273697781 ) ) ;
#1863 =( GEOMETRIC_REPRESENTATION_CONTEXT ( 3 ) GLOBAL_UNCERTAINTY_ASSIGNED_CONTEXT ( ( #3433 ) ) GLOBAL_UNIT_ASSIGNED_CONTEXT ( ( #2208, #1371, #1563 ) ) REPRESENTATION_CONTEXT ( 'NONE', 'WORKASPACE' ) );
#1864 = AXIS2_PLACEMENT_3D ( 'NONE', #717, #1558, #1008 ) ;
#1865 = CARTESIAN_POINT ( 'NONE',  ( -3.890001178640766444, 10.52100538359625048, 5.986516611801007137 ) ) ;
#1866 = CARTESIAN_POINT ( 'NONE',  ( -2.390525035387259578, 12.29443893807087740, 7.677795120112646643 ) ) ;
#1867 = CARTESIAN_POINT ( 'NONE',  ( 4.449999999999999289, -7.689499999999998892, 10.00000000000000000 ) ) ;
#1868 = CARTESIAN_POINT ( 'NONE',  ( -1.799999999999996048, -13.48949999999999960, 8.225001781060452544 ) ) ;
#1869 =( BOUNDED_SURFACE ( )  B_SPLINE_SURFACE ( 3, 2, ( 
 ( #132, #1231, #74 ),
 ( #671, #2909, #1531 ),
 ( #2390, #2668, #924 ),
 ( #728, #1268, #2118 ),
 ( #2056, #1820, #1781 ),
 ( #2630, #1840, #2351 ),
 ( #2038, #2965, #1461 ),
 ( #1760, #3471, #3199 ),
 ( #1194, #2613, #1802 ),
 ( #3453, #1249, #2888 ),
 ( #381, #415, #1479 ),
 ( #91, #1212, #2178 ) ),
 .UNSPECIFIED., .F., .F., .F. ) 
 B_SPLINE_SURFACE_WITH_KNOTS ( ( 4, 2, 2, 2, 2, 4 ),
 ( 3, 3 ),
 ( -3.426078865054194011E-17, 0.0002465339278364222825, 0.0004930678556728788258, 0.0009861357113457919123, 0.001479203567018705107, 0.001972271422691618085 ),
 ( 0.000000000000000000, 1.000000000000000000 ),
 .UNSPECIFIED. ) 
 GEOMETRIC_REPRESENTATION_ITEM ( )  RATIONAL_B_SPLINE_SURFACE ( (
 ( 1.000000000000000000, 0.5655290761085841611, 1.000000000000000000),
 ( 1.000000000000000000, 0.5652436451686112528, 1.000000000000000000),
 ( 1.000000000000000000, 0.5677342953889098487, 1.000000000000000000),
 ( 1.000000000000000000, 0.5795715980258445699, 1.000000000000000000),
 ( 1.000000000000000000, 0.5889275371336584186, 1.000000000000000000),
 ( 1.000000000000000000, 0.6221093432534083867, 1.000000000000000000),
 ( 1.000000000000000000, 0.6505515302673300360, 1.000000000000000000),
 ( 1.000000000000000000, 0.7061640189097687648, 1.000000000000000000),
 ( 1.000000000000000000, 0.7334806610605049126, 1.000000000000000000),
 ( 1.000000000000000000, 0.7839047445418586557, 1.000000000000000000),
 ( 1.000000000000000000, 0.8064661418838706686, 1.000000000000000000),
 ( 1.000000000000000000, 0.8264898857231627316, 1.000000000000000000) ) ) 
 REPRESENTATION_ITEM ( '' )  SURFACE ( )  );
#1870 = ORIENTED_EDGE ( 'NONE', *, *, #2773, .T. ) ;
#1871 = CARTESIAN_POINT ( 'NONE',  ( -3.738234157813953740, 11.55962578758747128, 7.692575406265715898 ) ) ;
#1872 = DIRECTION ( 'NONE',  ( -1.127981972804998554E-16, 1.000000000000000000, 0.000000000000000000 ) ) ;
#1873 = ADVANCED_FACE ( 'NONE', ( #2084 ), #677, .T. ) ;
#1874 = CARTESIAN_POINT ( 'NONE',  ( 4.375520758962416323, 11.05888715882984386, 5.597724481226372006 ) ) ;
#1875 = ORIENTED_EDGE ( 'NONE', *, *, #574, .T. ) ;
#1876 = DIRECTION ( 'NONE',  ( -0.000000000000000000, -0.000000000000000000, -1.000000000000000000 ) ) ;
#1877 = CARTESIAN_POINT ( 'NONE',  ( -4.593382769619380745, 10.97938369581132001, 6.559495890101899818 ) ) ;
#1878 = CARTESIAN_POINT ( 'NONE',  ( 1.419200639364993188, 12.18236759011391790, 7.390001751105001127 ) ) ;
#1879 = EDGE_CURVE ( 'NONE', #1367, #1642, #2949, .T. ) ;
#1880 = CARTESIAN_POINT ( 'NONE',  ( -4.685599616719473559, 10.94027835932688397, 6.811824448209145011 ) ) ;
#1881 = ORIENTED_EDGE ( 'NONE', *, *, #1945, .T. ) ;
#1882 = CARTESIAN_POINT ( 'NONE',  ( -2.973364894169681083, 12.31459060836438013, 4.030353165147086969 ) ) ;
#1883 = CARTESIAN_POINT ( 'NONE',  ( 0.6064146447471173706, 13.30697706255577906, 8.465291552229048833 ) ) ;
#1884 = CARTESIAN_POINT ( 'NONE',  ( 2.335985155395123858, 12.75994599272593000, 8.342222523411436441 ) ) ;
#1885 = ORIENTED_EDGE ( 'NONE', *, *, #3482, .T. ) ;
#1886 = CARTESIAN_POINT ( 'NONE',  ( 3.889998638302005762, 10.52272837044709775, 6.797090788084481972 ) ) ;
#1887 = LINE ( 'NONE', #1312, #366 ) ;
#1888 = CARTESIAN_POINT ( 'NONE',  ( 3.825924427344954193, 8.671743491322370545, 7.390001751105001127 ) ) ;
#1889 = AXIS2_PLACEMENT_3D ( 'NONE', #3215, #3526, #170 ) ;
#1890 = ORIENTED_EDGE ( 'NONE', *, *, #1237, .T. ) ;
#1891 = DIRECTION ( 'NONE',  ( -0.000000000000000000, -0.000000000000000000, -1.000000000000000000 ) ) ;
#1892 = DIRECTION ( 'NONE',  ( -1.000000000000000000, 0.000000000000000000, -4.144914500121575018E-15 ) ) ;
#1893 = ORIENTED_EDGE ( 'NONE', *, *, #515, .F. ) ;
#1894 = CARTESIAN_POINT ( 'NONE',  ( 0.000000000000000000, 0.000000000000000000, 0.000000000000000000 ) ) ;
#1895 = DIRECTION ( 'NONE',  ( 1.000000000000000000, -8.783410004945861140E-16, 0.000000000000000000 ) ) ;
#1896 = DIRECTION ( 'NONE',  ( -9.035166653160672742E-17, 0.8010027527915679624, 0.5986606634983880904 ) ) ;
#1897 = CARTESIAN_POINT ( 'NONE',  ( 3.472981897006277130, 11.50607195183488862, 7.112470132334690831 ) ) ;
#1898 = VECTOR ( 'NONE', #964, 1000.000000000000000 ) ;
#1899 = ORIENTED_EDGE ( 'NONE', *, *, #223, .T. ) ;
#1900 = ADVANCED_FACE ( 'NONE', ( #119 ), #1236, .T. ) ;
#1901 = EDGE_CURVE ( 'NONE', #1916, #2292, #457, .T. ) ;
#1902 = CARTESIAN_POINT ( 'NONE',  ( 2.947295252117108966, 12.51039663971137905, 8.456343503650636251 ) ) ;
#1903 = CARTESIAN_POINT ( 'NONE',  ( -2.097665080517712610, 12.84929357597093613, 8.341752797387233187 ) ) ;
#1904 = DIRECTION ( 'NONE',  ( -0.000000000000000000, 1.000000000000000000, -0.000000000000000000 ) ) ;
#1905 = CARTESIAN_POINT ( 'NONE',  ( 3.480770886582573276, 11.71018790639667628, 7.706304058074350039 ) ) ;
#1906 = DIRECTION ( 'NONE',  ( 4.142671149973825313E-15, 0.000000000000000000, -1.000000000000000000 ) ) ;
#1907 = DIRECTION ( 'NONE',  ( 0.000000000000000000, 1.000000000000000000, 0.000000000000000000 ) ) ;
#1908 = AXIS2_PLACEMENT_3D ( 'NONE', #1751, #84, #2325 ) ;
#1909 = VERTEX_POINT ( 'NONE', #2395 ) ;
#1910 = CARTESIAN_POINT ( 'NONE',  ( 5.650000000000001243, -7.689499999999998892, 6.025001781060476347 ) ) ;
#1911 = DIRECTION ( 'NONE',  ( 0.000000000000000000, 0.000000000000000000, 1.000000000000000000 ) ) ;
#1912 = ORIENTED_EDGE ( 'NONE', *, *, #3582, .F. ) ;
#1913 = CARTESIAN_POINT ( 'NONE',  ( 4.449999999999997513, 7.689500000000000668, 10.00000000000000000 ) ) ;
#1914 = DIRECTION ( 'NONE',  ( 1.000000000000000000, 0.000000000000000000, 0.000000000000000000 ) ) ;
#1915 = CARTESIAN_POINT ( 'NONE',  ( -4.520954371351254331, 11.00282494692894630, 6.811853017645774777 ) ) ;
#1916 = VERTEX_POINT ( 'NONE', #2415 ) ;
#1917 = AXIS2_PLACEMENT_3D ( 'NONE', #274, #2788, #519 ) ;
#1918 = CARTESIAN_POINT ( 'NONE',  ( 1.226204376538611696, 13.20519857267272101, 8.463604197588816547 ) ) ;
#1919 = CARTESIAN_POINT ( 'NONE',  ( 2.995237864607393607, 12.25890536852356583, 8.169221307976247459 ) ) ;
#1920 = EDGE_CURVE ( 'NONE', #600, #1421, #3241, .T. ) ;
#1921 = ORIENTED_EDGE ( 'NONE', *, *, #2816, .T. ) ;
#1922 = CARTESIAN_POINT ( 'NONE',  ( 3.919943970568835478, 11.23062551586656355, 6.888116761992190362 ) ) ;
#1923 = CARTESIAN_POINT ( 'NONE',  ( -5.050000000000000711, -7.689499999999998003, 6.025001781060452366 ) ) ;
#1924 = CARTESIAN_POINT ( 'NONE',  ( 2.533051596073043310, -13.29950800053902249, 8.225001781060452544 ) ) ;
#1925 = PRODUCT ( 'Shell 000#_Male', 'Shell 000#_Male', '', ( #1622 ) ) ;
#1926 = EDGE_CURVE ( 'NONE', #368, #53, #3162, .T. ) ;
#1927 = VERTEX_POINT ( 'NONE', #3205 ) ;
#1928 = DIRECTION ( 'NONE',  ( 0.000000000000000000, 0.8480480961564275111, -0.5299192642332024583 ) ) ;
#1929 = DIRECTION ( 'NONE',  ( 0.000000000000000000, 0.000000000000000000, -1.000000000000000000 ) ) ;
#1930 = VERTEX_POINT ( 'NONE', #543 ) ;
#1931 = LINE ( 'NONE', #2478, #2321 ) ;
#1932 = DIRECTION ( 'NONE',  ( -0.000000000000000000, -0.000000000000000000, 1.000000000000000000 ) ) ;
#1933 = DIRECTION ( 'NONE',  ( 1.000000000000000000, 0.000000000000000000, 0.000000000000000000 ) ) ;
#1934 = B_SPLINE_CURVE_WITH_KNOTS ( 'NONE', 3,
 ( #1957, #2537, #2800, #892, #288, #3089 ),
 .UNSPECIFIED., .F., .F.,
 ( 4, 2, 4 ),
 ( 0.4335986570539900886, 0.7167993285269951276, 1.000000000000000000 ),
 .UNSPECIFIED. ) ;
#1935 = CARTESIAN_POINT ( 'NONE',  ( 2.995304250420971037, 11.75698532119339035, 7.112460283223818180 ) ) ;
#1936 = ORIENTED_EDGE ( 'NONE', *, *, #1219, .T. ) ;
#1937 = AXIS2_PLACEMENT_3D ( 'NONE', #760, #2995, #242 ) ;
#1938 = CARTESIAN_POINT ( 'NONE',  ( 0.4527329867028162536, 13.32133829698147132, 8.465602266007500987 ) ) ;
#1939 = CARTESIAN_POINT ( 'NONE',  ( -4.521064945514324585, 11.38805091157998106, 8.168252294988361584 ) ) ;
#1940 = AXIS2_PLACEMENT_3D ( 'NONE', #3077, #1743, #3387 ) ;
#1941 = LINE ( 'NONE', #270, #1826 ) ;
#1942 = LINE ( 'NONE', #2472, #1964 ) ;
#1943 = ORIENTED_EDGE ( 'NONE', *, *, #1110, .T. ) ;
#1944 = EDGE_CURVE ( 'NONE', #1927, #2501, #220, .T. ) ;
#1945 = EDGE_CURVE ( 'NONE', #1381, #1617, #1141, .T. ) ;
#1946 = LINE ( 'NONE', #1368, #2167 ) ;
#1947 = FACE_OUTER_BOUND ( 'NONE', #2398, .T. ) ;
#1948 = VERTEX_POINT ( 'NONE', #3332 ) ;
#1949 = DIRECTION ( 'NONE',  ( 4.511927891219993228E-16, -1.000000000000000000, 0.000000000000000000 ) ) ;
#1950 = CARTESIAN_POINT ( 'NONE',  ( 3.656868690998290816, 12.00982682912361987, 4.031026698559388777 ) ) ;
#1951 = CARTESIAN_POINT ( 'NONE',  ( 4.594320125528685850, 10.97807455267490262, 6.499257599160658039 ) ) ;
#1952 = CARTESIAN_POINT ( 'NONE',  ( 4.582896101104100062, 10.98181884143350295, 6.513187003933878394 ) ) ;
#1953 = VERTEX_POINT ( 'NONE', #1923 ) ;
#1954 = CARTESIAN_POINT ( 'NONE',  ( -2.381075647040938215, 12.81508865184457413, 8.458160349455015492 ) ) ;
#1955 = CARTESIAN_POINT ( 'NONE',  ( 3.472919384549068234, 11.85438424651090905, 7.996216542056776788 ) ) ;
#1956 = VECTOR ( 'NONE', #1634, 1000.000000000000114 ) ;
#1957 = CARTESIAN_POINT ( 'NONE',  ( 4.594784240890501970, 10.97711589593906645, 6.025002248862955767 ) ) ;
#1958 = CARTESIAN_POINT ( 'NONE',  ( 4.449999999999998401, -2.129508668001012239, 3.625001781060453343 ) ) ;
#1959 = ORIENTED_EDGE ( 'NONE', *, *, #3370, .T. ) ;
#1960 = DIRECTION ( 'NONE',  ( 1.000000000000000000, 0.000000000000000000, -0.000000000000000000 ) ) ;
#1961 = DIRECTION ( 'NONE',  ( -0.000000000000000000, 1.000000000000000000, -0.000000000000000000 ) ) ;
#1962 = EDGE_CURVE ( 'NONE', #330, #1367, #3168, .T. ) ;
#1963 = EDGE_CURVE ( 'NONE', #2277, #2222, #1094, .T. ) ;
#1964 = VECTOR ( 'NONE', #530, 1000.000000000000000 ) ;
#1965 = ORIENTED_EDGE ( 'NONE', *, *, #2194, .F. ) ;
#1966 =( BOUNDED_CURVE ( )  B_SPLINE_CURVE ( 3, ( #2861, #1451, #916, #2323 ),
 .UNSPECIFIED., .F., .F. ) 
 B_SPLINE_CURVE_WITH_KNOTS ( ( 4, 4 ),
 ( 4.205291077332995897, 4.712388980384689674 ),
 .UNSPECIFIED. ) 
 CURVE ( )  GEOMETRIC_REPRESENTATION_ITEM ( )  RATIONAL_B_SPLINE_CURVE ( ( 1.000000000000000000, 0.9786855314319480303, 0.9786855314319480303, 1.000000000000000000 ) ) 
 REPRESENTATION_ITEM ( '' )  );
#1967 = LINE ( 'NONE', #503, #2270 ) ;
#1968 = CARTESIAN_POINT ( 'NONE',  ( 4.686923797598804065, 11.40691283794566857, 4.276202833986297414 ) ) ;
#1969 = CARTESIAN_POINT ( 'NONE',  ( 3.705308846920950749, 11.96269454324725068, 8.394119309588855771 ) ) ;
#1970 = CARTESIAN_POINT ( 'NONE',  ( 4.686647078365012042, 10.94425920744990144, 6.392770782606686630 ) ) ;
#1971 = VERTEX_POINT ( 'NONE', #198 ) ;
#1972 = CARTESIAN_POINT ( 'NONE',  ( -3.246785317256090764, 12.31350859787858631, 8.456039115269144091 ) ) ;
#1973 = CARTESIAN_POINT ( 'NONE',  ( -3.882920883158098135, 11.44715377773484910, 7.643117976506276001 ) ) ;
#1974 = CARTESIAN_POINT ( 'NONE',  ( -4.568946908709246024, 10.98877814740169967, 6.509215585201993726 ) ) ;
#1975 = CARTESIAN_POINT ( 'NONE',  ( 3.326815244311517539, 11.22824465595398991, 7.390001751105120142 ) ) ;
#1976 = ORIENTED_EDGE ( 'NONE', *, *, #327, .F. ) ;
#1977 = LINE ( 'NONE', #61, #3286 ) ;
#1978 = CARTESIAN_POINT ( 'NONE',  ( -4.450000000000001066, 7.689499999999998892, 3.625001781060453343 ) ) ;
#1979 = ORIENTED_EDGE ( 'NONE', *, *, #3001, .T. ) ;
#1980 = AXIS2_PLACEMENT_3D ( 'NONE', #159, #2973, #2698 ) ;
#1981 = CARTESIAN_POINT ( 'NONE',  ( -4.134373179168541412, 10.96499927036632016, 6.025001781060437267 ) ) ;
#1982 = CARTESIAN_POINT ( 'NONE',  ( -2.688027352168994799, 12.56523696965533787, 3.785261361819501680 ) ) ;
#1983 = CARTESIAN_POINT ( 'NONE',  ( 4.299902558495369398, 11.35580122300095418, 7.882907377603982191 ) ) ;
#1984 = CARTESIAN_POINT ( 'NONE',  ( 3.197121422218787146, 11.57477984083457834, 6.392714412218014175 ) ) ;
#1985 = AXIS2_PLACEMENT_3D ( 'NONE', #389, #2916, #3502 ) ;
#1986 = ORIENTED_EDGE ( 'NONE', *, *, #3082, .T. ) ;
#1987 = CARTESIAN_POINT ( 'NONE',  ( -0.3928648146905031058, 13.32594345667545888, 8.466186683752518150 ) ) ;
#1988 = CARTESIAN_POINT ( 'NONE',  ( -4.603377722195771682, 11.26416993936946831, 7.995233700162342139 ) ) ;
#1989 = CARTESIAN_POINT ( 'NONE',  ( -3.001520849522577805, -12.47629147131784322, 6.025001781060440820 ) ) ;
#1990 = VERTEX_POINT ( 'NONE', #254 ) ;
#1991 = CARTESIAN_POINT ( 'NONE',  ( -5.050000000000000711, -3.000418073890168014, 9.225001781060429451 ) ) ;
#1992 = ORIENTED_EDGE ( 'NONE', *, *, #3065, .F. ) ;
#1993 = FACE_OUTER_BOUND ( 'NONE', #2741, .T. ) ;
#1994 = CARTESIAN_POINT ( 'NONE',  ( 3.840397970587171805, 12.02943989156311488, 3.785884735853781713 ) ) ;
#1995 = CARTESIAN_POINT ( 'NONE',  ( 4.592361607105531540, 10.98080925564358346, 6.833452840335321632 ) ) ;
#1996 = CARTESIAN_POINT ( 'NONE',  ( 4.479171653987128465, 11.02140123386436521, 6.392761126212437972 ) ) ;
#1997 = VECTOR ( 'NONE', #343, 1000.000000000000000 ) ;
#1998 = ORIENTED_EDGE ( 'NONE', *, *, #2686, .F. ) ;
#1999 = CARTESIAN_POINT ( 'NONE',  ( 1.250000000000000000, -13.48949999999999960, 6.680466256987264373 ) ) ;
#2000 = CARTESIAN_POINT ( 'NONE',  ( -0.9910977600511242658, 13.25235734963614043, 8.464897221137011485 ) ) ;
#2001 = CARTESIAN_POINT ( 'NONE',  ( -1.408780829235405374, 12.82929451358486439, 7.995847413089191669 ) ) ;
#2002 = EDGE_CURVE ( 'NONE', #2141, #1132, #774, .T. ) ;
#2003 = CARTESIAN_POINT ( 'NONE',  ( -4.570178042379649419, 10.98856931894267142, 6.743188662658460508 ) ) ;
#2004 = CARTESIAN_POINT ( 'NONE',  ( 3.889998638297247346, 10.52134920293995712, 6.750001763331999527 ) ) ;
#2005 = ORIENTED_EDGE ( 'NONE', *, *, #2121, .F. ) ;
#2006 = CARTESIAN_POINT ( 'NONE',  ( 3.892796171570835462, 10.57249820481874814, 6.025001781060451478 ) ) ;
#2007 = CARTESIAN_POINT ( 'NONE',  ( 0.000000000000000000, 7.689500000000000668, 3.625001781060453343 ) ) ;
#2008 = CIRCLE ( 'NONE', #2484, 1.799999999999996048 ) ;
#2009 = EDGE_LOOP ( 'NONE', ( #2166, #1028, #2370 ) ) ;
#2010 = CARTESIAN_POINT ( 'NONE',  ( -2.105535682249372142E-17, -13.48949999999999960, 11.15746644227948714 ) ) ;
#2011 = CARTESIAN_POINT ( 'NONE',  ( -4.602874548956519263, 11.70166715743985542, 3.784906097486941956 ) ) ;
#2012 = SPHERICAL_SURFACE ( 'NONE', #203, 4.450000000000001066 ) ;
#2013 = CARTESIAN_POINT ( 'NONE',  ( -0.8511415222635789757, 12.44002934421925843, 6.392417895316444110 ) ) ;
#2014 = ORIENTED_EDGE ( 'NONE', *, *, #3561, .F. ) ;
#2015 = DIRECTION ( 'NONE',  ( -0.000000000000000000, 0.000000000000000000, 1.000000000000000000 ) ) ;
#2016 = CARTESIAN_POINT ( 'NONE',  ( -1.569824964269608270, 12.60704323420519835, 7.671625028890679765 ) ) ;
#2017 = CARTESIAN_POINT ( 'NONE',  ( 2.335998353849316533, 12.50841043518467544, 7.996202699528708102 ) ) ;
#2018 = AXIS2_PLACEMENT_3D ( 'NONE', #938, #2294, #904 ) ;
#2019 = CARTESIAN_POINT ( 'NONE',  ( -5.649999999999998579, -3.000418073890167570, 9.225001781060429451 ) ) ;
#2020 = ADVANCED_FACE ( 'NONE', ( #1364 ), #2216, .F. ) ;
#2021 = CARTESIAN_POINT ( 'NONE',  ( -4.390001353998808753, 10.52100538476283376, 4.225001781060453432 ) ) ;
#2022 = VERTEX_POINT ( 'NONE', #497 ) ;
#2023 = CARTESIAN_POINT ( 'NONE',  ( -4.449999999999999289, -7.689499999999998892, 6.890001751105001127 ) ) ;
#2024 = CARTESIAN_POINT ( 'NONE',  ( -3.874500980581207177, 9.878276405089835066, 6.890001751105002903 ) ) ;
#2025 = EDGE_CURVE ( 'NONE', #2258, #3066, #1612, .T. ) ;
#2026 = VERTEX_POINT ( 'NONE', #2488 ) ;
#2027 = DIRECTION ( 'NONE',  ( -1.000000000000000000, 0.000000000000000000, -0.000000000000000000 ) ) ;
#2028 = CARTESIAN_POINT ( 'NONE',  ( -3.379646492305705685, 12.22983441403892968, 3.785129076443793039 ) ) ;
#2029 = DIRECTION ( 'NONE',  ( -1.000000000000000000, 0.000000000000000000, 0.000000000000000000 ) ) ;
#2030 = CARTESIAN_POINT ( 'NONE',  ( 2.867905055786303503, 11.77678691658945276, 5.597680892972389799 ) ) ;
#2031 = VECTOR ( 'NONE', #1655, 1000.000000000000000 ) ;
#2032 = AXIS2_PLACEMENT_3D ( 'NONE', #2547, #1168, #1712 ) ;
#2033 = ORIENTED_EDGE ( 'NONE', *, *, #3082, .F. ) ;
#2034 = CARTESIAN_POINT ( 'NONE',  ( 3.889998638297635036, 9.850613276541871244, 5.485472910996533003 ) ) ;
#2035 = CARTESIAN_POINT ( 'NONE',  ( -2.241509304106062750, 11.86364286738413654, 7.390001751104991357 ) ) ;
#2036 = CARTESIAN_POINT ( 'NONE',  ( 1.804345867644539192, 12.37154844483250216, 7.291670613361251441 ) ) ;
#2037 = VECTOR ( 'NONE', #2845, 1000.000000000000000 ) ;
#2038 = CARTESIAN_POINT ( 'NONE',  ( -4.323639954932496643, 11.16558914355221965, 7.375697053293014172 ) ) ;
#2039 = FACE_OUTER_BOUND ( 'NONE', #2839, .T. ) ;
#2040 = EDGE_LOOP ( 'NONE', ( #2615, #517, #1734 ) ) ;
#2041 = CARTESIAN_POINT ( 'NONE',  ( -2.523903667598930589, 12.17822362599858188, 4.797804567265472109 ) ) ;
#2042 = DIRECTION ( 'NONE',  ( -5.977393770971405092E-17, -0.5299192642332022363, -0.8480480961564276221 ) ) ;
#2043 = DIRECTION ( 'NONE',  ( 1.691972959207498077E-16, -1.000000000000000000, -0.000000000000000000 ) ) ;
#2044 = EDGE_CURVE ( 'NONE', #1002, #3217, #966, .T. ) ;
#2045 = EDGE_CURVE ( 'NONE', #2619, #1809, #1941, .T. ) ;
#2046 = VERTEX_POINT ( 'NONE', #3010 ) ;
#2047 = CARTESIAN_POINT ( 'NONE',  ( -4.465346022726362385, 11.02801965121932426, 6.025001781060434602 ) ) ;
#2048 = CARTESIAN_POINT ( 'NONE',  ( -3.631045384503233997, 12.11823195909594908, 3.785082733884934658 ) ) ;
#2049 = CARTESIAN_POINT ( 'NONE',  ( -4.013094007863140078, 11.21440313980044934, 5.596833457889622387 ) ) ;
#2050 = VECTOR ( 'NONE', #1547, 1000.000000000000000 ) ;
#2051 = ORIENTED_EDGE ( 'NONE', *, *, #886, .T. ) ;
#2052 = CARTESIAN_POINT ( 'NONE',  ( -4.449999999999999289, -7.689499999999998892, 10.00000000000000000 ) ) ;
#2053 = CARTESIAN_POINT ( 'NONE',  ( -2.379176079800270571, 12.15091399251946314, 7.390001751104493977 ) ) ;
#2054 = CARTESIAN_POINT ( 'NONE',  ( 3.197035327570993957, 11.69931098092412647, 7.291709347829395504 ) ) ;
#2055 = LINE ( 'NONE', #2923, #183 ) ;
#2056 = CARTESIAN_POINT ( 'NONE',  ( -4.505131598492087441, 11.03670641658771423, 7.090896662938625639 ) ) ;
#2057 = CARTESIAN_POINT ( 'NONE',  ( -5.649999999999997691, -7.689499999999998892, 10.00000000000000000 ) ) ;
#2058 = ORIENTED_EDGE ( 'NONE', *, *, #1238, .F. ) ;
#2059 = CARTESIAN_POINT ( 'NONE',  ( -3.258779997345513824, 11.85497328591210930, 4.797669604503759899 ) ) ;
#2060 = VECTOR ( 'NONE', #137, 1000.000000000000000 ) ;
#2061 = CARTESIAN_POINT ( 'NONE',  ( 3.889998638295988798, 11.24333063858253468, 6.262531476329708191 ) ) ;
#2062 = DIRECTION ( 'NONE',  ( 0.3090169943749538350, -8.434046073459730514E-17, 0.9510565162951514218 ) ) ;
#2063 = ORIENTED_EDGE ( 'NONE', *, *, #2002, .F. ) ;
#2064 = DIRECTION ( 'NONE',  ( 1.000000000000000000, 0.000000000000000000, 0.000000000000000000 ) ) ;
#2065 = CARTESIAN_POINT ( 'NONE',  ( 3.949999999999998845, -7.689499999999998892, 6.890001751105001127 ) ) ;
#2066 = EDGE_CURVE ( 'NONE', #540, #81, #3058, .T. ) ;
#2067 = CARTESIAN_POINT ( 'NONE',  ( -4.520821682541828146, 11.00115785171964689, 5.596741916091013458 ) ) ;
#2068 = EDGE_CURVE ( 'NONE', #1421, #1081, #1887, .T. ) ;
#2069 = ORIENTED_EDGE ( 'NONE', *, *, #3351, .F. ) ;
#2070 = CARTESIAN_POINT ( 'NONE',  ( -3.532763477756663661, -13.32351120075463058, 6.025001781060452366 ) ) ;
#2071 = CARTESIAN_POINT ( 'NONE',  ( -1.438913558304566243, 12.17611638192878232, 7.390001751104994021 ) ) ;
#2072 = ADVANCED_FACE ( 'NONE', ( #2144 ), #1595, .T. ) ;
#2073 = CARTESIAN_POINT ( 'NONE',  ( -1.671019902774361743, 12.34270974790465658, 7.112048963441725213 ) ) ;
#2074 = FACE_OUTER_BOUND ( 'NONE', #1292, .T. ) ;
#2075 = AXIS2_PLACEMENT_3D ( 'NONE', #2021, #561, #3438 ) ;
#2076 = ORIENTED_EDGE ( 'NONE', *, *, #491, .F. ) ;
#2077 = AXIS2_PLACEMENT_3D ( 'NONE', #1209, #2015, #2571 ) ;
#2078 = DIRECTION ( 'NONE',  ( 1.000000000000000000, 0.000000000000000000, 0.000000000000000000 ) ) ;
#2079 = FACE_OUTER_BOUND ( 'NONE', #278, .T. ) ;
#2080 = VECTOR ( 'NONE', #1735, 1000.000000000000000 ) ;
#2081 = ORIENTED_EDGE ( 'NONE', *, *, #2772, .T. ) ;
#2082 = CARTESIAN_POINT ( 'NONE',  ( -2.097325977372564321, 12.35547515678542929, 4.797881155182240676 ) ) ;
#2083 = DIRECTION ( 'NONE',  ( -0.7071067811865475727, 0.000000000000000000, 0.7071067811865475727 ) ) ;
#2084 = FACE_OUTER_BOUND ( 'NONE', #769, .T. ) ;
#2085 = AXIS2_PLACEMENT_3D ( 'NONE', #681, #1241, #3246 ) ;
#2086 = VERTEX_POINT ( 'NONE', #513 ) ;
#2087 = CARTESIAN_POINT ( 'NONE',  ( 5.650000000000001243, -7.689499999999998892, 10.00000000000000000 ) ) ;
#2088 = CARTESIAN_POINT ( 'NONE',  ( -3.890001178303870155, 10.52221121693197325, 6.750001763331999527 ) ) ;
#2089 = CARTESIAN_POINT ( 'NONE',  ( -2.097436509704071916, 12.11917868752735394, 5.597195771393863595 ) ) ;
#2090 = ORIENTED_EDGE ( 'NONE', *, *, #3266, .F. ) ;
#2091 = CARTESIAN_POINT ( 'NONE',  ( -4.593504004275446029, 10.97921441966151512, 6.308840687081197274 ) ) ;
#2092 = DIRECTION ( 'NONE',  ( 0.6427876096865388078, 0.000000000000000000, 0.7660444431189784575 ) ) ;
#2093 = CARTESIAN_POINT ( 'NONE',  ( 4.162268932149299161, 11.30773211312139637, 7.643974165077292326 ) ) ;
#2094 = CYLINDRICAL_SURFACE ( 'NONE', #1889, 0.5000001465409334989 ) ;
#2095 = EDGE_CURVE ( 'NONE', #2437, #618, #756, .T. ) ;
#2096 = CARTESIAN_POINT ( 'NONE',  ( -3.774455123551800018, 10.67796742988754488, 7.128277184929913801 ) ) ;
#2097 = DIRECTION ( 'NONE',  ( 0.000000000000000000, 0.000000000000000000, 1.000000000000000000 ) ) ;
#2098 = CIRCLE ( 'NONE', #1443, 5.650000000000000355 ) ;
#2099 = VERTEX_POINT ( 'NONE', #2433 ) ;
#2100 = CARTESIAN_POINT ( 'NONE',  ( 2.995578852301205686, 11.97750157215313394, 4.798374215219807226 ) ) ;
#2101 = CARTESIAN_POINT ( 'NONE',  ( 0.000000000000000000, 7.689499999999998003, 10.00000000000000000 ) ) ;
#2102 = CARTESIAN_POINT ( 'NONE',  ( -1.412538234306535448E-15, 7.689499999999998892, 10.00000000000000000 ) ) ;
#2103 = CIRCLE ( 'NONE', #350, 1.050000000000000488 ) ;
#2104 = LINE ( 'NONE', #2696, #142 ) ;
#2105 = EDGE_LOOP ( 'NONE', ( #3177, #3461, #2860, #2933 ) ) ;
#2106 = CARTESIAN_POINT ( 'NONE',  ( 4.560398833364056159, 10.99578062097243425, 6.893858088379698934 ) ) ;
#2107 = PLANE ( 'NONE',  #277 ) ;
#2108 = CARTESIAN_POINT ( 'NONE',  ( -2.688294257954227717, 11.86256705134047529, 5.597087813796445488 ) ) ;
#2109 = ORIENTED_EDGE ( 'NONE', *, *, #50, .F. ) ;
#2110 = AXIS2_PLACEMENT_3D ( 'NONE', #1253, #2672, #2339 ) ;
#2111 = CARTESIAN_POINT ( 'NONE',  ( -4.593601280833937039, 10.97872034589083334, 6.025002543065368421 ) ) ;
#2112 = CARTESIAN_POINT ( 'NONE',  ( -2.105535682249372142E-17, -13.48949999999999960, 11.15746644227948714 ) ) ;
#2113 = CARTESIAN_POINT ( 'NONE',  ( 3.656430409462121389, 11.56800960570006964, 7.643962818388640557 ) ) ;
#2114 = LINE ( 'NONE', #1510, #2050 ) ;
#2115 = ORIENTED_EDGE ( 'NONE', *, *, #549, .F. ) ;
#2116 = CARTESIAN_POINT ( 'NONE',  ( -1.670632605199203535, 12.85727112560128838, 4.030587289489352187 ) ) ;
#2117 = VECTOR ( 'NONE', #2707, 1000.000000000000000 ) ;
#2118 = CARTESIAN_POINT ( 'NONE',  ( -3.865311817135062888, 10.55642114059027215, 6.931887097197899195 ) ) ;
#2119 = CARTESIAN_POINT ( 'NONE',  ( -4.603397280320721485, 11.45075264864549780, 8.341242551368639013 ) ) ;
#2120 = ADVANCED_FACE ( 'NONE', ( #237 ), #2471, .F. ) ;
#2121 = EDGE_CURVE ( 'NONE', #22, #330, #1078, .T. ) ;
#2122 = VERTEX_POINT ( 'NONE', #2556 ) ;
#2123 = CARTESIAN_POINT ( 'NONE',  ( -3.631117256079553712, 11.93171653406806598, 4.275381908781985985 ) ) ;
#2124 = CARTESIAN_POINT ( 'NONE',  ( 3.889998638305403489, 11.24141140348414325, 6.132143104551649238 ) ) ;
#2125 = DIRECTION ( 'NONE',  ( 1.000000000000000000, 0.000000000000000000, 0.000000000000000000 ) ) ;
#2126 = DIRECTION ( 'NONE',  ( 1.000000000000000000, 0.000000000000000000, 0.000000000000000000 ) ) ;
#2127 = ORIENTED_EDGE ( 'NONE', *, *, #3533, .T. ) ;
#2128 = CARTESIAN_POINT ( 'NONE',  ( 4.567893674106338509, 10.98856899661455877, 6.742319274600710344 ) ) ;
#2129 = DIRECTION ( 'NONE',  ( 0.000000000000000000, 0.000000000000000000, 1.000000000000000000 ) ) ;
#2130 = CARTESIAN_POINT ( 'NONE',  ( 4.479258035577192487, 11.01586752180524087, 5.597728557904340541 ) ) ;
#2131 = ORIENTED_EDGE ( 'NONE', *, *, #3437, .F. ) ;
#2132 = CARTESIAN_POINT ( 'NONE',  ( 1.351827002467245771E-15, -7.689499999999998892, 8.225001781060452544 ) ) ;
#2133 = CARTESIAN_POINT ( 'NONE',  ( -2.999707019375779105, 11.45071668364627016, 7.390001751104999350 ) ) ;
#2134 = CARTESIAN_POINT ( 'NONE',  ( -0.8511831568500846101, 12.48388545149421169, 6.812504490503796362 ) ) ;
#2135 = CARTESIAN_POINT ( 'NONE',  ( 0.03377189186398689424, -15.73949999999999960, 8.225001781060452544 ) ) ;
#2136 = VECTOR ( 'NONE', #735, 1000.000000000000000 ) ;
#2137 = CARTESIAN_POINT ( 'NONE',  ( -4.685198024905004033, 11.66167926919888842, 3.784890340586459345 ) ) ;
#2138 = CARTESIAN_POINT ( 'NONE',  ( 2.177734057685873470, 12.90300455211016839, 8.459178444398508745 ) ) ;
#2139 = CARTESIAN_POINT ( 'NONE',  ( 0.001447751024418174239, 13.12754032199790721, 8.169040669358054174 ) ) ;
#2140 = AXIS2_PLACEMENT_3D ( 'NONE', #2847, #333, #1435 ) ;
#2141 = VERTEX_POINT ( 'NONE', #1125 ) ;
#2142 = ADVANCED_FACE ( 'NONE', ( #908 ), #2871, .T. ) ;
#2143 = CARTESIAN_POINT ( 'NONE',  ( 3.890865273968998839, 11.24782327929100312, 6.754127382209431651 ) ) ;
#2144 = FACE_OUTER_BOUND ( 'NONE', #249, .T. ) ;
#2145 = AXIS2_PLACEMENT_3D ( 'NONE', #2966, #2097, #113 ) ;
#2146 = DIRECTION ( 'NONE',  ( -1.000000000000000000, 0.000000000000000000, 0.000000000000000000 ) ) ;
#2147 = ORIENTED_EDGE ( 'NONE', *, *, #2068, .T. ) ;
#2148 = EDGE_CURVE ( 'NONE', #1233, #1562, #1162, .T. ) ;
#2149 = DIRECTION ( 'NONE',  ( 2.255963945609997107E-16, -1.000000000000000000, -0.000000000000000000 ) ) ;
#2150 = CARTESIAN_POINT ( 'NONE',  ( 3.840433799212348731, 12.12160312271644536, 3.540734963511287692 ) ) ;
#2151 = CARTESIAN_POINT ( 'NONE',  ( -1.670824662331256372, 12.33586852868508998, 5.320184425379548721 ) ) ;
#2152 = ORIENTED_EDGE ( 'NONE', *, *, #1265, .F. ) ;
#2153 = LINE ( 'NONE', #3274, #3568 ) ;
#2154 = CARTESIAN_POINT ( 'NONE',  ( 1.963764713904039061, 11.98770984339855872, 7.390001751105000238 ) ) ;
#2155 = CARTESIAN_POINT ( 'NONE',  ( 0.7008743941459295579, 12.59328594542827062, 7.112350657530589260 ) ) ;
#2156 = ORIENTED_EDGE ( 'NONE', *, *, #1636, .F. ) ;
#2157 = CARTESIAN_POINT ( 'NONE',  ( 3.197405743498863639, 12.11507499996187320, 4.276159579810295597 ) ) ;
#2158 = CARTESIAN_POINT ( 'NONE',  ( 1.825638619037402544, 13.03654109289632679, 8.461004478695805631 ) ) ;
#2159 = CARTESIAN_POINT ( 'NONE',  ( 2.335991009005191632, 12.62656304776211513, 8.169211325017556646 ) ) ;
#2160 = CIRCLE ( 'NONE', #3040, 2.500000000000000000 ) ;
#2161 = ORIENTED_EDGE ( 'NONE', *, *, #3628, .F. ) ;
#2162 = CARTESIAN_POINT ( 'NONE',  ( 3.865032133991307628, 10.55616193514503465, 6.932778443123133627 ) ) ;
#2163 = CARTESIAN_POINT ( 'NONE',  ( -4.305407760983367638, 7.689499999999987345, 7.241690993807688770 ) ) ;
#2164 = DIRECTION ( 'NONE',  ( -0.000000000000000000, -0.5299192642332032355, 0.8480480961564270670 ) ) ;
#2165 = AXIS2_PLACEMENT_3D ( 'NONE', #2479, #206, #1895 ) ;
#2166 = ORIENTED_EDGE ( 'NONE', *, *, #3330, .F. ) ;
#2167 = VECTOR ( 'NONE', #1891, 1000.000000000000000 ) ;
#2168 = CARTESIAN_POINT ( 'NONE',  ( 2.602085213965210642E-15, -7.689499999999998892, 10.00000000000000000 ) ) ;
#2169 = DIRECTION ( 'NONE',  ( -0.000000000000000000, -0.000000000000000000, 1.000000000000000000 ) ) ;
#2170 = ADVANCED_FACE ( 'NONE', ( #8 ), #2245, .F. ) ;
#2171 = EDGE_CURVE ( 'NONE', #2929, #63, #2374, .T. ) ;
#2172 = ORIENTED_EDGE ( 'NONE', *, *, #52, .T. ) ;
#2173 = DIRECTION ( 'NONE',  ( 1.000000000000000000, 6.938893903907228378E-16, 0.000000000000000000 ) ) ;
#2174 = LINE ( 'NONE', #1644, #578 ) ;
#2175 = CARTESIAN_POINT ( 'NONE',  ( 5.650000000000001243, -7.689499999999998892, 10.00000000000000000 ) ) ;
#2176 = CARTESIAN_POINT ( 'NONE',  ( 2.336053884554265991, 12.08879182410320219, 7.112444243820059242 ) ) ;
#2177 = VERTEX_POINT ( 'NONE', #3074 ) ;
#2178 = CARTESIAN_POINT ( 'NONE',  ( -3.250001190530056761, 11.30755762432405831, 7.390001751105423011 ) ) ;
#2179 = CARTESIAN_POINT ( 'NONE',  ( -1.671083982864936424, 12.86817869926708902, 8.168813966380039204 ) ) ;
#2180 = CARTESIAN_POINT ( 'NONE',  ( -1.250000000000000000, -13.48949999999999960, 11.15746644227948714 ) ) ;
#2181 = CARTESIAN_POINT ( 'NONE',  ( -4.450000000000000178, 0.7616276423128574002, -1.307535167130179810 ) ) ;
#2182 = DIRECTION ( 'NONE',  ( 1.000000000000000000, 2.255963945609997600E-16, -0.000000000000000000 ) ) ;
#2183 = CARTESIAN_POINT ( 'NONE',  ( -4.305407760983367638, 7.689499999999987345, 7.241690993807688770 ) ) ;
#2184 = VERTEX_POINT ( 'NONE', #1704 ) ;
#2185 = CARTESIAN_POINT ( 'NONE',  ( -4.570598584815863674, 10.98725066497237712, 6.025001781060435491 ) ) ;
#2186 = DIRECTION ( 'NONE',  ( 1.000000000000000000, 0.000000000000000000, 0.000000000000000000 ) ) ;
#2187 = ORIENTED_EDGE ( 'NONE', *, *, #11, .T. ) ;
#2188 = CARTESIAN_POINT ( 'NONE',  ( 3.825924427344954193, 8.671743491322370545, 7.390001751105001127 ) ) ;
#2189 = EDGE_CURVE ( 'NONE', #2599, #2227, #3108, .T. ) ;
#2190 = EDGE_CURVE ( 'NONE', #636, #1953, #2361, .T. ) ;
#2191 = FACE_OUTER_BOUND ( 'NONE', #290, .T. ) ;
#2192 = CARTESIAN_POINT ( 'NONE',  ( 4.162313594517667248, 11.17042401145344144, 7.112488812222156120 ) ) ;
#2193 = ORIENTED_EDGE ( 'NONE', *, *, #2148, .F. ) ;
#2194 = EDGE_CURVE ( 'NONE', #1421, #2376, #2833, .T. ) ;
#2195 = CARTESIAN_POINT ( 'NONE',  ( 2.824580052560623500, 12.58330641633985714, 8.456648179356825779 ) ) ;
#2196 = CARTESIAN_POINT ( 'NONE',  ( -2.097659002472481049, 12.71820284135811896, 8.168741986223219342 ) ) ;
#2197 = CARTESIAN_POINT ( 'NONE',  ( -4.160535728745986539, 11.51317530752781515, 8.062511494883763064 ) ) ;
#2198 = CARTESIAN_POINT ( 'NONE',  ( -0.3114366731227458662, 12.83543368132081675, 7.670897719996670361 ) ) ;
#2199 = AXIS2_PLACEMENT_3D ( 'NONE', #630, #1736, #2330 ) ;
#2200 = CARTESIAN_POINT ( 'NONE',  ( 5.649999999999999467, 1.470491331998988960, 5.715302991864937177 ) ) ;
#2201 = CYLINDRICAL_SURFACE ( 'NONE', #1845, 2.500000000000000000 ) ;
#2202 = AXIS2_PLACEMENT_3D ( 'NONE', #156, #49, #1846 ) ;
#2203 = VERTEX_POINT ( 'NONE', #2299 ) ;
#2204 = DIRECTION ( 'NONE',  ( -0.000000000000000000, -0.000000000000000000, 1.000000000000000000 ) ) ;
#2205 = CARTESIAN_POINT ( 'NONE',  ( 5.049999999999998046, 1.470491331998988294, 7.796037656365395030 ) ) ;
#2206 = VECTOR ( 'NONE', #376, 1000.000000000000000 ) ;
#2207 = ORIENTED_EDGE ( 'NONE', *, *, #1725, .T. ) ;
#2208 =( LENGTH_UNIT ( ) NAMED_UNIT ( * ) SI_UNIT ( .MILLI., .METRE. ) );
#2209 = DIRECTION ( 'NONE',  ( 4.511927891219994214E-16, -1.000000000000000000, 0.000000000000000000 ) ) ;
#2210 = CARTESIAN_POINT ( 'NONE',  ( 4.075211435678716576, 11.60461880961641157, 8.149434860420173621 ) ) ;
#2211 = CARTESIAN_POINT ( 'NONE',  ( -0.2936752541803234196, 12.54301591071150845, 6.812575442337962528 ) ) ;
#2212 = VERTEX_POINT ( 'NONE', #3138 ) ;
#2213 = CARTESIAN_POINT ( 'NONE',  ( 0.4944824264499353417, 13.31786426486255159, 8.465522929351978476 ) ) ;
#2214 = CARTESIAN_POINT ( 'NONE',  ( -3.259132110564128659, 12.21591669311992590, 8.341518799740670786 ) ) ;
#2215 = EDGE_CURVE ( 'NONE', #2222, #2924, #1740, .T. ) ;
#2216 = PLANE ( 'NONE',  #3062 ) ;
#2217 = CARTESIAN_POINT ( 'NONE',  ( -1.250000000000000000, -13.48949999999999960, 7.569537305133641425 ) ) ;
#2218 = AXIS2_PLACEMENT_3D ( 'NONE', #3304, #3064, #260 ) ;
#2219 = ORIENTED_EDGE ( 'NONE', *, *, #223, .F. ) ;
#2220 = DIRECTION ( 'NONE',  ( 1.000000000000000000, 2.302730277845319126E-16, -3.684368444552510601E-15 ) ) ;
#2221 = PLANE ( 'NONE',  #2678 ) ;
#2222 = VERTEX_POINT ( 'NONE', #3383 ) ;
#2223 = DIRECTION ( 'NONE',  ( 1.000000000000000000, 2.255963945609997600E-16, -0.000000000000000000 ) ) ;
#2224 = CARTESIAN_POINT ( 'NONE',  ( -0.8508234898710472782, 13.05086106733990547, 4.030709637109497478 ) ) ;
#2225 = CARTESIAN_POINT ( 'NONE',  ( 4.594487863437801245, 10.97784020101922309, 6.411600456544765514 ) ) ;
#2226 = CARTESIAN_POINT ( 'NONE',  ( 4.162376899042986800, 11.14774403204789976, 6.513169048694131824 ) ) ;
#2227 = VERTEX_POINT ( 'NONE', #876 ) ;
#2228 = CARTESIAN_POINT ( 'NONE',  ( -2.247019023542554006, 12.87568178694626120, 8.458718773029012539 ) ) ;
#2229 = CARTESIAN_POINT ( 'NONE',  ( -0.8512472681495506510, 12.75716910557315309, 7.643670780176534230 ) ) ;
#2230 = DIRECTION ( 'NONE',  ( -1.000000000000000000, 0.000000000000000000, 0.000000000000000000 ) ) ;
#2231 = EDGE_CURVE ( 'NONE', #235, #2670, #1934, .T. ) ;
#2232 = CARTESIAN_POINT ( 'NONE',  ( 2.602085213965210642E-15, -7.689499999999998892, 10.00000000000000000 ) ) ;
#2233 = EDGE_CURVE ( 'NONE', #2667, #1370, #2008, .T. ) ;
#2234 = ORIENTED_EDGE ( 'NONE', *, *, #285, .F. ) ;
#2235 = DIRECTION ( 'NONE',  ( -0.7071067811865474617, -1.634795100225429679E-17, -0.7071067811865474617 ) ) ;
#2236 = CARTESIAN_POINT ( 'NONE',  ( 4.566684235415317872, 10.98706370590260128, 6.622767552858529250 ) ) ;
#2237 = ORIENTED_EDGE ( 'NONE', *, *, #1804, .T. ) ;
#2238 = CARTESIAN_POINT ( 'NONE',  ( 4.187052901013695205, 8.032252391626101939, 7.329124018494723281 ) ) ;
#2239 = CARTESIAN_POINT ( 'NONE',  ( -0.2933163911056397288, 13.10178105788742009, 4.030779201924950428 ) ) ;
#2240 = DIRECTION ( 'NONE',  ( 0.000000000000000000, 1.000000000000000000, 0.000000000000000000 ) ) ;
#2241 = CARTESIAN_POINT ( 'NONE',  ( 3.398855817978172489, 11.48532307720847889, 6.513142582418096183 ) ) ;
#2242 = ORIENTED_EDGE ( 'NONE', *, *, #94, .F. ) ;
#2243 = CARTESIAN_POINT ( 'NONE',  ( -1.263610297546158057, 13.19638778365215970, 8.463765283696854880 ) ) ;
#2244 = CARTESIAN_POINT ( 'NONE',  ( 3.197009478066805688, 11.82861521945693184, 7.643956602881823770 ) ) ;
#2245 = CYLINDRICAL_SURFACE ( 'NONE', #2539, 0.6399999877731250564 ) ;
#2246 = CARTESIAN_POINT ( 'NONE',  ( 3.998906304813485413, 10.86624747809973535, 6.025001781060468353 ) ) ;
#2247 = EDGE_CURVE ( 'NONE', #1729, #1446, #3418, .T. ) ;
#2248 = VERTEX_POINT ( 'NONE', #2313 ) ;
#2249 = CARTESIAN_POINT ( 'NONE',  ( -3.890888157697732108, 10.55538728219173095, 6.012213265344046320 ) ) ;
#2250 = DIRECTION ( 'NONE',  ( 0.000000000000000000, 0.000000000000000000, 1.000000000000000000 ) ) ;
#2251 = AXIS2_PLACEMENT_3D ( 'NONE', #1365, #2489, #3011 ) ;
#2252 = ORIENTED_EDGE ( 'NONE', *, *, #1149, .F. ) ;
#2253 = CARTESIAN_POINT ( 'NONE',  ( 1.217599097579201484, -13.20674137931034409, 11.15746644227948714 ) ) ;
#2254 = VECTOR ( 'NONE', #511, 1000.000000000000000 ) ;
#2255 = CARTESIAN_POINT ( 'NONE',  ( 0.7013394227892953969, 13.35420714924705976, 3.540599918372529409 ) ) ;
#2256 = CARTESIAN_POINT ( 'NONE',  ( 4.594432059630084275, 10.97791816849432855, 6.442923529539950955 ) ) ;
#2257 = CARTESIAN_POINT ( 'NONE',  ( 3.656534475274257900, 11.36817883971183818, 6.513150971263082845 ) ) ;
#2258 = VERTEX_POINT ( 'NONE', #3510 ) ;
#2259 = LINE ( 'NONE', #1756, #747 ) ;
#2260 = AXIS2_PLACEMENT_3D ( 'NONE', #2070, #127, #411 ) ;
#2261 = CARTESIAN_POINT ( 'NONE',  ( -1.334244533138079447, 13.17995409733034329, 8.463436703476443057 ) ) ;
#2262 = CARTESIAN_POINT ( 'NONE',  ( -3.631519765526892929, 11.58148512251581508, 7.643168158723599781 ) ) ;
#2263 = DIRECTION ( 'NONE',  ( 0.000000000000000000, 0.000000000000000000, -1.000000000000000000 ) ) ;
#2264 = CARTESIAN_POINT ( 'NONE',  ( 3.889998638297309963, 10.52058233015384481, 6.508335352993293910 ) ) ;
#2265 = MECHANICAL_DESIGN_GEOMETRIC_PRESENTATION_REPRESENTATION (  '', ( #2675 ), #459 ) ;
#2266 = ORIENTED_EDGE ( 'NONE', *, *, #886, .F. ) ;
#2267 = PLANE ( 'NONE',  #475 ) ;
#2268 = DIRECTION ( 'NONE',  ( -0.000000000000000000, -0.000000000000000000, 1.000000000000000000 ) ) ;
#2269 = VERTEX_POINT ( 'NONE', #651 ) ;
#2270 = VECTOR ( 'NONE', #2462, 1000.000000000000114 ) ;
#2271 = CARTESIAN_POINT ( 'NONE',  ( 4.482032494075088636, 10.10852073939899931, 26.77290423217469595 ) ) ;
#2272 = CARTESIAN_POINT ( 'NONE',  ( -3.258626887095191105, 12.28801885313675335, 3.785152138560962776 ) ) ;
#2273 = CARTESIAN_POINT ( 'NONE',  ( 4.593975153956090018, 10.97855644293832889, 6.681702794687407909 ) ) ;
#2274 = ADVANCED_FACE ( 'NONE', ( #150 ), #3218, .F. ) ;
#2275 = CARTESIAN_POINT ( 'NONE',  ( 1.804426661823708367, 12.19288234281228611, 6.392666532570919991 ) ) ;
#2276 = EDGE_CURVE ( 'NONE', #1172, #2122, #3493, .T. ) ;
#2277 = VERTEX_POINT ( 'NONE', #942 ) ;
#2278 = DIRECTION ( 'NONE',  ( 1.000000000000000000, 4.163336342344337027E-15, 0.000000000000000000 ) ) ;
#2279 = DIRECTION ( 'NONE',  ( 4.142671149973825313E-15, 0.000000000000000000, -1.000000000000000000 ) ) ;
#2280 = CARTESIAN_POINT ( 'NONE',  ( -4.438707933562866970, 11.18407135000098407, 7.643012760822426088 ) ) ;
#2281 = CARTESIAN_POINT ( 'NONE',  ( 3.890932020540935010, 10.55494990064145355, 6.011886371175231503 ) ) ;
#2282 = CARTESIAN_POINT ( 'NONE',  ( 3.889998638297247346, 9.850613276541871244, 6.750001763331999527 ) ) ;
#2283 = ORIENTED_EDGE ( 'NONE', *, *, #2455, .T. ) ;
#2284 = DIRECTION ( 'NONE',  ( -1.127981972804998554E-16, 1.000000000000000000, 0.000000000000000000 ) ) ;
#2285 = FACE_OUTER_BOUND ( 'NONE', #1106, .T. ) ;
#2286 = ORIENTED_EDGE ( 'NONE', *, *, #2519, .T. ) ;
#2287 = DIRECTION ( 'NONE',  ( 0.000000000000000000, 1.000000000000000000, -0.000000000000000000 ) ) ;
#2288 = CARTESIAN_POINT ( 'NONE',  ( -3.882406889709308917, 12.11470870522397547, 3.539889307715369693 ) ) ;
#2289 = DIRECTION ( 'NONE',  ( 1.000000000000000000, 0.000000000000000000, 0.000000000000000000 ) ) ;
#2290 = CARTESIAN_POINT ( 'NONE',  ( -0.8511538724667980782, 12.44836173977113170, 6.512840523312221741 ) ) ;
#2291 = VECTOR ( 'NONE', #3093, 1000.000000000000000 ) ;
#2292 = VERTEX_POINT ( 'NONE', #1512 ) ;
#2293 = EDGE_CURVE ( 'NONE', #1948, #204, #2854, .T. ) ;
#2294 = DIRECTION ( 'NONE',  ( 0.000000000000000000, 0.000000000000000000, 1.000000000000000000 ) ) ;
#2295 = VECTOR ( 'NONE', #1484, 1000.000000000000000 ) ;
#2296 = CARTESIAN_POINT ( 'NONE',  ( -1.787792296200529041, 13.04931313447299246, 8.461067230596990285 ) ) ;
#2297 = CARTESIAN_POINT ( 'NONE',  ( -3.259097068223038907, 11.79416656345753545, 7.643244809702078868 ) ) ;
#2298 = ADVANCED_FACE ( 'NONE', ( #2943 ), #1869, .T. ) ;
#2299 = CARTESIAN_POINT ( 'NONE',  ( 5.650000000000001243, -7.689499999999998892, 10.00000000000000000 ) ) ;
#2300 = CARTESIAN_POINT ( 'NONE',  ( 3.837973542340604283, 10.59237953044048197, 7.006977475567787828 ) ) ;
#2301 = ORIENTED_EDGE ( 'NONE', *, *, #3102, .T. ) ;
#2302 = FACE_OUTER_BOUND ( 'NONE', #2317, .T. ) ;
#2303 = ORIENTED_EDGE ( 'NONE', *, *, #2681, .T. ) ;
#2304 = CARTESIAN_POINT ( 'NONE',  ( -2.380779829634509734E-15, 6.708520739398998955, 10.00000000000000000 ) ) ;
#2305 = CARTESIAN_POINT ( 'NONE',  ( 4.687001352263863829, 11.65147101621985470, 3.785913464422919095 ) ) ;
#2306 = CARTESIAN_POINT ( 'NONE',  ( -2.105535682249372142E-17, -13.48949999999999960, 11.15746644227948714 ) ) ;
#2307 = CARTESIAN_POINT ( 'NONE',  ( 3.656590614934770667, 11.36319386990694369, 5.995213092016931533 ) ) ;
#2308 = ORIENTED_EDGE ( 'NONE', *, *, #2836, .F. ) ;
#2309 = DIRECTION ( 'NONE',  ( 1.000000000000000000, 2.255963945609997107E-16, 0.000000000000000000 ) ) ;
#2310 = AXIS2_PLACEMENT_3D ( 'NONE', #349, #1006, #1470 ) ;
#2311 = CARTESIAN_POINT ( 'NONE',  ( 0.2956973114622331034, 12.69972362369535190, 7.390001751102989402 ) ) ;
#2312 = CARTESIAN_POINT ( 'NONE',  ( -4.521001518887031168, 11.05605215586261281, 7.290756721227880099 ) ) ;
#2313 = CARTESIAN_POINT ( 'NONE',  ( -2.533051596073040646, -13.29950800053902249, 8.225001781060452544 ) ) ;
#2314 = CARTESIAN_POINT ( 'NONE',  ( 3.773183725479250850, 10.67879126834474057, 7.130108833298351989 ) ) ;
#2315 = EDGE_CURVE ( 'NONE', #2551, #3170, #1437, .T. ) ;
#2316 = EDGE_CURVE ( 'NONE', #1971, #2774, #610, .T. ) ;
#2317 = EDGE_LOOP ( 'NONE', ( #736, #164, #3551, #294, #2081 ) ) ;
#2318 = CARTESIAN_POINT ( 'NONE',  ( 4.479294439722481869, 11.07825497220881772, 5.320644500839238233 ) ) ;
#2319 = AXIS2_PLACEMENT_3D ( 'NONE', #2662, #1507, #2644 ) ;
#2320 = CYLINDRICAL_SURFACE ( 'NONE', #2885, 0.6399999877734346976 ) ;
#2321 = VECTOR ( 'NONE', #2775, 1000.000000000000000 ) ;
#2322 = ORIENTED_EDGE ( 'NONE', *, *, #1285, .F. ) ;
#2323 = CARTESIAN_POINT ( 'NONE',  ( -4.450000000000001066, 7.689499999999997115, 3.870280574240120064 ) ) ;
#2324 = CARTESIAN_POINT ( 'NONE',  ( 1.400688764894934213, 13.21039323155229539, 3.540652098721474239 ) ) ;
#2325 = DIRECTION ( 'NONE',  ( -1.000000000000000000, 0.000000000000000000, 0.000000000000000000 ) ) ;
#2326 = CARTESIAN_POINT ( 'NONE',  ( 3.840083311815725153, 11.28294207255838444, 5.995219600594954734 ) ) ;
#2327 = B_SPLINE_CURVE_WITH_KNOTS ( 'NONE', 3,
 ( #2577, #1147, #3367, #2821 ),
 .UNSPECIFIED., .F., .F.,
 ( 4, 4 ),
 ( 5.923804008415165987E-05, 8.376400064094631395E-05 ),
 .UNSPECIFIED. ) ;
#2328 = ORIENTED_EDGE ( 'NONE', *, *, #3102, .F. ) ;
#2329 = CARTESIAN_POINT ( 'NONE',  ( 4.449999999999997513, 7.689500000000000668, 6.890001751105001127 ) ) ;
#2330 = DIRECTION ( 'NONE',  ( 1.127981972804998307E-16, 1.000000000000000000, 0.000000000000000000 ) ) ;
#2331 = CARTESIAN_POINT ( 'NONE',  ( -3.631477003807996873, 11.42476523030803826, 7.111679526577376897 ) ) ;
#2332 = VECTOR ( 'NONE', #347, 1000.000000000000000 ) ;
#2333 = CARTESIAN_POINT ( 'NONE',  ( -3.890001178303438056, 10.52508500138112169, 6.860436075146725265 ) ) ;
#2334 = CARTESIAN_POINT ( 'NONE',  ( 0.001435563768600276900, 13.38940349194379031, 8.515062237914838406 ) ) ;
#2335 = ORIENTED_EDGE ( 'NONE', *, *, #327, .T. ) ;
#2336 = CARTESIAN_POINT ( 'NONE',  ( 4.686840567190437845, 11.14004063327685223, 4.798417688587373497 ) ) ;
#2337 = EDGE_CURVE ( 'NONE', #2376, #3444, #2553, .T. ) ;
#2338 = EDGE_CURVE ( 'NONE', #3066, #3315, #2584, .T. ) ;
#2339 = DIRECTION ( 'NONE',  ( -1.000000000000000000, -1.949127501097535707E-16, 0.000000000000000000 ) ) ;
#2340 = LINE ( 'NONE', #1294, #2060 ) ;
#2341 = EDGE_LOOP ( 'NONE', ( #2237, #1657, #312, #325, #1251 ) ) ;
#2342 = EDGE_CURVE ( 'NONE', #1990, #2718, #1311, .T. ) ;
#2343 = CARTESIAN_POINT ( 'NONE',  ( -5.049999999999998934, 7.689500000000001556, 6.025001781060452366 ) ) ;
#2344 = DIRECTION ( 'NONE',  ( 0.000000000000000000, -0.5986606634983880904, 0.8010027527915679624 ) ) ;
#2345 = CARTESIAN_POINT ( 'NONE',  ( -4.438541948586172126, 11.03828308026007043, 5.994273006134832826 ) ) ;
#2346 = ORIENTED_EDGE ( 'NONE', *, *, #709, .F. ) ;
#2347 = CARTESIAN_POINT ( 'NONE',  ( 0.6242406947824967745, 12.80784262759874004, 7.670923181854675477 ) ) ;
#2348 = CARTESIAN_POINT ( 'NONE',  ( 4.162297490475734385, 11.20609372825214223, 7.291731583699204933 ) ) ;
#2349 = CARTESIAN_POINT ( 'NONE',  ( -0.03377189186398385501, -15.73949999999999960, 6.025001781060452366 ) ) ;
#2350 = ORIENTED_EDGE ( 'NONE', *, *, #240, .T. ) ;
#2351 = CARTESIAN_POINT ( 'NONE',  ( -3.795673597179949788, 10.64970432298308722, 7.095883447209784478 ) ) ;
#2352 = CARTESIAN_POINT ( 'NONE',  ( -2.380779829634509734E-15, 10.10852073939899931, 10.00000000000000000 ) ) ;
#2353 = VERTEX_POINT ( 'NONE', #2852 ) ;
#2354 = CARTESIAN_POINT ( 'NONE',  ( 2.336324661997538410, 12.27024817977707016, 4.798351577312617522 ) ) ;
#2355 = CARTESIAN_POINT ( 'NONE',  ( -4.450000000000000178, 4.002243707384996796, 3.625001781060451567 ) ) ;
#2356 = CARTESIAN_POINT ( 'NONE',  ( 1.250000000000000000, -13.48949999999999960, 11.15746644227948714 ) ) ;
#2357 = ORIENTED_EDGE ( 'NONE', *, *, #2709, .F. ) ;
#2358 = PLANE ( 'NONE',  #1385 ) ;
#2359 = CARTESIAN_POINT ( 'NONE',  ( -1.748529180089268387, -13.06212931034482772, 8.225001781060452544 ) ) ;
#2360 = CARTESIAN_POINT ( 'NONE',  ( 1.804518490959361676, 12.24298572514963901, 5.597643363201445510 ) ) ;
#2361 = CIRCLE ( 'NONE', #1080, 5.050000000000003375 ) ;
#2362 = ORIENTED_EDGE ( 'NONE', *, *, #1567, .F. ) ;
#2363 = CARTESIAN_POINT ( 'NONE',  ( -1.156667490746122517, 12.25397151124609785, 7.390001751105004679 ) ) ;
#2364 = CARTESIAN_POINT ( 'NONE',  ( -1.671033675924230355, 12.40218542638995025, 7.291295756530167260 ) ) ;
#2365 = DIRECTION ( 'NONE',  ( -0.000000000000000000, 1.000000000000000000, -0.000000000000000000 ) ) ;
#2366 = VECTOR ( 'NONE', #925, 1000.000000000000000 ) ;
#2367 = ORIENTED_EDGE ( 'NONE', *, *, #1849, .F. ) ;
#2368 = DIRECTION ( 'NONE',  ( 1.000000000000000000, 1.949127501097535707E-16, 0.000000000000000000 ) ) ;
#2369 = CARTESIAN_POINT ( 'NONE',  ( 3.656385532385287629, 12.08248248549489468, 8.515241137974346231 ) ) ;
#2370 = ORIENTED_EDGE ( 'NONE', *, *, #2976, .F. ) ;
#2371 = CARTESIAN_POINT ( 'NONE',  ( -4.520713088232549914, 11.21766083348131460, 4.797423956107104814 ) ) ;
#2372 = CARTESIAN_POINT ( 'NONE',  ( 3.889998638298677758, 11.24345757422145908, 6.509820118522868349 ) ) ;
#2373 = DIRECTION ( 'NONE',  ( 0.000000000000000000, 0.9998648415051553107, -0.01644076402940520057 ) ) ;
#2374 =( BOUNDED_CURVE ( )  B_SPLINE_CURVE ( 3, ( #858, #2281, #3630, #597 ),
 .UNSPECIFIED., .F., .F. ) 
 B_SPLINE_CURVE_WITH_KNOTS ( ( 4, 4 ),
 ( 1.464963537965553675, 1.570796328783239826 ),
 .UNSPECIFIED. ) 
 CURVE ( )  GEOMETRIC_REPRESENTATION_ITEM ( )  RATIONAL_B_SPLINE_CURVE ( ( 1.000000000000000000, 0.9990668361456356283, 0.9990668361456356283, 1.000000000000000000 ) ) 
 REPRESENTATION_ITEM ( '' )  );
#2375 = VECTOR ( 'NONE', #993, 1000.000000000000000 ) ;
#2376 = VERTEX_POINT ( 'NONE', #1440 ) ;
#2377 = CARTESIAN_POINT ( 'NONE',  ( 5.049999999999998046, 1.470491331998988738, 5.715302991864937177 ) ) ;
#2378 = CARTESIAN_POINT ( 'NONE',  ( -5.649999999999998579, 4.999999999999999112, 6.025001781060431050 ) ) ;
#2379 = CARTESIAN_POINT ( 'NONE',  ( -2.524063527164694509, 11.88202108188179018, 5.994624880107889631 ) ) ;
#2380 = AXIS2_PLACEMENT_3D ( 'NONE', #2439, #1929, #3634 ) ;
#2381 = ORIENTED_EDGE ( 'NONE', *, *, #2611, .T. ) ;
#2382 = CARTESIAN_POINT ( 'NONE',  ( 2.602085213965210642E-15, -7.689499999999998892, -23.18283361322050951 ) ) ;
#2383 = EDGE_CURVE ( 'NONE', #895, #2924, #3181, .T. ) ;
#2384 = EDGE_CURVE ( 'NONE', #1916, #824, #1210, .T. ) ;
#2385 = CARTESIAN_POINT ( 'NONE',  ( -2.914156891829490892, 11.88373624822413710, 7.390001751105492289 ) ) ;
#2386 = CARTESIAN_POINT ( 'NONE',  ( 3.472939948909032459, 11.67110155784183334, 7.643960168265399702 ) ) ;
#2387 = CARTESIAN_POINT ( 'NONE',  ( 1.049999999999997602, 6.708520739398999844, 10.00000000000000000 ) ) ;
#2388 = ORIENTED_EDGE ( 'NONE', *, *, #1308, .T. ) ;
#2389 = CIRCLE ( 'NONE', #1737, 5.649999999999999467 ) ;
#2390 = CARTESIAN_POINT ( 'NONE',  ( -4.562851106226611719, 10.99536301653576054, 6.890157253073331489 ) ) ;
#2391 = CARTESIAN_POINT ( 'NONE',  ( -4.521081759578105874, 11.60265937805519698, 8.514265880668562048 ) ) ;
#2392 = VERTEX_POINT ( 'NONE', #1459 ) ;
#2393 = CARTESIAN_POINT ( 'NONE',  ( -4.225599378394035988, 11.66123654923211106, 4.275271212187348624 ) ) ;
#2394 = CARTESIAN_POINT ( 'NONE',  ( 4.567893674106445090, 10.98856899661451614, 6.742319274600712120 ) ) ;
#2395 = CARTESIAN_POINT ( 'NONE',  ( -1.375008013730199932E-16, 10.10852073939899931, 11.05000000000000071 ) ) ;
#2396 = FACE_OUTER_BOUND ( 'NONE', #2701, .T. ) ;
#2397 = B_SPLINE_CURVE_WITH_KNOTS ( 'NONE', 3,
 ( #3109, #1445, #2264, #306, #1411, #1741 ),
 .UNSPECIFIED., .F., .F.,
 ( 4, 2, 4 ),
 ( 0.000000000000000000, 0.0003625007268551054844, 0.0007250014537102109687 ),
 .UNSPECIFIED. ) ;
#2398 = EDGE_LOOP ( 'NONE', ( #1682, #507, #272, #1838 ) ) ;
#2399 = LINE ( 'NONE', #2377, #1677 ) ;
#2400 = CARTESIAN_POINT ( 'NONE',  ( 4.583301612372661538, 11.80409910446437394, 3.540762562474988329 ) ) ;
#2401 = CARTESIAN_POINT ( 'NONE',  ( 2.995502921006175878, 11.78517696894372335, 5.320601663367293455 ) ) ;
#2402 = EDGE_LOOP ( 'NONE', ( #3249, #3206, #114, #1637 ) ) ;
#2403 = CARTESIAN_POINT ( 'NONE',  ( -3.890001178303870155, 3.339499999999997026, 6.750001763331999527 ) ) ;
#2404 = CARTESIAN_POINT ( 'NONE',  ( 2.909744221118108598, 11.88477674469601730, 7.390001751099215532 ) ) ;
#2405 = CARTESIAN_POINT ( 'NONE',  ( -4.603243838569718527, 10.97556423735241538, 6.512181444719090884 ) ) ;
#2406 = AXIS2_PLACEMENT_3D ( 'NONE', #1247, #3508, #3234 ) ;
#2407 = EDGE_CURVE ( 'NONE', #2697, #3066, #1366, .T. ) ;
#2408 = DIRECTION ( 'NONE',  ( 0.000000000000000000, 0.000000000000000000, -1.000000000000000000 ) ) ;
#2409 = ORIENTED_EDGE ( 'NONE', *, *, #3060, .T. ) ;
#2410 = CARTESIAN_POINT ( 'NONE',  ( -2.688065357566598479, 12.45084183771607655, 4.030407378461357659 ) ) ;
#2411 = CARTESIAN_POINT ( 'NONE',  ( 0.2878675512093299416, 13.33262013086095799, 8.465884434150902749 ) ) ;
#2412 = DIRECTION ( 'NONE',  ( 1.000000000000000000, 1.949127501097535707E-16, -7.796510004390142826E-16 ) ) ;
#2413 = CARTESIAN_POINT ( 'NONE',  ( 5.649999999999999467, 1.470491331998988960, 6.025001781060452366 ) ) ;
#2414 = CARTESIAN_POINT ( 'NONE',  ( -1.527250030894854671, 12.61960763708726496, 7.671508907350521156 ) ) ;
#2415 = CARTESIAN_POINT ( 'NONE',  ( 1.250000000000000000, -13.48949999999999960, 7.569537305133641425 ) ) ;
#2416 = DIRECTION ( 'NONE',  ( 0.000000000000000000, 1.000000000000000000, 0.000000000000000000 ) ) ;
#2417 = ORIENTED_EDGE ( 'NONE', *, *, #1192, .T. ) ;
#2418 = CARTESIAN_POINT ( 'NONE',  ( 4.162784225207618150, 11.98856026552073928, 3.540747738571458303 ) ) ;
#2419 = CARTESIAN_POINT ( 'NONE',  ( -4.438462376297767520, 11.09767232512230883, 5.319672625833126389 ) ) ;
#2420 = ORIENTED_EDGE ( 'NONE', *, *, #2316, .F. ) ;
#2421 = DIRECTION ( 'NONE',  ( 1.000000000000000000, 0.000000000000000000, 0.000000000000000000 ) ) ;
#2422 = FACE_OUTER_BOUND ( 'NONE', #2529, .T. ) ;
#2423 = DIRECTION ( 'NONE',  ( 6.240022231664598440E-16, -1.000000000000000000, 0.000000000000000000 ) ) ;
#2424 = CARTESIAN_POINT ( 'NONE',  ( 3.656502283378622042, 11.37400742794330633, 6.812809921969773086 ) ) ;
#2425 = DIRECTION ( 'NONE',  ( -1.000000000000000000, 0.000000000000000000, 0.000000000000000000 ) ) ;
#2426 = EDGE_LOOP ( 'NONE', ( #3449, #3504, #679, #2737, #961 ) ) ;
#2427 = CARTESIAN_POINT ( 'NONE',  ( 3.840326292118321216, 11.84489671964172253, 4.276184243929374240 ) ) ;
#2428 = CARTESIAN_POINT ( 'NONE',  ( 3.247718123677492130, 12.31279065368381964, 8.455844852263739497 ) ) ;
#2429 = CARTESIAN_POINT ( 'NONE',  ( 0.001440979231692959307, 13.25154564646781097, 8.342050283562814528 ) ) ;
#2430 = VECTOR ( 'NONE', #598, 1000.000000000000000 ) ;
#2431 = CARTESIAN_POINT ( 'NONE',  ( 4.739240320673960838, 9.719591196608893924, 5.387548446901683441 ) ) ;
#2432 = CARTESIAN_POINT ( 'NONE',  ( 4.320943353506130791, 11.16618324497162007, 7.376666241403186497 ) ) ;
#2433 = CARTESIAN_POINT ( 'NONE',  ( -3.892659755989657189, 10.57249820484678260, 6.025001781060436379 ) ) ;
#2434 = ADVANCED_FACE ( 'NONE', ( #955 ), #1491, .F. ) ;
#2435 = CARTESIAN_POINT ( 'NONE',  ( -5.049999999999999822, 2.002661781275172359, 6.825001781060429096 ) ) ;
#2436 = EDGE_CURVE ( 'NONE', #1117, #898, #1745, .T. ) ;
#2437 = VERTEX_POINT ( 'NONE', #2590 ) ;
#2438 = DIRECTION ( 'NONE',  ( 0.000000000000000000, 0.000000000000000000, -1.000000000000000000 ) ) ;
#2439 = CARTESIAN_POINT ( 'NONE',  ( 0.000000000000000000, -7.689499999999998892, 3.625001781060453343 ) ) ;
#2440 = ORIENTED_EDGE ( 'NONE', *, *, #3005, .T. ) ;
#2441 = DIRECTION ( 'NONE',  ( 0.000000000000000000, 0.000000000000000000, 1.000000000000000000 ) ) ;
#2442 = CARTESIAN_POINT ( 'NONE',  ( 3.249998650524009047, 11.30645614812176802, 7.890001751105000238 ) ) ;
#2443 = CARTESIAN_POINT ( 'NONE',  ( 2.973168171921980907, 11.99931686637691008, 7.690250254913912897 ) ) ;
#2444 = CARTESIAN_POINT ( 'NONE',  ( -3.631447770909783213, 11.38871568912479049, 6.812015470555877528 ) ) ;
#2445 = ORIENTED_EDGE ( 'NONE', *, *, #1746, .T. ) ;
#2446 = CARTESIAN_POINT ( 'NONE',  ( 0.9020335729090828147, 13.26716377437998773, 8.464569461905975700 ) ) ;
#2447 = CIRCLE ( 'NONE', #701, 0.9999999999999995559 ) ;
#2448 = CARTESIAN_POINT ( 'NONE',  ( 3.472903031145558650, 12.07369754725522348, 8.342230922538529825 ) ) ;
#2449 = VECTOR ( 'NONE', #2223, 1000.000000000000000 ) ;
#2450 = LINE ( 'NONE', #527, #911 ) ;
#2451 = CARTESIAN_POINT ( 'NONE',  ( 3.884714585157788669, 10.52976685254506428, 6.843859010166532642 ) ) ;
#2452 = DIRECTION ( 'NONE',  ( -0.000000000000000000, 1.000000000000000000, 4.818676322157796389E-16 ) ) ;
#2453 = DIRECTION ( 'NONE',  ( -1.000000000000000000, 0.000000000000000000, 0.000000000000000000 ) ) ;
#2454 = EDGE_CURVE ( 'NONE', #3159, #1256, #146, .T. ) ;
#2455 = EDGE_CURVE ( 'NONE', #1151, #1132, #3481, .T. ) ;
#2456 = ORIENTED_EDGE ( 'NONE', *, *, #3065, .T. ) ;
#2457 = LINE ( 'NONE', #518, #234 ) ;
#2458 = DIRECTION ( 'NONE',  ( -0.000000000000000000, 0.000000000000000000, 1.000000000000000000 ) ) ;
#2459 = ADVANCED_FACE ( 'NONE', ( #71 ), #253, .T. ) ;
#2460 = ORIENTED_EDGE ( 'NONE', *, *, #594, .T. ) ;
#2461 = DIRECTION ( 'NONE',  ( 1.000000000000000000, 0.000000000000000000, 0.000000000000000000 ) ) ;
#2462 = DIRECTION ( 'NONE',  ( -0.000000000000000000, 0.8010027527915679624, 0.5986606634983880904 ) ) ;
#2463 = CARTESIAN_POINT ( 'NONE',  ( 1.214192086558779859, 12.56279728213871749, 7.390001751106769490 ) ) ;
#2464 = CARTESIAN_POINT ( 'NONE',  ( 4.686569721920844422, 10.95789155106458246, 7.112510238070477442 ) ) ;
#2465 = ORIENTED_EDGE ( 'NONE', *, *, #2952, .T. ) ;
#2466 = CARTESIAN_POINT ( 'NONE',  ( 1.712929703612870558, 13.07358591603510689, 8.461579010018684954 ) ) ;
#2467 = CARTESIAN_POINT ( 'NONE',  ( 1.804289562520613455, 12.96944810226003497, 8.342199772165292515 ) ) ;
#2468 = AXIS2_PLACEMENT_3D ( 'NONE', #1283, #471, #1529 ) ;
#2469 = CARTESIAN_POINT ( 'NONE',  ( -3.949657203230501512, 11.73094653483118677, 8.247121098059743360 ) ) ;
#2470 = CARTESIAN_POINT ( 'NONE',  ( 4.568672491180573836, 10.98953830300265722, 6.819303028458379323 ) ) ;
#2471 = CYLINDRICAL_SURFACE ( 'NONE', #894, 3.399999999999999467 ) ;
#2472 = CARTESIAN_POINT ( 'NONE',  ( -5.650000000000000355, 7.689499999999997115, 10.00000000000000000 ) ) ;
#2473 = VERTEX_POINT ( 'NONE', #3587 ) ;
#2474 = VECTOR ( 'NONE', #1787, 1000.000000000000000 ) ;
#2475 = DIRECTION ( 'NONE',  ( 0.000000000000000000, 0.000000000000000000, 1.000000000000000000 ) ) ;
#2476 = FACE_OUTER_BOUND ( 'NONE', #1850, .T. ) ;
#2477 = VERTEX_POINT ( 'NONE', #1071 ) ;
#2478 = CARTESIAN_POINT ( 'NONE',  ( -4.449999999999998401, -4.002243707385003901, 3.625001781060452899 ) ) ;
#2479 = CARTESIAN_POINT ( 'NONE',  ( -1.412538234306535448E-15, 7.689499999999998892, 7.390001751105000238 ) ) ;
#2480 = CARTESIAN_POINT ( 'NONE',  ( 3.249998650524004162, 11.30645614812178046, 7.390001751105017114 ) ) ;
#2481 = EDGE_CURVE ( 'NONE', #2203, #2501, #1053, .T. ) ;
#2482 = CARTESIAN_POINT ( 'NONE',  ( -1.408698564527069763, 12.34810454695718995, 6.812420589883593891 ) ) ;
#2483 = ORIENTED_EDGE ( 'NONE', *, *, #2002, .T. ) ;
#2484 = AXIS2_PLACEMENT_3D ( 'NONE', #2818, #305, #1144 ) ;
#2485 = CARTESIAN_POINT ( 'NONE',  ( 1.727770017691278914, 13.06884788470093284, 8.461504784757945430 ) ) ;
#2486 = CARTESIAN_POINT ( 'NONE',  ( -0.8512743256197294883, 13.06730337027847355, 8.168937248998343392 ) ) ;
#2487 = ORIENTED_EDGE ( 'NONE', *, *, #1001, .T. ) ;
#2488 = CARTESIAN_POINT ( 'NONE',  ( 4.305407760983363197, 7.689499999999991786, 7.241690993807688770 ) ) ;
#2489 = DIRECTION ( 'NONE',  ( 0.000000000000000000, 0.000000000000000000, 1.000000000000000000 ) ) ;
#2490 = CIRCLE ( 'NONE', #1776, 3.399999999999999911 ) ;
#2491 = ORIENTED_EDGE ( 'NONE', *, *, #973, .T. ) ;
#2492 = FACE_OUTER_BOUND ( 'NONE', #3032, .T. ) ;
#2493 = FACE_OUTER_BOUND ( 'NONE', #2402, .T. ) ;
#2494 = CLOSED_SHELL ( 'NONE', ( #2730, #221, #1848, #3556, #2541, #2729, #2434, #787, #1113, #1592, #1049, #73, #2072, #2656, #3459, #1410, #1615, #3488, #1663, #3443, #1683, #440, #661, #640, #2817, #1193, #3220, #532, #1091, #2588, #974, #2834, #3142, #783, #2612, #3265, #3460, #2274, #1044, #93, #910, #2120, #3397, #828, #1724, #2170, #2459, #1873, #2298, #1309, #710, #3214, #1213, #439, #2142, #3607, #3484, #3163, #1478, #3293, #1774, #2927, #3084, #2502, #1261, #2020, #891, #401, #307, #3124, #1454, #3378, #1688, #616, #1900, #732, #1024, #3311, #1395 ) ) ;
#2495 = B_SPLINE_CURVE_WITH_KNOTS ( 'NONE', 3,
 ( #3619, #1102, #3067, #781 ),
 .UNSPECIFIED., .F., .F.,
 ( 4, 4 ),
 ( 0.000000000000000000, 0.0008558230437459858056 ),
 .UNSPECIFIED. ) ;
#2496 = ORIENTED_EDGE ( 'NONE', *, *, #1396, .T. ) ;
#2497 = CARTESIAN_POINT ( 'NONE',  ( 0.000000000000000000, -7.689499999999998892, 3.625001781060453343 ) ) ;
#2498 = CARTESIAN_POINT ( 'NONE',  ( -4.520588957681168196, 11.62849290182217388, 4.030068079321597274 ) ) ;
#2499 = CARTESIAN_POINT ( 'NONE',  ( 4.593975467376620436, 10.97855600516954588, 6.686481183842585274 ) ) ;
#2500 = CARTESIAN_POINT ( 'NONE',  ( 0.001569054627449573700, 12.51728454307630578, 6.512945410998486118 ) ) ;
#2501 = VERTEX_POINT ( 'NONE', #2743 ) ;
#2502 = ADVANCED_FACE ( 'NONE', ( #2191 ), #3307, .T. ) ;
#2503 = EDGE_CURVE ( 'NONE', #750, #1948, #3524, .T. ) ;
#2504 = CARTESIAN_POINT ( 'NONE',  ( -1.900748597679887686, 13.01018237112619325, 8.460458883009096098 ) ) ;
#2505 = CARTESIAN_POINT ( 'NONE',  ( -3.380146704840525818, 12.01574285674333531, 8.168483085316230685 ) ) ;
#2506 = CARTESIAN_POINT ( 'NONE',  ( -3.890001178293711170, 11.24841742882520812, 6.131932311111859768 ) ) ;
#2507 = DIRECTION ( 'NONE',  ( 2.255963945609997107E-16, -1.000000000000000000, -1.619815204292807188E-16 ) ) ;
#2508 = ORIENTED_EDGE ( 'NONE', *, *, #639, .T. ) ;
#2509 = CARTESIAN_POINT ( 'NONE',  ( -5.049999999999998934, 4.002243707385000349, 3.625001781060453343 ) ) ;
#2510 = LINE ( 'NONE', #797, #2031 ) ;
#2511 = ORIENTED_EDGE ( 'NONE', *, *, #1640, .F. ) ;
#2512 = DIRECTION ( 'NONE',  ( -1.000000000000000000, 0.000000000000000000, -8.066928448831292904E-14 ) ) ;
#2513 = CARTESIAN_POINT ( 'NONE',  ( 3.949632567446107245, 11.79682764867784961, 4.276188076614583444 ) ) ;
#2514 = CARTESIAN_POINT ( 'NONE',  ( 3.485042320829673468, 12.14587855486322354, 8.455575209427795613 ) ) ;
#2515 = CARTESIAN_POINT ( 'NONE',  ( 4.375434174867227632, 11.06235263729384499, 6.392756700141663195 ) ) ;
#2516 = ORIENTED_EDGE ( 'NONE', *, *, #1516, .F. ) ;
#2517 = CARTESIAN_POINT ( 'NONE',  ( -1.249311023744674953, 13.19966230767560589, 8.463830930132461461 ) ) ;
#2518 = CARTESIAN_POINT ( 'NONE',  ( 2.995264398013124829, 11.94341870747869550, 7.643953934958323870 ) ) ;
#2519 = EDGE_CURVE ( 'NONE', #2477, #451, #504, .T. ) ;
#2520 = CIRCLE ( 'NONE', #3400, 4.450000000000001066 ) ;
#2521 = CARTESIAN_POINT ( 'NONE',  ( -3.890001178303817309, 10.52100962327998168, 6.020322725862660818 ) ) ;
#2522 = CARTESIAN_POINT ( 'NONE',  ( -5.050000000000000711, -7.689499999999998003, 3.625001781060453343 ) ) ;
#2523 = EDGE_CURVE ( 'NONE', #953, #2353, #208, .T. ) ;
#2524 = CIRCLE ( 'NONE', #1291, 5.649999999999999467 ) ;
#2525 = ORIENTED_EDGE ( 'NONE', *, *, #1333, .F. ) ;
#2526 = CARTESIAN_POINT ( 'NONE',  ( -3.890001178600630993, 10.53820777397128516, 5.999373489508088575 ) ) ;
#2527 = CARTESIAN_POINT ( 'NONE',  ( 1.748529180089268387, -13.06212931034482772, 8.225001781060452544 ) ) ;
#2528 = VECTOR ( 'NONE', #638, 1000.000000000000114 ) ;
#2529 = EDGE_LOOP ( 'NONE', ( #1998, #2890, #1438, #915 ) ) ;
#2530 = CARTESIAN_POINT ( 'NONE',  ( 0.03377189186398527054, -13.23949999999999960, -6.657374277796064391E-18 ) ) ;
#2531 = CARTESIAN_POINT ( 'NONE',  ( 2.868172058791597312, 12.48044976678743723, 3.785854608734357640 ) ) ;
#2532 = CARTESIAN_POINT ( 'NONE',  ( 4.594389360691260471, 10.97797782455458737, 6.465283594877998752 ) ) ;
#2533 = CARTESIAN_POINT ( 'NONE',  ( 3.949333428948918367, 11.23966867838304040, 6.513161280548486864 ) ) ;
#2534 = ORIENTED_EDGE ( 'NONE', *, *, #143, .F. ) ;
#2535 = CARTESIAN_POINT ( 'NONE',  ( -1.573787133488893542, -13.11899933614038360, 6.243388077619410836 ) ) ;
#2536 = CARTESIAN_POINT ( 'NONE',  ( 2.867686048282521938, 12.21823964336839730, 7.996211823176181177 ) ) ;
#2537 = CARTESIAN_POINT ( 'NONE',  ( 4.594799497347416661, 10.97740474005225053, 6.047652648678143450 ) ) ;
#2538 = CARTESIAN_POINT ( 'NONE',  ( 3.534161947017324668, 10.98532870152996210, 7.328013378189928595 ) ) ;
#2539 = AXIS2_PLACEMENT_3D ( 'NONE', #3419, #1177, #1689 ) ;
#2540 = ORIENTED_EDGE ( 'NONE', *, *, #2902, .T. ) ;
#2541 = ADVANCED_FACE ( 'NONE', ( #1014 ), #229, .F. ) ;
#2542 = EDGE_CURVE ( 'NONE', #1446, #144, #1796, .T. ) ;
#2543 = CARTESIAN_POINT ( 'NONE',  ( 3.889998638297447187, 10.51968052100145812, 6.025001781060452366 ) ) ;
#2544 = FACE_OUTER_BOUND ( 'NONE', #1243, .T. ) ;
#2545 = AXIS2_PLACEMENT_3D ( 'NONE', #2057, #382, #729 ) ;
#2546 = EDGE_LOOP ( 'NONE', ( #2193, #2409, #3474, #341 ) ) ;
#2547 = CARTESIAN_POINT ( 'NONE',  ( -4.390001353998808753, 10.52100538476283376, 6.025001680313434527 ) ) ;
#2548 = CARTESIAN_POINT ( 'NONE',  ( 2.868209400365016926, 12.58806510252912148, 3.540707446761512944 ) ) ;
#2549 = CARTESIAN_POINT ( 'NONE',  ( 4.593516067723173890, 10.97919764146258892, 6.778017153910972148 ) ) ;
#2550 = CARTESIAN_POINT ( 'NONE',  ( 3.398868742963800926, 11.48286107275740697, 6.392720946124821779 ) ) ;
#2551 = VERTEX_POINT ( 'NONE', #2722 ) ;
#2552 = FACE_OUTER_BOUND ( 'NONE', #1593, .T. ) ;
#2553 = LINE ( 'NONE', #1406, #2894 ) ;
#2554 = CARTESIAN_POINT ( 'NONE',  ( -2.688511842923495987, 12.31854846553018312, 7.995621198374297300 ) ) ;
#2555 = AXIS2_PLACEMENT_3D ( 'NONE', #2065, #1872, #3186 ) ;
#2556 = CARTESIAN_POINT ( 'NONE',  ( 1.049999999999997602, 10.10852073939899931, 7.390001751105000238 ) ) ;
#2557 = DIRECTION ( 'NONE',  ( 4.704645780796927804E-16, 1.000000000000000000, 0.000000000000000000 ) ) ;
#2558 = VERTEX_POINT ( 'NONE', #1120 ) ;
#2559 = DIRECTION ( 'NONE',  ( 0.000000000000000000, 0.000000000000000000, 1.000000000000000000 ) ) ;
#2560 = CARTESIAN_POINT ( 'NONE',  ( 3.889998638299196010, 3.042605314476851230, 0.3972425029635861526 ) ) ;
#2561 = AXIS2_PLACEMENT_3D ( 'NONE', #2442, #2790, #3602 ) ;
#2562 = EDGE_CURVE ( 'NONE', #2670, #2551, #2632, .T. ) ;
#2563 = ORIENTED_EDGE ( 'NONE', *, *, #1286, .F. ) ;
#2564 = FACE_OUTER_BOUND ( 'NONE', #2105, .T. ) ;
#2565 = CARTESIAN_POINT ( 'NONE',  ( -2.973289377338594885, 12.53833589778090918, 3.540060279600943272 ) ) ;
#2566 = CARTESIAN_POINT ( 'NONE',  ( 5.649999999999996803, 7.689500000000001556, 10.00000000000000000 ) ) ;
#2567 = CARTESIAN_POINT ( 'NONE',  ( 3.473055042946929571, 11.44943672229521603, 6.392723412266415828 ) ) ;
#2568 = EDGE_CURVE ( 'NONE', #2849, #2122, #2490, .T. ) ;
#2569 = CIRCLE ( 'NONE', #1392, 4.450000000000001066 ) ;
#2570 = VERTEX_POINT ( 'NONE', #822 ) ;
#2571 = DIRECTION ( 'NONE',  ( 1.000000000000000000, 0.000000000000000000, 0.000000000000000000 ) ) ;
#2572 = CARTESIAN_POINT ( 'NONE',  ( -1.279542648095663759, 13.19270647698961874, 8.463691591507821244 ) ) ;
#2573 = CARTESIAN_POINT ( 'NONE',  ( 0.001455889276054338167, 13.01749097131322408, 7.996033412777158844 ) ) ;
#2574 = CARTESIAN_POINT ( 'NONE',  ( -3.890001178303858165, 10.52043465438761416, 6.628392904495665761 ) ) ;
#2575 = LINE ( 'NONE', #3384, #1598 ) ;
#2576 = ORIENTED_EDGE ( 'NONE', *, *, #614, .F. ) ;
#2577 = CARTESIAN_POINT ( 'NONE',  ( -4.593601280833937039, 10.97872034589083334, 6.025002543065368421 ) ) ;
#2578 = CARTESIAN_POINT ( 'NONE',  ( -5.049999999999998934, 7.689500000000001556, 6.025001781060452366 ) ) ;
#2579 = ORIENTED_EDGE ( 'NONE', *, *, #2952, .F. ) ;
#2580 = CARTESIAN_POINT ( 'NONE',  ( 3.532763477756664994, -13.32351120075462880, 6.025001781060452366 ) ) ;
#2581 = CARTESIAN_POINT ( 'NONE',  ( 2.336482213602655289, 12.74865437255358103, 3.785841774274220750 ) ) ;
#2582 = CARTESIAN_POINT ( 'NONE',  ( -3.884339656137398844, 9.860860300821970625, 6.846114241420459656 ) ) ;
#2583 = CARTESIAN_POINT ( 'NONE',  ( 1.400332819830407471, 12.31599170537830368, 5.995127319401955646 ) ) ;
#2584 = B_SPLINE_CURVE_WITH_KNOTS ( 'NONE', 3,
 ( #1686, #2814, #2535, #1159 ),
 .UNSPECIFIED., .F., .F.,
 ( 4, 4 ),
 ( 4.336808689942017255E-19, 0.0008558230437459863477 ),
 .UNSPECIFIED. ) ;
#2585 = ORIENTED_EDGE ( 'NONE', *, *, #2976, .T. ) ;
#2586 = CARTESIAN_POINT ( 'NONE',  ( -1.412538234306535448E-15, 7.689499999999998892, 6.890001751105001127 ) ) ;
#2587 = VECTOR ( 'NONE', #2783, 1000.000000000000000 ) ;
#2588 = ADVANCED_FACE ( 'NONE', ( #1661 ), #883, .T. ) ;
#2589 = EDGE_CURVE ( 'NONE', #2353, #2721, #2794, .T. ) ;
#2590 = CARTESIAN_POINT ( 'NONE',  ( 5.049999999999998046, -2.129508668001012239, 7.796037656365395030 ) ) ;
#2591 = CARTESIAN_POINT ( 'NONE',  ( 1.804321776664982391, 12.51881291871510626, 7.643920902489264257 ) ) ;
#2592 = CARTESIAN_POINT ( 'NONE',  ( 3.735082149345246627, 10.10852073939899931, 7.390001751105000238 ) ) ;
#2593 = PLANE ( 'NONE',  #80 ) ;
#2594 = ORIENTED_EDGE ( 'NONE', *, *, #3416, .T. ) ;
#2595 = CARTESIAN_POINT ( 'NONE',  ( 3.656672976153787946, 11.45106713449107083, 5.320617523604773247 ) ) ;
#2596 = CARTESIAN_POINT ( 'NONE',  ( -5.049999999999999822, -2.002661781275184349, 6.825001781060429096 ) ) ;
#2597 = CARTESIAN_POINT ( 'NONE',  ( 5.049999999999998046, 1.470491331998988072, 9.469998612017995754 ) ) ;
#2598 = CIRCLE ( 'NONE', #673, 4.449999999999999289 ) ;
#2599 = VERTEX_POINT ( 'NONE', #281 ) ;
#2600 = CARTESIAN_POINT ( 'NONE',  ( -3.890001178640766444, 10.52100538359625048, 6.025001781060452366 ) ) ;
#2601 = CARTESIAN_POINT ( 'NONE',  ( -0.2932362431212596210, 13.37282543063607143, 3.540494306752604459 ) ) ;
#2602 = VECTOR ( 'NONE', #2423, 1000.000000000000000 ) ;
#2603 = CARTESIAN_POINT ( 'NONE',  ( -3.890001178303870155, 9.850608704529806303, 6.750001763331999527 ) ) ;
#2604 = CARTESIAN_POINT ( 'NONE',  ( -2.524014748107251904, 11.93632849499714332, 5.597118237678635921 ) ) ;
#2605 = CIRCLE ( 'NONE', #2731, 1.000000000000000000 ) ;
#2606 = EDGE_LOOP ( 'NONE', ( #2266, #1322, #3407, #2219, #2585, #3327, #3615, #3050 ) ) ;
#2607 = CARTESIAN_POINT ( 'NONE',  ( -4.593151999726858392, 10.97970589155444188, 6.701358974113817091 ) ) ;
#2608 = AXIS2_PLACEMENT_3D ( 'NONE', #2650, #2889, #2412 ) ;
#2609 = CARTESIAN_POINT ( 'NONE',  ( -0.6244984538959039710, 12.66914344058082520, 7.390001751107772243 ) ) ;
#2610 = CARTESIAN_POINT ( 'NONE',  ( 4.479049076825985409, 11.16663913041585943, 7.643984971182971044 ) ) ;
#2611 = EDGE_CURVE ( 'NONE', #3298, #1990, #1389, .T. ) ;
#2612 = ADVANCED_FACE ( 'NONE', ( #852 ), #2012, .F. ) ;
#2613 = CARTESIAN_POINT ( 'NONE',  ( -3.774553424342528274, 11.35282616613633166, 7.202078988177002650 ) ) ;
#2614 = CARTESIAN_POINT ( 'NONE',  ( -4.603405154685403566, 11.56349714029759035, 8.514250263247653550 ) ) ;
#2615 = ORIENTED_EDGE ( 'NONE', *, *, #1090, .F. ) ;
#2616 = CARTESIAN_POINT ( 'NONE',  ( -4.685276286481227181, 11.40990123698574621, 4.275178490478594995 ) ) ;
#2617 = CARTESIAN_POINT ( 'NONE',  ( 4.449999999999999289, -7.689499999999998892, 3.625001781060453343 ) ) ;
#2618 = LINE ( 'NONE', #947, #3406 ) ;
#2619 = VERTEX_POINT ( 'NONE', #3243 ) ;
#2620 = CARTESIAN_POINT ( 'NONE',  ( 3.612334494225621917, 11.63651628535543381, 7.709666401996996932 ) ) ;
#2621 = CARTESIAN_POINT ( 'NONE',  ( -3.890001178303860385, 10.52044595747755196, 6.629169401068597089 ) ) ;
#2622 = AXIS2_PLACEMENT_3D ( 'NONE', #2010, #295, #18 ) ;
#2623 = CARTESIAN_POINT ( 'NONE',  ( 4.582952779116034492, 10.98233218429375668, 5.995250053533919044 ) ) ;
#2624 = ORIENTED_EDGE ( 'NONE', *, *, #3191, .T. ) ;
#2625 = CARTESIAN_POINT ( 'NONE',  ( 3.889998638297247346, 10.52134920293995712, 6.750001763331999527 ) ) ;
#2626 = CARTESIAN_POINT ( 'NONE',  ( -1.230879226845980057, 12.55826524352452900, 7.390001751102237115 ) ) ;
#2627 = CARTESIAN_POINT ( 'NONE',  ( -0.8512226691312032578, 12.61509335414313782, 7.291421367594726810 ) ) ;
#2628 = LINE ( 'NONE', #2135, #2117 ) ;
#2629 = VERTEX_POINT ( 'NONE', #1868 ) ;
#2630 = CARTESIAN_POINT ( 'NONE',  ( -4.411529140198054755, 11.10319933355220456, 7.271452021673277422 ) ) ;
#2631 = CARTESIAN_POINT ( 'NONE',  ( -3.250001190530178885, 11.30755762432401390, 7.890001751105433669 ) ) ;
#2632 = B_SPLINE_CURVE_WITH_KNOTS ( 'NONE', 3,
 ( #588, #1714, #835, #1419, #570, #3116, #2225, #2256, #3053, #2532, #605, #1697, #1951, #3098, #538, #20, #3392, #2826, #1403, #1374, #3341, #298, #1645, #2778, #3069, #263, #2273, #2499, #1135, #3375, #315, #2549, #1995, #1087, #35, #3621, #1680, #866, #1983, #3357, #2210, #2810, #1969, #2514, #1104 ),
 .UNSPECIFIED., .F., .F.,
 ( 4, 2, 2, 1, 1, 2, 2, 2, 2, 1, 1, 2, 2, 2, 1, 2, 2, 2, 2, 2, 2, 2, 2, 2, 4 ),
 ( 0.000000000000000000, 0.03125000000001230266, 0.06250000000002460532, 0.07812500000003037848, 0.08593750000003327894, 0.08984375000003434752, 0.09375000000003540224, 0.1093750000000358880, 0.1250000000000363598, 0.1328125000000366096, 0.1367187500000363320, 0.1386718750000362210, 0.1406250000000361100, 0.1484375000000345557, 0.1523437500000338063, 0.1542968750000334177, 0.1562500000000330014, 0.1718750000000325295, 0.1875000000000320299, 0.2187500000000311695, 0.2500000000000302536, 0.5000000000000208722, 0.6250000000000159872, 0.7500000000000111022, 1.000000000000000000 ),
 .UNSPECIFIED. ) ;
#2633 = ORIENTED_EDGE ( 'NONE', *, *, #2121, .T. ) ;
#2634 = CARTESIAN_POINT ( 'NONE',  ( -0.8509413153416691689, 12.70442430654030375, 4.798076392384433397 ) ) ;
#2635 = AXIS2_PLACEMENT_3D ( 'NONE', #1429, #845, #2559 ) ;
#2636 = DIRECTION ( 'NONE',  ( 0.000000000000000000, -1.000000000000000000, 0.000000000000000000 ) ) ;
#2637 = CARTESIAN_POINT ( 'NONE',  ( -3.890001178304132168, 9.850608704529335569, 9.999999999999685585 ) ) ;
#2638 = EDGE_CURVE ( 'NONE', #426, #3601, #2863, .T. ) ;
#2639 = VERTEX_POINT ( 'NONE', #3264 ) ;
#2640 = DIRECTION ( 'NONE',  ( -1.000000000000000000, 0.000000000000000000, -4.144914500121575018E-15 ) ) ;
#2641 = CYLINDRICAL_SURFACE ( 'NONE', #2555, 0.5000000000000000000 ) ;
#2642 = CARTESIAN_POINT ( 'NONE',  ( -0.2935909265685817671, 12.49130910466198330, 5.994971704167999071 ) ) ;
#2643 = ORIENTED_EDGE ( 'NONE', *, *, #929, .F. ) ;
#2644 = DIRECTION ( 'NONE',  ( 1.000000000000000000, 0.000000000000000000, 0.000000000000000000 ) ) ;
#2645 = CARTESIAN_POINT ( 'NONE',  ( -2.435916110320303751, 12.27325071290306369, 7.678484488400841634 ) ) ;
#2646 = CARTESIAN_POINT ( 'NONE',  ( 4.479078336888134615, 11.07216774131083348, 7.291743600546640280 ) ) ;
#2647 = CARTESIAN_POINT ( 'NONE',  ( 3.394144760975046360, 9.949939751474186522, 7.390001751105063299 ) ) ;
#2648 = ORIENTED_EDGE ( 'NONE', *, *, #1542, .F. ) ;
#2649 = CARTESIAN_POINT ( 'NONE',  ( -3.860057744162301407, 10.56359423755313465, 6.964420101674125618 ) ) ;
#2650 = CARTESIAN_POINT ( 'NONE',  ( 8.673617379884035472E-16, -7.689499999999999780, 10.00000000000000000 ) ) ;
#2651 = ORIENTED_EDGE ( 'NONE', *, *, #2342, .F. ) ;
#2652 = CARTESIAN_POINT ( 'NONE',  ( -3.882599186232959632, 11.55520743800888894, 4.797550752872655089 ) ) ;
#2653 = DIRECTION ( 'NONE',  ( 4.511927891219994214E-16, -1.000000000000000000, 0.000000000000000000 ) ) ;
#2654 = DIRECTION ( 'NONE',  ( -3.468978026725648393E-15, -0.01644076402940508955, -0.9998648415051555327 ) ) ;
#2655 = EDGE_CURVE ( 'NONE', #3272, #2177, #2598, .T. ) ;
#2656 = ADVANCED_FACE ( 'NONE', ( #2396 ), #2992, .F. ) ;
#2657 = ORIENTED_EDGE ( 'NONE', *, *, #737, .T. ) ;
#2658 = CARTESIAN_POINT ( 'NONE',  ( 4.449999999999997513, 7.361319111364017509, 3.625001781060453343 ) ) ;
#2659 = DIRECTION ( 'NONE',  ( 0.000000000000000000, 1.000000000000000000, -0.000000000000000000 ) ) ;
#2660 = CARTESIAN_POINT ( 'NONE',  ( -3.882757991652023843, 11.26977114790808976, 5.994372884490151598 ) ) ;
#2661 = ORIENTED_EDGE ( 'NONE', *, *, #1415, .F. ) ;
#2662 = CARTESIAN_POINT ( 'NONE',  ( -1.412538234306535448E-15, 7.689499999999998892, 6.890001751105001127 ) ) ;
#2663 = DIRECTION ( 'NONE',  ( 0.000000000000000000, 0.000000000000000000, -1.000000000000000000 ) ) ;
#2664 = CARTESIAN_POINT ( 'NONE',  ( -3.631492497557499810, 11.46666801057172158, 7.290923351024240162 ) ) ;
#2665 = CARTESIAN_POINT ( 'NONE',  ( 3.249998650523998833, 9.934496385652360928, 7.390001751105000238 ) ) ;
#2666 = VECTOR ( 'NONE', #1831, 1000.000000000000000 ) ;
#2667 = VERTEX_POINT ( 'NONE', #1828 ) ;
#2668 = CARTESIAN_POINT ( 'NONE',  ( -3.894041194489137325, 11.25158050342940896, 6.762739390744302526 ) ) ;
#2669 = CARTESIAN_POINT ( 'NONE',  ( 4.375262263671121588, 11.67654342742118700, 8.515251174872229711 ) ) ;
#2670 = VERTEX_POINT ( 'NONE', #1556 ) ;
#2671 = CARTESIAN_POINT ( 'NONE',  ( -4.602952338169607138, 11.45471348363305175, 4.275195062372188382 ) ) ;
#2672 = DIRECTION ( 'NONE',  ( -1.691972959207498077E-16, 1.000000000000000000, 0.000000000000000000 ) ) ;
#2673 = CARTESIAN_POINT ( 'NONE',  ( 5.569871513972661781, 1.470491331998988072, 11.06999861201800073 ) ) ;
#2674 = CARTESIAN_POINT ( 'NONE',  ( 4.594784240890501970, 10.97711589593906645, 6.025002248862955767 ) ) ;
#2675 = STYLED_ITEM ( 'NONE', ( #721 ), #297 ) ;
#2676 = ORIENTED_EDGE ( 'NONE', *, *, #2233, .T. ) ;
#2677 = B_SPLINE_CURVE_WITH_KNOTS ( 'NONE', 3,
 ( #3469, #957, #1799, #413, #2647, #2665 ),
 .UNSPECIFIED., .F., .F.,
 ( 4, 2, 4 ),
 ( 2.778266744796018861E-17, 0.0004349066708102921198, 0.0008698133416205564841 ),
 .UNSPECIFIED. ) ;
#2678 = AXIS2_PLACEMENT_3D ( 'NONE', #3600, #1099, #1619 ) ;
#2679 = CARTESIAN_POINT ( 'NONE',  ( 4.095088012719608983, 11.32295190070293422, 7.556476604300497613 ) ) ;
#2680 = CARTESIAN_POINT ( 'NONE',  ( -1.412538234306535448E-15, 7.689499999999998892, 10.00000000000000000 ) ) ;
#2681 = EDGE_CURVE ( 'NONE', #1642, #618, #3538, .T. ) ;
#2682 = CARTESIAN_POINT ( 'NONE',  ( 1.804555329177212508, 12.30980646310532656, 5.320560055064696314 ) ) ;
#2683 = ORIENTED_EDGE ( 'NONE', *, *, #2337, .T. ) ;
#2684 = CARTESIAN_POINT ( 'NONE',  ( -4.593418859056841441, 10.97933330665573060, 6.518127201073199650 ) ) ;
#2685 = CARTESIAN_POINT ( 'NONE',  ( -1.156667490728454872, 12.25397151091305048, 7.390001751105003791 ) ) ;
#2686 = EDGE_CURVE ( 'NONE', #1315, #1953, #3410, .T. ) ;
#2687 = CARTESIAN_POINT ( 'NONE',  ( 4.162343959003933946, 11.14593165146762388, 6.812826708589402536 ) ) ;
#2688 = CARTESIAN_POINT ( 'NONE',  ( -3.250001190530002138, 11.30755762432401390, 7.390001751105000238 ) ) ;
#2689 = ORIENTED_EDGE ( 'NONE', *, *, #2797, .T. ) ;
#2690 = CARTESIAN_POINT ( 'NONE',  ( -4.685236271479318759, 11.54482094144764837, 4.030035941113373710 ) ) ;
#2691 = CARTESIAN_POINT ( 'NONE',  ( 3.127655532107369574, 12.39540140266538515, 8.456000622973263603 ) ) ;
#2692 = CARTESIAN_POINT ( 'NONE',  ( -3.631564673745207639, 12.09563994684547694, 8.514446424579251271 ) ) ;
#2693 = CARTESIAN_POINT ( 'NONE',  ( -1.250000000000000000, -13.48949999999999960, 7.569537305133641425 ) ) ;
#2694 = DIRECTION ( 'NONE',  ( -1.000000000000000000, -1.535153518563546084E-16, 0.000000000000000000 ) ) ;
#2695 = LINE ( 'NONE', #2637, #1126 ) ;
#2696 = CARTESIAN_POINT ( 'NONE',  ( 5.050000000000001599, 1.470491331998989848, 3.625001781060453343 ) ) ;
#2697 = VERTEX_POINT ( 'NONE', #66 ) ;
#2698 = DIRECTION ( 'NONE',  ( -1.000000000000000000, 0.000000000000000000, -0.000000000000000000 ) ) ;
#2699 = CARTESIAN_POINT ( 'NONE',  ( 3.949740392023406876, 12.07677658484318428, 3.540739343967183927 ) ) ;
#2700 = CARTESIAN_POINT ( 'NONE',  ( -4.603108300765363481, 11.02818993212301812, 5.319642884710412467 ) ) ;
#2701 = EDGE_LOOP ( 'NONE', ( #1138, #212, #1538, #2242 ) ) ;
#2702 = CARTESIAN_POINT ( 'NONE',  ( -1.748529180089268387, -13.06212931034482772, 8.225001781060452544 ) ) ;
#2703 = CARTESIAN_POINT ( 'NONE',  ( -4.593520100604285616, 10.97919194392328635, 6.284407870630057680 ) ) ;
#2704 = CARTESIAN_POINT ( 'NONE',  ( 0.2775761997937008507, 12.38713869247025912, 7.390001751104984251 ) ) ;
#2705 = CARTESIAN_POINT ( 'NONE',  ( -2.973697781646976068, 11.68650832265704054, 6.512479729545160190 ) ) ;
#2706 = AXIS2_PLACEMENT_3D ( 'NONE', #687, #2365, #3491 ) ;
#2707 = DIRECTION ( 'NONE',  ( 1.971276677246371026E-16, 0.000000000000000000, 1.000000000000000000 ) ) ;
#2708 = VERTEX_POINT ( 'NONE', #438 ) ;
#2709 = EDGE_CURVE ( 'NONE', #2857, #235, #664, .T. ) ;
#2710 = EDGE_CURVE ( 'NONE', #3217, #3598, #3021, .T. ) ;
#2711 = CIRCLE ( 'NONE', #2937, 5.649999999999999467 ) ;
#2712 = CARTESIAN_POINT ( 'NONE',  ( 0.7133530148094624490, 13.29474545002968355, 8.465050815422529240 ) ) ;
#2713 = CARTESIAN_POINT ( 'NONE',  ( 3.196981815906311919, 12.13257363640557607, 8.169222028399435231 ) ) ;
#2714 = DIRECTION ( 'NONE',  ( 1.729470356510308137E-14, -0.01460760241681753092, -0.9998933032837216128 ) ) ;
#2715 = DIRECTION ( 'NONE',  ( 0.000000000000000000, 1.000000000000000000, -0.000000000000000000 ) ) ;
#2716 = CARTESIAN_POINT ( 'NONE',  ( 5.569871513972661781, 1.470491331998987183, 11.06999861201800073 ) ) ;
#2717 = CARTESIAN_POINT ( 'NONE',  ( -4.449999999999998401, -2.002661781275185238, 6.825001781060429096 ) ) ;
#2718 = VERTEX_POINT ( 'NONE', #901 ) ;
#2719 = CARTESIAN_POINT ( 'NONE',  ( -4.305624641491849758, 11.17829100429536382, 7.394309512292109865 ) ) ;
#2720 = PLANE ( 'NONE',  #3091 ) ;
#2721 = VERTEX_POINT ( 'NONE', #2970 ) ;
#2722 = CARTESIAN_POINT ( 'NONE',  ( 3.247718123677492130, 12.31279065368381964, 8.455844852263739497 ) ) ;
#2723 = CARTESIAN_POINT ( 'NONE',  ( 2.995331205682391751, 11.69767372722035148, 6.812792297475059655 ) ) ;
#2724 = AXIS2_PLACEMENT_3D ( 'NONE', #1719, #2279, #337 ) ;
#2725 = ORIENTED_EDGE ( 'NONE', *, *, #2568, .T. ) ;
#2726 = CARTESIAN_POINT ( 'NONE',  ( 3.399189461114781707, 12.12112309344073147, 4.031017321799028608 ) ) ;
#2727 = CARTESIAN_POINT ( 'NONE',  ( 2.619958593490570919, 12.69555559104705189, 8.457287811605707972 ) ) ;
#2728 = CARTESIAN_POINT ( 'NONE',  ( 3.472910612717461820, 11.95796269245031418, 8.169222705488628833 ) ) ;
#2729 = ADVANCED_FACE ( 'NONE', ( #3516 ), #644, .F. ) ;
#2730 = ADVANCED_FACE ( 'NONE', ( #1025 ), #1423, .F. ) ;
#2731 = AXIS2_PLACEMENT_3D ( 'NONE', #715, #1295, #2146 ) ;
#2732 = CARTESIAN_POINT ( 'NONE',  ( -5.050000000000000711, -3.000418073890169346, 9.225001781060429451 ) ) ;
#2733 = CARTESIAN_POINT ( 'NONE',  ( 3.904761147286520462, 11.24109939133581548, 6.790479149196739783 ) ) ;
#2734 = CARTESIAN_POINT ( 'NONE',  ( -4.253924652958231079, 7.860348167903119965, 7.293718448532349186 ) ) ;
#2735 = DIRECTION ( 'NONE',  ( -2.255963945609997107E-16, 1.000000000000000000, -0.000000000000000000 ) ) ;
#2736 = EDGE_CURVE ( 'NONE', #2998, #2599, #1196, .T. ) ;
#2737 = ORIENTED_EDGE ( 'NONE', *, *, #2655, .T. ) ;
#2738 = DIRECTION ( 'NONE',  ( -2.255963945609997107E-16, 1.000000000000000000, 1.619815204292807188E-16 ) ) ;
#2739 = DIRECTION ( 'NONE',  ( -1.000000000000000000, 0.000000000000000000, 0.000000000000000000 ) ) ;
#2740 = APPLICATION_CONTEXT ( 'automotive_design' ) ;
#2741 = EDGE_LOOP ( 'NONE', ( #2487, #3395, #1354, #110, #2624 ) ) ;
#2742 = PLANE ( 'NONE',  #3331 ) ;
#2743 = CARTESIAN_POINT ( 'NONE',  ( 5.650000000000001243, -7.689499999999998892, 6.025001781060429273 ) ) ;
#2744 = CARTESIAN_POINT ( 'NONE',  ( 4.479125375310466950, 11.01782613048814419, 6.812839708705335617 ) ) ;
#2745 = VERTEX_POINT ( 'NONE', #372 ) ;
#2746 = CARTESIAN_POINT ( 'NONE',  ( 1.955173598349108310, 12.99046420169524296, 8.460325924646243223 ) ) ;
#2747 = CARTESIAN_POINT ( 'NONE',  ( -2.524244869703995864, 12.65060486231207193, 8.341672588023866908 ) ) ;
#2748 = CIRCLE ( 'NONE', #1497, 5.050000000000003375 ) ;
#2749 = CARTESIAN_POINT ( 'NONE',  ( -5.650025000000002962, 3.000418073890162685, 9.225001781060429451 ) ) ;
#2750 = CARTESIAN_POINT ( 'NONE',  ( 3.889998638302091916, 11.24660935974218745, 6.738076320409304820 ) ) ;
#2751 = DIRECTION ( 'NONE',  ( -0.000000000000000000, -0.000000000000000000, 1.000000000000000000 ) ) ;
#2752 = CARTESIAN_POINT ( 'NONE',  ( -4.450000000000001066, 6.708520739398998955, 6.890001751105001127 ) ) ;
#2753 = AXIS2_PLACEMENT_3D ( 'NONE', #1604, #552, #1695 ) ;
#2754 = ORIENTED_EDGE ( 'NONE', *, *, #2342, .T. ) ;
#2755 = CARTESIAN_POINT ( 'NONE',  ( 4.146181538598119332, 10.57249820481874814, 6.025001781060451478 ) ) ;
#2756 = LINE ( 'NONE', #1369, #1728 ) ;
#2757 = ORIENTED_EDGE ( 'NONE', *, *, #1827, .T. ) ;
#2758 = CARTESIAN_POINT ( 'NONE',  ( 5.649999999999996803, 7.689500000000001556, 10.00000000000000000 ) ) ;
#2759 = VECTOR ( 'NONE', #98, 1000.000000000000000 ) ;
#2760 = CARTESIAN_POINT ( 'NONE',  ( 3.418766395691880788, 11.60171219651158836, 7.390001751105016226 ) ) ;
#2761 = CARTESIAN_POINT ( 'NONE',  ( 3.949270656480794450, 11.26778268601946387, 7.112481962062944696 ) ) ;
#2762 = ORIENTED_EDGE ( 'NONE', *, *, #3107, .T. ) ;
#2763 = CARTESIAN_POINT ( 'NONE',  ( 1.412375145507446250, 13.16033460046966219, 8.462921703140857232 ) ) ;
#2764 = CARTESIAN_POINT ( 'NONE',  ( -3.380154208193530962, 12.13227657997293107, 8.341491437321327140 ) ) ;
#2765 = ORIENTED_EDGE ( 'NONE', *, *, #2293, .F. ) ;
#2766 = CARTESIAN_POINT ( 'NONE',  ( -1.199099280720576939E-15, 1.470491331998985629, 10.00000000000000000 ) ) ;
#2767 = FACE_OUTER_BOUND ( 'NONE', #623, .T. ) ;
#2768 = ORIENTED_EDGE ( 'NONE', *, *, #1045, .T. ) ;
#2769 = VECTOR ( 'NONE', #2062, 999.9999999999998863 ) ;
#2770 = DIRECTION ( 'NONE',  ( -1.000000000000000000, -1.949127501097535707E-16, 0.000000000000000000 ) ) ;
#2771 = CARTESIAN_POINT ( 'NONE',  ( -5.650025000000002962, 3.000418073890162685, 9.225001781060429451 ) ) ;
#2772 = EDGE_CURVE ( 'NONE', #3272, #641, #1059, .T. ) ;
#2773 = EDGE_CURVE ( 'NONE', #824, #2629, #678, .T. ) ;
#2774 = VERTEX_POINT ( 'NONE', #3499 ) ;
#2775 = DIRECTION ( 'NONE',  ( 5.977393770971410022E-17, -0.5299192642332024583, -0.8480480961564275111 ) ) ;
#2776 = DIRECTION ( 'NONE',  ( -5.977393770971412487E-17, -0.5299192642332027914, 0.8480480961564274001 ) ) ;
#2777 = VECTOR ( 'NONE', #3317, 1000.000000000000000 ) ;
#2778 = CARTESIAN_POINT ( 'NONE',  ( 4.593975502511204567, 10.97855595609574841, 6.663381164818632740 ) ) ;
#2779 = CARTESIAN_POINT ( 'NONE',  ( -4.603187191874737572, 10.97575773263969268, 5.994244440286334630 ) ) ;
#2780 = ORIENTED_EDGE ( 'NONE', *, *, #1495, .F. ) ;
#2781 = CARTESIAN_POINT ( 'NONE',  ( -0.2889086223522178698, 13.33222007316887137, 8.466247051218052988 ) ) ;
#2782 = CARTESIAN_POINT ( 'NONE',  ( -4.226037951976239881, 11.52915216794742825, 8.168308391275672875 ) ) ;
#2783 = DIRECTION ( 'NONE',  ( -0.000000000000000000, -0.000000000000000000, -1.000000000000000000 ) ) ;
#2784 = DIRECTION ( 'NONE',  ( -0.000000000000000000, 0.000000000000000000, 1.000000000000000000 ) ) ;
#2785 = VECTOR ( 'NONE', #2164, 1000.000000000000000 ) ;
#2786 = ORIENTED_EDGE ( 'NONE', *, *, #847, .T. ) ;
#2787 = DIRECTION ( 'NONE',  ( 1.000000000000000000, 0.000000000000000000, 0.000000000000000000 ) ) ;
#2788 = DIRECTION ( 'NONE',  ( 0.000000000000000000, 0.000000000000000000, 1.000000000000000000 ) ) ;
#2789 = ORIENTED_EDGE ( 'NONE', *, *, #2842, .F. ) ;
#2790 = DIRECTION ( 'NONE',  ( 0.8681797986147516966, -0.4962497730752625236, 0.000000000000000000 ) ) ;
#2791 = CARTESIAN_POINT ( 'NONE',  ( 4.479490867686489075, 11.64429792797606567, 4.031054906176655628 ) ) ;
#2792 = B_SPLINE_CURVE_WITH_KNOTS ( 'NONE', 3,
 ( #2282, #1127, #3402, #3363 ),
 .UNSPECIFIED., .F., .F.,
 ( 4, 4 ),
 ( 4.580006723963793109E-17, 0.0001438234541883240034 ),
 .UNSPECIFIED. ) ;
#2793 = EDGE_CURVE ( 'NONE', #2619, #3211, #2104, .T. ) ;
#2794 = LINE ( 'NONE', #3604, #3253 ) ;
#2795 = CARTESIAN_POINT ( 'NONE',  ( 3.656547617594867017, 11.36793652973040025, 6.392729709949349193 ) ) ;
#2796 = ORIENTED_EDGE ( 'NONE', *, *, #377, .F. ) ;
#2797 = EDGE_CURVE ( 'NONE', #2022, #2248, #2605, .T. ) ;
#2798 = CARTESIAN_POINT ( 'NONE',  ( -1.624303806051280885, 13.10105727340166304, 8.461949477040590750 ) ) ;
#2799 = CARTESIAN_POINT ( 'NONE',  ( 2.336016146870535160, 12.29682339680641334, 7.643941544199965854 ) ) ;
#2800 = CARTESIAN_POINT ( 'NONE',  ( 4.594797739153100302, 10.97740719703819678, 6.060427652842332868 ) ) ;
#2801 = PLANE ( 'NONE',  #2545 ) ;
#2802 = ORIENTED_EDGE ( 'NONE', *, *, #2709, .T. ) ;
#2803 = CARTESIAN_POINT ( 'NONE',  ( -4.450000000000001066, 6.708520739398995403, 10.00000000000000000 ) ) ;
#2804 = CARTESIAN_POINT ( 'NONE',  ( 5.650000000000001243, -7.689499999999998892, 10.00000000000000000 ) ) ;
#2805 = B_SPLINE_CURVE_WITH_KNOTS ( 'NONE', 3,
 ( #2752, #199, #222, #2183 ),
 .UNSPECIFIED., .F., .F.,
 ( 4, 4 ),
 ( -1.166191682418150745E-05, 0.001046838793173355360 ),
 .UNSPECIFIED. ) ;
#2806 = CIRCLE ( 'NONE', #2165, 3.949999999999998845 ) ;
#2807 = ORIENTED_EDGE ( 'NONE', *, *, #595, .T. ) ;
#2808 = CARTESIAN_POINT ( 'NONE',  ( -3.890001178303870155, 9.850608704529806303, 6.750001763331999527 ) ) ;
#2809 = CARTESIAN_POINT ( 'NONE',  ( -3.882479470608743544, 11.92094879248409534, 4.030187258779726278 ) ) ;
#2810 = CARTESIAN_POINT ( 'NONE',  ( 3.986715481816487827, 11.69516486128356547, 8.222286859939890391 ) ) ;
#2811 = CARTESIAN_POINT ( 'NONE',  ( 2.867800744301780558, 11.73366629447166609, 6.513126462339754674 ) ) ;
#2812 = VERTEX_POINT ( 'NONE', #271 ) ;
#2813 = VECTOR ( 'NONE', #1180, 1000.000000000000000 ) ;
#2814 = CARTESIAN_POINT ( 'NONE',  ( -1.396755410686615795, -13.16720340187414884, 6.461831653315059043 ) ) ;
#2815 = CARTESIAN_POINT ( 'NONE',  ( -4.685700687286457722, 11.22939956477899415, 7.995218824671844970 ) ) ;
#2816 = EDGE_CURVE ( 'NONE', #854, #2998, #445, .T. ) ;
#2817 = ADVANCED_FACE ( 'NONE', ( #1095 ), #2201, .T. ) ;
#2818 = CARTESIAN_POINT ( 'NONE',  ( -2.105535682249372142E-17, -13.48949999999999960, 6.025001781060452366 ) ) ;
#2819 = CARTESIAN_POINT ( 'NONE',  ( 3.249998650523997945, 11.30645614812176802, 7.390001751105000238 ) ) ;
#2820 = ORIENTED_EDGE ( 'NONE', *, *, #490, .F. ) ;
#2821 = CARTESIAN_POINT ( 'NONE',  ( -4.570598584815863674, 10.98725066497237712, 6.025001781060435491 ) ) ;
#2822 = LINE ( 'NONE', #2560, #2528 ) ;
#2823 = ORIENTED_EDGE ( 'NONE', *, *, #463, .T. ) ;
#2824 = CARTESIAN_POINT ( 'NONE',  ( 4.449999999999997513, 6.708520739398995403, 10.00000000000000000 ) ) ;
#2825 = CARTESIAN_POINT ( 'NONE',  ( -0.8507840160728119550, 13.18025332838770858, 3.785566153976941628 ) ) ;
#2826 = CARTESIAN_POINT ( 'NONE',  ( 4.594050565341901482, 10.97845110991666751, 6.623229899576408286 ) ) ;
#2827 = AXIS2_PLACEMENT_3D ( 'NONE', #30, #1201, #1166 ) ;
#2828 = CARTESIAN_POINT ( 'NONE',  ( -4.225883204756832434, 11.12599609946243895, 6.391826898502041665 ) ) ;
#2829 = ORIENTED_EDGE ( 'NONE', *, *, #1090, .T. ) ;
#2830 = CARTESIAN_POINT ( 'NONE',  ( 4.305407760983363197, 7.689499999999991786, 7.241690993807688770 ) ) ;
#2831 = CARTESIAN_POINT ( 'NONE',  ( -1.655574480418877892, 13.09150843827698196, 8.461781924231024377 ) ) ;
#2832 = CARTESIAN_POINT ( 'NONE',  ( 4.479025574541817711, 11.31991609202182403, 7.996236276018287015 ) ) ;
#2833 = LINE ( 'NONE', #2019, #2837 ) ;
#2834 = ADVANCED_FACE ( 'NONE', ( #3578 ), #1063, .T. ) ;
#2835 = LINE ( 'NONE', #909, #803 ) ;
#2836 = EDGE_CURVE ( 'NONE', #17, #2629, #1112, .T. ) ;
#2837 = VECTOR ( 'NONE', #1671, 1000.000000000000227 ) ;
#2838 = AXIS2_PLACEMENT_3D ( 'NONE', #1245, #2663, #379 ) ;
#2839 = EDGE_LOOP ( 'NONE', ( #742, #1146, #227, #2942, #1051, #2963, #3257, #3485 ) ) ;
#2840 = DIRECTION ( 'NONE',  ( -1.000000000000000000, -4.511927891219993228E-16, 0.000000000000000000 ) ) ;
#2841 = DIRECTION ( 'NONE',  ( 0.000000000000000000, 0.000000000000000000, 1.000000000000000000 ) ) ;
#2842 = EDGE_CURVE ( 'NONE', #2086, #1256, #1027, .T. ) ;
#2843 = CIRCLE ( 'NONE', #2608, 4.450000000000001066 ) ;
#2844 = ORIENTED_EDGE ( 'NONE', *, *, #2407, .T. ) ;
#2845 = DIRECTION ( 'NONE',  ( 2.255963945609997107E-16, -1.000000000000000000, 0.000000000000000000 ) ) ;
#2846 = CARTESIAN_POINT ( 'NONE',  ( -3.631008766258962517, 12.21845976015880453, 3.539934323914044167 ) ) ;
#2847 = CARTESIAN_POINT ( 'NONE',  ( 8.673617379884033500E-16, -7.689499999999998892, 10.00000000000000000 ) ) ;
#2848 = CARTESIAN_POINT ( 'NONE',  ( 2.336121257355003866, 11.97319412695378738, 6.392687563048045085 ) ) ;
#2849 = VERTEX_POINT ( 'NONE', #1888 ) ;
#2850 = DIRECTION ( 'NONE',  ( 1.000000000000000000, 0.000000000000000000, 0.000000000000000000 ) ) ;
#2851 = AXIS2_PLACEMENT_3D ( 'NONE', #106, #1717, #3152 ) ;
#2852 = CARTESIAN_POINT ( 'NONE',  ( -5.049999999999999822, -2.002661781275184349, 6.825001781060429096 ) ) ;
#2853 = CARTESIAN_POINT ( 'NONE',  ( -4.013301454382410149, 11.38061953721704000, 7.643092480302027703 ) ) ;
#2854 =( BOUNDED_CURVE ( )  B_SPLINE_CURVE ( 3, ( #2925, #707, #690, #111 ),
 .UNSPECIFIED., .F., .F. ) 
 B_SPLINE_CURVE_WITH_KNOTS ( ( 4, 4 ),
 ( 1.570796326794897002, 2.077895405171094723 ),
 .UNSPECIFIED. ) 
 CURVE ( )  GEOMETRIC_REPRESENTATION_ITEM ( )  RATIONAL_B_SPLINE_CURVE ( ( 1.000000000000000000, 0.9786854331586385403, 0.9786854331586385403, 1.000000000000000000 ) ) 
 REPRESENTATION_ITEM ( '' )  );
#2855 = CARTESIAN_POINT ( 'NONE',  ( -3.890001178303816864, 11.25096563763159629, 6.021203451635686932 ) ) ;
#2856 = LINE ( 'NONE', #1163, #2430 ) ;
#2857 = VERTEX_POINT ( 'NONE', #3597 ) ;
#2858 = DIRECTION ( 'NONE',  ( 4.511927891219993228E-16, -1.000000000000000000, 0.000000000000000000 ) ) ;
#2859 = LINE ( 'NONE', #1131, #3596 ) ;
#2860 = ORIENTED_EDGE ( 'NONE', *, *, #663, .T. ) ;
#2861 = CARTESIAN_POINT ( 'NONE',  ( -3.890001178303767571, 9.850608704529333792, 5.485469493924560069 ) ) ;
#2862 = CARTESIAN_POINT ( 'NONE',  ( -1.408297838393903323, 13.06066404520632851, 3.785484988655140715 ) ) ;
#2863 = LINE ( 'NONE', #2566, #2136 ) ;
#2864 = CARTESIAN_POINT ( 'NONE',  ( 1.400381633578005491, 12.37065341741689650, 5.597620736825466459 ) ) ;
#2865 = ORIENTED_EDGE ( 'NONE', *, *, #2190, .F. ) ;
#2866 = DIRECTION ( 'NONE',  ( 0.000000000000000000, 0.000000000000000000, 1.000000000000000000 ) ) ;
#2867 = CARTESIAN_POINT ( 'NONE',  ( 0.000000000000000000, -7.689499999999998892, 3.625001781060453343 ) ) ;
#2868 = CARTESIAN_POINT ( 'NONE',  ( -1.671057869364651172, 12.54840344281000775, 7.643545868877032134 ) ) ;
#2869 = CARTESIAN_POINT ( 'NONE',  ( 5.049999999999998934, 7.689500000000000668, -23.18283361322050951 ) ) ;
#2870 = DIRECTION ( 'NONE',  ( -1.000000000000000000, -0.000000000000000000, -0.000000000000000000 ) ) ;
#2871 =( BOUNDED_SURFACE ( )  B_SPLINE_SURFACE ( 3, 2, ( 
 ( #1426, #2855, #2521 ),
 ( #42, #2506, #633 ),
 ( #1444, #26, #1111 ),
 ( #1974, #579, #3362 ),
 ( #613, #1409, #2574 ),
 ( #2003, #560, #841 ) ),
 .UNSPECIFIED., .F., .F., .F. ) 
 B_SPLINE_SURFACE_WITH_KNOTS ( ( 4, 2, 4 ),
 ( 3, 3 ),
 ( 8.747778265887713647E-05, 0.0004523176033477707648, 0.0008171574240366643932 ),
 ( 0.000000000000000000, 1.000000000000000000 ),
 .UNSPECIFIED. ) 
 GEOMETRIC_REPRESENTATION_ITEM ( )  RATIONAL_B_SPLINE_SURFACE ( (
 ( 1.000000000000000000, 0.5651119027747892876, 1.000000000000000000),
 ( 1.000000000000000000, 0.5665247377785218585, 1.000000000000000000),
 ( 1.000000000000000000, 0.5663689917890964987, 1.000000000000000000),
 ( 1.000000000000000000, 0.5666165228782368279, 1.000000000000000000),
 ( 1.000000000000000000, 0.5666023802602133674, 1.000000000000000000),
 ( 1.000000000000000000, 0.5655290761085750573, 1.000000000000000000) ) ) 
 REPRESENTATION_ITEM ( '' )  SURFACE ( )  );
#2872 = ORIENTED_EDGE ( 'NONE', *, *, #1150, .F. ) ;
#2873 = CARTESIAN_POINT ( 'NONE',  ( -2.688103356708132274, 12.33651060053088067, 4.275553405897140280 ) ) ;
#2874 = DIRECTION ( 'NONE',  ( 0.000000000000000000, 0.000000000000000000, 1.000000000000000000 ) ) ;
#2875 = CARTESIAN_POINT ( 'NONE',  ( -3.395922452116427070, 9.950126118143217013, 7.390001751105216066 ) ) ;
#2876 = EDGE_LOOP ( 'NONE', ( #2994, #2456, #2829, #149, #776 ) ) ;
#2877 = CARTESIAN_POINT ( 'NONE',  ( -5.649999999999999467, 3.000418073890163573, 9.225001781060427675 ) ) ;
#2878 = CARTESIAN_POINT ( 'NONE',  ( -4.012786002015761966, 12.06307474398776591, 3.539866328659293071 ) ) ;
#2879 = DIRECTION ( 'NONE',  ( -0.000000000000000000, -0.000000000000000000, 1.000000000000000000 ) ) ;
#2880 = EDGE_CURVE ( 'NONE', #2745, #1367, #1380, .T. ) ;
#2881 = CARTESIAN_POINT ( 'NONE',  ( 2.867856571877504201, 11.72549392759517417, 5.995188044637206559 ) ) ;
#2882 = EDGE_CURVE ( 'NONE', #2277, #750, #1043, .T. ) ;
#2883 = ORIENTED_EDGE ( 'NONE', *, *, #1849, .T. ) ;
#2884 = DIRECTION ( 'NONE',  ( 2.255963945609997107E-16, -1.000000000000000000, -0.000000000000000000 ) ) ;
#2885 = AXIS2_PLACEMENT_3D ( 'NONE', #3442, #1961, #2250 ) ;
#2886 = CARTESIAN_POINT ( 'NONE',  ( -4.570598584815863674, 10.98725066497237712, 6.025001781060435491 ) ) ;
#2887 = CARTESIAN_POINT ( 'NONE',  ( -4.603308016267775749, 10.98932629340576383, 7.111499701715994881 ) ) ;
#2888 = CARTESIAN_POINT ( 'NONE',  ( -3.407563926083339911, 11.13742213488503197, 7.375286385832428238 ) ) ;
#2889 = DIRECTION ( 'NONE',  ( -2.255963945609997107E-16, 1.000000000000000000, -0.000000000000000000 ) ) ;
#2890 = ORIENTED_EDGE ( 'NONE', *, *, #510, .F. ) ;
#2891 = CARTESIAN_POINT ( 'NONE',  ( -0.8508619620857412746, 12.93169822009552306, 4.275854848327128366 ) ) ;
#2892 = CARTESIAN_POINT ( 'NONE',  ( 3.407615440372596893, 11.13634275523181039, 7.375238686066100335 ) ) ;
#2893 = DIRECTION ( 'NONE',  ( -4.829352737571364629E-14, 0.8010027527915679624, 0.5986606634983880904 ) ) ;
#2894 = VECTOR ( 'NONE', #1424, 1000.000000000000000 ) ;
#2895 = ORIENTED_EDGE ( 'NONE', *, *, #2503, .F. ) ;
#2896 = B_SPLINE_CURVE_WITH_KNOTS ( 'NONE', 3,
 ( #656, #1254, #2932, #1501 ),
 .UNSPECIFIED., .F., .F.,
 ( 4, 4 ),
 ( 5.657435304100386437E-14, 5.120829351968009344E-05 ),
 .UNSPECIFIED. ) ;
#2897 = CARTESIAN_POINT ( 'NONE',  ( 3.979557733476092096, 11.40163735861101379, 7.615403403714561037 ) ) ;
#2898 = CARTESIAN_POINT ( 'NONE',  ( 3.197479292567664722, 12.31872305945504209, 3.785863299179767605 ) ) ;
#2899 = CARTESIAN_POINT ( 'NONE',  ( 3.656635518496841541, 11.37791991594454188, 5.597699762990478334 ) ) ;
#2900 = CIRCLE ( 'NONE', #3364, 1.050000000000000488 ) ;
#2901 = ORIENTED_EDGE ( 'NONE', *, *, #2589, .F. ) ;
#2902 = EDGE_CURVE ( 'NONE', #1930, #1002, #2805, .T. ) ;
#2903 = CARTESIAN_POINT ( 'NONE',  ( 4.354343942782322507, 7.527103879695031807, 7.192237394742258871 ) ) ;
#2904 = CARTESIAN_POINT ( 'NONE',  ( -4.568952828910473940, 10.98879128869751831, 6.503789363203766882 ) ) ;
#2905 = CARTESIAN_POINT ( 'NONE',  ( 3.839949037786825503, 11.35929043829123408, 7.291722213288895915 ) ) ;
#2906 = CARTESIAN_POINT ( 'NONE',  ( -5.649999999999998579, -3.000418073890167570, 9.225001781060429451 ) ) ;
#2907 = EDGE_CURVE ( 'NONE', #2046, #1990, #1942, .T. ) ;
#2908 = CONICAL_SURFACE ( 'NONE', #2851, 1.250000000000000000, 0.6981317007977311251 ) ;
#2909 = CARTESIAN_POINT ( 'NONE',  ( -3.890770468886905142, 11.25238191223776063, 6.754752385011072668 ) ) ;
#2910 = CARTESIAN_POINT ( 'NONE',  ( 3.472896783548755195, 12.20305661085475535, 8.515241441166242709 ) ) ;
#2911 = ORIENTED_EDGE ( 'NONE', *, *, #3103, .F. ) ;
#2912 = CARTESIAN_POINT ( 'NONE',  ( 0.7011419836953500795, 12.74218357380746980, 4.798252490781213631 ) ) ;
#2913 = DIRECTION ( 'NONE',  ( 0.000000000000000000, 0.000000000000000000, 1.000000000000000000 ) ) ;
#2914 = DIRECTION ( 'NONE',  ( -1.000000000000000000, 0.000000000000000000, 0.000000000000000000 ) ) ;
#2915 = ORIENTED_EDGE ( 'NONE', *, *, #1373, .T. ) ;
#2916 = DIRECTION ( 'NONE',  ( -0.000000000000000000, -0.000000000000000000, -1.000000000000000000 ) ) ;
#2917 = DIRECTION ( 'NONE',  ( 0.000000000000000000, -0.8010027527915679624, -0.5986606634983880904 ) ) ;
#2918 = CARTESIAN_POINT ( 'NONE',  ( -0.2935425068658465420, 12.54194634166247724, 5.597464441725058748 ) ) ;
#2919 = ORIENTED_EDGE ( 'NONE', *, *, #16, .T. ) ;
#2920 =( NAMED_UNIT ( * ) SI_UNIT ( $, .STERADIAN. ) SOLID_ANGLE_UNIT ( ) );
#2921 = CARTESIAN_POINT ( 'NONE',  ( 1.246220190906395464, 12.69604044394584719, 7.671347038035315258 ) ) ;
#2922 = CARTESIAN_POINT ( 'NONE',  ( -0.2937009376716210873, 12.61531639909745017, 7.112245622339003148 ) ) ;
#2923 = CARTESIAN_POINT ( 'NONE',  ( 1.049999999999997602, 10.10852073939899931, 26.77290423217469595 ) ) ;
#2924 = VERTEX_POINT ( 'NONE', #3028 ) ;
#2925 = CARTESIAN_POINT ( 'NONE',  ( 4.449999999999997513, 7.689500000000000668, 3.870280574240121840 ) ) ;
#2926 = CARTESIAN_POINT ( 'NONE',  ( -2.973832128722458279, 12.54988252494345780, 8.514595079185653503 ) ) ;
#2927 = ADVANCED_FACE ( 'NONE', ( #2767 ), #1651, .F. ) ;
#2928 = EDGE_CURVE ( 'NONE', #17, #1916, #209, .T. ) ;
#2929 = VERTEX_POINT ( 'NONE', #514 ) ;
#2930 = CARTESIAN_POINT ( 'NONE',  ( 3.840242904855842188, 11.57642252614565592, 4.798398827901745989 ) ) ;
#2931 = CARTESIAN_POINT ( 'NONE',  ( 3.418766395691892779, 11.60171219651162389, 7.390001751105116590 ) ) ;
#2932 = CARTESIAN_POINT ( 'NONE',  ( -3.890898070781628526, 10.55548303003474864, 6.025001781060436379 ) ) ;
#2933 = ORIENTED_EDGE ( 'NONE', *, *, #239, .T. ) ;
#2934 = FACE_OUTER_BOUND ( 'NONE', #3386, .T. ) ;
#2935 = FACE_OUTER_BOUND ( 'NONE', #476, .T. ) ;
#2936 = CARTESIAN_POINT ( 'NONE',  ( -2.097485491339940555, 12.06280229218552513, 5.994702064303841560 ) ) ;
#2937 = AXIS2_PLACEMENT_3D ( 'NONE', #189, #1304, #2425 ) ;
#2938 = VERTEX_POINT ( 'NONE', #3059 ) ;
#2939 = CARTESIAN_POINT ( 'NONE',  ( -2.751529095407075687, 11.59866385351783791, 7.390001751104991357 ) ) ;
#2940 = CARTESIAN_POINT ( 'NONE',  ( 2.867729546242375083, 11.87587188366724611, 7.291703163368413954 ) ) ;
#2941 = CARTESIAN_POINT ( 'NONE',  ( -3.532763477756663661, -13.32351120075463058, 0.000000000000000000 ) ) ;
#2942 = ORIENTED_EDGE ( 'NONE', *, *, #1192, .F. ) ;
#2943 = FACE_OUTER_BOUND ( 'NONE', #2971, .T. ) ;
#2944 = CARTESIAN_POINT ( 'NONE',  ( 4.162220607675600093, 11.78699589889860988, 8.515246536686790435 ) ) ;
#2945 = AXIS2_PLACEMENT_3D ( 'NONE', #3224, #437, #386 ) ;
#2946 = ORIENTED_EDGE ( 'NONE', *, *, #782, .T. ) ;
#2947 = CARTESIAN_POINT ( 'NONE',  ( 1.804629365622361092, 12.48277850836123726, 4.798329337632458724 ) ) ;
#2948 = CARTESIAN_POINT ( 'NONE',  ( 3.480770886582552404, 11.71018790639673846, 7.706304058074459284 ) ) ;
#2949 = LINE ( 'NONE', #2673, #3472 ) ;
#2950 = CARTESIAN_POINT ( 'NONE',  ( -5.050000000000000711, -7.689499999999998003, -23.18283361322050951 ) ) ;
#2951 = ORIENTED_EDGE ( 'NONE', *, *, #2315, .F. ) ;
#2952 = EDGE_CURVE ( 'NONE', #2938, #2477, #842, .T. ) ;
#2953 = CARTESIAN_POINT ( 'NONE',  ( 4.524788744739176138, 11.02149258986104030, 7.036747873400448050 ) ) ;
#2954 = FACE_OUTER_BOUND ( 'NONE', #301, .T. ) ;
#2955 = CARTESIAN_POINT ( 'NONE',  ( -4.685431245098404140, 10.99363156037441058, 5.319628045034181518 ) ) ;
#2956 = VECTOR ( 'NONE', #3086, 1000.000000000000000 ) ;
#2957 = ORIENTED_EDGE ( 'NONE', *, *, #2710, .F. ) ;
#2958 = CARTESIAN_POINT ( 'NONE',  ( -4.593489635395371806, 10.97923448313494355, 6.340592105625958652 ) ) ;
#2959 = CARTESIAN_POINT ( 'NONE',  ( -2.751529093238449075, 11.59866384861360089, 7.390001751104994021 ) ) ;
#2960 = CARTESIAN_POINT ( 'NONE',  ( 4.375341007045022046, 11.11464374451579218, 7.291739432031004498 ) ) ;
#2961 = DIRECTION ( 'NONE',  ( -1.000000000000000000, 0.000000000000000000, 0.000000000000000000 ) ) ;
#2962 = CIRCLE ( 'NONE', #2251, 1.250000000000000000 ) ;
#2963 = ORIENTED_EDGE ( 'NONE', *, *, #2907, .T. ) ;
#2964 = CARTESIAN_POINT ( 'NONE',  ( -4.438265395118184742, 11.66936540479898099, 4.030083985662659352 ) ) ;
#2965 = CARTESIAN_POINT ( 'NONE',  ( -3.910445077619395082, 11.24210554670046136, 6.965594147943043879 ) ) ;
#2966 = CARTESIAN_POINT ( 'NONE',  ( 3.532763477756664994, -13.32351120075462880, -6.783682966675851592E-18 ) ) ;
#2967 = LINE ( 'NONE', #2180, #2254 ) ;
#2968 = CARTESIAN_POINT ( 'NONE',  ( 4.449999999999991296, 1.779412703751509062, 7.196037656365388280 ) ) ;
#2969 = CARTESIAN_POINT ( 'NONE',  ( 5.050000000000002487, 1.470491331998989848, 6.025001781060452366 ) ) ;
#2970 = CARTESIAN_POINT ( 'NONE',  ( -5.049999999999999822, -4.002243707385003901, 3.625001781060453343 ) ) ;
#2971 = EDGE_LOOP ( 'NONE', ( #933, #37, #158, #3267 ) ) ;
#2972 = VECTOR ( 'NONE', #2169, 1000.000000000000000 ) ;
#2973 = DIRECTION ( 'NONE',  ( 0.000000000000000000, 0.000000000000000000, -1.000000000000000000 ) ) ;
#2974 = DIRECTION ( 'NONE',  ( -0.000000000000000000, 1.000000000000000000, -0.000000000000000000 ) ) ;
#2975 = CARTESIAN_POINT ( 'NONE',  ( 3.197249344380266756, 11.68409313561651430, 5.320606648992569632 ) ) ;
#2976 = EDGE_CURVE ( 'NONE', #426, #3159, #3128, .T. ) ;
#2977 = EDGE_CURVE ( 'NONE', #958, #953, #1579, .T. ) ;
#2978 = VERTEX_POINT ( 'NONE', #544 ) ;
#2979 = DIRECTION ( 'NONE',  ( 4.142671149973825313E-15, 0.000000000000000000, -1.000000000000000000 ) ) ;
#2980 = DIRECTION ( 'NONE',  ( -0.000000000000000000, -0.000000000000000000, -1.000000000000000000 ) ) ;
#2981 = CIRCLE ( 'NONE', #758, 5.649999999999999467 ) ;
#2982 = CARTESIAN_POINT ( 'NONE',  ( -3.380016402938302189, 11.49738887345539418, 6.512403352198332662 ) ) ;
#2983 = DIRECTION ( 'NONE',  ( -0.000000000000000000, -0.000000000000000000, -1.000000000000000000 ) ) ;
#2984 = ORIENTED_EDGE ( 'NONE', *, *, #378, .F. ) ;
#2985 = CARTESIAN_POINT ( 'NONE',  ( 4.686963530717580539, 11.53895360208492704, 4.031059798273187944 ) ) ;
#2986 = CARTESIAN_POINT ( 'NONE',  ( 0.07432410935757935433, 13.33903784416686733, 8.466134157433947038 ) ) ;
#2987 = CARTESIAN_POINT ( 'NONE',  ( 3.949195209452236899, 11.67715836360168780, 8.169227353021764060 ) ) ;
#2988 = VECTOR ( 'NONE', #1047, 1000.000000000000000 ) ;
#2989 = DIRECTION ( 'NONE',  ( 1.000000000000000000, 2.255963945609997600E-16, -0.000000000000000000 ) ) ;
#2990 = CARTESIAN_POINT ( 'NONE',  ( -3.210828203772329914, 11.86278827366246880, 7.699905910346415361 ) ) ;
#2991 = CARTESIAN_POINT ( 'NONE',  ( 5.049999999999998046, -2.129508668001011795, 5.715302991864936288 ) ) ;
#2992 = PLANE ( 'NONE',  #3183 ) ;
#2993 = AXIS2_PLACEMENT_3D ( 'NONE', #1399, #1165, #1960 ) ;
#2994 = ORIENTED_EDGE ( 'NONE', *, *, #3417, .F. ) ;
#2995 = DIRECTION ( 'NONE',  ( -1.691972959207498077E-16, 1.000000000000000000, 0.000000000000000000 ) ) ;
#2996 = CARTESIAN_POINT ( 'NONE',  ( -5.050000000000000711, -5.000000000000001776, 6.025001781060428385 ) ) ;
#2997 = CARTESIAN_POINT ( 'NONE',  ( -4.013057218788278036, 11.28072196858577314, 5.319750064963877811 ) ) ;
#2998 = VERTEX_POINT ( 'NONE', #1924 ) ;
#2999 = CARTESIAN_POINT ( 'NONE',  ( -4.593495023806468680, 10.97922695922921932, 6.326592754111919348 ) ) ;
#3000 = EDGE_CURVE ( 'NONE', #1916, #1381, #2962, .T. ) ;
#3001 = EDGE_CURVE ( 'NONE', #1562, #520, #1331, .T. ) ;
#3002 = CARTESIAN_POINT ( 'NONE',  ( 2.997359212461639721, 11.45086432717445746, 7.390001751105000238 ) ) ;
#3003 = CARTESIAN_POINT ( 'NONE',  ( -2.973728147002638877, 11.71099180328460854, 6.812141831677898551 ) ) ;
#3004 = ORIENTED_EDGE ( 'NONE', *, *, #1773, .T. ) ;
#3005 = EDGE_CURVE ( 'NONE', #2978, #218, #580, .T. ) ;
#3006 = CARTESIAN_POINT ( 'NONE',  ( 2.132681314035364206, 12.92153541455648913, 8.459404801774180527 ) ) ;
#3007 = CARTESIAN_POINT ( 'NONE',  ( 0.7008017489420216295, 13.22444460622086915, 8.342122180562739686 ) ) ;
#3008 = ORIENTED_EDGE ( 'NONE', *, *, #2383, .F. ) ;
#3009 = CARTESIAN_POINT ( 'NONE',  ( 2.387738874190824756, 12.29489338774259011, 7.677650920709008453 ) ) ;
#3010 = CARTESIAN_POINT ( 'NONE',  ( -5.650000000000000355, 7.689499999999997115, 10.00000000000000000 ) ) ;
#3011 = DIRECTION ( 'NONE',  ( -1.000000000000000000, 0.000000000000000000, 0.000000000000000000 ) ) ;
#3012 = ORIENTED_EDGE ( 'NONE', *, *, #2542, .F. ) ;
#3013 = CYLINDRICAL_SURFACE ( 'NONE', #1937, 5.650000000000000355 ) ;
#3014 = FACE_OUTER_BOUND ( 'NONE', #1060, .T. ) ;
#3015 = ORIENTED_EDGE ( 'NONE', *, *, #52, .F. ) ;
#3016 = DIRECTION ( 'NONE',  ( -1.000000000000000000, 0.000000000000000000, 0.000000000000000000 ) ) ;
#3017 = VECTOR ( 'NONE', #57, 1000.000000000000000 ) ;
#3018 = CARTESIAN_POINT ( 'NONE',  ( 5.049999999999998046, 6.767891836829990828E-17, 0.000000000000000000 ) ) ;
#3019 = CARTESIAN_POINT ( 'NONE',  ( -4.225896540238348820, 11.12426561059298891, 6.512247826545046081 ) ) ;
#3020 = ORIENTED_EDGE ( 'NONE', *, *, #398, .F. ) ;
#3021 = CIRCLE ( 'NONE', #2202, 3.949999999999998845 ) ;
#3022 = CARTESIAN_POINT ( 'NONE',  ( 1.993817111422513388, 12.97605072741523813, 8.460123276139071891 ) ) ;
#3023 = CARTESIAN_POINT ( 'NONE',  ( -0.8512809541605939057, 13.19277176048477251, 8.341947110363115314 ) ) ;
#3024 = EDGE_CURVE ( 'NONE', #218, #1384, #2397, .T. ) ;
#3025 = CARTESIAN_POINT ( 'NONE',  ( 5.049999999999999822, 8.728330632803425360, 4.646691184227596416 ) ) ;
#3026 = CARTESIAN_POINT ( 'NONE',  ( 3.833744117960220521, 11.30313987778720275, 7.125288737056367339 ) ) ;
#3027 = DIRECTION ( 'NONE',  ( 2.255963945609997107E-16, -1.000000000000000000, -2.024769005366008431E-16 ) ) ;
#3028 = CARTESIAN_POINT ( 'NONE',  ( 5.049999999999998934, 7.689500000000000668, 6.025001781060454142 ) ) ;
#3029 = VERTEX_POINT ( 'NONE', #1397 ) ;
#3030 = CARTESIAN_POINT ( 'NONE',  ( -4.450000000000000178, 2.002661781275172803, 6.825001781060429096 ) ) ;
#3031 = DIRECTION ( 'NONE',  ( 1.000000000000000000, 0.000000000000000000, -0.000000000000000000 ) ) ;
#3032 = EDGE_LOOP ( 'NONE', ( #1692, #646, #1875, #2058 ) ) ;
#3033 = CARTESIAN_POINT ( 'NONE',  ( 4.253924652958227526, 7.860348167903121741, 7.293718448532350074 ) ) ;
#3034 = DIRECTION ( 'NONE',  ( 0.000000000000000000, 0.000000000000000000, -1.000000000000000000 ) ) ;
#3035 = CARTESIAN_POINT ( 'NONE',  ( 4.375387925968916569, 11.05908166737645182, 6.812835334012723010 ) ) ;
#3036 = CIRCLE ( 'NONE', #1100, 1.799999999999996048 ) ;
#3037 = ORIENTED_EDGE ( 'NONE', *, *, #1521, .F. ) ;
#3038 = CARTESIAN_POINT ( 'NONE',  ( 1.350284952158687268, 13.17583008037905934, 8.463158037372089382 ) ) ;
#3039 = CARTESIAN_POINT ( 'NONE',  ( 3.839882063977860582, 11.84822824733983815, 8.342232964846186150 ) ) ;
#3040 = AXIS2_PLACEMENT_3D ( 'NONE', #1319, #2, #3569 ) ;
#3041 = CARTESIAN_POINT ( 'NONE',  ( -4.551568490291525215, 11.03710993093588222, 7.221474600010970413 ) ) ;
#3042 = CARTESIAN_POINT ( 'NONE',  ( 4.560419622757195590, 10.99574475143884733, 6.891443348481441689 ) ) ;
#3043 = DIRECTION ( 'NONE',  ( -1.000000000000000000, -2.302730277845319126E-16, 0.000000000000000000 ) ) ;
#3044 = EDGE_CURVE ( 'NONE', #958, #520, #3123, .T. ) ;
#3045 = DIRECTION ( 'NONE',  ( -0.6427876096865388078, 7.871877887341980133E-17, 0.7660444431189784575 ) ) ;
#3046 = EDGE_CURVE ( 'NONE', #1315, #2721, #634, .T. ) ;
#3047 = EDGE_LOOP ( 'NONE', ( #1543, #1881, #3618, #912, #2131, #3302, #1215, #2417, #1833, #3421, #1890, #3189, #1525, #480, #2661, #1203 ) ) ;
#3048 = CARTESIAN_POINT ( 'NONE',  ( -3.612662324280627946, 11.63768045275613083, 7.710332371777941951 ) ) ;
#3049 = FACE_OUTER_BOUND ( 'NONE', #706, .T. ) ;
#3050 = ORIENTED_EDGE ( 'NONE', *, *, #689, .F. ) ;
#3051 = APPLICATION_PROTOCOL_DEFINITION ( 'draft international standard', 'automotive_design', 1998, #1456 ) ;
#3052 = FACE_OUTER_BOUND ( 'NONE', #2341, .T. ) ;
#3053 = CARTESIAN_POINT ( 'NONE',  ( 4.594406640677895837, 10.97795368225176205, 6.456340525794304952 ) ) ;
#3054 = CARTESIAN_POINT ( 'NONE',  ( 1.804384990329950478, 12.23636150744053275, 6.812753064080236065 ) ) ;
#3055 = VERTEX_POINT ( 'NONE', #1989 ) ;
#3056 = CARTESIAN_POINT ( 'NONE',  ( -0.8245390579708660184, 13.27903981922279897, 8.465419007988565170 ) ) ;
#3057 = CARTESIAN_POINT ( 'NONE',  ( -4.438741622812787391, 11.42647365188510555, 8.168267787483783238 ) ) ;
#3058 = LINE ( 'NONE', #1379, #3527 ) ;
#3059 = CARTESIAN_POINT ( 'NONE',  ( 4.449999999999998401, -2.129508668001012239, 3.625001781060453343 ) ) ;
#3060 = EDGE_CURVE ( 'NONE', #1233, #958, #2575, .T. ) ;
#3061 = ORIENTED_EDGE ( 'NONE', *, *, #69, .F. ) ;
#3062 = AXIS2_PLACEMENT_3D ( 'NONE', #2716, #793, #2452 ) ;
#3063 = DIRECTION ( 'NONE',  ( 0.000000000000000000, 0.5299192642332024583, 0.8480480961564275111 ) ) ;
#3064 = DIRECTION ( 'NONE',  ( 1.127981972804998554E-16, -1.000000000000000000, 0.000000000000000000 ) ) ;
#3065 = EDGE_CURVE ( 'NONE', #2857, #2929, #3627, .T. ) ;
#3066 = VERTEX_POINT ( 'NONE', #1427 ) ;
#3067 = CARTESIAN_POINT ( 'NONE',  ( 1.396755410686616683, -13.16720340187415061, 6.461831653315059043 ) ) ;
#3068 = CARTESIAN_POINT ( 'NONE',  ( 1.400571180977374208, 12.83076980411451373, 4.276083993062774979 ) ) ;
#3069 = CARTESIAN_POINT ( 'NONE',  ( 4.593974802709130500, 10.97855693354084927, 6.667604101194842592 ) ) ;
#3070 = CARTESIAN_POINT ( 'NONE',  ( -4.438585243466749652, 11.03998688553819996, 6.391789110704577226 ) ) ;
#3071 = ORIENTED_EDGE ( 'NONE', *, *, #2436, .F. ) ;
#3072 = CARTESIAN_POINT ( 'NONE',  ( -0.6108293273572672488, 13.30719569183651174, 8.465924677282197663 ) ) ;
#3073 = CARTESIAN_POINT ( 'NONE',  ( -2.097651534869944268, 12.60130398997090140, 7.995733572535948852 ) ) ;
#3074 = CARTESIAN_POINT ( 'NONE',  ( -4.450000000000001066, 7.689499999999997115, 6.890001751105001127 ) ) ;
#3075 = DIRECTION ( 'NONE',  ( 0.000000000000000000, 1.000000000000000000, 0.000000000000000000 ) ) ;
#3076 = ORIENTED_EDGE ( 'NONE', *, *, #2638, .F. ) ;
#3077 = CARTESIAN_POINT ( 'NONE',  ( -1.412538234306535448E-15, 7.689499999999998892, 10.00000000000000000 ) ) ;
#3078 = PLANE ( 'NONE',  #1408 ) ;
#3079 = ORIENTED_EDGE ( 'NONE', *, *, #2383, .T. ) ;
#3080 = CARTESIAN_POINT ( 'NONE',  ( -3.890001178303767571, 9.850608704529333792, 5.485469493924560069 ) ) ;
#3081 = CARTESIAN_POINT ( 'NONE',  ( -3.631081890560440506, 12.01914995153763677, 4.030231337418102910 ) ) ;
#3082 = EDGE_CURVE ( 'NONE', #2277, #2619, #2856, .T. ) ;
#3083 = CARTESIAN_POINT ( 'NONE',  ( -4.520864581364947732, 11.00690668719642140, 5.994258703999654436 ) ) ;
#3084 = ADVANCED_FACE ( 'NONE', ( #859 ), #2593, .F. ) ;
#3085 = ORIENTED_EDGE ( 'NONE', *, *, #569, .T. ) ;
#3086 = DIRECTION ( 'NONE',  ( 0.000000000000000000, -1.000000000000000000, 0.000000000000000000 ) ) ;
#3087 = CARTESIAN_POINT ( 'NONE',  ( -0.2937589837211478372, 13.00924519052896144, 7.995999738190565864 ) ) ;
#3088 = AXIS2_PLACEMENT_3D ( 'NONE', #2530, #331, #659 ) ;
#3089 = CARTESIAN_POINT ( 'NONE',  ( 4.594762680647448860, 10.97745619059786115, 6.151159967921806526 ) ) ;
#3090 = CARTESIAN_POINT ( 'NONE',  ( 4.410689520190356205, 2.002661781275172359, 6.825001781060429096 ) ) ;
#3091 = AXIS2_PLACEMENT_3D ( 'NONE', #2771, #1911, #3031 ) ;
#3092 = ORIENTED_EDGE ( 'NONE', *, *, #867, .T. ) ;
#3093 = DIRECTION ( 'NONE',  ( 1.127981972804998554E-16, 1.000000000000000000, -0.000000000000000000 ) ) ;
#3094 = AXIS2_PLACEMENT_3D ( 'NONE', #1789, #1221, #2064 ) ;
#3095 = ORIENTED_EDGE ( 'NONE', *, *, #2793, .T. ) ;
#3096 = CARTESIAN_POINT ( 'NONE',  ( 2.533051596073041978, -13.29950800053902249, -4.993345533600482450E-16 ) ) ;
#3097 = CARTESIAN_POINT ( 'NONE',  ( 2.336522013609513948, 12.88137828078740554, 3.540698853966658177 ) ) ;
#3098 = CARTESIAN_POINT ( 'NONE',  ( 4.594243444862732950, 10.97818167715798054, 6.535067625442766648 ) ) ;
#3099 = VECTOR ( 'NONE', #2284, 1000.000000000000000 ) ;
#3100 = CARTESIAN_POINT ( 'NONE',  ( -0.2936335585280491212, 12.49978348283061713, 6.392488952510611000 ) ) ;
#3101 = ORIENTED_EDGE ( 'NONE', *, *, #1333, .T. ) ;
#3102 = EDGE_CURVE ( 'NONE', #2978, #2392, #2792, .T. ) ;
#3103 = EDGE_CURVE ( 'NONE', #2099, #5, #2835, .T. ) ;
#3104 = CARTESIAN_POINT ( 'NONE',  ( -3.890001178640766444, 10.52100538359625048, 4.225001781060453432 ) ) ;
#3105 = CARTESIAN_POINT ( 'NONE',  ( -0.7891259411528862566, 13.28414925601206420, 8.465514427129720687 ) ) ;
#3106 = CARTESIAN_POINT ( 'NONE',  ( -4.013323759774147348, 11.54612064929404802, 7.995345850199170989 ) ) ;
#3107 = EDGE_CURVE ( 'NONE', #144, #218, #990, .T. ) ;
#3108 = LINE ( 'NONE', #339, #3017 ) ;
#3109 = CARTESIAN_POINT ( 'NONE',  ( 3.889998638297247346, 10.52134920293995712, 6.750001763331999527 ) ) ;
#3110 = EDGE_LOOP ( 'NONE', ( #2014, #2350, #131, #697 ) ) ;
#3111 = FACE_OUTER_BOUND ( 'NONE', #1296, .T. ) ;
#3112 = DIRECTION ( 'NONE',  ( -1.000000000000000000, -2.255963945609997107E-16, 0.000000000000000000 ) ) ;
#3113 = ORIENTED_EDGE ( 'NONE', *, *, #550, .F. ) ;
#3114 = CARTESIAN_POINT ( 'NONE',  ( 0.000000000000000000, 7.689500000000000668, 3.625001781060453343 ) ) ;
#3115 = CARTESIAN_POINT ( 'NONE',  ( 4.162748308288984234, 11.89549527203820745, 3.785897358576579386 ) ) ;
#3116 = CARTESIAN_POINT ( 'NONE',  ( 4.594529683510747198, 10.97778176852512644, 6.384723396717417288 ) ) ;
#3117 = CARTESIAN_POINT ( 'NONE',  ( 4.582909285127901633, 10.98200245619669779, 6.392765814572867633 ) ) ;
#3118 = ORIENTED_EDGE ( 'NONE', *, *, #1473, .F. ) ;
#3119 = LINE ( 'NONE', #1772, #3195 ) ;
#3120 = CARTESIAN_POINT ( 'NONE',  ( -1.498816529400643693, 13.13719106180892560, 8.462608649277512995 ) ) ;
#3121 = CARTESIAN_POINT ( 'NONE',  ( 3.949204714801831884, 11.58107151346240649, 7.996222455167308674 ) ) ;
#3122 = DIRECTION ( 'NONE',  ( 0.000000000000000000, -2.024769005366008677E-16, 1.000000000000000000 ) ) ;
#3123 = LINE ( 'NONE', #3090, #1255 ) ;
#3124 = ADVANCED_FACE ( 'NONE', ( #75 ), #340, .T. ) ;
#3125 = ORIENTED_EDGE ( 'NONE', *, *, #166, .T. ) ;
#3126 = CARTESIAN_POINT ( 'NONE',  ( 4.449999999999998401, 1.470491331998985629, 10.00000000000000178 ) ) ;
#3127 = DIRECTION ( 'NONE',  ( 0.000000000000000000, 0.000000000000000000, -1.000000000000000000 ) ) ;
#3128 = CIRCLE ( 'NONE', #269, 5.650000000000000355 ) ;
#3129 = ORIENTED_EDGE ( 'NONE', *, *, #621, .T. ) ;
#3130 = CARTESIAN_POINT ( 'NONE',  ( -4.039445506870854352, 10.89463052018049183, 6.025001781060435491 ) ) ;
#3131 = CARTESIAN_POINT ( 'NONE',  ( 3.656904844391354548, 12.10530699286570133, 3.785877486556110672 ) ) ;
#3132 = CARTESIAN_POINT ( 'NONE',  ( 5.049999999999998046, -4.495606889891531097E-15, 9.469998612017995754 ) ) ;
#3133 = CARTESIAN_POINT ( 'NONE',  ( -3.631402404553760288, 11.38297304222313144, 6.391935313987914036 ) ) ;
#3134 = EDGE_LOOP ( 'NONE', ( #3572, #1829, #3403, #32 ) ) ;
#3135 = DIRECTION ( 'NONE',  ( 0.000000000000000000, 0.000000000000000000, 1.000000000000000000 ) ) ;
#3136 = CARTESIAN_POINT ( 'NONE',  ( -0.3189096786328516342, 12.69801972026176351, 7.390001751106991534 ) ) ;
#3137 = CARTESIAN_POINT ( 'NONE',  ( -2.097633368733824444, 12.39352766390012839, 7.643473060962089782 ) ) ;
#3138 = CARTESIAN_POINT ( 'NONE',  ( -4.449999999999999289, -7.689499999999998892, 10.00000000000000000 ) ) ;
#3139 = CARTESIAN_POINT ( 'NONE',  ( 4.567162572264742870, 10.98724122566355277, 6.025001781060473682 ) ) ;
#3140 = EDGE_LOOP ( 'NONE', ( #2033, #406, #967, #1198, #927 ) ) ;
#3141 = EDGE_CURVE ( 'NONE', #1068, #2212, #1462, .T. ) ;
#3142 = ADVANCED_FACE ( 'NONE', ( #2039 ), #2801, .F. ) ;
#3143 = DIRECTION ( 'NONE',  ( -0.000000000000000000, -0.000000000000000000, 1.000000000000000000 ) ) ;
#3144 = LINE ( 'NONE', #2578, #2291 ) ;
#3145 = EDGE_LOOP ( 'NONE', ( #2005, #1101, #3076, #1899 ) ) ;
#3146 = CARTESIAN_POINT ( 'NONE',  ( 5.050000000000006040, -7.689499999999998892, 6.025001781060454142 ) ) ;
#3147 = CARTESIAN_POINT ( 'NONE',  ( -1.670593064770417246, 12.98734390050616305, 3.785443921318011995 ) ) ;
#3148 = DIRECTION ( 'NONE',  ( 0.000000000000000000, -1.000000000000000000, -4.818676322157796389E-16 ) ) ;
#3149 = CARTESIAN_POINT ( 'NONE',  ( 0.7009844915490122119, 12.47016005411270001, 5.995076888257615977 ) ) ;
#3150 = B_SPLINE_CURVE_WITH_KNOTS ( 'NONE', 3,
 ( #1905, #1022, #3316, #3009, #3594, #496, #1310, #219, #1077, #2198, #1633, #1293, #2414, #755, #1866, #1329, #2990, #477 ),
 .UNSPECIFIED., .F., .F.,
 ( 4, 2, 2, 2, 2, 2, 2, 2, 4 ),
 ( 0.000000000000000000, 0.0009299122475764423894, 0.001859824495152884779, 0.002789736742729326518, 0.003719648990305768690, 0.004649561237882210429, 0.005579473485458651301, 0.006509385733035093040, 0.007439297980611533911 ),
 .UNSPECIFIED. ) ;
#3151 = EDGE_LOOP ( 'NONE', ( #562, #2172, #2844, #878 ) ) ;
#3152 = DIRECTION ( 'NONE',  ( -1.000000000000000000, 0.000000000000000000, 0.000000000000000000 ) ) ;
#3153 = CARTESIAN_POINT ( 'NONE',  ( -0.6413597042084190347, 12.80530245612628981, 7.670797507389946368 ) ) ;
#3154 = CARTESIAN_POINT ( 'NONE',  ( 2.336040097619447309, 12.14812671359704410, 7.291691013124603771 ) ) ;
#3155 = AXIS2_PLACEMENT_3D ( 'NONE', #500, #1928, #3063 ) ;
#3156 = CARTESIAN_POINT ( 'NONE',  ( -3.326827913446711804, 11.22928583002581249, 7.390001751105426564 ) ) ;
#3157 = CARTESIAN_POINT ( 'NONE',  ( -4.013341795216655683, 11.74825488087214431, 8.341357328570046192 ) ) ;
#3158 = VECTOR ( 'NONE', #3299, 1000.000000000000114 ) ;
#3159 = VERTEX_POINT ( 'NONE', #691 ) ;
#3160 = CARTESIAN_POINT ( 'NONE',  ( 4.583103838351315851, 11.18865483490048796, 4.798414557015719950 ) ) ;
#3161 = CARTESIAN_POINT ( 'NONE',  ( 3.331283349503544766, 11.22369538497929753, 7.390001751105120142 ) ) ;
#3162 = LINE ( 'NONE', #1765, #3535 ) ;
#3163 = ADVANCED_FACE ( 'NONE', ( #1761 ), #1803, .F. ) ;
#3164 = EDGE_LOOP ( 'NONE', ( #266, #3295, #1239, #1621 ) ) ;
#3165 = CYLINDRICAL_SURFACE ( 'NONE', #3088, 2.500000000000000000 ) ;
#3166 = CARTESIAN_POINT ( 'NONE',  ( 0.7012989279151649047, 13.21438639430576956, 3.785741639788822610 ) ) ;
#3167 = CARTESIAN_POINT ( 'NONE',  ( -3.631359292363045554, 11.37940338139808105, 5.994418894213683124 ) ) ;
#3168 = CIRCLE ( 'NONE', #3175, 5.650000000000000355 ) ;
#3169 = EDGE_CURVE ( 'NONE', #2184, #2141, #2843, .T. ) ;
#3170 = VERTEX_POINT ( 'NONE', #400 ) ;
#3171 = FACE_OUTER_BOUND ( 'NONE', #1036, .T. ) ;
#3172 = CARTESIAN_POINT ( 'NONE',  ( -1.263316913372500405, 12.69146868158801666, 7.671142568447009147 ) ) ;
#3173 = CARTESIAN_POINT ( 'NONE',  ( 3.949226767031465357, 11.41298479586016157, 7.643968648476187511 ) ) ;
#3174 = DIRECTION ( 'NONE',  ( 2.255963945609997107E-16, -1.000000000000000000, 0.000000000000000000 ) ) ;
#3175 = AXIS2_PLACEMENT_3D ( 'NONE', #2766, #3027, #3043 ) ;
#3176 = CARTESIAN_POINT ( 'NONE',  ( 1.400146656584727589, 13.22850772478030557, 8.515188007835188699 ) ) ;
#3177 = ORIENTED_EDGE ( 'NONE', *, *, #1901, .F. ) ;
#3178 = CARTESIAN_POINT ( 'NONE',  ( 3.840164706403352390, 11.36094289808542968, 5.320622364402518123 ) ) ;
#3179 = CARTESIAN_POINT ( 'NONE',  ( 1.351827002467245771E-15, -7.689499999999998892, 8.225001781060452544 ) ) ;
#3180 = CARTESIAN_POINT ( 'NONE',  ( 5.049999999999998046, 6.767891836829990828E-17, 7.796037656365395030 ) ) ;
#3181 = CIRCLE ( 'NONE', #321, 5.049999999999998934 ) ;
#3182 = B_SPLINE_CURVE_WITH_KNOTS ( 'NONE', 3,
 ( #1433, #3130, #1981, #1417, #2047, #64 ),
 .UNSPECIFIED., .F., .F.,
 ( 4, 2, 4 ),
 ( 0.0002974300249635092363, 0.0006312414875337193920, 0.0009650529501039294394 ),
 .UNSPECIFIED. ) ;
#3183 = AXIS2_PLACEMENT_3D ( 'NONE', #757, #479, #1206 ) ;
#3184 = ORIENTED_EDGE ( 'NONE', *, *, #1753, .F. ) ;
#3185 = CARTESIAN_POINT ( 'NONE',  ( 0.03377189186398689424, -15.73949999999999960, 8.225001781060452544 ) ) ;
#3186 = DIRECTION ( 'NONE',  ( -1.000000000000000000, 0.000000000000000000, 0.000000000000000000 ) ) ;
#3187 = CARTESIAN_POINT ( 'NONE',  ( 3.473098138945808877, 11.44570169034323470, 5.995206964555549689 ) ) ;
#3188 = VECTOR ( 'NONE', #814, 1000.000000000000000 ) ;
#3189 = ORIENTED_EDGE ( 'NONE', *, *, #3351, .T. ) ;
#3190 = CARTESIAN_POINT ( 'NONE',  ( -4.593445300155222455, 10.97929638802989771, 6.472173760808182408 ) ) ;
#3191 = EDGE_CURVE ( 'NONE', #120, #1909, #2900, .T. ) ;
#3192 = EDGE_CURVE ( 'NONE', #1446, #1694, #1718, .T. ) ;
#3193 = CARTESIAN_POINT ( 'NONE',  ( -0.3275950007469956571, 12.83493607281297599, 7.670896465730558944 ) ) ;
#3194 = CARTESIAN_POINT ( 'NONE',  ( 0.001499986999498896219, 12.68124874153450143, 7.291525787773250222 ) ) ;
#3195 = VECTOR ( 'NONE', #2309, 1000.000000000000000 ) ;
#3196 = CARTESIAN_POINT ( 'NONE',  ( 1.217599097579201484, -13.20674137931034409, 7.569537305133641425 ) ) ;
#3197 = ORIENTED_EDGE ( 'NONE', *, *, #3060, .F. ) ;
#3198 = CIRCLE ( 'NONE', #622, 1.250000000000000000 ) ;
#3199 = CARTESIAN_POINT ( 'NONE',  ( -3.622835497350120004, 10.87502304975684453, 7.276648559600157107 ) ) ;
#3200 = CARTESIAN_POINT ( 'NONE',  ( -3.882967512881884797, 11.94372645229156582, 8.514393272157454007 ) ) ;
#3201 = CONICAL_SURFACE ( 'NONE', #516, 1.250000000000000000, 0.6981317007977311251 ) ;
#3202 = ORIENTED_EDGE ( 'NONE', *, *, #2907, .F. ) ;
#3203 = CARTESIAN_POINT ( 'NONE',  ( 3.656751540402247258, 11.67028272485138807, 4.798394618231141884 ) ) ;
#3204 = FACE_OUTER_BOUND ( 'NONE', #489, .T. ) ;
#3205 = CARTESIAN_POINT ( 'NONE',  ( 5.650000000000000355, -2.129508668001011795, 6.025001781060452366 ) ) ;
#3206 = ORIENTED_EDGE ( 'NONE', *, *, #689, .T. ) ;
#3207 = DIRECTION ( 'NONE',  ( 1.127981972804998554E-16, 1.000000000000000000, -0.000000000000000000 ) ) ;
#3208 = DIRECTION ( 'NONE',  ( 1.000000000000000000, 0.000000000000000000, 0.000000000000000000 ) ) ;
#3209 = CIRCLE ( 'NONE', #2561, 0.4999999999999997224 ) ;
#3210 = CARTESIAN_POINT ( 'NONE',  ( -4.438498745814422719, 11.03563854529958199, 5.596756742644842575 ) ) ;
#3211 = VERTEX_POINT ( 'NONE', #1551 ) ;
#3212 = CARTESIAN_POINT ( 'NONE',  ( -3.419089238745304904, 11.60318511084462578, 7.390001751104989580 ) ) ;
#3213 = CARTESIAN_POINT ( 'NONE',  ( 0.7008604168429849457, 12.65067655941518687, 7.291597098382928799 ) ) ;
#3214 = ADVANCED_FACE ( 'NONE', ( #2079 ), #545, .F. ) ;
#3215 = CARTESIAN_POINT ( 'NONE',  ( 4.389998785122041447, 10.51968052199562820, 4.225001781060453432 ) ) ;
#3216 = EDGE_CURVE ( 'NONE', #2086, #2046, #1030, .T. ) ;
#3217 = VERTEX_POINT ( 'NONE', #950 ) ;
#3218 = CYLINDRICAL_SURFACE ( 'NONE', #905, 4.450000000000001066 ) ;
#3219 = CARTESIAN_POINT ( 'NONE',  ( -2.524249491752660557, 12.79656604030645894, 8.514685911295782006 ) ) ;
#3220 = ADVANCED_FACE ( 'NONE', ( #2954 ), #1780, .F. ) ;
#3221 = ORIENTED_EDGE ( 'NONE', *, *, #421, .F. ) ;
#3222 = CARTESIAN_POINT ( 'NONE',  ( 4.479367222475774568, 11.23842276077097146, 4.798411620346110240 ) ) ;
#3223 = LINE ( 'NONE', #946, #300 ) ;
#3224 = CARTESIAN_POINT ( 'NONE',  ( -2.105535682249372142E-17, -13.48949999999999960, 6.680466256987264373 ) ) ;
#3225 = DIRECTION ( 'NONE',  ( -1.000000000000000000, -5.782411586589324901E-15, 0.000000000000000000 ) ) ;
#3226 = ORIENTED_EDGE ( 'NONE', *, *, #1684, .F. ) ;
#3227 = CYLINDRICAL_SURFACE ( 'NONE', #1985, 4.449999999999999289 ) ;
#3228 = CARTESIAN_POINT ( 'NONE',  ( 1.659790382480253360E-16, 6.708520739398998955, 10.00000000000000000 ) ) ;
#3229 = CARTESIAN_POINT ( 'NONE',  ( -3.882677036419914796, 11.34328472969343871, 5.319774890254385546 ) ) ;
#3230 = ORIENTED_EDGE ( 'NONE', *, *, #1353, .T. ) ;
#3231 = FILL_AREA_STYLE_COLOUR ( '', #1323 ) ;
#3232 = CARTESIAN_POINT ( 'NONE',  ( -2.241509306274406921, 11.86364287228851389, 7.390001751104993133 ) ) ;
#3233 = CARTESIAN_POINT ( 'NONE',  ( 3.656457636277100409, 11.45277217381681112, 7.291717939683389993 ) ) ;
#3234 = DIRECTION ( 'NONE',  ( 0.000000000000000000, -0.8010027527915679624, -0.5986606634983880904 ) ) ;
#3235 = ORIENTED_EDGE ( 'NONE', *, *, #1798, .F. ) ;
#3236 = CARTESIAN_POINT ( 'NONE',  ( 0.7012594723945373421, 13.08518080687586860, 4.030885154456703034 ) ) ;
#3237 = CARTESIAN_POINT ( 'NONE',  ( -3.259137716638227822, 12.35182778248985969, 8.514530425221439103 ) ) ;
#3238 = CARTESIAN_POINT ( 'NONE',  ( -4.527851314109631709, 11.06940670070151533, 7.331079473942531344 ) ) ;
#3239 = CARTESIAN_POINT ( 'NONE',  ( -3.379719401971374104, 12.03271673262004171, 4.275426460270369766 ) ) ;
#3240 = CARTESIAN_POINT ( 'NONE',  ( 8.673617379884043361E-16, -7.689499999999999780, 15.65000000000000036 ) ) ;
#3241 = LINE ( 'NONE', #1555, #196 ) ;
#3242 = EDGE_CURVE ( 'NONE', #2248, #2812, #181, .T. ) ;
#3243 = CARTESIAN_POINT ( 'NONE',  ( 5.050000000000001599, 1.470491331998989848, 3.625001781060453343 ) ) ;
#3244 = ORIENTED_EDGE ( 'NONE', *, *, #952, .F. ) ;
#3245 = CARTESIAN_POINT ( 'NONE',  ( 3.737522987585518930, 11.55872490675839259, 7.691885188757863645 ) ) ;
#3246 = DIRECTION ( 'NONE',  ( -1.000000000000000000, 0.000000000000000000, 0.000000000000000000 ) ) ;
#3247 = CARTESIAN_POINT ( 'NONE',  ( -3.379876662141714228, 11.59294073956315252, 5.319872043834516617 ) ) ;
#3248 = B_SPLINE_CURVE_WITH_KNOTS ( 'NONE', 3,
 ( #2128, #949, #2106, #2953, #442, #1539, #1029, #2679, #2897, #3245, #2620, #102 ),
 .UNSPECIFIED., .F., .F.,
 ( 4, 2, 2, 2, 2, 4 ),
 ( 0.000000000000000000, 0.0002271622649727391622, 0.0004543245299454783245, 0.0009086490598909566490, 0.001362973589836434865, 0.001817298119781913298 ),
 .UNSPECIFIED. ) ;
#3249 = ORIENTED_EDGE ( 'NONE', *, *, #594, .F. ) ;
#3250 =( NAMED_UNIT ( * ) PLANE_ANGLE_UNIT ( ) SI_UNIT ( $, .RADIAN. ) );
#3251 = AXIS2_PLACEMENT_3D ( 'NONE', #2867, #357, #922 ) ;
#3252 = CARTESIAN_POINT ( 'NONE',  ( 1.548833033803033832, 12.61380437640838359, 7.671833547121014618 ) ) ;
#3253 = VECTOR ( 'NONE', #3325, 1000.000000000000000 ) ;
#3254 = CARTESIAN_POINT ( 'NONE',  ( 3.949300476867694698, 11.23773330823072492, 6.812818919666765893 ) ) ;
#3255 = CARTESIAN_POINT ( 'NONE',  ( -2.105535682249372142E-17, -13.48949999999999960, 8.225001781060452544 ) ) ;
#3256 = VECTOR ( 'NONE', #615, 1000.000000000000000 ) ;
#3257 = ORIENTED_EDGE ( 'NONE', *, *, #2611, .F. ) ;
#3258 = CARTESIAN_POINT ( 'NONE',  ( -4.012859018660748234, 11.86486445704349357, 4.030163527908794840 ) ) ;
#3259 = CARTESIAN_POINT ( 'NONE',  ( 1.160080750125963123, 13.21959028231714228, 8.463820771708579827 ) ) ;
#3260 = CARTESIAN_POINT ( 'NONE',  ( 2.867678539291151019, 12.33471578060870044, 8.169220165453101146 ) ) ;
#3261 = CARTESIAN_POINT ( 'NONE',  ( -4.592962119847151747, 10.97997093263433932, 6.754108137366401365 ) ) ;
#3262 = CARTESIAN_POINT ( 'NONE',  ( 4.408942072366953902, 11.10377250506762081, 7.273437657827316549 ) ) ;
#3263 = DIRECTION ( 'NONE',  ( -1.000000000000000000, 0.000000000000000000, -4.142671149973825313E-15 ) ) ;
#3264 = CARTESIAN_POINT ( 'NONE',  ( -5.649999999999997691, -7.689499999999998892, 6.025001781060429273 ) ) ;
#3265 = ADVANCED_FACE ( 'NONE', ( #2935 ), #2641, .F. ) ;
#3266 = EDGE_CURVE ( 'NONE', #2629, #3589, #810, .T. ) ;
#3267 = ORIENTED_EDGE ( 'NONE', *, *, #2247, .F. ) ;
#3268 = CIRCLE ( 'NONE', #157, 5.649999999999999467 ) ;
#3269 = DIRECTION ( 'NONE',  ( 0.000000000000000000, 1.000000000000000000, 0.000000000000000000 ) ) ;
#3270 = CARTESIAN_POINT ( 'NONE',  ( -2.533051596073040646, -13.29950800053902249, 0.000000000000000000 ) ) ;
#3271 = CARTESIAN_POINT ( 'NONE',  ( -0.8510140022360073164, 12.54523554858224621, 5.320309438268089330 ) ) ;
#3272 = VERTEX_POINT ( 'NONE', #1811 ) ;
#3273 = APPLICATION_PROTOCOL_DEFINITION ( 'draft international standard', 'automotive_design', 1998, #2740 ) ;
#3274 = CARTESIAN_POINT ( 'NONE',  ( 5.049999999999998934, 7.689500000000000668, 6.025001781060452366 ) ) ;
#3275 = CARTESIAN_POINT ( 'NONE',  ( 2.230804334068612782, 11.86801142705203738, 7.390001751104925631 ) ) ;
#3276 = AXIS2_PLACEMENT_3D ( 'NONE', #501, #2458, #2186 ) ;
#3277 = CARTESIAN_POINT ( 'NONE',  ( 2.336079371673895455, 12.01448574461775287, 6.812773725008596237 ) ) ;
#3278 = ORIENTED_EDGE ( 'NONE', *, *, #2519, .F. ) ;
#3279 = CARTESIAN_POINT ( 'NONE',  ( 4.162674800074082526, 11.69226446325390789, 4.276193709694504186 ) ) ;
#3280 = CARTESIAN_POINT ( 'NONE',  ( 1.711674024101927039, 13.07398623900940748, 8.461585285386075128 ) ) ;
#3281 = CARTESIAN_POINT ( 'NONE',  ( -3.882952279778869809, 11.71297125297147801, 8.168376958761998097 ) ) ;
#3282 = ORIENTED_EDGE ( 'NONE', *, *, #930, .T. ) ;
#3283 = CARTESIAN_POINT ( 'NONE',  ( 3.622516884699168660, 10.87450019488896302, 7.276774331677468233 ) ) ;
#3284 = CARTESIAN_POINT ( 'NONE',  ( 1.396755410686616239, -13.16720340187415061, 7.788171908805847643 ) ) ;
#3285 = CARTESIAN_POINT ( 'NONE',  ( 0.03377189186398689424, -13.23949999999999960, 8.225001781060452544 ) ) ;
#3286 = VECTOR ( 'NONE', #3143, 1000.000000000000000 ) ;
#3287 = ORIENTED_EDGE ( 'NONE', *, *, #194, .T. ) ;
#3288 = CARTESIAN_POINT ( 'NONE',  ( -4.305407760983367638, 7.689499999999987345, 7.241690993807688770 ) ) ;
#3289 = DIRECTION ( 'NONE',  ( 0.000000000000000000, 0.000000000000000000, 1.000000000000000000 ) ) ;
#3290 = ORIENTED_EDGE ( 'NONE', *, *, #3369, .F. ) ;
#3291 = LINE ( 'NONE', #228, #2449 ) ;
#3292 = CARTESIAN_POINT ( 'NONE',  ( 1.509757899311044982, 12.48262992535098803, 7.390001751101488381 ) ) ;
#3293 = ADVANCED_FACE ( 'NONE', ( #989 ), #565, .F. ) ;
#3294 = CARTESIAN_POINT ( 'NONE',  ( -4.438598521833912791, 11.03883971931629837, 6.512210137289998535 ) ) ;
#3295 = ORIENTED_EDGE ( 'NONE', *, *, #2977, .T. ) ;
#3296 = CARTESIAN_POINT ( 'NONE',  ( 2.731192668774673926, 12.63643167070696549, 8.456913588492122713 ) ) ;
#3297 = CARTESIAN_POINT ( 'NONE',  ( -2.688525353382301475, 12.56689744488252281, 8.341640483938963513 ) ) ;
#3298 = VERTEX_POINT ( 'NONE', #2378 ) ;
#3299 = DIRECTION ( 'NONE',  ( 9.035166653160672742E-17, -0.8010027527915679624, -0.5986606634983880904 ) ) ;
#3300 = CARTESIAN_POINT ( 'NONE',  ( -3.933761157010285725, 8.519266340296228535, 7.390001751105001127 ) ) ;
#3301 = CARTESIAN_POINT ( 'NONE',  ( -2.105535682249372142E-17, -13.48949999999999960, 7.569537305133641425 ) ) ;
#3302 = ORIENTED_EDGE ( 'NONE', *, *, #2481, .F. ) ;
#3303 = CYLINDRICAL_SURFACE ( 'NONE', #1685, 4.450000000000001066 ) ;
#3304 = CARTESIAN_POINT ( 'NONE',  ( -3.949999999999998845, -7.689499999999998892, 6.890001751105001127 ) ) ;
#3305 = VERTEX_POINT ( 'NONE', #390 ) ;
#3306 = DIRECTION ( 'NONE',  ( -0.000000000000000000, -0.000000000000000000, -1.000000000000000000 ) ) ;
#3307 = PLANE ( 'NONE',  #1778 ) ;
#3308 = CARTESIAN_POINT ( 'NONE',  ( 3.839964781300253094, 11.31993855710684826, 7.112478819772946714 ) ) ;
#3309 = EDGE_LOOP ( 'NONE', ( #674, #3278, #1011, #2335 ) ) ;
#3310 = EDGE_CURVE ( 'NONE', #566, #1729, #1587, .T. ) ;
#3311 = ADVANCED_FACE ( 'NONE', ( #718 ), #2107, .F. ) ;
#3312 = AXIS2_PLACEMENT_3D ( 'NONE', #2112, #2980, #1835 ) ;
#3313 = CARTESIAN_POINT ( 'NONE',  ( 2.090801856813788273, 12.93847096428662802, 8.459618070468263085 ) ) ;
#3314 = CARTESIAN_POINT ( 'NONE',  ( -2.973827384363575188, 12.40517053063950570, 8.341581966942028359 ) ) ;
#3315 = VERTEX_POINT ( 'NONE', #1540 ) ;
#3316 = CARTESIAN_POINT ( 'NONE',  ( 2.941728706107097580, 12.01667287803459772, 7.689310535661361357 ) ) ;
#3317 = DIRECTION ( 'NONE',  ( 2.255963945609997107E-16, -1.000000000000000000, 9.345716752859654589E-31 ) ) ;
#3318 = DIRECTION ( 'NONE',  ( 1.000000000000000000, 4.605460555690638251E-16, 0.000000000000000000 ) ) ;
#3319 = ORIENTED_EDGE ( 'NONE', *, *, #2736, .T. ) ;
#3320 = CARTESIAN_POINT ( 'NONE',  ( -3.481004389000421639, 11.71143534166026612, 7.706916219902731235 ) ) ;
#3321 = CARTESIAN_POINT ( 'NONE',  ( -1.120197424907834037E-15, 6.708520739398998955, 14.45000000000000107 ) ) ;
#3322 = CIRCLE ( 'NONE', #2319, 4.449999999999999289 ) ;
#3323 = ORIENTED_EDGE ( 'NONE', *, *, #3629, .F. ) ;
#3324 = CARTESIAN_POINT ( 'NONE',  ( -3.976596051806255083, 10.80224590722866651, 6.025002230567700678 ) ) ;
#3325 = DIRECTION ( 'NONE',  ( -0.000000000000000000, -0.5299192642332024583, -0.8480480961564275111 ) ) ;
#3326 = CARTESIAN_POINT ( 'NONE',  ( 1.400248321760954262, 12.36595758578997106, 6.812730763472211848 ) ) ;
#3327 = ORIENTED_EDGE ( 'NONE', *, *, #2454, .T. ) ;
#3328 = CARTESIAN_POINT ( 'NONE',  ( 3.006098071901730062, 12.47396564636413530, 8.456218617304385177 ) ) ;
#3329 = CARTESIAN_POINT ( 'NONE',  ( -1.671090237543671364, 12.99746543339432137, 8.341824472788923472 ) ) ;
#3330 = EDGE_CURVE ( 'NONE', #2046, #426, #1792, .T. ) ;
#3331 = AXIS2_PLACEMENT_3D ( 'NONE', #1118, #1623, #1949 ) ;
#3332 = CARTESIAN_POINT ( 'NONE',  ( 4.449999999999997513, 7.689500000000000668, 3.870280574240121840 ) ) ;
#3333 = CARTESIAN_POINT ( 'NONE',  ( 5.555885592580065868, -0.3295086680010121949, 11.02695437199578343 ) ) ;
#3334 = CIRCLE ( 'NONE', #2753, 3.400000000000000355 ) ;
#3335 = ORIENTED_EDGE ( 'NONE', *, *, #398, .T. ) ;
#3336 = CARTESIAN_POINT ( 'NONE',  ( 1.659790382480253360E-16, 10.10852073939899931, 10.00000000000000000 ) ) ;
#3337 = LINE ( 'NONE', #243, #2972 ) ;
#3338 = EDGE_LOOP ( 'NONE', ( #1065, #1349, #101, #2420 ) ) ;
#3339 = DIRECTION ( 'NONE',  ( 0.000000000000000000, 0.000000000000000000, -1.000000000000000000 ) ) ;
#3340 = CARTESIAN_POINT ( 'NONE',  ( 2.995695408509226443, 12.31097504847701174, 4.031005270018951592 ) ) ;
#3341 = CARTESIAN_POINT ( 'NONE',  ( 4.594031523347409163, 10.97847770783612020, 6.632025819092722152 ) ) ;
#3342 = CARTESIAN_POINT ( 'NONE',  ( -2.524119081457113278, 11.89298455693056056, 6.512563769320585116 ) ) ;
#3343 = AXIS2_PLACEMENT_3D ( 'NONE', #2101, #456, #2694 ) ;
#3344 = ORIENTED_EDGE ( 'NONE', *, *, #2902, .F. ) ;
#3345 = CARTESIAN_POINT ( 'NONE',  ( -2.748650643656717296, 12.63339934146345556, 8.456921889115010416 ) ) ;
#3346 = CARTESIAN_POINT ( 'NONE',  ( 3.398734211843901676, 11.89932175815242132, 7.996216020867493945 ) ) ;
#3347 = PRODUCT_DEFINITION ( 'ๆ', '', #870, #1628 ) ;
#3348 = CARTESIAN_POINT ( 'NONE',  ( -4.449999999999998401, 4.002243707384998572, 3.625001781060453343 ) ) ;
#3349 = AXIS2_PLACEMENT_3D ( 'NONE', #1430, #1693, #1466 ) ;
#3350 = ORIENTED_EDGE ( 'NONE', *, *, #3629, .T. ) ;
#3351 = EDGE_CURVE ( 'NONE', #3589, #2258, #1766, .T. ) ;
#3352 = FACE_OUTER_BOUND ( 'NONE', #3544, .T. ) ;
#3353 = CARTESIAN_POINT ( 'NONE',  ( 4.566385556294537018, 10.98845636971710604, 6.503212227702492854 ) ) ;
#3354 = ORIENTED_EDGE ( 'NONE', *, *, #510, .T. ) ;
#3355 = FACE_OUTER_BOUND ( 'NONE', #3309, .T. ) ;
#3356 = CARTESIAN_POINT ( 'NONE',  ( 4.375715893342299267, 11.57606472236275685, 4.276197376976752729 ) ) ;
#3357 = CARTESIAN_POINT ( 'NONE',  ( 4.229864839855008718, 11.43699876256913228, 7.981809767236804909 ) ) ;
#3358 = CARTESIAN_POINT ( 'NONE',  ( -2.097528318928772340, 12.06927866056140530, 6.392218975116760404 ) ) ;
#3359 = ORIENTED_EDGE ( 'NONE', *, *, #1567, .T. ) ;
#3360 = CARTESIAN_POINT ( 'NONE',  ( -1.594227945915054123, 13.10995662922291594, 8.462109003057610934 ) ) ;
#3361 = CARTESIAN_POINT ( 'NONE',  ( -0.2937397066220867048, 12.81281539638866995, 7.643741143419845230 ) ) ;
#3362 = CARTESIAN_POINT ( 'NONE',  ( -3.890001178303834184, 10.52189994775526927, 6.506775362264114015 ) ) ;
#3363 = CARTESIAN_POINT ( 'NONE',  ( 3.874498440574605240, 9.878280901320742657, 6.890001751105002015 ) ) ;
#3364 = AXIS2_PLACEMENT_3D ( 'NONE', #2352, #1532, #980 ) ;
#3365 = B_SPLINE_CURVE_WITH_KNOTS ( 'NONE', 3,
 ( #2188, #1052, #246, #2238, #3033, #1387 ),
 .UNSPECIFIED., .F., .F.,
 ( 4, 2, 4 ),
 ( 0.000000000000000000, 0.0005522988083333020982, 0.001104597616666604196 ),
 .UNSPECIFIED. ) ;
#3366 = ORIENTED_EDGE ( 'NONE', *, *, #782, .F. ) ;
#3367 = CARTESIAN_POINT ( 'NONE',  ( -4.578223568055058479, 10.98429717072349021, 6.025001781060430162 ) ) ;
#3368 = LINE ( 'NONE', #984, #2474 ) ;
#3369 = EDGE_CURVE ( 'NONE', #3315, #2667, #3036, .T. ) ;
#3370 = EDGE_CURVE ( 'NONE', #446, #144, #3519, .T. ) ;
#3371 = VECTOR ( 'NONE', #336, 1000.000000000000000 ) ;
#3372 = ORIENTED_EDGE ( 'NONE', *, *, #1565, .F. ) ;
#3373 = DIRECTION ( 'NONE',  ( -0.000000000000000000, -0.000000000000000000, -1.000000000000000000 ) ) ;
#3374 = CARTESIAN_POINT ( 'NONE',  ( 1.804827601384873637, 13.10293865164248928, 3.540678139758202558 ) ) ;
#3375 = CARTESIAN_POINT ( 'NONE',  ( 4.593966238335791985, 10.97856890282073650, 6.723692357641107620 ) ) ;
#3376 = CARTESIAN_POINT ( 'NONE',  ( -2.973685122217154753, 11.68133413282447997, 6.392057635074397837 ) ) ;
#3377 = PRESENTATION_LAYER_ASSIGNMENT (  '', '', ( #2675 ) ) ;
#3378 = ADVANCED_FACE ( 'NONE', ( #3049 ), #1639, .T. ) ;
#3379 = ORIENTED_EDGE ( 'NONE', *, *, #1352, .F. ) ;
#3380 = CARTESIAN_POINT ( 'NONE',  ( 4.449999999999997513, 6.708520739398998955, 6.890001751105001127 ) ) ;
#3381 = CARTESIAN_POINT ( 'NONE',  ( -2.051357055064407575, 12.95399907060409639, 8.459676948080732117 ) ) ;
#3382 = CARTESIAN_POINT ( 'NONE',  ( 0.001475186857678162725, 12.82127037051540874, 7.643774853346088527 ) ) ;
#3383 = CARTESIAN_POINT ( 'NONE',  ( 5.049999999999998934, 7.689500000000000668, 3.870280574240120952 ) ) ;
#3384 = CARTESIAN_POINT ( 'NONE',  ( -4.450000000000000178, 2.002661781275171915, 6.825001781060429984 ) ) ;
#3385 = VECTOR ( 'NONE', #680, 1000.000000000000000 ) ;
#3386 = EDGE_LOOP ( 'NONE', ( #2789, #1300, #3226 ) ) ;
#3387 = DIRECTION ( 'NONE',  ( -1.000000000000000000, 0.000000000000000000, 0.000000000000000000 ) ) ;
#3388 = CARTESIAN_POINT ( 'NONE',  ( -3.540253933284509547, 9.962430124159176614, 7.338705033631364394 ) ) ;
#3389 = AXIS2_PLACEMENT_3D ( 'NONE', #816, #2438, #3563 ) ;
#3390 = ORIENTED_EDGE ( 'NONE', *, *, #31, .T. ) ;
#3391 = LINE ( 'NONE', #934, #2037 ) ;
#3392 = CARTESIAN_POINT ( 'NONE',  ( 4.594082099944412079, 10.97840706174860337, 6.608738851096456202 ) ) ;
#3393 = VECTOR ( 'NONE', #1726, 1000.000000000000000 ) ;
#3394 = CARTESIAN_POINT ( 'NONE',  ( 0.001581421568593862920, 12.50912309598409777, 6.392522811881536704 ) ) ;
#3395 = ORIENTED_EDGE ( 'NONE', *, *, #1285, .T. ) ;
#3396 = LINE ( 'NONE', #1999, #3371 ) ;
#3397 = ADVANCED_FACE ( 'NONE', ( #1116 ), #1383, .F. ) ;
#3398 = CARTESIAN_POINT ( 'NONE',  ( -0.5022673478341844744, 13.31760606891744381, 8.466081556215412363 ) ) ;
#3399 = CARTESIAN_POINT ( 'NONE',  ( 0.7008165095884084650, 12.98886409359323224, 7.996105052012855374 ) ) ;
#3400 = AXIS2_PLACEMENT_3D ( 'NONE', #1577, #2715, #1061 ) ;
#3401 = CARTESIAN_POINT ( 'NONE',  ( 2.602085213965210642E-15, -7.689499999999998892, 6.025001781060452366 ) ) ;
#3402 = CARTESIAN_POINT ( 'NONE',  ( 3.884314870798803554, 9.860904222105059347, 6.846213471466019662 ) ) ;
#3403 = ORIENTED_EDGE ( 'NONE', *, *, #3169, .F. ) ;
#3404 = FACE_OUTER_BOUND ( 'NONE', #986, .T. ) ;
#3405 = LINE ( 'NONE', #585, #838 ) ;
#3406 = VECTOR ( 'NONE', #3477, 1000.000000000000114 ) ;
#3407 = ORIENTED_EDGE ( 'NONE', *, *, #1962, .F. ) ;
#3408 = CARTESIAN_POINT ( 'NONE',  ( 5.650000000000000355, -2.129508668001011795, 5.715302991864936288 ) ) ;
#3409 = CARTESIAN_POINT ( 'NONE',  ( -4.602837084574129101, 11.81053677078936559, 3.539759147402916639 ) ) ;
#3410 = LINE ( 'NONE', #2950, #25 ) ;
#3411 = CARTESIAN_POINT ( 'NONE',  ( -4.603230645110080843, 10.97584422259476788, 6.391760271638227131 ) ) ;
#3412 = ORIENTED_EDGE ( 'NONE', *, *, #3437, .T. ) ;
#3413 = CARTESIAN_POINT ( 'NONE',  ( -5.649999999999999467, 4.999999999999998224, 6.025001781060432826 ) ) ;
#3414 = CARTESIAN_POINT ( 'NONE',  ( -0.2530946331634953972, 13.33394473681360637, 8.466257753376828177 ) ) ;
#3415 = CARTESIAN_POINT ( 'NONE',  ( -2.973794882488878688, 11.95747400618501288, 7.643303593702357901 ) ) ;
#3416 = EDGE_CURVE ( 'NONE', #1747, #261, #2510, .T. ) ;
#3417 = EDGE_CURVE ( 'NONE', #2857, #1220, #818, .T. ) ;
#3418 = B_SPLINE_CURVE_WITH_KNOTS ( 'NONE', 3,
 ( #322, #2333, #2649, #2096, #399, #432, #959, #979, #3156, #3436 ),
 .UNSPECIFIED., .F., .F.,
 ( 4, 2, 2, 2, 4 ),
 ( 7.527205836805198928E-17, 0.0003254728422506399902, 0.0006509456845012046283, 0.0009764185267517693206, 0.001301891369002334013 ),
 .UNSPECIFIED. ) ;
#3419 = CARTESIAN_POINT ( 'NONE',  ( 3.249998650523997945, 3.339499999999997026, 6.750001763331999527 ) ) ;
#3420 = DIRECTION ( 'NONE',  ( -1.000000000000000000, 0.000000000000000000, 0.000000000000000000 ) ) ;
#3421 = ORIENTED_EDGE ( 'NONE', *, *, #1640, .T. ) ;
#3422 = CARTESIAN_POINT ( 'NONE',  ( 5.049999999999998934, 7.689500000000000668, -23.18283361322050951 ) ) ;
#3423 = FACE_OUTER_BOUND ( 'NONE', #388, .T. ) ;
#3424 = AXIS2_PLACEMENT_3D ( 'NONE', #2306, #3429, #178 ) ;
#3425 = ORIENTED_EDGE ( 'NONE', *, *, #2454, .F. ) ;
#3426 = LINE ( 'NONE', #3408, #2332 ) ;
#3427 = VECTOR ( 'NONE', #1610, 1000.000000000000000 ) ;
#3428 = CARTESIAN_POINT ( 'NONE',  ( -3.379609359704011773, 12.33531547127082462, 3.539981553920977575 ) ) ;
#3429 = DIRECTION ( 'NONE',  ( -0.000000000000000000, -0.000000000000000000, -1.000000000000000000 ) ) ;
#3430 = CARTESIAN_POINT ( 'NONE',  ( -4.225796491758830875, 11.12384713641819900, 5.596794901989591509 ) ) ;
#3431 = ORIENTED_EDGE ( 'NONE', *, *, #1901, .T. ) ;
#3432 = CARTESIAN_POINT ( 'NONE',  ( 1.049999999999998712, 10.10852073939899931, 10.00000000000000000 ) ) ;
#3433 = UNCERTAINTY_MEASURE_WITH_UNIT (LENGTH_MEASURE( 1.000000000000000082E-05 ), #2208, 'distance_accuracy_value', 'NONE');
#3434 = CARTESIAN_POINT ( 'NONE',  ( 0.2775761998227002647, 12.38713869198973150, 7.390001751104989580 ) ) ;
#3435 = CARTESIAN_POINT ( 'NONE',  ( -3.259070955811063985, 11.66754746543704435, 7.290998008258368301 ) ) ;
#3436 = CARTESIAN_POINT ( 'NONE',  ( -3.250001190530002138, 11.30755762432401390, 7.390001751105000238 ) ) ;
#3437 = EDGE_CURVE ( 'NONE', #2501, #2227, #2981, .T. ) ;
#3438 = DIRECTION ( 'NONE',  ( 1.000000000000000000, 0.000000000000000000, 0.000000000000000000 ) ) ;
#3439 = ORIENTED_EDGE ( 'NONE', *, *, #3107, .F. ) ;
#3440 = CARTESIAN_POINT ( 'NONE',  ( -2.097245932214810260, 12.58981563024558348, 4.275660804899764855 ) ) ;
#3441 = CARTESIAN_POINT ( 'NONE',  ( 3.249998650524015265, 11.30645614812181599, 7.390001751105122807 ) ) ;
#3442 = CARTESIAN_POINT ( 'NONE',  ( -3.250001190530002138, 3.339499999999997026, 6.750001763331999527 ) ) ;
#3443 = ADVANCED_FACE ( 'NONE', ( #2476 ), #1582, .F. ) ;
#3444 = VERTEX_POINT ( 'NONE', #2996 ) ;
#3445 = CARTESIAN_POINT ( 'NONE',  ( -1.050000000000000711, 6.708520739398998955, 7.390001751105000238 ) ) ;
#3446 = CARTESIAN_POINT ( 'NONE',  ( 0.001937785192527814900, 13.23767777005747881, 3.785669099211027344 ) ) ;
#3447 = CARTESIAN_POINT ( 'NONE',  ( -0.8510504051841608630, 12.48286032481770924, 5.597393497398673645 ) ) ;
#3448 = AXIS2_PLACEMENT_3D ( 'NONE', #481, #796, #2787 ) ;
#3449 = ORIENTED_EDGE ( 'NONE', *, *, #595, .F. ) ;
#3450 = LINE ( 'NONE', #2052, #1602 ) ;
#3451 = CARTESIAN_POINT ( 'NONE',  ( -4.569225649770277897, 10.98907282316199918, 6.264392980000915045 ) ) ;
#3452 = CARTESIAN_POINT ( 'NONE',  ( -2.097595520780162648, 12.18662230455996998, 7.111975950836734839 ) ) ;
#3453 = CARTESIAN_POINT ( 'NONE',  ( -3.754119628542529785, 11.54968578661095258, 7.689853120516721319 ) ) ;
#3454 = CARTESIAN_POINT ( 'NONE',  ( 0.7007964173865847135, 13.36315942078504548, 8.515134279685083740 ) ) ;
#3455 = ORIENTED_EDGE ( 'NONE', *, *, #1473, .T. ) ;
#3456 = CARTESIAN_POINT ( 'NONE',  ( -4.438304421536619415, 11.54454234130873047, 4.275228240683252245 ) ) ;
#3457 = CARTESIAN_POINT ( 'NONE',  ( 4.002926464953763919, 11.38601924233730145, 7.605256603778809854 ) ) ;
#3458 = CARTESIAN_POINT ( 'NONE',  ( -3.890001178303870155, 10.52221121693197325, 6.750001763331999527 ) ) ;
#3459 = ADVANCED_FACE ( 'NONE', ( #482 ), #2720, .F. ) ;
#3460 = ADVANCED_FACE ( 'NONE', ( #3014 ), #1601, .F. ) ;
#3461 = ORIENTED_EDGE ( 'NONE', *, *, #3000, .T. ) ;
#3462 = SPHERICAL_SURFACE ( 'NONE', #926, 5.650000000000000355 ) ;
#3463 = CARTESIAN_POINT ( 'NONE',  ( 3.473448753073903106, 12.28565707950981079, 3.540722546128393766 ) ) ;
#3464 = CARTESIAN_POINT ( 'NONE',  ( -4.603144530234905218, 10.96758648717310791, 5.596727243152823661 ) ) ;
#3465 = EDGE_LOOP ( 'NONE', ( #2483, #1854, #948, #1428 ) ) ;
#3466 = LINE ( 'NONE', #2403, #2375 ) ;
#3467 = CARTESIAN_POINT ( 'NONE',  ( 0.6078406378391892906, 12.67166152900112763, 7.390001751103248750 ) ) ;
#3468 = CARTESIAN_POINT ( 'NONE',  ( -4.685646933169678618, 10.99178040453337601, 7.290727860354247802 ) ) ;
#3469 = CARTESIAN_POINT ( 'NONE',  ( 3.874498440574605240, 9.878280901320742657, 6.890001751105002015 ) ) ;
#3470 = ORIENTED_EDGE ( 'NONE', *, *, #1707, .F. ) ;
#3471 = CARTESIAN_POINT ( 'NONE',  ( -3.834583286523965739, 11.30463494519375978, 7.124575615170156695 ) ) ;
#3472 = VECTOR ( 'NONE', #405, 999.9999999999998863 ) ;
#3473 = CARTESIAN_POINT ( 'NONE',  ( -4.226054036862548102, 11.75120789946391753, 8.514323235044345850 ) ) ;
#3474 = ORIENTED_EDGE ( 'NONE', *, *, #3044, .T. ) ;
#3475 = CARTESIAN_POINT ( 'NONE',  ( 3.473259615712369186, 11.75842109553487624, 4.798389441955238865 ) ) ;
#3476 = CARTESIAN_POINT ( 'NONE',  ( 3.889998638297242461, 10.52134920293991804, 6.750001763331994198 ) ) ;
#3477 = DIRECTION ( 'NONE',  ( 0.7071067811865474617, 4.498250888286719285E-17, 0.7071067811865474617 ) ) ;
#3478 = ORIENTED_EDGE ( 'NONE', *, *, #2880, .F. ) ;
#3479 = CARTESIAN_POINT ( 'NONE',  ( 4.449999999999999289, -7.689499999999998892, 6.890001751105001127 ) ) ;
#3480 = CARTESIAN_POINT ( 'NONE',  ( 4.479564720580031079, 11.85104902268875371, 3.540759149751027124 ) ) ;
#3481 = CIRCLE ( 'NONE', #3251, 4.449999999999999289 ) ;
#3482 = EDGE_CURVE ( 'NONE', #854, #3029, #2756, .T. ) ;
#3483 = CARTESIAN_POINT ( 'NONE',  ( -4.013137642517454751, 11.21263675418439121, 5.994348976229775694 ) ) ;
#3484 = ADVANCED_FACE ( 'NONE', ( #1335 ), #1083, .T. ) ;
#3485 = ORIENTED_EDGE ( 'NONE', *, *, #94, .T. ) ;
#3486 = CARTESIAN_POINT ( 'NONE',  ( -4.593589354675522429, 10.97909523970042933, 6.189588470125823250 ) ) ;
#3487 = CARTESIAN_POINT ( 'NONE',  ( -4.569087309380511108, 10.98724202656577731, 6.623490093077413654 ) ) ;
#3488 = ADVANCED_FACE ( 'NONE', ( #2493 ), #2221, .F. ) ;
#3489 = CARTESIAN_POINT ( 'NONE',  ( 4.686553423037822519, 10.99157130889333089, 7.291752673377884797 ) ) ;
#3490 = CIRCLE ( 'NONE', #1667, 2.500000000000000000 ) ;
#3491 = DIRECTION ( 'NONE',  ( 0.000000000000000000, 0.000000000000000000, 1.000000000000000000 ) ) ;
#3492 = ORIENTED_EDGE ( 'NONE', *, *, #3603, .F. ) ;
#3493 = LINE ( 'NONE', #2592, #851 ) ;
#3494 = CARTESIAN_POINT ( 'NONE',  ( 3.196969679400163411, 12.39495512496210594, 8.515243684517315614 ) ) ;
#3495 = ORIENTED_EDGE ( 'NONE', *, *, #2681, .F. ) ;
#3496 = CARTESIAN_POINT ( 'NONE',  ( 4.375557182491879971, 11.12147258446398368, 5.320640457605811058 ) ) ;
#3497 = CARTESIAN_POINT ( 'NONE',  ( 3.889998638297243794, 11.24660935974681486, 6.738076320408766584 ) ) ;
#3498 = DIRECTION ( 'NONE',  ( 0.000000000000000000, 1.000000000000000000, 0.000000000000000000 ) ) ;
#3499 = CARTESIAN_POINT ( 'NONE',  ( 4.449999999999998401, -2.129508668001012239, 7.196037656365388280 ) ) ;
#3500 = AXIS2_PLACEMENT_3D ( 'NONE', #536, #1643, #2173 ) ;
#3501 = VERTEX_POINT ( 'NONE', #2205 ) ;
#3502 = DIRECTION ( 'NONE',  ( -1.000000000000000000, 0.000000000000000000, 0.000000000000000000 ) ) ;
#3503 = CARTESIAN_POINT ( 'NONE',  ( 3.197164614150462381, 11.57202459362314606, 5.995198130025078953 ) ) ;
#3504 = ORIENTED_EDGE ( 'NONE', *, *, #1804, .F. ) ;
#3505 = DIRECTION ( 'NONE',  ( -0.000000000000000000, -0.000000000000000000, 1.000000000000000000 ) ) ;
#3506 = CARTESIAN_POINT ( 'NONE',  ( -2.154378567141614020, 12.39848960505016429, 7.675347832835181627 ) ) ;
#3507 = CARTESIAN_POINT ( 'NONE',  ( 4.686523839936883817, 11.08274342510356725, 7.643993486658304803 ) ) ;
#3508 = DIRECTION ( 'NONE',  ( 0.000000000000000000, -0.5986606634983880904, 0.8010027527915679624 ) ) ;
#3509 = CARTESIAN_POINT ( 'NONE',  ( 3.399153656186935990, 12.02920188882398911, 4.276167135027778343 ) ) ;
#3510 = CARTESIAN_POINT ( 'NONE',  ( -1.217599097579201040, -13.20674137931034231, 7.569537305133641425 ) ) ;
#3511 = CARTESIAN_POINT ( 'NONE',  ( 4.686472201904724244, 11.52816504070580272, 8.515260141210077904 ) ) ;
#3512 = ORIENTED_EDGE ( 'NONE', *, *, #352, .F. ) ;
#3513 = CARTESIAN_POINT ( 'NONE',  ( -4.012895180095918057, 11.76930215728426354, 4.275312726036593958 ) ) ;
#3514 = CARTESIAN_POINT ( 'NONE',  ( 3.889998638302066158, 11.24298540966201010, 6.631840263978616257 ) ) ;
#3515 = DIRECTION ( 'NONE',  ( -0.000000000000000000, -0.000000000000000000, -1.000000000000000000 ) ) ;
#3516 = FACE_OUTER_BOUND ( 'NONE', #3151, .T. ) ;
#3517 = VERTEX_POINT ( 'NONE', #3321 ) ;
#3518 = LINE ( 'NONE', #3479, #3385 ) ;
#3519 = LINE ( 'NONE', #1852, #40 ) ;
#3520 = CARTESIAN_POINT ( 'NONE',  ( 0.001708760206921911169, 12.61247672834342204, 5.320414041872723487 ) ) ;
#3521 = ORIENTED_EDGE ( 'NONE', *, *, #377, .T. ) ;
#3522 = CARTESIAN_POINT ( 'NONE',  ( -5.049999999999998934, -4.002243707385000349, 3.625001781060453343 ) ) ;
#3523 = DIRECTION ( 'NONE',  ( 1.000000000000000000, 0.000000000000000000, 0.000000000000000000 ) ) ;
#3524 = LINE ( 'NONE', #247, #3610 ) ;
#3525 = CARTESIAN_POINT ( 'NONE',  ( 3.398824425979493746, 11.49932120561142490, 6.812802913229329960 ) ) ;
#3526 = DIRECTION ( 'NONE',  ( -0.000000000000000000, -0.000000000000000000, 1.000000000000000000 ) ) ;
#3527 = VECTOR ( 'NONE', #1347, 1000.000000000000000 ) ;
#3528 = ORIENTED_EDGE ( 'NONE', *, *, #2293, .T. ) ;
#3529 = CARTESIAN_POINT ( 'NONE',  ( 1.400609308860882196, 12.94641591407352621, 4.030938187752332702 ) ) ;
#3530 = CARTESIAN_POINT ( 'NONE',  ( 0.3612937690499024024, 13.32843723558782578, 8.465769562176133078 ) ) ;
#3531 = CARTESIAN_POINT ( 'NONE',  ( -4.438750563441322683, 11.52832813414233470, 8.341273659681363029 ) ) ;
#3532 = EDGE_CURVE ( 'NONE', #451, #636, #3337, .T. ) ;
#3533 = EDGE_CURVE ( 'NONE', #895, #2929, #1351, .T. ) ;
#3534 = CARTESIAN_POINT ( 'NONE',  ( -4.279849902392856009, 11.37913890110640835, 7.910465854091539128 ) ) ;
#3535 = VECTOR ( 'NONE', #2893, 1000.000000000000114 ) ;
#3536 = CARTESIAN_POINT ( 'NONE',  ( 4.567893674109027913, 10.98856899661450193, 6.742319274602114554 ) ) ;
#3537 = CARTESIAN_POINT ( 'NONE',  ( 1.748529180089268387, -13.06212931034482772, 8.225001781060452544 ) ) ;
#3538 = LINE ( 'NONE', #3132, #1597 ) ;
#3539 = VECTOR ( 'NONE', #359, 1000.000000000000000 ) ;
#3540 = ORIENTED_EDGE ( 'NONE', *, *, #3046, .T. ) ;
#3541 = DIRECTION ( 'NONE',  ( 1.127981972804998554E-16, -1.000000000000000000, 0.000000000000000000 ) ) ;
#3542 = CARTESIAN_POINT ( 'NONE',  ( 3.656940926296037286, 12.20005702858580499, 3.540728151210148944 ) ) ;
#3543 = CARTESIAN_POINT ( 'NONE',  ( -4.225759906796147547, 11.18808131838465947, 5.319711156898304871 ) ) ;
#3544 = EDGE_LOOP ( 'NONE', ( #3455, #2115, #1893, #241 ) ) ;
#3545 = CARTESIAN_POINT ( 'NONE',  ( 1.351827002467245771E-15, -7.689499999999998892, 10.00000000000000000 ) ) ;
#3546 =( LENGTH_UNIT ( ) NAMED_UNIT ( * ) SI_UNIT ( .MILLI., .METRE. ) );
#3547 = CARTESIAN_POINT ( 'NONE',  ( 1.140823538921968749, 12.25813216939227246, 7.390001751105012673 ) ) ;
#3548 = VECTOR ( 'NONE', #829, 1000.000000000000000 ) ;
#3549 = B_SPLINE_CURVE_WITH_KNOTS ( 'NONE', 3,
 ( #195, #1345, #1363, #1139, #2469, #3593, #2197, #3534, #3555, #1076, #811, #3238, #3041, #730, #455, #3261 ),
 .UNSPECIFIED., .F., .F.,
 ( 4, 2, 2, 2, 2, 2, 2, 4 ),
 ( 0.000000000000000000, 0.2499999999999995004, 0.3749999999999992228, 0.4999999999999990008, 0.6249999999999987788, 0.7499999999999991118, 0.8749999999999995559, 1.000000000000000000 ),
 .UNSPECIFIED. ) ;
#3550 = CARTESIAN_POINT ( 'NONE',  ( 3.839994328450866856, 11.28709855134239604, 6.812815305947744093 ) ) ;
#3551 = ORIENTED_EDGE ( 'NONE', *, *, #9, .F. ) ;
#3552 = CARTESIAN_POINT ( 'NONE',  ( 0.001898445685793349316, 13.10965706043951684, 4.030812814043814640 ) ) ;
#3553 = CARTESIAN_POINT ( 'NONE',  ( 1.535494058311330567, 13.12769691952674478, 8.462421363431420929 ) ) ;
#3554 = CARTESIAN_POINT ( 'NONE',  ( -1.408788602790101541, 12.94306860191252717, 8.168855298901013029 ) ) ;
#3555 = CARTESIAN_POINT ( 'NONE',  ( -4.332064694606296840, 11.31733449866979591, 7.827615025451604147 ) ) ;
#3556 = ADVANCED_FACE ( 'NONE', ( #1947 ), #3201, .F. ) ;
#3557 = CARTESIAN_POINT ( 'NONE',  ( 4.118260794723275886, 11.30706225084177952, 7.542353128894315084 ) ) ;
#3558 = DIRECTION ( 'NONE',  ( 0.000000000000000000, 0.000000000000000000, 1.000000000000000000 ) ) ;
#3559 = DIRECTION ( 'NONE',  ( 0.000000000000000000, 0.000000000000000000, 1.000000000000000000 ) ) ;
#3560 = ORIENTED_EDGE ( 'NONE', *, *, #3628, .T. ) ;
#3561 = EDGE_CURVE ( 'NONE', #2292, #2697, #1670, .T. ) ;
#3562 = CIRCLE ( 'NONE', #3500, 2.500000000000000000 ) ;
#3563 = DIRECTION ( 'NONE',  ( -1.000000000000000000, 0.000000000000000000, 0.000000000000000000 ) ) ;
#3564 = CARTESIAN_POINT ( 'NONE',  ( 4.567162572264742870, 10.98724122566355277, 6.025001781060473682 ) ) ;
#3565 = ORIENTED_EDGE ( 'NONE', *, *, #396, .F. ) ;
#3566 = SHAPE_DEFINITION_REPRESENTATION ( #257, #276 ) ;
#3567 = VECTOR ( 'NONE', #2149, 1000.000000000000000 ) ;
#3568 = VECTOR ( 'NONE', #2209, 1000.000000000000000 ) ;
#3569 = DIRECTION ( 'NONE',  ( 1.000000000000000000, 0.000000000000000000, 0.000000000000000000 ) ) ;
#3570 = CARTESIAN_POINT ( 'NONE',  ( 2.367991989578026146, 12.15525912054554425, 7.390001751110569117 ) ) ;
#3571 = CARTESIAN_POINT ( 'NONE',  ( 4.479094590633229345, 11.03802697895084428, 7.112501087360376673 ) ) ;
#3572 = ORIENTED_EDGE ( 'NONE', *, *, #549, .T. ) ;
#3573 = CARTESIAN_POINT ( 'NONE',  ( 3.188857875040044920, 12.35419036646254654, 8.455911369097115937 ) ) ;
#3574 = CARTESIAN_POINT ( 'NONE',  ( 1.400158074115524842, 12.95878316790604146, 8.169165111231100340 ) ) ;
#3575 = DIRECTION ( 'NONE',  ( 0.000000000000000000, 0.9998933032837216128, -0.01460760241681761766 ) ) ;
#3576 = CARTESIAN_POINT ( 'NONE',  ( 4.527837776851970197, 11.01931008372613086, 7.026637977939112822 ) ) ;
#3577 = CARTESIAN_POINT ( 'NONE',  ( -4.187052901013701423, 8.032252391626103716, 7.329124018494725945 ) ) ;
#3578 = FACE_OUTER_BOUND ( 'NONE', #2009, .T. ) ;
#3579 = ORIENTED_EDGE ( 'NONE', *, *, #1353, .F. ) ;
#3580 = FACE_OUTER_BOUND ( 'NONE', #46, .T. ) ;
#3581 = DIRECTION ( 'NONE',  ( -1.127981972804998554E-16, 1.000000000000000000, 0.000000000000000000 ) ) ;
#3582 = EDGE_CURVE ( 'NONE', #1617, #2599, #3268, .T. ) ;
#3583 = VERTEX_POINT ( 'NONE', #1085 ) ;
#3584 = CIRCLE ( 'NONE', #2706, 0.5000000000000004441 ) ;
#3585 = FACE_OUTER_BOUND ( 'NONE', #3465, .T. ) ;
#3586 = CARTESIAN_POINT ( 'NONE',  ( 5.050000000000006040, -7.689499999999998892, 3.625001781060453343 ) ) ;
#3587 = CARTESIAN_POINT ( 'NONE',  ( -5.049999999999998934, 7.689500000000000668, 6.025001781060433714 ) ) ;
#3588 = CARTESIAN_POINT ( 'NONE',  ( -3.882814337746729905, 11.27264775557164533, 6.512310407564464221 ) ) ;
#3589 = VERTEX_POINT ( 'NONE', #2702 ) ;
#3590 = CARTESIAN_POINT ( 'NONE',  ( 1.323562548671675332, 13.18229221325174727, 8.463256358694726700 ) ) ;
#3591 = CARTESIAN_POINT ( 'NONE',  ( -2.688519237616596058, 12.43619195854983950, 8.168629737856081263 ) ) ;
#3592 = VECTOR ( 'NONE', #3122, 1000.000000000000000 ) ;
#3593 = CARTESIAN_POINT ( 'NONE',  ( -4.094155771244433417, 11.58449302152333082, 8.130046367798708928 ) ) ;
#3594 = CARTESIAN_POINT ( 'NONE',  ( 2.102136596967519644, 12.41934129113158924, 7.674951513935925007 ) ) ;
#3595 = CARTESIAN_POINT ( 'NONE',  ( -1.050000000000000711, 6.708520739398998955, 10.00000000000000000 ) ) ;
#3596 = VECTOR ( 'NONE', #1448, 1000.000000000000000 ) ;
#3597 = CARTESIAN_POINT ( 'NONE',  ( 4.567162572264742870, 10.98724122566355277, 6.025001781060473682 ) ) ;
#3598 = VERTEX_POINT ( 'NONE', #820 ) ;
#3599 = FACE_OUTER_BOUND ( 'NONE', #1391, .T. ) ;
#3600 = CARTESIAN_POINT ( 'NONE',  ( 5.650000000000001243, -7.689499999999998892, 10.00000000000000000 ) ) ;
#3601 = VERTEX_POINT ( 'NONE', #1012 ) ;
#3602 = DIRECTION ( 'NONE',  ( 0.4962497730752627456, 0.8681797986147513635, 0.000000000000000000 ) ) ;
#3603 = EDGE_CURVE ( 'NONE', #1533, #2812, #3562, .T. ) ;
#3604 = CARTESIAN_POINT ( 'NONE',  ( -5.049999999999999822, -4.002243707385003901, 3.625001781060453343 ) ) ;
#3605 = CARTESIAN_POINT ( 'NONE',  ( -1.670994467092437930, 12.26787832272296619, 6.812378355882059644 ) ) ;
#3606 = ORIENTED_EDGE ( 'NONE', *, *, #3561, .T. ) ;
#3607 = ADVANCED_FACE ( 'NONE', ( #3585 ), #800, .F. ) ;
#3608 = CARTESIAN_POINT ( 'NONE',  ( 1.866132576115349329, 13.02265091098805172, 8.460793952408726781 ) ) ;
#3609 = CARTESIAN_POINT ( 'NONE',  ( 4.582743170208332550, 11.46222474020851934, 8.342248991988993723 ) ) ;
#3610 = VECTOR ( 'NONE', #1896, 1000.000000000000114 ) ;
#3611 = CARTESIAN_POINT ( 'NONE',  ( -4.390001178303414520, 10.52221121693213490, 6.750001763331986204 ) ) ;
#3612 = CARTESIAN_POINT ( 'NONE',  ( -4.027170286457088189, 8.360738484220599176, 7.377266935524357194 ) ) ;
#3613 = CARTESIAN_POINT ( 'NONE',  ( -1.412538234306535448E-15, 7.689499999999998892, 10.00000000000000000 ) ) ;
#3614 = CIRCLE ( 'NONE', #2018, 1.250000000000000000 ) ;
#3615 = ORIENTED_EDGE ( 'NONE', *, *, #1684, .T. ) ;
#3616 = DIRECTION ( 'NONE',  ( 1.000000000000000000, 0.000000000000000000, 0.000000000000000000 ) ) ;
#3617 = CARTESIAN_POINT ( 'NONE',  ( -4.449999999999999289, -7.689499999999998892, 10.00000000000000000 ) ) ;
#3618 = ORIENTED_EDGE ( 'NONE', *, *, #3582, .T. ) ;
#3619 = CARTESIAN_POINT ( 'NONE',  ( 1.748529180089268387, -13.06212931034482772, 6.025001781060452366 ) ) ;
#3620 = CARTESIAN_POINT ( 'NONE',  ( -2.097207062511200260, 12.71303812746513628, 4.030516279490789167 ) ) ;
#3621 = CARTESIAN_POINT ( 'NONE',  ( 4.583657985748440744, 10.99292510460515970, 6.975514082739695532 ) ) ;
#3622 = CARTESIAN_POINT ( 'NONE',  ( -2.097540720174511986, 12.07708974657048628, 6.512641515046179386 ) ) ;
#3623 = AXIS2_PLACEMENT_3D ( 'NONE', #3545, #1876, #1355 ) ;
#3624 = ORIENTED_EDGE ( 'NONE', *, *, #1798, .T. ) ;
#3625 = CARTESIAN_POINT ( 'NONE',  ( -2.075118853904102778, 12.94463581306177424, 8.459558654801977440 ) ) ;
#3626 = CARTESIAN_POINT ( 'NONE',  ( -0.2937670970371971668, 13.11954921436539756, 8.169007037794148829 ) ) ;
#3627 = B_SPLINE_CURVE_WITH_KNOTS ( 'NONE', 3,
 ( #3139, #43, #58, #2246, #10, #289 ),
 .UNSPECIFIED., .F., .F.,
 ( 4, 2, 4 ),
 ( 1.769077770938648657E-17, 0.0004544809885105342774, 0.0009089619770210508824 ),
 .UNSPECIFIED. ) ;
#3628 = EDGE_CURVE ( 'NONE', #953, #28, #1931, .T. ) ;
#3629 = EDGE_CURVE ( 'NONE', #2721, #28, #1069, .T. ) ;
#3630 = CARTESIAN_POINT ( 'NONE',  ( 3.889998638546019905, 10.53732756150577998, 5.998715628374924336 ) ) ;
#3631 = DIRECTION ( 'NONE',  ( 1.000000000000000000, 2.255963945609997107E-16, 0.000000000000000000 ) ) ;
#3632 = ORIENTED_EDGE ( 'NONE', *, *, #3103, .T. ) ;
#3633 = CYLINDRICAL_SURFACE ( 'NONE', #1561, 5.049999999999998934 ) ;
#3634 = DIRECTION ( 'NONE',  ( -1.000000000000000000, 0.000000000000000000, -0.000000000000000000 ) ) ;
ENDSEC;
END-ISO-10303-21;
