ISO-10303-21;
HEADER;
FILE_DESCRIPTION (( 'STEP AP214' ),
    '1' );
FILE_NAME ('Shell 000#_Female.STEP',
    '2026-09-07T07:11:56',
    ( '' ),
    ( '' ),
    'SwSTEP 2.0',
    'SolidWorks 2026',
    '' );
FILE_SCHEMA (( 'AUTOMOTIVE_DESIGN' ));
ENDSEC;

DATA;
#1 = CARTESIAN_POINT ( 'NONE',  ( -4.438498745814422719, 11.03563854529958199, 5.596756742644842575 ) ) ;
#2 = CARTESIAN_POINT ( 'NONE',  ( -3.069706824844071757, 11.32722671989432506, 4.847453467474649891 ) ) ;
#3 = ORIENTED_EDGE ( 'NONE', *, *, #402, .T. ) ;
#4 = ORIENTED_EDGE ( 'NONE', *, *, #1606, .F. ) ;
#5 = FACE_OUTER_BOUND ( 'NONE', #3173, .T. ) ;
#6 = AXIS2_PLACEMENT_3D ( 'NONE', #517, #2539, #1645 ) ;
#7 = DIRECTION ( 'NONE',  ( -0.000000000000000000, -0.000000000000000000, -1.000000000000000000 ) ) ;
#8 = DIRECTION ( 'NONE',  ( -0.000000000000000000, -0.000000000000000000, 1.000000000000000000 ) ) ;
#9 = ORIENTED_EDGE ( 'NONE', *, *, #2918, .F. ) ;
#10 = DIRECTION ( 'NONE',  ( 1.000000000000000000, 0.000000000000000000, 0.000000000000000000 ) ) ;
#11 = CARTESIAN_POINT ( 'NONE',  ( 3.949704630434682784, 11.98529801311535437, 3.785889231971216518 ) ) ;
#12 = CARTESIAN_POINT ( 'NONE',  ( 0.001475186857678162725, 12.82127037051540874, 7.643774853346088527 ) ) ;
#13 = EDGE_CURVE ( 'NONE', #1152, #2078, #2116, .T. ) ;
#14 = EDGE_LOOP ( 'NONE', ( #1667, #2615, #2236, #875 ) ) ;
#15 = EDGE_CURVE ( 'NONE', #50, #809, #360, .T. ) ;
#16 = DIRECTION ( 'NONE',  ( -1.000000000000000000, -1.535153518563546084E-16, 0.000000000000000000 ) ) ;
#17 = AXIS2_PLACEMENT_3D ( 'NONE', #744, #160, #669 ) ;
#18 = CARTESIAN_POINT ( 'NONE',  ( -2.756703598663479138, 12.14033090763377487, 4.660001811015875184 ) ) ;
#19 = DIRECTION ( 'NONE',  ( -0.000000000000000000, 0.000000000000000000, 1.000000000000000000 ) ) ;
#20 = ADVANCED_FACE ( 'NONE', ( #1852 ), #437, .F. ) ;
#21 = B_SPLINE_SURFACE_WITH_KNOTS ( 'NONE', 5, 5, ( 
 ( #2021, #39, #2038, #3056, #2747, #2093, #3307, #150, #413, #1289, #2133, #1581, #2997, #715, #956, #1886, #1271, #2405, #1849, #1545, #3018, #676, #3035, #694, #451, #1309, #431, #392, #734, #168, #1826, #1563, #1806, #3566, #473, #2727 ),
 ( #2442, #3608, #1010, #2171, #2461, #2151, #3346, #2112, #3625, #3326, #972, #1865, #754, #2707, #989, #1031, #113, #1597, #2768, #191, #1327, #1523, #131, #2423, #2479, #3586, #3264, #2976, #2691, #1253, #3283, #2548, #3131, #3682, #246, #1085 ),
 ( #264, #1392, #774, #2228, #2515, #542, #2192, #3400, #1654, #211, #829, #2821, #1669, #2532, #557, #2245, #1362, #2805, #3365, #1102, #1377, #1942, #2212, #1684, #3698, #812, #2835, #1909, #2850, #3414, #3077, #230, #3116, #527, #1978, #3715 ),
 ( #1119, #1960, #492, #2263, #3432, #3386, #843, #1618, #1345, #3147, #278, #1408, #2786, #3646, #1048, #2496, #3667, #1067, #791, #1927, #3100, #510, #1636, #1426, #878, #652, #3734, #897, #1138, #3223, #2566, #3183, #297, #3506, #1173, #2951 ),
 ( #595, #3465, #2643, #2584, #1761, #2052, #1191, #2069, #2932, #33, #351, #1779, #2034, #2280, #1155, #1481, #368, #1706, #12, #3203, #314, #3488, #1725, #2319, #71, #613, #2624, #1742, #3449, #1443, #2603, #3525, #1209, #859, #2300, #2358 ),
 ( #2910, #630, #1463, #3241, #2340, #332, #2890, #1997, #54, #917, #933, #2017, #3164, #575, #2870, #1003, #88, #2163, #425, #1227, #687, #1819, #3579, #3619, #2145, #2720, #2417, #3340, #2436, #3559, #1555, #2992, #406, #747, #1264, #3050 ),
 ( #726, #671, #123, #983, #144, #2741, #3319, #2127, #162, #2687, #3028, #708, #387, #966, #1880, #2664, #3300, #2374, #1859, #1499, #2106, #2971, #3601, #1841, #3541, #3259, #445, #3278, #1535, #2396, #1574, #1303, #2455, #1283, #3009, #949 ),
 ( #2088, #1023, #1801, #104, #1519, #1247, #2701, #1903, #3678, #1923, #1355, #3381, #1631, #3128, #2510, #2798, #823, #3094, #1081, #1666, #3073, #2224, #487, #1612, #3111, #225, #1939, #506, #261, #3397, #2781, #3639, #1338, #539, #1592, #206 ),
 ( #808, #522, #1651, #1323, #2491, #2818, #3661, #1062, #243, #1374, #2528, #3695, #1389, #1099, #2206, #1044, #787, #2831, #2764, #2241, #2545, #3411, #186, #2186, #840, #1955, #3711, #1115, #2475, #2258, #3427, #1974, #3361, #467, #770, #2176 ),
 ( #3689, #796, #2537, #515, #3373, #1056, #460, #3105, #3390, #215, #1603, #3701, #1932, #1915, #1367, #1586, #1106, #1642, #2755, #2199, #3083, #1350, #253, #2522, #2810, #2790, #2250, #236, #196, #1092, #1624, #2502, #3419, #3672, #1871, #3120 ),
 ( #1036, #2219, #2233, #3404, #533, #817, #1947, #1661, #3064, #2825, #1384, #761, #1332, #3042, #175, #1314, #2466, #3632, #3352, #2484, #1895, #2773, #3652, #1250, #2553, #2898, #283, #2570, #1689, #320, #41, #903, #3474, #22, #2841, #2039 ),
 ( #1398, #883, #110, #1, #1986, #2876, #1431, #547, #3493, #2919, #2855, #3720, #2400, #3436, #3170, #618, #1143, #865, #1179, #1125, #580, #1711, #2022, #3210, #2612, #302, #1748, #3153, #2326, #1162, #849, #2288, #833, #1966, #2307, #3137 ),
 ( #1451, #340, #1469, #1675, #563, #3189, #2269, #3454, #2005, #600, #1268, #2766, #3054, #2168, #3075, #189, #1006, #1325, #2784, #3031, #969, #2130, #2477, #1615, #2704, #2420, #448, #1286, #1862, #2724, #2148, #3644, #1578, #3323, #1046, #2439 ),
 ( #2744, #126, #165, #1883, #2189, #209, #1541, #428, #3304, #3363, #147, #750, #1306, #3016, #1558, #2458, #772, #471, #3604, #3622, #1027, #691, #3343, #1595, #2109, #1906, #490, #1342, #3563, #1823, #986, #3280, #3583, #712, #1846, #2994 ),
 ( #1118, #245, #1653, #1065, #3714, #263, #827, #1084, #3163, #1391, #1376, #1977, #2209, #573, #2547, #3383, #2820, #2530, #1959, #858, #3146, #2261, #3413, #1704, #3431, #811, #842, #3697, #1101, #2869, #2243, #295, #3733, #1634, #508, #556 ),
 ( #1941, #2494, #3664, #3130, #789, #1683, #1925, #3115, #228, #2849, #541, #3098, #2803, #277, #526, #1668, #3399, #1407, #2565, #1136, #2279, #2834, #1359, #3447, #1996, #2512, #3680, #2227, #670, #612, #2602, #3505, #2051, #1154, #367, #3540 ),
 ( #3258, #313, #52, #1226, #896, #1462, #916, #594, #3222, #3524, #1498, #1799, #2015, #2033, #1172, #87, #1741, #2357, #2338, #3202, #2909, #1190, #2663, #932, #2623, #1760, #629, #2299, #1480, #2931, #11, #331, #350, #2373, #2950, #3464 ),
 ( #1724, #2068, #2642, #3240, #70, #2087, #1207, #651, #1778, #877, #948, #2970, #1424, #32, #2583, #3182, #2889, #1442, #2318, #3487, #3027, #2686, #3298, #706, #2435, #2472, #1021, #1573, #1282, #1042, #1302, #2416, #443, #1840, #3008, #3359 ) ),
 .UNSPECIFIED., .F., .F., .F.,
 ( 6, 3, 3, 3, 3, 6 ),
 ( 6, 3, 3, 3, 3, 3, 3, 3, 3, 3, 3, 6 ),
 ( -3.229036571379637177, -2.364093250454584183, -1.467909529451998818, -0.8658034325457717451, 0.5196695377744737776, 1.745496236357985786 ),
 ( -4.947225697511890452, -4.535627893775931341, -3.883757609423965196, -3.278688067462787625, -2.457326627950635611, -1.145886389168220276, 0.3301839407555196004, 2.350930731122731210, 2.988764472247781079, 3.359712335846682940, 3.906267245854496473, 4.424974690260515153 ),
 .UNSPECIFIED. ) ;
#22 = CARTESIAN_POINT ( 'NONE',  ( 4.479215027239896507, 11.02049786261425801, 5.995245156862375246 ) ) ;
#23 = CARTESIAN_POINT ( 'NONE',  ( -3.011689511222656268, 11.42113337668572903, 4.789436153853432465 ) ) ;
#24 = DIRECTION ( 'NONE',  ( 1.691972959207498077E-16, -1.000000000000000000, 0.000000000000000000 ) ) ;
#25 = ORIENTED_EDGE ( 'NONE', *, *, #270, .T. ) ;
#26 = EDGE_LOOP ( 'NONE', ( #2476, #3157, #1147, #1086 ) ) ;
#27 = DIRECTION ( 'NONE',  ( -0.000000000000000000, 1.619815204292807188E-16, -1.000000000000000000 ) ) ;
#28 = LINE ( 'NONE', #66, #711 ) ;
#29 = LINE ( 'NONE', #2906, #1088 ) ;
#30 = ORIENTED_EDGE ( 'NONE', *, *, #2025, .F. ) ;
#31 = DIRECTION ( 'NONE',  ( -1.000000000000000000, 0.000000000000000000, 0.000000000000000000 ) ) ;
#32 = CARTESIAN_POINT ( 'NONE',  ( -2.097127364640214431, 12.97948538379240802, 3.540230607713994004 ) ) ;
#33 = CARTESIAN_POINT ( 'NONE',  ( -3.259097068223038907, 11.79416656345753545, 7.643244809702078868 ) ) ;
#34 = VERTEX_POINT ( 'NONE', #3551 ) ;
#35 = VECTOR ( 'NONE', #905, 1000.000000000000000 ) ;
#36 = FACE_OUTER_BOUND ( 'NONE', #1188, .T. ) ;
#37 = EDGE_CURVE ( 'NONE', #3156, #1726, #3613, .T. ) ;
#38 = CARTESIAN_POINT ( 'NONE',  ( -2.495960105694005366E-14, 0.000000000000000000, 6.025001781060452366 ) ) ;
#39 = CARTESIAN_POINT ( 'NONE',  ( -4.603405154685403566, 11.56349714029759035, 8.514250263247653550 ) ) ;
#40 = EDGE_CURVE ( 'NONE', #566, #180, #1785, .T. ) ;
#41 = CARTESIAN_POINT ( 'NONE',  ( 3.949389634007092642, 11.23535163064456199, 5.995223514136380771 ) ) ;
#42 = LINE ( 'NONE', #1180, #2208 ) ;
#43 = DIRECTION ( 'NONE',  ( 1.000000000000000000, 1.949127501097535707E-16, 0.000000000000000000 ) ) ;
#44 = ORIENTED_EDGE ( 'NONE', *, *, #1744, .F. ) ;
#45 = VERTEX_POINT ( 'NONE', #429 ) ;
#46 = CARTESIAN_POINT ( 'NONE',  ( 2.602085213965210642E-15, -7.689499999999998892, 3.500000000000000000 ) ) ;
#47 = CARTESIAN_POINT ( 'NONE',  ( 3.621748961321600291, 12.02602847366327943, 4.030678117566540486 ) ) ;
#48 = CARTESIAN_POINT ( 'NONE',  ( 4.146181538598119332, 10.57249820481874814, 6.025001781060451478 ) ) ;
#49 = VECTOR ( 'NONE', #1405, 1000.000000000000000 ) ;
#50 = VERTEX_POINT ( 'NONE', #1559 ) ;
#51 = CARTESIAN_POINT ( 'NONE',  ( -4.449999999999999289, -7.689499999999998892, 10.00000000000000000 ) ) ;
#52 = CARTESIAN_POINT ( 'NONE',  ( -4.520551147941753278, 11.74088972958925758, 3.784921725100319101 ) ) ;
#53 = B_SPLINE_CURVE_WITH_KNOTS ( 'NONE', 3,
 ( #1234, #1176, #3188, #339 ),
 .UNSPECIFIED., .F., .F.,
 ( 4, 4 ),
 ( 0.000000000000000000, 1.000000000000000000 ),
 .UNSPECIFIED. ) ;
#54 = CARTESIAN_POINT ( 'NONE',  ( -3.380091325407870162, 11.60155616514447630, 7.290973627305087135 ) ) ;
#55 = ORIENTED_EDGE ( 'NONE', *, *, #1957, .T. ) ;
#56 = CARTESIAN_POINT ( 'NONE',  ( 4.389998638297497813, 10.52037775433323397, 5.932844495789151296 ) ) ;
#57 = CARTESIAN_POINT ( 'NONE',  ( -3.757406262139315611, 10.70215242439313386, 5.535152904770029636 ) ) ;
#58 = CARTESIAN_POINT ( 'NONE',  ( -4.449999999999999289, -7.689499999999998892, 3.625001781060453343 ) ) ;
#59 = CARTESIAN_POINT ( 'NONE',  ( -3.616207410574956871, 11.74787137461512820, 4.683186775682957048 ) ) ;
#60 = CARTESIAN_POINT ( 'NONE',  ( 3.621749015980446185, 12.02602326930741050, 4.030678176616675046 ) ) ;
#61 = ORIENTED_EDGE ( 'NONE', *, *, #2801, .F. ) ;
#62 = ADVANCED_FACE ( 'NONE', ( #2725 ), #805, .T. ) ;
#63 = ORIENTED_EDGE ( 'NONE', *, *, #3012, .T. ) ;
#64 = EDGE_CURVE ( 'NONE', #474, #34, #2763, .T. ) ;
#65 = DIRECTION ( 'NONE',  ( -0.000000000000000000, -0.000000000000000000, -1.000000000000000000 ) ) ;
#66 = CARTESIAN_POINT ( 'NONE',  ( 4.895000000000001350, 1.470491331998989848, -23.18283361322050951 ) ) ;
#67 = CARTESIAN_POINT ( 'NONE',  ( -16.02198379339003154, -4.941041079831899552, 6.025001781060429273 ) ) ;
#68 = EDGE_LOOP ( 'NONE', ( #2702, #1898, #2480, #2316, #3288, #2557, #1593, #262 ) ) ;
#69 = DIRECTION ( 'NONE',  ( 1.127981972804998554E-16, -1.000000000000000000, 0.000000000000000000 ) ) ;
#70 = CARTESIAN_POINT ( 'NONE',  ( -4.225488140375463608, 11.97604778285477778, 3.539828368930788116 ) ) ;
#71 = CARTESIAN_POINT ( 'NONE',  ( 2.995264398013124829, 11.94341870747869550, 7.643953934958323870 ) ) ;
#72 = ORIENTED_EDGE ( 'NONE', *, *, #2962, .F. ) ;
#73 = DIRECTION ( 'NONE',  ( 1.000000000000000000, 2.255963945609997600E-16, 0.000000000000000000 ) ) ;
#74 = CARTESIAN_POINT ( 'NONE',  ( 9.550000000000006040, 10.57249820481874814, 6.025001781060451478 ) ) ;
#75 = CARTESIAN_POINT ( 'NONE',  ( 4.164010220282399644, 11.50833762048061892, 4.623902181662217892 ) ) ;
#76 = PLANE ( 'NONE',  #1009 ) ;
#77 = DIRECTION ( 'NONE',  ( -0.08715574274765033880, 0.9961946980917462113, -3.610575810352315195E-16 ) ) ;
#78 = ORIENTED_EDGE ( 'NONE', *, *, #3087, .T. ) ;
#79 = CARTESIAN_POINT ( 'NONE',  ( -8.290555554736843668E-16, 3.875939667197298988, 5.189998612018002611 ) ) ;
#80 = CARTESIAN_POINT ( 'NONE',  ( 4.449999999999999289, -7.689499999999998892, 3.625001781060453343 ) ) ;
#81 = EDGE_CURVE ( 'NONE', #34, #576, #486, .T. ) ;
#82 = CARTESIAN_POINT ( 'NONE',  ( -16.02198379339003154, 4.941041079831893335, 6.025001781060429273 ) ) ;
#83 = CARTESIAN_POINT ( 'NONE',  ( -3.278388422114623779, 11.13760068132859971, 5.056135064745263641 ) ) ;
#84 = ORIENTED_EDGE ( 'NONE', *, *, #3033, .T. ) ;
#85 = DIRECTION ( 'NONE',  ( -0.000000000000000000, -0.000000000000000000, 1.000000000000000000 ) ) ;
#86 = EDGE_CURVE ( 'NONE', #942, #1063, #824, .T. ) ;
#87 = CARTESIAN_POINT ( 'NONE',  ( -1.408297838393903323, 13.06066404520632851, 3.785484988655140715 ) ) ;
#88 = CARTESIAN_POINT ( 'NONE',  ( -0.8512226691312032578, 12.61509335414313782, 7.291421367594726810 ) ) ;
#89 = VERTEX_POINT ( 'NONE', #1433 ) ;
#90 = PLANE ( 'NONE',  #3299 ) ;
#91 = CARTESIAN_POINT ( 'NONE',  ( 1.289609167882959095, 13.19039373446824293, 3.590612736293893104 ) ) ;
#92 = CARTESIAN_POINT ( 'NONE',  ( -4.343367682363989069, 11.30302160931650235, 4.877676107882151335 ) ) ;
#93 = VECTOR ( 'NONE', #2501, 1000.000000000000000 ) ;
#94 = CARTESIAN_POINT ( 'NONE',  ( 2.602085213965210642E-15, -7.689499999999998003, -2.150000000000000355 ) ) ;
#95 = CARTESIAN_POINT ( 'NONE',  ( 0.000000000000000000, -7.689499999999998892, 3.625001781060453343 ) ) ;
#96 = VERTEX_POINT ( 'NONE', #2364 ) ;
#97 = VERTEX_POINT ( 'NONE', #2901 ) ;
#98 = LINE ( 'NONE', #1793, #3589 ) ;
#99 = CARTESIAN_POINT ( 'NONE',  ( 4.567153368358746413, 10.98724430532727148, 6.025754684440257414 ) ) ;
#100 = CARTESIAN_POINT ( 'NONE',  ( -1.675276891408532753, 12.69773893341126936, 4.360735681718926671 ) ) ;
#101 = ORIENTED_EDGE ( 'NONE', *, *, #3316, .F. ) ;
#102 = ADVANCED_FACE ( 'NONE', ( #958 ), #2941, .T. ) ;
#103 = CARTESIAN_POINT ( 'NONE',  ( 0.9110099830514492014, 12.41787633487989062, 4.660001811015908935 ) ) ;
#104 = CARTESIAN_POINT ( 'NONE',  ( -4.438631606726844758, 11.03554791117916345, 6.811867547261199363 ) ) ;
#105 = ORIENTED_EDGE ( 'NONE', *, *, #1248, .T. ) ;
#106 = EDGE_CURVE ( 'NONE', #1280, #2760, #2369, .T. ) ;
#107 = DIRECTION ( 'NONE',  ( -1.127981972804998554E-16, 1.000000000000000000, 0.000000000000000000 ) ) ;
#108 = EDGE_CURVE ( 'NONE', #3139, #792, #3191, .T. ) ;
#109 = AXIS2_PLACEMENT_3D ( 'NONE', #2177, #1093, #1368 ) ;
#110 = CARTESIAN_POINT ( 'NONE',  ( -4.520821682541828146, 11.00115785171964689, 5.596741916091013458 ) ) ;
#111 = CARTESIAN_POINT ( 'NONE',  ( 0.2205647713537331189, 13.33632460010888643, 3.589336956524791233 ) ) ;
#112 = CARTESIAN_POINT ( 'NONE',  ( 2.976449524197724905, 12.02280709947870463, 4.728358859780979806 ) ) ;
#113 = CARTESIAN_POINT ( 'NONE',  ( -0.8512809541605939057, 13.19277176048477251, 8.341947110363115314 ) ) ;
#114 = CARTESIAN_POINT ( 'NONE',  ( 3.276582691172988060, 11.13366155276805536, 5.054331873809655207 ) ) ;
#115 = DIRECTION ( 'NONE',  ( 4.511927891219993228E-16, -1.000000000000000000, 0.000000000000000000 ) ) ;
#116 = ORIENTED_EDGE ( 'NONE', *, *, #3393, .F. ) ;
#117 = CARTESIAN_POINT ( 'NONE',  ( 4.895000000000001350, 1.470491331998989848, 5.189998612018003499 ) ) ;
#118 = CARTESIAN_POINT ( 'NONE',  ( 3.553405948315176310, 12.08203911697182420, 3.963510644207275835 ) ) ;
#119 = CARTESIAN_POINT ( 'NONE',  ( 3.702546981838253704, 10.15803111126443348, 5.480296164474743215 ) ) ;
#120 = EDGE_LOOP ( 'NONE', ( #2201, #192, #1317, #3415 ) ) ;
#121 = CARTESIAN_POINT ( 'NONE',  ( 1.132868257177122473, 12.37377850449492733, 4.660001811015930251 ) ) ;
#122 = SURFACE_STYLE_FILL_AREA ( #1554 ) ;
#123 = CARTESIAN_POINT ( 'NONE',  ( -4.520985263028216572, 11.02193298145202327, 7.111514211688536591 ) ) ;
#124 = EDGE_LOOP ( 'NONE', ( #2892, #2180, #2137 ) ) ;
#125 = CARTESIAN_POINT ( 'NONE',  ( 1.351827002467245771E-15, -7.689499999999998892, 10.00000000000000000 ) ) ;
#126 = CARTESIAN_POINT ( 'NONE',  ( -4.603036519107092772, 11.17813329624992136, 4.797408276975076546 ) ) ;
#127 = CARTESIAN_POINT ( 'NONE',  ( 2.223577427567910991, 12.88366318704294322, 3.593161964950155163 ) ) ;
#128 = ADVANCED_FACE ( 'NONE', ( #2632 ), #2232, .T. ) ;
#129 = CARTESIAN_POINT ( 'NONE',  ( 2.809905245292619203, 12.26168030827384570, 4.344534652798547114 ) ) ;
#130 = EDGE_CURVE ( 'NONE', #3310, #3156, #3231, .T. ) ;
#131 = CARTESIAN_POINT ( 'NONE',  ( 2.335985155395123858, 12.75994599272593000, 8.342222523411436441 ) ) ;
#132 = AXIS2_PLACEMENT_3D ( 'NONE', #2467, #1298, #1316 ) ;
#133 = EDGE_CURVE ( 'NONE', #3723, #3679, #993, .T. ) ;
#134 = CARTESIAN_POINT ( 'NONE',  ( 2.693408443549723863, 12.65637914065289138, 3.595535816502566817 ) ) ;
#135 = FACE_OUTER_BOUND ( 'NONE', #3279, .T. ) ;
#136 = VERTEX_POINT ( 'NONE', #2328 ) ;
#137 = CARTESIAN_POINT ( 'NONE',  ( -4.146181538598119332, 10.57249820481874814, 6.025001781060451478 ) ) ;
#138 = CARTESIAN_POINT ( 'NONE',  ( 3.889998638297499145, 10.51989303866544923, 5.963738317034552594 ) ) ;
#139 = CARTESIAN_POINT ( 'NONE',  ( -5.649999999999997691, -7.689499999999998892, 3.499999999999999556 ) ) ;
#140 = CIRCLE ( 'NONE', #3211, 5.650000000000000355 ) ;
#141 = ORIENTED_EDGE ( 'NONE', *, *, #909, .T. ) ;
#142 = PLANE ( 'NONE',  #3512 ) ;
#143 = CARTESIAN_POINT ( 'NONE',  ( 3.889998638297481826, 10.51991809558092683, 5.968029925517304157 ) ) ;
#144 = CARTESIAN_POINT ( 'NONE',  ( -4.225960099438781370, 11.14434453178735041, 7.111567150668627768 ) ) ;
#145 = ORIENTED_EDGE ( 'NONE', *, *, #2406, .T. ) ;
#146 = FACE_OUTER_BOUND ( 'NONE', #1796, .T. ) ;
#147 = CARTESIAN_POINT ( 'NONE',  ( -2.973481358737156466, 11.98205307897696414, 4.797722268460221429 ) ) ;
#148 = CARTESIAN_POINT ( 'NONE',  ( 2.730933944550809400, 12.63566010562740694, 3.598521765875008604 ) ) ;
#149 = CARTESIAN_POINT ( 'NONE',  ( 3.145273405675327538, 11.88822321420843942, 4.859175920518767455 ) ) ;
#150 = CARTESIAN_POINT ( 'NONE',  ( -3.631564673745207639, 12.09563994684547694, 8.514446424579251271 ) ) ;
#151 = CARTESIAN_POINT ( 'NONE',  ( 2.730933968207982065, 12.63589404521002635, 3.598521805899673076 ) ) ;
#152 = PLANE ( 'NONE',  #990 ) ;
#153 = DIRECTION ( 'NONE',  ( -5.702091220314344523E-32, 1.619787986605156032E-16, -1.000000000000000000 ) ) ;
#154 = VECTOR ( 'NONE', #1213, 1000.000000000000000 ) ;
#155 = EDGE_CURVE ( 'NONE', #3376, #576, #358, .T. ) ;
#156 = CARTESIAN_POINT ( 'NONE',  ( -2.495960105694005366E-14, 0.000000000000000000, 6.025001781060452366 ) ) ;
#157 = CARTESIAN_POINT ( 'NONE',  ( 4.409365033652803412, 7.689500000000001556, 2.899999999999999911 ) ) ;
#158 = LINE ( 'NONE', #2450, #3096 ) ;
#159 = ORIENTED_EDGE ( 'NONE', *, *, #2886, .T. ) ;
#160 = DIRECTION ( 'NONE',  ( 8.285342299947650627E-15, 0.000000000000000000, -1.000000000000000000 ) ) ;
#161 = CARTESIAN_POINT ( 'NONE',  ( 4.594639102497615646, 10.97757087769728379, 5.930387675275016868 ) ) ;
#162 = CARTESIAN_POINT ( 'NONE',  ( -3.380076113858871079, 11.55677120320769724, 7.111729315962764808 ) ) ;
#163 = ORIENTED_EDGE ( 'NONE', *, *, #2451, .F. ) ;
#164 = CARTESIAN_POINT ( 'NONE',  ( 3.719607412599175600, 11.65616160449791749, 4.782012917383969608 ) ) ;
#165 = CARTESIAN_POINT ( 'NONE',  ( -4.520713088232549914, 11.21766083348131460, 4.797423956107104814 ) ) ;
#166 = CARTESIAN_POINT ( 'NONE',  ( 0.6163498681922155997, 13.30579919472438633, 3.589433730100176856 ) ) ;
#167 = CARTESIAN_POINT ( 'NONE',  ( -1.412538234306535448E-15, 7.689499999999998892, 3.699999999999999734 ) ) ;
#168 = CARTESIAN_POINT ( 'NONE',  ( 3.839875152856784268, 11.97081057782494007, 8.515242338660366173 ) ) ;
#169 = ORIENTED_EDGE ( 'NONE', *, *, #1962, .F. ) ;
#170 = CIRCLE ( 'NONE', #3370, 5.650000000000000355 ) ;
#171 = VECTOR ( 'NONE', #1412, 1000.000000000000000 ) ;
#172 = CARTESIAN_POINT ( 'NONE',  ( 3.908909270775134281, 10.72417989010810935, 6.025001781060470130 ) ) ;
#173 = CARTESIAN_POINT ( 'NONE',  ( -3.950000000000000178, 7.689499999999999780, 3.215093392194367627 ) ) ;
#174 = CARTESIAN_POINT ( 'NONE',  ( -0.7487341025031231112, 13.28970765850366575, 3.591012745998965361 ) ) ;
#175 = CARTESIAN_POINT ( 'NONE',  ( -1.670910142212126415, 12.21614361992504705, 5.994774612999416163 ) ) ;
#176 = CARTESIAN_POINT ( 'NONE',  ( 3.949999999999998845, 7.689500000000001556, 3.411324865405185314 ) ) ;
#177 = CARTESIAN_POINT ( 'NONE',  ( -4.409365033652802524, -7.689499999999999780, 2.899999999999999911 ) ) ;
#178 = EDGE_CURVE ( 'NONE', #3145, #310, #2802, .T. ) ;
#179 = EDGE_CURVE ( 'NONE', #2301, #1532, #2958, .T. ) ;
#180 = VERTEX_POINT ( 'NONE', #1181 ) ;
#181 = DIRECTION ( 'NONE',  ( -0.000000000000000000, -0.000000000000000000, -1.000000000000000000 ) ) ;
#182 = VECTOR ( 'NONE', #2173, 1000.000000000000000 ) ;
#183 = CARTESIAN_POINT ( 'NONE',  ( -3.890892432072019957, 10.55542856608598257, 6.012244120473366316 ) ) ;
#184 = CARTESIAN_POINT ( 'NONE',  ( 3.889998638297492928, 10.52010172471170257, 5.950437265576685952 ) ) ;
#185 = CARTESIAN_POINT ( 'NONE',  ( 3.540174558440868147, 12.09290687266927655, 3.948821661236797897 ) ) ;
#186 = CARTESIAN_POINT ( 'NONE',  ( 2.336108807429002621, 11.98050802973571294, 6.513110018986829175 ) ) ;
#187 = VERTEX_POINT ( 'NONE', #1164 ) ;
#188 = SPHERICAL_SURFACE ( 'NONE', #1243, 4.450000000000001066 ) ;
#189 = CARTESIAN_POINT ( 'NONE',  ( -1.408529021454425267, 12.41342206489897748, 5.320226207876005198 ) ) ;
#190 = DIRECTION ( 'NONE',  ( -3.614066661264268111E-16, 0.8010027527915679624, 0.5986606634983880904 ) ) ;
#191 = CARTESIAN_POINT ( 'NONE',  ( 0.7008017489420216295, 13.22444460622086915, 8.342122180562739686 ) ) ;
#192 = ORIENTED_EDGE ( 'NONE', *, *, #2117, .T. ) ;
#193 = CARTESIAN_POINT ( 'NONE',  ( -0.2431441812556682236, 12.94883319555028578, 4.362570319720093792 ) ) ;
#194 = DIRECTION ( 'NONE',  ( -1.000000000000000000, -1.949127501097535707E-16, 0.000000000000000000 ) ) ;
#195 = CARTESIAN_POINT ( 'NONE',  ( -1.552216511404549637, 13.12266183221713156, 3.593005199361222868 ) ) ;
#196 = CARTESIAN_POINT ( 'NONE',  ( 3.656547617594867017, 11.36793652973040025, 6.392729709949349193 ) ) ;
#197 = CARTESIAN_POINT ( 'NONE',  ( 4.254554493488183375, 11.21309411678218382, 5.252468607979846382 ) ) ;
#198 = AXIS2_PLACEMENT_3D ( 'NONE', #549, #3392, #3107 ) ;
#199 = VERTEX_POINT ( 'NONE', #1216 ) ;
#200 = DIRECTION ( 'NONE',  ( 4.511927891219993228E-16, -1.000000000000000000, 0.000000000000000000 ) ) ;
#201 = VECTOR ( 'NONE', #1777, 1000.000000000000000 ) ;
#202 = EDGE_CURVE ( 'NONE', #792, #97, #1756, .T. ) ;
#203 = CARTESIAN_POINT ( 'NONE',  ( 4.449999999999998401, 7.689500000000001556, 3.699999999999999734 ) ) ;
#204 = CARTESIAN_POINT ( 'NONE',  ( -3.014184293604493359, 11.41709531619937223, 4.791930936235210936 ) ) ;
#205 = CARTESIAN_POINT ( 'NONE',  ( 3.525857613134907531, 12.10438080460898647, 3.935812508198900161 ) ) ;
#206 = CARTESIAN_POINT ( 'NONE',  ( 4.686600722435529498, 10.93989510242385066, 6.812849231811207495 ) ) ;
#207 = VERTEX_POINT ( 'NONE', #940 ) ;
#208 = ADVANCED_FACE ( 'NONE', ( #620 ), #1507, .F. ) ;
#209 = CARTESIAN_POINT ( 'NONE',  ( -4.012980244876378499, 11.48369506883181224, 4.797524415698434019 ) ) ;
#210 = LINE ( 'NONE', #3160, #3502 ) ;
#211 = CARTESIAN_POINT ( 'NONE',  ( -3.259125183260776382, 12.09349963613864531, 8.168509453846631629 ) ) ;
#212 = ORIENTED_EDGE ( 'NONE', *, *, #311, .T. ) ;
#213 = LINE ( 'NONE', #2823, #182 ) ;
#214 = CARTESIAN_POINT ( 'NONE',  ( 3.742112886379679093, 11.92339615341196080, 4.161565928007231463 ) ) ;
#215 = CARTESIAN_POINT ( 'NONE',  ( -3.258984165873569872, 11.55011748644282044, 6.392004272267092446 ) ) ;
#216 = CARTESIAN_POINT ( 'NONE',  ( 3.889998638297723410, 10.52161577691940408, 5.888546271826572642 ) ) ;
#217 = VECTOR ( 'NONE', #379, 1000.000000000000000 ) ;
#218 = PRESENTATION_LAYER_ASSIGNMENT (  '', '', ( #1818 ) ) ;
#219 = ORIENTED_EDGE ( 'NONE', *, *, #807, .T. ) ;
#220 = DIRECTION ( 'NONE',  ( 1.000000000000000000, 0.000000000000000000, 0.000000000000000000 ) ) ;
#221 = CARTESIAN_POINT ( 'NONE',  ( 5.650000000000001243, -7.689499999999998892, 3.499999999999999556 ) ) ;
#222 = CARTESIAN_POINT ( 'NONE',  ( -3.480242179559578819, 11.56286878015689012, 5.257988822190704958 ) ) ;
#223 = CARTESIAN_POINT ( 'NONE',  ( 3.107189346353387727, 12.40858039517970823, 3.681186350987873723 ) ) ;
#224 = CIRCLE ( 'NONE', #3598, 4.409365033652805188 ) ;
#225 = CARTESIAN_POINT ( 'NONE',  ( 3.197077803514992045, 11.59837168064566448, 6.812797584102833426 ) ) ;
#226 = ORIENTED_EDGE ( 'NONE', *, *, #1070, .F. ) ;
#227 = AXIS2_PLACEMENT_3D ( 'NONE', #3527, #936, #3243 ) ;
#228 = CARTESIAN_POINT ( 'NONE',  ( -3.379683552710198491, 12.12509072421393519, 4.030276723532260519 ) ) ;
#229 = CARTESIAN_POINT ( 'NONE',  ( -3.069706824844071757, 10.91120762321873627, 4.847453467474649891 ) ) ;
#230 = CARTESIAN_POINT ( 'NONE',  ( 4.162236477913646482, 11.56274791296695348, 8.169231322574100673 ) ) ;
#231 = EDGE_CURVE ( 'NONE', #3314, #743, #3476, .T. ) ;
#232 = VERTEX_POINT ( 'NONE', #1013 ) ;
#233 = ADVANCED_FACE ( 'NONE', ( #2999 ), #2174, .T. ) ;
#234 = CARTESIAN_POINT ( 'NONE',  ( 2.600360984245373430, 12.35575591149346231, 4.347842429796303421 ) ) ;
#235 = CARTESIAN_POINT ( 'NONE',  ( 4.132483936115962209, 11.54243153268119926, 4.588839097776122422 ) ) ;
#236 = CARTESIAN_POINT ( 'NONE',  ( 3.473055042946929571, 11.44943672229521603, 6.392723412266415828 ) ) ;
#237 =( BOUNDED_CURVE ( )  B_SPLINE_CURVE ( 3, ( #1354, #1132, #2489, #3694 ),
 .UNSPECIFIED., .F., .F. ) 
 B_SPLINE_CURVE_WITH_KNOTS ( ( 4, 4 ),
 ( 4.164408509820150428, 4.712388980384689674 ),
 .UNSPECIFIED. ) 
 CURVE ( )  GEOMETRIC_REPRESENTATION_ITEM ( )  RATIONAL_B_SPLINE_CURVE ( ( 1.000000000000000000, 0.9751326036276909415, 0.9751326036276909415, 1.000000000000000000 ) ) 
 REPRESENTATION_ITEM ( '' )  );
#238 = CARTESIAN_POINT ( 'NONE',  ( 3.805091559786609956, 10.63598576225182768, 5.603448404501176761 ) ) ;
#239 = CARTESIAN_POINT ( 'NONE',  ( -4.894999999999999574, 7.689500000000001556, 9.175001781060434070 ) ) ;
#240 = EDGE_LOOP ( 'NONE', ( #698, #275, #3662 ) ) ;
#241 = LINE ( 'NONE', #2846, #3274 ) ;
#242 = CARTESIAN_POINT ( 'NONE',  ( -3.485716279808365403, 10.94487809486938978, 5.263462922439048342 ) ) ;
#243 = CARTESIAN_POINT ( 'NONE',  ( -3.380016402938302189, 11.49738887345539418, 6.512403352198332662 ) ) ;
#244 = ORIENTED_EDGE ( 'NONE', *, *, #826, .F. ) ;
#245 = CARTESIAN_POINT ( 'NONE',  ( -4.602952338169607138, 11.45471348363305175, 4.275195062372188382 ) ) ;
#246 = CARTESIAN_POINT ( 'NONE',  ( 4.582743170208332550, 11.46222474020851934, 8.342248991988993723 ) ) ;
#247 = ORIENTED_EDGE ( 'NONE', *, *, #108, .F. ) ;
#248 = ADVANCED_FACE ( 'NONE', ( #1330 ), #2136, .T. ) ;
#249 = ADVANCED_FACE ( 'NONE', ( #3371 ), #3060, .F. ) ;
#250 = DIRECTION ( 'NONE',  ( -0.7071067811866514896, 0.000000000000000000, -0.7071067811864436559 ) ) ;
#251 = CARTESIAN_POINT ( 'NONE',  ( -3.890001178303772011, 10.52440752446439376, 5.836114745865878639 ) ) ;
#252 = ADVANCED_FACE ( 'NONE', ( #1256 ), #152, .T. ) ;
#253 = CARTESIAN_POINT ( 'NONE',  ( 2.336121257355003866, 11.97319412695378738, 6.392687563048045085 ) ) ;
#254 = CARTESIAN_POINT ( 'NONE',  ( -4.142596237347301980, 11.53171384048831172, 4.601995277544165042 ) ) ;
#255 = DIRECTION ( 'NONE',  ( -0.7071067811866629249, 0.000000000000000000, -0.7071067811864322206 ) ) ;
#256 = ORIENTED_EDGE ( 'NONE', *, *, #2518, .T. ) ;
#257 =( BOUNDED_CURVE ( )  B_SPLINE_CURVE ( 3, ( #1767, #2669, #939, #1467 ),
 .UNSPECIFIED., .F., .F. ) 
 B_SPLINE_CURVE_WITH_KNOTS ( ( 4, 4 ),
 ( 2.332038365127825585, 2.553558926367863968 ),
 .UNSPECIFIED. ) 
 CURVE ( )  GEOMETRIC_REPRESENTATION_ITEM ( )  RATIONAL_B_SPLINE_CURVE ( ( 1.000000000000000000, 0.9959148989223890469, 0.9959148989223890469, 1.000000000000000000 ) ) 
 REPRESENTATION_ITEM ( '' )  );
#258 = AXIS2_PLACEMENT_3D ( 'NONE', #51, #1189, #3504 ) ;
#259 = CARTESIAN_POINT ( 'NONE',  ( -3.890001178303803986, 10.44919255991316831, 5.932844495788947903 ) ) ;
#260 = CARTESIAN_POINT ( 'NONE',  ( -4.255742439626220452, 11.21512986825505287, 5.251075521900347098 ) ) ;
#261 = CARTESIAN_POINT ( 'NONE',  ( 3.656502283378622042, 11.37400742794330633, 6.812809921969773086 ) ) ;
#262 = ORIENTED_EDGE ( 'NONE', *, *, #3686, .T. ) ;
#263 = CARTESIAN_POINT ( 'NONE',  ( -4.012895180095918057, 11.76930215728426354, 4.275312726036593958 ) ) ;
#264 = CARTESIAN_POINT ( 'NONE',  ( -4.685711201522949843, 11.31518241021287352, 8.168221981840360968 ) ) ;
#265 = ORIENTED_EDGE ( 'NONE', *, *, #2234, .F. ) ;
#266 = CARTESIAN_POINT ( 'NONE',  ( -3.867514120322511406, 10.55366779267339261, 5.759186180221088414 ) ) ;
#267 = CARTESIAN_POINT ( 'NONE',  ( 3.856315617338343937, 11.81894087682747063, 4.286181542466982464 ) ) ;
#268 = CARTESIAN_POINT ( 'NONE',  ( -4.571786578166394222, 10.98743151014870811, 5.940148087038107150 ) ) ;
#269 = ORIENTED_EDGE ( 'NONE', *, *, #3710, .F. ) ;
#270 = EDGE_CURVE ( 'NONE', #3320, #507, #758, .T. ) ;
#271 = ORIENTED_EDGE ( 'NONE', *, *, #2452, .T. ) ;
#272 = CYLINDRICAL_SURFACE ( 'NONE', #1688, 5.650000000000000355 ) ;
#273 = CARTESIAN_POINT ( 'NONE',  ( 4.895000000000005791, -7.689499999999998892, 6.025001781060447925 ) ) ;
#274 = B_SPLINE_CURVE_WITH_KNOTS ( 'NONE', 3,
 ( #419, #1550, #1794, #3332 ),
 .UNSPECIFIED., .F., .F.,
 ( 4, 4 ),
 ( 0.8029772787995416161, 1.000000000000000000 ),
 .UNSPECIFIED. ) ;
#275 = ORIENTED_EDGE ( 'NONE', *, *, #1224, .F. ) ;
#276 = VECTOR ( 'NONE', #3529, 1000.000000000000000 ) ;
#277 = CARTESIAN_POINT ( 'NONE',  ( -2.097207062511200260, 12.71303812746513628, 4.030516279490789167 ) ) ;
#278 = CARTESIAN_POINT ( 'NONE',  ( -2.973813667446052023, 12.15893016387081715, 7.995563037591511879 ) ) ;
#279 = ORIENTED_EDGE ( 'NONE', *, *, #504, .F. ) ;
#280 = CARTESIAN_POINT ( 'NONE',  ( -3.804920501125955479, 10.63822801568210963, 5.603139242357792149 ) ) ;
#281 = DIRECTION ( 'NONE',  ( -1.000000000000000000, 0.000000000000000000, 0.000000000000000000 ) ) ;
#282 = VECTOR ( 'NONE', #2368, 1000.000000000000114 ) ;
#283 = CARTESIAN_POINT ( 'NONE',  ( 3.398911866280042826, 11.47940503960324854, 5.995204545546047648 ) ) ;
#284 = CARTESIAN_POINT ( 'NONE',  ( -3.812805503769767679, 11.86076151509329968, 4.239439249655705844 ) ) ;
#285 = CARTESIAN_POINT ( 'NONE',  ( 2.940497153622370963, 12.49687295988865721, 4.110948765105963076 ) ) ;
#286 = EDGE_LOOP ( 'NONE', ( #2291, #1004, #2409, #3515 ) ) ;
#287 = ORIENTED_EDGE ( 'NONE', *, *, #1421, .F. ) ;
#288 = CARTESIAN_POINT ( 'NONE',  ( 5.323076939304394628, 1.470491331998988960, 5.189998612018002611 ) ) ;
#289 = EDGE_CURVE ( 'NONE', #830, #1918, #975, .T. ) ;
#290 = DIRECTION ( 'NONE',  ( 2.255963945609996614E-16, -1.000000000000000000, 0.000000000000000000 ) ) ;
#291 = EDGE_CURVE ( 'NONE', #136, #1918, #3350, .T. ) ;
#292 = LINE ( 'NONE', #773, #2277 ) ;
#293 = ORIENTED_EDGE ( 'NONE', *, *, #780, .T. ) ;
#294 = FACE_OUTER_BOUND ( 'NONE', #709, .T. ) ;
#295 = CARTESIAN_POINT ( 'NONE',  ( 4.162674800074082526, 11.69226446325390789, 4.276193709694504186 ) ) ;
#296 = VECTOR ( 'NONE', #2650, 1000.000000000000000 ) ;
#297 = CARTESIAN_POINT ( 'NONE',  ( 4.375288738138926270, 11.36743171897931504, 7.996232958861171802 ) ) ;
#298 = EDGE_LOOP ( 'NONE', ( #1626, #463, #1994, #2902 ) ) ;
#299 = CARTESIAN_POINT ( 'NONE',  ( 4.895000000000004903, -2.129508668001012683, 3.625001781060453343 ) ) ;
#300 = CARTESIAN_POINT ( 'NONE',  ( -1.219197573379077859, 12.81748398470057815, 4.362379975780385166 ) ) ;
#301 = FACE_OUTER_BOUND ( 'NONE', #1445, .T. ) ;
#302 = CARTESIAN_POINT ( 'NONE',  ( 3.197212146609021310, 11.61360019229216434, 5.597689336772821100 ) ) ;
#303 = CARTESIAN_POINT ( 'NONE',  ( 3.889998646700988161, 10.51974479323840583, 5.985574460407148578 ) ) ;
#304 = CARTESIAN_POINT ( 'NONE',  ( 3.061347091526388287, 12.41918008801190609, 4.158528475395947055 ) ) ;
#305 = ORIENTED_EDGE ( 'NONE', *, *, #2497, .T. ) ;
#306 = VERTEX_POINT ( 'NONE', #1893 ) ;
#307 = CARTESIAN_POINT ( 'NONE',  ( 4.844150693871780433, 9.293726395498740800, 5.069261769977419618 ) ) ;
#308 = PLANE ( 'NONE',  #776 ) ;
#309 = CARTESIAN_POINT ( 'NONE',  ( -4.593445666453645160, 10.97914641796411850, 5.930554943217115849 ) ) ;
#310 = VERTEX_POINT ( 'NONE', #435 ) ;
#311 = EDGE_CURVE ( 'NONE', #97, #3256, #3649, .T. ) ;
#312 = FACE_OUTER_BOUND ( 'NONE', #2386, .T. ) ;
#313 = CARTESIAN_POINT ( 'NONE',  ( -4.602874548956519263, 11.70166715743985542, 3.784906097486941956 ) ) ;
#314 = CARTESIAN_POINT ( 'NONE',  ( 1.400184549060422778, 12.64269943229018622, 7.643897637347605745 ) ) ;
#315 = ORIENTED_EDGE ( 'NONE', *, *, #2218, .T. ) ;
#316 = EDGE_CURVE ( 'NONE', #1063, #1218, #3209, .T. ) ;
#317 = DIRECTION ( 'NONE',  ( 4.511927891219993228E-16, -1.000000000000000000, 0.000000000000000000 ) ) ;
#318 = CARTESIAN_POINT ( 'NONE',  ( -2.808314901286776522, 12.25464484119755504, 4.344928765545382099 ) ) ;
#319 = CARTESIAN_POINT ( 'NONE',  ( -3.950000000000000178, 7.689499999999999780, 3.215093392194367627 ) ) ;
#320 = CARTESIAN_POINT ( 'NONE',  ( 3.840083311815725153, 11.28294207255838444, 5.995219600594954734 ) ) ;
#321 = CARTESIAN_POINT ( 'NONE',  ( -3.261818279709491453, 11.75006026700154216, 5.039564922339562436 ) ) ;
#322 = CARTESIAN_POINT ( 'NONE',  ( 3.554253405045320946, 12.08151351691040531, 3.962165792575519152 ) ) ;
#323 = ORIENTED_EDGE ( 'NONE', *, *, #3225, .F. ) ;
#324 = ORIENTED_EDGE ( 'NONE', *, *, #2002, .F. ) ;
#325 = DIRECTION ( 'NONE',  ( 1.000000000000000000, 3.070307037127092168E-16, 0.000000000000000000 ) ) ;
#326 = CARTESIAN_POINT ( 'NONE',  ( 3.889998638297498257, 10.52037775433323397, 5.932844495788999417 ) ) ;
#327 = DIRECTION ( 'NONE',  ( 4.511927891219993228E-16, -1.000000000000000000, 0.000000000000000000 ) ) ;
#328 = ORIENTED_EDGE ( 'NONE', *, *, #2608, .T. ) ;
#329 = VECTOR ( 'NONE', #1736, 1000.000000000000000 ) ;
#330 = LINE ( 'NONE', #1153, #1091 ) ;
#331 = CARTESIAN_POINT ( 'NONE',  ( 4.162748308288984234, 11.89549527203820745, 3.785897358576579386 ) ) ;
#332 = CARTESIAN_POINT ( 'NONE',  ( -4.013273166555741511, 11.27621847310843428, 7.290849432216380599 ) ) ;
#333 = VERTEX_POINT ( 'NONE', #3588 ) ;
#334 = CIRCLE ( 'NONE', #393, 5.649999999999998579 ) ;
#335 = CARTESIAN_POINT ( 'NONE',  ( 4.594126115070881866, 10.97856805795944801, 5.884703490063579956 ) ) ;
#336 = EDGE_CURVE ( 'NONE', #2819, #1063, #2655, .T. ) ;
#337 = DIRECTION ( 'NONE',  ( 4.142671149973825313E-15, 0.000000000000000000, -1.000000000000000000 ) ) ;
#338 = ADVANCED_FACE ( 'NONE', ( #135 ), #2426, .T. ) ;
#339 = CARTESIAN_POINT ( 'NONE',  ( -4.273526624964000042, 11.38560714151666531, 4.765811341546510427 ) ) ;
#340 = CARTESIAN_POINT ( 'NONE',  ( -4.603108300765363481, 11.02818993212301812, 5.319642884710412467 ) ) ;
#341 = DIRECTION ( 'NONE',  ( -5.665538897647979615E-16, 1.000000000000000000, 0.000000000000000000 ) ) ;
#342 = CARTESIAN_POINT ( 'NONE',  ( -1.412538234306535448E-15, 7.689499999999998892, 3.499999999999999556 ) ) ;
#343 = ORIENTED_EDGE ( 'NONE', *, *, #3270, .T. ) ;
#344 = ORIENTED_EDGE ( 'NONE', *, *, #3037, .T. ) ;
#345 = CARTESIAN_POINT ( 'NONE',  ( 4.146181538598119332, 10.57249820481874814, 6.025001781060451478 ) ) ;
#346 = CARTESIAN_POINT ( 'NONE',  ( -4.449999999999998401, -4.002243707385003901, 3.625001781060452899 ) ) ;
#347 = DIRECTION ( 'NONE',  ( -2.255963945609997107E-16, 1.000000000000000000, 0.000000000000000000 ) ) ;
#348 = ORIENTED_EDGE ( 'NONE', *, *, #659, .F. ) ;
#349 = DIRECTION ( 'NONE',  ( -0.000000000000000000, -0.000000000000000000, -1.000000000000000000 ) ) ;
#350 = CARTESIAN_POINT ( 'NONE',  ( 4.375791389526264119, 11.79959913771985924, 3.785904455807032498 ) ) ;
#351 = CARTESIAN_POINT ( 'NONE',  ( -2.973794882488878688, 11.95747400618501288, 7.643303593702357901 ) ) ;
#352 = ORIENTED_EDGE ( 'NONE', *, *, #2070, .F. ) ;
#353 = CARTESIAN_POINT ( 'NONE',  ( -5.650000000000000355, 7.689499999999997115, 3.499999999999999556 ) ) ;
#354 = CARTESIAN_POINT ( 'NONE',  ( -5.649999999999997691, -7.689499999999998892, 10.00000000000000000 ) ) ;
#355 = CARTESIAN_POINT ( 'NONE',  ( 0.5681343390787448877, -2.129508668001011795, -0.4767213143801261599 ) ) ;
#356 = EDGE_CURVE ( 'NONE', #1532, #3251, #2154, .T. ) ;
#357 = CARTESIAN_POINT ( 'NONE',  ( 2.617714999871352699, 12.69666828034884531, 3.593957952530616229 ) ) ;
#358 = LINE ( 'NONE', #1788, #2981 ) ;
#359 = EDGE_LOOP ( 'NONE', ( #3514, #2814, #3069, #1134 ) ) ;
#360 = LINE ( 'NONE', #416, #2188 ) ;
#361 = ADVANCED_FACE ( 'NONE', ( #717 ), #3020, .F. ) ;
#362 = DIRECTION ( 'NONE',  ( 2.255963945609997107E-16, -1.000000000000000000, -0.000000000000000000 ) ) ;
#363 = DIRECTION ( 'NONE',  ( -0.5735764363510437169, -1.293967760459421754E-16, -0.8191520442889934639 ) ) ;
#364 = CARTESIAN_POINT ( 'NONE',  ( -4.593445666453645160, 10.97914641796411850, 5.930554943217115849 ) ) ;
#365 = VERTEX_POINT ( 'NONE', #974 ) ;
#366 = CARTESIAN_POINT ( 'NONE',  ( 4.594594147968707354, 10.97769169474970319, 5.915096495624254658 ) ) ;
#367 = CARTESIAN_POINT ( 'NONE',  ( 4.583227240688198201, 11.59204947321186197, 4.031057423803195761 ) ) ;
#368 = CARTESIAN_POINT ( 'NONE',  ( -0.8512472681495506510, 12.75716910557315309, 7.643670780176534230 ) ) ;
#369 = ORIENTED_EDGE ( 'NONE', *, *, #998, .T. ) ;
#370 = FACE_OUTER_BOUND ( 'NONE', #2427, .T. ) ;
#371 =( BOUNDED_CURVE ( )  B_SPLINE_CURVE ( 3, ( #1896, #3702, #2523, #3673 ),
 .UNSPECIFIED., .F., .F. ) 
 B_SPLINE_CURVE_WITH_KNOTS ( ( 4, 4 ),
 ( 3.729625351856559856, 3.951146153648431802 ),
 .UNSPECIFIED. ) 
 CURVE ( )  GEOMETRIC_REPRESENTATION_ITEM ( )  RATIONAL_B_SPLINE_CURVE ( ( 1.000000000000000000, 0.9959148900593357556, 0.9959148900593357556, 1.000000000000000000 ) ) 
 REPRESENTATION_ITEM ( '' )  );
#372 = CARTESIAN_POINT ( 'NONE',  ( 0.4746260751953659818, 13.32003210246795533, 3.589340668488594677 ) ) ;
#373 = CARTESIAN_POINT ( 'NONE',  ( 3.213782741028138989, 11.81572437319534785, 4.943061019751483265 ) ) ;
#374 = LINE ( 'NONE', #2324, #458 ) ;
#375 = DIRECTION ( 'NONE',  ( 4.511927891219993228E-16, -1.000000000000000000, 0.000000000000000000 ) ) ;
#376 = CARTESIAN_POINT ( 'NONE',  ( -3.851859888774471706E-31, 7.689499999999998892, 3.500000000000000000 ) ) ;
#377 = VERTEX_POINT ( 'NONE', #173 ) ;
#378 = ORIENTED_EDGE ( 'NONE', *, *, #3086, .F. ) ;
#379 = DIRECTION ( 'NONE',  ( -0.000000000000000000, -0.000000000000000000, -1.000000000000000000 ) ) ;
#380 = DIRECTION ( 'NONE',  ( -0.000000000000000000, 1.000000000000000000, -0.000000000000000000 ) ) ;
#381 = LINE ( 'NONE', #3236, #2893 ) ;
#382 = EDGE_CURVE ( 'NONE', #3199, #3320, #1312, .T. ) ;
#383 = ADVANCED_FACE ( 'NONE', ( #1600 ), #2771, .T. ) ;
#384 = ORIENTED_EDGE ( 'NONE', *, *, #2235, .T. ) ;
#385 = CARTESIAN_POINT ( 'NONE',  ( -3.702549521844127334, 10.15802730150829625, 5.480296164474892429 ) ) ;
#386 =( LENGTH_UNIT ( ) NAMED_UNIT ( * ) SI_UNIT ( .MILLI., .METRE. ) );
#387 = CARTESIAN_POINT ( 'NONE',  ( -2.524174740701402797, 11.99374763181639025, 7.111896723656466079 ) ) ;
#388 = EDGE_LOOP ( 'NONE', ( #2375, #2792, #3439, #1165 ) ) ;
#389 = AXIS2_PLACEMENT_3D ( 'NONE', #156, #3271, #665 ) ;
#390 = CARTESIAN_POINT ( 'NONE',  ( 0.5738024646838503218, 13.31041396570185142, 3.589399818972662359 ) ) ;
#391 = DIRECTION ( 'NONE',  ( -0.000000000000000000, -0.000000000000000000, -1.000000000000000000 ) ) ;
#392 = CARTESIAN_POINT ( 'NONE',  ( 3.472896783548755195, 12.20305661085475535, 8.515241441166242709 ) ) ;
#393 = AXIS2_PLACEMENT_3D ( 'NONE', #832, #1946, #2854 ) ;
#394 = DIRECTION ( 'NONE',  ( 1.000000000000000000, 0.000000000000000000, 0.000000000000000000 ) ) ;
#395 = DIRECTION ( 'NONE',  ( -1.000000000000000000, -1.127981972804998554E-16, 0.000000000000000000 ) ) ;
#396 = ORIENTED_EDGE ( 'NONE', *, *, #2608, .F. ) ;
#397 = CARTESIAN_POINT ( 'NONE',  ( 4.410689520190356205, -2.002661781275184349, 6.825001781060429096 ) ) ;
#398 = CARTESIAN_POINT ( 'NONE',  ( -3.949999999999998845, -7.689499999999998003, 3.215093392194367627 ) ) ;
#399 = CARTESIAN_POINT ( 'NONE',  ( 3.249998650523997945, 3.339499999999997026, 5.932844495788999417 ) ) ;
#400 = ORIENTED_EDGE ( 'NONE', *, *, #2376, .F. ) ;
#401 = EDGE_CURVE ( 'NONE', #1508, #3139, #3403, .T. ) ;
#402 = EDGE_CURVE ( 'NONE', #1257, #775, #532, .T. ) ;
#403 = CIRCLE ( 'NONE', #2934, 0.5000000000000001110 ) ;
#404 = CARTESIAN_POINT ( 'NONE',  ( 0.2301948494763059183, 12.49260413836663375, 4.660001811015907158 ) ) ;
#405 = DIRECTION ( 'NONE',  ( 1.000000000000000000, 1.127981972804998554E-16, -0.000000000000000000 ) ) ;
#406 = CARTESIAN_POINT ( 'NONE',  ( 4.375341007045022046, 11.11464374451579218, 7.291739432031004498 ) ) ;
#407 = VERTEX_POINT ( 'NONE', #848 ) ;
#408 = DIRECTION ( 'NONE',  ( 0.000000000000000000, 1.000000000000000000, 0.000000000000000000 ) ) ;
#409 = EDGE_CURVE ( 'NONE', #841, #913, #334, .T. ) ;
#410 = B_SPLINE_CURVE_WITH_KNOTS ( 'NONE', 3,
 ( #2830, #2257, #2796, #521, #204, #786 ),
 .UNSPECIFIED., .F., .F.,
 ( 4, 2, 4 ),
 ( 2.453269466693398313E-18, 0.0003547569984687772384, 0.0007095139969375520916 ),
 .UNSPECIFIED. ) ;
#411 = CARTESIAN_POINT ( 'NONE',  ( -0.1996469009098538194, 13.33620220813351231, 3.589818592450559009 ) ) ;
#412 = LINE ( 'NONE', #2975, #417 ) ;
#413 = CARTESIAN_POINT ( 'NONE',  ( -3.380160293368070334, 12.26329450121812137, 8.514502236184757322 ) ) ;
#414 = CARTESIAN_POINT ( 'NONE',  ( 4.895000000000001350, 1.470491331998989848, 3.625001781060455119 ) ) ;
#415 = DIRECTION ( 'NONE',  ( 1.127981972804998307E-16, 1.000000000000000000, 0.000000000000000000 ) ) ;
#416 = CARTESIAN_POINT ( 'NONE',  ( 3.949999999999998845, 7.689500000000001556, 3.411324865405185314 ) ) ;
#417 = VECTOR ( 'NONE', #391, 1000.000000000000000 ) ;
#418 = DIRECTION ( 'NONE',  ( -0.000000000000000000, 1.000000000000000000, -0.000000000000000000 ) ) ;
#419 = CARTESIAN_POINT ( 'NONE',  ( 3.414544984147357631, 12.19098670461642620, 3.846397672377954269 ) ) ;
#420 = CARTESIAN_POINT ( 'NONE',  ( -4.343367682363989069, 11.30302160931650235, 4.877676107882151335 ) ) ;
#421 = ORIENTED_EDGE ( 'NONE', *, *, #1254, .F. ) ;
#422 = CARTESIAN_POINT ( 'NONE',  ( -3.616207410575545733, 11.74787137461460951, 4.683186775683521930 ) ) ;
#423 = DIRECTION ( 'NONE',  ( 0.000000000000000000, -0.8010027527915679624, -0.5986606634983880904 ) ) ;
#424 = AXIS2_PLACEMENT_3D ( 'NONE', #1580, #3055, #2785 ) ;
#425 = CARTESIAN_POINT ( 'NONE',  ( 0.001499986999498896219, 12.68124874153450143, 7.291525787773250222 ) ) ;
#426 = EDGE_LOOP ( 'NONE', ( #2573, #1386, #1170, #1157, #1369, #1352, #244, #1598, #3706, #1881, #3327, #3433, #2418 ) ) ;
#427 = FACE_OUTER_BOUND ( 'NONE', #26, .T. ) ;
#428 = CARTESIAN_POINT ( 'NONE',  ( -3.631198688530255403, 11.68320730378919237, 4.797599865494539095 ) ) ;
#429 = CARTESIAN_POINT ( 'NONE',  ( -4.895000000000000462, 2.972702621317524052, 9.175001781060434070 ) ) ;
#430 = CARTESIAN_POINT ( 'NONE',  ( -4.593601280833937039, 10.97872034589083334, 6.025002543065368421 ) ) ;
#431 = CARTESIAN_POINT ( 'NONE',  ( 3.398712148630870455, 12.25348667345201470, 8.515241847849807755 ) ) ;
#432 = EDGE_CURVE ( 'NONE', #310, #2675, #1411, .T. ) ;
#433 = DIRECTION ( 'NONE',  ( -1.000000000000000000, -1.127981972804998554E-16, 0.000000000000000000 ) ) ;
#434 = CARTESIAN_POINT ( 'NONE',  ( 4.190183144412512384, -0.3665935232334719407, 6.025001781060470130 ) ) ;
#435 = CARTESIAN_POINT ( 'NONE',  ( -2.673120639033210947E-15, 7.689499999999998892, -0.9500000000000011768 ) ) ;
#436 = VECTOR ( 'NONE', #1533, 1000.000000000000114 ) ;
#437 = PLANE ( 'NONE',  #2671 ) ;
#438 = LINE ( 'NONE', #719, #1816 ) ;
#439 = DIRECTION ( 'NONE',  ( -0.8191520442889934639, 0.000000000000000000, -0.5735764363510437169 ) ) ;
#440 = LINE ( 'NONE', #3005, #3025 ) ;
#441 = ORIENTED_EDGE ( 'NONE', *, *, #3201, .T. ) ;
#442 = CARTESIAN_POINT ( 'NONE',  ( -3.798423724591157402, 10.00779187300974549, 5.602946468386036827 ) ) ;
#443 = CARTESIAN_POINT ( 'NONE',  ( 4.375827727753095253, 11.89696705323165915, 3.540755562707233572 ) ) ;
#444 = UNCERTAINTY_MEASURE_WITH_UNIT (LENGTH_MEASURE( 1.000000000000000082E-05 ), #386, 'distance_accuracy_value', 'NONE');
#445 = CARTESIAN_POINT ( 'NONE',  ( 3.398796133216326343, 11.54497257229730600, 7.112468591315557198 ) ) ;
#446 = ORIENTED_EDGE ( 'NONE', *, *, #409, .F. ) ;
#447 = DIRECTION ( 'NONE',  ( 1.691972959207498077E-16, -1.000000000000000000, -0.000000000000000000 ) ) ;
#448 = CARTESIAN_POINT ( 'NONE',  ( 3.398995628173590244, 11.58158373031917954, 5.320611393791763177 ) ) ;
#449 = CARTESIAN_POINT ( 'NONE',  ( 1.908165838819393390, 13.00757668026952096, 3.592318062802279499 ) ) ;
#450 = CARTESIAN_POINT ( 'NONE',  ( 2.809905245292622311, 12.26168030827385458, 4.344534652798523133 ) ) ;
#451 = CARTESIAN_POINT ( 'NONE',  ( 2.995226924489169829, 12.53350585493860869, 8.515245028285509221 ) ) ;
#452 = VERTEX_POINT ( 'NONE', #795 ) ;
#453 = EDGE_CURVE ( 'NONE', #2880, #2760, #634, .T. ) ;
#454 = EDGE_CURVE ( 'NONE', #1280, #2391, #3519, .T. ) ;
#455 = CARTESIAN_POINT ( 'NONE',  ( 1.231263774811540257, 12.82127818355989035, 4.361041106220139518 ) ) ;
#456 = DIRECTION ( 'NONE',  ( 0.000000000000000000, 0.000000000000000000, -1.000000000000000000 ) ) ;
#457 = CARTESIAN_POINT ( 'NONE',  ( -0.7179400367578264719, 13.29370995745820672, 3.590935342973003319 ) ) ;
#458 = VECTOR ( 'NONE', #2589, 1000.000000000000000 ) ;
#459 = APPLICATION_CONTEXT ( 'automotive_design' ) ;
#460 = CARTESIAN_POINT ( 'NONE',  ( -3.882800977362425687, 11.27463258260471335, 6.391889522487557151 ) ) ;
#461 = CARTESIAN_POINT ( 'NONE',  ( 4.254554493488115874, 11.21309411678222290, 5.252468607979806414 ) ) ;
#462 = CARTESIAN_POINT ( 'NONE',  ( -4.273526624964000042, 11.38560714151666531, 4.765811341546510427 ) ) ;
#463 = ORIENTED_EDGE ( 'NONE', *, *, #3134, .T. ) ;
#464 = CARTESIAN_POINT ( 'NONE',  ( 2.050000000000000711, -2.129508668001012683, 5.715302991864936288 ) ) ;
#465 = CARTESIAN_POINT ( 'NONE',  ( -4.895000000000000462, 7.361319111364017509, 3.625001781060453343 ) ) ;
#466 = CARTESIAN_POINT ( 'NONE',  ( 3.318900200886631513, 12.22748162850770193, 4.335654053855627410 ) ) ;
#467 = CARTESIAN_POINT ( 'NONE',  ( 4.479158429127276797, 11.02080055068918440, 6.513182245116849955 ) ) ;
#468 = ORIENTED_EDGE ( 'NONE', *, *, #1272, .F. ) ;
#469 = B_SPLINE_CURVE_WITH_KNOTS ( 'NONE', 3,
 ( #420, #2716, #3634, #462 ),
 .UNSPECIFIED., .F., .F.,
 ( 4, 4 ),
 ( 0.8818766066527276015, 1.000000000000000000 ),
 .UNSPECIFIED. ) ;
#470 = VECTOR ( 'NONE', #1681, 1000.000000000000000 ) ;
#471 = CARTESIAN_POINT ( 'NONE',  ( -0.2934337609350879950, 12.75999787007460817, 4.798146743341709985 ) ) ;
#472 = CARTESIAN_POINT ( 'NONE',  ( -4.894999999999999574, 4.941041079831895111, 6.025001781060431050 ) ) ;
#473 = CARTESIAN_POINT ( 'NONE',  ( 4.582735347264380366, 11.57549440417519193, 8.515256792586921364 ) ) ;
#474 = VERTEX_POINT ( 'NONE', #3136 ) ;
#475 = CARTESIAN_POINT ( 'NONE',  ( 1.891849173153528740, 12.49829362633546737, 4.660001811014291562 ) ) ;
#476 = DIRECTION ( 'NONE',  ( 1.000000000000000000, -1.127981972804998307E-16, 0.000000000000000000 ) ) ;
#477 = EDGE_CURVE ( 'NONE', #1552, #97, #2551, .T. ) ;
#478 = CARTESIAN_POINT ( 'NONE',  ( -1.031445871074232024, 13.24456001363371094, 3.591736845427385028 ) ) ;
#479 = CARTESIAN_POINT ( 'NONE',  ( 3.949999999999997957, 7.689500000000001556, 3.699999999999999734 ) ) ;
#480 = CARTESIAN_POINT ( 'NONE',  ( -4.165427909100735349, 11.50679084045244238, 4.627477266034702552 ) ) ;
#481 = ADVANCED_FACE ( 'NONE', ( #1660 ), #863, .T. ) ;
#482 = EDGE_LOOP ( 'NONE', ( #1024, #421, #323, #1678 ) ) ;
#483 = DIRECTION ( 'NONE',  ( -1.913165929072099923E-16, 0.8480480961564272890, 0.5299192642332029024 ) ) ;
#484 = CARTESIAN_POINT ( 'NONE',  ( -3.798423724591157402, 10.00779187300974549, 5.602946468386036827 ) ) ;
#485 = PLANE ( 'NONE',  #581 ) ;
#486 = LINE ( 'NONE', #3638, #2677 ) ;
#487 = CARTESIAN_POINT ( 'NONE',  ( 2.336079371673895455, 12.01448574461775287, 6.812773725008596237 ) ) ;
#488 = ORIENTED_EDGE ( 'NONE', *, *, #1049, .T. ) ;
#489 = APPLICATION_PROTOCOL_DEFINITION ( 'draft international standard', 'automotive_design', 1998, #459 ) ;
#490 = CARTESIAN_POINT ( 'NONE',  ( 3.399073475961507995, 11.79348193671005696, 4.798387252270853054 ) ) ;
#491 = CARTESIAN_POINT ( 'NONE',  ( 4.535003106797859118, 11.01418494458330777, 5.671985093638321374 ) ) ;
#492 = CARTESIAN_POINT ( 'NONE',  ( -4.521054633162673753, 11.30020616765231978, 7.995248789497240161 ) ) ;
#493 = ORIENTED_EDGE ( 'NONE', *, *, #2378, .F. ) ;
#494 = DIRECTION ( 'NONE',  ( -0.000000000000000000, -0.000000000000000000, -1.000000000000000000 ) ) ;
#495 = DIRECTION ( 'NONE',  ( 1.691972959207498077E-16, -1.000000000000000000, 0.000000000000000000 ) ) ;
#496 = CARTESIAN_POINT ( 'NONE',  ( -1.072943100497323776, 13.23673167491662994, 3.591843717550929682 ) ) ;
#497 = DIRECTION ( 'NONE',  ( 1.127981972804998307E-16, 1.000000000000000000, 0.000000000000000000 ) ) ;
#498 = CARTESIAN_POINT ( 'NONE',  ( 9.550000000000006040, 7.361319111364017509, 3.625001781060453343 ) ) ;
#499 = VERTEX_POINT ( 'NONE', #2789 ) ;
#500 = LINE ( 'NONE', #1353, #1884 ) ;
#501 = CARTESIAN_POINT ( 'NONE',  ( 4.449999999999997513, 7.689500000000000668, 10.00000000000000000 ) ) ;
#502 = EDGE_CURVE ( 'NONE', #942, #2365, #2425, .T. ) ;
#503 = FACE_OUTER_BOUND ( 'NONE', #3445, .T. ) ;
#504 = EDGE_CURVE ( 'NONE', #452, #2456, #637, .T. ) ;
#505 = CARTESIAN_POINT ( 'NONE',  ( 3.034746729329888204, 12.45534597016369815, 3.656732297385842045 ) ) ;
#506 = CARTESIAN_POINT ( 'NONE',  ( 3.473010448237233927, 11.46306037890782292, 6.812804900196615776 ) ) ;
#507 = VERTEX_POINT ( 'NONE', #657 ) ;
#508 = CARTESIAN_POINT ( 'NONE',  ( 4.583187796975630057, 11.46296448433424153, 4.276200958844147415 ) ) ;
#509 = CARTESIAN_POINT ( 'NONE',  ( -3.007665902404976777, 10.97032144275293497, 4.785412545035761411 ) ) ;
#510 = CARTESIAN_POINT ( 'NONE',  ( 1.804303370218719671, 12.72413489946054099, 7.996180999443323500 ) ) ;
#511 = ORIENTED_EDGE ( 'NONE', *, *, #1224, .T. ) ;
#512 = CARTESIAN_POINT ( 'NONE',  ( 2.333748891609818799, 12.33222080804449305, 4.660001811017619566 ) ) ;
#513 = CARTESIAN_POINT ( 'NONE',  ( -4.571786578166394222, 10.98743151014870811, 5.940148087038107150 ) ) ;
#514 = VECTOR ( 'NONE', #2543, 1000.000000000000000 ) ;
#515 = CARTESIAN_POINT ( 'NONE',  ( -4.438585243466749652, 11.03998688553819996, 6.391789110704577226 ) ) ;
#516 = CARTESIAN_POINT ( 'NONE',  ( 3.867892231210396492, 10.55160103598253762, 5.760576478033555325 ) ) ;
#517 = CARTESIAN_POINT ( 'NONE',  ( 2.602085213965210642E-15, -7.689499999999998892, 3.625001781060448014 ) ) ;
#518 = AXIS2_PLACEMENT_3D ( 'NONE', #1275, #476, #415 ) ;
#519 = ORIENTED_EDGE ( 'NONE', *, *, #2497, .F. ) ;
#520 = CARTESIAN_POINT ( 'NONE',  ( 5.257519366694128494E-16, -2.129508668001013127, 5.189998612018001722 ) ) ;
#521 = CARTESIAN_POINT ( 'NONE',  ( -2.947267236308299232, 11.50386588103089025, 4.745401256070228335 ) ) ;
#522 = CARTESIAN_POINT ( 'NONE',  ( -4.603243838569718527, 10.97556423735241538, 6.512181444719090884 ) ) ;
#523 = ORIENTED_EDGE ( 'NONE', *, *, #106, .F. ) ;
#524 = ADVANCED_FACE ( 'NONE', ( #2628 ), #2362, .F. ) ;
#525 = EDGE_CURVE ( 'NONE', #2359, #3450, #53, .T. ) ;
#526 = CARTESIAN_POINT ( 'NONE',  ( -1.670632605199203535, 12.85727112560128838, 4.030587289489352187 ) ) ;
#527 = CARTESIAN_POINT ( 'NONE',  ( 4.479015354511868274, 11.40870373966980544, 8.169239940796916954 ) ) ;
#528 = ORIENTED_EDGE ( 'NONE', *, *, #1019, .T. ) ;
#529 = EDGE_CURVE ( 'NONE', #89, #856, #1783, .T. ) ;
#530 = VECTOR ( 'NONE', #3043, 1000.000000000000000 ) ;
#531 = CARTESIAN_POINT ( 'NONE',  ( 3.892796171570835462, 10.57249820481874814, 6.025001781060451478 ) ) ;
#532 = LINE ( 'NONE', #1366, #93 ) ;
#533 = CARTESIAN_POINT ( 'NONE',  ( -4.225840050789811286, 11.12285311010472988, 5.994310550806680737 ) ) ;
#534 = CARTESIAN_POINT ( 'NONE',  ( -4.165427909100735349, 11.50679084045244238, 4.627477266034702552 ) ) ;
#535 = CIRCLE ( 'NONE', #2939, 4.400000000000000355 ) ;
#536 = ORIENTED_EDGE ( 'NONE', *, *, #2536, .T. ) ;
#537 = LINE ( 'NONE', #520, #3339 ) ;
#538 = CARTESIAN_POINT ( 'NONE',  ( -3.261818279709395529, 11.75006026700139294, 5.039564922340025177 ) ) ;
#539 = CARTESIAN_POINT ( 'NONE',  ( 4.479125375310466950, 11.01782613048814419, 6.812839708705335617 ) ) ;
#540 = ORIENTED_EDGE ( 'NONE', *, *, #86, .F. ) ;
#541 = CARTESIAN_POINT ( 'NONE',  ( -2.973364894169681083, 12.31459060836438013, 4.030353165147086969 ) ) ;
#542 = CARTESIAN_POINT ( 'NONE',  ( -4.013333399203132146, 11.64083811440363192, 8.168350516719373289 ) ) ;
#543 = VERTEX_POINT ( 'NONE', #2074 ) ;
#544 = EDGE_CURVE ( 'NONE', #3224, #1527, #374, .T. ) ;
#545 = CARTESIAN_POINT ( 'NONE',  ( 5.650000000000000355, -2.129508668001011351, 5.579610344103882014 ) ) ;
#546 = CARTESIAN_POINT ( 'NONE',  ( -4.895000000000001350, -7.689499999999998003, -23.18283361322050951 ) ) ;
#547 = CARTESIAN_POINT ( 'NONE',  ( -3.631314339689516224, 11.39463101452256488, 5.596905649921814607 ) ) ;
#548 = CARTESIAN_POINT ( 'NONE',  ( -4.894999999999999574, 7.689500000000001556, 3.625001781060455119 ) ) ;
#549 = CARTESIAN_POINT ( 'NONE',  ( 0.000000000000000000, 7.689500000000000668, 6.025001781060452366 ) ) ;
#550 = VERTEX_POINT ( 'NONE', #1747 ) ;
#551 = ORIENTED_EDGE ( 'NONE', *, *, #356, .F. ) ;
#552 = CYLINDRICAL_SURFACE ( 'NONE', #3717, 5.649999999999999467 ) ;
#553 = CARTESIAN_POINT ( 'NONE',  ( -4.399999999999999467, -7.689499999999998003, 2.899999999999999911 ) ) ;
#554 = FACE_OUTER_BOUND ( 'NONE', #2563, .T. ) ;
#555 = EDGE_LOOP ( 'NONE', ( #2336, #626, #1589, #25, #3609, #2229, #2062, #2242, #2529 ) ) ;
#556 = CARTESIAN_POINT ( 'NONE',  ( 4.686923797598804065, 11.40691283794566857, 4.276202833986297414 ) ) ;
#557 = CARTESIAN_POINT ( 'NONE',  ( -1.671083982864936424, 12.86817869926708902, 8.168813966380039204 ) ) ;
#558 = VERTEX_POINT ( 'NONE', #1449 ) ;
#559 = CARTESIAN_POINT ( 'NONE',  ( -4.349340418134151953, 11.14987148853719567, 5.332375186177761073 ) ) ;
#560 = CARTESIAN_POINT ( 'NONE',  ( 1.351827002467245771E-15, -7.689499999999998892, 3.499999999999999556 ) ) ;
#561 = EDGE_CURVE ( 'NONE', #1454, #2594, #2345, .T. ) ;
#562 = EDGE_CURVE ( 'NONE', #2860, #377, #1430, .T. ) ;
#563 = CARTESIAN_POINT ( 'NONE',  ( -4.225759906796147547, 11.18808131838465947, 5.319711156898304871 ) ) ;
#564 = CARTESIAN_POINT ( 'NONE',  ( -5.649999999999997691, -7.689499999999998892, 6.025001781060429273 ) ) ;
#565 = CARTESIAN_POINT ( 'NONE',  ( 2.753601134989958954, 12.60423676281279626, 4.068299650008393442 ) ) ;
#566 = VERTEX_POINT ( 'NONE', #599 ) ;
#567 = ORIENTED_EDGE ( 'NONE', *, *, #1866, .T. ) ;
#568 = LINE ( 'NONE', #3194, #816 ) ;
#569 = DIRECTION ( 'NONE',  ( 1.000000000000000000, 1.127981972804998554E-16, -0.000000000000000000 ) ) ;
#570 = CARTESIAN_POINT ( 'NONE',  ( -2.784071974256648652, 11.16247402668073718, 4.676563492923568433 ) ) ;
#571 = ORIENTED_EDGE ( 'NONE', *, *, #3014, .F. ) ;
#572 = DIRECTION ( 'NONE',  ( -1.000000000000000000, 0.000000000000000000, 0.000000000000000000 ) ) ;
#573 = CARTESIAN_POINT ( 'NONE',  ( -2.097245932214810260, 12.58981563024558348, 4.275660804899764855 ) ) ;
#574 = CIRCLE ( 'NONE', #1231, 4.400000000000001243 ) ;
#575 = CARTESIAN_POINT ( 'NONE',  ( -2.097609301707124452, 12.24601855372297976, 7.291222730506946803 ) ) ;
#576 = VERTEX_POINT ( 'NONE', #1161 ) ;
#577 = DIRECTION ( 'NONE',  ( -0.000000000000000000, -0.000000000000000000, 1.000000000000000000 ) ) ;
#578 = CARTESIAN_POINT ( 'NONE',  ( -1.119586315037403912, 12.37087025232460391, 4.660001811015893836 ) ) ;
#579 = DIRECTION ( 'NONE',  ( 0.8660254037844398178, 0.000000000000000000, 0.4999999999999977240 ) ) ;
#580 = CARTESIAN_POINT ( 'NONE',  ( 1.400381633578005491, 12.37065341741689650, 5.597620736825466459 ) ) ;
#581 = AXIS2_PLACEMENT_3D ( 'NONE', #1629, #2847, #3409 ) ;
#582 = CARTESIAN_POINT ( 'NONE',  ( -2.943468774715386704, 11.50855313352671949, 4.743076959206165455 ) ) ;
#583 = CARTESIAN_POINT ( 'NONE',  ( 3.196628461752027750, 12.32299891664237101, 4.236541919081265206 ) ) ;
#584 = EDGE_CURVE ( 'NONE', #1210, #2187, #1208, .T. ) ;
#585 = ORIENTED_EDGE ( 'NONE', *, *, #2144, .F. ) ;
#586 = ORIENTED_EDGE ( 'NONE', *, *, #3473, .T. ) ;
#587 = ADVANCED_BREP_SHAPE_REPRESENTATION ( 'Shell 000#_Female', ( #723, #2262 ), #3125 ) ;
#588 = CARTESIAN_POINT ( 'NONE',  ( -3.117352584412149685, 12.10303423111496457, 4.372138861819383493 ) ) ;
#589 = CARTESIAN_POINT ( 'NONE',  ( 0.000000000000000000, 7.689500000000000668, 3.625001781060453343 ) ) ;
#590 = CARTESIAN_POINT ( 'NONE',  ( 4.567918179651039523, 10.98715049788214593, 5.968449144748964486 ) ) ;
#591 = EDGE_CURVE ( 'NONE', #2311, #2282, #257, .T. ) ;
#592 = ORIENTED_EDGE ( 'NONE', *, *, #2406, .F. ) ;
#593 = DIRECTION ( 'NONE',  ( 0.9114134956598988202, 0.4114917252254334801, 1.911370554647576424E-15 ) ) ;
#594 = CARTESIAN_POINT ( 'NONE',  ( -3.631045384503233997, 12.11823195909594908, 3.785082733884934658 ) ) ;
#595 = CARTESIAN_POINT ( 'NONE',  ( -4.685676608923729169, 11.08200623220287717, 7.642968513775352690 ) ) ;
#596 = ORIENTED_EDGE ( 'NONE', *, *, #155, .F. ) ;
#597 = CARTESIAN_POINT ( 'NONE',  ( 4.895000000000005791, -7.689499999999998892, 3.625001781060455119 ) ) ;
#598 = CARTESIAN_POINT ( 'NONE',  ( -1.886110095323293656, 12.49090313945502650, 4.660001811019235163 ) ) ;
#599 = CARTESIAN_POINT ( 'NONE',  ( -2.617270867313253646, 12.69683913311900270, 3.594356496830207970 ) ) ;
#600 = CARTESIAN_POINT ( 'NONE',  ( -3.258856780442088485, 11.65394902851143399, 5.319895582992979044 ) ) ;
#601 = CARTESIAN_POINT ( 'NONE',  ( 3.564986344935697993, 12.07266958124555423, 3.974454334979380832 ) ) ;
#602 = ORIENTED_EDGE ( 'NONE', *, *, #2096, .T. ) ;
#603 = VERTEX_POINT ( 'NONE', #58 ) ;
#604 = PLANE ( 'NONE',  #2927 ) ;
#605 = CARTESIAN_POINT ( 'NONE',  ( -3.616207410575545733, 11.74787137461460951, 4.683186775683521930 ) ) ;
#606 = CARTESIAN_POINT ( 'NONE',  ( 3.889998638297715416, 10.52308507595207843, 5.835973558898738922 ) ) ;
#607 = CARTESIAN_POINT ( 'NONE',  ( 4.567508800946554537, 10.98712676725604354, 5.996725543014304272 ) ) ;
#608 = ORIENTED_EDGE ( 'NONE', *, *, #1421, .T. ) ;
#609 = EDGE_CURVE ( 'NONE', #3462, #792, #3511, .T. ) ;
#610 = EDGE_CURVE ( 'NONE', #1390, #474, #2381, .T. ) ;
#611 = FACE_OUTER_BOUND ( 'NONE', #1249, .T. ) ;
#612 = CARTESIAN_POINT ( 'NONE',  ( 3.840362039559647833, 11.93623080060059571, 4.031034331516090141 ) ) ;
#613 = CARTESIAN_POINT ( 'NONE',  ( 3.197009478066805688, 11.82861521945693184, 7.643956602881823770 ) ) ;
#614 = ORIENTED_EDGE ( 'NONE', *, *, #2378, .T. ) ;
#615 = PLANE ( 'NONE',  #227 ) ;
#616 = DIRECTION ( 'NONE',  ( -1.000000000000000000, 0.000000000000000000, -4.142671149973825313E-15 ) ) ;
#617 = DIRECTION ( 'NONE',  ( 0.9961946980917463224, -0.08715574274764996410, 0.000000000000000000 ) ) ;
#618 = CARTESIAN_POINT ( 'NONE',  ( -1.408565593606149413, 12.34931872433863909, 5.597309975070717591 ) ) ;
#619 = CARTESIAN_POINT ( 'NONE',  ( 5.649999999999999467, 1.470491331998988960, 5.579610344103882014 ) ) ;
#620 = FACE_OUTER_BOUND ( 'NONE', #1509, .T. ) ;
#621 = ORIENTED_EDGE ( 'NONE', *, *, #3293, .T. ) ;
#622 = VERTEX_POINT ( 'NONE', #1504 ) ;
#623 = CARTESIAN_POINT ( 'NONE',  ( 3.069704284838099984, 10.91121004338481271, 4.847453467474868383 ) ) ;
#624 = CARTESIAN_POINT ( 'NONE',  ( -4.894999999999995133, 7.689499999999997115, -23.18283361322050951 ) ) ;
#625 = AXIS2_PLACEMENT_3D ( 'NONE', #3657, #1972, #2526 ) ;
#626 = ORIENTED_EDGE ( 'NONE', *, *, #1517, .T. ) ;
#627 = VECTOR ( 'NONE', #1404, 1000.000000000000000 ) ;
#628 = FACE_OUTER_BOUND ( 'NONE', #2159, .T. ) ;
#629 = CARTESIAN_POINT ( 'NONE',  ( 3.399226140612489733, 12.22197649055556923, 3.785869017511928725 ) ) ;
#630 = CARTESIAN_POINT ( 'NONE',  ( -4.603324272431804864, 11.02344235058714972, 7.290742210728735628 ) ) ;
#631 = EDGE_CURVE ( 'NONE', #1735, #1933, #3547, .T. ) ;
#632 = ORIENTED_EDGE ( 'NONE', *, *, #2989, .T. ) ;
#633 = AXIS2_PLACEMENT_3D ( 'NONE', #3168, #617, #1195 ) ;
#634 = B_SPLINE_CURVE_WITH_KNOTS ( 'NONE', 3,
 ( #2215, #1931, #2535, #3119, #251, #2231 ),
 .UNSPECIFIED., .F., .F.,
 ( 4, 2, 4 ),
 ( 1.923901403884621956E-17, 0.0002854683173496046960, 0.0005709366346991900931 ),
 .UNSPECIFIED. ) ;
#635 = DIRECTION ( 'NONE',  ( -2.255963945609997107E-16, 1.000000000000000000, 0.000000000000000000 ) ) ;
#636 = CARTESIAN_POINT ( 'NONE',  ( 2.757944882852099600, 12.14769274244632236, 4.660001811015948014 ) ) ;
#637 = LINE ( 'NONE', #2057, #154 ) ;
#638 = ADVANCED_FACE ( 'NONE', ( #882 ), #2647, .F. ) ;
#639 = AXIS2_PLACEMENT_3D ( 'NONE', #2953, #1708, #2666 ) ;
#640 = CARTESIAN_POINT ( 'NONE',  ( -3.142140732808933468, 11.88574909328938389, 4.856981790904663754 ) ) ;
#641 = CARTESIAN_POINT ( 'NONE',  ( 2.794958959981490132, 11.67868892763016042, 4.679587954415773687 ) ) ;
#642 = ORIENTED_EDGE ( 'NONE', *, *, #1792, .T. ) ;
#643 = ORIENTED_EDGE ( 'NONE', *, *, #2780, .T. ) ;
#644 = LINE ( 'NONE', #1167, #329 ) ;
#645 = CARTESIAN_POINT ( 'NONE',  ( 2.702632591191645783, 11.22636964121593905, 4.660001811015948014 ) ) ;
#646 = DIRECTION ( 'NONE',  ( -0.000000000000000000, -0.000000000000000000, -1.000000000000000000 ) ) ;
#647 = AXIS2_PLACEMENT_3D ( 'NONE', #782, #818, #2826 ) ;
#648 = VECTOR ( 'NONE', #3217, 1000.000000000000000 ) ;
#649 = EDGE_LOOP ( 'NONE', ( #2742, #1924, #1240, #3175 ) ) ;
#650 = CARTESIAN_POINT ( 'NONE',  ( 1.351827002467245771E-15, -7.689499999999998892, 3.699999999999999734 ) ) ;
#651 = CARTESIAN_POINT ( 'NONE',  ( -3.631008766258962517, 12.21845976015880453, 3.539934323914044167 ) ) ;
#652 = CARTESIAN_POINT ( 'NONE',  ( 3.196989959395951431, 12.02257778271504129, 7.996214780855945392 ) ) ;
#653 = ORIENTED_EDGE ( 'NONE', *, *, #1178, .F. ) ;
#654 = DIRECTION ( 'NONE',  ( -1.000000000000000000, 0.000000000000000000, -4.144914500121575018E-15 ) ) ;
#655 = VECTOR ( 'NONE', #1506, 1000.000000000000000 ) ;
#656 = DIRECTION ( 'NONE',  ( 1.000000000000000000, 1.691972959207498077E-16, -0.000000000000000000 ) ) ;
#657 = CARTESIAN_POINT ( 'NONE',  ( 5.649999999999999467, 1.470491331998988960, 6.025001781060476347 ) ) ;
#658 = ADVANCED_FACE ( 'NONE', ( #301 ), #21, .F. ) ;
#659 = EDGE_CURVE ( 'NONE', #89, #1918, #3277, .T. ) ;
#660 = CARTESIAN_POINT ( 'NONE',  ( -4.449999999999998401, -2.002661781275185238, 6.825001781060429096 ) ) ;
#661 = CIRCLE ( 'NONE', #1137, 0.5000000000000000000 ) ;
#662 = DIRECTION ( 'NONE',  ( -8.966090656457110103E-17, 0.5299192642332021252, 0.8480480961564277331 ) ) ;
#663 = ORIENTED_EDGE ( 'NONE', *, *, #584, .F. ) ;
#664 = ORIENTED_EDGE ( 'NONE', *, *, #2404, .F. ) ;
#665 = DIRECTION ( 'NONE',  ( -1.000000000000000000, 0.000000000000000000, -4.142671149973825313E-15 ) ) ;
#666 = LINE ( 'NONE', #2411, #530 ) ;
#667 = CARTESIAN_POINT ( 'NONE',  ( 2.602085213965210642E-15, -7.689499999999998003, 3.500000000000000000 ) ) ;
#668 = VERTEX_POINT ( 'NONE', #161 ) ;
#669 = DIRECTION ( 'NONE',  ( -1.000000000000000000, 0.000000000000000000, -8.381248254719406694E-15 ) ) ;
#670 = CARTESIAN_POINT ( 'NONE',  ( 3.656868690998290816, 12.00982682912361987, 4.031026698559388777 ) ) ;
#671 = CARTESIAN_POINT ( 'NONE',  ( -4.603308016267775749, 10.98932629340576383, 7.111499701715994881 ) ) ;
#672 = ORIENTED_EDGE ( 'NONE', *, *, #3176, .T. ) ;
#673 = PLANE ( 'NONE',  #2321 ) ;
#674 = CARTESIAN_POINT ( 'NONE',  ( -0.1231188189373923214, 13.33821604300650954, 3.589697380915841673 ) ) ;
#675 = CARTESIAN_POINT ( 'NONE',  ( 2.705337520869667944, 11.76723757615618204, 4.660001811015948014 ) ) ;
#676 = CARTESIAN_POINT ( 'NONE',  ( 1.804284768355989721, 13.11365141857083749, 8.515212798476438749 ) ) ;
#677 = CARTESIAN_POINT ( 'NONE',  ( 3.591959588872808862, 10.85294696362778843, 5.369708771509349887 ) ) ;
#678 = CARTESIAN_POINT ( 'NONE',  ( 3.599183348768940416, 12.04467181622695193, 4.007998676465739152 ) ) ;
#679 = EDGE_CURVE ( 'NONE', #2616, #2078, #3660, .T. ) ;
#680 = ORIENTED_EDGE ( 'NONE', *, *, #108, .T. ) ;
#681 = EDGE_CURVE ( 'NONE', #1390, #543, #3557, .T. ) ;
#682 = LINE ( 'NONE', #397, #1691 ) ;
#683 = CARTESIAN_POINT ( 'NONE',  ( 5.650000000000001243, -7.689499999999998003, 5.579610344103881125 ) ) ;
#684 = CARTESIAN_POINT ( 'NONE',  ( 4.164010220282399644, 11.50833762048061892, 4.623902181662217892 ) ) ;
#685 = VERTEX_POINT ( 'NONE', #965 ) ;
#686 = CARTESIAN_POINT ( 'NONE',  ( 2.410513977029259181, 11.93303449617642897, 4.660001811015925810 ) ) ;
#687 = CARTESIAN_POINT ( 'NONE',  ( 1.400208929991826334, 12.49839630641317001, 7.291647848488854500 ) ) ;
#688 = ORIENTED_EDGE ( 'NONE', *, *, #1917, .T. ) ;
#689 = CARTESIAN_POINT ( 'NONE',  ( -3.949999999999998845, -7.689499999999998003, 3.699999999999999734 ) ) ;
#690 = VECTOR ( 'NONE', #3000, 1000.000000000000000 ) ;
#691 = CARTESIAN_POINT ( 'NONE',  ( 1.804629365622361092, 12.48277850836123726, 4.798329337632458724 ) ) ;
#692 = CARTESIAN_POINT ( 'NONE',  ( 2.290849904116905034, 12.85424022605968908, 3.593324369077388170 ) ) ;
#693 = FACE_OUTER_BOUND ( 'NONE', #68, .T. ) ;
#694 = CARTESIAN_POINT ( 'NONE',  ( 2.867667627778951012, 12.60960842722398567, 8.515243935117849716 ) ) ;
#695 = MECHANICAL_DESIGN_GEOMETRIC_PRESENTATION_REPRESENTATION (  '', ( #1818 ), #2016 ) ;
#696 = CARTESIAN_POINT ( 'NONE',  ( 1.351827002467245771E-15, -7.689499999999998892, 2.899999999999999911 ) ) ;
#697 = DIRECTION ( 'NONE',  ( -1.000000000000000000, -2.255963945609997107E-16, 0.000000000000000000 ) ) ;
#698 = ORIENTED_EDGE ( 'NONE', *, *, #2284, .F. ) ;
#699 = LINE ( 'NONE', #3552, #2983 ) ;
#700 = CARTESIAN_POINT ( 'NONE',  ( 3.889998638297436528, 10.51968024679664460, 6.025524929630933002 ) ) ;
#701 = CARTESIAN_POINT ( 'NONE',  ( 2.587127957657378907, 12.36169692255616503, 4.348051322782495731 ) ) ;
#702 = CIRCLE ( 'NONE', #2443, 5.649999999999999467 ) ;
#703 = ORIENTED_EDGE ( 'NONE', *, *, #1837, .T. ) ;
#704 = CARTESIAN_POINT ( 'NONE',  ( 0.4586784966604071090, 12.47770806001738642, 4.660001811015905382 ) ) ;
#705 = ADVANCED_FACE ( 'NONE', ( #3048 ), #2700, .T. ) ;
#706 = CARTESIAN_POINT ( 'NONE',  ( 2.868209400365016926, 12.58806510252912148, 3.540707446761512944 ) ) ;
#707 = PRODUCT_DEFINITION_CONTEXT ( 'detailed design', #459, 'design' ) ;
#708 = CARTESIAN_POINT ( 'NONE',  ( -2.688454778621927055, 11.91459284590592738, 7.111865388661044562 ) ) ;
#709 = EDGE_LOOP ( 'NONE', ( #2912, #1969, #269, #3466 ) ) ;
#710 = DIRECTION ( 'NONE',  ( -1.000000000000000000, 0.000000000000000000, 0.000000000000000000 ) ) ;
#711 = VECTOR ( 'NONE', #1494, 1000.000000000000000 ) ;
#712 = CARTESIAN_POINT ( 'NONE',  ( 4.479367222475774568, 11.23842276077097146, 4.798411620346110240 ) ) ;
#713 = CARTESIAN_POINT ( 'NONE',  ( 2.263604919806593951, 12.86626043703906142, 3.593259588617812916 ) ) ;
#714 = DIRECTION ( 'NONE',  ( -1.000000000000000000, -0.000000000000000000, -0.000000000000000000 ) ) ;
#715 = CARTESIAN_POINT ( 'NONE',  ( -2.097669728063335626, 12.99499434739947823, 8.514766076667900307 ) ) ;
#716 = PLANE ( 'NONE',  #1130 ) ;
#717 = FACE_OUTER_BOUND ( 'NONE', #3691, .T. ) ;
#718 = ORIENTED_EDGE ( 'NONE', *, *, #1272, .T. ) ;
#719 = CARTESIAN_POINT ( 'NONE',  ( -3.890001178303803986, 3.339499999999997026, 5.932844495788999417 ) ) ;
#720 = CYLINDRICAL_SURFACE ( 'NONE', #1358, 3.949999999999999734 ) ;
#721 = CARTESIAN_POINT ( 'NONE',  ( -2.361721991618909833, 12.45028233124820183, 4.353478722687858848 ) ) ;
#722 = ORIENTED_EDGE ( 'NONE', *, *, #2048, .T. ) ;
#723 = MANIFOLD_SOLID_BREP ( '\X2\8fc776c8914d540853c26570\X0\2', #3285 ) ;
#724 = CARTESIAN_POINT ( 'NONE',  ( -0.8953259189643840710, 12.41602619777639127, 4.660001811015911599 ) ) ;
#725 = CARTESIAN_POINT ( 'NONE',  ( 4.972236430896860071, 8.572316444829866100, 6.025001781060452366 ) ) ;
#726 = CARTESIAN_POINT ( 'NONE',  ( -4.685630674736501966, 10.95768752270836188, 7.111485355256588647 ) ) ;
#727 = VERTEX_POINT ( 'NONE', #465 ) ;
#728 = ADVANCED_FACE ( 'NONE', ( #3617 ), #3637, .T. ) ;
#729 = CARTESIAN_POINT ( 'NONE',  ( 4.449999999999999289, -7.689499999999998892, 3.625001781060453343 ) ) ;
#730 = VECTOR ( 'NONE', #1204, 1000.000000000000000 ) ;
#731 = EDGE_CURVE ( 'NONE', #2282, #851, #1858, .T. ) ;
#732 = CARTESIAN_POINT ( 'NONE',  ( 1.236929977303055095, 13.20258986750599561, 3.590481179125386113 ) ) ;
#733 = CARTESIAN_POINT ( 'NONE',  ( 3.116934633281053024, 12.10621971258678897, 4.379540969279430485 ) ) ;
#734 = CARTESIAN_POINT ( 'NONE',  ( 3.656385532385287629, 12.08248248549489468, 8.515241137974346231 ) ) ;
#735 = EDGE_LOOP ( 'NONE', ( #3362, #265, #2221, #1702 ) ) ;
#736 = AXIS2_PLACEMENT_3D ( 'NONE', #2968, #1281, #2699 ) ;
#737 = CARTESIAN_POINT ( 'NONE',  ( 4.149317003734946496, 11.28654800126115276, 5.160716166444352382 ) ) ;
#738 = CARTESIAN_POINT ( 'NONE',  ( -2.529133859967222587E-14, 1.470491331998987850, 6.025001781060452366 ) ) ;
#739 = CARTESIAN_POINT ( 'NONE',  ( -0.9284831404891227269, 13.26337214580487078, 3.591470875312022137 ) ) ;
#740 = CARTESIAN_POINT ( 'NONE',  ( 4.409365033652806076, -7.689499999999998003, 2.899999999999999911 ) ) ;
#741 = FACE_OUTER_BOUND ( 'NONE', #2533, .T. ) ;
#742 = CARTESIAN_POINT ( 'NONE',  ( 2.362633205923904800, 12.45906318671398694, 4.352328721061528682 ) ) ;
#743 = VERTEX_POINT ( 'NONE', #725 ) ;
#744 = CARTESIAN_POINT ( 'NONE',  ( -1.412538234306535448E-15, 7.689499999999998892, 4.660001811015904494 ) ) ;
#745 = CARTESIAN_POINT ( 'NONE',  ( -4.449999999999999289, -4.002243707385003013, 3.625001781060453343 ) ) ;
#746 = CARTESIAN_POINT ( 'NONE',  ( 3.276145577456105684, 12.26205323633309163, 4.297130592283441075 ) ) ;
#747 = CARTESIAN_POINT ( 'NONE',  ( 4.479078336888134615, 11.07216774131083348, 7.291743600546640280 ) ) ;
#748 = ORIENTED_EDGE ( 'NONE', *, *, #432, .T. ) ;
#749 = CARTESIAN_POINT ( 'NONE',  ( 4.142307339222460527, 11.29144062112128211, 5.154604716598870873 ) ) ;
#750 = CARTESIAN_POINT ( 'NONE',  ( -2.688182844533034910, 12.10786230163846966, 4.797774717775473263 ) ) ;
#751 = CARTESIAN_POINT ( 'NONE',  ( 2.923233490599580264, 12.52454825066238087, 3.627076610856586836 ) ) ;
#752 = EDGE_CURVE ( 'NONE', #775, #603, #2161, .T. ) ;
#753 = CARTESIAN_POINT ( 'NONE',  ( 4.568365909729980245, 10.98742316765433458, 5.940172413463810308 ) ) ;
#754 = CARTESIAN_POINT ( 'NONE',  ( -2.524244869703995864, 12.65060486231207193, 8.341672588023866908 ) ) ;
#755 = ORIENTED_EDGE ( 'NONE', *, *, #15, .F. ) ;
#756 = EDGE_CURVE ( 'NONE', #3716, #2661, #1113, .T. ) ;
#757 = PLANE ( 'NONE',  #2395 ) ;
#758 = LINE ( 'NONE', #738, #1052 ) ;
#759 = CARTESIAN_POINT ( 'NONE',  ( -0.7039616905776735489, 13.29548406184840204, 3.590900354390249127 ) ) ;
#760 = VECTOR ( 'NONE', #19, 1000.000000000000000 ) ;
#761 = CARTESIAN_POINT ( 'NONE',  ( -2.688343011908027158, 11.80851602778539444, 5.994594499538344223 ) ) ;
#762 = CARTESIAN_POINT ( 'NONE',  ( 3.910256050628784230, 11.24061213474035092, 5.881061616326103803 ) ) ;
#763 = CARTESIAN_POINT ( 'NONE',  ( 4.449999999999998401, -2.129508668001012239, 3.625001781060453343 ) ) ;
#764 = VERTEX_POINT ( 'NONE', #1973 ) ;
#765 = VECTOR ( 'NONE', #73, 1000.000000000000000 ) ;
#766 = DIRECTION ( 'NONE',  ( 1.000000000000000000, 0.000000000000000000, 0.000000000000000000 ) ) ;
#767 = DIRECTION ( 'NONE',  ( -0.000000000000000000, 1.000000000000000000, -0.000000000000000000 ) ) ;
#768 = DIRECTION ( 'NONE',  ( 5.977393770971419883E-17, -0.5299192642332032355, 0.8480480961564270670 ) ) ;
#769 = CARTESIAN_POINT ( 'NONE',  ( 3.436813420410419262, 12.17404967855505937, 3.862623420350158376 ) ) ;
#770 = CARTESIAN_POINT ( 'NONE',  ( 4.582896101104100062, 10.98181884143350295, 6.513187003933878394 ) ) ;
#771 = ORIENTED_EDGE ( 'NONE', *, *, #3195, .T. ) ;
#772 = CARTESIAN_POINT ( 'NONE',  ( -0.8509413153416691689, 12.70442430654030375, 4.798076392384433397 ) ) ;
#773 = CARTESIAN_POINT ( 'NONE',  ( 4.895000000000004903, -5.283248449827693705, -5.825409193748014580 ) ) ;
#774 = CARTESIAN_POINT ( 'NONE',  ( -4.521064945514324585, 11.38805091157998106, 8.168252294988361584 ) ) ;
#775 = VERTEX_POINT ( 'NONE', #1372 ) ;
#776 = AXIS2_PLACEMENT_3D ( 'NONE', #1220, #569, #2334 ) ;
#777 = CARTESIAN_POINT ( 'NONE',  ( 0.4990380676814444860, 12.93364818687276063, 4.362192623817747084 ) ) ;
#778 = CARTESIAN_POINT ( 'NONE',  ( 3.553405948315176310, 12.08203911697182420, 3.963510644207275835 ) ) ;
#779 = CARTESIAN_POINT ( 'NONE',  ( -1.128639941845350325, 13.22578449861249972, 3.591986518894782154 ) ) ;
#780 = EDGE_CURVE ( 'NONE', #2456, #1357, #410, .T. ) ;
#781 = ADVANCED_FACE ( 'NONE', ( #1649 ), #1610, .T. ) ;
#782 = CARTESIAN_POINT ( 'NONE',  ( 1.351827002467245771E-15, -7.689499999999998892, 3.499999999999999556 ) ) ;
#783 = ORIENTED_EDGE ( 'NONE', *, *, #15, .T. ) ;
#784 = CARTESIAN_POINT ( 'NONE',  ( 1.351827002467245771E-15, -7.689499999999998892, 2.899999999999999911 ) ) ;
#785 = LINE ( 'NONE', #1097, #2181 ) ;
#786 = CARTESIAN_POINT ( 'NONE',  ( -3.069706824844071757, 11.32722671989432506, 4.847453467474649891 ) ) ;
#787 = CARTESIAN_POINT ( 'NONE',  ( -0.8511538724667980782, 12.44836173977113170, 6.512840523312221741 ) ) ;
#788 = ORIENTED_EDGE ( 'NONE', *, *, #2521, .F. ) ;
#789 = CARTESIAN_POINT ( 'NONE',  ( -4.225561805032118201, 11.77121919675009920, 4.030124450131471470 ) ) ;
#790 = CARTESIAN_POINT ( 'NONE',  ( 8.673617379884035472E-16, -7.689499999999999780, 3.500000000000000000 ) ) ;
#791 = CARTESIAN_POINT ( 'NONE',  ( 0.001455889276054338167, 13.01749097131322408, 7.996033412777158844 ) ) ;
#792 = VERTEX_POINT ( 'NONE', #273 ) ;
#793 = AXIS2_PLACEMENT_3D ( 'NONE', #167, #1029, #1617 ) ;
#794 = CARTESIAN_POINT ( 'NONE',  ( 2.809905245292627196, 12.26168030827384570, 4.344534652798527574 ) ) ;
#795 = CARTESIAN_POINT ( 'NONE',  ( -2.617158493531002161, 11.28852506517230658, 4.660001811015882289 ) ) ;
#796 = CARTESIAN_POINT ( 'NONE',  ( -4.603230645110080843, 10.97584422259476788, 6.391760271638227131 ) ) ;
#797 = CARTESIAN_POINT ( 'NONE',  ( 3.278031599326039824, 11.13695522256129955, 5.055780781962716297 ) ) ;
#798 = ADVANCED_FACE ( 'NONE', ( #2527 ), #3143, .F. ) ;
#799 = ADVANCED_FACE ( 'NONE', ( #503 ), #485, .F. ) ;
#800 = ORIENTED_EDGE ( 'NONE', *, *, #525, .F. ) ;
#801 = B_SPLINE_CURVE_WITH_KNOTS ( 'NONE', 3,
 ( #1515, #2685, #3317, #2415, #1877, #422 ),
 .UNSPECIFIED., .F., .F.,
 ( 4, 2, 4 ),
 ( 0.000000000000000000, 0.0005038144981193403696, 0.001007628996238680739 ),
 .UNSPECIFIED. ) ;
#802 = AXIS2_PLACEMENT_3D ( 'NONE', #964, #2454, #2762 ) ;
#803 = FACE_OUTER_BOUND ( 'NONE', #1166, .T. ) ;
#804 = DIRECTION ( 'NONE',  ( 0.000000000000000000, 0.000000000000000000, 1.000000000000000000 ) ) ;
#805 = B_SPLINE_SURFACE_WITH_KNOTS ( 'NONE', 1, 3, ( 
 ( #148, #1028, #1287, #3606, #2169, #751, #1630, #1922, #2162, #505, #2205, #223, #2490, #1061, #2797, #1902, #2555, #3659, #3155, #769, #3380, #3618, #3456, #205, #185, #3722 ),
 ( #1127, #867, #565, #2271, #3438, #3172, #1988, #3072, #1692, #2857, #285, #2878, #1413, #304, #1145, #1591, #2290, #583, #2572, #1022, #2007, #3338, #746, #1879, #3049, #466 ) ),
 .UNSPECIFIED., .F., .F., .F.,
 ( 2, 2 ),
 ( 4, 2, 2, 2, 2, 2, 2, 2, 2, 2, 2, 2, 4 ),
 ( 0.000000000000000000, 1.000000000000000000 ),
 ( 0.000000000000000000, 0.0001344603683235258505, 0.0002016905524852887757, 0.0002689207366470517009, 0.0003361509208088146261, 0.0004033811049705775514, 0.0005378414732941034018, 0.0006723018416176292523, 0.0008067622099411551027, 0.0008739923941029180280, 0.0009412225782646809532, 0.001008452762426443987, 0.001075682946588206804 ),
 .UNSPECIFIED. ) ;
#806 = CARTESIAN_POINT ( 'NONE',  ( -3.726995627142158707, 11.64910619289022620, 4.789738214593987742 ) ) ;
#807 = EDGE_CURVE ( 'NONE', #96, #2972, #237, .T. ) ;
#808 = CARTESIAN_POINT ( 'NONE',  ( -4.685566392200257724, 10.94499620428214470, 6.512167279142554221 ) ) ;
#809 = VERTEX_POINT ( 'NONE', #2239 ) ;
#810 = DIRECTION ( 'NONE',  ( 0.000000000000000000, 0.000000000000000000, 1.000000000000000000 ) ) ;
#811 = CARTESIAN_POINT ( 'NONE',  ( 3.197405743498863639, 12.11507499996187320, 4.276159579810295597 ) ) ;
#812 = CARTESIAN_POINT ( 'NONE',  ( 3.196981815906311919, 12.13257363640557607, 8.169222028399435231 ) ) ;
#813 = ORIENTED_EDGE ( 'NONE', *, *, #1517, .F. ) ;
#814 = CARTESIAN_POINT ( 'NONE',  ( -3.250001190530002138, 3.339499999999997026, 5.932844495788999417 ) ) ;
#815 = CARTESIAN_POINT ( 'NONE',  ( 1.784633475534352029E-15, -7.689499999999998892, -0.9500000000000007327 ) ) ;
#816 = VECTOR ( 'NONE', #27, 1000.000000000000000 ) ;
#817 = CARTESIAN_POINT ( 'NONE',  ( -4.013137642517454751, 11.21263675418439121, 5.994348976229775694 ) ) ;
#818 = DIRECTION ( 'NONE',  ( 0.000000000000000000, 0.000000000000000000, 1.000000000000000000 ) ) ;
#819 = AXIS2_PLACEMENT_3D ( 'NONE', #1584, #2752, #697 ) ;
#820 = VERTEX_POINT ( 'NONE', #1921 ) ;
#821 = VECTOR ( 'NONE', #362, 1000.000000000000000 ) ;
#822 = DIRECTION ( 'NONE',  ( -0.8191520442889934639, 0.000000000000000000, -0.5735764363510437169 ) ) ;
#823 = CARTESIAN_POINT ( 'NONE',  ( -0.8511831568500846101, 12.48388545149421169, 6.812504490503796362 ) ) ;
#824 = B_SPLINE_CURVE_WITH_KNOTS ( 'NONE', 3,
 ( #2185, #3360, #1611, #2920, #678, #1199, #2979, #2673, #601, #1238 ),
 .UNSPECIFIED., .F., .F.,
 ( 4, 3, 3, 4 ),
 ( 0.000000000000000000, 2.777303268739197761E-05, 5.554617214560357818E-05, 0.0001109999700426731123 ),
 .UNSPECIFIED. ) ;
#825 = EDGE_LOOP ( 'NONE', ( #3335, #30, #1646, #1637 ) ) ;
#826 = EDGE_CURVE ( 'NONE', #3602, #2836, #3677, .T. ) ;
#827 = CARTESIAN_POINT ( 'NONE',  ( -3.882515456091333750, 11.82718353878557949, 4.275336760487820520 ) ) ;
#828 = AXIS2_PLACEMENT_3D ( 'NONE', #2393, #405, #1263 ) ;
#829 = CARTESIAN_POINT ( 'NONE',  ( -2.973821311675655998, 12.27402508050876584, 8.168571146534763017 ) ) ;
#830 = VERTEX_POINT ( 'NONE', #839 ) ;
#831 = CARTESIAN_POINT ( 'NONE',  ( 0.9678617210430703333, 12.73957451558794851, 4.660001811017479234 ) ) ;
#832 = CARTESIAN_POINT ( 'NONE',  ( -1.412538234306535448E-15, 7.689499999999998892, 6.025001781060452366 ) ) ;
#833 = CARTESIAN_POINT ( 'NONE',  ( 4.375520758962416323, 11.05888715882984386, 5.597724481226372006 ) ) ;
#834 = CARTESIAN_POINT ( 'NONE',  ( 3.890785998382002564, 11.24823045850565606, 5.930522884780776494 ) ) ;
#835 = EDGE_LOOP ( 'NONE', ( #894, #2349, #145, #2625, #2254, #3478, #446, #2713, #3006 ) ) ;
#836 = EDGE_LOOP ( 'NONE', ( #116, #3029, #602, #315, #2776, #1076, #800, #1328, #1217, #1998, #3122, #621, #2026, #2604, #2089, #84, #2993, #2264, #1000, #2018, #1830, #55, #1116, #1776, #1758 ) ) ;
#837 = DIRECTION ( 'NONE',  ( -1.000000000000000000, 0.000000000000000000, 0.000000000000000000 ) ) ;
#838 = CARTESIAN_POINT ( 'NONE',  ( 2.617155953524997969, 3.339499999999997026, 5.300001798788999352 ) ) ;
#839 = CARTESIAN_POINT ( 'NONE',  ( 4.400000000000003020, -7.689499999999999780, 2.899999999999999911 ) ) ;
#840 = CARTESIAN_POINT ( 'NONE',  ( 2.995361610926973395, 11.67359764170654834, 6.513130264164777472 ) ) ;
#841 = VERTEX_POINT ( 'NONE', #2817 ) ;
#842 = CARTESIAN_POINT ( 'NONE',  ( 3.399153656186935990, 12.02920188882398911, 4.276167135027778343 ) ) ;
#843 = CARTESIAN_POINT ( 'NONE',  ( -3.882942856691528721, 11.61604423857627211, 7.995371918976113434 ) ) ;
#844 = EDGE_CURVE ( 'NONE', #89, #50, #2275, .T. ) ;
#845 = ORIENTED_EDGE ( 'NONE', *, *, #454, .F. ) ;
#846 = ADVANCED_FACE ( 'NONE', ( #554 ), #3726, .T. ) ;
#847 = CARTESIAN_POINT ( 'NONE',  ( -0.9526331975592660095, 12.73652357403692292, 4.660001811014621964 ) ) ;
#848 = CARTESIAN_POINT ( 'NONE',  ( 4.449999999999997513, 7.361319111364017509, 3.625001781060453343 ) ) ;
#849 = CARTESIAN_POINT ( 'NONE',  ( 3.949433295403710797, 11.23739114190272659, 5.597708041936153123 ) ) ;
#850 = FACE_OUTER_BOUND ( 'NONE', #1693, .T. ) ;
#851 = VERTEX_POINT ( 'NONE', #2544 ) ;
#852 = ORIENTED_EDGE ( 'NONE', *, *, #2581, .F. ) ;
#853 = LINE ( 'NONE', #1456, #627 ) ;
#854 = CARTESIAN_POINT ( 'NONE',  ( -3.276853754153623122, 11.13409027731654177, 5.054600396784243443 ) ) ;
#855 = CARTESIAN_POINT ( 'NONE',  ( 3.395919317159832751, 11.93210667928514113, 4.494222927911109444 ) ) ;
#856 = VERTEX_POINT ( 'NONE', #3709 ) ;
#857 = CONICAL_SURFACE ( 'NONE', #2966, 3.949999999999999734, 1.047197551196600296 ) ;
#858 = CARTESIAN_POINT ( 'NONE',  ( 0.7012209765973670406, 12.96577710612651124, 4.276030324986240139 ) ) ;
#859 = CARTESIAN_POINT ( 'NONE',  ( 4.479049076825985409, 11.16663913041585943, 7.643984971182971044 ) ) ;
#860 = ORIENTED_EDGE ( 'NONE', *, *, #955, .F. ) ;
#861 = EDGE_CURVE ( 'NONE', #34, #603, #1168, .T. ) ;
#862 = DIRECTION ( 'NONE',  ( 2.255963945609997107E-16, -1.000000000000000000, 9.345716752859654589E-31 ) ) ;
#863 = SPHERICAL_SURFACE ( 'NONE', #2852, 5.650000000000000355 ) ;
#864 = EDGE_CURVE ( 'NONE', #3477, #2567, #1149, .T. ) ;
#865 = CARTESIAN_POINT ( 'NONE',  ( -0.2935425068658465420, 12.54194634166247724, 5.597464441725058748 ) ) ;
#866 = CARTESIAN_POINT ( 'NONE',  ( 3.892796171570835462, 10.57249820481874814, 6.025001781060451478 ) ) ;
#867 = CARTESIAN_POINT ( 'NONE',  ( 2.723926742838311377, 12.61996469852499914, 4.064708464434377611 ) ) ;
#868 = VECTOR ( 'NONE', #891, 1000.000000000000000 ) ;
#869 = ORIENTED_EDGE ( 'NONE', *, *, #1983, .T. ) ;
#870 = ORIENTED_EDGE ( 'NONE', *, *, #3521, .F. ) ;
#871 = CARTESIAN_POINT ( 'NONE',  ( 3.770040794382204741, 10.05429604437013857, 5.555766554287982828 ) ) ;
#872 = LINE ( 'NONE', #2657, #282 ) ;
#873 = AXIS2_PLACEMENT_3D ( 'NONE', #2184, #2740, #423 ) ;
#874 = PLANE ( 'NONE',  #2283 ) ;
#875 = ORIENTED_EDGE ( 'NONE', *, *, #3220, .F. ) ;
#876 = CARTESIAN_POINT ( 'NONE',  ( 2.602085213965210642E-15, -7.689499999999998892, -23.18283361322050951 ) ) ;
#877 = CARTESIAN_POINT ( 'NONE',  ( -3.258589549256188711, 12.39559604840097862, 3.540004970144933427 ) ) ;
#878 = CARTESIAN_POINT ( 'NONE',  ( 2.995245565336361437, 12.14438749351539570, 7.996213296514346425 ) ) ;
#879 = ORIENTED_EDGE ( 'NONE', *, *, #3246, .T. ) ;
#880 = CARTESIAN_POINT ( 'NONE',  ( 4.449999999999998401, -2.129508668001012683, 10.00000000000000178 ) ) ;
#881 = CARTESIAN_POINT ( 'NONE',  ( -2.598533164092407421, 12.34787005477047828, 4.348336936259918240 ) ) ;
#882 = FACE_OUTER_BOUND ( 'NONE', #1414, .T. ) ;
#883 = CARTESIAN_POINT ( 'NONE',  ( -4.603144530234905218, 10.96758648717310791, 5.596727243152823661 ) ) ;
#884 = DIRECTION ( 'NONE',  ( 5.977393770971410022E-17, -0.5299192642332024583, -0.8480480961564275111 ) ) ;
#885 = DIRECTION ( 'NONE',  ( -1.000000000000000000, 0.000000000000000000, -0.000000000000000000 ) ) ;
#886 = ORIENTED_EDGE ( 'NONE', *, *, #2260, .F. ) ;
#887 = EDGE_CURVE ( 'NONE', #2078, #851, #2474, .T. ) ;
#888 = EDGE_LOOP ( 'NONE', ( #3539, #1261, #72, #2885 ) ) ;
#889 = EDGE_CURVE ( 'NONE', #3477, #841, #2029, .T. ) ;
#890 = VECTOR ( 'NONE', #884, 1000.000000000000000 ) ;
#891 = DIRECTION ( 'NONE',  ( -2.255963945609997107E-16, 1.000000000000000000, -0.000000000000000000 ) ) ;
#892 = CARTESIAN_POINT ( 'NONE',  ( -5.649999999999997691, -7.689499999999998892, 6.025001781060429273 ) ) ;
#893 = CARTESIAN_POINT ( 'NONE',  ( -3.702549521844127334, 10.77389815253873984, 5.480296164474892429 ) ) ;
#894 = ORIENTED_EDGE ( 'NONE', *, *, #1723, .F. ) ;
#895 = CARTESIAN_POINT ( 'NONE',  ( 3.858713240384062715, 10.14189909361758524, 5.703176732750544708 ) ) ;
#896 = CARTESIAN_POINT ( 'NONE',  ( -4.225524743793312332, 11.87597140761896419, 3.784976804482489410 ) ) ;
#897 = CARTESIAN_POINT ( 'NONE',  ( 3.472919384549068234, 11.85438424651090905, 7.996216542056776788 ) ) ;
#898 = EDGE_LOOP ( 'NONE', ( #2959, #2694, #632, #1478, #1780, #3341 ) ) ;
#899 = CARTESIAN_POINT ( 'NONE',  ( 8.673617379884033500E-16, -7.689499999999998892, 3.500000000000000000 ) ) ;
#900 = CARTESIAN_POINT ( 'NONE',  ( 5.650000000000001243, -7.689499999999998892, 6.025001781060476347 ) ) ;
#901 = DIRECTION ( 'NONE',  ( 1.127981972804998800E-16, -1.000000000000000000, -0.000000000000000000 ) ) ;
#902 = AXIS2_PLACEMENT_3D ( 'NONE', #790, #347, #2599 ) ;
#903 = CARTESIAN_POINT ( 'NONE',  ( 4.162433234859108211, 11.14476244669830507, 5.995231507885630862 ) ) ;
#904 = CARTESIAN_POINT ( 'NONE',  ( -1.412538234306535448E-15, 7.689499999999998892, 3.499999999999999556 ) ) ;
#905 = DIRECTION ( 'NONE',  ( 4.511927891219993228E-16, -1.000000000000000000, 0.000000000000000000 ) ) ;
#906 = ORIENTED_EDGE ( 'NONE', *, *, #1112, .T. ) ;
#907 = ORIENTED_EDGE ( 'NONE', *, *, #2839, .T. ) ;
#908 = DIRECTION ( 'NONE',  ( 1.691972959207498077E-16, -1.000000000000000000, 0.000000000000000000 ) ) ;
#909 = EDGE_CURVE ( 'NONE', #207, #187, #2045, .T. ) ;
#910 = DIRECTION ( 'NONE',  ( -0.000000000000000000, -0.000000000000000000, -1.000000000000000000 ) ) ;
#911 = EDGE_CURVE ( 'NONE', #1918, #2860, #2265, .T. ) ;
#912 = FACE_OUTER_BOUND ( 'NONE', #2516, .T. ) ;
#913 = VERTEX_POINT ( 'NONE', #2618 ) ;
#914 = FACE_OUTER_BOUND ( 'NONE', #2848, .T. ) ;
#915 = EDGE_CURVE ( 'NONE', #1552, #1257, #2925, .T. ) ;
#916 = CARTESIAN_POINT ( 'NONE',  ( -3.882443205384828566, 12.01757111166143233, 3.785038239724137554 ) ) ;
#917 = CARTESIAN_POINT ( 'NONE',  ( -3.259070955811063985, 11.66754746543704435, 7.290998008258368301 ) ) ;
#918 = ORIENTED_EDGE ( 'NONE', *, *, #3316, .T. ) ;
#919 = CYLINDRICAL_SURFACE ( 'NONE', #3479, 5.650000000000000355 ) ;
#920 = CARTESIAN_POINT ( 'NONE',  ( -3.922243697732489043, 11.23864825484385399, 5.813706389544774922 ) ) ;
#921 = CARTESIAN_POINT ( 'NONE',  ( 4.138737562212299714, 11.53571542258125149, 4.595771198773463517 ) ) ;
#922 = CARTESIAN_POINT ( 'NONE',  ( -2.788839839004371601, 11.67917302352974929, 4.677772586868303328 ) ) ;
#923 = CARTESIAN_POINT ( 'NONE',  ( 3.352672485747609787, 12.19925171377031781, 4.368999152534168928 ) ) ;
#924 = ORIENTED_EDGE ( 'NONE', *, *, #2807, .F. ) ;
#925 = ORIENTED_EDGE ( 'NONE', *, *, #64, .T. ) ;
#926 = CARTESIAN_POINT ( 'NONE',  ( -3.950000000000000178, 7.689499999999999780, 3.699999999999999734 ) ) ;
#927 = CARTESIAN_POINT ( 'NONE',  ( 2.937694879412761306, 11.03353356679499342, 4.739830278630700278 ) ) ;
#928 = VECTOR ( 'NONE', #2333, 1000.000000000000000 ) ;
#929 = CARTESIAN_POINT ( 'NONE',  ( 2.856596970182205375, 12.56627751085832578, 3.608524494150981976 ) ) ;
#930 = ORIENTED_EDGE ( 'NONE', *, *, #2840, .F. ) ;
#931 = CARTESIAN_POINT ( 'NONE',  ( -4.450000000000001066, 7.689499999999998892, 3.625001781060453343 ) ) ;
#932 = CARTESIAN_POINT ( 'NONE',  ( 2.868172058791597312, 12.48044976678743723, 3.785854608734357640 ) ) ;
#933 = CARTESIAN_POINT ( 'NONE',  ( -2.973769635002886158, 11.82202121090392666, 7.291055299956087588 ) ) ;
#934 = EDGE_LOOP ( 'NONE', ( #1082, #2574, #1482, #845 ) ) ;
#935 = VECTOR ( 'NONE', #2482, 1000.000000000000000 ) ;
#936 = DIRECTION ( 'NONE',  ( 0.000000000000000000, 0.000000000000000000, -1.000000000000000000 ) ) ;
#937 = AXIS2_PLACEMENT_3D ( 'NONE', #3377, #483, #3692 ) ;
#938 = CARTESIAN_POINT ( 'NONE',  ( -4.522699908147378878, 11.07652305895092582, 5.288200819672097097 ) ) ;
#939 = CARTESIAN_POINT ( 'NONE',  ( 3.519896498973968946, 10.43198836097236004, 5.297645681610538837 ) ) ;
#940 = CARTESIAN_POINT ( 'NONE',  ( 4.449999999999998401, -2.129508668001012239, 3.625001781060453343 ) ) ;
#941 = ORIENTED_EDGE ( 'NONE', *, *, #909, .F. ) ;
#942 = VERTEX_POINT ( 'NONE', #47 ) ;
#943 = CARTESIAN_POINT ( 'NONE',  ( 2.608446895977174051, 12.70141609687454576, 3.593944077729171571 ) ) ;
#944 = CARTESIAN_POINT ( 'NONE',  ( -2.617270867313253646, 12.69683913311900270, 3.594356496830207970 ) ) ;
#945 = CARTESIAN_POINT ( 'NONE',  ( 4.895000000000003126, -2.129508668001011795, -23.18283361322050951 ) ) ;
#946 = ORIENTED_EDGE ( 'NONE', *, *, #1184, .F. ) ;
#947 = CARTESIAN_POINT ( 'NONE',  ( 1.782212356860257918, 12.18804676848358604, 4.660001811015908935 ) ) ;
#948 = CARTESIAN_POINT ( 'NONE',  ( -2.973289377338594885, 12.53833589778090918, 3.540060279600943272 ) ) ;
#949 = CARTESIAN_POINT ( 'NONE',  ( 4.686569721920844422, 10.95789155106458246, 7.112510238070477442 ) ) ;
#950 = VERTEX_POINT ( 'NONE', #2313 ) ;
#951 = DIRECTION ( 'NONE',  ( 1.000000000000000000, 0.000000000000000000, -0.000000000000000000 ) ) ;
#952 = CARTESIAN_POINT ( 'NONE',  ( 0.7735068602582784170, 13.28721487345792696, 3.589585733049546867 ) ) ;
#953 = ADVANCED_FACE ( 'NONE', ( #1186 ), #308, .T. ) ;
#954 = CARTESIAN_POINT ( 'NONE',  ( -3.890792501128456315, 11.25523944307664514, 5.931234432977290361 ) ) ;
#955 = EDGE_CURVE ( 'NONE', #1652, #2311, #1929, .T. ) ;
#956 = CARTESIAN_POINT ( 'NONE',  ( -1.671095101031778718, 13.14096073225438488, 8.514837379492597336 ) ) ;
#957 = CARTESIAN_POINT ( 'NONE',  ( 3.837999577310752031, 11.54887815695240683, 4.886660067774158733 ) ) ;
#958 = FACE_OUTER_BOUND ( 'NONE', #124, .T. ) ;
#959 = CARTESIAN_POINT ( 'NONE',  ( -2.405574521888334427, 12.80306871609024988, 3.594255594484606853 ) ) ;
#960 = CARTESIAN_POINT ( 'NONE',  ( -4.972236430896860959, 8.572316444829864324, 4.530087892963106100 ) ) ;
#961 = DIRECTION ( 'NONE',  ( -1.535153518563546084E-16, 1.000000000000000000, 2.093166818147227878E-47 ) ) ;
#962 = CARTESIAN_POINT ( 'NONE',  ( -1.202666349774583532, 12.82102784065484968, 4.362404412614958815 ) ) ;
#963 = ORIENTED_EDGE ( 'NONE', *, *, #3012, .F. ) ;
#964 = CARTESIAN_POINT ( 'NONE',  ( 2.617155953524993084, 11.83883832735578601, 4.160001811015926698 ) ) ;
#965 = CARTESIAN_POINT ( 'NONE',  ( 2.730933968207982065, 12.63589404521002635, 3.598521805899673076 ) ) ;
#966 = CARTESIAN_POINT ( 'NONE',  ( -2.097595520780162648, 12.18662230455996998, 7.111975950836734839 ) ) ;
#967 = VERTEX_POINT ( 'NONE', #1774 ) ;
#968 = FACE_OUTER_BOUND ( 'NONE', #3269, .T. ) ;
#969 = CARTESIAN_POINT ( 'NONE',  ( 1.400418349312109845, 12.43622319939300880, 5.320537217361030358 ) ) ;
#970 = CARTESIAN_POINT ( 'NONE',  ( 1.983801767176451181, 12.97977750407594755, 3.592528066402639553 ) ) ;
#971 = CARTESIAN_POINT ( 'NONE',  ( -4.895000000000000462, -2.972702621317529381, 9.175001781060434070 ) ) ;
#972 = CARTESIAN_POINT ( 'NONE',  ( -2.973827384363575188, 12.40517053063950570, 8.341581966942028359 ) ) ;
#973 = CARTESIAN_POINT ( 'NONE',  ( 4.449999999999997513, 7.689500000000001556, 3.699999999999995737 ) ) ;
#974 = CARTESIAN_POINT ( 'NONE',  ( 3.798422261977826953, 10.00779426943846495, 5.602948259450514001 ) ) ;
#975 = LINE ( 'NONE', #2445, #935 ) ;
#976 = ADVANCED_FACE ( 'NONE', ( #3499 ), #1755, .T. ) ;
#977 = CARTESIAN_POINT ( 'NONE',  ( -5.649999999999998579, -4.941041079831896887, 6.025001781060429273 ) ) ;
#978 = CARTESIAN_POINT ( 'NONE',  ( 2.617155953524997969, 3.339499999999997026, 4.660001811015925810 ) ) ;
#979 = CARTESIAN_POINT ( 'NONE',  ( 1.676384196440243279, 12.70569590020725670, 4.359741930995956416 ) ) ;
#980 = ORIENTED_EDGE ( 'NONE', *, *, #2989, .F. ) ;
#981 = CARTESIAN_POINT ( 'NONE',  ( 2.203203338139817724, 12.02502915213803902, 4.660001811015911599 ) ) ;
#982 =( NAMED_UNIT ( * ) PLANE_ANGLE_UNIT ( ) SI_UNIT ( $, .RADIAN. ) );
#983 = CARTESIAN_POINT ( 'NONE',  ( -4.438662412549483349, 11.05553279658852972, 7.111528889432969791 ) ) ;
#984 = ORIENTED_EDGE ( 'NONE', *, *, #1671, .F. ) ;
#985 = CARTESIAN_POINT ( 'NONE',  ( 3.823637332176801351, 11.56174382411654022, 4.873956770419545670 ) ) ;
#986 = CARTESIAN_POINT ( 'NONE',  ( 3.949548166260869575, 11.51799801798882328, 4.798400911212375775 ) ) ;
#987 = CARTESIAN_POINT ( 'NONE',  ( 1.956247411144457438, 12.99004518428471044, 3.592451993533765986 ) ) ;
#988 = DIRECTION ( 'NONE',  ( 0.6275650167340574015, 0.4607866095527875516, -0.6275650167340665053 ) ) ;
#989 = CARTESIAN_POINT ( 'NONE',  ( -1.671090237543671364, 12.99746543339432137, 8.341824472788923472 ) ) ;
#990 = AXIS2_PLACEMENT_3D ( 'NONE', #992, #1566, #115 ) ;
#991 = CARTESIAN_POINT ( 'NONE',  ( 3.485443786545896483, 10.94332398113316707, 5.263192969182470371 ) ) ;
#992 = CARTESIAN_POINT ( 'NONE',  ( 4.894999999999999574, 7.689500000000000668, -23.18283361322050951 ) ) ;
#993 = B_SPLINE_CURVE_WITH_KNOTS ( 'NONE', 3,
 ( #1808, #1733, #1453, #641, #1471, #1770 ),
 .UNSPECIFIED., .F., .F.,
 ( 4, 2, 4 ),
 ( 1.485292081034843751E-16, 0.0003567469254988440280, 0.0007134938509975395204 ),
 .UNSPECIFIED. ) ;
#994 = DIRECTION ( 'NONE',  ( 0.8660254037844398178, 0.000000000000000000, 0.4999999999999977240 ) ) ;
#995 = CARTESIAN_POINT ( 'NONE',  ( -4.449999999999998401, 4.002243707384998572, 3.625001781060453343 ) ) ;
#996 = DIRECTION ( 'NONE',  ( -1.000000000000000000, -1.535153518563546084E-16, 0.000000000000000000 ) ) ;
#997 = CARTESIAN_POINT ( 'NONE',  ( 4.444998551659303132, 11.17775726844180539, 5.080832914897361441 ) ) ;
#998 = EDGE_CURVE ( 'NONE', #474, #775, #2598, .T. ) ;
#999 = EDGE_CURVE ( 'NONE', #1473, #3199, #28, .T. ) ;
#1000 = ORIENTED_EDGE ( 'NONE', *, *, #2330, .T. ) ;
#1001 = CARTESIAN_POINT ( 'NONE',  ( -3.890001186371898623, 10.52106755786550885, 5.986563080167261575 ) ) ;
#1002 = SURFACE_STYLE_USAGE ( .BOTH. , #3600 ) ;
#1003 = CARTESIAN_POINT ( 'NONE',  ( -1.408737856626421703, 12.48156121899251225, 7.291337846865777017 ) ) ;
#1004 = ORIENTED_EDGE ( 'NONE', *, *, #780, .F. ) ;
#1005 = DIRECTION ( 'NONE',  ( -0.5928246497626934453, 0.5450851945043003743, -0.5928246497624308775 ) ) ;
#1006 = CARTESIAN_POINT ( 'NONE',  ( -0.8510140022360073164, 12.54523554858224621, 5.320309438268089330 ) ) ;
#1007 = CARTESIAN_POINT ( 'NONE',  ( -0.2533011909722782673, 13.33410034860239080, 3.589913140414536574 ) ) ;
#1008 = CARTESIAN_POINT ( 'NONE',  ( 4.568365909729980245, 10.98742316765433458, 5.940172413463810308 ) ) ;
#1009 = AXIS2_PLACEMENT_3D ( 'NONE', #2710, #2998, #3569 ) ;
#1010 = CARTESIAN_POINT ( 'NONE',  ( -4.521073985883871771, 11.48888671488501600, 8.341257995097496547 ) ) ;
#1011 = EDGE_LOOP ( 'NONE', ( #1058, #1472, #1940, #2042 ) ) ;
#1012 = CARTESIAN_POINT ( 'NONE',  ( -4.972236430896860071, 8.572316444829864324, 6.025001781060452366 ) ) ;
#1013 = CARTESIAN_POINT ( 'NONE',  ( 4.894999999999999574, 7.689500000000000668, 6.025001781060454142 ) ) ;
#1014 = ORIENTED_EDGE ( 'NONE', *, *, #1657, .T. ) ;
#1015 = CARTESIAN_POINT ( 'NONE',  ( 4.449999999999998401, 7.689500000000001556, 3.699999999999999734 ) ) ;
#1016 = DIRECTION ( 'NONE',  ( 1.000000000000000000, 0.000000000000000000, 0.000000000000000000 ) ) ;
#1017 = CARTESIAN_POINT ( 'NONE',  ( 4.516566175436324215, 11.08458186616977947, 5.297965981930125245 ) ) ;
#1018 = ORIENTED_EDGE ( 'NONE', *, *, #2728, .T. ) ;
#1019 = EDGE_CURVE ( 'NONE', #1454, #3376, #872, .T. ) ;
#1020 = CARTESIAN_POINT ( 'NONE',  ( -3.890005461923630836, 10.53829061739864059, 5.999435405776184282 ) ) ;
#1021 = CARTESIAN_POINT ( 'NONE',  ( 3.399262704940696711, 12.32165363385606405, 3.540720514516797035 ) ) ;
#1022 = CARTESIAN_POINT ( 'NONE',  ( 3.231324254923031436, 12.29685754263616104, 4.261413117925635596 ) ) ;
#1023 = CARTESIAN_POINT ( 'NONE',  ( -4.603277038316083924, 10.97109940347895396, 6.811838656527591240 ) ) ;
#1024 = ORIENTED_EDGE ( 'NONE', *, *, #2404, .T. ) ;
#1025 = CARTESIAN_POINT ( 'NONE',  ( 4.449999999999998401, 1.470491331998986961, 3.699999999999994849 ) ) ;
#1026 = EDGE_CURVE ( 'NONE', #820, #2301, #3537, .T. ) ;
#1027 = CARTESIAN_POINT ( 'NONE',  ( 1.400491575017844603, 12.60091496785239684, 4.798305101117185778 ) ) ;
#1028 = CARTESIAN_POINT ( 'NONE',  ( 2.770203766058278561, 12.61397794197282352, 3.601647629609583401 ) ) ;
#1029 = DIRECTION ( 'NONE',  ( 0.000000000000000000, 0.000000000000000000, 1.000000000000000000 ) ) ;
#1030 = VECTOR ( 'NONE', #1279, 1000.000000000000000 ) ;
#1031 = CARTESIAN_POINT ( 'NONE',  ( -1.408794997314969155, 13.07092705382227038, 8.341865564025965796 ) ) ;
#1032 = ORIENTED_EDGE ( 'NONE', *, *, #2807, .T. ) ;
#1033 = LINE ( 'NONE', #3118, #2514 ) ;
#1034 = DIRECTION ( 'NONE',  ( -0.000000000000000000, 0.000000000000000000, 1.000000000000000000 ) ) ;
#1035 = CARTESIAN_POINT ( 'NONE',  ( -0.6796144178962403304, 13.29847717566902965, 3.590840055013273080 ) ) ;
#1036 = CARTESIAN_POINT ( 'NONE',  ( -4.685509754755262435, 10.94509522723560657, 5.994230258750306461 ) ) ;
#1037 = DIRECTION ( 'NONE',  ( -2.255963945609996614E-16, 1.000000000000000000, 0.000000000000000000 ) ) ;
#1038 = DIRECTION ( 'NONE',  ( -0.000000000000000000, 1.000000000000000000, -0.000000000000000000 ) ) ;
#1039 = ORIENTED_EDGE ( 'NONE', *, *, #1845, .T. ) ;
#1040 = FACE_OUTER_BOUND ( 'NONE', #3232, .T. ) ;
#1041 = DIRECTION ( 'NONE',  ( 1.000000000000000000, 0.000000000000000000, 0.000000000000000000 ) ) ;
#1042 = CARTESIAN_POINT ( 'NONE',  ( 3.840433799212348731, 12.12160312271644536, 3.540734963511287692 ) ) ;
#1043 = DIRECTION ( 'NONE',  ( 0.8660254037844398178, 0.000000000000000000, -0.4999999999999977240 ) ) ;
#1044 = CARTESIAN_POINT ( 'NONE',  ( -1.408669308188841285, 12.31229440431080668, 6.512756574304398249 ) ) ;
#1045 = VERTEX_POINT ( 'NONE', #2864 ) ;
#1046 = CARTESIAN_POINT ( 'NONE',  ( 4.583031730840904316, 11.03538346442984519, 5.320648602541117711 ) ) ;
#1047 = CARTESIAN_POINT ( 'NONE',  ( 3.618459057336734563, 11.74768612760490427, 4.684122577606993687 ) ) ;
#1048 = CARTESIAN_POINT ( 'NONE',  ( -1.671076312322876456, 12.75335251808448156, 7.995805902835065204 ) ) ;
#1049 = EDGE_CURVE ( 'NONE', #2861, #2278, #2578, .T. ) ;
#1050 = ORIENTED_EDGE ( 'NONE', *, *, #2356, .T. ) ;
#1051 = ADVANCED_FACE ( 'NONE', ( #2294 ), #3178, .F. ) ;
#1052 = VECTOR ( 'NONE', #2408, 1000.000000000000000 ) ;
#1053 = CARTESIAN_POINT ( 'NONE',  ( -3.890001178303803986, 10.52170548988394749, 5.932844495788999417 ) ) ;
#1054 = DIRECTION ( 'NONE',  ( -1.000000000000000000, -1.127981972804998554E-16, 0.000000000000000000 ) ) ;
#1055 = CARTESIAN_POINT ( 'NONE',  ( -1.400326951310152834, 13.16325458822689853, 3.592658308425744629 ) ) ;
#1056 = CARTESIAN_POINT ( 'NONE',  ( -4.013180623569485128, 11.21754576595609976, 6.391865622264517377 ) ) ;
#1057 = CARTESIAN_POINT ( 'NONE',  ( 3.757756388533249226, 10.69949207189080198, 5.535505571170017625 ) ) ;
#1058 = ORIENTED_EDGE ( 'NONE', *, *, #2351, .F. ) ;
#1059 = DIRECTION ( 'NONE',  ( 0.000000000000000000, 1.000000000000000000, 0.000000000000000000 ) ) ;
#1060 = CARTESIAN_POINT ( 'NONE',  ( -3.616207410575554615, 11.74787137461461306, 4.683186775683503278 ) ) ;
#1061 = CARTESIAN_POINT ( 'NONE',  ( 3.211506212576188179, 12.33820622743525597, 3.725549350036911012 ) ) ;
#1062 = CARTESIAN_POINT ( 'NONE',  ( -3.631415571348810989, 11.38296538883746933, 6.512356533074602716 ) ) ;
#1063 = VERTEX_POINT ( 'NONE', #118 ) ;
#1064 = CARTESIAN_POINT ( 'NONE',  ( 0.000000000000000000, 0.000000000000000000, 0.000000000000000000 ) ) ;
#1065 = CARTESIAN_POINT ( 'NONE',  ( -4.438304421536619415, 11.54454234130873047, 4.275228240683252245 ) ) ;
#1066 = CARTESIAN_POINT ( 'NONE',  ( -2.447919157925263062E-14, -2.129508668001013127, 6.025001781060452366 ) ) ;
#1067 = CARTESIAN_POINT ( 'NONE',  ( -0.2937589837211478372, 13.00924519052896144, 7.995999738190565864 ) ) ;
#1068 = ORIENTED_EDGE ( 'NONE', *, *, #2683, .F. ) ;
#1069 = ADVANCED_FACE ( 'NONE', ( #3003 ), #3104, .T. ) ;
#1070 = EDGE_CURVE ( 'NONE', #3620, #1378, #666, .T. ) ;
#1071 = CARTESIAN_POINT ( 'NONE',  ( 3.998906304813485413, 10.86624747809973535, 6.025001781060468353 ) ) ;
#1072 = CARTESIAN_POINT ( 'NONE',  ( 4.115100874428818223, 11.56100602874744787, 4.569610394902160699 ) ) ;
#1073 = EDGE_CURVE ( 'NONE', #1652, #3679, #1278, .T. ) ;
#1074 = LINE ( 'NONE', #548, #2937 ) ;
#1075 = DIRECTION ( 'NONE',  ( -1.000000000000000000, -0.000000000000000000, -0.000000000000000000 ) ) ;
#1076 = ORIENTED_EDGE ( 'NONE', *, *, #2260, .T. ) ;
#1077 = DIRECTION ( 'NONE',  ( -0.000000000000000000, -0.000000000000000000, -1.000000000000000000 ) ) ;
#1078 = VECTOR ( 'NONE', #1448, 1000.000000000000000 ) ;
#1079 = LINE ( 'NONE', #501, #1623 ) ;
#1080 = CARTESIAN_POINT ( 'NONE',  ( -3.592168871995781831, 10.85494461414709555, 5.369915514626517172 ) ) ;
#1081 = CARTESIAN_POINT ( 'NONE',  ( 0.001539706189306671962, 12.55215404713377758, 6.812609267672828040 ) ) ;
#1082 = ORIENTED_EDGE ( 'NONE', *, *, #106, .T. ) ;
#1083 = B_SPLINE_CURVE_WITH_KNOTS ( 'NONE', 3,
 ( #1053, #2481, #1365, #3402 ),
 .UNSPECIFIED., .F., .F.,
 ( 4, 4 ),
 ( 0.000000000000000000, 5.376468612164553095E-05 ),
 .UNSPECIFIED. ) ;
#1084 = CARTESIAN_POINT ( 'NONE',  ( -3.631117256079553712, 11.93171653406806598, 4.275381908781985985 ) ) ;
#1085 = CARTESIAN_POINT ( 'NONE',  ( 4.686480151302514052, 11.41618688023196526, 8.342252558789645889 ) ) ;
#1086 = ORIENTED_EDGE ( 'NONE', *, *, #155, .T. ) ;
#1087 = AXIS2_PLACEMENT_3D ( 'NONE', #1907, #1326, #3364 ) ;
#1088 = VECTOR ( 'NONE', #2926, 1000.000000000000227 ) ;
#1089 = CARTESIAN_POINT ( 'NONE',  ( 0.9906384860017374283, 12.86905335572372167, 4.361223123037668792 ) ) ;
#1090 = CARTESIAN_POINT ( 'NONE',  ( 4.135168042363320140, 11.53955007762980323, 4.591813900937121495 ) ) ;
#1091 = VECTOR ( 'NONE', #2014, 1000.000000000000114 ) ;
#1092 = CARTESIAN_POINT ( 'NONE',  ( 3.840040403428275795, 11.28859322521702957, 6.392736372001749601 ) ) ;
#1093 = DIRECTION ( 'NONE',  ( 0.000000000000000000, 0.8480480961564275111, -0.5299192642332024583 ) ) ;
#1094 = B_SPLINE_CURVE_WITH_KNOTS ( 'NONE', 3,
 ( #309, #1513, #1169, #3518 ),
 .UNSPECIFIED., .F., .F.,
 ( 4, 4 ),
 ( 0.000000000000000000, 0.3126090232992803086 ),
 .UNSPECIFIED. ) ;
#1095 = EDGE_LOOP ( 'NONE', ( #1489, #680, #1222, #212, #2354, #2585, #3180, #1491 ) ) ;
#1096 = DIRECTION ( 'NONE',  ( 0.000000000000000000, 0.000000000000000000, 1.000000000000000000 ) ) ;
#1097 = CARTESIAN_POINT ( 'NONE',  ( 4.449999999999998401, 1.470491331998985629, 10.00000000000000178 ) ) ;
#1098 = DIRECTION ( 'NONE',  ( 1.691972959207498077E-16, -1.000000000000000000, 0.000000000000000000 ) ) ;
#1099 = CARTESIAN_POINT ( 'NONE',  ( -2.097540720174511986, 12.07708974657048628, 6.512641515046179386 ) ) ;
#1100 = EDGE_LOOP ( 'NONE', ( #2879, #3640, #3616, #2013 ) ) ;
#1101 = CARTESIAN_POINT ( 'NONE',  ( 3.656833339063651156, 11.92253215316005033, 4.276177293361285159 ) ) ;
#1102 = CARTESIAN_POINT ( 'NONE',  ( 0.7008084527859312907, 13.09974530414040750, 8.169112449122291508 ) ) ;
#1103 = ORIENTED_EDGE ( 'NONE', *, *, #3473, .F. ) ;
#1104 = CARTESIAN_POINT ( 'NONE',  ( 0.2301948495000552264, 12.49260413798523750, 4.660001811015906270 ) ) ;
#1105 = CARTESIAN_POINT ( 'NONE',  ( 3.810983140626275745, 11.86081389343975445, 4.236693711355876246 ) ) ;
#1106 = CARTESIAN_POINT ( 'NONE',  ( -0.8511415222635789757, 12.44002934421925843, 6.392417895316444110 ) ) ;
#1107 = CARTESIAN_POINT ( 'NONE',  ( 3.702546981838253704, 10.77172241801133445, 5.480296164474743215 ) ) ;
#1108 = ORIENTED_EDGE ( 'NONE', *, *, #1273, .T. ) ;
#1109 = VERTEX_POINT ( 'NONE', #157 ) ;
#1110 = CARTESIAN_POINT ( 'NONE',  ( -3.890001178303828411, 10.52102187036570768, 5.994630248436910946 ) ) ;
#1111 = LINE ( 'NONE', #2816, #2733 ) ;
#1112 = EDGE_CURVE ( 'NONE', #2860, #2921, #3594, .T. ) ;
#1113 = LINE ( 'NONE', #2561, #470 ) ;
#1114 = ADVANCED_FACE ( 'NONE', ( #2389 ), #1587, .T. ) ;
#1115 = CARTESIAN_POINT ( 'NONE',  ( 3.473042061924218604, 11.45132640654236056, 6.513144951875947442 ) ) ;
#1116 = ORIENTED_EDGE ( 'NONE', *, *, #2866, .T. ) ;
#1117 = SHAPE_DEFINITION_REPRESENTATION ( #2053, #587 ) ;
#1118 = CARTESIAN_POINT ( 'NONE',  ( -4.685276286481227181, 11.40990123698574621, 4.275178490478594995 ) ) ;
#1119 = CARTESIAN_POINT ( 'NONE',  ( -4.685700687286457722, 11.22939956477899415, 7.995218824671844970 ) ) ;
#1120 = ORIENTED_EDGE ( 'NONE', *, *, #86, .T. ) ;
#1121 = AXIS2_PLACEMENT_3D ( 'NONE', #2696, #1811, #1016 ) ;
#1122 = CARTESIAN_POINT ( 'NONE',  ( -4.255742439626293283, 11.21512986825500846, 5.251075521900364862 ) ) ;
#1123 = CARTESIAN_POINT ( 'NONE',  ( 3.996942205923295521, 11.68291910663119282, 4.439951069710487808 ) ) ;
#1124 = VECTOR ( 'NONE', #3517, 1000.000000000000000 ) ;
#1125 = CARTESIAN_POINT ( 'NONE',  ( 0.7010330131416491195, 12.52183791720780803, 5.597569801610714713 ) ) ;
#1126 = DIRECTION ( 'NONE',  ( -9.035166653160672742E-17, 0.8010027527915679624, 0.5986606634983880904 ) ) ;
#1127 = CARTESIAN_POINT ( 'NONE',  ( 2.693922603606619059, 12.63537803972040585, 4.062304952710744210 ) ) ;
#1128 = ORIENTED_EDGE ( 'NONE', *, *, #561, .F. ) ;
#1129 = VERTEX_POINT ( 'NONE', #461 ) ;
#1130 = AXIS2_PLACEMENT_3D ( 'NONE', #1487, #2113, #2957 ) ;
#1131 = CARTESIAN_POINT ( 'NONE',  ( 3.554253405045308511, 12.08151351691041597, 3.962165792575505385 ) ) ;
#1132 = CARTESIAN_POINT ( 'NONE',  ( -4.227269172423373078, 9.305146644342306317, 5.077797138584058345 ) ) ;
#1133 = DIRECTION ( 'NONE',  ( 5.977393770971413720E-17, 0.5299192642332029024, -0.8480480961564272890 ) ) ;
#1134 = ORIENTED_EDGE ( 'NONE', *, *, #3368, .F. ) ;
#1135 = EDGE_CURVE ( 'NONE', #1218, #2819, #274, .T. ) ;
#1136 = CARTESIAN_POINT ( 'NONE',  ( 0.7012594723945373421, 13.08518080687586860, 4.030885154456703034 ) ) ;
#1137 = AXIS2_PLACEMENT_3D ( 'NONE', #1544, #988, #1288 ) ;
#1138 = CARTESIAN_POINT ( 'NONE',  ( 3.656409213340141129, 11.74483995682989423, 7.996218102167587993 ) ) ;
#1139 = ORIENTED_EDGE ( 'NONE', *, *, #1674, .F. ) ;
#1140 = ADVANCED_FACE ( 'NONE', ( #741 ), #3254, .F. ) ;
#1141 = CARTESIAN_POINT ( 'NONE',  ( -4.572888032078496146, 10.98812147227458702, 5.868736429804956245 ) ) ;
#1142 = CARTESIAN_POINT ( 'NONE',  ( -4.428717991250193720, 11.09340547546655387, 5.429385382673025617 ) ) ;
#1143 = CARTESIAN_POINT ( 'NONE',  ( -0.8510504051841608630, 12.48286032481770924, 5.597393497398673645 ) ) ;
#1144 = CARTESIAN_POINT ( 'NONE',  ( 4.594784240890501970, 10.97711589593906645, 6.025002248862955767 ) ) ;
#1145 = CARTESIAN_POINT ( 'NONE',  ( 3.086940264129934608, 12.40171879392212340, 4.171098501922744894 ) ) ;
#1146 = ORIENTED_EDGE ( 'NONE', *, *, #2025, .T. ) ;
#1147 = ORIENTED_EDGE ( 'NONE', *, *, #3093, .F. ) ;
#1148 = CARTESIAN_POINT ( 'NONE',  ( 3.621748961321600291, 12.02602847366327943, 4.030678117566540486 ) ) ;
#1149 = LINE ( 'NONE', #82, #2447 ) ;
#1150 = CARTESIAN_POINT ( 'NONE',  ( 4.347917044922571250, 11.29760870209933366, 4.883377031756509723 ) ) ;
#1151 = CIRCLE ( 'NONE', #17, 4.449999999999999289 ) ;
#1152 = VERTEX_POINT ( 'NONE', #1315 ) ;
#1153 = CARTESIAN_POINT ( 'NONE',  ( -4.450000000000000178, 0.7616276423128574002, -1.307535167130179810 ) ) ;
#1154 = CARTESIAN_POINT ( 'NONE',  ( 4.479490867686489075, 11.64429792797606567, 4.031054906176655628 ) ) ;
#1155 = CARTESIAN_POINT ( 'NONE',  ( -1.671057869364651172, 12.54840344281000775, 7.643545868877032134 ) ) ;
#1156 = PRODUCT ( 'Shell 000#_Female', 'Shell 000#_Female', '', ( #3663 ) ) ;
#1157 = ORIENTED_EDGE ( 'NONE', *, *, #915, .T. ) ;
#1158 = DIRECTION ( 'NONE',  ( 0.000000000000000000, 0.9998769355061957187, 0.01568801589555029324 ) ) ;
#1159 = EDGE_CURVE ( 'NONE', #2594, #1390, #1529, .T. ) ;
#1160 = LINE ( 'NONE', #2037, #1078 ) ;
#1161 = CARTESIAN_POINT ( 'NONE',  ( -3.949999999999998845, -7.689499999999998003, 3.411324865405185314 ) ) ;
#1162 = CARTESIAN_POINT ( 'NONE',  ( 3.840127181815259139, 11.28711209561655338, 5.597704488308374415 ) ) ;
#1163 = CARTESIAN_POINT ( 'NONE',  ( 5.649999999999996803, 7.689500000000001556, 3.499999999999999556 ) ) ;
#1164 = CARTESIAN_POINT ( 'NONE',  ( 4.449999999999998401, -2.129508668001011795, 3.699999999999994849 ) ) ;
#1165 = ORIENTED_EDGE ( 'NONE', *, *, #610, .F. ) ;
#1166 = EDGE_LOOP ( 'NONE', ( #1339, #1415, #2942, #141 ) ) ;
#1167 = CARTESIAN_POINT ( 'NONE',  ( 5.257519366694128494E-16, -2.129508668001013127, 5.189998612018001722 ) ) ;
#1168 = LINE ( 'NONE', #3159, #648 ) ;
#1169 = CARTESIAN_POINT ( 'NONE',  ( -4.582366170607480527, 10.99490715800273222, 5.658438393530350830 ) ) ;
#1170 = ORIENTED_EDGE ( 'NONE', *, *, #477, .F. ) ;
#1171 = CARTESIAN_POINT ( 'NONE',  ( -2.617158493531002161, 3.339499999999997026, 5.300001798788999352 ) ) ;
#1172 = CARTESIAN_POINT ( 'NONE',  ( -1.670593064770417246, 12.98734390050616305, 3.785443921318011995 ) ) ;
#1173 = CARTESIAN_POINT ( 'NONE',  ( 4.582762606302710928, 11.27439570336539809, 7.996239930236900051 ) ) ;
#1174 = ORIENTED_EDGE ( 'NONE', *, *, #2780, .F. ) ;
#1175 = FACE_OUTER_BOUND ( 'NONE', #2600, .T. ) ;
#1176 = CARTESIAN_POINT ( 'NONE',  ( -4.209691702692349935, 11.45776871578007494, 4.681161980004570289 ) ) ;
#1177 = EDGE_CURVE ( 'NONE', #1735, #1427, #2119, .T. ) ;
#1178 = EDGE_CURVE ( 'NONE', #3301, #566, #1875, .T. ) ;
#1179 = CARTESIAN_POINT ( 'NONE',  ( 0.001672473351526211193, 12.55128718785849706, 5.597498301304284496 ) ) ;
#1180 = CARTESIAN_POINT ( 'NONE',  ( 4.449999999999998401, 0.7616276423128574002, -1.307535167130179810 ) ) ;
#1181 = CARTESIAN_POINT ( 'NONE',  ( 2.608446895977174051, 12.70141609687454576, 3.593944077729171571 ) ) ;
#1182 = ORIENTED_EDGE ( 'NONE', *, *, #504, .T. ) ;
#1183 = ORIENTED_EDGE ( 'NONE', *, *, #3592, .F. ) ;
#1184 = EDGE_CURVE ( 'NONE', #1378, #2732, #170, .T. ) ;
#1185 = CARTESIAN_POINT ( 'NONE',  ( 3.737911887902076735, 10.10498732923062448, 5.515661070538872224 ) ) ;
#1186 = FACE_OUTER_BOUND ( 'NONE', #388, .T. ) ;
#1187 = FACE_OUTER_BOUND ( 'NONE', #1403, .T. ) ;
#1188 = EDGE_LOOP ( 'NONE', ( #2922, #1743, #1393, #2437, #1245, #1514 ) ) ;
#1189 = DIRECTION ( 'NONE',  ( 1.000000000000000000, 1.127981972804998554E-16, -0.000000000000000000 ) ) ;
#1190 = CARTESIAN_POINT ( 'NONE',  ( 1.804787770277739289, 12.96989710880729341, 3.785821006406813627 ) ) ;
#1191 = CARTESIAN_POINT ( 'NONE',  ( -3.882920883158098135, 11.44715377773484910, 7.643117976506276001 ) ) ;
#1192 = ORIENTED_EDGE ( 'NONE', *, *, #2240, .T. ) ;
#1193 = FACE_OUTER_BOUND ( 'NONE', #482, .T. ) ;
#1194 = CARTESIAN_POINT ( 'NONE',  ( -4.431531326470947718, 11.09139137880464965, 5.434106522172705844 ) ) ;
#1195 = DIRECTION ( 'NONE',  ( -0.000000000000000000, -0.000000000000000000, 1.000000000000000000 ) ) ;
#1196 = AXIS2_PLACEMENT_3D ( 'NONE', #1361, #2150, #3099 ) ;
#1197 = CIRCLE ( 'NONE', #793, 4.449999999999999289 ) ;
#1198 = PLANE ( 'NONE',  #3430 ) ;
#1199 = CARTESIAN_POINT ( 'NONE',  ( 3.593512253277050483, 12.04933653941080784, 4.002360754235681384 ) ) ;
#1200 = ORIENTED_EDGE ( 'NONE', *, *, #915, .F. ) ;
#1201 = EDGE_LOOP ( 'NONE', ( #1888, #2806, #813, #3095 ) ) ;
#1202 = CARTESIAN_POINT ( 'NONE',  ( 4.564468887082390403, 9.970938592601203965, 5.575402731208372487 ) ) ;
#1203 = CARTESIAN_POINT ( 'NONE',  ( 4.449999999999998401, -2.129508668001012683, 10.00000000000000178 ) ) ;
#1204 = DIRECTION ( 'NONE',  ( 1.000000000000000000, 2.255963945609997600E-16, 0.000000000000000000 ) ) ;
#1205 = ORIENTED_EDGE ( 'NONE', *, *, #3244, .T. ) ;
#1206 = DIRECTION ( 'NONE',  ( -0.000000000000000000, -0.000000000000000000, -1.000000000000000000 ) ) ;
#1207 = CARTESIAN_POINT ( 'NONE',  ( -3.882406889709308917, 12.11470870522397547, 3.539889307715369693 ) ) ;
#1208 = B_SPLINE_CURVE_WITH_KNOTS ( 'NONE', 3,
 ( #2956, #3492, #3471, #2917, #2609, #3208 ),
 .UNSPECIFIED., .F., .F.,
 ( 4, 2, 4 ),
 ( 5.120829351968009344E-05, 0.0005081306218118048206, 0.0009650529501039294394 ),
 .UNSPECIFIED. ) ;
#1209 = CARTESIAN_POINT ( 'NONE',  ( 4.375311987510731804, 11.21157170253780500, 7.643981217662775940 ) ) ;
#1210 = VERTEX_POINT ( 'NONE', #3272 ) ;
#1211 = CARTESIAN_POINT ( 'NONE',  ( -16.02198379339003154, -2.972702621317532046, 9.175001781060430517 ) ) ;
#1212 = CARTESIAN_POINT ( 'NONE',  ( 3.508993441104786282, 11.84673656963953015, 4.578182856755772079 ) ) ;
#1213 = DIRECTION ( 'NONE',  ( -0.000000000000000000, 1.000000000000000000, -0.000000000000000000 ) ) ;
#1214 = APPLICATION_CONTEXT ( 'automotive_design' ) ;
#1215 = LINE ( 'NONE', #660, #2211 ) ;
#1216 = CARTESIAN_POINT ( 'NONE',  ( -4.449999999999998401, -2.002661781275184349, 6.825001781060429096 ) ) ;
#1217 = ORIENTED_EDGE ( 'NONE', *, *, #2356, .F. ) ;
#1218 = VERTEX_POINT ( 'NONE', #2139 ) ;
#1219 = DIRECTION ( 'NONE',  ( -1.560005557916149363E-16, 1.000000000000000000, 0.000000000000000000 ) ) ;
#1220 = CARTESIAN_POINT ( 'NONE',  ( -4.449999999999999289, -7.689499999999998892, 10.00000000000000000 ) ) ;
#1221 = DIRECTION ( 'NONE',  ( -0.9961946980917462113, -0.08715574274765033880, -0.000000000000000000 ) ) ;
#1222 = ORIENTED_EDGE ( 'NONE', *, *, #202, .T. ) ;
#1223 = ADVANCED_FACE ( 'NONE', ( #3312 ), #720, .F. ) ;
#1224 = EDGE_CURVE ( 'NONE', #2278, #2933, #3610, .T. ) ;
#1225 = LINE ( 'NONE', #931, #1616 ) ;
#1226 = CARTESIAN_POINT ( 'NONE',  ( -4.438227828205052461, 11.77928218928179405, 3.784937212480346425 ) ) ;
#1227 = CARTESIAN_POINT ( 'NONE',  ( 0.7008604168429849457, 12.65067655941518687, 7.291597098382928799 ) ) ;
#1228 = ORIENTED_EDGE ( 'NONE', *, *, #2115, .F. ) ;
#1229 = VECTOR ( 'NONE', #901, 1000.000000000000000 ) ;
#1230 = DIRECTION ( 'NONE',  ( -1.000000000000000000, -2.255963945609997107E-16, 0.000000000000000000 ) ) ;
#1231 = AXIS2_PLACEMENT_3D ( 'NONE', #2182, #1096, #220 ) ;
#1232 = CARTESIAN_POINT ( 'NONE',  ( 1.340451406009278701, 13.17818801230110637, 3.590744056574862508 ) ) ;
#1233 = DIRECTION ( 'NONE',  ( 0.000000000000000000, 0.000000000000000000, 1.000000000000000000 ) ) ;
#1234 = CARTESIAN_POINT ( 'NONE',  ( -4.165427909100735349, 11.50679084045244238, 4.627477266034702552 ) ) ;
#1235 = AXIS2_PLACEMENT_3D ( 'NONE', #3226, #2626, #317 ) ;
#1236 =( BOUNDED_CURVE ( )  B_SPLINE_CURVE ( 3, ( #1319, #2183, #3357, #1436 ),
 .UNSPECIFIED., .F., .F. ) 
 B_SPLINE_CURVE_WITH_KNOTS ( ( 4, 4 ),
 ( 1.570796326794897002, 2.118777428260394391 ),
 .UNSPECIFIED. ) 
 CURVE ( )  GEOMETRIC_REPRESENTATION_ITEM ( )  RATIONAL_B_SPLINE_CURVE ( ( 1.000000000000000000, 0.9751325467256553026, 0.9751325467256553026, 1.000000000000000000 ) ) 
 REPRESENTATION_ITEM ( '' )  );
#1237 = LINE ( 'NONE', #2383, #3004 ) ;
#1238 = CARTESIAN_POINT ( 'NONE',  ( 3.553405948315176310, 12.08203911697182420, 3.963510644207275835 ) ) ;
#1239 = ORIENTED_EDGE ( 'NONE', *, *, #3093, .T. ) ;
#1240 = ORIENTED_EDGE ( 'NONE', *, *, #3669, .F. ) ;
#1241 = CARTESIAN_POINT ( 'NONE',  ( 4.410689520190356205, -2.002661781275184349, 6.825001781060429096 ) ) ;
#1242 = CARTESIAN_POINT ( 'NONE',  ( -3.391055394272260770, 12.20871028541574965, 3.829982888718157508 ) ) ;
#1243 = AXIS2_PLACEMENT_3D ( 'NONE', #2129, #408, #1594 ) ;
#1244 = CARTESIAN_POINT ( 'NONE',  ( -2.808314901286799614, 12.25464484119753550, 4.344928765545383875 ) ) ;
#1245 = ORIENTED_EDGE ( 'NONE', *, *, #1655, .F. ) ;
#1246 = CARTESIAN_POINT ( 'NONE',  ( 3.892796171570835462, 10.57249820481874814, 6.025001781060451478 ) ) ;
#1247 = CARTESIAN_POINT ( 'NONE',  ( -4.013227070509911343, 11.21225214422684324, 6.811943914443035375 ) ) ;
#1248 = EDGE_CURVE ( 'NONE', #830, #1950, #1916, .T. ) ;
#1249 = EDGE_LOOP ( 'NONE', ( #3526, #3591, #3129, #271 ) ) ;
#1250 = CARTESIAN_POINT ( 'NONE',  ( 2.867856571877504201, 11.72549392759517417, 5.995188044637206559 ) ) ;
#1251 = CARTESIAN_POINT ( 'NONE',  ( 1.972688079244104609, 12.98393505862147279, 3.592497452362902965 ) ) ;
#1252 = CARTESIAN_POINT ( 'NONE',  ( 4.399999999999999467, 7.689500000000001556, 2.899999999999999911 ) ) ;
#1253 = CARTESIAN_POINT ( 'NONE',  ( 3.839882063977860582, 11.84822824733983815, 8.342232964846186150 ) ) ;
#1254 = EDGE_CURVE ( 'NONE', #3602, #727, #1074, .T. ) ;
#1255 = LINE ( 'NONE', #973, #1965 ) ;
#1256 = FACE_OUTER_BOUND ( 'NONE', #2341, .T. ) ;
#1257 = VERTEX_POINT ( 'NONE', #3374 ) ;
#1258 = LINE ( 'NONE', #3593, #3713 ) ;
#1259 = CARTESIAN_POINT ( 'NONE',  ( -4.449999999999999289, -7.689499999999998892, 3.699999999999999734 ) ) ;
#1260 = DIRECTION ( 'NONE',  ( 0.000000000000000000, 0.000000000000000000, 1.000000000000000000 ) ) ;
#1261 = ORIENTED_EDGE ( 'NONE', *, *, #864, .F. ) ;
#1262 = CARTESIAN_POINT ( 'NONE',  ( -3.301061957966150239E-31, 7.689499999999998003, -2.150000000000000355 ) ) ;
#1263 = DIRECTION ( 'NONE',  ( -1.127981972804998554E-16, 1.000000000000000000, 0.000000000000000000 ) ) ;
#1264 = CARTESIAN_POINT ( 'NONE',  ( 4.582815801108908182, 11.03106416949242430, 7.291748000911161931 ) ) ;
#1265 = VERTEX_POINT ( 'NONE', #3420 ) ;
#1266 = CIRCLE ( 'NONE', #132, 0.5000000000000003331 ) ;
#1267 = LINE ( 'NONE', #3342, #2504 ) ;
#1268 = CARTESIAN_POINT ( 'NONE',  ( -2.973556672086004937, 11.79603970889010611, 5.319950782782953524 ) ) ;
#1269 = CARTESIAN_POINT ( 'NONE',  ( 2.280046623076740442, 12.85901857356832068, 3.593298806356965969 ) ) ;
#1270 = DIRECTION ( 'NONE',  ( -1.691972959207498077E-16, 1.000000000000000000, 0.000000000000000000 ) ) ;
#1271 = CARTESIAN_POINT ( 'NONE',  ( -0.8512862183042009256, 13.33217506828769316, 8.514959325794654532 ) ) ;
#1272 = EDGE_CURVE ( 'NONE', #50, #136, #3391, .T. ) ;
#1273 = EDGE_CURVE ( 'NONE', #851, #3723, #2969, .T. ) ;
#1274 = CARTESIAN_POINT ( 'NONE',  ( 3.069704284838100428, 11.32850618924912212, 4.847453467474872824 ) ) ;
#1275 = CARTESIAN_POINT ( 'NONE',  ( -4.894999999999999574, 7.689500000000001556, -23.18283361322050951 ) ) ;
#1276 = EDGE_LOOP ( 'NONE', ( #44, #1802, #614, #2980 ) ) ;
#1277 = DIRECTION ( 'NONE',  ( 4.142671149973825313E-15, 0.000000000000000000, -1.000000000000000000 ) ) ;
#1278 = LINE ( 'NONE', #978, #1954 ) ;
#1279 = DIRECTION ( 'NONE',  ( 1.000000000000000000, -7.228014483236646266E-16, 0.000000000000000000 ) ) ;
#1280 = VERTEX_POINT ( 'NONE', #268 ) ;
#1281 = DIRECTION ( 'NONE',  ( -0.4999999999999977796, -5.639909864024968116E-17, -0.8660254037844399289 ) ) ;
#1282 = CARTESIAN_POINT ( 'NONE',  ( 3.656940926296037286, 12.20005702858580499, 3.540728151210148944 ) ) ;
#1283 = CARTESIAN_POINT ( 'NONE',  ( 4.479094590633229345, 11.03802697895084428, 7.112501087360376673 ) ) ;
#1284 = ORIENTED_EDGE ( 'NONE', *, *, #631, .T. ) ;
#1285 = CARTESIAN_POINT ( 'NONE',  ( -3.860971012264272897E-14, 3.339499999999997026, 4.660001811015904494 ) ) ;
#1286 = CARTESIAN_POINT ( 'NONE',  ( 3.473181514061172148, 11.54393012235875027, 5.320613145472399275 ) ) ;
#1287 = CARTESIAN_POINT ( 'NONE',  ( 2.808975362992046865, 12.59196083959820633, 3.606355524268406221 ) ) ;
#1288 = DIRECTION ( 'NONE',  ( -0.7071067811865519026, 0.000000000000000000, -0.7071067811865432429 ) ) ;
#1289 = CARTESIAN_POINT ( 'NONE',  ( -3.259137716638227822, 12.35182778248985969, 8.514530425221439103 ) ) ;
#1290 = VECTOR ( 'NONE', #495, 1000.000000000000000 ) ;
#1291 = CARTESIAN_POINT ( 'NONE',  ( 4.048366371767821548, 11.36768619282228876, 5.071643455336057649 ) ) ;
#1292 = CARTESIAN_POINT ( 'NONE',  ( 4.449999999999999289, -7.689499999999998892, 10.00000000000000000 ) ) ;
#1293 = EDGE_CURVE ( 'NONE', #558, #2079, #371, .T. ) ;
#1294 = ORIENTED_EDGE ( 'NONE', *, *, #1321, .T. ) ;
#1295 = ADVANCED_FACE ( 'NONE', ( #1948 ), #2791, .F. ) ;
#1296 = LINE ( 'NONE', #740, #821 ) ;
#1297 = DIRECTION ( 'NONE',  ( 0.4999999999999977796, 1.127981972804993377E-16, -0.8660254037844399289 ) ) ;
#1298 = DIRECTION ( 'NONE',  ( -0.6275218841199291520, 0.4609040788506685860, -0.6275218841199013964 ) ) ;
#1299 = ADVANCED_FACE ( 'NONE', ( #1676 ), #2923, .T. ) ;
#1300 = ORIENTED_EDGE ( 'NONE', *, *, #1341, .F. ) ;
#1301 = CARTESIAN_POINT ( 'NONE',  ( -3.770141074914180379, 10.05413180491308367, 5.555929386992986885 ) ) ;
#1302 = CARTESIAN_POINT ( 'NONE',  ( 3.949740392023406876, 12.07677658484318428, 3.540739343967183927 ) ) ;
#1303 = CARTESIAN_POINT ( 'NONE',  ( 4.162313594517667248, 11.17042401145344144, 7.112488812222156120 ) ) ;
#1304 = VERTEX_POINT ( 'NONE', #3405 ) ;
#1305 = PLANE ( 'NONE',  #2749 ) ;
#1306 = CARTESIAN_POINT ( 'NONE',  ( -2.523903667598930589, 12.17822362599858188, 4.797804567265472109 ) ) ;
#1307 = CARTESIAN_POINT ( 'NONE',  ( 1.884006231189261582, 13.01620750069021959, 3.592250383762919164 ) ) ;
#1308 = LINE ( 'NONE', #1926, #2709 ) ;
#1309 = CARTESIAN_POINT ( 'NONE',  ( 3.196969679400163411, 12.39495512496210594, 8.515243684517315614 ) ) ;
#1310 = ORIENTED_EDGE ( 'NONE', *, *, #2003, .T. ) ;
#1311 = CARTESIAN_POINT ( 'NONE',  ( -1.412538234306535448E-15, 7.689499999999998892, 2.899999999999999911 ) ) ;
#1312 = LINE ( 'NONE', #2464, #3047 ) ;
#1313 = CARTESIAN_POINT ( 'NONE',  ( -2.096870443557997454, 12.93627685365116875, 3.593951248578111990 ) ) ;
#1314 = CARTESIAN_POINT ( 'NONE',  ( -1.408614287894450534, 12.29587707886247117, 5.994816763756654510 ) ) ;
#1315 = CARTESIAN_POINT ( 'NONE',  ( 3.889998638297498257, 10.44919255991323581, 5.932844495788999417 ) ) ;
#1316 = DIRECTION ( 'NONE',  ( -0.7071067811865315855, 0.000000000000000000, 0.7071067811865636710 ) ) ;
#1317 = ORIENTED_EDGE ( 'NONE', *, *, #1917, .F. ) ;
#1318 = CARTESIAN_POINT ( 'NONE',  ( -3.890001178303811979, 10.52122102712041318, 5.963737517735869353 ) ) ;
#1319 = CARTESIAN_POINT ( 'NONE',  ( 4.449999999999997513, 7.689500000000000668, 3.870280574240121840 ) ) ;
#1320 = EDGE_CURVE ( 'NONE', #2359, #2259, #1971, .T. ) ;
#1321 = EDGE_CURVE ( 'NONE', #1265, #1257, #2856, .T. ) ;
#1322 = CARTESIAN_POINT ( 'NONE',  ( -4.449999999999999289, -7.689499999999998892, 3.699999999999999734 ) ) ;
#1323 = CARTESIAN_POINT ( 'NONE',  ( -4.438598521833912791, 11.03883971931629837, 6.512210137289998535 ) ) ;
#1324 = ORIENTED_EDGE ( 'NONE', *, *, #1674, .T. ) ;
#1325 = CARTESIAN_POINT ( 'NONE',  ( -0.2935062329880684384, 12.60300333861482436, 5.320380159902526884 ) ) ;
#1326 = DIRECTION ( 'NONE',  ( 0.000000000000000000, 0.000000000000000000, 1.000000000000000000 ) ) ;
#1327 = CARTESIAN_POINT ( 'NONE',  ( 1.400151674270878388, 13.08658728763745849, 8.342175367177560474 ) ) ;
#1328 = ORIENTED_EDGE ( 'NONE', *, *, #1320, .T. ) ;
#1329 = CARTESIAN_POINT ( 'NONE',  ( 0.4586784961439688280, 12.47770805831455831, 4.660001811015893836 ) ) ;
#1330 = FACE_OUTER_BOUND ( 'NONE', #426, .T. ) ;
#1331 = CARTESIAN_POINT ( 'NONE',  ( -1.635305057003627827, 13.09796355299971005, 3.593179079183032254 ) ) ;
#1332 = CARTESIAN_POINT ( 'NONE',  ( -2.524063527164694509, 11.88202108188179018, 5.994624880107889631 ) ) ;
#1333 = CARTESIAN_POINT ( 'NONE',  ( 3.702546981838115592, 10.77172241801132024, 5.480296164474884435 ) ) ;
#1334 = VERTEX_POINT ( 'NONE', #2023 ) ;
#1335 = CARTESIAN_POINT ( 'NONE',  ( -4.570589048238130836, 10.98725389765495386, 6.025776473929211008 ) ) ;
#1336 = CARTESIAN_POINT ( 'NONE',  ( -2.863950837501863459E-16, 1.470491331998987850, 5.189998612018002611 ) ) ;
#1337 = DIRECTION ( 'NONE',  ( 1.000000000000000000, 1.949127501097535707E-16, 0.000000000000000000 ) ) ;
#1338 = CARTESIAN_POINT ( 'NONE',  ( 4.375387925968916569, 11.05908166737645182, 6.812835334012723010 ) ) ;
#1339 = ORIENTED_EDGE ( 'NONE', *, *, #2886, .F. ) ;
#1340 = EDGE_CURVE ( 'NONE', #2665, #2616, #2287, .T. ) ;
#1341 = EDGE_CURVE ( 'NONE', #1109, #310, #2141, .T. ) ;
#1342 = CARTESIAN_POINT ( 'NONE',  ( 3.473259615712369186, 11.75842109553487624, 4.798389441955238865 ) ) ;
#1343 = CARTESIAN_POINT ( 'NONE',  ( 5.323076939304394628, -2.129508668001011795, 5.189998612018001722 ) ) ;
#1344 = AXIS2_PLACEMENT_3D ( 'NONE', #3498, #2063, #3234 ) ;
#1345 = CARTESIAN_POINT ( 'NONE',  ( -3.380138124210170680, 11.91021162637359332, 7.995476591994735927 ) ) ;
#1346 = ORIENTED_EDGE ( 'NONE', *, *, #2859, .T. ) ;
#1347 = COLOUR_RGB ( '',0.7921568627450980005, 0.8196078431372548767, 0.9333333333333333481 ) ;
#1348 = FACE_OUTER_BOUND ( 'NONE', #120, .T. ) ;
#1349 = CARTESIAN_POINT ( 'NONE',  ( 4.100287723306739629, 11.57667796565073992, 4.553283519689506953 ) ) ;
#1350 = CARTESIAN_POINT ( 'NONE',  ( 1.804426661823708367, 12.19288234281228611, 6.392666532570919991 ) ) ;
#1351 = CARTESIAN_POINT ( 'NONE',  ( 3.893782959808390398, 11.24857191564129621, 5.921992438759834165 ) ) ;
#1352 = ORIENTED_EDGE ( 'NONE', *, *, #1633, .F. ) ;
#1353 = CARTESIAN_POINT ( 'NONE',  ( -4.450000000000000178, 0.7616276423128574002, -1.307535167130179810 ) ) ;
#1354 = CARTESIAN_POINT ( 'NONE',  ( -3.798423724591157402, 10.00779187300974549, 5.602946468386036827 ) ) ;
#1355 = CARTESIAN_POINT ( 'NONE',  ( -2.973728147002638877, 11.71099180328460854, 6.812141831677898551 ) ) ;
#1356 = AXIS2_PLACEMENT_3D ( 'NONE', #3728, #1953, #2779 ) ;
#1357 = VERTEX_POINT ( 'NONE', #2 ) ;
#1358 = AXIS2_PLACEMENT_3D ( 'NONE', #1854, #3022, #1569 ) ;
#1359 = CARTESIAN_POINT ( 'NONE',  ( 2.336442809391686914, 12.61997282304313117, 4.030985377469375130 ) ) ;
#1360 = PRODUCT_RELATED_PRODUCT_CATEGORY ( 'part', '', ( #1156 ) ) ;
#1361 = CARTESIAN_POINT ( 'NONE',  ( 1.351827002467245771E-15, -7.689499999999998892, 3.411324865405185314 ) ) ;
#1362 = CARTESIAN_POINT ( 'NONE',  ( -0.8512743256197294883, 13.06730337027847355, 8.168937248998343392 ) ) ;
#1363 = ORIENTED_EDGE ( 'NONE', *, *, #2729, .F. ) ;
#1364 = EDGE_CURVE ( 'NONE', #2661, #407, #2006, .T. ) ;
#1365 = CARTESIAN_POINT ( 'NONE',  ( -3.890001178303779561, 10.52123870315954868, 5.968687915622091111 ) ) ;
#1366 = CARTESIAN_POINT ( 'NONE',  ( -5.049999999999998934, -4.002243707385000349, 3.625001781060453343 ) ) ;
#1367 = CARTESIAN_POINT ( 'NONE',  ( -1.670952854263347831, 12.22380000173078862, 6.392291723155488548 ) ) ;
#1368 = DIRECTION ( 'NONE',  ( 0.000000000000000000, 0.5299192642332024583, 0.8480480961564275111 ) ) ;
#1369 = ORIENTED_EDGE ( 'NONE', *, *, #1321, .F. ) ;
#1370 = CARTESIAN_POINT ( 'NONE',  ( -4.571353764712920764, 10.98716039320306059, 5.968208992398086998 ) ) ;
#1371 = CARTESIAN_POINT ( 'NONE',  ( 1.351827002467245771E-15, -7.689499999999998892, 3.500000000000000000 ) ) ;
#1372 = CARTESIAN_POINT ( 'NONE',  ( -4.449999999999998401, -4.002243707385003901, 3.625001781060453343 ) ) ;
#1373 = B_SPLINE_CURVE_WITH_KNOTS ( 'NONE', 3,
 ( #3026, #686, #981, #947, #3336, #121, #103, #704, #404, #1839, #3257, #724, #2104, #1857, #2738, #3007, #1798, #2143 ),
 .UNSPECIFIED., .F., .F.,
 ( 4, 2, 2, 2, 2, 2, 2, 2, 4 ),
 ( 1.734723475976807094E-18, 0.0006752948337256548146, 0.001350589667451307894, 0.002025884501176960107, 0.002701179334902612753, 0.003376474168628264966, 0.004051769002353917612, 0.004727063836079570258, 0.005402358669805223772 ),
 .UNSPECIFIED. ) ;
#1374 = CARTESIAN_POINT ( 'NONE',  ( -3.258997014344883869, 11.55336095001106855, 6.512426040574566422 ) ) ;
#1375 = ORIENTED_EDGE ( 'NONE', *, *, #2659, .F. ) ;
#1376 = CARTESIAN_POINT ( 'NONE',  ( -2.973402138367119640, 12.20796979694313400, 4.275500495127858791 ) ) ;
#1377 = CARTESIAN_POINT ( 'NONE',  ( 1.400158074115524842, 12.95878316790604146, 8.169165111231100340 ) ) ;
#1378 = VERTEX_POINT ( 'NONE', #1163 ) ;
#1379 = CARTESIAN_POINT ( 'NONE',  ( 2.548978874313256870, 12.24009685700566408, 4.660001811012691064 ) ) ;
#1380 = CARTESIAN_POINT ( 'NONE',  ( -4.255742439626270190, 11.21512986825501379, 5.251075521900390619 ) ) ;
#1381 = AXIS2_PLACEMENT_3D ( 'NONE', #3181, #593, #2888 ) ;
#1382 = EDGE_CURVE ( 'NONE', #950, #1334, #1721, .T. ) ;
#1383 = EDGE_CURVE ( 'NONE', #199, #474, #1690, .T. ) ;
#1384 = CARTESIAN_POINT ( 'NONE',  ( -2.973641881865306313, 11.67907341249111397, 5.994541436423348912 ) ) ;
#1385 = CARTESIAN_POINT ( 'NONE',  ( 4.348266045606226982, 11.14768513228927027, 5.334172030078711657 ) ) ;
#1386 = ORIENTED_EDGE ( 'NONE', *, *, #311, .F. ) ;
#1387 = CARTESIAN_POINT ( 'NONE',  ( -3.702549521844127334, 10.77389815253873984, 5.480296164474892429 ) ) ;
#1388 = CARTESIAN_POINT ( 'NONE',  ( -3.883843437627970463, 11.26772204817315881, 5.661590080258791957 ) ) ;
#1389 = CARTESIAN_POINT ( 'NONE',  ( -2.524119081457113278, 11.89298455693056056, 6.512563769320585116 ) ) ;
#1390 = VERTEX_POINT ( 'NONE', #2270 ) ;
#1391 = CARTESIAN_POINT ( 'NONE',  ( -3.258700554395994597, 12.08316326170691113, 4.275448215199555868 ) ) ;
#1392 = CARTESIAN_POINT ( 'NONE',  ( -4.603388137460718177, 11.35096360503446533, 8.168237028091706264 ) ) ;
#1393 = ORIENTED_EDGE ( 'NONE', *, *, #382, .T. ) ;
#1394 = VECTOR ( 'NONE', #3177, 1000.000000000000000 ) ;
#1395 = B_SPLINE_CURVE_WITH_KNOTS ( 'NONE', 3,
 ( #1150, #2012, #3179, #3595 ),
 .UNSPECIFIED., .F., .F.,
 ( 4, 4 ),
 ( 0.000000000000000000, 1.000000000000000000 ),
 .UNSPECIFIED. ) ;
#1396 = CARTESIAN_POINT ( 'NONE',  ( -4.566003454678340567, 10.99369059890224243, 5.799315897931340835 ) ) ;
#1397 = CARTESIAN_POINT ( 'NONE',  ( 3.878013107604600940, 11.79857588948729763, 4.309885356410889656 ) ) ;
#1398 = CARTESIAN_POINT ( 'NONE',  ( -4.685467316765399737, 10.93463979080486048, 5.596712675741672527 ) ) ;
#1399 = CARTESIAN_POINT ( 'NONE',  ( -4.070762376773648050, 11.60763675258613858, 4.522524276974802859 ) ) ;
#1400 = LINE ( 'NONE', #498, #3333 ) ;
#1401 = ADVANCED_FACE ( 'NONE', ( #1470 ), #1486, .T. ) ;
#1402 = ORIENTED_EDGE ( 'NONE', *, *, #2586, .T. ) ;
#1403 = EDGE_LOOP ( 'NONE', ( #1174, #2009, #2524 ) ) ;
#1404 = DIRECTION ( 'NONE',  ( -0.000000000000000000, 1.000000000000000000, -0.000000000000000000 ) ) ;
#1405 = DIRECTION ( 'NONE',  ( -0.000000000000000000, -0.5299192642332032355, 0.8480480961564270670 ) ) ;
#1406 = ORIENTED_EDGE ( 'NONE', *, *, #2121, .F. ) ;
#1407 = CARTESIAN_POINT ( 'NONE',  ( -0.2933163911056397288, 13.10178105788742009, 4.030779201924950428 ) ) ;
#1408 = CARTESIAN_POINT ( 'NONE',  ( -2.688511842923495987, 12.31854846553018312, 7.995621198374297300 ) ) ;
#1409 = ORIENTED_EDGE ( 'NONE', *, *, #231, .T. ) ;
#1410 = CARTESIAN_POINT ( 'NONE',  ( -3.904408065073811329, 11.25070597870199762, 5.898774599697572896 ) ) ;
#1411 = LINE ( 'NONE', #815, #1290 ) ;
#1412 = DIRECTION ( 'NONE',  ( -0.000000000000000000, -0.5299192642332024583, -0.8480480961564275111 ) ) ;
#1413 = CARTESIAN_POINT ( 'NONE',  ( 3.008821838292205175, 12.45390471174907177, 4.135491732374151574 ) ) ;
#1414 = EDGE_LOOP ( 'NONE', ( #592, #2556, #3496 ) ) ;
#1415 = ORIENTED_EDGE ( 'NONE', *, *, #3220, .T. ) ;
#1416 = LINE ( 'NONE', #3158, #868 ) ;
#1417 = CARTESIAN_POINT ( 'NONE',  ( -4.894999999999999574, 7.689500000000001556, 3.625001781060455119 ) ) ;
#1418 = CARTESIAN_POINT ( 'NONE',  ( 3.513530125628564260, 11.84263152152447063, 4.582573434759519060 ) ) ;
#1419 = EDGE_LOOP ( 'NONE', ( #783, #722, #528, #324 ) ) ;
#1420 = CIRCLE ( 'NONE', #1542, 4.409365033652805188 ) ;
#1421 = EDGE_CURVE ( 'NONE', #2061, #967, #42, .T. ) ;
#1422 = EDGE_CURVE ( 'NONE', #2861, #3310, #2327, .T. ) ;
#1423 = CARTESIAN_POINT ( 'NONE',  ( -4.450000000000001066, 7.461666074991102349, 3.699999999999998401 ) ) ;
#1424 = CARTESIAN_POINT ( 'NONE',  ( -2.523707406303565826, 12.77821806105431968, 3.540149962738583511 ) ) ;
#1425 = AXIS2_PLACEMENT_3D ( 'NONE', #354, #656, #1270 ) ;
#1426 = CARTESIAN_POINT ( 'NONE',  ( 2.867686048282521938, 12.21823964336839730, 7.996211823176181177 ) ) ;
#1427 = VERTEX_POINT ( 'NONE', #619 ) ;
#1428 = DIRECTION ( 'NONE',  ( 4.142671149973825313E-15, 0.000000000000000000, -1.000000000000000000 ) ) ;
#1429 = CARTESIAN_POINT ( 'NONE',  ( -1.696468422605356796, 12.69137887679522869, 4.360624145440938904 ) ) ;
#1430 = LINE ( 'NONE', #319, #276 ) ;
#1431 = CARTESIAN_POINT ( 'NONE',  ( -3.882714409109225606, 11.27100530606399431, 5.596857276239243006 ) ) ;
#1432 = CARTESIAN_POINT ( 'NONE',  ( 4.585571198413613381, 10.98027709193548773, 6.025001781060474570 ) ) ;
#1433 = CARTESIAN_POINT ( 'NONE',  ( 3.950000000000001954, -7.689499999999999780, 3.411324865405185314 ) ) ;
#1434 = EDGE_LOOP ( 'NONE', ( #1018, #1103, #2721, #2462 ) ) ;
#1435 = ORIENTED_EDGE ( 'NONE', *, *, #316, .T. ) ;
#1436 = CARTESIAN_POINT ( 'NONE',  ( 3.798422261977826953, 10.00779426943846495, 5.602948259450514001 ) ) ;
#1437 = DIRECTION ( 'NONE',  ( 1.127981972804998307E-16, 1.000000000000000000, 0.000000000000000000 ) ) ;
#1438 = CARTESIAN_POINT ( 'NONE',  ( 3.889998638299317690, 3.339499999999997026, 1.193278744325025652E-12 ) ) ;
#1439 = CIRCLE ( 'NONE', #802, 0.4999999999999997224 ) ;
#1440 = EDGE_LOOP ( 'NONE', ( #2273, #2851, #1772, #586 ) ) ;
#1441 = PLANE ( 'NONE',  #258 ) ;
#1442 = CARTESIAN_POINT ( 'NONE',  ( -0.2932362431212596210, 13.37282543063607143, 3.540494306752604459 ) ) ;
#1443 = CARTESIAN_POINT ( 'NONE',  ( 3.839921318151549023, 11.46949457785342119, 7.643966241705212994 ) ) ;
#1444 = ADVANCED_FACE ( 'NONE', ( #1749 ), #1198, .T. ) ;
#1445 = EDGE_LOOP ( 'NONE', ( #2272, #1039, #3010, #3428, #1496, #344, #3535, #1867, #3674, #1146, #2486, #2397, #3161, #3401, #703, #2310, #1192, #3074, #1120, #1435, #585, #1752, #3233, #1714, #653, #1050, #2468, #1613, #886, #3021, #2207 ) ) ;
#1446 = EDGE_CURVE ( 'NONE', #550, #685, #2060, .T. ) ;
#1447 = CARTESIAN_POINT ( 'NONE',  ( 1.351827002467245771E-15, -7.689499999999998892, 2.899999999999999911 ) ) ;
#1448 = DIRECTION ( 'NONE',  ( -1.127981972804998307E-16, -1.000000000000000000, -0.000000000000000000 ) ) ;
#1449 = CARTESIAN_POINT ( 'NONE',  ( -3.702549521844127334, 10.15802730150829625, 5.480296164474892429 ) ) ;
#1450 = ADVANCED_FACE ( 'NONE', ( #850 ), #76, .T. ) ;
#1451 = CARTESIAN_POINT ( 'NONE',  ( -4.685431245098404140, 10.99363156037441058, 5.319628045034181518 ) ) ;
#1452 = CARTESIAN_POINT ( 'NONE',  ( -3.720274294309345198, 11.94373864945110952, 4.138208281113137765 ) ) ;
#1453 = CARTESIAN_POINT ( 'NONE',  ( 2.947727315999294273, 11.50672235967143209, 4.745700597539334709 ) ) ;
#1454 = VERTEX_POINT ( 'NONE', #2097 ) ;
#1455 = VERTEX_POINT ( 'NONE', #2135 ) ;
#1456 = CARTESIAN_POINT ( 'NONE',  ( 3.069704284838099984, 3.339499999999997026, 4.847453467474868383 ) ) ;
#1457 = CARTESIAN_POINT ( 'NONE',  ( 3.752531374632090966, 10.70632795509802015, 5.530280557268883790 ) ) ;
#1458 = VECTOR ( 'NONE', #3570, 1000.000000000000000 ) ;
#1459 = DIRECTION ( 'NONE',  ( 1.000000000000000000, 1.949127501097535707E-16, 0.000000000000000000 ) ) ;
#1460 = EDGE_LOOP ( 'NONE', ( #305, #1762, #2928, #1619 ) ) ;
#1461 = CARTESIAN_POINT ( 'NONE',  ( 3.889998646700988161, 10.51974479323840583, 5.985574460407148578 ) ) ;
#1462 = CARTESIAN_POINT ( 'NONE',  ( -4.012822307506232811, 11.96604117279042967, 3.785015278240865921 ) ) ;
#1463 = CARTESIAN_POINT ( 'NONE',  ( -4.521001518887031168, 11.05605215586261281, 7.290756721227880099 ) ) ;
#1464 = ORIENTED_EDGE ( 'NONE', *, *, #2911, .F. ) ;
#1465 = CARTESIAN_POINT ( 'NONE',  ( 0.000000000000000000, 7.689500000000000668, -23.18283361322050951 ) ) ;
#1466 = CARTESIAN_POINT ( 'NONE',  ( -3.916692793569291453, 11.24217348380927639, 5.740853711987888630 ) ) ;
#1467 = CARTESIAN_POINT ( 'NONE',  ( 3.702546981838253704, 10.15803111126443348, 5.480296164474743215 ) ) ;
#1468 = ADVANCED_FACE ( 'NONE', ( #2424 ), #2325, .F. ) ;
#1469 = CARTESIAN_POINT ( 'NONE',  ( -4.520785338434925471, 11.06293211563278511, 5.319657755438507607 ) ) ;
#1470 = FACE_OUTER_BOUND ( 'NONE', #286, .T. ) ;
#1471 = CARTESIAN_POINT ( 'NONE',  ( 2.710809614794270406, 11.76279443586687279, 4.660001811015946238 ) ) ;
#1472 = ORIENTED_EDGE ( 'NONE', *, *, #2094, .F. ) ;
#1473 = VERTEX_POINT ( 'NONE', #414 ) ;
#1474 = CARTESIAN_POINT ( 'NONE',  ( 4.449999999999999289, -7.689499999999998892, 10.00000000000000000 ) ) ;
#1475 = CARTESIAN_POINT ( 'NONE',  ( -16.02198379339003154, 2.972702621317521388, 9.175001781060430517 ) ) ;
#1476 = CARTESIAN_POINT ( 'NONE',  ( 3.007678070195214826, 10.97030975574176992, 4.785427252832092471 ) ) ;
#1477 = CARTESIAN_POINT ( 'NONE',  ( -3.069706824844071757, 10.91120762321873627, 4.847453467474649891 ) ) ;
#1478 = ORIENTED_EDGE ( 'NONE', *, *, #2003, .F. ) ;
#1479 = CARTESIAN_POINT ( 'NONE',  ( 4.594639102497615646, 10.97757087769728379, 5.930387675275016868 ) ) ;
#1480 = CARTESIAN_POINT ( 'NONE',  ( 3.656904844391354548, 12.10530699286570133, 3.785877486556110672 ) ) ;
#1481 = CARTESIAN_POINT ( 'NONE',  ( -1.408762172085292752, 12.62653303161018847, 7.643587748687751926 ) ) ;
#1482 = ORIENTED_EDGE ( 'NONE', *, *, #1792, .F. ) ;
#1483 = PLANE ( 'NONE',  #2929 ) ;
#1484 = CARTESIAN_POINT ( 'NONE',  ( -3.890001178303797325, 11.25348527004438104, 5.944320385402469320 ) ) ;
#1485 = CARTESIAN_POINT ( 'NONE',  ( 3.950000000000001954, -7.689499999999999780, 3.411324865405185314 ) ) ;
#1486 =( BOUNDED_SURFACE ( )  B_SPLINE_SURFACE ( 3, 2, ( 
 ( #1769, #3190, #3721 ),
 ( #1712, #2289, #2900 ),
 ( #3437, #2631, #922 ),
 ( #3154, #640, #582 ),
 ( #2346, #2592, #23 ),
 ( #59, #321, #2040 ) ),
 .UNSPECIFIED., .F., .F., .F. ) 
 B_SPLINE_SURFACE_WITH_KNOTS ( ( 4, 2, 4 ),
 ( 3, 3 ),
 ( 0.000000000000000000, 0.0005111246171836502771, 0.001022249234367300554 ),
 ( 0.000000000000000000, 1.000000000000000000 ),
 .UNSPECIFIED. ) 
 GEOMETRIC_REPRESENTATION_ITEM ( )  RATIONAL_B_SPLINE_SURFACE ( (
 ( 1.000000000000000000, 0.8276031383033154443, 1.000000000000000000),
 ( 1.000000000000000000, 0.8100004776996202471, 1.000000000000000000),
 ( 1.000000000000000000, 0.7898456018106412291, 1.000000000000000000),
 ( 1.000000000000000000, 0.7502267440258405529, 1.000000000000000000),
 ( 1.000000000000000000, 0.7317582635275806657, 1.000000000000000000),
 ( 1.000000000000000000, 0.7052741581956916139, 1.000000000000000000) ) ) 
 REPRESENTATION_ITEM ( '' )  SURFACE ( )  );
#1487 = CARTESIAN_POINT ( 'NONE',  ( 2.050000000000000711, -2.129508668001012683, 5.715302991864936288 ) ) ;
#1488 = CARTESIAN_POINT ( 'NONE',  ( -4.190183144412510607, -0.3665935232334689431, 6.025001781060435491 ) ) ;
#1489 = ORIENTED_EDGE ( 'NONE', *, *, #2070, .T. ) ;
#1490 = ADVANCED_FACE ( 'NONE', ( #2076 ), #3485, .T. ) ;
#1491 = ORIENTED_EDGE ( 'NONE', *, *, #1718, .F. ) ;
#1492 = B_SPLINE_CURVE_WITH_KNOTS ( 'NONE', 3,
 ( #1609, #1664, #2471, #3407 ),
 .UNSPECIFIED., .F., .F.,
 ( 4, 4 ),
 ( 0.0007181874306778619852, 0.0008030429926778065051 ),
 .UNSPECIFIED. ) ;
#1493 = CARTESIAN_POINT ( 'NONE',  ( -4.895000000000001350, -4.941041079831897775, 6.025001781060426609 ) ) ;
#1494 = DIRECTION ( 'NONE',  ( -0.000000000000000000, 0.000000000000000000, 1.000000000000000000 ) ) ;
#1495 = DIRECTION ( 'NONE',  ( 3.067555686463477808E-13, 0.000000000000000000, -1.000000000000000000 ) ) ;
#1496 = ORIENTED_EDGE ( 'NONE', *, *, #2708, .T. ) ;
#1497 = CARTESIAN_POINT ( 'NONE',  ( 3.798422261977826953, 10.00779426943846495, 5.602948259450514001 ) ) ;
#1498 = CARTESIAN_POINT ( 'NONE',  ( -2.973327267574927824, 12.42511693561147013, 3.785206494936631749 ) ) ;
#1499 = CARTESIAN_POINT ( 'NONE',  ( 0.7008743941459295579, 12.59328594542827062, 7.112350657530589260 ) ) ;
#1500 = ORIENTED_EDGE ( 'NONE', *, *, #2518, .F. ) ;
#1501 = DIRECTION ( 'NONE',  ( 1.000000000000000000, 0.000000000000000000, 0.000000000000000000 ) ) ;
#1502 = CARTESIAN_POINT ( 'NONE',  ( 0.6605602868257975935, 13.30076722478057327, 3.589473087227821324 ) ) ;
#1503 = CARTESIAN_POINT ( 'NONE',  ( 2.789942617618678344, 11.68385803816243040, 4.678102495769420166 ) ) ;
#1504 = CARTESIAN_POINT ( 'NONE',  ( 4.894999999999999574, 7.361319111364017509, 3.625001781060455119 ) ) ;
#1505 = B_SPLINE_CURVE_WITH_KNOTS ( 'NONE', 3,
 ( #1765, #938, #2073, #92 ),
 .UNSPECIFIED., .F., .F.,
 ( 4, 4 ),
 ( 0.000000000000000000, 1.000000000000000000 ),
 .UNSPECIFIED. ) ;
#1506 = DIRECTION ( 'NONE',  ( -0.08715574274764995022, -0.9961946980917462113, -3.610575810352298925E-16 ) ) ;
#1507 = PLANE ( 'NONE',  #3467 ) ;
#1508 = VERTEX_POINT ( 'NONE', #3611 ) ;
#1509 = EDGE_LOOP ( 'NONE', ( #2331, #101, #3729, #3534, #852, #1904, #3242, #1200 ) ) ;
#1510 = PLANE ( 'NONE',  #3469 ) ;
#1511 = EDGE_CURVE ( 'NONE', #1950, #333, #535, .T. ) ;
#1512 = CARTESIAN_POINT ( 'NONE',  ( -2.759152557093912161, 12.62257277278429690, 3.594410387581075561 ) ) ;
#1513 = CARTESIAN_POINT ( 'NONE',  ( -4.593066405592948875, 10.97982542737699596, 5.792777404194914048 ) ) ;
#1514 = ORIENTED_EDGE ( 'NONE', *, *, #1983, .F. ) ;
#1515 = CARTESIAN_POINT ( 'NONE',  ( -4.255742439626270190, 11.21512986825501379, 5.251075521900390619 ) ) ;
#1516 = VECTOR ( 'NONE', #1673, 1000.000000000000000 ) ;
#1517 = EDGE_CURVE ( 'NONE', #743, #232, #2692, .T. ) ;
#1518 = CARTESIAN_POINT ( 'NONE',  ( -4.450000000000000178, 2.002661781275171915, 6.825001781060429984 ) ) ;
#1519 = CARTESIAN_POINT ( 'NONE',  ( -4.225929559452726636, 11.12164459334227828, 6.811905349834932011 ) ) ;
#1520 = ORIENTED_EDGE ( 'NONE', *, *, #2759, .T. ) ;
#1521 = CARTESIAN_POINT ( 'NONE',  ( 1.381128922379827983, 13.16823492439700516, 3.590850963512689731 ) ) ;
#1522 = DIRECTION ( 'NONE',  ( -0.8191520442889934639, 0.000000000000000000, 0.5735764363510437169 ) ) ;
#1523 = CARTESIAN_POINT ( 'NONE',  ( 1.804289562520613455, 12.96944810226003497, 8.342199772165292515 ) ) ;
#1524 = B_SPLINE_CURVE_WITH_KNOTS ( 'NONE', 3,
 ( #2431, #2178, #997, #1017, #2158, #2758 ),
 .UNSPECIFIED., .F., .F.,
 ( 4, 2, 4 ),
 ( 0.2452414374830330923, 0.4912563665190616824, 0.7372712955550903002 ),
 .UNSPECIFIED. ) ;
#1525 = CARTESIAN_POINT ( 'NONE',  ( 3.373298484557869958, 11.65297934507977828, 5.151047667194597501 ) ) ;
#1526 = CARTESIAN_POINT ( 'NONE',  ( -16.02198379339003154, -2.972702621317532046, 9.175001781060430517 ) ) ;
#1527 = VERTEX_POINT ( 'NONE', #1850 ) ;
#1528 = DIRECTION ( 'NONE',  ( -1.691972959207497830E-16, 1.000000000000000000, -0.000000000000000000 ) ) ;
#1529 = LINE ( 'NONE', #1259, #1705 ) ;
#1530 = CARTESIAN_POINT ( 'NONE',  ( -3.890001178303803986, 10.44919255991316831, 5.932844495788947903 ) ) ;
#1531 = VECTOR ( 'NONE', #3171, 1000.000000000000000 ) ;
#1532 = VERTEX_POINT ( 'NONE', #1012 ) ;
#1533 = DIRECTION ( 'NONE',  ( 5.977393770971403859E-17, 0.5299192642332021252, 0.8480480961564277331 ) ) ;
#1534 =( NAMED_UNIT ( * ) SI_UNIT ( $, .STERADIAN. ) SOLID_ANGLE_UNIT ( ) );
#1535 = CARTESIAN_POINT ( 'NONE',  ( 3.656473126940075424, 11.41083787008749262, 7.112474109911175901 ) ) ;
#1536 = ORIENTED_EDGE ( 'NONE', *, *, #3429, .F. ) ;
#1537 = VECTOR ( 'NONE', #375, 1000.000000000000000 ) ;
#1538 = EDGE_CURVE ( 'NONE', #2061, #3716, #1255, .T. ) ;
#1539 = CARTESIAN_POINT ( 'NONE',  ( -3.890001178303325258, 3.339499999999997026, -3.138036117124234371E-13 ) ) ;
#1540 = ADVANCED_FACE ( 'NONE', ( #3328 ), #716, .F. ) ;
#1541 = CARTESIAN_POINT ( 'NONE',  ( -3.882599186232959632, 11.55520743800888894, 4.797550752872655089 ) ) ;
#1542 = AXIS2_PLACEMENT_3D ( 'NONE', #1311, #494, #3079 ) ;
#1543 = CARTESIAN_POINT ( 'NONE',  ( 1.327579961749554727, 13.18131635106793986, 3.590710434013851149 ) ) ;
#1544 = CARTESIAN_POINT ( 'NONE',  ( -4.056102912437420827, 10.77389815253875582, 5.126742773881598048 ) ) ;
#1545 = CARTESIAN_POINT ( 'NONE',  ( 0.7007964173865847135, 13.36315942078504548, 8.515134279685083740 ) ) ;
#1546 = CARTESIAN_POINT ( 'NONE',  ( 3.263782771847023589, 11.75065858761655768, 5.041531954483713385 ) ) ;
#1547 = DIRECTION ( 'NONE',  ( -2.255963945609997107E-16, 1.000000000000000000, 0.000000000000000000 ) ) ;
#1548 = ORIENTED_EDGE ( 'NONE', *, *, #3152, .F. ) ;
#1549 = DIRECTION ( 'NONE',  ( -1.000000000000000000, -0.000000000000000000, -0.000000000000000000 ) ) ;
#1550 = CARTESIAN_POINT ( 'NONE',  ( 3.463165066565849326, 12.15410656551448909, 3.881422568580233268 ) ) ;
#1551 = CARTESIAN_POINT ( 'NONE',  ( -2.585448785463592802, 12.35368464025771118, 4.348549510216549230 ) ) ;
#1552 = VERTEX_POINT ( 'NONE', #1565 ) ;
#1553 = FACE_OUTER_BOUND ( 'NONE', #3387, .T. ) ;
#1554 = FILL_AREA_STYLE ('',( #3337 ) ) ;
#1555 = CARTESIAN_POINT ( 'NONE',  ( 3.949254783432660787, 11.30581159807842795, 7.291725132085813854 ) ) ;
#1556 = ORIENTED_EDGE ( 'NONE', *, *, #591, .T. ) ;
#1557 = CARTESIAN_POINT ( 'NONE',  ( -3.949999999999998845, -7.689499999999998003, 3.699999999999999734 ) ) ;
#1558 = CARTESIAN_POINT ( 'NONE',  ( -1.670751263806234066, 12.50232534211213675, 4.797952607309962758 ) ) ;
#1559 = CARTESIAN_POINT ( 'NONE',  ( 3.949999999999997957, 7.689500000000001556, 3.411324865405185314 ) ) ;
#1560 = EDGE_CURVE ( 'NONE', #333, #2921, #1868, .T. ) ;
#1561 = CARTESIAN_POINT ( 'NONE',  ( 3.263782771847117736, 11.75065858761665005, 5.041531954483423839 ) ) ;
#1562 = EDGE_CURVE ( 'NONE', #543, #199, #1215, .T. ) ;
#1563 = CARTESIAN_POINT ( 'NONE',  ( 4.162220607675600093, 11.78699589889860988, 8.515246536686790435 ) ) ;
#1564 = EDGE_CURVE ( 'NONE', #232, #3320, #1787, .T. ) ;
#1565 = CARTESIAN_POINT ( 'NONE',  ( -4.895000000000001350, -7.689499999999998003, 3.625001781060453343 ) ) ;
#1566 = DIRECTION ( 'NONE',  ( -1.000000000000000000, -4.511927891219993228E-16, 0.000000000000000000 ) ) ;
#1567 = ORIENTED_EDGE ( 'NONE', *, *, #2960, .T. ) ;
#1568 = CARTESIAN_POINT ( 'NONE',  ( 4.449999999999998401, 1.470491331998988738, 5.189998612018002611 ) ) ;
#1569 = DIRECTION ( 'NONE',  ( -1.000000000000000000, 0.000000000000000000, 0.000000000000000000 ) ) ;
#1570 = DIRECTION ( 'NONE',  ( -1.000000000000000000, -0.000000000000000000, -0.000000000000000000 ) ) ;
#1571 = ORIENTED_EDGE ( 'NONE', *, *, #3367, .F. ) ;
#1572 = CARTESIAN_POINT ( 'NONE',  ( -3.616207410575545733, 11.74787137461460951, 4.683186775683521930 ) ) ;
#1573 = CARTESIAN_POINT ( 'NONE',  ( 3.473448753073903106, 12.28565707950981079, 3.540722546128393766 ) ) ;
#1574 = CARTESIAN_POINT ( 'NONE',  ( 3.949270656480794450, 11.26778268601946387, 7.112481962062944696 ) ) ;
#1575 = EDGE_LOOP ( 'NONE', ( #2054, #352, #2194, #1284, #980 ) ) ;
#1576 = PLANE ( 'NONE',  #2813 ) ;
#1577 = DIRECTION ( 'NONE',  ( 1.127981972804998554E-16, -1.000000000000000000, 0.000000000000000000 ) ) ;
#1578 = CARTESIAN_POINT ( 'NONE',  ( 4.375557182491879971, 11.12147258446398368, 5.320640457605811058 ) ) ;
#1579 = CARTESIAN_POINT ( 'NONE',  ( 1.741399849044420911, 13.06498500125434781, 3.591849084199027153 ) ) ;
#1580 = CARTESIAN_POINT ( 'NONE',  ( -4.399999999999999467, -7.689499999999999780, 2.899999999999999911 ) ) ;
#1581 = CARTESIAN_POINT ( 'NONE',  ( -2.688530001397062108, 12.71259342489150157, 8.514653762410199889 ) ) ;
#1582 = VERTEX_POINT ( 'NONE', #94 ) ;
#1583 = DIRECTION ( 'NONE',  ( -0.7071067811864436559, 0.000000000000000000, 0.7071067811866514896 ) ) ;
#1584 = CARTESIAN_POINT ( 'NONE',  ( 2.049999999999999822, 1.470491331998988294, 5.715302991864937177 ) ) ;
#1585 = CARTESIAN_POINT ( 'NONE',  ( -1.899607517324277461, 13.01159566073828877, 3.593675214920831085 ) ) ;
#1586 = CARTESIAN_POINT ( 'NONE',  ( -1.408656956448864683, 12.30397770403114066, 6.392333948960068568 ) ) ;
#1587 = PLANE ( 'NONE',  #1121 ) ;
#1588 = LINE ( 'NONE', #763, #1030 ) ;
#1589 = ORIENTED_EDGE ( 'NONE', *, *, #1564, .T. ) ;
#1590 = CARTESIAN_POINT ( 'NONE',  ( -3.737702322805950494, 10.10530153812986498, 5.515448965436626771 ) ) ;
#1591 = CARTESIAN_POINT ( 'NONE',  ( 3.136830241057622093, 12.36673889842980323, 4.198324090441691858 ) ) ;
#1592 = CARTESIAN_POINT ( 'NONE',  ( 4.582862970576763395, 10.97806095816065231, 6.812844335169635279 ) ) ;
#1593 = ORIENTED_EDGE ( 'NONE', *, *, #3393, .T. ) ;
#1594 = DIRECTION ( 'NONE',  ( -1.000000000000000000, 0.000000000000000000, 0.000000000000000000 ) ) ;
#1595 = CARTESIAN_POINT ( 'NONE',  ( 2.868017768076859042, 12.03534783237663142, 4.798370037959450052 ) ) ;
#1596 = CARTESIAN_POINT ( 'NONE',  ( 3.950000000000001954, -7.689499999999999780, 3.215093392194367627 ) ) ;
#1597 = CARTESIAN_POINT ( 'NONE',  ( -0.2937738571648047525, 13.24367367748937596, 8.342016672125351917 ) ) ;
#1598 = ORIENTED_EDGE ( 'NONE', *, *, #1254, .T. ) ;
#1599 = CARTESIAN_POINT ( 'NONE',  ( 4.423457955526280294, 11.04169251643459226, 6.025001781060248085 ) ) ;
#1600 = FACE_OUTER_BOUND ( 'NONE', #1100, .T. ) ;
#1601 = CARTESIAN_POINT ( 'NONE',  ( -0.6800583211009865181, 13.29842369872839747, 3.590841142913286710 ) ) ;
#1602 = VECTOR ( 'NONE', #1522, 1000.000000000000000 ) ;
#1603 = CARTESIAN_POINT ( 'NONE',  ( -2.973685122217154753, 11.68133413282447997, 6.392057635074397837 ) ) ;
#1604 = CARTESIAN_POINT ( 'NONE',  ( 3.889998638297722966, 10.52037775433315581, 5.932844495789004746 ) ) ;
#1605 = EDGE_CURVE ( 'NONE', #1427, #3057, #1237, .T. ) ;
#1606 = EDGE_CURVE ( 'NONE', #2066, #1390, #1033, .T. ) ;
#1607 = ORIENTED_EDGE ( 'NONE', *, *, #3567, .T. ) ;
#1608 =( BOUNDED_CURVE ( )  B_SPLINE_CURVE ( 3, ( #1715, #307, #1202, #345 ),
 .UNSPECIFIED., .F., .F. ) 
 B_SPLINE_CURVE_WITH_KNOTS ( ( 4, 4 ),
 ( 4.888106991841866922, 5.319979329914082733 ),
 .UNSPECIFIED. ) 
 CURVE ( )  GEOMETRIC_REPRESENTATION_ITEM ( )  RATIONAL_B_SPLINE_CURVE ( ( 1.000000000000000000, 0.9845174912417432589, 0.9845174912417432589, 1.000000000000000000 ) ) 
 REPRESENTATION_ITEM ( '' )  );
#1609 = CARTESIAN_POINT ( 'NONE',  ( -4.570598584815863674, 10.98725066497237712, 6.025001781060435491 ) ) ;
#1610 = PLANE ( 'NONE',  #1356 ) ;
#1611 = CARTESIAN_POINT ( 'NONE',  ( 3.610486553762015660, 12.03534829403952422, 4.019318068956953205 ) ) ;
#1612 = CARTESIAN_POINT ( 'NONE',  ( 2.867770561036610655, 11.76000950914714061, 6.812788878642860091 ) ) ;
#1613 = ORIENTED_EDGE ( 'NONE', *, *, #525, .T. ) ;
#1614 = B_SPLINE_CURVE_WITH_KNOTS ( 'NONE', 3,
 ( #3313, #3354, #2102, #3273 ),
 .UNSPECIFIED., .F., .F.,
 ( 4, 4 ),
 ( 0.000000000000000000, 1.000000000000000000 ),
 .UNSPECIFIED. ) ;
#1615 = CARTESIAN_POINT ( 'NONE',  ( 2.867942236037943182, 11.84710092796951386, 5.320598174964634275 ) ) ;
#1616 = VECTOR ( 'NONE', #2949, 1000.000000000000000 ) ;
#1617 = DIRECTION ( 'NONE',  ( 1.000000000000000000, 0.000000000000000000, 0.000000000000000000 ) ) ;
#1618 = CARTESIAN_POINT ( 'NONE',  ( -3.631540960308204280, 11.75832916621387092, 7.995423444815672021 ) ) ;
#1619 = ORIENTED_EDGE ( 'NONE', *, *, #1562, .F. ) ;
#1620 = B_SPLINE_CURVE_WITH_KNOTS ( 'NONE', 3,
 ( #1131, #2924, #2350, #1148 ),
 .UNSPECIFIED., .F., .F.,
 ( 4, 4 ),
 ( 0.000000000000000000, 1.000000000000000000 ),
 .UNSPECIFIED. ) ;
#1621 = FACE_OUTER_BOUND ( 'NONE', #2172, .T. ) ;
#1622 = CARTESIAN_POINT ( 'NONE',  ( -4.348105123176897457, 11.15073276317945172, 5.331302194636725389 ) ) ;
#1623 = VECTOR ( 'NONE', #3676, 1000.000000000000000 ) ;
#1624 = CARTESIAN_POINT ( 'NONE',  ( 3.949346753902668095, 11.24129164463114527, 6.392740334341374009 ) ) ;
#1625 = CARTESIAN_POINT ( 'NONE',  ( 4.569498865001389909, 10.98811314458464139, 5.868619658059644806 ) ) ;
#1626 = ORIENTED_EDGE ( 'NONE', *, *, #81, .F. ) ;
#1627 = CARTESIAN_POINT ( 'NONE',  ( -4.273526624964000042, 11.38560714151666531, 4.765811341546510427 ) ) ;
#1628 = LINE ( 'NONE', #3142, #2596 ) ;
#1629 = CARTESIAN_POINT ( 'NONE',  ( -4.449999999999999289, -7.689499999999998892, 10.00000000000000000 ) ) ;
#1630 = CARTESIAN_POINT ( 'NONE',  ( 2.942016077692011677, 12.51314194179338912, 3.631370249758949065 ) ) ;
#1631 = CARTESIAN_POINT ( 'NONE',  ( -2.524148790920998753, 11.92416681816164115, 6.812227003098108469 ) ) ;
#1632 = EDGE_LOOP ( 'NONE', ( #2253, #3051, #984, #1406, #870 ) ) ;
#1633 = EDGE_CURVE ( 'NONE', #2836, #1265, #1911, .T. ) ;
#1634 = CARTESIAN_POINT ( 'NONE',  ( 4.479451809610743851, 11.51915154081179793, 4.276199106577225351 ) ) ;
#1635 = CARTESIAN_POINT ( 'NONE',  ( 4.449999999999998401, 7.461666074991102349, 3.699999999999998401 ) ) ;
#1636 = CARTESIAN_POINT ( 'NONE',  ( 2.335998353849316533, 12.50841043518467544, 7.996202699528708102 ) ) ;
#1637 = ORIENTED_EDGE ( 'NONE', *, *, #887, .F. ) ;
#1638 = VECTOR ( 'NONE', #2366, 1000.000000000000000 ) ;
#1639 = AXIS2_PLACEMENT_3D ( 'NONE', #342, #2384, #2059 ) ;
#1640 = CARTESIAN_POINT ( 'NONE',  ( 2.203203339393751570, 12.02502915626643798, 4.660001811015952455 ) ) ;
#1641 = CARTESIAN_POINT ( 'NONE',  ( 4.125017616995941161, 11.55042760697432058, 4.580572479328128388 ) ) ;
#1642 = CARTESIAN_POINT ( 'NONE',  ( -0.2936335585280491212, 12.49978348283061713, 6.392488952510611000 ) ) ;
#1643 = CONICAL_SURFACE ( 'NONE', #2251, 3.950000000000000178, 1.047197551196600296 ) ;
#1644 = CARTESIAN_POINT ( 'NONE',  ( 4.513000351951103717, 11.03008048879361169, 5.609208911126679631 ) ) ;
#1645 = DIRECTION ( 'NONE',  ( 1.000000000000000000, 0.000000000000000000, 0.000000000000000000 ) ) ;
#1646 = ORIENTED_EDGE ( 'NONE', *, *, #2281, .F. ) ;
#1647 = CARTESIAN_POINT ( 'NONE',  ( -3.890001178303809759, 11.25348527004440768, 5.944320385402502183 ) ) ;
#1648 = CARTESIAN_POINT ( 'NONE',  ( -4.894999999999999574, 2.002661781275172359, 6.825001781060429096 ) ) ;
#1649 = FACE_OUTER_BOUND ( 'NONE', #2871, .T. ) ;
#1650 = AXIS2_PLACEMENT_3D ( 'NONE', #1465, #577, #1501 ) ;
#1651 = CARTESIAN_POINT ( 'NONE',  ( -4.520921211238052351, 11.00688499777958995, 6.512195737456083933 ) ) ;
#1652 = VERTEX_POINT ( 'NONE', #3416 ) ;
#1653 = CARTESIAN_POINT ( 'NONE',  ( -4.520628385617679434, 11.49956903756487669, 4.275211641581808664 ) ) ;
#1654 = CARTESIAN_POINT ( 'NONE',  ( -3.380146704840525818, 12.01574285674333531, 8.168483085316230685 ) ) ;
#1655 = EDGE_CURVE ( 'NONE', #1045, #232, #213, .T. ) ;
#1656 = ORIENTED_EDGE ( 'NONE', *, *, #1177, .F. ) ;
#1657 = EDGE_CURVE ( 'NONE', #3145, #1109, #1420, .T. ) ;
#1658 = VECTOR ( 'NONE', #2503, 1000.000000000000000 ) ;
#1659 = CARTESIAN_POINT ( 'NONE',  ( 0.2496341569797012605, 12.94988999201812163, 4.362299166567454201 ) ) ;
#1660 = FACE_OUTER_BOUND ( 'NONE', #240, .T. ) ;
#1661 = CARTESIAN_POINT ( 'NONE',  ( -3.631359292363045554, 11.37940338139808105, 5.994418894213683124 ) ) ;
#1662 = CARTESIAN_POINT ( 'NONE',  ( 3.481406475662455868, 10.93414633321629914, 5.259155658299042635 ) ) ;
#1663 = ORIENTED_EDGE ( 'NONE', *, *, #2800, .F. ) ;
#1664 = CARTESIAN_POINT ( 'NONE',  ( -4.570947269124886247, 10.98713390190032335, 5.996717372465250051 ) ) ;
#1665 = CARTESIAN_POINT ( 'NONE',  ( -3.069706824844069981, 11.32722671989411545, 4.847453467474641897 ) ) ;
#1666 = CARTESIAN_POINT ( 'NONE',  ( 0.7009000698607077418, 12.52090603358311505, 6.812680464112308876 ) ) ;
#1667 = ORIENTED_EDGE ( 'NONE', *, *, #3134, .F. ) ;
#1668 = CARTESIAN_POINT ( 'NONE',  ( -1.408337474601306649, 12.92961306023071266, 4.030628191574566088 ) ) ;
#1669 = CARTESIAN_POINT ( 'NONE',  ( -2.524238839277489710, 12.51902778619615475, 8.168661694700748654 ) ) ;
#1670 = ORIENTED_EDGE ( 'NONE', *, *, #2586, .F. ) ;
#1671 = EDGE_CURVE ( 'NONE', #950, #2665, #3248, .T. ) ;
#1672 = CARTESIAN_POINT ( 'NONE',  ( -3.854599690711848492, 10.57111692868575936, 5.718786347862344854 ) ) ;
#1673 = DIRECTION ( 'NONE',  ( -0.000000000000000000, -0.000000000000000000, 1.000000000000000000 ) ) ;
#1674 = EDGE_CURVE ( 'NONE', #2760, #3148, #1083, .T. ) ;
#1675 = CARTESIAN_POINT ( 'NONE',  ( -4.438462376297767520, 11.09767232512230883, 5.319672625833126389 ) ) ;
#1676 = FACE_OUTER_BOUND ( 'NONE', #825, .T. ) ;
#1677 = DIRECTION ( 'NONE',  ( 1.127981972804998307E-16, 1.000000000000000000, 0.000000000000000000 ) ) ;
#1678 = ORIENTED_EDGE ( 'NONE', *, *, #2536, .F. ) ;
#1679 = ORIENTED_EDGE ( 'NONE', *, *, #1135, .F. ) ;
#1680 = LINE ( 'NONE', #3516, #2795 ) ;
#1681 = DIRECTION ( 'NONE',  ( -2.283902937147164792E-32, 2.024769005366008431E-16, -1.000000000000000000 ) ) ;
#1682 = ORIENTED_EDGE ( 'NONE', *, *, #955, .T. ) ;
#1683 = CARTESIAN_POINT ( 'NONE',  ( -4.012859018660748234, 11.86486445704349357, 4.030163527908794840 ) ) ;
#1684 = CARTESIAN_POINT ( 'NONE',  ( 2.867678539291151019, 12.33471578060870044, 8.169220165453101146 ) ) ;
#1685 = ORIENTED_EDGE ( 'NONE', *, *, #561, .T. ) ;
#1686 = CARTESIAN_POINT ( 'NONE',  ( -3.910992451157108363, 11.24646265905176534, 5.882947100486251912 ) ) ;
#1687 = CARTESIAN_POINT ( 'NONE',  ( 4.081611456781389258, 11.59629853298798352, 4.532737721850601531 ) ) ;
#1688 = AXIS2_PLACEMENT_3D ( 'NONE', #46, #908, #2558 ) ;
#1689 = CARTESIAN_POINT ( 'NONE',  ( 3.656590614934770667, 11.36319386990694369, 5.995213092016931533 ) ) ;
#1690 = LINE ( 'NONE', #1732, #890 ) ;
#1691 = VECTOR ( 'NONE', #2695, 1000.000000000000000 ) ;
#1692 = CARTESIAN_POINT ( 'NONE',  ( 2.898297101527535613, 12.52239578954959853, 4.098243981250043966 ) ) ;
#1693 = EDGE_LOOP ( 'NONE', ( #3406, #3078, #1310, #3655 ) ) ;
#1694 = AXIS2_PLACEMENT_3D ( 'NONE', #2593, #3550, #3250 ) ;
#1695 = ADVANCED_FACE ( 'NONE', ( #1348 ), #757, .F. ) ;
#1696 = ORIENTED_EDGE ( 'NONE', *, *, #3197, .F. ) ;
#1697 = ADVANCED_FACE ( 'NONE', ( #1621 ), #3349, .F. ) ;
#1698 = CARTESIAN_POINT ( 'NONE',  ( 3.702546981838253704, 10.15803111126443348, 5.480296164474743215 ) ) ;
#1699 = DIRECTION ( 'NONE',  ( -0.000000000000000000, 0.000000000000000000, 1.000000000000000000 ) ) ;
#1700 = CARTESIAN_POINT ( 'NONE',  ( 4.254554493488115874, 11.21309411678222290, 5.252468607979806414 ) ) ;
#1701 = CIRCLE ( 'NONE', #2991, 0.5000000000000006661 ) ;
#1702 = ORIENTED_EDGE ( 'NONE', *, *, #1511, .F. ) ;
#1703 = DIRECTION ( 'NONE',  ( -0.000000000000000000, 1.000000000000000000, -0.000000000000000000 ) ) ;
#1704 = CARTESIAN_POINT ( 'NONE',  ( 2.868097208568401335, 12.26351270425380946, 4.276148644414366373 ) ) ;
#1705 = VECTOR ( 'NONE', #3574, 1000.000000000000000 ) ;
#1706 = CARTESIAN_POINT ( 'NONE',  ( -0.2937397066220867048, 12.81281539638866995, 7.643741143419845230 ) ) ;
#1707 = ORIENTED_EDGE ( 'NONE', *, *, #3152, .T. ) ;
#1708 = DIRECTION ( 'NONE',  ( -1.000000000000000000, -2.255963945609996614E-16, 0.000000000000000000 ) ) ;
#1709 = CARTESIAN_POINT ( 'NONE',  ( -1.657779226188843325, 12.56596507774748694, 4.660001811014999440 ) ) ;
#1710 = CARTESIAN_POINT ( 'NONE',  ( -4.449999999999999289, -7.689499999999998892, 3.699999999999999734 ) ) ;
#1711 = CARTESIAN_POINT ( 'NONE',  ( 1.804518490959361676, 12.24298572514963901, 5.597643363201445510 ) ) ;
#1712 = CARTESIAN_POINT ( 'NONE',  ( -2.967212883461584294, 12.18403192051851036, 4.342347297083788860 ) ) ;
#1713 = ORIENTED_EDGE ( 'NONE', *, *, #2759, .F. ) ;
#1714 = ORIENTED_EDGE ( 'NONE', *, *, #40, .F. ) ;
#1715 = CARTESIAN_POINT ( 'NONE',  ( 4.972236430896860959, 8.572316444829866100, 4.530087892963106988 ) ) ;
#1716 = ADVANCED_FACE ( 'NONE', ( #2808 ), #2414, .T. ) ;
#1717 = DIRECTION ( 'NONE',  ( 0.000000000000000000, 0.000000000000000000, -1.000000000000000000 ) ) ;
#1718 = EDGE_CURVE ( 'NONE', #306, #499, #2304, .T. ) ;
#1719 = CARTESIAN_POINT ( 'NONE',  ( 2.730933968207982065, 12.63589404521002635, 3.598521805899673076 ) ) ;
#1720 = ORIENTED_EDGE ( 'NONE', *, *, #133, .F. ) ;
#1721 = B_SPLINE_CURVE_WITH_KNOTS ( 'NONE', 3,
 ( #2554, #3513, #1432, #1144 ),
 .UNSPECIFIED., .F., .F.,
 ( 4, 4 ),
 ( 0.009776294915923454745, 0.009805624264845861152 ),
 .UNSPECIFIED. ) ;
#1722 = DIRECTION ( 'NONE',  ( -1.000000000000000000, 0.000000000000000000, 0.000000000000000000 ) ) ;
#1723 = EDGE_CURVE ( 'NONE', #2301, #2567, #1160, .T. ) ;
#1724 = CARTESIAN_POINT ( 'NONE',  ( -4.685160358846871098, 11.77260864543516838, 3.539743738464259160 ) ) ;
#1725 = CARTESIAN_POINT ( 'NONE',  ( 2.336016146870535160, 12.29682339680641334, 7.643941544199965854 ) ) ;
#1726 = VERTEX_POINT ( 'NONE', #3470 ) ;
#1727 = PLANE ( 'NONE',  #3418 ) ;
#1728 = VECTOR ( 'NONE', #714, 1000.000000000000000 ) ;
#1729 = CARTESIAN_POINT ( 'NONE',  ( -2.200952027849838899, 12.01741840032928721, 4.660001811015886730 ) ) ;
#1730 = CARTESIAN_POINT ( 'NONE',  ( 0.000000000000000000, 7.689500000000000668, -23.18283361322050951 ) ) ;
#1731 = AXIS2_PLACEMENT_3D ( 'NONE', #1740, #3200, #69 ) ;
#1732 = CARTESIAN_POINT ( 'NONE',  ( -4.449999999999998401, -4.002243707385003901, 3.625001781060452899 ) ) ;
#1733 = CARTESIAN_POINT ( 'NONE',  ( 3.014144770671275175, 11.41950201135772502, 4.791893953308137277 ) ) ;
#1734 = ORIENTED_EDGE ( 'NONE', *, *, #2984, .T. ) ;
#1735 = VERTEX_POINT ( 'NONE', #545 ) ;
#1736 = DIRECTION ( 'NONE',  ( 1.000000000000000000, 2.468888455678090292E-16, -1.703015359538817710E-32 ) ) ;
#1737 = DIRECTION ( 'NONE',  ( 1.000000000000000000, 2.255963945609997600E-16, 0.000000000000000000 ) ) ;
#1738 = CARTESIAN_POINT ( 'NONE',  ( 3.208500301104919572, 12.34211167612659743, 3.718543412089265310 ) ) ;
#1739 = VERTEX_POINT ( 'NONE', #3167 ) ;
#1740 = CARTESIAN_POINT ( 'NONE',  ( 4.449999999999999289, -7.689499999999998892, 10.00000000000000000 ) ) ;
#1741 = CARTESIAN_POINT ( 'NONE',  ( -0.8507840160728119550, 13.18025332838770858, 3.785566153976941628 ) ) ;
#1742 = CARTESIAN_POINT ( 'NONE',  ( 3.472939948909032459, 11.67110155784183334, 7.643960168265399702 ) ) ;
#1743 = ORIENTED_EDGE ( 'NONE', *, *, #999, .T. ) ;
#1744 = EDGE_CURVE ( 'NONE', #1473, #2661, #2627, .T. ) ;
#1745 = DIRECTION ( 'NONE',  ( 3.070082687805311452E-13, 0.01568801589554969303, -0.9998769355061957187 ) ) ;
#1746 = FACE_OUTER_BOUND ( 'NONE', #934, .T. ) ;
#1747 = CARTESIAN_POINT ( 'NONE',  ( 2.617714999871352699, 12.69666828034884531, 3.593957952530616229 ) ) ;
#1748 = CARTESIAN_POINT ( 'NONE',  ( 3.398958353528447773, 11.51030565537489281, 5.597693948937413566 ) ) ;
#1749 = FACE_OUTER_BOUND ( 'NONE', #2453, .T. ) ;
#1750 = CARTESIAN_POINT ( 'NONE',  ( 4.972236430896860959, 8.572316444829858995, -23.18283361322050951 ) ) ;
#1751 = VERTEX_POINT ( 'NONE', #3434 ) ;
#1752 = ORIENTED_EDGE ( 'NONE', *, *, #1446, .F. ) ;
#1753 = CARTESIAN_POINT ( 'NONE',  ( -3.511059880349804097, 11.84160800379048339, 4.582060330440784313 ) ) ;
#1754 = AXIS2_PLACEMENT_3D ( 'NONE', #2982, #1277, #2429 ) ;
#1755 = PLANE ( 'NONE',  #3375 ) ;
#1756 = CIRCLE ( 'NONE', #2493, 4.895000000000003126 ) ;
#1757 = LINE ( 'NONE', #67, #730 ) ;
#1758 = ORIENTED_EDGE ( 'NONE', *, *, #1913, .T. ) ;
#1759 = FACE_OUTER_BOUND ( 'NONE', #2043, .T. ) ;
#1760 = CARTESIAN_POINT ( 'NONE',  ( 3.197479292567664722, 12.31872305945504209, 3.785863299179767605 ) ) ;
#1761 = CARTESIAN_POINT ( 'NONE',  ( -4.226005102499382993, 11.27817306162519451, 7.643051915709420108 ) ) ;
#1762 = ORIENTED_EDGE ( 'NONE', *, *, #1633, .T. ) ;
#1763 = PLANE ( 'NONE',  #1235 ) ;
#1764 = ADVANCED_FACE ( 'NONE', ( #3207 ), #2607, .F. ) ;
#1765 = CARTESIAN_POINT ( 'NONE',  ( -4.561121060588930298, 11.02396165731125599, 5.527032606091990985 ) ) ;
#1766 = ADVANCED_FACE ( 'NONE', ( #1746 ), #3053, .T. ) ;
#1767 = CARTESIAN_POINT ( 'NONE',  ( 3.069704284838099984, 10.91121004338481271, 4.847453467474868383 ) ) ;
#1768 = VECTOR ( 'NONE', #439, 1000.000000000000000 ) ;
#1769 = CARTESIAN_POINT ( 'NONE',  ( -2.808314901286795173, 12.25464484119754793, 4.344928765545362559 ) ) ;
#1770 = CARTESIAN_POINT ( 'NONE',  ( 2.617155953524997969, 11.83883832735578423, 4.660001811015925810 ) ) ;
#1771 = ORIENTED_EDGE ( 'NONE', *, *, #382, .F. ) ;
#1772 = ORIENTED_EDGE ( 'NONE', *, *, #37, .F. ) ;
#1773 = CARTESIAN_POINT ( 'NONE',  ( 4.895000000000003126, -2.129508668001011795, 6.025001781060454142 ) ) ;
#1774 = CARTESIAN_POINT ( 'NONE',  ( 4.449999999999997513, 7.689500000000000668, 3.870280574240121840 ) ) ;
#1775 = DIRECTION ( 'NONE',  ( 1.000000000000000000, 0.000000000000000000, 0.000000000000000000 ) ) ;
#1776 = ORIENTED_EDGE ( 'NONE', *, *, #1070, .T. ) ;
#1777 = DIRECTION ( 'NONE',  ( 0.000000000000000000, -2.024769005366008677E-16, 1.000000000000000000 ) ) ;
#1778 = CARTESIAN_POINT ( 'NONE',  ( -3.379609359704011773, 12.33531547127082462, 3.539981553920977575 ) ) ;
#1779 = CARTESIAN_POINT ( 'NONE',  ( -2.688493589302162423, 12.11166564701350801, 7.643360837743308878 ) ) ;
#1780 = ORIENTED_EDGE ( 'NONE', *, *, #1936, .F. ) ;
#1781 = CARTESIAN_POINT ( 'NONE',  ( 5.650000000000001243, -7.689499999999998892, 10.00000000000000000 ) ) ;
#1782 = CARTESIAN_POINT ( 'NONE',  ( 3.388379089263680921, 11.93728650891578624, 4.489917101641140107 ) ) ;
#1783 = LINE ( 'NONE', #1485, #2739 ) ;
#1784 = VECTOR ( 'NONE', #1133, 1000.000000000000000 ) ;
#1785 = B_SPLINE_CURVE_WITH_KNOTS ( 'NONE', 3,
 ( #2961, #2676, #959, #2099, #3631, #1313, #2198, #1585, #3651, #1331, #195, #1914, #1055, #3351, #3372, #3082, #1894, #3330, #2465, #779, #496, #3061, #478, #1870, #739, #3040, #2175, #174, #457, #759, #2772, #2754, #2483, #1035, #1601, #2091, #2954, #1007, #411, #674, #3545, #1824, #2745, #3584, #1804, #2379, #111, #1863, #372, #390, #166, #3305, #1502, #952, #3344, #2401, #3324, #732, #91, #2995, #1543, #3032, #1232, #1521, #2149, #3262, #2974, #2689, #2705, #1579, #2667, #1307, #449, #2459, #987, #1251, #3564, #970, #3623, #2110, #3281, #2440, #127, #713, #1269, #692, #3017, #2131, #2421, #1847 ),
 .UNSPECIFIED., .F., .F.,
 ( 4, 2, 2, 2, 2, 1, 1, 1, 2, 2, 2, 1, 1, 2, 2, 2, 2, 1, 1, 1, 2, 2, 2, 2, 1, 1, 2, 2, 2, 1, 1, 2, 2, 2, 1, 1, 1, 1, 2, 2, 2, 2, 2, 2, 2, 1, 1, 2, 2, 2, 1, 1, 2, 2, 4 ),
 ( 0.000000000000000000, 0.06249999999999855671, 0.09374999999999772404, 0.1249999999999968914, 0.1874999999999952260, 0.2187499999999944489, 0.2343749999999939770, 0.2421874999999936995, 0.2460937499999936440, 0.2499999999999936162, 0.2812499999999952816, 0.2968749999999959477, 0.3046874999999964473, 0.3085937499999967804, 0.3124999999999970579, 0.3437499999999991673, 0.3593750000000001110, 0.3671875000000006661, 0.3710937500000009992, 0.3730468750000011102, 0.3740234375000009992, 0.3750000000000009437, 0.4374999999999964473, 0.4687499999999941713, 0.4843749999999930056, 0.4921874999999924505, 0.4960937499999922284, 0.4999999999999918954, 0.5624999999999874545, 0.5937499999999853451, 0.6093749999999842348, 0.6171874999999837907, 0.6249999999999832356, 0.6874999999999794609, 0.7187499999999774625, 0.7343749999999763522, 0.7421874999999759082, 0.7460937499999756861, 0.7480468749999756861, 0.7499999999999757971, 0.7812499999999755751, 0.7968749999999753530, 0.8124999999999752420, 0.8437499999999747979, 0.8593749999999743538, 0.8671874999999744649, 0.8710937499999747979, 0.8730468749999751310, 0.8749999999999755751, 0.9062499999999821254, 0.9218749999999852340, 0.9296874999999868994, 0.9335937499999877875, 0.9374999999999886757, 1.000000000000000000 ),
 .UNSPECIFIED. ) ;
#1786 = EDGE_CURVE ( 'NONE', #2972, #1454, #412, .T. ) ;
#1787 = LINE ( 'NONE', #2672, #1537 ) ;
#1788 = CARTESIAN_POINT ( 'NONE',  ( -3.949999999999998845, -7.689499999999998003, 3.411324865405185314 ) ) ;
#1789 = ORIENTED_EDGE ( 'NONE', *, *, #807, .F. ) ;
#1790 = CARTESIAN_POINT ( 'NONE',  ( 3.889998638297498257, 3.339499999999997026, 5.932844495788999417 ) ) ;
#1791 = AXIS2_PLACEMENT_3D ( 'NONE', #667, #2638, #1459 ) ;
#1792 = EDGE_CURVE ( 'NONE', #2391, #2880, #661, .T. ) ;
#1793 = CARTESIAN_POINT ( 'NONE',  ( -3.069706824844071757, 3.339499999999997026, 4.847453467474649891 ) ) ;
#1794 = CARTESIAN_POINT ( 'NONE',  ( 3.509887213515530124, 12.11741702374309426, 3.920114879013059994 ) ) ;
#1795 = CARTESIAN_POINT ( 'NONE',  ( -4.146181538598119332, 10.57249820481874814, 6.025001781060451478 ) ) ;
#1796 = EDGE_LOOP ( 'NONE', ( #2385, #2867, #279, #2799 ) ) ;
#1797 = AXIS2_PLACEMENT_3D ( 'NONE', #2641, #2067, #572 ) ;
#1798 = CARTESIAN_POINT ( 'NONE',  ( -2.409328706595657454, 11.92508482745299681, 4.660001811015884066 ) ) ;
#1799 = CARTESIAN_POINT ( 'NONE',  ( -2.688027352168994799, 12.56523696965533787, 3.785261361819501680 ) ) ;
#1800 = AXIS2_PLACEMENT_3D ( 'NONE', #2988, #3577, #2086 ) ;
#1801 = CARTESIAN_POINT ( 'NONE',  ( -4.520954371351254331, 11.00282494692894630, 6.811853017645774777 ) ) ;
#1802 = ORIENTED_EDGE ( 'NONE', *, *, #2190, .F. ) ;
#1803 = CARTESIAN_POINT ( 'NONE',  ( 5.649999999999996803, 7.689500000000001556, 6.025001781060429273 ) ) ;
#1804 = CARTESIAN_POINT ( 'NONE',  ( -0.01047771072447053857, 13.33949459735942966, 3.589544723252653391 ) ) ;
#1805 = CARTESIAN_POINT ( 'NONE',  ( -4.585931911840849473, 10.98131823598154533, 6.025001781060435491 ) ) ;
#1806 = CARTESIAN_POINT ( 'NONE',  ( 4.375262263671121588, 11.67654342742118700, 8.515251174872229711 ) ) ;
#1807 = CARTESIAN_POINT ( 'NONE',  ( 3.685476620546548787, 11.39711848400943950, 5.463225803185116192 ) ) ;
#1808 = CARTESIAN_POINT ( 'NONE',  ( 3.069704284838099984, 11.32850618924921449, 4.847453467474868383 ) ) ;
#1809 = ORIENTED_EDGE ( 'NONE', *, *, #64, .F. ) ;
#1810 = DIRECTION ( 'NONE',  ( -0.000000000000000000, 1.000000000000000000, -0.000000000000000000 ) ) ;
#1811 = DIRECTION ( 'NONE',  ( -0.000000000000000000, 0.000000000000000000, 1.000000000000000000 ) ) ;
#1812 = CARTESIAN_POINT ( 'NONE',  ( 0.2406249769977261144, 12.95005881196988895, 4.362303865092179045 ) ) ;
#1813 = EDGE_CURVE ( 'NONE', #1950, #136, #3282, .T. ) ;
#1814 = ADVANCED_FACE ( 'NONE', ( #1825 ), #2706, .F. ) ;
#1815 = EDGE_LOOP ( 'NONE', ( #3712, #169, #1520, #1720 ) ) ;
#1816 = VECTOR ( 'NONE', #1810, 1000.000000000000000 ) ;
#1817 = CARTESIAN_POINT ( 'NONE',  ( -3.892659755989657189, 10.57249820484678260, 6.025001781060436379 ) ) ;
#1818 = STYLED_ITEM ( 'NONE', ( #1901 ), #723 ) ;
#1819 = CARTESIAN_POINT ( 'NONE',  ( 1.804345867644539192, 12.37154844483250216, 7.291670613361251441 ) ) ;
#1820 = ORIENTED_EDGE ( 'NONE', *, *, #1813, .F. ) ;
#1821 =( LENGTH_UNIT ( ) NAMED_UNIT ( * ) SI_UNIT ( .MILLI., .METRE. ) );
#1822 = VECTOR ( 'NONE', #1077, 1000.000000000000000 ) ;
#1823 = CARTESIAN_POINT ( 'NONE',  ( 3.840242904855842188, 11.57642252614565592, 4.798398827901745989 ) ) ;
#1824 = CARTESIAN_POINT ( 'NONE',  ( -0.04409011573535784323, 13.33934931116624689, 3.589586249447583199 ) ) ;
#1825 = FACE_OUTER_BOUND ( 'NONE', #2142, .T. ) ;
#1826 = CARTESIAN_POINT ( 'NONE',  ( 3.949179870171105833, 11.90682914031753015, 8.515243483222512566 ) ) ;
#1827 = VECTOR ( 'NONE', #2019, 1000.000000000000000 ) ;
#1828 = CARTESIAN_POINT ( 'NONE',  ( 3.173866689630502780, 11.23273184580601836, 4.951615872267229435 ) ) ;
#1829 = DIRECTION ( 'NONE',  ( -0.000000000000000000, -0.000000000000000000, 1.000000000000000000 ) ) ;
#1830 = ORIENTED_EDGE ( 'NONE', *, *, #2562, .T. ) ;
#1831 = VECTOR ( 'NONE', #2398, 1000.000000000000227 ) ;
#1832 = AXIS2_PLACEMENT_3D ( 'NONE', #3127, #1098, #1337 ) ;
#1833 = FACE_OUTER_BOUND ( 'NONE', #888, .T. ) ;
#1834 = CARTESIAN_POINT ( 'NONE',  ( 3.889998638297446298, 10.51969541759217641, 5.994631679458293227 ) ) ;
#1835 = DIRECTION ( 'NONE',  ( -0.000000000000000000, 1.000000000000000000, 0.000000000000000000 ) ) ;
#1836 = VERTEX_POINT ( 'NONE', #971 ) ;
#1837 = EDGE_CURVE ( 'NONE', #3503, #1455, #2875, .T. ) ;
#1838 = ADVANCED_FACE ( 'NONE', ( #693 ), #2132, .F. ) ;
#1839 = CARTESIAN_POINT ( 'NONE',  ( -0.2219667149226294545, 12.49174461235201505, 4.660001811015903606 ) ) ;
#1840 = CARTESIAN_POINT ( 'NONE',  ( 4.479564720580031079, 11.85104902268875371, 3.540759149751027124 ) ) ;
#1841 = CARTESIAN_POINT ( 'NONE',  ( 2.867743942012892511, 11.82275517971399559, 7.112457444520314809 ) ) ;
#1842 = ORIENTED_EDGE ( 'NONE', *, *, #2117, .F. ) ;
#1843 = VECTOR ( 'NONE', #2750, 1000.000000000000000 ) ;
#1844 = DIRECTION ( 'NONE',  ( 1.000000000000000000, 1.127981972804998554E-16, -0.000000000000000000 ) ) ;
#1845 = EDGE_CURVE ( 'NONE', #913, #2187, #3389, .T. ) ;
#1846 = CARTESIAN_POINT ( 'NONE',  ( 4.583103838351315851, 11.18865483490048796, 4.798414557015719950 ) ) ;
#1847 = CARTESIAN_POINT ( 'NONE',  ( 2.608446895977174051, 12.70141609687454576, 3.593944077729171571 ) ) ;
#1848 = CARTESIAN_POINT ( 'NONE',  ( -3.890001178303798213, 10.52293869547955119, 5.888696604473997454 ) ) ;
#1849 = CARTESIAN_POINT ( 'NONE',  ( 0.001435563768600276900, 13.38940349194379031, 8.515062237914838406 ) ) ;
#1850 = CARTESIAN_POINT ( 'NONE',  ( 4.449999999999998401, -2.129508668001011795, 5.189998612018001722 ) ) ;
#1851 = CARTESIAN_POINT ( 'NONE',  ( -4.894999999999999574, 7.689500000000001556, 6.025001781060454142 ) ) ;
#1852 = FACE_OUTER_BOUND ( 'NONE', #898, .T. ) ;
#1853 = CARTESIAN_POINT ( 'NONE',  ( 4.449999999999999289, -7.689499999999998892, 10.00000000000000000 ) ) ;
#1854 = CARTESIAN_POINT ( 'NONE',  ( -1.412538234306535448E-15, 7.689499999999998892, 3.699999999999999734 ) ) ;
#1855 = CARTESIAN_POINT ( 'NONE',  ( 0.9690980609381141253, 12.87263384782936271, 4.361267617346730852 ) ) ;
#1856 = EDGE_LOOP ( 'NONE', ( #3045, #2031, #1300 ) ) ;
#1857 = CARTESIAN_POINT ( 'NONE',  ( -1.560902061286437714, 12.25352548853455303, 4.660001811015881401 ) ) ;
#1858 = LINE ( 'NONE', #2125, #2134 ) ;
#1859 = CARTESIAN_POINT ( 'NONE',  ( 0.001514004349997314551, 12.62426714285853890, 7.112279416017074141 ) ) ;
#1860 = ORIENTED_EDGE ( 'NONE', *, *, #401, .F. ) ;
#1861 = DIRECTION ( 'NONE',  ( -1.000000000000000000, 0.000000000000000000, -8.066928448831292904E-14 ) ) ;
#1862 = CARTESIAN_POINT ( 'NONE',  ( 3.656672976153787946, 11.45106713449107083, 5.320617523604773247 ) ) ;
#1863 = CARTESIAN_POINT ( 'NONE',  ( 0.3898216259725838517, 13.32631943303254651, 3.589324211753895266 ) ) ;
#1864 = CARTESIAN_POINT ( 'NONE',  ( 4.563299948787390647, 10.99313297373578102, 5.803511698194148138 ) ) ;
#1865 = CARTESIAN_POINT ( 'NONE',  ( -2.688525353382301475, 12.56689744488252281, 8.341640483938963513 ) ) ;
#1866 = EDGE_CURVE ( 'NONE', #2122, #2665, #2422, .T. ) ;
#1867 = ORIENTED_EDGE ( 'NONE', *, *, #1962, .T. ) ;
#1868 = LINE ( 'NONE', #2730, #296 ) ;
#1869 = CARTESIAN_POINT ( 'NONE',  ( -4.972236430896860959, 8.572316444829857218, -23.18283361322050951 ) ) ;
#1870 = CARTESIAN_POINT ( 'NONE',  ( -1.025165266262185515, 13.24572672514574734, 3.591720645339254947 ) ) ;
#1871 = CARTESIAN_POINT ( 'NONE',  ( 4.582909285127901633, 10.98200245619669779, 6.392765814572867633 ) ) ;
#1872 = CARTESIAN_POINT ( 'NONE',  ( -2.897445533482727598, 12.54245355254427174, 3.614868568306044860 ) ) ;
#1873 = CARTESIAN_POINT ( 'NONE',  ( -0.4835425888886034640, 12.93214245340921487, 4.362757888346169288 ) ) ;
#1874 = ORIENTED_EDGE ( 'NONE', *, *, #336, .T. ) ;
#1875 = B_SPLINE_CURVE_WITH_KNOTS ( 'NONE', 3,
 ( #1242, #3553, #2430, #1872, #1512, #944 ),
 .UNSPECIFIED., .F., .F.,
 ( 4, 2, 4 ),
 ( 0.2712083319373592705, 0.6356041659686796352, 1.000000000000000000 ),
 .UNSPECIFIED. ) ;
#1876 =( BOUNDED_CURVE ( )  B_SPLINE_CURVE ( 3, ( #259, #3425, #2203, #484 ),
 .UNSPECIFIED., .F., .F. ) 
 B_SPLINE_CURVE_WITH_KNOTS ( ( 4, 4 ),
 ( 1.570796326794896780, 2.112347325374223317 ),
 .UNSPECIFIED. ) 
 CURVE ( )  GEOMETRIC_REPRESENTATION_ITEM ( )  RATIONAL_B_SPLINE_CURVE ( ( 1.000000000000000000, 0.9757091710276381002, 0.9757091710276381002, 1.000000000000000000 ) ) 
 REPRESENTATION_ITEM ( '' )  );
#1877 = CARTESIAN_POINT ( 'NONE',  ( -3.718107910714593789, 11.65702939883192002, 4.781190364787420322 ) ) ;
#1878 = DIRECTION ( 'NONE',  ( 0.000000000000000000, -1.000000000000000000, 0.000000000000000000 ) ) ;
#1879 = CARTESIAN_POINT ( 'NONE',  ( 3.297823738321285170, 12.24472491943460817, 4.316023520107594713 ) ) ;
#1880 = CARTESIAN_POINT ( 'NONE',  ( -1.671019902774361743, 12.34270974790465658, 7.112048963441725213 ) ) ;
#1881 = ORIENTED_EDGE ( 'NONE', *, *, #1026, .T. ) ;
#1882 = CARTESIAN_POINT ( 'NONE',  ( 4.254554493488115874, 11.21309411678222290, 5.252468607979806414 ) ) ;
#1883 = CARTESIAN_POINT ( 'NONE',  ( -4.438389616762837164, 11.25760297894821527, 4.797439705280125644 ) ) ;
#1884 = VECTOR ( 'NONE', #2469, 1000.000000000000114 ) ;
#1885 = CARTESIAN_POINT ( 'NONE',  ( 2.889874386101330295, 12.22577789292596862, 4.343272293066500644 ) ) ;
#1886 = CARTESIAN_POINT ( 'NONE',  ( -1.408799998995662328, 13.21301095854042451, 8.514878232298658034 ) ) ;
#1887 = VECTOR ( 'NONE', #3228, 1000.000000000000000 ) ;
#1888 = ORIENTED_EDGE ( 'NONE', *, *, #2165, .F. ) ;
#1889 = VECTOR ( 'NONE', #200, 1000.000000000000000 ) ;
#1890 = ADVANCED_FACE ( 'NONE', ( #2668 ), #2266, .T. ) ;
#1891 = EDGE_CURVE ( 'NONE', #1739, #764, #1505, .T. ) ;
#1892 = CARTESIAN_POINT ( 'NONE',  ( 1.132868256912908045, 12.37377850362583409, 4.660001811015939133 ) ) ;
#1893 = CARTESIAN_POINT ( 'NONE',  ( 5.650000000000000355, -2.129508668001011795, 6.025001781060468353 ) ) ;
#1894 = CARTESIAN_POINT ( 'NONE',  ( -1.305485749100417259, 13.18678710115819719, 3.592430962174748998 ) ) ;
#1895 = CARTESIAN_POINT ( 'NONE',  ( 1.400332819830407471, 12.31599170537830368, 5.995127319401955646 ) ) ;
#1896 = CARTESIAN_POINT ( 'NONE',  ( -3.702549521844127334, 10.15802730150829625, 5.480296164474892429 ) ) ;
#1897 = CARTESIAN_POINT ( 'NONE',  ( 8.673617379884035472E-16, -7.689499999999998892, 3.499999999999999556 ) ) ;
#1898 = ORIENTED_EDGE ( 'NONE', *, *, #1422, .T. ) ;
#1899 = DIRECTION ( 'NONE',  ( -1.000000000000000000, 0.000000000000000000, 0.000000000000000000 ) ) ;
#1900 = SPHERICAL_SURFACE ( 'NONE', #2899, 4.450000000000001066 ) ;
#1901 = PRESENTATION_STYLE_ASSIGNMENT (( #1002 ) ) ;
#1902 = CARTESIAN_POINT ( 'NONE',  ( 3.311167258822691473, 12.26774309924503825, 3.778408250905596066 ) ) ;
#1903 = CARTESIAN_POINT ( 'NONE',  ( -3.631447770909783213, 11.38871568912479049, 6.812015470555877528 ) ) ;
#1904 = ORIENTED_EDGE ( 'NONE', *, *, #752, .F. ) ;
#1905 = AXIS2_PLACEMENT_3D ( 'NONE', #904, #341, #3475 ) ;
#1906 = CARTESIAN_POINT ( 'NONE',  ( 3.197326314572147776, 11.88702824244012213, 4.798380993308786202 ) ) ;
#1907 = CARTESIAN_POINT ( 'NONE',  ( -1.412538234306535448E-15, 7.689499999999998892, 3.411324865405185314 ) ) ;
#1908 = VECTOR ( 'NONE', #3212, 1000.000000000000000 ) ;
#1909 = CARTESIAN_POINT ( 'NONE',  ( 3.472910612717461820, 11.95796269245031418, 8.169222705488628833 ) ) ;
#1910 = ORIENTED_EDGE ( 'NONE', *, *, #681, .F. ) ;
#1911 = LINE ( 'NONE', #2230, #1843 ) ;
#1912 = CARTESIAN_POINT ( 'NONE',  ( 4.449999999999999289, -7.689499999999998892, 10.00000000000000000 ) ) ;
#1913 = EDGE_CURVE ( 'NONE', #1378, #3597, #3080, .T. ) ;
#1914 = CARTESIAN_POINT ( 'NONE',  ( -1.451574453759524319, 13.14999643415616681, 3.592777995999218987 ) ) ;
#1915 = CARTESIAN_POINT ( 'NONE',  ( -2.097528318928772340, 12.06927866056140530, 6.392218975116760404 ) ) ;
#1916 = LINE ( 'NONE', #3084, #3725 ) ;
#1917 = EDGE_CURVE ( 'NONE', #558, #2880, #3546, .T. ) ;
#1918 = VERTEX_POINT ( 'NONE', #1596 ) ;
#1919 = DIRECTION ( 'NONE',  ( -0.000000000000000000, -0.000000000000000000, -1.000000000000000000 ) ) ;
#1920 = CARTESIAN_POINT ( 'NONE',  ( -1.412538234306535448E-15, 7.689499999999998892, 3.499999999999999556 ) ) ;
#1921 = CARTESIAN_POINT ( 'NONE',  ( -4.894999999999999574, 7.689499999999997115, 3.870280574240110738 ) ) ;
#1922 = CARTESIAN_POINT ( 'NONE',  ( 2.979343346235651335, 12.49017634952796740, 3.640734749258044634 ) ) ;
#1923 = CARTESIAN_POINT ( 'NONE',  ( -3.259028065963667675, 11.57083546019038600, 6.812086958661232927 ) ) ;
#1924 = ORIENTED_EDGE ( 'NONE', *, *, #3731, .F. ) ;
#1925 = CARTESIAN_POINT ( 'NONE',  ( -3.882479470608743544, 11.92094879248409534, 4.030187258779726278 ) ) ;
#1926 = CARTESIAN_POINT ( 'NONE',  ( -2.863950837501863459E-16, 1.470491331998987850, 5.189998612018002611 ) ) ;
#1927 = CARTESIAN_POINT ( 'NONE',  ( 0.7008165095884084650, 12.98886409359323224, 7.996105052012855374 ) ) ;
#1928 = ORIENTED_EDGE ( 'NONE', *, *, #2629, .T. ) ;
#1929 = B_SPLINE_CURVE_WITH_KNOTS ( 'NONE', 3,
 ( #2882, #645, #3460, #927, #1476, #623 ),
 .UNSPECIFIED., .F., .F.,
 ( 4, 2, 4 ),
 ( 3.245370453949394011E-18, 0.0003128031636190100034, 0.0006256063272380167541 ),
 .UNSPECIFIED. ) ;
#1930 = CARTESIAN_POINT ( 'NONE',  ( 2.757944882852104485, 12.14769274244632413, 4.660001811015930251 ) ) ;
#1931 = CARTESIAN_POINT ( 'NONE',  ( -3.752456407222250157, 10.70862621990463914, 5.530203049852971731 ) ) ;
#1932 = CARTESIAN_POINT ( 'NONE',  ( -2.524106586774741867, 11.88612776173344443, 6.392141390602330553 ) ) ;
#1933 = VERTEX_POINT ( 'NONE', #1343 ) ;
#1934 = CARTESIAN_POINT ( 'NONE',  ( -3.890001178302637808, 11.25234148293247927, 5.970729762570058163 ) ) ;
#1935 = CARTESIAN_POINT ( 'NONE',  ( 4.409365033652806076, -7.689499999999998892, 2.899999999999999911 ) ) ;
#1936 = EDGE_CURVE ( 'NONE', #3199, #3057, #1308, .T. ) ;
#1937 = CARTESIAN_POINT ( 'NONE',  ( -4.895000000000000462, 2.002661781275172359, 6.825001781060429096 ) ) ;
#1938 = EDGE_CURVE ( 'NONE', #576, #89, #2339, .T. ) ;
#1939 = CARTESIAN_POINT ( 'NONE',  ( 3.398824425979493746, 11.49932120561142490, 6.812802913229329960 ) ) ;
#1940 = ORIENTED_EDGE ( 'NONE', *, *, #432, .F. ) ;
#1941 = CARTESIAN_POINT ( 'NONE',  ( -4.685236271479318759, 11.54482094144764837, 4.030035941113373710 ) ) ;
#1942 = CARTESIAN_POINT ( 'NONE',  ( 1.804295781033124380, 12.83979199378014968, 8.169189203356904017 ) ) ;
#1943 = ORIENTED_EDGE ( 'NONE', *, *, #756, .F. ) ;
#1944 = AXIS2_PLACEMENT_3D ( 'NONE', #1292, #1054, #3309 ) ;
#1945 = CARTESIAN_POINT ( 'NONE',  ( 0.4874900729714057857, 12.80235367204306307, 4.660001811014312878 ) ) ;
#1946 = DIRECTION ( 'NONE',  ( 4.142671149973825313E-15, 0.000000000000000000, -1.000000000000000000 ) ) ;
#1947 = CARTESIAN_POINT ( 'NONE',  ( -3.882757991652023843, 11.26977114790808976, 5.994372884490151598 ) ) ;
#1948 = FACE_OUTER_BOUND ( 'NONE', #3705, .T. ) ;
#1949 = CARTESIAN_POINT ( 'NONE',  ( -3.423260215437406551, 11.32722671989411189, 4.493900076881431893 ) ) ;
#1950 = VERTEX_POINT ( 'NONE', #2746 ) ;
#1951 = CARTESIAN_POINT ( 'NONE',  ( -3.890001178303831519, 11.25085966692244810, 6.025919799439078517 ) ) ;
#1952 = FACE_OUTER_BOUND ( 'NONE', #2907, .T. ) ;
#1953 = DIRECTION ( 'NONE',  ( -2.255963945609997107E-16, 1.000000000000000000, 2.024769005366008431E-16 ) ) ;
#1954 = VECTOR ( 'NONE', #380, 1000.000000000000000 ) ;
#1955 = CARTESIAN_POINT ( 'NONE',  ( 3.197108637244914231, 11.57867181905585063, 6.513136290080979052 ) ) ;
#1956 = ORIENTED_EDGE ( 'NONE', *, *, #2115, .T. ) ;
#1957 = EDGE_CURVE ( 'NONE', #668, #1334, #3011, .T. ) ;
#1958 = EDGE_CURVE ( 'NONE', #45, #2567, #2767, .T. ) ;
#1959 = CARTESIAN_POINT ( 'NONE',  ( 0.001860184238866224296, 12.99264683513413310, 4.275958388910225061 ) ) ;
#1960 = CARTESIAN_POINT ( 'NONE',  ( -4.603377722195771682, 11.26416993936946831, 7.995233700162342139 ) ) ;
#1961 = ORIENTED_EDGE ( 'NONE', *, *, #887, .T. ) ;
#1962 = EDGE_CURVE ( 'NONE', #1751, #3458, #3730, .T. ) ;
#1963 = CARTESIAN_POINT ( 'NONE',  ( 2.410501227710275529, 11.93304032213716859, 4.660001811015926698 ) ) ;
#1964 = CARTESIAN_POINT ( 'NONE',  ( 4.895000000000003126, -2.129508668001011795, -23.18283361322050951 ) ) ;
#1965 = VECTOR ( 'NONE', #2407, 1000.000000000000000 ) ;
#1966 = CARTESIAN_POINT ( 'NONE',  ( 4.479258035577192487, 11.01586752180524087, 5.597728557904340541 ) ) ;
#1967 = CARTESIAN_POINT ( 'NONE',  ( 4.534866716410911991, 11.01428053892029979, 5.671805079598915889 ) ) ;
#1968 = ORIENTED_EDGE ( 'NONE', *, *, #591, .F. ) ;
#1969 = ORIENTED_EDGE ( 'NONE', *, *, #911, .T. ) ;
#1970 = LINE ( 'NONE', #2828, #1889 ) ;
#1971 = B_SPLINE_CURVE_WITH_KNOTS ( 'NONE', 3,
 ( #534, #254, #3138, #1399, #3633, #2485, #3653, #2200, #2571, #284, #1452, #2308 ),
 .UNSPECIFIED., .F., .F.,
 ( 4, 1, 1, 2, 2, 2, 4 ),
 ( 0.000000000000000000, 0.1250000000000010547, 0.1875000000000000278, 0.2187499999999978906, 0.2499999999999957812, 0.4999999999999981681, 1.000000000000000000 ),
 .UNSPECIFIED. ) ;
#1972 = DIRECTION ( 'NONE',  ( 4.142671149973825313E-15, 0.000000000000000000, -1.000000000000000000 ) ) ;
#1973 = CARTESIAN_POINT ( 'NONE',  ( -4.343367682363989069, 11.30302160931650235, 4.877676107882151335 ) ) ;
#1974 = CARTESIAN_POINT ( 'NONE',  ( 4.162376899042986800, 11.14774403204789976, 6.513169048694131824 ) ) ;
#1975 = ORIENTED_EDGE ( 'NONE', *, *, #2887, .T. ) ;
#1976 = DIRECTION ( 'NONE',  ( 1.000000000000000000, 0.000000000000000000, 0.000000000000000000 ) ) ;
#1977 = CARTESIAN_POINT ( 'NONE',  ( -2.688103356708132274, 12.33651060053088067, 4.275553405897140280 ) ) ;
#1978 = CARTESIAN_POINT ( 'NONE',  ( 4.582752256189589701, 11.36185478025736018, 8.169243370576147356 ) ) ;
#1979 = VECTOR ( 'NONE', #1677, 1000.000000000000000 ) ;
#1980 = EDGE_LOOP ( 'NONE', ( #1182, #293, #1696, #2644 ) ) ;
#1981 = EDGE_CURVE ( 'NONE', #2079, #452, #2858, .T. ) ;
#1982 = CARTESIAN_POINT ( 'NONE',  ( -2.330887380510995754, 12.32387465664368520, 4.660001811012526751 ) ) ;
#1983 = EDGE_CURVE ( 'NONE', #622, #1045, #292, .T. ) ;
#1984 = CARTESIAN_POINT ( 'NONE',  ( -4.572857513278788311, 10.98810235869579799, 5.870714848735270053 ) ) ;
#1985 = VECTOR ( 'NONE', #3615, 1000.000000000000000 ) ;
#1986 = CARTESIAN_POINT ( 'NONE',  ( -4.225796491758830875, 11.12384713641819900, 5.596794901989591509 ) ) ;
#1987 = CARTESIAN_POINT ( 'NONE',  ( 2.655664979040925022, 12.67666126373638136, 3.594014535332495264 ) ) ;
#1988 = CARTESIAN_POINT ( 'NONE',  ( 2.855509868252943395, 12.54746541024158368, 4.087302034384125982 ) ) ;
#1989 = EDGE_LOOP ( 'NONE', ( #1536, #2505, #3117 ) ) ;
#1990 = EDGE_LOOP ( 'NONE', ( #946, #2639, #3735, #963 ) ) ;
#1991 = CARTESIAN_POINT ( 'NONE',  ( -3.392218434706652630, 11.93062835145293654, 4.493439838976177825 ) ) ;
#1992 = CARTESIAN_POINT ( 'NONE',  ( -4.894999999999999574, 7.689499999999997115, -23.18283361322050951 ) ) ;
#1993 = CARTESIAN_POINT ( 'NONE',  ( 4.594717953395591081, 10.97751869628185162, 5.958784853427753880 ) ) ;
#1994 = ORIENTED_EDGE ( 'NONE', *, *, #529, .F. ) ;
#1995 = CYLINDRICAL_SURFACE ( 'NONE', #3442, 0.6399999877731389342 ) ;
#1996 = CARTESIAN_POINT ( 'NONE',  ( 2.995695408509226443, 12.31097504847701174, 4.031005270018951592 ) ) ;
#1997 = CARTESIAN_POINT ( 'NONE',  ( -3.631492497557499810, 11.46666801057172158, 7.290923351024240162 ) ) ;
#1998 = ORIENTED_EDGE ( 'NONE', *, *, #1178, .T. ) ;
#1999 =( BOUNDED_SURFACE ( )  B_SPLINE_SURFACE ( 3, 2, ( 
 ( #3675, #1647, #2815 ),
 ( #1370, #1934, #1318 ),
 ( #2793, #3707, #1110 ),
 ( #1335, #1951, #2777 ) ),
 .UNSPECIFIED., .F., .F., .F. ) 
 B_SPLINE_SURFACE_WITH_KNOTS ( ( 4, 4 ),
 ( 3, 3 ),
 ( -5.421010862427522170E-18, 9.267802203936093279E-05 ),
 ( 0.000000000000000000, 1.000000000000000000 ),
 .UNSPECIFIED. ) 
 GEOMETRIC_REPRESENTATION_ITEM ( )  RATIONAL_B_SPLINE_SURFACE ( (
 ( 1.000000000000000000, 0.5641051321671995966, 1.000000000000000000),
 ( 1.000000000000000000, 0.5644885913387283072, 1.000000000000000000),
 ( 1.000000000000000000, 0.5648490484466034411, 1.000000000000000000),
 ( 1.000000000000000000, 0.5651655775661674763, 1.000000000000000000) ) ) 
 REPRESENTATION_ITEM ( '' )  SURFACE ( )  );
#2000 = CARTESIAN_POINT ( 'NONE',  ( -2.547251943778378269, 12.23196298859157771, 4.660001811007502326 ) ) ;
#2001 = DIRECTION ( 'NONE',  ( -0.000000000000000000, -0.000000000000000000, 1.000000000000000000 ) ) ;
#2002 = EDGE_CURVE ( 'NONE', #50, #3376, #2095, .T. ) ;
#2003 = EDGE_CURVE ( 'NONE', #3057, #1933, #210, .T. ) ;
#2004 = AXIS2_PLACEMENT_3D ( 'NONE', #1730, #2001, #2874 ) ;
#2005 = CARTESIAN_POINT ( 'NONE',  ( -3.379876662141714228, 11.59294073956315252, 5.319872043834516617 ) ) ;
#2006 = LINE ( 'NONE', #3455, #1531 ) ;
#2007 = CARTESIAN_POINT ( 'NONE',  ( 3.242687544199130745, 12.28815404476833351, 4.270066520654073550 ) ) ;
#2008 = ORIENTED_EDGE ( 'NONE', *, *, #1538, .F. ) ;
#2009 = ORIENTED_EDGE ( 'NONE', *, *, #679, .T. ) ;
#2010 = CARTESIAN_POINT ( 'NONE',  ( 3.798422261977826953, 10.00779426943846495, 5.602948259450514001 ) ) ;
#2011 = CARTESIAN_POINT ( 'NONE',  ( -5.649999999999997691, -7.689499999999998892, 10.00000000000000000 ) ) ;
#2012 = CARTESIAN_POINT ( 'NONE',  ( 4.303983510466180995, 11.35019686032653041, 4.806264937732562359 ) ) ;
#2013 = ORIENTED_EDGE ( 'NONE', *, *, #2918, .T. ) ;
#2014 = DIRECTION ( 'NONE',  ( 9.035166653160672742E-17, -0.8010027527915679624, -0.5986606634983880904 ) ) ;
#2015 = CARTESIAN_POINT ( 'NONE',  ( -2.523746849328035502, 12.64914009988840959, 3.785293498966748160 ) ) ;
#2016 =( GEOMETRIC_REPRESENTATION_CONTEXT ( 3 ) GLOBAL_UNCERTAINTY_ASSIGNED_CONTEXT ( ( #444 ) ) GLOBAL_UNIT_ASSIGNED_CONTEXT ( ( #386, #982, #1534 ) ) REPRESENTATION_CONTEXT ( 'NONE', 'WORKASPACE' ) );
#2017 = CARTESIAN_POINT ( 'NONE',  ( -2.688468961082921105, 11.96988813134026408, 7.291111475543348597 ) ) ;
#2018 = ORIENTED_EDGE ( 'NONE', *, *, #1837, .F. ) ;
#2019 = DIRECTION ( 'NONE',  ( 1.827122349717732326E-32, -1.619815204292807188E-16, 1.000000000000000000 ) ) ;
#2020 = CARTESIAN_POINT ( 'NONE',  ( -0.2219667149464004674, 12.49174461273339887, 4.660001811015902717 ) ) ;
#2021 = CARTESIAN_POINT ( 'NONE',  ( -4.685728420896548840, 11.52565134997820628, 8.514234868218098384 ) ) ;
#2022 = CARTESIAN_POINT ( 'NONE',  ( 2.336213647107124647, 12.02902322021912518, 5.597665360939825696 ) ) ;
#2023 = CARTESIAN_POINT ( 'NONE',  ( 4.594784240890501970, 10.97711589593906645, 6.025002248862955767 ) ) ;
#2024 = DIRECTION ( 'NONE',  ( 0.000000000000000000, 0.000000000000000000, -1.000000000000000000 ) ) ;
#2025 = EDGE_CURVE ( 'NONE', #1129, #2047, #2723, .T. ) ;
#2026 = ORIENTED_EDGE ( 'NONE', *, *, #1446, .T. ) ;
#2027 = ORIENTED_EDGE ( 'NONE', *, *, #1786, .F. ) ;
#2028 = LINE ( 'NONE', #1475, #1394 ) ;
#2029 = LINE ( 'NONE', #892, #1124 ) ;
#2030 = CARTESIAN_POINT ( 'NONE',  ( 3.315467911987983740, 12.26614034507479545, 3.775024958587630763 ) ) ;
#2031 = ORIENTED_EDGE ( 'NONE', *, *, #178, .T. ) ;
#2032 = LINE ( 'NONE', #2930, #201 ) ;
#2033 = CARTESIAN_POINT ( 'NONE',  ( -2.097167622345820881, 12.84208688806864451, 3.785372738329689124 ) ) ;
#2034 = CARTESIAN_POINT ( 'NONE',  ( -2.524213175370601192, 12.19466072415085378, 7.643392821490465394 ) ) ;
#2035 = ORIENTED_EDGE ( 'NONE', *, *, #1560, .F. ) ;
#2036 = CARTESIAN_POINT ( 'NONE',  ( 4.410689520190356205, 2.002661781275172359, 6.825001781060429096 ) ) ;
#2037 = CARTESIAN_POINT ( 'NONE',  ( -4.894999999999999574, 7.689500000000001556, 6.025001781060433714 ) ) ;
#2038 = CARTESIAN_POINT ( 'NONE',  ( -4.521081759578105874, 11.60265937805519698, 8.514265880668562048 ) ) ;
#2039 = CARTESIAN_POINT ( 'NONE',  ( 4.686690602338048350, 10.94489517856661820, 5.995255073302274695 ) ) ;
#2040 = CARTESIAN_POINT ( 'NONE',  ( -3.069706824844055770, 11.32722671989460750, 4.847453467474668543 ) ) ;
#2041 = CARTESIAN_POINT ( 'NONE',  ( 3.599918744258322256, 12.04425529873866552, 4.006965393200745851 ) ) ;
#2042 = ORIENTED_EDGE ( 'NONE', *, *, #178, .F. ) ;
#2043 = EDGE_LOOP ( 'NONE', ( #2432, #219, #3683, #3108, #1663, #1567, #3036, #1968, #860, #1363, #3355, #2329 ) ) ;
#2044 = LINE ( 'NONE', #926, #3284 ) ;
#2045 = LINE ( 'NONE', #1203, #3426 ) ;
#2046 = CARTESIAN_POINT ( 'NONE',  ( -4.593571365859646427, 10.97912035943896747, 5.990817651540088384 ) ) ;
#2047 = VERTEX_POINT ( 'NONE', #753 ) ;
#2048 = EDGE_CURVE ( 'NONE', #809, #1454, #1197, .T. ) ;
#2049 = ADVANCED_FACE ( 'NONE', ( #3034 ), #3666, .T. ) ;
#2050 = PLANE ( 'NONE',  #736 ) ;
#2051 = CARTESIAN_POINT ( 'NONE',  ( 4.375754413928737208, 11.69572160186566023, 4.031052249217448313 ) ) ;
#2052 = CARTESIAN_POINT ( 'NONE',  ( -4.013301454382410149, 11.38061953721704000, 7.643092480302027703 ) ) ;
#2053 = PRODUCT_DEFINITION_SHAPE ( 'NONE', 'NONE',  #3562 ) ;
#2054 = ORIENTED_EDGE ( 'NONE', *, *, #401, .T. ) ;
#2055 = FACE_OUTER_BOUND ( 'NONE', #2653, .T. ) ;
#2056 = CARTESIAN_POINT ( 'NONE',  ( 4.563866949619159286, 11.02020975132387370, 5.536496585512308499 ) ) ;
#2057 = CARTESIAN_POINT ( 'NONE',  ( -2.617158493531002161, 3.339499999999997026, 4.660001811015882289 ) ) ;
#2058 = DIRECTION ( 'NONE',  ( 0.000000000000000000, -0.5986606634983880904, 0.8010027527915679624 ) ) ;
#2059 = DIRECTION ( 'NONE',  ( -1.000000000000000000, 0.000000000000000000, 0.000000000000000000 ) ) ;
#2060 = B_SPLINE_CURVE_WITH_KNOTS ( 'NONE', 3,
 ( #357, #1987, #134, #151 ),
 .UNSPECIFIED., .F., .F.,
 ( 4, 4 ),
 ( 0.000000000000000000, 1.000000000000000000 ),
 .UNSPECIFIED. ) ;
#2061 = VERTEX_POINT ( 'NONE', #1635 ) ;
#2062 = ORIENTED_EDGE ( 'NONE', *, *, #1382, .F. ) ;
#2063 = DIRECTION ( 'NONE',  ( 0.000000000000000000, 0.000000000000000000, 1.000000000000000000 ) ) ;
#2064 = CARTESIAN_POINT ( 'NONE',  ( 1.351827002467245771E-15, -7.689499999999998892, 3.215093392194367627 ) ) ;
#2065 = CARTESIAN_POINT ( 'NONE',  ( 3.414544984147357631, 12.19098670461642620, 3.846397672377954269 ) ) ;
#2066 = VERTEX_POINT ( 'NONE', #3645 ) ;
#2067 = DIRECTION ( 'NONE',  ( -0.000000000000000000, -0.000000000000000000, 1.000000000000000000 ) ) ;
#2068 = CARTESIAN_POINT ( 'NONE',  ( -4.602837084574129101, 11.81053677078936559, 3.539759147402916639 ) ) ;
#2069 = CARTESIAN_POINT ( 'NONE',  ( -3.631519765526892929, 11.58148512251581508, 7.643168158723599781 ) ) ;
#2070 = EDGE_CURVE ( 'NONE', #306, #3139, #2495, .T. ) ;
#2071 = ORIENTED_EDGE ( 'NONE', *, *, #1560, .T. ) ;
#2072 = FACE_OUTER_BOUND ( 'NONE', #3457, .T. ) ;
#2073 = CARTESIAN_POINT ( 'NONE',  ( -4.452684139688000364, 11.17164151910141356, 5.071744741034232895 ) ) ;
#2074 = CARTESIAN_POINT ( 'NONE',  ( -4.450000000000000178, 2.002661781275172803, 6.825001781060429096 ) ) ;
#2075 = EDGE_CURVE ( 'NONE', #2822, #2675, #3687, .T. ) ;
#2076 = FACE_OUTER_BOUND ( 'NONE', #649, .T. ) ;
#2077 = CARTESIAN_POINT ( 'NONE',  ( 3.318900200886636842, 12.22748162850770015, 4.335654053855632739 ) ) ;
#2078 = VERTEX_POINT ( 'NONE', #2335 ) ;
#2079 = VERTEX_POINT ( 'NONE', #1477 ) ;
#2080 = AXIS2_PLACEMENT_3D ( 'NONE', #2064, #910, #2905 ) ;
#2081 = CARTESIAN_POINT ( 'NONE',  ( 2.611537742944784135, 12.69972781501383885, 3.593948684137565408 ) ) ;
#2082 = CARTESIAN_POINT ( 'NONE',  ( 3.889998638297508471, 10.52037775433323219, 5.932844495788983430 ) ) ;
#2083 = CARTESIAN_POINT ( 'NONE',  ( -3.481820666661111119, 10.93596725788746760, 5.259567309291810489 ) ) ;
#2084 = ORIENTED_EDGE ( 'NONE', *, *, #3665, .F. ) ;
#2085 = B_SPLINE_CURVE_WITH_KNOTS ( 'NONE', 3,
 ( #2658, #2046, #3500, #364 ),
 .UNSPECIFIED., .F., .F.,
 ( 4, 4 ),
 ( 0.8752660532738026911, 1.000000000000000000 ),
 .UNSPECIFIED. ) ;
#2086 = DIRECTION ( 'NONE',  ( -1.000000000000000000, 0.000000000000000000, 0.000000000000000000 ) ) ;
#2087 = CARTESIAN_POINT ( 'NONE',  ( -4.012786002015761966, 12.06307474398776591, 3.539866328659293071 ) ) ;
#2088 = CARTESIAN_POINT ( 'NONE',  ( -4.685599616719473559, 10.94027835932688397, 6.811824448209145011 ) ) ;
#2089 = ORIENTED_EDGE ( 'NONE', *, *, #1135, .T. ) ;
#2090 = CARTESIAN_POINT ( 'NONE',  ( -2.808314901286799614, 12.25464484119753550, 4.344928765545383875 ) ) ;
#2091 = CARTESIAN_POINT ( 'NONE',  ( -0.5450332407185709549, 13.31474418154565953, 3.590509542701938894 ) ) ;
#2092 = CARTESIAN_POINT ( 'NONE',  ( 4.594126115070881866, 10.97856805795944801, 5.884703490063579956 ) ) ;
#2093 = CARTESIAN_POINT ( 'NONE',  ( -4.013348944718247324, 11.86840257374178798, 8.514366291093702799 ) ) ;
#2094 = EDGE_CURVE ( 'NONE', #2675, #3024, #3144, .T. ) ;
#2095 = CIRCLE ( 'NONE', #1087, 3.949999999999999734 ) ;
#2096 = EDGE_CURVE ( 'NONE', #913, #3699, #2085, .T. ) ;
#2097 = CARTESIAN_POINT ( 'NONE',  ( -4.450000000000001066, 7.689499999999997115, 3.700000000000000178 ) ) ;
#2098 = CARTESIAN_POINT ( 'NONE',  ( 4.894999999999999574, 7.689500000000000668, 6.025001781060454142 ) ) ;
#2099 = CARTESIAN_POINT ( 'NONE',  ( -2.250146735899454242, 12.87241019751981064, 3.594120054032224232 ) ) ;
#2100 = CARTESIAN_POINT ( 'NONE',  ( -3.391055394272260770, 12.20871028541574965, 3.829982888718157508 ) ) ;
#2101 = CARTESIAN_POINT ( 'NONE',  ( 4.567921982461271568, 10.98715281736803284, 5.968208748745282399 ) ) ;
#2102 = CARTESIAN_POINT ( 'NONE',  ( -3.538406054964522873, 12.09514628960132221, 3.946869565113113154 ) ) ;
#2103 = EDGE_LOOP ( 'NONE', ( #663, #1375, #1139, #523, #930 ) ) ;
#2104 = CARTESIAN_POINT ( 'NONE',  ( -1.119586315529864207, 12.37087025367675786, 4.660001811015885842 ) ) ;
#2105 = DIRECTION ( 'NONE',  ( -0.000000000000000000, 1.000000000000000000, -0.000000000000000000 ) ) ;
#2106 = CARTESIAN_POINT ( 'NONE',  ( 1.400222796353411736, 12.43987262161298268, 7.112401216223515732 ) ) ;
#2107 = ORIENTED_EDGE ( 'NONE', *, *, #1364, .T. ) ;
#2108 = CARTESIAN_POINT ( 'NONE',  ( 2.617155953524997969, 11.83883832735578423, 4.660001811015925810 ) ) ;
#2109 = CARTESIAN_POINT ( 'NONE',  ( 2.995578852301205686, 11.97750157215313394, 4.798374215219807226 ) ) ;
#2110 = CARTESIAN_POINT ( 'NONE',  ( 2.050789204213971928, 12.95459734781826810, 3.592711996904082383 ) ) ;
#2111 = CARTESIAN_POINT ( 'NONE',  ( 4.578738916557107963, 10.99944211213587764, 5.635885318925313747 ) ) ;
#2112 = CARTESIAN_POINT ( 'NONE',  ( -3.631558011540758191, 11.97051537096661100, 8.341436621296052678 ) ) ;
#2113 = DIRECTION ( 'NONE',  ( 2.255963945609997107E-16, -1.000000000000000000, -1.619815204292807188E-16 ) ) ;
#2114 = CARTESIAN_POINT ( 'NONE',  ( 3.554253405045308511, 12.08151351691041597, 3.962165792575505385 ) ) ;
#2115 = EDGE_CURVE ( 'NONE', #3560, #1508, #2619, .T. ) ;
#2116 = LINE ( 'NONE', #1790, #690 ) ;
#2117 = EDGE_CURVE ( 'NONE', #1357, #2880, #2399, .T. ) ;
#2118 = DIRECTION ( 'NONE',  ( 0.000000000000000000, 0.000000000000000000, -1.000000000000000000 ) ) ;
#2119 = LINE ( 'NONE', #683, #2382 ) ;
#2120 = CARTESIAN_POINT ( 'NONE',  ( 1.907117984593271087, 12.63099207224717802, 4.358259019429258529 ) ) ;
#2121 = EDGE_CURVE ( 'NONE', #2047, #950, #2575, .T. ) ;
#2122 = VERTEX_POINT ( 'NONE', #48 ) ;
#2123 = CYLINDRICAL_SURFACE ( 'NONE', #1800, 5.649999999999998579 ) ;
#2124 = AXIS2_PLACEMENT_3D ( 'NONE', #1526, #2731, #3329 ) ;
#2125 = CARTESIAN_POINT ( 'NONE',  ( 3.702546981838253704, 3.339499999999997026, 5.480296164474743215 ) ) ;
#2126 = CONICAL_SURFACE ( 'NONE', #3296, 4.400000000000000355, 0.9599310885968842522 ) ;
#2127 = CARTESIAN_POINT ( 'NONE',  ( -3.631477003807996873, 11.42476523030803826, 7.111679526577376897 ) ) ;
#2128 = ORIENTED_EDGE ( 'NONE', *, *, #731, .F. ) ;
#2129 = CARTESIAN_POINT ( 'NONE',  ( 1.351827002467245771E-15, -7.689499999999998892, 3.499999999999999556 ) ) ;
#2130 = CARTESIAN_POINT ( 'NONE',  ( 1.804555329177212508, 12.30980646310532656, 5.320560055064696314 ) ) ;
#2131 = CARTESIAN_POINT ( 'NONE',  ( 2.409137178353647268, 12.80149276237899159, 3.593599640875272172 ) ) ;
#2132 = PLANE ( 'NONE',  #1425 ) ;
#2133 = CARTESIAN_POINT ( 'NONE',  ( -2.973832128722458279, 12.54988252494345780, 8.514595079185653503 ) ) ;
#2134 = VECTOR ( 'NONE', #2105, 1000.000000000000000 ) ;
#2135 = CARTESIAN_POINT ( 'NONE',  ( 4.563866949619159286, 11.02020975132387370, 5.536496585512308499 ) ) ;
#2136 = PLANE ( 'NONE',  #518 ) ;
#2137 = ORIENTED_EDGE ( 'NONE', *, *, #3062, .F. ) ;
#2138 = CARTESIAN_POINT ( 'NONE',  ( -4.564468887082392179, 9.970938592601202188, 5.575402731208371598 ) ) ;
#2139 = CARTESIAN_POINT ( 'NONE',  ( 3.414544984147357631, 12.19098670461642620, 3.846397672377954269 ) ) ;
#2140 = CARTESIAN_POINT ( 'NONE',  ( -4.894999999999999574, 7.689500000000000668, 6.025001781060433714 ) ) ;
#2141 = CIRCLE ( 'NONE', #1905, 4.450000000000001066 ) ;
#2142 = EDGE_LOOP ( 'NONE', ( #3348, #1108, #2987, #1556 ) ) ;
#2143 = CARTESIAN_POINT ( 'NONE',  ( -2.617158493531002161, 11.83125229371666265, 4.660001811015882289 ) ) ;
#2144 = EDGE_CURVE ( 'NONE', #685, #1218, #3582, .T. ) ;
#2145 = CARTESIAN_POINT ( 'NONE',  ( 2.995289677358585312, 11.80829130061952270, 7.291705696180875051 ) ) ;
#2146 = EDGE_LOOP ( 'NONE', ( #2947, #2782, #748, #2765 ) ) ;
#2147 = DIRECTION ( 'NONE',  ( 8.285342299947650627E-15, 0.000000000000000000, -1.000000000000000000 ) ) ;
#2148 = CARTESIAN_POINT ( 'NONE',  ( 3.949470511690373442, 11.30807318765412539, 5.320625386101528242 ) ) ;
#2149 = CARTESIAN_POINT ( 'NONE',  ( 1.427539975870909972, 13.15647384844887569, 3.590975729923303383 ) ) ;
#2150 = DIRECTION ( 'NONE',  ( 0.000000000000000000, 0.000000000000000000, 1.000000000000000000 ) ) ;
#2151 = CARTESIAN_POINT ( 'NONE',  ( -4.013341795216655683, 11.74825488087214431, 8.341357328570046192 ) ) ;
#2152 = ORIENTED_EDGE ( 'NONE', *, *, #3480, .T. ) ;
#2153 = DIRECTION ( 'NONE',  ( -0.000000000000000000, -0.000000000000000000, -1.000000000000000000 ) ) ;
#2154 = LINE ( 'NONE', #1869, #3358 ) ;
#2155 = CARTESIAN_POINT ( 'NONE',  ( -5.650000000000000355, 2.972702621317523164, 9.175001781060430517 ) ) ;
#2156 = CARTESIAN_POINT ( 'NONE',  ( -4.972236430896860959, 8.572316444829864324, 4.530087892963106100 ) ) ;
#2157 = CARTESIAN_POINT ( 'NONE',  ( 4.567508348569460530, 10.98712409952033831, 5.996669293446159621 ) ) ;
#2158 = CARTESIAN_POINT ( 'NONE',  ( 4.544908603209088405, 11.04618580363534086, 5.416636152389036063 ) ) ;
#2159 = EDGE_LOOP ( 'NONE', ( #2413, #2943, #2107, #1032 ) ) ;
#2160 = LINE ( 'NONE', #2392, #436 ) ;
#2161 = LINE ( 'NONE', #745, #2621 ) ;
#2162 = CARTESIAN_POINT ( 'NONE',  ( 2.997882092706888990, 12.47862077470417574, 3.645803955460404033 ) ) ;
#2163 = CARTESIAN_POINT ( 'NONE',  ( -0.2937149404532425900, 12.67244679321956546, 7.291492019231633925 ) ) ;
#2164 = VERTEX_POINT ( 'NONE', #1795 ) ;
#2165 = EDGE_CURVE ( 'NONE', #1045, #3314, #29, .T. ) ;
#2166 = LINE ( 'NONE', #2419, #1831 ) ;
#2167 = ADVANCED_FACE ( 'NONE', ( #1187 ), #874, .F. ) ;
#2168 = CARTESIAN_POINT ( 'NONE',  ( -2.097399747747120458, 12.18522055456259423, 5.320112331680152629 ) ) ;
#2169 = CARTESIAN_POINT ( 'NONE',  ( 2.885428497976785689, 12.54720398502733225, 3.619264417523369470 ) ) ;
#2170 = CARTESIAN_POINT ( 'NONE',  ( 3.190269573725613039, 12.06314457249010985, 4.402719398441661269 ) ) ;
#2171 = CARTESIAN_POINT ( 'NONE',  ( -4.438750563441322683, 11.52832813414233470, 8.341273659681363029 ) ) ;
#2172 = EDGE_LOOP ( 'NONE', ( #2952, #907, #2246, #688, #2967 ) ) ;
#2173 = DIRECTION ( 'NONE',  ( -0.000000000000000000, 0.000000000000000000, 1.000000000000000000 ) ) ;
#2174 = PLANE ( 'NONE',  #2124 ) ;
#2175 = CARTESIAN_POINT ( 'NONE',  ( -0.7730472950065889748, 13.28643686220862641, 3.591074249163554555 ) ) ;
#2176 = CARTESIAN_POINT ( 'NONE',  ( 4.686633896141541022, 10.94409397989380395, 6.513191975073901574 ) ) ;
#2177 = CARTESIAN_POINT ( 'NONE',  ( 4.410689520190356205, -4.002243707385003901, 3.625001781060453343 ) ) ;
#2178 = CARTESIAN_POINT ( 'NONE',  ( 4.400187055240745160, 11.23457489085723893, 4.977279439820688545 ) ) ;
#2179 = ORIENTED_EDGE ( 'NONE', *, *, #610, .T. ) ;
#2180 = ORIENTED_EDGE ( 'NONE', *, *, #1184, .T. ) ;
#2181 = VECTOR ( 'NONE', #3693, 1000.000000000000000 ) ;
#2182 = CARTESIAN_POINT ( 'NONE',  ( 1.351827002467245771E-15, -7.689499999999998892, 2.899999999999999911 ) ) ;
#2183 = CARTESIAN_POINT ( 'NONE',  ( 4.449999999999998401, 8.512676977113484256, 4.485514009553408954 ) ) ;
#2184 = CARTESIAN_POINT ( 'NONE',  ( 9.550000000000006040, 10.57249820481874814, 6.025001781060451478 ) ) ;
#2185 = CARTESIAN_POINT ( 'NONE',  ( 3.621748961321600291, 12.02602847366327943, 4.030678117566540486 ) ) ;
#2186 = CARTESIAN_POINT ( 'NONE',  ( 2.867800744301780558, 11.73366629447166609, 6.513126462339754674 ) ) ;
#2187 = VERTEX_POINT ( 'NONE', #2883 ) ;
#2188 = VECTOR ( 'NONE', #994, 1000.000000000000114 ) ;
#2189 = CARTESIAN_POINT ( 'NONE',  ( -4.225685551703930010, 11.36430778286179155, 4.797480989244711225 ) ) ;
#2190 = EDGE_CURVE ( 'NONE', #622, #1473, #381, .T. ) ;
#2191 = CARTESIAN_POINT ( 'NONE',  ( -2.617158493531002161, 11.28852506517230658, 4.660001811015882289 ) ) ;
#2192 = CARTESIAN_POINT ( 'NONE',  ( -3.882952279778869809, 11.71297125297147801, 8.168376958761998097 ) ) ;
#2193 = VECTOR ( 'NONE', #2897, 1000.000000000000000 ) ;
#2194 = ORIENTED_EDGE ( 'NONE', *, *, #3014, .T. ) ;
#2195 = ADVANCED_FACE ( 'NONE', ( #912 ), #3218, .F. ) ;
#2196 = CARTESIAN_POINT ( 'NONE',  ( 1.203150876216992016, 12.69291949940846997, 4.660001811016429407 ) ) ;
#2197 = CARTESIAN_POINT ( 'NONE',  ( 3.553405948315176310, 12.08203911697182420, 3.963510644207275835 ) ) ;
#2198 = CARTESIAN_POINT ( 'NONE',  ( -2.044833684205693558, 12.95674149241505724, 3.593883868450740149 ) ) ;
#2199 = CARTESIAN_POINT ( 'NONE',  ( 0.7009417965758688585, 12.47799085844129685, 6.392594027879399121 ) ) ;
#2200 = CARTESIAN_POINT ( 'NONE',  ( -3.988082271455691608, 11.69226181923152375, 4.431577307909265073 ) ) ;
#2201 = ORIENTED_EDGE ( 'NONE', *, *, #3197, .T. ) ;
#2202 = CARTESIAN_POINT ( 'NONE',  ( 1.351827002467245771E-15, -7.689499999999998892, 3.411324865405185314 ) ) ;
#2203 = CARTESIAN_POINT ( 'NONE',  ( -3.858715402981947484, 10.14189726262271840, 5.703175364285098858 ) ) ;
#2204 = CARTESIAN_POINT ( 'NONE',  ( -3.837580117918640621, 11.55021404741120072, 4.885671525752026234 ) ) ;
#2205 = CARTESIAN_POINT ( 'NONE',  ( 3.053030169052307841, 12.44365311622109438, 3.662580154108370678 ) ) ;
#2206 = CARTESIAN_POINT ( 'NONE',  ( -1.670965210065502138, 12.23207521401324094, 6.512714341491127712 ) ) ;
#2207 = ORIENTED_EDGE ( 'NONE', *, *, #2218, .F. ) ;
#2208 = VECTOR ( 'NONE', #1126, 1000.000000000000114 ) ;
#2209 = CARTESIAN_POINT ( 'NONE',  ( -2.523823810305852344, 12.41064539229709318, 4.275583892850129963 ) ) ;
#2210 = DIRECTION ( 'NONE',  ( -1.000000000000000000, -2.255963945609990205E-16, -4.142671149973825313E-15 ) ) ;
#2211 = VECTOR ( 'NONE', #3531, 1000.000000000000000 ) ;
#2212 = CARTESIAN_POINT ( 'NONE',  ( 2.335991009005191632, 12.62656304776211513, 8.169211325017556646 ) ) ;
#2213 = ORIENTED_EDGE ( 'NONE', *, *, #1159, .F. ) ;
#2214 = DIRECTION ( 'NONE',  ( 0.000000000000000000, 0.000000000000000000, 1.000000000000000000 ) ) ;
#2215 = CARTESIAN_POINT ( 'NONE',  ( -3.702549521844127334, 10.77389815253873984, 5.480296164474892429 ) ) ;
#2216 = AXIS2_PLACEMENT_3D ( 'NONE', #814, #3670, #2214 ) ;
#2217 = EDGE_CURVE ( 'NONE', #3310, #3256, #1757, .T. ) ;
#2218 = EDGE_CURVE ( 'NONE', #3699, #1739, #1094, .T. ) ;
#2219 = CARTESIAN_POINT ( 'NONE',  ( -4.603187191874737572, 10.97575773263969268, 5.994244440286334630 ) ) ;
#2220 = CARTESIAN_POINT ( 'NONE',  ( 3.885445873403086559, 10.52786181441731372, 5.845234142918440234 ) ) ;
#2221 = ORIENTED_EDGE ( 'NONE', *, *, #2911, .T. ) ;
#2222 = DIRECTION ( 'NONE',  ( 1.000000000000000000, 2.468888455678090292E-16, -1.703015359538817710E-32 ) ) ;
#2223 = CARTESIAN_POINT ( 'NONE',  ( -3.702549521844034963, 10.77389815253879846, 5.480296164474802723 ) ) ;
#2224 = CARTESIAN_POINT ( 'NONE',  ( 1.804384990329950478, 12.23636150744053275, 6.812753064080236065 ) ) ;
#2225 = ORIENTED_EDGE ( 'NONE', *, *, #3368, .T. ) ;
#2226 = VECTOR ( 'NONE', #2295, 1000.000000000000000 ) ;
#2227 = CARTESIAN_POINT ( 'NONE',  ( 3.473375749751536734, 12.08758285973683577, 4.031019768364123124 ) ) ;
#2228 = CARTESIAN_POINT ( 'NONE',  ( -4.438741622812787391, 11.42647365188510555, 8.168267787483783238 ) ) ;
#2229 = ORIENTED_EDGE ( 'NONE', *, *, #2866, .F. ) ;
#2230 = CARTESIAN_POINT ( 'NONE',  ( -4.894999999999999574, 7.689500000000001556, 6.825001781060429096 ) ) ;
#2231 = CARTESIAN_POINT ( 'NONE',  ( -3.890001178303803986, 10.52170548988394749, 5.932844495788999417 ) ) ;
#2232 = B_SPLINE_SURFACE_WITH_KNOTS ( 'NONE', 1, 3, ( 
 ( #322, #2347, #2041, #60 ),
 ( #2077, #2651, #923, #3268 ) ),
 .UNSPECIFIED., .F., .F., .F.,
 ( 2, 2 ),
 ( 4, 4 ),
 ( 0.000000000000000000, 1.000000000000000000 ),
 ( 0.000000000000000000, 0.0001111361893592314348 ),
 .UNSPECIFIED. ) ;
#2233 = CARTESIAN_POINT ( 'NONE',  ( -4.520864581364947732, 11.00690668719642140, 5.994258703999654436 ) ) ;
#2234 = EDGE_CURVE ( 'NONE', #377, #136, #3090, .T. ) ;
#2235 = EDGE_CURVE ( 'NONE', #499, #2933, #2314, .T. ) ;
#2236 = ORIENTED_EDGE ( 'NONE', *, *, #2581, .T. ) ;
#2237 = B_SPLINE_CURVE_WITH_KNOTS ( 'NONE', 3,
 ( #943, #2081, #3253, #2963 ),
 .UNSPECIFIED., .F., .F.,
 ( 4, 4 ),
 ( 0.000000000000000000, 1.000000000000000000 ),
 .UNSPECIFIED. ) ;
#2238 = LINE ( 'NONE', #1336, #514 ) ;
#2239 = CARTESIAN_POINT ( 'NONE',  ( 4.449999999999997513, 7.689500000000000668, 3.700000000000000178 ) ) ;
#2240 = EDGE_CURVE ( 'NONE', #1304, #2365, #1395, .T. ) ;
#2241 = CARTESIAN_POINT ( 'NONE',  ( 0.7009294238109361475, 12.48609282578022039, 6.513016616948257287 ) ) ;
#2242 = ORIENTED_EDGE ( 'NONE', *, *, #1671, .T. ) ;
#2243 = CARTESIAN_POINT ( 'NONE',  ( 3.949632567446107245, 11.79682764867784961, 4.276188076614583444 ) ) ;
#2244 = AXIS2_PLACEMENT_3D ( 'NONE', #2904, #2863, #325 ) ;
#2245 = CARTESIAN_POINT ( 'NONE',  ( -1.408788602790101541, 12.94306860191252717, 8.168855298901013029 ) ) ;
#2246 = ORIENTED_EDGE ( 'NONE', *, *, #2684, .T. ) ;
#2247 = VECTOR ( 'NONE', #2473, 1000.000000000000000 ) ;
#2248 = CARTESIAN_POINT ( 'NONE',  ( -0.2370177537027137460, 12.81704287023885058, 4.660001811018158691 ) ) ;
#2249 = DIRECTION ( 'NONE',  ( 1.127981972804998554E-16, -1.000000000000000000, 0.000000000000000000 ) ) ;
#2250 = CARTESIAN_POINT ( 'NONE',  ( 3.398868742963800926, 11.48286107275740697, 6.392720946124821779 ) ) ;
#2251 = AXIS2_PLACEMENT_3D ( 'NONE', #2202, #2761, #766 ) ;
#2252 = CARTESIAN_POINT ( 'NONE',  ( 3.069704284838099984, 11.32850618924921449, 4.847453467474868383 ) ) ;
#2253 = ORIENTED_EDGE ( 'NONE', *, *, #679, .F. ) ;
#2254 = ORIENTED_EDGE ( 'NONE', *, *, #584, .T. ) ;
#2255 = FACE_OUTER_BOUND ( 'NONE', #298, .T. ) ;
#2256 = CARTESIAN_POINT ( 'NONE',  ( -5.649999999999997691, -7.689499999999998892, 6.025001781060429273 ) ) ;
#2257 = CARTESIAN_POINT ( 'NONE',  ( -2.710450143473218443, 11.75622603224773854, 4.660001811015860973 ) ) ;
#2258 = CARTESIAN_POINT ( 'NONE',  ( 3.840027127837454479, 11.28747441443629462, 6.513157403377333843 ) ) ;
#2259 = VERTEX_POINT ( 'NONE', #3538 ) ;
#2260 = EDGE_CURVE ( 'NONE', #764, #3450, #469, .T. ) ;
#2261 = CARTESIAN_POINT ( 'NONE',  ( 1.804709485827610926, 12.71788545994787967, 4.276109116833396229 ) ) ;
#2262 = AXIS2_PLACEMENT_3D ( 'NONE', #1064, #810, #1976 ) ;
#2263 = CARTESIAN_POINT ( 'NONE',  ( -4.438731424088391719, 11.33746840542758605, 7.995264085945542831 ) ) ;
#2264 = ORIENTED_EDGE ( 'NONE', *, *, #2240, .F. ) ;
#2265 = CIRCLE ( 'NONE', #2080, 3.950000000000000178 ) ;
#2266 =( BOUNDED_SURFACE ( )  B_SPLINE_SURFACE ( 3, 2, ( 
 ( #3263, #1561, #2690 ),
 ( #1212, #373, #2726 ),
 ( #1782, #149, #2441 ),
 ( #3565, #112, #1503 ),
 ( #3227, #2936, #675 ),
 ( #129, #636, #2403 ) ),
 .UNSPECIFIED., .F., .F., .F. ) 
 B_SPLINE_SURFACE_WITH_KNOTS ( ( 4, 2, 4 ),
 ( 3, 3 ),
 ( -3.778444571111982953E-16, 0.0005116647578084952078, 0.001023329515617368152 ),
 ( 0.000000000000000000, 1.000000000000000000 ),
 .UNSPECIFIED. ) 
 GEOMETRIC_REPRESENTATION_ITEM ( )  RATIONAL_B_SPLINE_SURFACE ( (
 ( 1.000000000000000000, 0.7046129429376400966, 1.000000000000000000),
 ( 1.000000000000000000, 0.7309439310125809275, 1.000000000000000000),
 ( 1.000000000000000000, 0.7491774990381030452, 1.000000000000000000),
 ( 1.000000000000000000, 0.7888656635083464153, 1.000000000000000000),
 ( 1.000000000000000000, 0.8096586016001274810, 1.000000000000000000),
 ( 1.000000000000000000, 0.8273649991283156258, 1.000000000000000000) ) ) 
 REPRESENTATION_ITEM ( '' )  SURFACE ( )  );
#2267 = CARTESIAN_POINT ( 'NONE',  ( -0.9758447105884577866, 12.86641285582212646, 4.362636056685526675 ) ) ;
#2268 = CARTESIAN_POINT ( 'NONE',  ( 4.013764790903554314, 11.66596271323257206, 4.458369702035420268 ) ) ;
#2269 = CARTESIAN_POINT ( 'NONE',  ( -3.882677036419914796, 11.34328472969343871, 5.319774890254385546 ) ) ;
#2270 = CARTESIAN_POINT ( 'NONE',  ( -4.450000000000001066, 3.955379618921891272, 3.699999999999996625 ) ) ;
#2271 = CARTESIAN_POINT ( 'NONE',  ( 2.797584017575124538, 12.58017397527049752, 4.075441045726717171 ) ) ;
#2272 = ORIENTED_EDGE ( 'NONE', *, *, #2096, .F. ) ;
#2273 = ORIENTED_EDGE ( 'NONE', *, *, #2470, .T. ) ;
#2274 = LINE ( 'NONE', #1015, #2674 ) ;
#2275 = LINE ( 'NONE', #3396, #3123 ) ;
#2276 = CARTESIAN_POINT ( 'NONE',  ( -2.702628850197695165, 11.22637226938880239, 4.660001811015860085 ) ) ;
#2277 = VECTOR ( 'NONE', #190, 1000.000000000000114 ) ;
#2278 = VERTEX_POINT ( 'NONE', #139 ) ;
#2279 = CARTESIAN_POINT ( 'NONE',  ( 1.400609308860882196, 12.94641591407352621, 4.030938187752332702 ) ) ;
#2280 = CARTESIAN_POINT ( 'NONE',  ( -2.097633368733824444, 12.39352766390012839, 7.643473060962089782 ) ) ;
#2281 = EDGE_CURVE ( 'NONE', #851, #1129, #1266, .T. ) ;
#2282 = VERTEX_POINT ( 'NONE', #119 ) ;
#2283 = AXIS2_PLACEMENT_3D ( 'NONE', #1438, #3255, #1495 ) ;
#2284 = EDGE_CURVE ( 'NONE', #2933, #1582, #2833, .T. ) ;
#2285 = CARTESIAN_POINT ( 'NONE',  ( -1.190626225294146412, 12.68876494588829473, 4.660001811016781126 ) ) ;
#2286 = CARTESIAN_POINT ( 'NONE',  ( 4.024966071930866640, 11.65462441497506774, 4.470636105480812361 ) ) ;
#2287 =( BOUNDED_CURVE ( )  B_SPLINE_CURVE ( 3, ( #866, #2613, #2877, #303 ),
 .UNSPECIFIED., .F., .F. ) 
 B_SPLINE_CURVE_WITH_KNOTS ( ( 4, 4 ),
 ( 1.464963537965553675, 1.570539239907962070 ),
 .UNSPECIFIED. ) 
 CURVE ( )  GEOMETRIC_REPRESENTATION_ITEM ( )  RATIONAL_B_SPLINE_CURVE ( ( 1.000000000000000000, 0.9990713632682771683, 0.9990713632682771683, 1.000000000000000000 ) ) 
 REPRESENTATION_ITEM ( '' )  );
#2288 = CARTESIAN_POINT ( 'NONE',  ( 4.162476823012380756, 11.14605390603282942, 5.597715909314781690 ) ) ;
#2289 = CARTESIAN_POINT ( 'NONE',  ( -2.873465299562792730, 12.08129068784580440, 4.679698654315144424 ) ) ;
#2290 = CARTESIAN_POINT ( 'NONE',  ( 3.161126133186773934, 12.34922286606212438, 4.212978175088290200 ) ) ;
#2291 = ORIENTED_EDGE ( 'NONE', *, *, #2451, .T. ) ;
#2292 = ORIENTED_EDGE ( 'NONE', *, *, #861, .F. ) ;
#2293 = CARTESIAN_POINT ( 'NONE',  ( 4.449999999999998401, 7.689500000000001556, 3.699999999999999734 ) ) ;
#2294 = FACE_OUTER_BOUND ( 'NONE', #1276, .T. ) ;
#2295 = DIRECTION ( 'NONE',  ( -0.000000000000000000, 0.000000000000000000, 1.000000000000000000 ) ) ;
#2296 = ORIENTED_EDGE ( 'NONE', *, *, #752, .T. ) ;
#2297 = FACE_OUTER_BOUND ( 'NONE', #1980, .T. ) ;
#2298 = B_SPLINE_CURVE_WITH_KNOTS ( 'NONE', 3,
 ( #605, #1753, #1991, #588, #3216, #3481 ),
 .UNSPECIFIED., .F., .F.,
 ( 4, 2, 4 ),
 ( 0.000000000000000000, 0.0005201248148162331041, 0.001040249629632466208 ),
 .UNSPECIFIED. ) ;
#2299 = CARTESIAN_POINT ( 'NONE',  ( 3.473412330165025264, 12.18742428586771709, 3.785871293121776837 ) ) ;
#2300 = CARTESIAN_POINT ( 'NONE',  ( 4.582786365136522377, 11.12373894502544935, 7.643989068040257351 ) ) ;
#2301 = VERTEX_POINT ( 'NONE', #2140 ) ;
#2302 = DIRECTION ( 'NONE',  ( 0.000000000000000000, 0.000000000000000000, 1.000000000000000000 ) ) ;
#2303 = EDGE_CURVE ( 'NONE', #207, #3560, #1588, .T. ) ;
#2304 = LINE ( 'NONE', #900, #3384 ) ;
#2305 = CARTESIAN_POINT ( 'NONE',  ( -4.449999999999999289, -7.689499999999998892, 3.699999999999999734 ) ) ;
#2306 = VECTOR ( 'NONE', #768, 999.9999999999998863 ) ;
#2307 = CARTESIAN_POINT ( 'NONE',  ( 4.582995418548118316, 10.97393412575240568, 5.597732818084203643 ) ) ;
#2308 = CARTESIAN_POINT ( 'NONE',  ( -3.621721143956988520, 12.02611009194110814, 4.030995845410148881 ) ) ;
#2309 = CARTESIAN_POINT ( 'NONE',  ( 2.602085213965210642E-15, -7.689499999999998892, 6.025001781060447925 ) ) ;
#2310 = ORIENTED_EDGE ( 'NONE', *, *, #2330, .F. ) ;
#2311 = VERTEX_POINT ( 'NONE', #3066 ) ;
#2312 = CARTESIAN_POINT ( 'NONE',  ( 8.673617379884034486E-16, -7.689499999999998892, -2.150000000000000355 ) ) ;
#2313 = CARTESIAN_POINT ( 'NONE',  ( 4.567162572264742870, 10.98724122566355277, 6.025001781060473682 ) ) ;
#2314 = LINE ( 'NONE', #2946, #2895 ) ;
#2315 = VECTOR ( 'NONE', #2377, 1000.000000000000000 ) ;
#2316 = ORIENTED_EDGE ( 'NONE', *, *, #37, .T. ) ;
#2317 = CARTESIAN_POINT ( 'NONE',  ( -1.412538234306535448E-15, 7.689499999999998892, 10.00000000000000000 ) ) ;
#2318 = CARTESIAN_POINT ( 'NONE',  ( 0.001978233109069816795, 13.37701893584408630, 3.540527296776320831 ) ) ;
#2319 = CARTESIAN_POINT ( 'NONE',  ( 2.867704585854402133, 12.01425688012114534, 7.643951952460089849 ) ) ;
#2320 = VERTEX_POINT ( 'NONE', #1530 ) ;
#2321 = AXIS2_PLACEMENT_3D ( 'NONE', #1285, #2147, #3321 ) ;
#2322 = CYLINDRICAL_SURFACE ( 'NONE', #1650, 5.049999999999998934 ) ;
#2323 = CARTESIAN_POINT ( 'NONE',  ( -3.883843437628104134, 11.26772204817308243, 5.661590080258826596 ) ) ;
#2324 = CARTESIAN_POINT ( 'NONE',  ( 4.449999999999999289, -7.689499999999998003, 5.189998612018000834 ) ) ;
#2325 = CONICAL_SURFACE ( 'NONE', #3001, 4.400000000000001243, 0.9599310885968842522 ) ;
#2326 = CARTESIAN_POINT ( 'NONE',  ( 3.656635518496841541, 11.37791991594454188, 5.597699762990478334 ) ) ;
#2327 = LINE ( 'NONE', #564, #1908 ) ;
#2328 = CARTESIAN_POINT ( 'NONE',  ( 3.949999999999997957, 7.689500000000001556, 3.215093392194367627 ) ) ;
#2329 = ORIENTED_EDGE ( 'NONE', *, *, #1293, .F. ) ;
#2330 = EDGE_CURVE ( 'NONE', #1304, #1455, #1524, .T. ) ;
#2331 = ORIENTED_EDGE ( 'NONE', *, *, #2452, .F. ) ;
#2332 = ADVANCED_FACE ( 'NONE', ( #2986 ), #3554, .F. ) ;
#2333 = DIRECTION ( 'NONE',  ( 2.255963945609997107E-16, -1.000000000000000000, 0.000000000000000000 ) ) ;
#2334 = DIRECTION ( 'NONE',  ( -1.127981972804998554E-16, 1.000000000000000000, 0.000000000000000000 ) ) ;
#2335 = CARTESIAN_POINT ( 'NONE',  ( 3.889998638297498257, 10.52037775433323397, 5.932844495788999417 ) ) ;
#2336 = ORIENTED_EDGE ( 'NONE', *, *, #2521, .T. ) ;
#2337 = CYLINDRICAL_SURFACE ( 'NONE', #3204, 4.449999999999999289 ) ;
#2338 = CARTESIAN_POINT ( 'NONE',  ( 0.001937785192527814900, 13.23767777005747881, 3.785669099211027344 ) ) ;
#2339 = CIRCLE ( 'NONE', #1196, 3.950000000000000178 ) ;
#2340 = CARTESIAN_POINT ( 'NONE',  ( -4.225976318025211675, 11.17884437801867392, 7.290809724515986190 ) ) ;
#2341 = EDGE_LOOP ( 'NONE', ( #3215, #247, #1860, #1228, #918 ) ) ;
#2342 = CARTESIAN_POINT ( 'NONE',  ( 1.351827002467245771E-15, -7.689499999999998892, 6.025001781060452366 ) ) ;
#2343 = CARTESIAN_POINT ( 'NONE',  ( -0.4470611849061290055, 12.47628142467843837, 4.660001811015900941 ) ) ;
#2344 = AXIS2_PLACEMENT_3D ( 'NONE', #624, #1221, #8 ) ;
#2345 = LINE ( 'NONE', #2305, #1887 ) ;
#2346 = CARTESIAN_POINT ( 'NONE',  ( -3.505987617371605136, 11.84612982535442782, 4.577182010085048880 ) ) ;
#2347 = CARTESIAN_POINT ( 'NONE',  ( 3.577426003619252004, 12.06276097195323693, 3.984129453832473633 ) ) ;
#2348 = ORIENTED_EDGE ( 'NONE', *, *, #1340, .T. ) ;
#2349 = ORIENTED_EDGE ( 'NONE', *, *, #179, .T. ) ;
#2350 = CARTESIAN_POINT ( 'NONE',  ( 3.599930984009963364, 12.04424510991853126, 4.006978670544495635 ) ) ;
#2351 = EDGE_CURVE ( 'NONE', #3024, #3145, #3292, .T. ) ;
#2352 = CARTESIAN_POINT ( 'NONE',  ( 3.866899068720974775, 10.55292902094185514, 5.743261475116364423 ) ) ;
#2353 = CARTESIAN_POINT ( 'NONE',  ( -1.412538234306535448E-15, 7.689499999999998892, 3.215093392194367627 ) ) ;
#2354 = ORIENTED_EDGE ( 'NONE', *, *, #2217, .F. ) ;
#2355 = PLANE ( 'NONE',  #1731 ) ;
#2356 = EDGE_CURVE ( 'NONE', #3301, #2259, #1614, .T. ) ;
#2357 = CARTESIAN_POINT ( 'NONE',  ( -0.2932768669047347010, 13.23168809352958597, 3.785635805754786531 ) ) ;
#2358 = CARTESIAN_POINT ( 'NONE',  ( 4.686523839936883817, 11.08274342510356725, 7.643993486658304803 ) ) ;
#2359 = VERTEX_POINT ( 'NONE', #480 ) ;
#2360 = CARTESIAN_POINT ( 'NONE',  ( -5.649999999999999467, 4.941041079831897775, 6.025001781060429273 ) ) ;
#2361 = CARTESIAN_POINT ( 'NONE',  ( -1.412538234306535448E-15, 7.689499999999998892, 3.499999999999999556 ) ) ;
#2362 = PLANE ( 'NONE',  #633 ) ;
#2363 = CARTESIAN_POINT ( 'NONE',  ( 3.618459057337062301, 11.74768612760459341, 4.684122577607334748 ) ) ;
#2364 = CARTESIAN_POINT ( 'NONE',  ( -3.798423724591157402, 10.00779187300974549, 5.602946468386036827 ) ) ;
#2365 = VERTEX_POINT ( 'NONE', #684 ) ;
#2366 = DIRECTION ( 'NONE',  ( -1.691972959207498077E-16, 1.000000000000000000, 0.000000000000000000 ) ) ;
#2367 = LINE ( 'NONE', #995, #3532 ) ;
#2368 = DIRECTION ( 'NONE',  ( 0.8660254037844398178, 0.000000000000000000, -0.4999999999999977240 ) ) ;
#2369 = CIRCLE ( 'NONE', #1694, 0.4999999999999996114 ) ;
#2370 = DIRECTION ( 'NONE',  ( -0.000000000000000000, -0.000000000000000000, -1.000000000000000000 ) ) ;
#2371 = ORIENTED_EDGE ( 'NONE', *, *, #1026, .F. ) ;
#2372 = CARTESIAN_POINT ( 'NONE',  ( 4.449999999999998401, 1.470491331998986517, 3.625001781060453343 ) ) ;
#2373 = CARTESIAN_POINT ( 'NONE',  ( 4.479528155814493928, 11.75136741284299724, 3.785907651991612166 ) ) ;
#2374 = CARTESIAN_POINT ( 'NONE',  ( -0.2937009376716210873, 12.61531639909745017, 7.112245622339003148 ) ) ;
#2375 = ORIENTED_EDGE ( 'NONE', *, *, #681, .T. ) ;
#2376 = EDGE_CURVE ( 'NONE', #3572, #1751, #2610, .T. ) ;
#2377 = DIRECTION ( 'NONE',  ( 2.255963945609997107E-16, -1.000000000000000000, 9.345716752859654589E-31 ) ) ;
#2378 = EDGE_CURVE ( 'NONE', #622, #407, #440, .T. ) ;
#2379 = CARTESIAN_POINT ( 'NONE',  ( 0.1081971379261262578, 13.33956804633531767, 3.589406330692442637 ) ) ;
#2380 = DIRECTION ( 'NONE',  ( -1.000000000000000000, 0.000000000000000000, 0.000000000000000000 ) ) ;
#2381 = LINE ( 'NONE', #1710, #1229 ) ;
#2382 = VECTOR ( 'NONE', #2715, 1000.000000000000000 ) ;
#2383 = CARTESIAN_POINT ( 'NONE',  ( 0.5681343390787441106, 1.470491331998988960, -0.4767213143801256048 ) ) ;
#2384 = DIRECTION ( 'NONE',  ( 0.000000000000000000, 1.000000000000000000, 0.000000000000000000 ) ) ;
#2385 = ORIENTED_EDGE ( 'NONE', *, *, #1073, .T. ) ;
#2386 = EDGE_LOOP ( 'NONE', ( #2213, #328, #536, #2698 ) ) ;
#2387 =( BOUNDED_CURVE ( )  B_SPLINE_CURVE ( 3, ( #1497, #895, #3239, #2662 ),
 .UNSPECIFIED., .F., .F. ) 
 B_SPLINE_CURVE_WITH_KNOTS ( ( 4, 4 ),
 ( 4.170841247649427430, 4.712388980384379700 ),
 .UNSPECIFIED. ) 
 CURVE ( )  GEOMETRIC_REPRESENTATION_ITEM ( )  RATIONAL_B_SPLINE_CURVE ( ( 1.000000000000000000, 0.9757094622081161628, 0.9757094622081161628, 1.000000000000000000 ) ) 
 REPRESENTATION_ITEM ( '' )  );
#2388 = DIRECTION ( 'NONE',  ( -1.000000000000000000, 0.000000000000000000, -0.000000000000000000 ) ) ;
#2389 = FACE_OUTER_BOUND ( 'NONE', #1440, .T. ) ;
#2390 = CARTESIAN_POINT ( 'NONE',  ( 1.207341655350227638, 12.82639716793396722, 4.361061049419720170 ) ) ;
#2391 = VERTEX_POINT ( 'NONE', #2736 ) ;
#2392 = CARTESIAN_POINT ( 'NONE',  ( -4.895000000000001350, -2.972702621317530713, 9.175001781060428740 ) ) ;
#2393 = CARTESIAN_POINT ( 'NONE',  ( -4.449999999999999289, -7.689499999999998892, 10.00000000000000000 ) ) ;
#2394 = UNCERTAINTY_MEASURE_WITH_UNIT (LENGTH_MEASURE( 1.000000000000000082E-05 ), #1821, 'distance_accuracy_value', 'NONE');
#2395 = AXIS2_PLACEMENT_3D ( 'NONE', #2788, #250, #1583 ) ;
#2396 = CARTESIAN_POINT ( 'NONE',  ( 3.839964781300253094, 11.31993855710684826, 7.112478819772946714 ) ) ;
#2397 = ORIENTED_EDGE ( 'NONE', *, *, #1382, .T. ) ;
#2398 = DIRECTION ( 'NONE',  ( 0.06990721274788992690, -0.7990430980487188695, -0.5971960390579685862 ) ) ;
#2399 = B_SPLINE_CURVE_WITH_KNOTS ( 'NONE', 3,
 ( #3461, #83, #2083, #893 ),
 .UNSPECIFIED., .F., .F.,
 ( 4, 4 ),
 ( 1.126577360240041734E-16, 0.001052213030590475442 ),
 .UNSPECIFIED. ) ;
#2400 = CARTESIAN_POINT ( 'NONE',  ( -2.524014748107251904, 11.93632849499714332, 5.597118237678635921 ) ) ;
#2401 = CARTESIAN_POINT ( 'NONE',  ( 1.047381965165890660, 13.24186099254339233, 3.590057378455211889 ) ) ;
#2402 = EDGE_CURVE ( 'NONE', #727, #820, #158, .T. ) ;
#2403 = CARTESIAN_POINT ( 'NONE',  ( 2.617155953525001966, 11.83883832735577180, 4.660001811015947126 ) ) ;
#2404 = EDGE_CURVE ( 'NONE', #3576, #727, #1400, .T. ) ;
#2405 = CARTESIAN_POINT ( 'NONE',  ( -0.2937792538925393937, 13.38172287168622354, 8.515028658802481942 ) ) ;
#2406 = EDGE_CURVE ( 'NONE', #1532, #2164, #3448, .T. ) ;
#2407 = DIRECTION ( 'NONE',  ( 1.127981972804998554E-16, -1.000000000000000000, -6.512406956400069996E-17 ) ) ;
#2408 = DIRECTION ( 'NONE',  ( 1.000000000000000000, 2.255963945609988726E-16, 4.142671149973825313E-15 ) ) ;
#2409 = ORIENTED_EDGE ( 'NONE', *, *, #2629, .F. ) ;
#2410 = FACE_OUTER_BOUND ( 'NONE', #555, .T. ) ;
#2411 = CARTESIAN_POINT ( 'NONE',  ( 5.649999999999996803, 7.689500000000001556, 10.00000000000000000 ) ) ;
#2412 = CARTESIAN_POINT ( 'NONE',  ( -0.9629392501823889061, 12.86851984168065677, 4.362645377501228161 ) ) ;
#2413 = ORIENTED_EDGE ( 'NONE', *, *, #1538, .T. ) ;
#2414 =( BOUNDED_SURFACE ( )  B_SPLINE_SURFACE ( 3, 2, ( 
 ( #794, #1930, #3102 ),
 ( #234, #1379, #1963 ),
 ( #3700, #512, #1640 ),
 ( #2519, #475, #3648 ),
 ( #2463, #3684, #3629 ),
 ( #455, #2196, #1892 ),
 ( #1089, #831, #2770 ),
 ( #777, #1945, #1329 ),
 ( #1659, #2534, #1104 ),
 ( #193, #2248, #2020 ),
 ( #2550, #3187, #2343 ),
 ( #2267, #847, #2588 ),
 ( #300, #2285, #578 ),
 ( #1429, #1709, #3491 ),
 ( #3718, #598, #3452 ),
 ( #3150, #1982, #1729 ),
 ( #881, #2000, #2916 ),
 ( #318, #18, #2568 ) ),
 .UNSPECIFIED., .F., .F., .F. ) 
 B_SPLINE_SURFACE_WITH_KNOTS ( ( 4, 2, 2, 2, 2, 2, 2, 2, 4 ),
 ( 3, 3 ),
 ( 1.626303258728256651E-17, 0.0006752948337256679335, 0.001350589667451319604, 0.002025884501176971383, 0.002701179334902623162, 0.003376474168628274507, 0.004051769002353926286, 0.004727063836079578064, 0.005402358669805229843 ),
 ( 0.000000000000000000, 1.000000000000000000 ),
 .UNSPECIFIED. ) 
 GEOMETRIC_REPRESENTATION_ITEM ( )  RATIONAL_B_SPLINE_SURFACE ( (
 ( 1.000000000000000000, 0.8273649991283154037, 1.000000000000000000),
 ( 1.000000000000000000, 0.8293116999527901934, 1.000000000000000000),
 ( 1.000000000000000000, 0.8318464569439404377, 1.000000000000000000),
 ( 1.000000000000000000, 0.8354552002122240806, 1.000000000000000000),
 ( 1.000000000000000000, 0.8364278174655712661, 1.000000000000000000),
 ( 1.000000000000000000, 0.8372810022831991272, 1.000000000000000000),
 ( 1.000000000000000000, 0.8373896324356051579, 1.000000000000000000),
 ( 1.000000000000000000, 0.8379683142871989787, 1.000000000000000000),
 ( 1.000000000000000000, 0.8380318382580382863, 1.000000000000000000),
 ( 1.000000000000000000, 0.8381936025796448142, 1.000000000000000000),
 ( 1.000000000000000000, 0.8383084304101390272, 1.000000000000000000),
 ( 1.000000000000000000, 0.8382328120346033140, 1.000000000000000000),
 ( 1.000000000000000000, 0.8380802102470503723, 1.000000000000000000),
 ( 1.000000000000000000, 0.8370320243148854367, 1.000000000000000000),
 ( 1.000000000000000000, 0.8361537571931136892, 1.000000000000000000),
 ( 1.000000000000000000, 0.8325448916884503614, 1.000000000000000000),
 ( 1.000000000000000000, 0.8296431666959142026, 1.000000000000000000),
 ( 1.000000000000000000, 0.8276031383033213285, 1.000000000000000000) ) ) 
 REPRESENTATION_ITEM ( '' )  SURFACE ( )  );
#2415 = CARTESIAN_POINT ( 'NONE',  ( -3.823035352245025109, 11.56310898017111199, 4.872897211139108009 ) ) ;
#2416 = CARTESIAN_POINT ( 'NONE',  ( 4.162784225207618150, 11.98856026552073928, 3.540747738571458303 ) ) ;
#2417 = CARTESIAN_POINT ( 'NONE',  ( 3.398780959924092571, 11.59014825980193919, 7.291712968664302963 ) ) ;
#2418 = ORIENTED_EDGE ( 'NONE', *, *, #2470, .F. ) ;
#2419 = CARTESIAN_POINT ( 'NONE',  ( -5.075404028195862338, 9.751527477907806940, 5.411417272926870581 ) ) ;
#2420 = CARTESIAN_POINT ( 'NONE',  ( 3.197249344380266756, 11.68409313561651430, 5.320606648992569632 ) ) ;
#2421 = CARTESIAN_POINT ( 'NONE',  ( 2.511430192741098466, 12.75182952049083340, 3.593797976254864857 ) ) ;
#2422 = LINE ( 'NONE', #74, #1728 ) ;
#2423 = CARTESIAN_POINT ( 'NONE',  ( 2.867672367777799991, 12.46485190281824984, 8.342230815351625139 ) ) ;
#2424 = FACE_OUTER_BOUND ( 'NONE', #359, .T. ) ;
#2425 = B_SPLINE_CURVE_WITH_KNOTS ( 'NONE', 3,
 ( #3737, #2838, #214, #1105, #267, #1397, #2569, #3719, #1123, #2268, #2286, #3435, #3685, #3151, #1687, #3453, #3081, #1349, #3671, #1072, #1641, #2809, #235, #1090, #921, #3247, #75 ),
 .UNSPECIFIED., .F., .F.,
 ( 4, 1, 2, 2, 1, 1, 2, 2, 1, 1, 2, 2, 1, 1, 2, 2, 4 ),
 ( 0.000000000000000000, 0.2500000000000042188, 0.3750000000000085487, 0.5000000000000128786, 0.6250000000000172085, 0.6875000000000202061, 0.7187500000000185407, 0.7500000000000169864, 0.8125000000000173195, 0.8437500000000142109, 0.8593750000000098810, 0.8750000000000054401, 0.9062499999999966693, 0.9218749999999898970, 0.9296874999999857891, 0.9374999999999816813, 1.000000000000000000 ),
 .UNSPECIFIED. ) ;
#2426 = PLANE ( 'NONE',  #1944 ) ;
#2427 = EDGE_LOOP ( 'NONE', ( #1500, #1656, #571, #3101, #384, #1734, #226, #2152 ) ) ;
#2428 = CIRCLE ( 'NONE', #625, 5.649999999999998579 ) ;
#2429 = DIRECTION ( 'NONE',  ( -1.000000000000000000, 0.000000000000000000, -4.142671149973825313E-15 ) ) ;
#2430 = CARTESIAN_POINT ( 'NONE',  ( -3.158211503055193603, 12.37693521604522928, 3.694625905015991307 ) ) ;
#2431 = CARTESIAN_POINT ( 'NONE',  ( 4.347917044922571250, 11.29760870209933366, 4.883377031756509723 ) ) ;
#2432 = ORIENTED_EDGE ( 'NONE', *, *, #2684, .F. ) ;
#2433 = DIRECTION ( 'NONE',  ( 1.000000000000000000, 2.255963945609997107E-16, 0.000000000000000000 ) ) ;
#2434 = VECTOR ( 'NONE', #1829, 1000.000000000000000 ) ;
#2435 = CARTESIAN_POINT ( 'NONE',  ( 2.995770051185549399, 12.52579238482690016, 3.540710876247339378 ) ) ;
#2436 = CARTESIAN_POINT ( 'NONE',  ( 3.656457636277100409, 11.45277217381681112, 7.291717939683389993 ) ) ;
#2437 = ORIENTED_EDGE ( 'NONE', *, *, #1564, .F. ) ;
#2438 = CYLINDRICAL_SURFACE ( 'NONE', #3238, 4.449999999999999289 ) ;
#2439 = CARTESIAN_POINT ( 'NONE',  ( 4.686769054560027570, 10.99284491545090958, 5.320652760490710342 ) ) ;
#2440 = CARTESIAN_POINT ( 'NONE',  ( 2.186395339252030112, 12.89939177539438653, 3.593067803618504197 ) ) ;
#2441 = CARTESIAN_POINT ( 'NONE',  ( 2.944146306637618782, 11.51120504793728649, 4.743502667292691655 ) ) ;
#2442 = CARTESIAN_POINT ( 'NONE',  ( -4.685720445804055778, 11.41393561569150883, 8.341227330130099205 ) ) ;
#2443 = AXIS2_PLACEMENT_3D ( 'NONE', #2342, #1428, #654 ) ;
#2444 = CARTESIAN_POINT ( 'NONE',  ( -1.412538234306535448E-15, 7.689499999999998892, 2.899999999999999911 ) ) ;
#2445 = CARTESIAN_POINT ( 'NONE',  ( 4.400000000000003020, -7.689499999999999780, 2.899999999999999911 ) ) ;
#2446 = DIRECTION ( 'NONE',  ( 0.000000000000000000, 1.000000000000000000, 1.619787986605156032E-16 ) ) ;
#2447 = VECTOR ( 'NONE', #1737, 1000.000000000000000 ) ;
#2448 = PLANE ( 'NONE',  #1754 ) ;
#2449 = DIRECTION ( 'NONE',  ( -1.000000000000000000, 0.000000000000000000, -0.000000000000000000 ) ) ;
#2450 = CARTESIAN_POINT ( 'NONE',  ( -4.895000000000000462, 10.57249820481874814, 6.025001781060451478 ) ) ;
#2451 = EDGE_CURVE ( 'NONE', #2737, #1357, #2783, .T. ) ;
#2452 = EDGE_CURVE ( 'NONE', #3462, #1552, #3628, .T. ) ;
#2453 = EDGE_LOOP ( 'NONE', ( #771, #3295, #3555, #664, #396, #1571, #1789, #2903, #1205, #3489, #441 ) ) ;
#2454 = DIRECTION ( 'NONE',  ( 0.9099213963830390384, -0.4147807281014154190, -6.963676759437969123E-15 ) ) ;
#2455 = CARTESIAN_POINT ( 'NONE',  ( 4.375357268493372587, 11.08058165735297251, 7.112496932135575989 ) ) ;
#2456 = VERTEX_POINT ( 'NONE', #2812 ) ;
#2457 = DIRECTION ( 'NONE',  ( -0.000000000000000000, -0.000000000000000000, -1.000000000000000000 ) ) ;
#2458 = CARTESIAN_POINT ( 'NONE',  ( -1.408455816066866317, 12.57790631892211763, 4.797994056576134980 ) ) ;
#2459 = CARTESIAN_POINT ( 'NONE',  ( 1.940818134033066356, 12.99570948342829446, 3.592409097300134135 ) ) ;
#2460 = DIRECTION ( 'NONE',  ( 1.000000000000000000, 2.255963945609997107E-16, -2.047907923000903825E-32 ) ) ;
#2461 = CARTESIAN_POINT ( 'NONE',  ( -4.226046624830164689, 11.63374149676478631, 8.341314725478955694 ) ) ;
#2462 = ORIENTED_EDGE ( 'NONE', *, *, #2217, .T. ) ;
#2463 = CARTESIAN_POINT ( 'NONE',  ( 1.703460950296874055, 12.69757265768431864, 4.359613122464153001 ) ) ;
#2464 = CARTESIAN_POINT ( 'NONE',  ( 4.895000000000001350, 1.470491331998989848, -23.18283361322050951 ) ) ;
#2465 = CARTESIAN_POINT ( 'NONE',  ( -1.172763948619945484, 13.21651866364081052, 3.592098604641278836 ) ) ;
#2466 = CARTESIAN_POINT ( 'NONE',  ( -0.8510988967806291106, 12.43148881981879228, 5.994900635799552902 ) ) ;
#2467 = CARTESIAN_POINT ( 'NONE',  ( 4.056100372431356682, 10.77172241801133445, 5.126742773881606041 ) ) ;
#2468 = ORIENTED_EDGE ( 'NONE', *, *, #1320, .F. ) ;
#2469 = DIRECTION ( 'NONE',  ( 9.035166653160672742E-17, -0.8010027527915679624, -0.5986606634983880904 ) ) ;
#2470 = EDGE_CURVE ( 'NONE', #1836, #45, #3703, .T. ) ;
#2471 = CARTESIAN_POINT ( 'NONE',  ( -4.571350314915342494, 10.98715822882216919, 5.968432872852186932 ) ) ;
#2472 = CARTESIAN_POINT ( 'NONE',  ( 3.197516189604680203, 12.42179823790056936, 3.540715370224746028 ) ) ;
#2473 = DIRECTION ( 'NONE',  ( 1.127981972804998800E-16, -1.000000000000000000, -0.000000000000000000 ) ) ;
#2474 = B_SPLINE_CURVE_WITH_KNOTS ( 'NONE', 3,
 ( #326, #606, #2352, #3482, #1457, #3235 ),
 .UNSPECIFIED., .F., .F.,
 ( 4, 2, 4 ),
 ( 3.738973016144847766E-17, 0.0002854821426647292481, 0.0005709642853294210913 ),
 .UNSPECIFIED. ) ;
#2475 = CARTESIAN_POINT ( 'NONE',  ( 3.656534475274257900, 11.36817883971183818, 6.513150971263082845 ) ) ;
#2476 = ORIENTED_EDGE ( 'NONE', *, *, #3710, .T. ) ;
#2477 = CARTESIAN_POINT ( 'NONE',  ( 2.336250758828555707, 12.09863731607980242, 5.320582524693274529 ) ) ;
#2478 = DIRECTION ( 'NONE',  ( 2.255963945609997107E-16, -1.000000000000000000, -1.619787986605156032E-16 ) ) ;
#2479 = CARTESIAN_POINT ( 'NONE',  ( 2.995231738825467005, 12.38950855678147533, 8.342232036777614823 ) ) ;
#2480 = ORIENTED_EDGE ( 'NONE', *, *, #130, .T. ) ;
#2481 = CARTESIAN_POINT ( 'NONE',  ( -3.890001178303805318, 10.52142443824962470, 5.950766235200575238 ) ) ;
#2482 = DIRECTION ( 'NONE',  ( -0.8191520442889934639, 0.000000000000000000, 0.5735764363510437169 ) ) ;
#2483 = CARTESIAN_POINT ( 'NONE',  ( -0.6812923090410359928, 13.29827361852214906, 3.590844184684041984 ) ) ;
#2484 = CARTESIAN_POINT ( 'NONE',  ( 0.7009844915490122119, 12.47016005411270001, 5.995076888257615977 ) ) ;
#2485 = CARTESIAN_POINT ( 'NONE',  ( -4.044723806254214793, 11.63446697461782442, 4.493857423826672637 ) ) ;
#2486 = ORIENTED_EDGE ( 'NONE', *, *, #2121, .T. ) ;
#2487 = CARTESIAN_POINT ( 'NONE',  ( -1.412538234306535448E-15, 7.689499999999998892, 2.899999999999999911 ) ) ;
#2488 = DIRECTION ( 'NONE',  ( 0.000000000000000000, 0.000000000000000000, 1.000000000000000000 ) ) ;
#2489 = CARTESIAN_POINT ( 'NONE',  ( -4.450000000000001954, 8.512676005174794724, 4.485513283137102292 ) ) ;
#2490 = CARTESIAN_POINT ( 'NONE',  ( 3.142486178471209701, 12.38513862357017459, 3.695030537808465798 ) ) ;
#2491 = CARTESIAN_POINT ( 'NONE',  ( -4.225896540238348820, 11.12426561059298891, 6.512247826545046081 ) ) ;
#2492 = ORIENTED_EDGE ( 'NONE', *, *, #133, .T. ) ;
#2493 = AXIS2_PLACEMENT_3D ( 'NONE', #2309, #3213, #3495 ) ;
#2494 = CARTESIAN_POINT ( 'NONE',  ( -4.602912580749318749, 11.58700244501283727, 4.030052068587771430 ) ) ;
#2495 = LINE ( 'NONE', #1066, #3627 ) ;
#2496 = CARTESIAN_POINT ( 'NONE',  ( -1.408780829235405374, 12.82929451358486439, 7.995847413089191669 ) ) ;
#2497 = EDGE_CURVE ( 'NONE', #543, #2836, #2843, .T. ) ;
#2498 = ORIENTED_EDGE ( 'NONE', *, *, #3225, .T. ) ;
#2499 = ADVANCED_FACE ( 'NONE', ( #2297 ), #1995, .F. ) ;
#2500 = CARTESIAN_POINT ( 'NONE',  ( 4.257707333184433729, 11.02521086163534392, 6.025001781060471018 ) ) ;
#2501 = DIRECTION ( 'NONE',  ( 1.000000000000000000, -4.336808689942019314E-15, 0.000000000000000000 ) ) ;
#2502 = CARTESIAN_POINT ( 'NONE',  ( 4.162390216027646694, 11.14928560805959812, 6.392748088737526757 ) ) ;
#2503 = DIRECTION ( 'NONE',  ( -0.000000000000000000, -0.000000000000000000, -1.000000000000000000 ) ) ;
#2504 = VECTOR ( 'NONE', #447, 1000.000000000000000 ) ;
#2505 = ORIENTED_EDGE ( 'NONE', *, *, #2075, .T. ) ;
#2506 = LINE ( 'NONE', #3356, #1822 ) ;
#2507 = B_SPLINE_CURVE_WITH_KNOTS ( 'NONE', 3,
 ( #442, #1301, #1590, #385 ),
 .UNSPECIFIED., .F., .F.,
 ( 4, 4 ),
 ( 0.0003874948433304430226, 0.0006036841505198372107 ),
 .UNSPECIFIED. ) ;
#2508 = DIRECTION ( 'NONE',  ( 0.000000000000000000, 0.000000000000000000, 1.000000000000000000 ) ) ;
#2509 = CARTESIAN_POINT ( 'NONE',  ( -4.150150444727624510, 11.28875071642599259, 5.159357793496689659 ) ) ;
#2510 = CARTESIAN_POINT ( 'NONE',  ( -1.670994467092437930, 12.26787832272296619, 6.812378355882059644 ) ) ;
#2511 = ORIENTED_EDGE ( 'NONE', *, *, #289, .T. ) ;
#2512 = CARTESIAN_POINT ( 'NONE',  ( 3.197442245967606400, 12.21412035766608462, 4.031010970085759482 ) ) ;
#2513 = CARTESIAN_POINT ( 'NONE',  ( 4.594767155239200207, 10.97744993731128282, 5.990323045690872483 ) ) ;
#2514 = VECTOR ( 'NONE', #3058, 999.9999999999998863 ) ;
#2515 = CARTESIAN_POINT ( 'NONE',  ( -4.226037951976239881, 11.52915216794742825, 8.168308391275672875 ) ) ;
#2516 = EDGE_LOOP ( 'NONE', ( #2084, #551, #2620, #2371 ) ) ;
#2517 = ADVANCED_FACE ( 'NONE', ( #294 ), #3486, .F. ) ;
#2518 = EDGE_CURVE ( 'NONE', #1427, #507, #2032, .T. ) ;
#2519 = CARTESIAN_POINT ( 'NONE',  ( 1.934658188561878545, 12.62138146176851095, 4.357983948624933213 ) ) ;
#2520 = CARTESIAN_POINT ( 'NONE',  ( -4.515211829115348685, 11.03115848452300085, 5.606458878858688877 ) ) ;
#2521 = EDGE_CURVE ( 'NONE', #2122, #743, #2891, .T. ) ;
#2522 = CARTESIAN_POINT ( 'NONE',  ( 2.867813370993975042, 11.72815774736875660, 6.392704311385036142 ) ) ;
#2523 = CARTESIAN_POINT ( 'NONE',  ( -3.308086277290886557, 10.68407496015370839, 5.085832919921535300 ) ) ;
#2524 = ORIENTED_EDGE ( 'NONE', *, *, #13, .F. ) ;
#2525 = DIRECTION ( 'NONE',  ( -0.000000000000000000, -0.000000000000000000, -1.000000000000000000 ) ) ;
#2526 = DIRECTION ( 'NONE',  ( -1.000000000000000000, 0.000000000000000000, -4.144914500121575807E-15 ) ) ;
#2527 = FACE_OUTER_BOUND ( 'NONE', #1011, .T. ) ;
#2528 = CARTESIAN_POINT ( 'NONE',  ( -2.973697781646976068, 11.68650832265704054, 6.512479729545160190 ) ) ;
#2529 = ORIENTED_EDGE ( 'NONE', *, *, #1866, .F. ) ;
#2530 = CARTESIAN_POINT ( 'NONE',  ( -0.2933547441878407991, 12.98383493947287448, 4.275924618688174306 ) ) ;
#2531 = CIRCLE ( 'NONE', #1381, 0.4999999999999997780 ) ;
#2532 = CARTESIAN_POINT ( 'NONE',  ( -2.097659002472481049, 12.71820284135811896, 8.168741986223219342 ) ) ;
#2533 = EDGE_LOOP ( 'NONE', ( #2844, #159, #78, #2008, #1707, #755, #3724 ) ) ;
#2534 = CARTESIAN_POINT ( 'NONE',  ( 0.2440550724006919636, 12.81816843804858230, 4.660001811013648521 ) ) ;
#2535 = CARTESIAN_POINT ( 'NONE',  ( -3.797395973764004395, 10.64836045229397499, 5.590865414165198111 ) ) ;
#2536 = EDGE_CURVE ( 'NONE', #3576, #2066, #1225, .T. ) ;
#2537 = CARTESIAN_POINT ( 'NONE',  ( -4.520907995569516835, 11.00739180783931914, 6.391774602693406138 ) ) ;
#2538 = CARTESIAN_POINT ( 'NONE',  ( 4.568365909730206731, 10.98742316765426175, 5.940172413463811196 ) ) ;
#2539 = DIRECTION ( 'NONE',  ( 0.000000000000000000, 0.000000000000000000, -1.000000000000000000 ) ) ;
#2540 = ADVANCED_FACE ( 'NONE', ( #628 ), #2355, .F. ) ;
#2541 = EDGE_LOOP ( 'NONE', ( #1239, #2549, #468, #3580 ) ) ;
#2542 = CARTESIAN_POINT ( 'NONE',  ( 4.895000000000001350, 1.470491331998989848, 6.025001781060454142 ) ) ;
#2543 = DIRECTION ( 'NONE',  ( 1.000000000000000000, 2.255963945609997107E-16, -2.047907923000903825E-32 ) ) ;
#2544 = CARTESIAN_POINT ( 'NONE',  ( 3.702546981838253704, 10.77172241801133445, 5.480296164474743215 ) ) ;
#2545 = CARTESIAN_POINT ( 'NONE',  ( 1.400277653077960593, 12.33091321944502106, 6.513066877257864817 ) ) ;
#2546 = EDGE_LOOP ( 'NONE', ( #2027, #3112, #1128 ) ) ;
#2547 = CARTESIAN_POINT ( 'NONE',  ( -1.670671222323760308, 12.73662827904805184, 4.275732250686330893 ) ) ;
#2548 = CARTESIAN_POINT ( 'NONE',  ( 4.162227919652088381, 11.66850760122867214, 8.342237854489662041 ) ) ;
#2549 = ORIENTED_EDGE ( 'NONE', *, *, #2234, .T. ) ;
#2550 = CARTESIAN_POINT ( 'NONE',  ( -0.4883249516651707589, 12.93188797008909852, 4.362762834155347491 ) ) ;
#2551 = LINE ( 'NONE', #546, #1516 ) ;
#2552 = VECTOR ( 'NONE', #1219, 1000.000000000000000 ) ;
#2553 = CARTESIAN_POINT ( 'NONE',  ( 2.995417510418683538, 11.66615977011413818, 5.995191970542687265 ) ) ;
#2554 = CARTESIAN_POINT ( 'NONE',  ( 4.567162572264742870, 10.98724122566355277, 6.025001781060473682 ) ) ;
#2555 = CARTESIAN_POINT ( 'NONE',  ( 3.343373840836522781, 12.24426561983754880, 3.797918742672671488 ) ) ;
#2556 = ORIENTED_EDGE ( 'NONE', *, *, #356, .T. ) ;
#2557 = ORIENTED_EDGE ( 'NONE', *, *, #889, .T. ) ;
#2558 = DIRECTION ( 'NONE',  ( 1.000000000000000000, 1.535153518563546084E-16, 0.000000000000000000 ) ) ;
#2559 = B_SPLINE_CURVE_WITH_KNOTS ( 'NONE', 3,
 ( #1698, #1185, #871, #2010 ),
 .UNSPECIFIED., .F., .F.,
 ( 4, 4 ),
 ( 1.223133828437807674E-16, 0.0002159352633938349530 ),
 .UNSPECIFIED. ) ;
#2560 = ADVANCED_FACE ( 'NONE', ( #1759 ), #2337, .F. ) ;
#2561 = CARTESIAN_POINT ( 'NONE',  ( 4.449999999999998401, 1.470491331998985629, 10.00000000000000178 ) ) ;
#2562 = EDGE_CURVE ( 'NONE', #3503, #668, #3605, .T. ) ;
#2563 = EDGE_LOOP ( 'NONE', ( #642, #1842, #163, #2832 ) ) ;
#2564 = VECTOR ( 'NONE', #2457, 1000.000000000000000 ) ;
#2565 = CARTESIAN_POINT ( 'NONE',  ( 0.001898445685793349316, 13.10965706043951684, 4.030812814043814640 ) ) ;
#2566 = CARTESIAN_POINT ( 'NONE',  ( 3.949204714801831884, 11.58107151346240649, 7.996222455167308674 ) ) ;
#2567 = VERTEX_POINT ( 'NONE', #3446 ) ;
#2568 = CARTESIAN_POINT ( 'NONE',  ( -2.617158493530993280, 11.83125229371667864, 4.660001811015876072 ) ) ;
#2569 = CARTESIAN_POINT ( 'NONE',  ( 3.923544705893446949, 11.75512261765334721, 4.359661317381326562 ) ) ;
#2570 = CARTESIAN_POINT ( 'NONE',  ( 3.473098138945808877, 11.44570169034323470, 5.995206964555549689 ) ) ;
#2571 = CARTESIAN_POINT ( 'NONE',  ( -3.943093965099713660, 11.73648802711511685, 4.382313485625390470 ) ) ;
#2572 = CARTESIAN_POINT ( 'NONE',  ( 3.208306729695830750, 12.31426975532924750, 4.244659917474348454 ) ) ;
#2573 = ORIENTED_EDGE ( 'NONE', *, *, #2728, .F. ) ;
#2574 = ORIENTED_EDGE ( 'NONE', *, *, #453, .F. ) ;
#2575 = B_SPLINE_CURVE_WITH_KNOTS ( 'NONE', 3,
 ( #2965, #590, #607, #3483 ),
 .UNSPECIFIED., .F., .F.,
 ( 4, 4 ),
 ( 0.000000000000000000, 8.482971487667320871E-05 ),
 .UNSPECIFIED. ) ;
#2576 = AXIS2_PLACEMENT_3D ( 'NONE', #3585, #3607, #3245 ) ;
#2577 = CARTESIAN_POINT ( 'NONE',  ( -3.890001186371898623, 10.52106755786550885, 5.986563080167261575 ) ) ;
#2578 = LINE ( 'NONE', #2011, #2751 ) ;
#2579 = CARTESIAN_POINT ( 'NONE',  ( 4.512449304009130913, 11.03047930270388122, 5.607641195924864874 ) ) ;
#2580 = ORIENTED_EDGE ( 'NONE', *, *, #1605, .F. ) ;
#2581 = EDGE_CURVE ( 'NONE', #603, #3696, #2712, .T. ) ;
#2582 = CYLINDRICAL_SURFACE ( 'NONE', #2590, 4.895000000000003126 ) ;
#2583 = CARTESIAN_POINT ( 'NONE',  ( -1.670552601814721871, 13.12683866478886685, 3.540302144831152464 ) ) ;
#2584 = CARTESIAN_POINT ( 'NONE',  ( -4.438707933562866970, 11.18407135000098407, 7.643012760822426088 ) ) ;
#2585 = ORIENTED_EDGE ( 'NONE', *, *, #1422, .F. ) ;
#2586 = EDGE_CURVE ( 'NONE', #365, #1152, #2387, .T. ) ;
#2587 = DIRECTION ( 'NONE',  ( 2.255963945609997107E-16, -1.000000000000000000, 0.000000000000000000 ) ) ;
#2588 = CARTESIAN_POINT ( 'NONE',  ( -0.8953259189717650557, 12.41602619789035877, 4.660001811015897388 ) ) ;
#2589 = DIRECTION ( 'NONE',  ( 1.127981972804998554E-16, -1.000000000000000000, -1.619787986605156032E-16 ) ) ;
#2590 = AXIS2_PLACEMENT_3D ( 'NONE', #876, #85, #10 ) ;
#2591 = AXIS2_PLACEMENT_3D ( 'NONE', #399, #1038, #3044 ) ;
#2592 = CARTESIAN_POINT ( 'NONE',  ( -3.211378833248844433, 11.81408549754076276, 4.941029634542197790 ) ) ;
#2593 = CARTESIAN_POINT ( 'NONE',  ( -4.390001178303813312, 10.52170548988393151, 5.932844495788950567 ) ) ;
#2594 = VERTEX_POINT ( 'NONE', #1423 ) ;
#2595 = ORIENTED_EDGE ( 'NONE', *, *, #270, .F. ) ;
#2596 = VECTOR ( 'NONE', #3395, 1000.000000000000114 ) ;
#2597 = LINE ( 'NONE', #2312, #928 ) ;
#2598 = LINE ( 'NONE', #346, #3185 ) ;
#2599 = DIRECTION ( 'NONE',  ( -1.000000000000000000, -1.949127501097535707E-16, 0.000000000000000000 ) ) ;
#2600 = EDGE_LOOP ( 'NONE', ( #378, #1409, #788 ) ) ;
#2601 = CARTESIAN_POINT ( 'NONE',  ( 4.594126115070881866, 10.97856805795944801, 5.884703490063579956 ) ) ;
#2602 = CARTESIAN_POINT ( 'NONE',  ( 3.949668425532313343, 11.88929177242243362, 4.031038355102762871 ) ) ;
#2603 = CARTESIAN_POINT ( 'NONE',  ( 3.949226767031465357, 11.41298479586016157, 7.643968648476187511 ) ) ;
#2604 = ORIENTED_EDGE ( 'NONE', *, *, #2144, .T. ) ;
#2605 = CARTESIAN_POINT ( 'NONE',  ( 3.618459057336734563, 11.74768612760490427, 4.684122577606993687 ) ) ;
#2606 = ADVANCED_FACE ( 'NONE', ( #611 ), #2582, .F. ) ;
#2607 = PLANE ( 'NONE',  #2948 ) ;
#2608 = EDGE_CURVE ( 'NONE', #2594, #3576, #330, .T. ) ;
#2609 = CARTESIAN_POINT ( 'NONE',  ( -4.426528499989057508, 11.04305539970088468, 6.025001781060434602 ) ) ;
#2610 = B_SPLINE_CURVE_WITH_KNOTS ( 'NONE', 3,
 ( #1244, #1551, #721, #2681, #100, #962, #2412, #1873, #2697, #1812, #3575, #1855, #2390, #979, #2120, #742, #701, #3023 ),
 .UNSPECIFIED., .F., .F.,
 ( 4, 2, 2, 2, 2, 2, 2, 2, 4 ),
 ( 0.000000000000000000, 0.0007297207629507981332, 0.001459441525901596917, 0.002189162288852395267, 0.002918883051803194267, 0.003648603814753992834, 0.004378324577704791401, 0.005108045340655590835, 0.005837766103606388535 ),
 .UNSPECIFIED. ) ;
#2611 = VECTOR ( 'NONE', #77, 1000.000000000000000 ) ;
#2612 = CARTESIAN_POINT ( 'NONE',  ( 2.995465701586141005, 11.71446292131769340, 5.597684313795744160 ) ) ;
#2613 = CARTESIAN_POINT ( 'NONE',  ( 3.890936553148611754, 10.55499256863184598, 6.011918260762815436 ) ) ;
#2614 = CARTESIAN_POINT ( 'NONE',  ( -5.649999999999998579, -2.972702621317529825, 9.175001781060430517 ) ) ;
#2615 = ORIENTED_EDGE ( 'NONE', *, *, #861, .T. ) ;
#2616 = VERTEX_POINT ( 'NONE', #1461 ) ;
#2617 = CARTESIAN_POINT ( 'NONE',  ( -4.409365033652805188, 7.689499999999998003, 2.899999999999999911 ) ) ;
#2618 = CARTESIAN_POINT ( 'NONE',  ( -4.593601280833937039, 10.97872034589083334, 6.025002543065368421 ) ) ;
#2619 = LINE ( 'NONE', #945, #2226 ) ;
#2620 = ORIENTED_EDGE ( 'NONE', *, *, #179, .F. ) ;
#2621 = VECTOR ( 'NONE', #1878, 1000.000000000000000 ) ;
#2622 = CARTESIAN_POINT ( 'NONE',  ( 0.000000000000000000, 7.689500000000000668, 6.025001781060452366 ) ) ;
#2623 = CARTESIAN_POINT ( 'NONE',  ( 2.995732730987469949, 12.41839536057098670, 3.785858075100188458 ) ) ;
#2624 = CARTESIAN_POINT ( 'NONE',  ( 3.398754511539014089, 11.71333598364071271, 7.643959190435845485 ) ) ;
#2625 = ORIENTED_EDGE ( 'NONE', *, *, #3201, .F. ) ;
#2626 = DIRECTION ( 'NONE',  ( -1.000000000000000000, -4.511927891219993228E-16, 0.000000000000000000 ) ) ;
#2627 = LINE ( 'NONE', #2896, #2640 ) ;
#2628 = FACE_OUTER_BOUND ( 'NONE', #1201, .T. ) ;
#2629 = EDGE_CURVE ( 'NONE', #3572, #2456, #2531, .T. ) ;
#2630 = ADVANCED_FACE ( 'NONE', ( #312 ), #1441, .F. ) ;
#2631 = CARTESIAN_POINT ( 'NONE',  ( -2.972818801165757474, 12.01817751142869284, 4.726977351875070177 ) ) ;
#2632 = FACE_OUTER_BOUND ( 'NONE', #3140, .T. ) ;
#2633 = ORIENTED_EDGE ( 'NONE', *, *, #3244, .F. ) ;
#2634 = EDGE_LOOP ( 'NONE', ( #2498, #3382, #519, #1910, #4 ) ) ;
#2635 = ADVANCED_FACE ( 'NONE', ( #914 ), #2050, .F. ) ;
#2636 = DIRECTION ( 'NONE',  ( -8.966090656457123661E-17, 0.5299192642332029024, -0.8480480961564272890 ) ) ;
#2637 = DIRECTION ( 'NONE',  ( 5.977393770971410022E-17, -0.5299192642332024583, -0.8480480961564275111 ) ) ;
#2638 = DIRECTION ( 'NONE',  ( -1.691972959207498077E-16, 1.000000000000000000, -0.000000000000000000 ) ) ;
#2639 = ORIENTED_EDGE ( 'NONE', *, *, #2984, .F. ) ;
#2640 = VECTOR ( 'NONE', #2873, 1000.000000000000000 ) ;
#2641 = CARTESIAN_POINT ( 'NONE',  ( 0.000000000000000000, -7.689499999999998892, 3.625001781060453343 ) ) ;
#2642 = CARTESIAN_POINT ( 'NONE',  ( -4.520513884392697079, 11.84770818375278978, 3.539774428507915793 ) ) ;
#2643 = CARTESIAN_POINT ( 'NONE',  ( -4.521030946916066995, 11.14880805872248182, 7.642997802062057033 ) ) ;
#2644 = ORIENTED_EDGE ( 'NONE', *, *, #1981, .T. ) ;
#2645 = LINE ( 'NONE', #1211, #765 ) ;
#2646 = CARTESIAN_POINT ( 'NONE',  ( 4.588491959372457352, 10.98464876547828517, 5.751699259703682010 ) ) ;
#2647 = CYLINDRICAL_SURFACE ( 'NONE', #2004, 5.049999999999998934 ) ;
#2648 = AXIS2_PLACEMENT_3D ( 'NONE', #650, #1206, #2868 ) ;
#2649 = AXIS2_PLACEMENT_3D ( 'NONE', #1897, #1835, #1260 ) ;
#2650 = DIRECTION ( 'NONE',  ( 1.127981972804998554E-16, -1.000000000000000000, 0.000000000000000000 ) ) ;
#2651 = CARTESIAN_POINT ( 'NONE',  ( 3.336076908603389235, 12.21331595728001496, 4.352009818847880851 ) ) ;
#2652 = ORIENTED_EDGE ( 'NONE', *, *, #1511, .T. ) ;
#2653 = EDGE_LOOP ( 'NONE', ( #718, #3214, #348, #3543 ) ) ;
#2654 =( BOUNDED_CURVE ( )  B_SPLINE_CURVE ( 3, ( #137, #2138, #2678, #2156 ),
 .UNSPECIFIED., .F., .F. ) 
 B_SPLINE_CURVE_WITH_KNOTS ( ( 4, 4 ),
 ( 0.9632059772655038321, 1.395078315337719754 ),
 .UNSPECIFIED. ) 
 CURVE ( )  GEOMETRIC_REPRESENTATION_ITEM ( )  RATIONAL_B_SPLINE_CURVE ( ( 1.000000000000000000, 0.9845174912417432589, 0.9845174912417432589, 1.000000000000000000 ) ) 
 REPRESENTATION_ITEM ( '' )  );
#2655 = B_SPLINE_CURVE_WITH_KNOTS ( 'NONE', 1,
 ( #2114, #778 ),
 .UNSPECIFIED., .F., .F.,
 ( 2, 2 ),
 ( 0.000000000000000000, 0.003600786881968634327 ),
 .UNSPECIFIED. ) ;
#2656 = LINE ( 'NONE', #80, #2552 ) ;
#2657 = CARTESIAN_POINT ( 'NONE',  ( -4.450000000000006395, 7.689499999999999780, 3.699999999999999734 ) ) ;
#2658 = CARTESIAN_POINT ( 'NONE',  ( -4.593601280833937039, 10.97872034589083334, 6.025002543065368421 ) ) ;
#2659 = EDGE_CURVE ( 'NONE', #3148, #1210, #3558, .T. ) ;
#2660 = ADVANCED_FACE ( 'NONE', ( #2718 ), #2123, .T. ) ;
#2661 = VERTEX_POINT ( 'NONE', #2372 ) ;
#2662 = CARTESIAN_POINT ( 'NONE',  ( 3.889998638297498257, 10.44919255991323581, 5.932844495788999417 ) ) ;
#2663 = CARTESIAN_POINT ( 'NONE',  ( 2.336482213602655289, 12.74865437255358103, 3.785841774274220750 ) ) ;
#2664 = CARTESIAN_POINT ( 'NONE',  ( -1.408724030184063558, 12.42262982952723860, 7.112091145725686125 ) ) ;
#2665 = VERTEX_POINT ( 'NONE', #1246 ) ;
#2666 = DIRECTION ( 'NONE',  ( 2.255963945609996614E-16, -1.000000000000000000, 0.000000000000000000 ) ) ;
#2667 = CARTESIAN_POINT ( 'NONE',  ( 1.804257462163386450, 13.04396767835099169, 3.592026378522476637 ) ) ;
#2668 = FACE_OUTER_BOUND ( 'NONE', #1815, .T. ) ;
#2669 = CARTESIAN_POINT ( 'NONE',  ( 3.308083656435947706, 10.68407781591653460, 5.085832839072612188 ) ) ;
#2670 = AXIS2_PLACEMENT_3D ( 'NONE', #838, #767, #2488 ) ;
#2671 = AXIS2_PLACEMENT_3D ( 'NONE', #79, #153, #2446 ) ;
#2672 = CARTESIAN_POINT ( 'NONE',  ( 4.894999999999999574, 7.689500000000000668, 6.025001781060454142 ) ) ;
#2673 = CARTESIAN_POINT ( 'NONE',  ( 3.576448821487119734, 12.06332835269676451, 3.985547957169705224 ) ) ;
#2674 = VECTOR ( 'NONE', #1528, 1000.000000000000000 ) ;
#2675 = VERTEX_POINT ( 'NONE', #3297 ) ;
#2676 = CARTESIAN_POINT ( 'NONE',  ( -2.510836410895034287, 12.75236715730118497, 3.594319342784812576 ) ) ;
#2677 = VECTOR ( 'NONE', #1043, 1000.000000000000114 ) ;
#2678 = CARTESIAN_POINT ( 'NONE',  ( -4.844150693871780433, 9.293726395498739024, 5.069261769977418730 ) ) ;
#2679 = CARTESIAN_POINT ( 'NONE',  ( -2.602085213965210642E-15, 7.689500000000000668, 3.500000000000000000 ) ) ;
#2680 = AXIS2_PLACEMENT_3D ( 'NONE', #1912, #395, #2249 ) ;
#2681 = CARTESIAN_POINT ( 'NONE',  ( -1.906595759586555472, 12.62220438001652845, 4.359343070611633841 ) ) ;
#2682 = ORIENTED_EDGE ( 'NONE', *, *, #3429, .T. ) ;
#2683 = EDGE_CURVE ( 'NONE', #3679, #2456, #1373, .T. ) ;
#2684 = EDGE_CURVE ( 'NONE', #96, #558, #2507, .T. ) ;
#2685 = CARTESIAN_POINT ( 'NONE',  ( -4.143247809361652045, 11.29356336809609473, 5.153362143077925062 ) ) ;
#2686 = CARTESIAN_POINT ( 'NONE',  ( 1.804827601384873637, 13.10293865164248928, 3.540678139758202558 ) ) ;
#2687 = CARTESIAN_POINT ( 'NONE',  ( -3.259055945601142312, 11.62070617903766490, 7.111753349535081981 ) ) ;
#2688 = ORIENTED_EDGE ( 'NONE', *, *, #2303, .T. ) ;
#2689 = CARTESIAN_POINT ( 'NONE',  ( 1.600491698324062018, 13.10816919585620077, 3.591452658648952578 ) ) ;
#2690 = CARTESIAN_POINT ( 'NONE',  ( 3.069704284838114194, 11.32850618924942410, 4.847453467474859501 ) ) ;
#2691 = CARTESIAN_POINT ( 'NONE',  ( 3.656392185597277411, 11.95726606742013587, 8.342231319175969162 ) ) ;
#2692 = LINE ( 'NONE', #434, #655 ) ;
#2693 = CARTESIAN_POINT ( 'NONE',  ( 8.673617379884033500E-16, -7.689499999999998892, 3.500000000000000000 ) ) ;
#2694 = ORIENTED_EDGE ( 'NONE', *, *, #2801, .T. ) ;
#2695 = DIRECTION ( 'NONE',  ( -1.000000000000000000, 0.000000000000000000, 0.000000000000000000 ) ) ;
#2696 = CARTESIAN_POINT ( 'NONE',  ( -16.02198379339003154, 2.972702621317521388, 9.175001781060430517 ) ) ;
#2697 = CARTESIAN_POINT ( 'NONE',  ( -0.2428423101470396084, 12.94864228292833097, 4.362570417131333755 ) ) ;
#2698 = ORIENTED_EDGE ( 'NONE', *, *, #1606, .T. ) ;
#2699 = DIRECTION ( 'NONE',  ( 1.127981972804998554E-16, -1.000000000000000000, 0.000000000000000000 ) ) ;
#2700 = PLANE ( 'NONE',  #873 ) ;
#2701 = CARTESIAN_POINT ( 'NONE',  ( -3.882847393496741351, 11.26965359110517362, 6.811967867817489974 ) ) ;
#2702 = ORIENTED_EDGE ( 'NONE', *, *, #1049, .F. ) ;
#2703 = FACE_OUTER_BOUND ( 'NONE', #14, .T. ) ;
#2704 = CARTESIAN_POINT ( 'NONE',  ( 2.995502921006175878, 11.78517696894372335, 5.320601663367293455 ) ) ;
#2705 = CARTESIAN_POINT ( 'NONE',  ( 1.632141490191332256, 13.09875755203397318, 3.591541206469120784 ) ) ;
#2706 = PLANE ( 'NONE',  #2576 ) ;
#2707 = CARTESIAN_POINT ( 'NONE',  ( -2.097665080517712610, 12.84929357597093613, 8.341752797387233187 ) ) ;
#2708 = EDGE_CURVE ( 'NONE', #2391, #2737, #801, .T. ) ;
#2709 = VECTOR ( 'NONE', #2460, 1000.000000000000000 ) ;
#2710 = CARTESIAN_POINT ( 'NONE',  ( 0.5681343390787435554, 3.875939667197300320, -0.4767213143801251607 ) ) ;
#2711 = CARTESIAN_POINT ( 'NONE',  ( 3.462773522298554951, 12.15436435523241876, 3.881901082026664174 ) ) ;
#2712 = CIRCLE ( 'NONE', #1797, 4.449999999999999289 ) ;
#2713 = ORIENTED_EDGE ( 'NONE', *, *, #889, .F. ) ;
#2714 = CARTESIAN_POINT ( 'NONE',  ( -5.649999999999998579, -2.972702621317529825, 9.175001781060430517 ) ) ;
#2715 = DIRECTION ( 'NONE',  ( -2.255963945609997107E-16, 1.000000000000000000, 1.619787986605156032E-16 ) ) ;
#2716 = CARTESIAN_POINT ( 'NONE',  ( -4.321475258483613580, 11.32935219618906331, 4.838747076540546921 ) ) ;
#2717 = ORIENTED_EDGE ( 'NONE', *, *, #3063, .T. ) ;
#2718 = FACE_OUTER_BOUND ( 'NONE', #836, .T. ) ;
#2719 = DIRECTION ( 'NONE',  ( -0.000000000000000000, -0.000000000000000000, -1.000000000000000000 ) ) ;
#2720 = CARTESIAN_POINT ( 'NONE',  ( 3.197035327570993957, 11.69931098092412647, 7.291709347829395504 ) ) ;
#2721 = ORIENTED_EDGE ( 'NONE', *, *, #130, .F. ) ;
#2722 = DIRECTION ( 'NONE',  ( -0.7071067811863904762, 0.000000000000000000, 0.7071067811867045583 ) ) ;
#2723 = B_SPLINE_CURVE_WITH_KNOTS ( 'NONE', 3,
 ( #1700, #3076, #2865, #2579, #491, #1864, #3345, #1008 ),
 .UNSPECIFIED., .F., .F.,
 ( 4, 2, 2, 4 ),
 ( 0.000000000000000000, 0.0004115878781026889111, 0.0006173818171540314693, 0.0008231757562053740275 ),
 .UNSPECIFIED. ) ;
#2724 = CARTESIAN_POINT ( 'NONE',  ( 3.840164706403352390, 11.36094289808542968, 5.320622364402518123 ) ) ;
#2725 = FACE_OUTER_BOUND ( 'NONE', #3165, .T. ) ;
#2726 = CARTESIAN_POINT ( 'NONE',  ( 3.011899860390288008, 11.42317875681530559, 4.789649043027163877 ) ) ;
#2727 = CARTESIAN_POINT ( 'NONE',  ( 4.686472201904724244, 11.52816504070580272, 8.515260141210077904 ) ) ;
#2728 = EDGE_CURVE ( 'NONE', #3256, #1836, #2160, .T. ) ;
#2729 = EDGE_CURVE ( 'NONE', #452, #1652, #1151, .T. ) ;
#2730 = CARTESIAN_POINT ( 'NONE',  ( -4.399999999999999467, -7.689499999999998003, 2.899999999999999911 ) ) ;
#2731 = DIRECTION ( 'NONE',  ( 1.913165929072100909E-16, -0.8480480961564277331, 0.5299192642332021252 ) ) ;
#2732 = VERTEX_POINT ( 'NONE', #1262 ) ;
#2733 = VECTOR ( 'NONE', #822, 1000.000000000000000 ) ;
#2734 = DIRECTION ( 'NONE',  ( -4.829352737571364629E-14, 0.8010027527915679624, 0.5986606634983880904 ) ) ;
#2735 = CARTESIAN_POINT ( 'NONE',  ( 3.889998638299668521, 11.24441252132800884, 5.997772281786613924 ) ) ;
#2736 = CARTESIAN_POINT ( 'NONE',  ( -4.255742439626270190, 11.21512986825501379, 5.251075521900390619 ) ) ;
#2737 = VERTEX_POINT ( 'NONE', #1572 ) ;
#2738 = CARTESIAN_POINT ( 'NONE',  ( -1.776704980378049026, 12.18154629543856693, 4.660001811015904494 ) ) ;
#2739 = VECTOR ( 'NONE', #579, 1000.000000000000114 ) ;
#2740 = DIRECTION ( 'NONE',  ( 0.000000000000000000, -0.5986606634983880904, 0.8010027527915679624 ) ) ;
#2741 = CARTESIAN_POINT ( 'NONE',  ( -4.013257180907134014, 11.23933957681419926, 7.111606456469069748 ) ) ;
#2742 = ORIENTED_EDGE ( 'NONE', *, *, #2281, .T. ) ;
#2743 = CARTESIAN_POINT ( 'NONE',  ( 3.618459057336734563, 11.74768612760490427, 4.684122577606993687 ) ) ;
#2744 = CARTESIAN_POINT ( 'NONE',  ( -4.685359895754968029, 11.13915958903769798, 4.797392691403189247 ) ) ;
#2745 = CARTESIAN_POINT ( 'NONE',  ( -0.02656869864622192143, 13.33944050708652362, 3.589564319543474991 ) ) ;
#2746 = CARTESIAN_POINT ( 'NONE',  ( 4.399999999999999467, 7.689500000000001556, 2.899999999999999911 ) ) ;
#2747 = CARTESIAN_POINT ( 'NONE',  ( -4.226054036862548102, 11.75120789946391753, 8.514323235044345850 ) ) ;
#2748 = ORIENTED_EDGE ( 'NONE', *, *, #3132, .T. ) ;
#2749 = AXIS2_PLACEMENT_3D ( 'NONE', #1557, #1844, #107 ) ;
#2750 = DIRECTION ( 'NONE',  ( -1.127981972804998307E-16, -1.000000000000000000, -0.000000000000000000 ) ) ;
#2751 = VECTOR ( 'NONE', #7, 1000.000000000000000 ) ;
#2752 = DIRECTION ( 'NONE',  ( -2.255963945609997107E-16, 1.000000000000000000, 2.024769005366008431E-16 ) ) ;
#2753 = ADVANCED_FACE ( 'NONE', ( #1553 ), #142, .T. ) ;
#2754 = CARTESIAN_POINT ( 'NONE',  ( -0.6838536286673349007, 13.29796231308454502, 3.590850495219267025 ) ) ;
#2755 = CARTESIAN_POINT ( 'NONE',  ( 0.001581421568593862920, 12.50912309598409777, 6.392522811881536704 ) ) ;
#2756 = CARTESIAN_POINT ( 'NONE',  ( 3.889998638297504918, 11.24643168454303321, 5.944236243306996847 ) ) ;
#2757 = PRODUCT_DEFINITION_FORMATION_WITH_SPECIFIED_SOURCE ( 'ไป', '', #1156, .NOT_KNOWN. ) ;
#2758 = CARTESIAN_POINT ( 'NONE',  ( 4.563866949619159286, 11.02020975132387370, 5.536496585512308499 ) ) ;
#2759 = EDGE_CURVE ( 'NONE', #1751, #3679, #1439, .T. ) ;
#2760 = VERTEX_POINT ( 'NONE', #3599 ) ;
#2761 = DIRECTION ( 'NONE',  ( 0.000000000000000000, 0.000000000000000000, 1.000000000000000000 ) ) ;
#2762 = DIRECTION ( 'NONE',  ( 0.4147807281014153080, 0.9099213963830391494, 0.000000000000000000 ) ) ;
#2763 = LINE ( 'NONE', #1322, #2247 ) ;
#2764 = CARTESIAN_POINT ( 'NONE',  ( 0.001569054627449573700, 12.51728454307630578, 6.512945410998486118 ) ) ;
#2765 = ORIENTED_EDGE ( 'NONE', *, *, #2075, .F. ) ;
#2766 = CARTESIAN_POINT ( 'NONE',  ( -2.688257383295050484, 11.92975997333520866, 5.320004568533849287 ) ) ;
#2767 = LINE ( 'NONE', #472, #1784 ) ;
#2768 = CARTESIAN_POINT ( 'NONE',  ( 0.001440979231692959307, 13.25154564646781097, 8.342050283562814528 ) ) ;
#2769 = EDGE_LOOP ( 'NONE', ( #869, #3507, #3237, #567, #2348, #643, #1670, #3520, #287, #924, #493 ) ) ;
#2770 = CARTESIAN_POINT ( 'NONE',  ( 0.9110099835679014157, 12.41787633658271872, 4.660001811015897388 ) ) ;
#2771 = PLANE ( 'NONE',  #2680 ) ;
#2772 = CARTESIAN_POINT ( 'NONE',  ( -0.6901413676648862072, 13.29719371882314327, 3.590866032004943698 ) ) ;
#2773 = CARTESIAN_POINT ( 'NONE',  ( 1.804469496486264424, 12.18647822008294490, 5.995149633962668645 ) ) ;
#2774 = ADVANCED_FACE ( 'NONE', ( #3276 ), #1900, .F. ) ;
#2775 = CARTESIAN_POINT ( 'NONE',  ( 3.883219755821282426, 11.26369515047998782, 5.660968938458053934 ) ) ;
#2776 = ORIENTED_EDGE ( 'NONE', *, *, #1891, .T. ) ;
#2777 = CARTESIAN_POINT ( 'NONE',  ( -3.890001178303831075, 10.52100508321370853, 6.025522969048798139 ) ) ;
#2778 = ADVANCED_FACE ( 'NONE', ( #3046 ), #857, .F. ) ;
#2779 = DIRECTION ( 'NONE',  ( -1.000000000000000000, -2.255963945609997107E-16, 0.000000000000000000 ) ) ;
#2780 = EDGE_CURVE ( 'NONE', #2616, #1152, #241, .T. ) ;
#2781 = CARTESIAN_POINT ( 'NONE',  ( 3.949300476867694698, 11.23773330823072492, 6.812818919666765893 ) ) ;
#2782 = ORIENTED_EDGE ( 'NONE', *, *, #1341, .T. ) ;
#2783 = CIRCLE ( 'NONE', #3571, 0.5000000000000000000 ) ;
#2784 = CARTESIAN_POINT ( 'NONE',  ( 0.001708760206921911169, 12.61247672834342204, 5.320414041872723487 ) ) ;
#2785 = DIRECTION ( 'NONE',  ( -1.127981972804998554E-16, 1.000000000000000000, 0.000000000000000000 ) ) ;
#2786 = CARTESIAN_POINT ( 'NONE',  ( -2.524231364796071464, 12.40219919047436115, 7.995653292881973684 ) ) ;
#2787 = ORIENTED_EDGE ( 'NONE', *, *, #1383, .F. ) ;
#2788 = CARTESIAN_POINT ( 'NONE',  ( 0.8888733213148376500, 3.339499999999997026, 0.8888733213145763035 ) ) ;
#2789 = CARTESIAN_POINT ( 'NONE',  ( 5.650000000000001243, -7.689499999999998892, 6.025001781060429273 ) ) ;
#2790 = CARTESIAN_POINT ( 'NONE',  ( 3.197121422218787146, 11.57477984083457834, 6.392714412218014175 ) ) ;
#2791 = PLANE ( 'NONE',  #109 ) ;
#2792 = ORIENTED_EDGE ( 'NONE', *, *, #1562, .T. ) ;
#2793 = CARTESIAN_POINT ( 'NONE',  ( -4.570946643146192478, 10.98713121036054119, 5.996686315328807915 ) ) ;
#2794 = DIRECTION ( 'NONE',  ( 0.000000000000000000, 1.000000000000000000, 0.000000000000000000 ) ) ;
#2795 = VECTOR ( 'NONE', #2636, 1000.000000000000000 ) ;
#2796 = CARTESIAN_POINT ( 'NONE',  ( -2.794136708823617532, 11.67379582129794713, 4.679330988009400727 ) ) ;
#2797 = CARTESIAN_POINT ( 'NONE',  ( 3.245233402678485923, 12.31471333656573286, 3.742223545271229579 ) ) ;
#2798 = CARTESIAN_POINT ( 'NONE',  ( -1.408698564527069763, 12.34810454695718995, 6.812420589883593891 ) ) ;
#2799 = ORIENTED_EDGE ( 'NONE', *, *, #2729, .T. ) ;
#2800 = EDGE_CURVE ( 'NONE', #967, #809, #1079, .T. ) ;
#2801 = EDGE_CURVE ( 'NONE', #1527, #1508, #537, .T. ) ;
#2802 = CIRCLE ( 'NONE', #3289, 4.450000000000001066 ) ;
#2803 = CARTESIAN_POINT ( 'NONE',  ( -2.523785806461078085, 12.52502466481680088, 4.030437873529097104 ) ) ;
#2804 = CARTESIAN_POINT ( 'NONE',  ( -3.702549521844127334, 3.339499999999997026, 5.480296164474892429 ) ) ;
#2805 = CARTESIAN_POINT ( 'NONE',  ( -0.2937670970371971668, 13.11954921436539756, 8.169007037794148829 ) ) ;
#2806 = ORIENTED_EDGE ( 'NONE', *, *, #1655, .T. ) ;
#2807 = EDGE_CURVE ( 'NONE', #407, #2061, #1628, .T. ) ;
#2808 = FACE_OUTER_BOUND ( 'NONE', #3133, .T. ) ;
#2809 = CARTESIAN_POINT ( 'NONE',  ( 4.129470470989473618, 11.54566111009531681, 4.585501634527954451 ) ) ;
#2810 = CARTESIAN_POINT ( 'NONE',  ( 2.995374293989781389, 11.66866482124282989, 6.392708210469259633 ) ) ;
#2811 = CARTESIAN_POINT ( 'NONE',  ( 3.921159727028586950, 11.23375281617647659, 5.812093070103023784 ) ) ;
#2812 = CARTESIAN_POINT ( 'NONE',  ( -2.617158493531002161, 11.83125229371666265, 4.660001811015882289 ) ) ;
#2813 = AXIS2_PLACEMENT_3D ( 'NONE', #1539, #1861, #3581 ) ;
#2814 = ORIENTED_EDGE ( 'NONE', *, *, #911, .F. ) ;
#2815 = CARTESIAN_POINT ( 'NONE',  ( -3.890001178303809315, 10.52170548988393861, 5.932844495788997641 ) ) ;
#2816 = CARTESIAN_POINT ( 'NONE',  ( -3.950000000000000178, 7.689499999999999780, 3.215093392194367627 ) ) ;
#2817 = CARTESIAN_POINT ( 'NONE',  ( -5.650000000000000355, 7.689499999999997115, 6.025001781060429273 ) ) ;
#2818 = CARTESIAN_POINT ( 'NONE',  ( -4.013194009268649332, 11.21530239216559011, 6.512286463664356262 ) ) ;
#2819 = VERTEX_POINT ( 'NONE', #3070 ) ;
#2820 = CARTESIAN_POINT ( 'NONE',  ( -0.8508619620857412746, 12.93169822009552306, 4.275854848327128366 ) ) ;
#2821 = CARTESIAN_POINT ( 'NONE',  ( -2.688519237616596058, 12.43619195854983950, 8.168629737856081263 ) ) ;
#2822 = VERTEX_POINT ( 'NONE', #1935 ) ;
#2823 = CARTESIAN_POINT ( 'NONE',  ( 4.894999999999999574, 7.689500000000000668, -23.18283361322050951 ) ) ;
#2824 = DIRECTION ( 'NONE',  ( -0.000000000000000000, 0.000000000000000000, 1.000000000000000000 ) ) ;
#2825 = CARTESIAN_POINT ( 'NONE',  ( -3.258940959747269606, 11.54750721235577871, 5.994488014564894662 ) ) ;
#2826 = DIRECTION ( 'NONE',  ( -1.000000000000000000, 0.000000000000000000, 0.000000000000000000 ) ) ;
#2827 = ORIENTED_EDGE ( 'NONE', *, *, #998, .F. ) ;
#2828 = CARTESIAN_POINT ( 'NONE',  ( 4.894999999999999574, 7.689500000000000668, 3.625001781060455119 ) ) ;
#2829 = CARTESIAN_POINT ( 'NONE',  ( -3.949999999999998845, -7.689499999999998003, 3.215093392194367627 ) ) ;
#2830 = CARTESIAN_POINT ( 'NONE',  ( -2.617158493531002161, 11.83125229371666265, 4.660001811015882289 ) ) ;
#2831 = CARTESIAN_POINT ( 'NONE',  ( -0.2936459196440331931, 12.50800442368691989, 6.512911561678018657 ) ) ;
#2832 = ORIENTED_EDGE ( 'NONE', *, *, #2708, .F. ) ;
#2833 = CIRCLE ( 'NONE', #2649, 5.650000000000000355 ) ;
#2834 = CARTESIAN_POINT ( 'NONE',  ( 1.804748675352078280, 12.84437436457040782, 4.030965143228268488 ) ) ;
#2835 = CARTESIAN_POINT ( 'NONE',  ( 3.398725626100226549, 12.00480076491633596, 8.169222505366697362 ) ) ;
#2836 = VERTEX_POINT ( 'NONE', #1648 ) ;
#2837 = CARTESIAN_POINT ( 'NONE',  ( -4.537329143610212334, 11.01509353215442388, 5.669221807563234350 ) ) ;
#2838 = CARTESIAN_POINT ( 'NONE',  ( 3.670606883365185702, 11.98521847869883317, 4.083750034612636526 ) ) ;
#2839 = EDGE_CURVE ( 'NONE', #2320, #96, #1876, .T. ) ;
#2840 = EDGE_CURVE ( 'NONE', #2187, #1280, #1492, .T. ) ;
#2841 = CARTESIAN_POINT ( 'NONE',  ( 4.582952779116034492, 10.98233218429375668, 5.995250053533919044 ) ) ;
#2842 = CARTESIAN_POINT ( 'NONE',  ( 3.889998638297722522, 11.24643168454297282, 5.944236243307109646 ) ) ;
#2843 = LINE ( 'NONE', #3221, #3085 ) ;
#2844 = ORIENTED_EDGE ( 'NONE', *, *, #529, .T. ) ;
#2845 = ORIENTED_EDGE ( 'NONE', *, *, #2235, .F. ) ;
#2846 = CARTESIAN_POINT ( 'NONE',  ( 3.889998638299196010, 3.042605314476851230, 0.3972425029635861526 ) ) ;
#2847 = DIRECTION ( 'NONE',  ( 1.000000000000000000, 1.127981972804998554E-16, -0.000000000000000000 ) ) ;
#2848 = EDGE_LOOP ( 'NONE', ( #3088, #596, #3184, #1685, #3412, #2179, #925 ) ) ;
#2849 = CARTESIAN_POINT ( 'NONE',  ( -3.258664120111423923, 12.18151223806130190, 4.030299487833262084 ) ) ;
#2850 = CARTESIAN_POINT ( 'NONE',  ( 3.656400089548498489, 11.84482375019802980, 8.169223658344165528 ) ) ;
#2851 = ORIENTED_EDGE ( 'NONE', *, *, #3114, .F. ) ;
#2852 = AXIS2_PLACEMENT_3D ( 'NONE', #560, #3388, #281 ) ;
#2853 = CARTESIAN_POINT ( 'NONE',  ( -3.894035282627926531, 11.25534455290965674, 5.922940489429018740 ) ) ;
#2854 = DIRECTION ( 'NONE',  ( -1.000000000000000000, 0.000000000000000000, -4.144914500121575807E-15 ) ) ;
#2855 = CARTESIAN_POINT ( 'NONE',  ( -2.973593693542579519, 11.72734750975060436, 5.597033774768234160 ) ) ;
#2856 = LINE ( 'NONE', #3494, #171 ) ;
#2857 = CARTESIAN_POINT ( 'NONE',  ( 2.926511579743567015, 12.50542175941212619, 4.106521501814795805 ) ) ;
#2858 = B_SPLINE_CURVE_WITH_KNOTS ( 'NONE', 3,
 ( #229, #509, #3385, #570, #2276, #2191 ),
 .UNSPECIFIED., .F., .F.,
 ( 4, 2, 4 ),
 ( 1.226634733346699310E-17, 0.0003126065472040022658, 0.0006252130944079922802 ),
 .UNSPECIFIED. ) ;
#2859 = EDGE_CURVE ( 'NONE', #1582, #2278, #140, .T. ) ;
#2860 = VERTEX_POINT ( 'NONE', #2829 ) ;
#2861 = VERTEX_POINT ( 'NONE', #2256 ) ;
#2862 = VECTOR ( 'NONE', #1699, 1000.000000000000000 ) ;
#2863 = DIRECTION ( 'NONE',  ( 3.070307037127092168E-16, -1.000000000000000000, -7.675975364606074780E-32 ) ) ;
#2864 = CARTESIAN_POINT ( 'NONE',  ( 4.894999999999999574, 7.689500000000000668, 3.870280574240120952 ) ) ;
#2865 = CARTESIAN_POINT ( 'NONE',  ( 4.427335635710774042, 11.09149562737269079, 5.432101540969975773 ) ) ;
#2866 = EDGE_CURVE ( 'NONE', #1334, #3620, #2428, .T. ) ;
#2867 = ORIENTED_EDGE ( 'NONE', *, *, #2683, .T. ) ;
#2868 = DIRECTION ( 'NONE',  ( -1.000000000000000000, 0.000000000000000000, 0.000000000000000000 ) ) ;
#2869 = CARTESIAN_POINT ( 'NONE',  ( 3.840326292118321216, 11.84489671964172253, 4.276184243929374240 ) ) ;
#2870 = CARTESIAN_POINT ( 'NONE',  ( -1.671033675924230355, 12.40218542638995025, 7.291295756530167260 ) ) ;
#2871 = EDGE_LOOP ( 'NONE', ( #3192, #3398, #1943, #9, #1975 ) ) ;
#2872 = FACE_BOUND ( 'NONE', #3668, .T. ) ;
#2873 = DIRECTION ( 'NONE',  ( -1.000000000000000000, -5.782411586589324901E-15, 0.000000000000000000 ) ) ;
#2874 = DIRECTION ( 'NONE',  ( 1.000000000000000000, 0.000000000000000000, 0.000000000000000000 ) ) ;
#2875 = B_SPLINE_CURVE_WITH_KNOTS ( 'NONE', 3,
 ( #2092, #2646, #2111, #2056 ),
 .UNSPECIFIED., .F., .F.,
 ( 4, 4 ),
 ( 0.000000000000000000, 1.000000000000000000 ),
 .UNSPECIFIED. ) ;
#2876 = CARTESIAN_POINT ( 'NONE',  ( -4.013094007863140078, 11.21440313980044934, 5.596833457889622387 ) ) ;
#2877 = CARTESIAN_POINT ( 'NONE',  ( 3.890003180896085322, 10.53741319733414095, 5.998779631652874755 ) ) ;
#2878 = CARTESIAN_POINT ( 'NONE',  ( 2.981891801256028707, 12.47116740840108129, 4.125027238741398428 ) ) ;
#2879 = ORIENTED_EDGE ( 'NONE', *, *, #3087, .F. ) ;
#2880 = VERTEX_POINT ( 'NONE', #1387 ) ;
#2881 = DIRECTION ( 'NONE',  ( -1.691972959207497830E-16, 1.000000000000000000, -0.000000000000000000 ) ) ;
#2882 = CARTESIAN_POINT ( 'NONE',  ( 2.617155953524997969, 11.28852691222622440, 4.660001811015925810 ) ) ;
#2883 = CARTESIAN_POINT ( 'NONE',  ( -4.570598584815863674, 10.98725066497237712, 6.025001781060435491 ) ) ;
#2884 = VECTOR ( 'NONE', #3444, 1000.000000000000000 ) ;
#2885 = ORIENTED_EDGE ( 'NONE', *, *, #3114, .T. ) ;
#2886 = EDGE_CURVE ( 'NONE', #856, #187, #3378, .T. ) ;
#2887 = EDGE_CURVE ( 'NONE', #3224, #3199, #2238, .T. ) ;
#2888 = DIRECTION ( 'NONE',  ( -0.4114917252254336466, 0.9114134956598988202, 0.000000000000000000 ) ) ;
#2889 = CARTESIAN_POINT ( 'NONE',  ( -0.8507434485744114205, 13.32081581248193558, 3.540424557863143473 ) ) ;
#2890 = CARTESIAN_POINT ( 'NONE',  ( -3.882892961352707228, 11.33901445021474785, 7.290874296904753749 ) ) ;
#2891 = CIRCLE ( 'NONE', #3265, 5.049999999999998934 ) ;
#2892 = ORIENTED_EDGE ( 'NONE', *, *, #1913, .F. ) ;
#2893 = VECTOR ( 'NONE', #327, 1000.000000000000000 ) ;
#2894 = LINE ( 'NONE', #3544, #2315 ) ;
#2895 = VECTOR ( 'NONE', #2370, 1000.000000000000000 ) ;
#2896 = CARTESIAN_POINT ( 'NONE',  ( 5.050000000000001599, 1.470491331998989848, 3.625001781060453343 ) ) ;
#2897 = DIRECTION ( 'NONE',  ( -0.6427876096865422495, -3.261187209061583547E-17, -0.7660444431189755710 ) ) ;
#2898 = CARTESIAN_POINT ( 'NONE',  ( 3.197164614150462381, 11.57202459362314606, 5.995198130025078953 ) ) ;
#2899 = AXIS2_PLACEMENT_3D ( 'NONE', #1920, #1059, #3708 ) ;
#2900 = CARTESIAN_POINT ( 'NONE',  ( -2.705312778286139253, 11.76035753101902159, 4.660001811015866302 ) ) ;
#2901 = CARTESIAN_POINT ( 'NONE',  ( -4.895000000000001350, -7.689499999999998003, 6.025001781060454142 ) ) ;
#2902 = ORIENTED_EDGE ( 'NONE', *, *, #1938, .F. ) ;
#2903 = ORIENTED_EDGE ( 'NONE', *, *, #2839, .F. ) ;
#2904 = CARTESIAN_POINT ( 'NONE',  ( 0.000000000000000000, 7.689499999999998892, 3.499999999999999556 ) ) ;
#2905 = DIRECTION ( 'NONE',  ( 1.000000000000000000, 0.000000000000000000, 0.000000000000000000 ) ) ;
#2906 = CARTESIAN_POINT ( 'NONE',  ( 5.168746079524678905, 10.81843200664328108, 6.208810004520161741 ) ) ;
#2907 = EDGE_LOOP ( 'NONE', ( #2717, #2492, #3366, #1682 ) ) ;
#2908 = CARTESIAN_POINT ( 'NONE',  ( 4.594423269537175614, 10.97793048891814927, 5.899867388770186238 ) ) ;
#2909 = CARTESIAN_POINT ( 'NONE',  ( 1.400648588231100833, 13.07382243497571039, 3.785794369162830630 ) ) ;
#2910 = CARTESIAN_POINT ( 'NONE',  ( -4.685646933169678618, 10.99178040453337601, 7.290727860354247802 ) ) ;
#2911 = EDGE_CURVE ( 'NONE', #377, #333, #1111, .T. ) ;
#2912 = ORIENTED_EDGE ( 'NONE', *, *, #659, .T. ) ;
#2913 = ADVANCED_FACE ( 'NONE', ( #1952 ), #3109, .F. ) ;
#2914 = PLANE ( 'NONE',  #639 ) ;
#2915 = CIRCLE ( 'NONE', #2244, 5.650000000000000355 ) ;
#2916 = CARTESIAN_POINT ( 'NONE',  ( -2.409321524415023230, 11.92508808453645663, 4.660001811015877848 ) ) ;
#2917 = CARTESIAN_POINT ( 'NONE',  ( -4.260367668209486425, 11.02795114300085366, 6.025001781060433714 ) ) ;
#2918 = EDGE_CURVE ( 'NONE', #3224, #3716, #785, .T. ) ;
#2919 = CARTESIAN_POINT ( 'NONE',  ( -3.258893791635463888, 11.58536164989054029, 5.596978592685899478 ) ) ;
#2920 = CARTESIAN_POINT ( 'NONE',  ( 3.604834957695410846, 12.04001004982946732, 4.013658379150486510 ) ) ;
#2921 = VERTEX_POINT ( 'NONE', #553 ) ;
#2922 = ORIENTED_EDGE ( 'NONE', *, *, #2190, .T. ) ;
#2923 =( BOUNDED_SURFACE ( )  B_SPLINE_SURFACE ( 3, 2, ( 
 ( #2538, #2842, #1604 ),
 ( #1625, #834, #216 ),
 ( #3106, #1351, #2220 ),
 ( #1967, #3121, #516 ),
 ( #1644, #762, #3690 ),
 ( #3353, #2811, #238 ),
 ( #1385, #3065, #1057 ),
 ( #197, #2775, #1333 ) ),
 .UNSPECIFIED., .F., .F., .F. ) 
 B_SPLINE_SURFACE_WITH_KNOTS ( ( 4, 2, 2, 4 ),
 ( 3, 3 ),
 ( -1.812786032395763414E-16, 0.0002331501041012405424, 0.0004663002082026623633, 0.0009326004164055060053 ),
 ( 0.000000000000000000, 1.000000000000000000 ),
 .UNSPECIFIED. ) 
 GEOMETRIC_REPRESENTATION_ITEM ( )  RATIONAL_B_SPLINE_SURFACE ( (
 ( 1.000000000000000000, 0.5671267306057053981, 1.000000000000000000),
 ( 1.000000000000000000, 0.5665191413298081846, 1.000000000000000000),
 ( 1.000000000000000000, 0.5682477883119749773, 1.000000000000000000),
 ( 1.000000000000000000, 0.5777095913366074864, 1.000000000000000000),
 ( 1.000000000000000000, 0.5855542219028984086, 1.000000000000000000),
 ( 1.000000000000000000, 0.6150690668454174004, 1.000000000000000000),
 ( 1.000000000000000000, 0.6427582723198149717, 1.000000000000000000),
 ( 1.000000000000000000, 0.6697561758636654261, 1.000000000000000000) ) ) 
 REPRESENTATION_ITEM ( '' )  SURFACE ( )  );
#2924 = CARTESIAN_POINT ( 'NONE',  ( 3.577438422020897235, 12.06275095499792727, 3.984141209197443079 ) ) ;
#2925 = LINE ( 'NONE', #1417, #3067 ) ;
#2926 = DIRECTION ( 'NONE',  ( 0.06990721274788959383, 0.7990430980487188695, 0.5971960390579685862 ) ) ;
#2927 = AXIS2_PLACEMENT_3D ( 'NONE', #1474, #433, #1577 ) ;
#2928 = ORIENTED_EDGE ( 'NONE', *, *, #3270, .F. ) ;
#2929 = AXIS2_PLACEMENT_3D ( 'NONE', #1781, #1230, #2587 ) ;
#2930 = CARTESIAN_POINT ( 'NONE',  ( 5.649999999999999467, 1.470491331998988960, 5.715302991864937177 ) ) ;
#2931 = CARTESIAN_POINT ( 'NONE',  ( 3.840397970587171805, 12.02943989156311488, 3.785884735853781713 ) ) ;
#2932 = CARTESIAN_POINT ( 'NONE',  ( -3.380117796187088963, 11.72451517223890249, 7.643219810438832695 ) ) ;
#2933 = VERTEX_POINT ( 'NONE', #221 ) ;
#2934 = AXIS2_PLACEMENT_3D ( 'NONE', #3302, #1005, #2722 ) ;
#2935 = DIRECTION ( 'NONE',  ( 0.000000000000000000, -0.8480480961564270670, -0.5299192642332032355 ) ) ;
#2936 = CARTESIAN_POINT ( 'NONE',  ( 2.875318506152593656, 12.08773962132375779, 4.679887595041361870 ) ) ;
#2937 = VECTOR ( 'NONE', #497, 1000.000000000000000 ) ;
#2938 = CARTESIAN_POINT ( 'NONE',  ( 4.895000000000005791, -7.689499999999998892, -23.18283361322050951 ) ) ;
#2939 = AXIS2_PLACEMENT_3D ( 'NONE', #2444, #3038, #394 ) ;
#2940 = CARTESIAN_POINT ( 'NONE',  ( 9.550000000000006040, 10.57249820481874814, 6.025001781060451478 ) ) ;
#2941 = SPHERICAL_SURFACE ( 'NONE', #1639, 5.650000000000000355 ) ;
#2942 = ORIENTED_EDGE ( 'NONE', *, *, #3266, .T. ) ;
#2943 = ORIENTED_EDGE ( 'NONE', *, *, #756, .T. ) ;
#2944 = PLANE ( 'NONE',  #389 ) ;
#2945 = CARTESIAN_POINT ( 'NONE',  ( 4.400000000000003020, -7.689499999999998003, 2.899999999999999911 ) ) ;
#2946 = CARTESIAN_POINT ( 'NONE',  ( 5.650000000000001243, -7.689499999999998892, 10.00000000000000000 ) ) ;
#2947 = ORIENTED_EDGE ( 'NONE', *, *, #3246, .F. ) ;
#2948 = AXIS2_PLACEMENT_3D ( 'NONE', #38, #337, #616 ) ;
#2949 = DIRECTION ( 'NONE',  ( 7.056968671195385790E-16, -1.000000000000000000, 0.000000000000000000 ) ) ;
#2950 = CARTESIAN_POINT ( 'NONE',  ( 4.583264805707081280, 11.70194691125331765, 3.785910647352630498 ) ) ;
#2951 = CARTESIAN_POINT ( 'NONE',  ( 4.686499840065342148, 11.23093840708131985, 7.996243932979798075 ) ) ;
#2952 = ORIENTED_EDGE ( 'NONE', *, *, #3176, .F. ) ;
#2953 = CARTESIAN_POINT ( 'NONE',  ( 3.949999999999998845, 7.689500000000001556, 3.699999999999999734 ) ) ;
#2954 = CARTESIAN_POINT ( 'NONE',  ( -0.4220777639383528901, 13.32483927251499800, 3.590238005128975285 ) ) ;
#2955 = CARTESIAN_POINT ( 'NONE',  ( -3.890001178303798213, 10.52170548988395105, 5.932844495788998529 ) ) ;
#2956 = CARTESIAN_POINT ( 'NONE',  ( -3.892659755989657189, 10.57249820484678260, 6.025001781060436379 ) ) ;
#2957 = DIRECTION ( 'NONE',  ( 1.000000000000000000, 2.255963945609997107E-16, 0.000000000000000000 ) ) ;
#2958 = LINE ( 'NONE', #1488, #2611 ) ;
#2959 = ORIENTED_EDGE ( 'NONE', *, *, #544, .T. ) ;
#2960 = EDGE_CURVE ( 'NONE', #967, #365, #1236, .T. ) ;
#2961 = CARTESIAN_POINT ( 'NONE',  ( -2.617270867313253646, 12.69683913311900270, 3.594356496830207970 ) ) ;
#2962 = EDGE_CURVE ( 'NONE', #1726, #3477, #1680, .T. ) ;
#2963 = CARTESIAN_POINT ( 'NONE',  ( 2.617714999871352699, 12.69666828034884531, 3.593957952530616229 ) ) ;
#2964 = DIRECTION ( 'NONE',  ( -2.255963945609996614E-16, 1.000000000000000000, 0.000000000000000000 ) ) ;
#2965 = CARTESIAN_POINT ( 'NONE',  ( 4.568365909729980245, 10.98742316765433458, 5.940172413463810308 ) ) ;
#2966 = AXIS2_PLACEMENT_3D ( 'NONE', #3091, #2508, #1041 ) ;
#2967 = ORIENTED_EDGE ( 'NONE', *, *, #453, .T. ) ;
#2968 = CARTESIAN_POINT ( 'NONE',  ( -3.949999999999998845, -7.689499999999998003, 3.411324865405185314 ) ) ;
#2969 = B_SPLINE_CURVE_WITH_KNOTS ( 'NONE', 3,
 ( #1107, #1662, #797, #2252 ),
 .UNSPECIFIED., .F., .F.,
 ( 4, 4 ),
 ( 7.046480070129584215E-18, 0.001054034120038987998 ),
 .UNSPECIFIED. ) ;
#2970 = CARTESIAN_POINT ( 'NONE',  ( -2.687988767607381035, 12.68554724304455128, 3.540116344439955043 ) ) ;
#2971 = CARTESIAN_POINT ( 'NONE',  ( 1.804359585306227309, 12.31150605218558169, 7.112423724536113490 ) ) ;
#2972 = VERTEX_POINT ( 'NONE', #3459 ) ;
#2973 = CARTESIAN_POINT ( 'NONE',  ( 3.069704284838099984, 11.32850618924921449, 4.847453467474868383 ) ) ;
#2974 = CARTESIAN_POINT ( 'NONE',  ( 1.538248436616067361, 13.12616637543388265, 3.591279596005959363 ) ) ;
#2975 = CARTESIAN_POINT ( 'NONE',  ( -4.450000000000001066, 7.689499999999997115, 10.00000000000000000 ) ) ;
#2976 = CARTESIAN_POINT ( 'NONE',  ( 3.472903031145558650, 12.07369754725522348, 8.342230922538529825 ) ) ;
#2977 = CIRCLE ( 'NONE', #1344, 4.450000000000000178 ) ;
#2978 = CARTESIAN_POINT ( 'NONE',  ( 3.480767236044304713, 11.56118987949292531, 5.258516418678834903 ) ) ;
#2979 = CARTESIAN_POINT ( 'NONE',  ( 3.587818004810130468, 12.05400575615066749, 3.996750145238840535 ) ) ;
#2980 = ORIENTED_EDGE ( 'NONE', *, *, #1364, .F. ) ;
#2981 = VECTOR ( 'NONE', #3533, 1000.000000000000000 ) ;
#2982 = CARTESIAN_POINT ( 'NONE',  ( -2.495960105694005366E-14, 0.000000000000000000, 6.025001781060452366 ) ) ;
#2983 = VECTOR ( 'NONE', #2734, 1000.000000000000114 ) ;
#2984 = EDGE_CURVE ( 'NONE', #2933, #1378, #1416, .T. ) ;
#2985 = CARTESIAN_POINT ( 'NONE',  ( 4.568365909729980245, 10.98742316765434168, 5.940172413463933765 ) ) ;
#2986 = FACE_OUTER_BOUND ( 'NONE', #3193, .T. ) ;
#2987 = ORIENTED_EDGE ( 'NONE', *, *, #3063, .F. ) ;
#2988 = CARTESIAN_POINT ( 'NONE',  ( -1.412538234306535448E-15, 7.689499999999998892, 10.00000000000000000 ) ) ;
#2989 = EDGE_CURVE ( 'NONE', #1508, #1933, #644, .T. ) ;
#2990 = CARTESIAN_POINT ( 'NONE',  ( 3.889998646700988161, 10.51974479323840583, 5.985574460407148578 ) ) ;
#2991 = AXIS2_PLACEMENT_3D ( 'NONE', #56, #1745, #1158 ) ;
#2992 = CARTESIAN_POINT ( 'NONE',  ( 4.162297490475734385, 11.20609372825214223, 7.291731583699204933 ) ) ;
#2993 = ORIENTED_EDGE ( 'NONE', *, *, #502, .T. ) ;
#2994 = CARTESIAN_POINT ( 'NONE',  ( 4.686840567190437845, 11.14004063327685223, 4.798417688587373497 ) ) ;
#2995 = CARTESIAN_POINT ( 'NONE',  ( 1.316157608672887891, 13.18407335014563486, 3.590680784286596428 ) ) ;
#2996 = CARTESIAN_POINT ( 'NONE',  ( -4.578264034412799610, 10.98428149630807305, 6.025001781060436379 ) ) ;
#2997 = CARTESIAN_POINT ( 'NONE',  ( -2.524249491752660557, 12.79656604030645894, 8.514685911295782006 ) ) ;
#2998 = DIRECTION ( 'NONE',  ( -0.7660444431189755710, -2.769348292520202469E-16, 0.6427876096865423605 ) ) ;
#2999 = FACE_OUTER_BOUND ( 'NONE', #1434, .T. ) ;
#3000 = DIRECTION ( 'NONE',  ( -0.000000000000000000, 1.000000000000000000, -0.000000000000000000 ) ) ;
#3001 = AXIS2_PLACEMENT_3D ( 'NONE', #696, #2153, #3267 ) ;
#3002 = PLANE ( 'NONE',  #937 ) ;
#3003 = FACE_OUTER_BOUND ( 'NONE', #1632, .T. ) ;
#3004 = VECTOR ( 'NONE', #3549, 1000.000000000000114 ) ;
#3005 = CARTESIAN_POINT ( 'NONE',  ( 9.550000000000006040, 7.361319111364017509, 3.625001781060453343 ) ) ;
#3006 = ORIENTED_EDGE ( 'NONE', *, *, #864, .T. ) ;
#3007 = CARTESIAN_POINT ( 'NONE',  ( -2.200952026534072292, 12.01741839672376422, 4.660001811015901829 ) ) ;
#3008 = CARTESIAN_POINT ( 'NONE',  ( 4.583301612372661538, 11.80409910446437394, 3.540762562474988329 ) ) ;
#3009 = CARTESIAN_POINT ( 'NONE',  ( 4.582832079033567929, 10.99717035887335292, 7.112505529443184038 ) ) ;
#3010 = ORIENTED_EDGE ( 'NONE', *, *, #2840, .T. ) ;
#3011 = B_SPLINE_CURVE_WITH_KNOTS ( 'NONE', 3,
 ( #3624, #1993, #2513, #3325 ),
 .UNSPECIFIED., .F., .F.,
 ( 4, 4 ),
 ( 0.000000000000000000, 0.4335986570539900886 ),
 .UNSPECIFIED. ) ;
#3012 = EDGE_CURVE ( 'NONE', #2732, #1582, #2597, .T. ) ;
#3013 = CARTESIAN_POINT ( 'NONE',  ( -4.894999999999999574, 4.002243707384999460, 3.625001781060453343 ) ) ;
#3014 = EDGE_CURVE ( 'NONE', #306, #1735, #568, .T. ) ;
#3015 = AXIS2_PLACEMENT_3D ( 'NONE', #2361, #1233, #2380 ) ;
#3016 = CARTESIAN_POINT ( 'NONE',  ( -2.097325977372564321, 12.35547515678542929, 4.797881155182240676 ) ) ;
#3017 = CARTESIAN_POINT ( 'NONE',  ( 2.294684158835830434, 12.85253970106078469, 3.593333396718292327 ) ) ;
#3018 = CARTESIAN_POINT ( 'NONE',  ( 1.400146656584727589, 13.22850772478030557, 8.515188007835188699 ) ) ;
#3019 = CARTESIAN_POINT ( 'NONE',  ( 4.254554493488248212, 11.21309411678220513, 5.252468607979643878 ) ) ;
#3020 = PLANE ( 'NONE',  #819 ) ;
#3021 = ORIENTED_EDGE ( 'NONE', *, *, #1891, .F. ) ;
#3022 = DIRECTION ( 'NONE',  ( -0.000000000000000000, -0.000000000000000000, -1.000000000000000000 ) ) ;
#3023 = CARTESIAN_POINT ( 'NONE',  ( 2.809905245292622311, 12.26168030827385458, 4.344534652798523133 ) ) ;
#3024 = VERTEX_POINT ( 'NONE', #3727 ) ;
#3025 = VECTOR ( 'NONE', #1570, 1000.000000000000000 ) ;
#3026 = CARTESIAN_POINT ( 'NONE',  ( 2.617155953524997969, 11.83883832735578423, 4.660001811015925810 ) ) ;
#3027 = CARTESIAN_POINT ( 'NONE',  ( 1.400688764894934213, 13.21039323155229539, 3.540652098721474239 ) ) ;
#3028 = CARTESIAN_POINT ( 'NONE',  ( -2.973755062945536931, 11.77070496681881373, 7.111809885264986697 ) ) ;
#3029 = ORIENTED_EDGE ( 'NONE', *, *, #409, .T. ) ;
#3030 = LINE ( 'NONE', #689, #2564 ) ;
#3031 = CARTESIAN_POINT ( 'NONE',  ( 0.7010693530125414741, 12.58356891772177377, 5.320485633649592927 ) ) ;
#3032 = CARTESIAN_POINT ( 'NONE',  ( 1.335204707350752029, 13.17946755711402318, 3.590730308565756257 ) ) ;
#3033 = EDGE_CURVE ( 'NONE', #2819, #942, #1620, .T. ) ;
#3034 = FACE_OUTER_BOUND ( 'NONE', #3422, .T. ) ;
#3035 = CARTESIAN_POINT ( 'NONE',  ( 2.335980714175469153, 12.90775402096272018, 8.515236158677211620 ) ) ;
#3036 = ORIENTED_EDGE ( 'NONE', *, *, #3132, .F. ) ;
#3037 = EDGE_CURVE ( 'NONE', #2737, #3572, #2298, .T. ) ;
#3038 = DIRECTION ( 'NONE',  ( 0.000000000000000000, 0.000000000000000000, 1.000000000000000000 ) ) ;
#3039 = DIRECTION ( 'NONE',  ( 2.255963945609996614E-16, -1.000000000000000000, -0.000000000000000000 ) ) ;
#3040 = CARTESIAN_POINT ( 'NONE',  ( -0.8572713719357707429, 13.27437271424571463, 3.591288462099162082 ) ) ;
#3041 = VECTOR ( 'NONE', #2881, 1000.000000000000000 ) ;
#3042 = CARTESIAN_POINT ( 'NONE',  ( -2.097485491339940555, 12.06280229218552513, 5.994702064303841560 ) ) ;
#3043 = DIRECTION ( 'NONE',  ( -0.000000000000000000, -0.000000000000000000, -1.000000000000000000 ) ) ;
#3044 = DIRECTION ( 'NONE',  ( 0.000000000000000000, 0.000000000000000000, 1.000000000000000000 ) ) ;
#3045 = ORIENTED_EDGE ( 'NONE', *, *, #1657, .F. ) ;
#3046 = FACE_OUTER_BOUND ( 'NONE', #1419, .T. ) ;
#3047 = VECTOR ( 'NONE', #1034, 1000.000000000000000 ) ;
#3048 = FACE_OUTER_BOUND ( 'NONE', #2769, .T. ) ;
#3049 = CARTESIAN_POINT ( 'NONE',  ( 3.308464368715495318, 12.23608837563086738, 4.325717024831291724 ) ) ;
#3050 = CARTESIAN_POINT ( 'NONE',  ( 4.686553423037822519, 10.99157130889333089, 7.291752673377884797 ) ) ;
#3051 = ORIENTED_EDGE ( 'NONE', *, *, #1340, .F. ) ;
#3052 = FACE_OUTER_BOUND ( 'NONE', #1989, .T. ) ;
#3053 =( BOUNDED_SURFACE ( )  B_SPLINE_SURFACE ( 3, 2, ( 
 ( #1122, #2323, #3510 ),
 ( #559, #1466, #57 ),
 ( #1194, #920, #280 ),
 ( #3135, #1686, #1672 ),
 ( #2837, #1410, #266 ),
 ( #1396, #2853, #3736 ),
 ( #1141, #954, #1848 ),
 ( #3528, #1484, #2955 ) ),
 .UNSPECIFIED., .F., .F., .F. ) 
 B_SPLINE_SURFACE_WITH_KNOTS ( ( 4, 2, 2, 4 ),
 ( 3, 3 ),
 ( -1.333568672157170454E-17, 0.0004673940502371525907, 0.0007010910753557355810, 0.0009347881004743185170 ),
 ( 0.000000000000000000, 1.000000000000000000 ),
 .UNSPECIFIED. ) 
 GEOMETRIC_REPRESENTATION_ITEM ( )  RATIONAL_B_SPLINE_SURFACE ( (
 ( 1.000000000000000000, 0.6683936458251997781, 1.000000000000000000),
 ( 1.000000000000000000, 0.6413203535799131272, 1.000000000000000000),
 ( 1.000000000000000000, 0.6131077792451805619, 1.000000000000000000),
 ( 1.000000000000000000, 0.5830579053315608773, 1.000000000000000000),
 ( 1.000000000000000000, 0.5752458875265379357, 1.000000000000000000),
 ( 1.000000000000000000, 0.5654114319575377356, 1.000000000000000000),
 ( 1.000000000000000000, 0.5634766985266910222, 1.000000000000000000),
 ( 1.000000000000000000, 0.5641051321672208019, 1.000000000000000000) ) ) 
 REPRESENTATION_ITEM ( '' )  SURFACE ( )  );
#3054 = CARTESIAN_POINT ( 'NONE',  ( -2.523977800670765603, 12.00426470916304034, 5.320035117982579997 ) ) ;
#3055 = DIRECTION ( 'NONE',  ( 0.5735764363510437169, 6.469838802297110004E-17, -0.8191520442889934639 ) ) ;
#3056 = CARTESIAN_POINT ( 'NONE',  ( -4.438758235369192562, 11.64314016168965082, 8.514281720835318978 ) ) ;
#3057 = VERTEX_POINT ( 'NONE', #288 ) ;
#3058 = DIRECTION ( 'NONE',  ( 5.977393770971419883E-17, -0.5299192642332032355, 0.8480480961564270670 ) ) ;
#3059 = AXIS2_PLACEMENT_3D ( 'NONE', #176, #1297, #2964 ) ;
#3060 = CYLINDRICAL_SURFACE ( 'NONE', #3113, 4.450000000000001066 ) ;
#3061 = CARTESIAN_POINT ( 'NONE',  ( -1.048165908647191058, 13.24142944551513956, 3.591779938123647486 ) ) ;
#3062 = EDGE_CURVE ( 'NONE', #3597, #2732, #2915, .T. ) ;
#3063 = EDGE_CURVE ( 'NONE', #2311, #3723, #853, .T. ) ;
#3064 = CARTESIAN_POINT ( 'NONE',  ( -3.379960275475460740, 11.49227932591616508, 5.994465451906894948 ) ) ;
#3065 = CARTESIAN_POINT ( 'NONE',  ( 3.916018164138255653, 11.23767607433905802, 5.740246765032435583 ) ) ;
#3066 = CARTESIAN_POINT ( 'NONE',  ( 3.069704284838099984, 10.91121004338481271, 4.847453467474868383 ) ) ;
#3067 = VECTOR ( 'NONE', #1437, 1000.000000000000000 ) ;
#3068 = B_SPLINE_CURVE_WITH_KNOTS ( 'NONE', 3,
 ( #2743, #164, #985, #3621, #749, #1882 ),
 .UNSPECIFIED., .F., .F.,
 ( 4, 2, 4 ),
 ( 0.000000000000000000, 0.0005033446215488416621, 0.001006689243097683324 ),
 .UNSPECIFIED. ) ;
#3069 = ORIENTED_EDGE ( 'NONE', *, *, #289, .F. ) ;
#3070 = CARTESIAN_POINT ( 'NONE',  ( 3.554253405045308511, 12.08151351691041597, 3.962165792575505385 ) ) ;
#3071 = CARTESIAN_POINT ( 'NONE',  ( -3.783707400388928832, 11.32894205086515882, 5.561454043326582664 ) ) ;
#3072 = CARTESIAN_POINT ( 'NONE',  ( 2.884100827202694894, 12.53080177541686346, 4.094402321069336992 ) ) ;
#3073 = CARTESIAN_POINT ( 'NONE',  ( 1.400248321760954262, 12.36595758578997106, 6.812730763472211848 ) ) ;
#3074 = ORIENTED_EDGE ( 'NONE', *, *, #502, .F. ) ;
#3075 = CARTESIAN_POINT ( 'NONE',  ( -1.670824662331256372, 12.33586852868508998, 5.320184425379548721 ) ) ;
#3076 = CARTESIAN_POINT ( 'NONE',  ( 4.346591592426254813, 11.14885386928126465, 5.332712144775032748 ) ) ;
#3077 = CARTESIAN_POINT ( 'NONE',  ( 3.949195209452236899, 11.67715836360168780, 8.169227353021764060 ) ) ;
#3078 = ORIENTED_EDGE ( 'NONE', *, *, #1605, .T. ) ;
#3079 = DIRECTION ( 'NONE',  ( 1.000000000000000000, 0.000000000000000000, 0.000000000000000000 ) ) ;
#3080 = CIRCLE ( 'NONE', #3015, 5.649999999999998579 ) ;
#3081 = CARTESIAN_POINT ( 'NONE',  ( 4.096533740073625474, 11.58063484183811909, 4.549150226805304342 ) ) ;
#3082 = CARTESIAN_POINT ( 'NONE',  ( -1.353833977478119177, 13.17490464899370473, 3.592547513767600176 ) ) ;
#3083 = CARTESIAN_POINT ( 'NONE',  ( 1.400290039618580451, 12.32295194651436887, 6.392644311956930281 ) ) ;
#3084 = CARTESIAN_POINT ( 'NONE',  ( 4.399999999999999467, 7.689500000000001556, 2.899999999999999911 ) ) ;
#3085 = VECTOR ( 'NONE', #31, 1000.000000000000000 ) ;
#3086 = EDGE_CURVE ( 'NONE', #3314, #2122, #1608, .T. ) ;
#3087 = EDGE_CURVE ( 'NONE', #187, #3716, #3441, .T. ) ;
#3088 = ORIENTED_EDGE ( 'NONE', *, *, #81, .T. ) ;
#3089 = DIRECTION ( 'NONE',  ( 1.000000000000000000, 0.000000000000000000, 0.000000000000000000 ) ) ;
#3090 = CIRCLE ( 'NONE', #3508, 3.949999999999999734 ) ;
#3091 = CARTESIAN_POINT ( 'NONE',  ( -1.412538234306535448E-15, 7.689499999999998892, 3.411324865405185314 ) ) ;
#3092 = CARTESIAN_POINT ( 'NONE',  ( -3.685588111029137526, 11.40030433997746862, 5.463334753659427001 ) ) ;
#3093 = EDGE_CURVE ( 'NONE', #3376, #377, #2044, .T. ) ;
#3094 = CARTESIAN_POINT ( 'NONE',  ( -0.2936752541803234196, 12.54301591071150845, 6.812575442337962528 ) ) ;
#3095 = ORIENTED_EDGE ( 'NONE', *, *, #231, .F. ) ;
#3096 = VECTOR ( 'NONE', #3334, 1000.000000000000114 ) ;
#3097 = APPLICATION_PROTOCOL_DEFINITION ( 'draft international standard', 'automotive_design', 1998, #1214 ) ;
#3098 = CARTESIAN_POINT ( 'NONE',  ( -2.688065357566598479, 12.45084183771607655, 4.030407378461357659 ) ) ;
#3099 = DIRECTION ( 'NONE',  ( 1.000000000000000000, 0.000000000000000000, 0.000000000000000000 ) ) ;
#3100 = CARTESIAN_POINT ( 'NONE',  ( 1.400165880487228121, 12.84534424758591697, 7.996157282040200265 ) ) ;
#3101 = ORIENTED_EDGE ( 'NONE', *, *, #1718, .T. ) ;
#3102 = CARTESIAN_POINT ( 'NONE',  ( 2.617155953525002410, 11.83883832735577535, 4.660001811015928475 ) ) ;
#3103 = CARTESIAN_POINT ( 'NONE',  ( -4.537301310936032728, 11.01511765741062909, 5.668833724168797161 ) ) ;
#3104 =( BOUNDED_SURFACE ( )  B_SPLINE_SURFACE ( 3, 2, ( 
 ( #99, #3291, #700 ),
 ( #2157, #2735, #1834 ),
 ( #2101, #3614, #138 ),
 ( #2985, #2756, #2082 ) ),
 .UNSPECIFIED., .F., .F., .F. ) 
 B_SPLINE_SURFACE_WITH_KNOTS ( ( 4, 4 ),
 ( 3, 3 ),
 ( 0.0007244783058352881637, 0.0008171578449790195845 ),
 ( 0.000000000000000000, 1.000000000000000000 ),
 .UNSPECIFIED. ) 
 GEOMETRIC_REPRESENTATION_ITEM ( )  RATIONAL_B_SPLINE_SURFACE ( (
 ( 1.000000000000000000, 0.5681947464898725597, 1.000000000000000000),
 ( 1.000000000000000000, 0.5678821632315302903, 1.000000000000000000),
 ( 1.000000000000000000, 0.5675179051513710160, 1.000000000000000000),
 ( 1.000000000000000000, 0.5671267306057138358, 1.000000000000000000) ) ) 
 REPRESENTATION_ITEM ( '' )  SURFACE ( )  );
#3105 = CARTESIAN_POINT ( 'NONE',  ( -3.631402404553760288, 11.38297304222313144, 6.391935313987914036 ) ) ;
#3106 = CARTESIAN_POINT ( 'NONE',  ( 4.562933039832036464, 10.99341171362193137, 5.801360419599112639 ) ) ;
#3107 = DIRECTION ( 'NONE',  ( -1.000000000000000000, 0.000000000000000000, 0.000000000000000000 ) ) ;
#3108 = ORIENTED_EDGE ( 'NONE', *, *, #2048, .F. ) ;
#3109 = CYLINDRICAL_SURFACE ( 'NONE', #2670, 0.6399999877730513376 ) ;
#3110 = CARTESIAN_POINT ( 'NONE',  ( -3.371977036635764424, 11.65355023090864783, 5.149723679271062338 ) ) ;
#3111 = CARTESIAN_POINT ( 'NONE',  ( 2.995331205682391751, 11.69767372722035148, 6.812792297475059655 ) ) ;
#3112 = ORIENTED_EDGE ( 'NONE', *, *, #3367, .T. ) ;
#3113 = AXIS2_PLACEMENT_3D ( 'NONE', #2693, #1547, #194 ) ;
#3114 = EDGE_CURVE ( 'NONE', #1726, #45, #2028, .T. ) ;
#3115 = CARTESIAN_POINT ( 'NONE',  ( -3.631081890560440506, 12.01914995153763677, 4.030231337418102910 ) ) ;
#3116 = CARTESIAN_POINT ( 'NONE',  ( 4.375278664321523792, 11.45771267056489862, 8.169236875908042705 ) ) ;
#3117 = ORIENTED_EDGE ( 'NONE', *, *, #2094, .T. ) ;
#3118 = CARTESIAN_POINT ( 'NONE',  ( -4.450000000000000178, 2.002661781275171915, 6.825001781060429984 ) ) ;
#3119 = CARTESIAN_POINT ( 'NONE',  ( -3.866878537616284195, 10.55455704118543103, 5.742968010589152961 ) ) ;
#3120 = CARTESIAN_POINT ( 'NONE',  ( 4.686647078365012042, 10.94425920744990144, 6.392770782606686630 ) ) ;
#3121 = CARTESIAN_POINT ( 'NONE',  ( 3.903715970487983800, 11.24459488930976292, 5.897395534134443729 ) ) ;
#3122 = ORIENTED_EDGE ( 'NONE', *, *, #40, .T. ) ;
#3123 = VECTOR ( 'NONE', #3658, 1000.000000000000000 ) ;
#3124 = CARTESIAN_POINT ( 'NONE',  ( -3.950000000000000178, 7.689499999999999780, 3.411324865405185314 ) ) ;
#3125 =( GEOMETRIC_REPRESENTATION_CONTEXT ( 3 ) GLOBAL_UNCERTAINTY_ASSIGNED_CONTEXT ( ( #2394 ) ) GLOBAL_UNIT_ASSIGNED_CONTEXT ( ( #1821, #3642, #3261 ) ) REPRESENTATION_CONTEXT ( 'NONE', 'WORKASPACE' ) );
#3126 = DIRECTION ( 'NONE',  ( 1.836424922576479228E-13, -0.8010027527915679624, -0.5986606634983880904 ) ) ;
#3127 = CARTESIAN_POINT ( 'NONE',  ( 2.602085213965210642E-15, -7.689499999999998892, 3.500000000000000000 ) ) ;
#3128 = CARTESIAN_POINT ( 'NONE',  ( -2.097570062127342094, 12.11202548668420675, 6.812305382909971563 ) ) ;
#3129 = ORIENTED_EDGE ( 'NONE', *, *, #609, .F. ) ;
#3130 = CARTESIAN_POINT ( 'NONE',  ( -4.438265395118184742, 11.66936540479898099, 4.030083985662659352 ) ) ;
#3131 = CARTESIAN_POINT ( 'NONE',  ( 4.375269832455954244, 11.56067797518974594, 8.342242935760131317 ) ) ;
#3132 = EDGE_CURVE ( 'NONE', #2282, #365, #2559, .T. ) ;
#3133 = EDGE_LOOP ( 'NONE', ( #1928, #1068, #1713, #400 ) ) ;
#3134 = EDGE_CURVE ( 'NONE', #34, #856, #2977, .T. ) ;
#3135 = CARTESIAN_POINT ( 'NONE',  ( -4.515811619632608576, 11.03072135526796949, 5.608224697396637204 ) ) ;
#3136 = CARTESIAN_POINT ( 'NONE',  ( -4.449999999999999289, -3.955379618921897489, 3.699999999999996625 ) ) ;
#3137 = CARTESIAN_POINT ( 'NONE',  ( 4.686732928099694995, 10.93329352835186441, 5.597737296660359796 ) ) ;
#3138 = CARTESIAN_POINT ( 'NONE',  ( -4.108462164867932920, 11.56826156956774554, 4.564123020269277298 ) ) ;
#3139 = VERTEX_POINT ( 'NONE', #1773 ) ;
#3140 = EDGE_LOOP ( 'NONE', ( #540, #3205, #1874 ) ) ;
#3141 = FACE_OUTER_BOUND ( 'NONE', #2103, .T. ) ;
#3142 = CARTESIAN_POINT ( 'NONE',  ( 4.449999999999998401, 0.7616276423128574002, -1.307535167130179810 ) ) ;
#3143 = CYLINDRICAL_SURFACE ( 'NONE', #1832, 4.450000000000001066 ) ;
#3144 = CIRCLE ( 'NONE', #1791, 4.450000000000001066 ) ;
#3145 = VERTEX_POINT ( 'NONE', #2617 ) ;
#3146 = CARTESIAN_POINT ( 'NONE',  ( 1.400571180977374208, 12.83076980411451373, 4.276083993062774979 ) ) ;
#3147 = CARTESIAN_POINT ( 'NONE',  ( -3.259116874320209245, 11.98519357255628925, 7.995502491764370667 ) ) ;
#3148 = VERTEX_POINT ( 'NONE', #2577 ) ;
#3149 = ADVANCED_FACE ( 'NONE', ( #5 ), #272, .T. ) ;
#3150 = CARTESIAN_POINT ( 'NONE',  ( -2.380469262731008673, 12.44248725016818469, 4.353129550125017566 ) ) ;
#3151 = CARTESIAN_POINT ( 'NONE',  ( 4.061646080615556542, 11.61709274174354967, 4.510818279091900251 ) ) ;
#3152 = EDGE_CURVE ( 'NONE', #2061, #809, #2274, .T. ) ;
#3153 = CARTESIAN_POINT ( 'NONE',  ( 3.473144184702557702, 11.47209324555682386, 5.597695606218002773 ) ) ;
#3154 = CARTESIAN_POINT ( 'NONE',  ( -3.384290665970642209, 11.93599241620403895, 4.488937497352535999 ) ) ;
#3155 = CARTESIAN_POINT ( 'NONE',  ( 3.406103330382739713, 12.19741885581937879, 3.840199584220828743 ) ) ;
#3156 = VERTEX_POINT ( 'NONE', #2714 ) ;
#3157 = ORIENTED_EDGE ( 'NONE', *, *, #562, .T. ) ;
#3158 = CARTESIAN_POINT ( 'NONE',  ( 5.649999999999997691, 7.689500000000001556, 3.500000000000000000 ) ) ;
#3159 = CARTESIAN_POINT ( 'NONE',  ( -4.449999999999999289, -7.689499999999998892, 10.00000000000000000 ) ) ;
#3160 = CARTESIAN_POINT ( 'NONE',  ( 5.323076939304392852, 3.875939667197300320, 5.189998612018002611 ) ) ;
#3161 = ORIENTED_EDGE ( 'NONE', *, *, #1957, .F. ) ;
#3162 = DIRECTION ( 'NONE',  ( -1.000000000000000000, 0.000000000000000000, 0.000000000000000000 ) ) ;
#3163 = CARTESIAN_POINT ( 'NONE',  ( -3.379719401971374104, 12.03271673262004171, 4.275426460270369766 ) ) ;
#3164 = CARTESIAN_POINT ( 'NONE',  ( -2.524188778373280595, 12.05052168334917084, 7.291143060351092942 ) ) ;
#3165 = EDGE_LOOP ( 'NONE', ( #3219, #3260, #1679 ) ) ;
#3166 = VECTOR ( 'NONE', #2824, 1000.000000000000000 ) ;
#3167 = CARTESIAN_POINT ( 'NONE',  ( -4.561121060588930298, 11.02396165731125599, 5.527032606091990985 ) ) ;
#3168 = CARTESIAN_POINT ( 'NONE',  ( 4.972236430896860071, 8.572316444829860771, -23.18283361322050951 ) ) ;
#3169 = ADVANCED_FACE ( 'NONE', ( #2410 ), #2944, .F. ) ;
#3170 = CARTESIAN_POINT ( 'NONE',  ( -1.670861384514808590, 12.27023287695440068, 5.597267933716410404 ) ) ;
#3171 = DIRECTION ( 'NONE',  ( -1.394694531382927018E-16, 1.000000000000000000, 0.000000000000000000 ) ) ;
#3172 = CARTESIAN_POINT ( 'NONE',  ( 2.841119732641044671, 12.55572035612536475, 4.084044661155243006 ) ) ;
#3173 = EDGE_LOOP ( 'NONE', ( #1346, #3440, #3275, #63 ) ) ;
#3174 = ADVANCED_FACE ( 'NONE', ( #3311 ), #2448, .F. ) ;
#3175 = ORIENTED_EDGE ( 'NONE', *, *, #1273, .F. ) ;
#3176 = EDGE_CURVE ( 'NONE', #2320, #2760, #438, .T. ) ;
#3177 = DIRECTION ( 'NONE',  ( 1.000000000000000000, 2.255963945609997600E-16, 0.000000000000000000 ) ) ;
#3178 = PLANE ( 'NONE',  #3303 ) ;
#3179 = CARTESIAN_POINT ( 'NONE',  ( 4.244057934939591270, 11.41945304330170607, 4.721345340461437168 ) ) ;
#3180 = ORIENTED_EDGE ( 'NONE', *, *, #3567, .F. ) ;
#3181 = CARTESIAN_POINT ( 'NONE',  ( -2.617158493531011043, 11.83125229371667508, 4.160001811015860973 ) ) ;
#3182 = CARTESIAN_POINT ( 'NONE',  ( -1.408257227162153402, 13.20167318852563199, 3.540343467996803994 ) ) ;
#3183 = CARTESIAN_POINT ( 'NONE',  ( 4.162246277954928075, 11.46967081995305016, 7.996226933166802553 ) ) ;
#3184 = ORIENTED_EDGE ( 'NONE', *, *, #1019, .F. ) ;
#3185 = VECTOR ( 'NONE', #2637, 1000.000000000000000 ) ;
#3186 = FACE_OUTER_BOUND ( 'NONE', #2634, .T. ) ;
#3187 = CARTESIAN_POINT ( 'NONE',  ( -0.4764289841614553489, 12.80043482557725198, 4.660001811017171924 ) ) ;
#3188 = CARTESIAN_POINT ( 'NONE',  ( -4.245306445008340646, 11.41748640908405044, 4.727261252733124586 ) ) ;
#3189 = CARTESIAN_POINT ( 'NONE',  ( -4.013057218788278036, 11.28072196858577314, 5.319750064963877811 ) ) ;
#3190 = CARTESIAN_POINT ( 'NONE',  ( -2.756703598663494237, 12.14033090763377132, 4.660001811015867190 ) ) ;
#3191 = LINE ( 'NONE', #2098, #35 ) ;
#3192 = ORIENTED_EDGE ( 'NONE', *, *, #999, .F. ) ;
#3193 = EDGE_LOOP ( 'NONE', ( #2748, #1402, #3423, #1961, #2128 ) ) ;
#3194 = CARTESIAN_POINT ( 'NONE',  ( 5.650000000000000355, -2.129508668001011795, 5.715302991864936288 ) ) ;
#3195 = EDGE_CURVE ( 'NONE', #2164, #3251, #2654, .T. ) ;
#3196 = DIRECTION ( 'NONE',  ( 1.827122349717732326E-32, -1.619815204292807188E-16, 1.000000000000000000 ) ) ;
#3197 = EDGE_CURVE ( 'NONE', #2079, #1357, #98, .T. ) ;
#3198 = CARTESIAN_POINT ( 'NONE',  ( 2.979227447860118172, 12.49215274665333553, 3.635132362941639883 ) ) ;
#3199 = VERTEX_POINT ( 'NONE', #117 ) ;
#3200 = DIRECTION ( 'NONE',  ( -1.000000000000000000, -1.127981972804998554E-16, 0.000000000000000000 ) ) ;
#3201 = EDGE_CURVE ( 'NONE', #1210, #2164, #1258, .T. ) ;
#3202 = CARTESIAN_POINT ( 'NONE',  ( 0.7012989279151649047, 13.21438639430576956, 3.785741639788822610 ) ) ;
#3203 = CARTESIAN_POINT ( 'NONE',  ( 0.7008357096479851389, 12.79164747665027235, 7.643846324321835084 ) ) ;
#3204 = AXIS2_PLACEMENT_3D ( 'NONE', #2317, #349, #3162 ) ;
#3205 = ORIENTED_EDGE ( 'NONE', *, *, #3033, .F. ) ;
#3206 = DIRECTION ( 'NONE',  ( 0.000000000000000000, 0.5299192642332032355, -0.8480480961564270670 ) ) ;
#3207 = FACE_OUTER_BOUND ( 'NONE', #835, .T. ) ;
#3208 = CARTESIAN_POINT ( 'NONE',  ( -4.570598584815863674, 10.98725066497237712, 6.025001781060435491 ) ) ;
#3209 = B_SPLINE_CURVE_WITH_KNOTS ( 'NONE', 3,
 ( #2197, #3287, #2711, #3612 ),
 .UNSPECIFIED., .F., .F.,
 ( 4, 4 ),
 ( 0.000000000000000000, 0.0002126031727092469526 ),
 .UNSPECIFIED. ) ;
#3210 = CARTESIAN_POINT ( 'NONE',  ( 2.867905055786303503, 11.77678691658945276, 5.597680892972389799 ) ) ;
#3211 = AXIS2_PLACEMENT_3D ( 'NONE', #1371, #2794, #804 ) ;
#3212 = DIRECTION ( 'NONE',  ( -1.691972959207498077E-16, 1.000000000000000000, -7.009287564644742256E-31 ) ) ;
#3213 = DIRECTION ( 'NONE',  ( 0.000000000000000000, 0.000000000000000000, -1.000000000000000000 ) ) ;
#3214 = ORIENTED_EDGE ( 'NONE', *, *, #291, .T. ) ;
#3215 = ORIENTED_EDGE ( 'NONE', *, *, #609, .T. ) ;
#3216 = CARTESIAN_POINT ( 'NONE',  ( -2.967391028118996577, 12.18395276861154919, 4.342344370710785384 ) ) ;
#3217 = DIRECTION ( 'NONE',  ( -0.000000000000000000, -0.000000000000000000, -1.000000000000000000 ) ) ;
#3218 = PLANE ( 'NONE',  #2344 ) ;
#3219 = ORIENTED_EDGE ( 'NONE', *, *, #316, .F. ) ;
#3220 = EDGE_CURVE ( 'NONE', #856, #3696, #3331, .T. ) ;
#3221 = CARTESIAN_POINT ( 'NONE',  ( 4.410689520190356205, 2.002661781275172359, 6.825001781060429096 ) ) ;
#3222 = CARTESIAN_POINT ( 'NONE',  ( -3.379646492305705685, 12.22983441403892968, 3.785129076443793039 ) ) ;
#3223 = CARTESIAN_POINT ( 'NONE',  ( 3.839899561448995247, 11.64059958465377598, 7.996220558284840685 ) ) ;
#3224 = VERTEX_POINT ( 'NONE', #1568 ) ;
#3225 = EDGE_CURVE ( 'NONE', #2066, #3602, #2367, .T. ) ;
#3226 = CARTESIAN_POINT ( 'NONE',  ( 4.894999999999999574, 7.689500000000000668, -23.18283361322050951 ) ) ;
#3227 = CARTESIAN_POINT ( 'NONE',  ( 2.969490325655694818, 12.19003403466258995, 4.342015540466088730 ) ) ;
#3228 = DIRECTION ( 'NONE',  ( 1.127981972804998800E-16, -1.000000000000000000, -0.000000000000000000 ) ) ;
#3229 = VECTOR ( 'NONE', #3039, 1000.000000000000000 ) ;
#3230 = DIRECTION ( 'NONE',  ( 0.000000000000000000, -0.8010027527915679624, -0.5986606634983880904 ) ) ;
#3231 = LINE ( 'NONE', #2614, #3530 ) ;
#3232 = EDGE_LOOP ( 'NONE', ( #2845, #1607, #488, #511 ) ) ;
#3233 = ORIENTED_EDGE ( 'NONE', *, *, #3293, .F. ) ;
#3234 = DIRECTION ( 'NONE',  ( 1.000000000000000000, 0.000000000000000000, 0.000000000000000000 ) ) ;
#3235 = CARTESIAN_POINT ( 'NONE',  ( 3.702546981838253704, 10.77172241801133445, 5.480296164474743215 ) ) ;
#3236 = CARTESIAN_POINT ( 'NONE',  ( 4.894999999999999574, 7.689500000000000668, 3.625001781060455119 ) ) ;
#3237 = ORIENTED_EDGE ( 'NONE', *, *, #3086, .T. ) ;
#3238 = AXIS2_PLACEMENT_3D ( 'NONE', #125, #3603, #710 ) ;
#3239 = CARTESIAN_POINT ( 'NONE',  ( 3.889998638297714972, 10.29269476506532932, 5.815879762055976343 ) ) ;
#3240 = CARTESIAN_POINT ( 'NONE',  ( -4.438190757322055369, 11.88413289861029654, 3.539789583470999368 ) ) ;
#3241 = CARTESIAN_POINT ( 'NONE',  ( -4.438678683773478184, 11.08949504270760755, 7.290771372461954059 ) ) ;
#3242 = ORIENTED_EDGE ( 'NONE', *, *, #402, .F. ) ;
#3243 = DIRECTION ( 'NONE',  ( -1.000000000000000000, 0.000000000000000000, -0.000000000000000000 ) ) ;
#3244 = EDGE_CURVE ( 'NONE', #2320, #3148, #699, .T. ) ;
#3245 = DIRECTION ( 'NONE',  ( -0.7071067811867041142, 0.000000000000000000, -0.7071067811863910313 ) ) ;
#3246 = EDGE_CURVE ( 'NONE', #1109, #2822, #1296, .T. ) ;
#3247 = CARTESIAN_POINT ( 'NONE',  ( 4.149683082426586012, 11.52399887425499259, 4.607876873856296740 ) ) ;
#3248 = B_SPLINE_CURVE_WITH_KNOTS ( 'NONE', 3,
 ( #3369, #1599, #2500, #1071, #172, #531 ),
 .UNSPECIFIED., .F., .F.,
 ( 4, 2, 4 ),
 ( 1.769077770938648657E-17, 0.0004544809885105342774, 0.0009089619770210508824 ),
 .UNSPECIFIED. ) ;
#3249 = CARTESIAN_POINT ( 'NONE',  ( 3.783327745610050918, 11.32515268451230739, 5.561076928245636708 ) ) ;
#3250 = DIRECTION ( 'NONE',  ( 0.000000000000000000, 0.9998770575616399148, 0.01568023475197363736 ) ) ;
#3251 = VERTEX_POINT ( 'NONE', #960 ) ;
#3252 = ORIENTED_EDGE ( 'NONE', *, *, #1936, .T. ) ;
#3253 = CARTESIAN_POINT ( 'NONE',  ( 2.614627109592437382, 12.69811629783593787, 3.593953303997062587 ) ) ;
#3254 = PLANE ( 'NONE',  #3059 ) ;
#3255 = DIRECTION ( 'NONE',  ( 1.000000000000000000, 0.000000000000000000, 3.067555686463477808E-13 ) ) ;
#3256 = VERTEX_POINT ( 'NONE', #1493 ) ;
#3257 = CARTESIAN_POINT ( 'NONE',  ( -0.4470611849136035265, 12.47628142479237567, 4.660001811015916040 ) ) ;
#3258 = CARTESIAN_POINT ( 'NONE',  ( -4.685198024905004033, 11.66167926919888842, 3.784890340586459345 ) ) ;
#3259 = CARTESIAN_POINT ( 'NONE',  ( 3.197050207612637251, 11.65114025454747981, 7.112464464519891116 ) ) ;
#3260 = ORIENTED_EDGE ( 'NONE', *, *, #336, .F. ) ;
#3261 =( NAMED_UNIT ( * ) SI_UNIT ( $, .STERADIAN. ) SOLID_ANGLE_UNIT ( ) );
#3262 = CARTESIAN_POINT ( 'NONE',  ( 1.509081679368606599, 13.13431090999286965, 3.591199101713509645 ) ) ;
#3263 = CARTESIAN_POINT ( 'NONE',  ( 3.618459057336751439, 11.74768612760489717, 4.684122577606996352 ) ) ;
#3264 = CARTESIAN_POINT ( 'NONE',  ( 3.398718197541808816, 12.12209838328146105, 8.342230986418858407 ) ) ;
#3265 = AXIS2_PLACEMENT_3D ( 'NONE', #2622, #3463, #1722 ) ;
#3266 = EDGE_CURVE ( 'NONE', #3696, #207, #2656, .T. ) ;
#3267 = DIRECTION ( 'NONE',  ( -1.000000000000000000, 0.000000000000000000, 0.000000000000000000 ) ) ;
#3268 = CARTESIAN_POINT ( 'NONE',  ( 3.368692109531338463, 12.18529468105694136, 4.386622883916531990 ) ) ;
#3269 = EDGE_LOOP ( 'NONE', ( #1324, #2633, #672 ) ) ;
#3270 = EDGE_CURVE ( 'NONE', #199, #1265, #682, .T. ) ;
#3271 = DIRECTION ( 'NONE',  ( 4.142671149973825313E-15, 0.000000000000000000, -1.000000000000000000 ) ) ;
#3272 = CARTESIAN_POINT ( 'NONE',  ( -3.892659755989657189, 10.57249820484678260, 6.025001781060436379 ) ) ;
#3273 = CARTESIAN_POINT ( 'NONE',  ( -3.621721143956988520, 12.02611009194110814, 4.030995845410148881 ) ) ;
#3274 = VECTOR ( 'NONE', #3126, 1000.000000000000114 ) ;
#3275 = ORIENTED_EDGE ( 'NONE', *, *, #3062, .T. ) ;
#3276 = FACE_OUTER_BOUND ( 'NONE', #1856, .T. ) ;
#3277 = LINE ( 'NONE', #3318, #3654 ) ;
#3278 = CARTESIAN_POINT ( 'NONE',  ( 3.472981897006277130, 11.50607195183488862, 7.112470132334690831 ) ) ;
#3279 = EDGE_LOOP ( 'NONE', ( #1548, #608, #3626 ) ) ;
#3280 = CARTESIAN_POINT ( 'NONE',  ( 4.162589056953859945, 11.39972932754730728, 4.798404228980868602 ) ) ;
#3281 = CARTESIAN_POINT ( 'NONE',  ( 2.108142564979883282, 12.93177264542967642, 3.592865502418896906 ) ) ;
#3282 = LINE ( 'NONE', #1252, #1602 ) ;
#3283 = CARTESIAN_POINT ( 'NONE',  ( 3.949186917523369367, 11.78563817174110362, 8.342234344455208728 ) ) ;
#3284 = VECTOR ( 'NONE', #65, 1000.000000000000000 ) ;
#3285 = CLOSED_SHELL ( 'NONE', ( #705, #2167, #3704, #383, #338, #1114, #3315, #233, #2560, #728, #3322, #1069, #1540, #361, #3568, #3174, #1764, #3169, #3149, #102, #3590, #481, #1890, #1716, #1490, #1401, #1299, #846, #1766, #658, #128, #62, #2913, #3688, #2499, #2332, #1814, #1695, #1697, #953, #3410, #2660, #1838, #3522, #2517, #3472, #1223, #3643, #3732, #249, #798, #2774, #3408, #1140, #2635, #2778, #1468, #976, #2049, #3347, #1450, #20, #1051, #781, #2540, #3542, #799, #2753, #3451, #638, #3641, #2630, #208, #3548, #3596, #3294, #1295, #1444, #3501, #252, #2606, #248, #2195, #524 ) ) ;
#3286 = CARTESIAN_POINT ( 'NONE',  ( 3.883219755821458286, 11.26369515047994696, 5.660968938457873634 ) ) ;
#3287 = CARTESIAN_POINT ( 'NONE',  ( 3.508951987799233230, 12.11800616317133716, 3.921500890360563485 ) ) ;
#3288 = ORIENTED_EDGE ( 'NONE', *, *, #2962, .T. ) ;
#3289 = AXIS2_PLACEMENT_3D ( 'NONE', #376, #24, #43 ) ;
#3290 = CARTESIAN_POINT ( 'NONE',  ( 4.972236430896860959, 8.572316444829866100, 4.530087892963106988 ) ) ;
#3291 = CARTESIAN_POINT ( 'NONE',  ( 3.889998638297436528, 11.24381050681163607, 6.025880757686209677 ) ) ;
#3292 = LINE ( 'NONE', #177, #1985 ) ;
#3293 = EDGE_CURVE ( 'NONE', #180, #550, #2237, .T. ) ;
#3294 = ADVANCED_FACE ( 'NONE', ( #3536 ), #1510, .F. ) ;
#3295 = ORIENTED_EDGE ( 'NONE', *, *, #3665, .T. ) ;
#3296 = AXIS2_PLACEMENT_3D ( 'NONE', #2487, #2525, #837 ) ;
#3297 = CARTESIAN_POINT ( 'NONE',  ( 9.124459774057007512E-17, -7.689499999999998892, -0.9500000000000011768 ) ) ;
#3298 = CARTESIAN_POINT ( 'NONE',  ( 2.336522013609513948, 12.88137828078740554, 3.540698853966658177 ) ) ;
#3299 = AXIS2_PLACEMENT_3D ( 'NONE', #1447, #2302, #951 ) ;
#3300 = CARTESIAN_POINT ( 'NONE',  ( -0.8512087441595346249, 12.55716826824404819, 7.112174836452467730 ) ) ;
#3301 = VERTEX_POINT ( 'NONE', #2100 ) ;
#3302 = CARTESIAN_POINT ( 'NONE',  ( 3.423257675431201186, 11.32850618924921449, 4.493900076881422123 ) ) ;
#3303 = AXIS2_PLACEMENT_3D ( 'NONE', #589, #1717, #2449 ) ;
#3304 = CARTESIAN_POINT ( 'NONE',  ( -3.379799263406242815, 11.80025266520861216, 4.797647127539660161 ) ) ;
#3305 = CARTESIAN_POINT ( 'NONE',  ( 0.6447235469249003037, 13.30261280420435455, 3.589458239945195750 ) ) ;
#3306 = CARTESIAN_POINT ( 'NONE',  ( -4.570598584815863674, 10.98725066497237712, 6.025001781060435491 ) ) ;
#3307 = CARTESIAN_POINT ( 'NONE',  ( -3.882967512881884797, 11.94372645229156582, 8.514393272157454007 ) ) ;
#3308 = CARTESIAN_POINT ( 'NONE',  ( 3.728491401612926470, 11.64812288015287578, 4.790610770092511572 ) ) ;
#3309 = DIRECTION ( 'NONE',  ( 1.127981972804998554E-16, -1.000000000000000000, 0.000000000000000000 ) ) ;
#3310 = VERTEX_POINT ( 'NONE', #977 ) ;
#3311 = FACE_OUTER_BOUND ( 'NONE', #1095, .T. ) ;
#3312 = FACE_OUTER_BOUND ( 'NONE', #2541, .T. ) ;
#3313 = CARTESIAN_POINT ( 'NONE',  ( -3.391055394272260770, 12.20871028541574965, 3.829982888718157508 ) ) ;
#3314 = VERTEX_POINT ( 'NONE', #3290 ) ;
#3315 = ADVANCED_FACE ( 'NONE', ( #1833 ), #3002, .T. ) ;
#3316 = EDGE_CURVE ( 'NONE', #3560, #3462, #1970, .T. ) ;
#3317 = CARTESIAN_POINT ( 'NONE',  ( -4.035371717353410048, 11.38080162164692588, 5.058707357629718793 ) ) ;
#3318 = CARTESIAN_POINT ( 'NONE',  ( 3.950000000000001954, -7.689499999999999780, 3.699999999999999734 ) ) ;
#3319 = CARTESIAN_POINT ( 'NONE',  ( -3.882877105050995592, 11.30081450293060996, 7.111631097988398764 ) ) ;
#3320 = VERTEX_POINT ( 'NONE', #2542 ) ;
#3321 = DIRECTION ( 'NONE',  ( -1.000000000000000000, 0.000000000000000000, -8.285342299947650627E-15 ) ) ;
#3322 = ADVANCED_FACE ( 'NONE', ( #3141 ), #1999, .T. ) ;
#3323 = CARTESIAN_POINT ( 'NONE',  ( 4.479294439722481869, 11.07825497220881772, 5.320644500839238233 ) ) ;
#3324 = CARTESIAN_POINT ( 'NONE',  ( 1.133264261040226817, 13.22524986404898861, 3.590236220055970762 ) ) ;
#3325 = CARTESIAN_POINT ( 'NONE',  ( 4.594784240890501970, 10.97711589593906645, 6.025002248862955767 ) ) ;
#3326 = CARTESIAN_POINT ( 'NONE',  ( -3.259132110564128659, 12.21591669311992590, 8.341518799740670786 ) ) ;
#3327 = ORIENTED_EDGE ( 'NONE', *, *, #1723, .T. ) ;
#3328 = FACE_OUTER_BOUND ( 'NONE', #1575, .T. ) ;
#3329 = DIRECTION ( 'NONE',  ( 0.000000000000000000, -0.5299192642332021252, -0.8480480961564277331 ) ) ;
#3330 = CARTESIAN_POINT ( 'NONE',  ( -1.256225803045189604, 13.19836912908897020, 3.592309022260430140 ) ) ;
#3331 = LINE ( 'NONE', #1853, #217 ) ;
#3332 = CARTESIAN_POINT ( 'NONE',  ( 3.554253405045308511, 12.08151351691041597, 3.962165792575505385 ) ) ;
#3333 = VECTOR ( 'NONE', #1075, 1000.000000000000000 ) ;
#3334 = DIRECTION ( 'NONE',  ( -0.000000000000000000, 0.8010027527915679624, 0.5986606634983880904 ) ) ;
#3335 = ORIENTED_EDGE ( 'NONE', *, *, #3521, .T. ) ;
#3336 = CARTESIAN_POINT ( 'NONE',  ( 1.568525956657914389, 12.25904978404650159, 4.660001811015934692 ) ) ;
#3337 = FILL_AREA_STYLE_COLOUR ( '', #1347 ) ;
#3338 = CARTESIAN_POINT ( 'NONE',  ( 3.265088559162025561, 12.27075984171215417, 4.287916488400681736 ) ) ;
#3339 = VECTOR ( 'NONE', #2222, 1000.000000000000000 ) ;
#3340 = CARTESIAN_POINT ( 'NONE',  ( 3.472966626847294513, 11.55025831592290508, 7.291714342554110218 ) ) ;
#3341 = ORIENTED_EDGE ( 'NONE', *, *, #2887, .F. ) ;
#3342 = CARTESIAN_POINT ( 'NONE',  ( -5.649999999999997691, -7.689499999999998892, 3.500000000000000000 ) ) ;
#3343 = CARTESIAN_POINT ( 'NONE',  ( 2.336324661997538410, 12.27024817977707016, 4.798351577312617522 ) ) ;
#3344 = CARTESIAN_POINT ( 'NONE',  ( 0.8797476809978349577, 13.27174240853690357, 3.589741193008205045 ) ) ;
#3345 = CARTESIAN_POINT ( 'NONE',  ( 4.569460162236159917, 10.98808957269505449, 5.871064070010756808 ) ) ;
#3346 = CARTESIAN_POINT ( 'NONE',  ( -3.882960522399820924, 11.82195465470844020, 8.341384035268992747 ) ) ;
#3347 = ADVANCED_FACE ( 'NONE', ( #3424 ), #2126, .F. ) ;
#3348 = ORIENTED_EDGE ( 'NONE', *, *, #731, .T. ) ;
#3349 = CYLINDRICAL_SURFACE ( 'NONE', #2216, 0.6399999877737695408 ) ;
#3350 = LINE ( 'NONE', #3630, #3229 ) ;
#3351 = CARTESIAN_POINT ( 'NONE',  ( -1.378165243010778696, 13.16884475041161018, 3.592605709631580879 ) ) ;
#3352 = CARTESIAN_POINT ( 'NONE',  ( 0.001624064737640787143, 12.50076320394943252, 5.995005582879405104 ) ) ;
#3353 = CARTESIAN_POINT ( 'NONE',  ( 4.429442126344385500, 11.08999286942146867, 5.435607839378153727 ) ) ;
#3354 = CARTESIAN_POINT ( 'NONE',  ( -3.461793255051718976, 12.15555129387599287, 3.879948203251112115 ) ) ;
#3355 = ORIENTED_EDGE ( 'NONE', *, *, #1981, .F. ) ;
#3356 = CARTESIAN_POINT ( 'NONE',  ( -5.650000000000000355, 7.689499999999997115, 10.00000000000000000 ) ) ;
#3357 = CARTESIAN_POINT ( 'NONE',  ( 4.227268659455555522, 9.305148481704641483, 5.077798511808493842 ) ) ;
#3358 = VECTOR ( 'NONE', #456, 1000.000000000000000 ) ;
#3359 = CARTESIAN_POINT ( 'NONE',  ( 4.687038402087324584, 11.75610663939772316, 3.540765799078433140 ) ) ;
#3360 = CARTESIAN_POINT ( 'NONE',  ( 3.616118723460429507, 12.03068944522491002, 4.024999594354445875 ) ) ;
#3361 = CARTESIAN_POINT ( 'NONE',  ( 4.375420889653828027, 11.06113554880200311, 6.513177714914903937 ) ) ;
#3362 = ORIENTED_EDGE ( 'NONE', *, *, #1813, .T. ) ;
#3363 = CARTESIAN_POINT ( 'NONE',  ( -3.258779997345513824, 11.85497328591210930, 4.797669604503759899 ) ) ;
#3364 = DIRECTION ( 'NONE',  ( 1.000000000000000000, 0.000000000000000000, 0.000000000000000000 ) ) ;
#3365 = CARTESIAN_POINT ( 'NONE',  ( 0.001447751024418174239, 13.12754032199790721, 8.169040669358054174 ) ) ;
#3366 = ORIENTED_EDGE ( 'NONE', *, *, #1073, .F. ) ;
#3367 = EDGE_CURVE ( 'NONE', #2972, #2594, #500, .T. ) ;
#3368 = EDGE_CURVE ( 'NONE', #2921, #830, #574, .T. ) ;
#3369 = CARTESIAN_POINT ( 'NONE',  ( 4.567162572264742870, 10.98724122566355277, 6.025001781060473682 ) ) ;
#3370 = AXIS2_PLACEMENT_3D ( 'NONE', #2679, #961, #996 ) ;
#3371 = FACE_OUTER_BOUND ( 'NONE', #2146, .T. ) ;
#3372 = CARTESIAN_POINT ( 'NONE',  ( -1.363346670296458951, 13.17255062784374786, 3.592570353964402052 ) ) ;
#3373 = CARTESIAN_POINT ( 'NONE',  ( -4.225883204756832434, 11.12599609946243895, 6.391826898502041665 ) ) ;
#3374 = CARTESIAN_POINT ( 'NONE',  ( -4.895000000000001350, -4.002243707385001237, 3.625001781060453343 ) ) ;
#3375 = AXIS2_PLACEMENT_3D ( 'NONE', #2945, #363, #290 ) ;
#3376 = VERTEX_POINT ( 'NONE', #3124 ) ;
#3377 = CARTESIAN_POINT ( 'NONE',  ( -16.02198379339003154, 4.941041079831893335, 6.025001781060429273 ) ) ;
#3378 = LINE ( 'NONE', #203, #3650 ) ;
#3379 = CARTESIAN_POINT ( 'NONE',  ( -4.048814146449877249, 11.36972430640451925, 5.070416954465304826 ) ) ;
#3380 = CARTESIAN_POINT ( 'NONE',  ( 3.451983415423211188, 12.16238160586822481, 3.874207183148846045 ) ) ;
#3381 = CARTESIAN_POINT ( 'NONE',  ( -2.688428545095186362, 11.84791000188689125, 6.812196157665254326 ) ) ;
#3382 = ORIENTED_EDGE ( 'NONE', *, *, #826, .T. ) ;
#3383 = CARTESIAN_POINT ( 'NONE',  ( -1.408376089451907287, 12.80899343813814539, 4.275773156694921084 ) ) ;
#3384 = VECTOR ( 'NONE', #862, 1000.000000000000000 ) ;
#3385 = CARTESIAN_POINT ( 'NONE',  ( -2.938060678532475656, 11.03321123111755142, 4.740039997476097611 ) ) ;
#3386 = CARTESIAN_POINT ( 'NONE',  ( -4.013323759774147348, 11.54612064929404802, 7.995345850199170989 ) ) ;
#3387 = EDGE_LOOP ( 'NONE', ( #1956, #61, #1183, #941, #2688 ) ) ;
#3388 = DIRECTION ( 'NONE',  ( 0.000000000000000000, 1.000000000000000000, 0.000000000000000000 ) ) ;
#3389 = B_SPLINE_CURVE_WITH_KNOTS ( 'NONE', 3,
 ( #430, #1805, #2996, #3306 ),
 .UNSPECIFIED., .F., .F.,
 ( 4, 4 ),
 ( 5.910787897262146203E-05, 8.376400064094631395E-05 ),
 .UNSPECIFIED. ) ;
#3390 = CARTESIAN_POINT ( 'NONE',  ( -3.380003477261593670, 11.49493392716803086, 6.391981717097411142 ) ) ;
#3391 = LINE ( 'NONE', #479, #1658 ) ;
#3392 = DIRECTION ( 'NONE',  ( 0.000000000000000000, 0.000000000000000000, -1.000000000000000000 ) ) ;
#3393 = EDGE_CURVE ( 'NONE', #841, #3597, #2506, .T. ) ;
#3394 = EDGE_LOOP ( 'NONE', ( #2511, #3647, #1820, #3635 ) ) ;
#3395 = DIRECTION ( 'NONE',  ( -9.035166653160672742E-17, 0.8010027527915679624, 0.5986606634983880904 ) ) ;
#3396 = CARTESIAN_POINT ( 'NONE',  ( 3.949999999999998845, 7.689500000000001556, 3.411324865405185314 ) ) ;
#3397 = CARTESIAN_POINT ( 'NONE',  ( 3.839994328450866856, 11.28709855134239604, 6.812815305947744093 ) ) ;
#3398 = ORIENTED_EDGE ( 'NONE', *, *, #1744, .T. ) ;
#3399 = CARTESIAN_POINT ( 'NONE',  ( -0.8508234898710472782, 13.05086106733990547, 4.030709637109497478 ) ) ;
#3400 = CARTESIAN_POINT ( 'NONE',  ( -3.631550135798082835, 11.85778495308534808, 8.168428911794558545 ) ) ;
#3401 = ORIENTED_EDGE ( 'NONE', *, *, #2562, .F. ) ;
#3402 = CARTESIAN_POINT ( 'NONE',  ( -3.890001186371898623, 10.52106755786550885, 5.986563080167261575 ) ) ;
#3403 = LINE ( 'NONE', #1964, #3166 ) ;
#3404 = CARTESIAN_POINT ( 'NONE',  ( -4.438541948586172126, 11.03828308026007043, 5.994273006134832826 ) ) ;
#3405 = CARTESIAN_POINT ( 'NONE',  ( 4.347917044922571250, 11.29760870209933366, 4.883377031756509723 ) ) ;
#3406 = ORIENTED_EDGE ( 'NONE', *, *, #1177, .T. ) ;
#3407 = CARTESIAN_POINT ( 'NONE',  ( -4.571786578166394222, 10.98743151014870811, 5.940148087038107150 ) ) ;
#3408 = ADVANCED_FACE ( 'NONE', ( #2255 ), #1643, .F. ) ;
#3409 = DIRECTION ( 'NONE',  ( -1.127981972804998554E-16, 1.000000000000000000, 0.000000000000000000 ) ) ;
#3410 = ADVANCED_FACE ( 'NONE', ( #1040 ), #552, .T. ) ;
#3411 = CARTESIAN_POINT ( 'NONE',  ( 1.804414282993343166, 12.20092236243417894, 6.513089111174764412 ) ) ;
#3412 = ORIENTED_EDGE ( 'NONE', *, *, #1159, .T. ) ;
#3413 = CARTESIAN_POINT ( 'NONE',  ( 2.336404834160596078, 12.50588578895992775, 4.276131446159110006 ) ) ;
#3414 = CARTESIAN_POINT ( 'NONE',  ( 3.839890210928249115, 11.73826773909949495, 8.169225723273697781 ) ) ;
#3415 = ORIENTED_EDGE ( 'NONE', *, *, #1293, .T. ) ;
#3416 = CARTESIAN_POINT ( 'NONE',  ( 2.617155953524997969, 11.28852691222622440, 4.660001811015925810 ) ) ;
#3417 = CARTESIAN_POINT ( 'NONE',  ( -4.566331762538218264, 10.99344215973850147, 5.801069942417968583 ) ) ;
#3418 = AXIS2_PLACEMENT_3D ( 'NONE', #2036, #2935, #3206 ) ;
#3419 = CARTESIAN_POINT ( 'NONE',  ( 4.375434174867227632, 11.06235263729384499, 6.392756700141663195 ) ) ;
#3420 = CARTESIAN_POINT ( 'NONE',  ( -4.895000000000001350, -2.002661781275184349, 6.825001781060429096 ) ) ;
#3421 = DIRECTION ( 'NONE',  ( 0.5948893467600082641, 0.5405676000489392230, -0.5948893467602028862 ) ) ;
#3422 = EDGE_LOOP ( 'NONE', ( #906, #2035, #1464, #3497 ) ) ;
#3423 = ORIENTED_EDGE ( 'NONE', *, *, #13, .T. ) ;
#3424 = FACE_OUTER_BOUND ( 'NONE', #735, .T. ) ;
#3425 = CARTESIAN_POINT ( 'NONE',  ( -3.890001178303761797, 10.29269379776871496, 5.815879039109107751 ) ) ;
#3426 = VECTOR ( 'NONE', #3196, 1000.000000000000000 ) ;
#3427 = CARTESIAN_POINT ( 'NONE',  ( 3.949333428948918367, 11.23966867838304040, 6.513161280548486864 ) ) ;
#3428 = ORIENTED_EDGE ( 'NONE', *, *, #454, .T. ) ;
#3429 = EDGE_CURVE ( 'NONE', #2822, #3024, #224, .T. ) ;
#3430 = AXIS2_PLACEMENT_3D ( 'NONE', #2940, #2058, #3230 ) ;
#3431 = CARTESIAN_POINT ( 'NONE',  ( 2.995658305405587196, 12.20579526198885389, 4.276152843436321405 ) ) ;
#3432 = CARTESIAN_POINT ( 'NONE',  ( -4.226028037261325032, 11.43724626431388813, 7.995304199720850491 ) ) ;
#3433 = ORIENTED_EDGE ( 'NONE', *, *, #1958, .F. ) ;
#3434 = CARTESIAN_POINT ( 'NONE',  ( 2.809905245292622311, 12.26168030827385458, 4.344534652798523133 ) ) ;
#3435 = CARTESIAN_POINT ( 'NONE',  ( 4.031241632195584401, 11.64824222868281467, 4.477509913399550179 ) ) ;
#3436 = CARTESIAN_POINT ( 'NONE',  ( -2.097436509704071916, 12.11917868752735394, 5.597195771393863595 ) ) ;
#3437 = CARTESIAN_POINT ( 'NONE',  ( -3.113368397050906733, 12.10512414734845876, 4.371429512469640954 ) ) ;
#3438 = CARTESIAN_POINT ( 'NONE',  ( 2.812156804128558729, 12.57207464032248545, 4.078114165755008180 ) ) ;
#3439 = ORIENTED_EDGE ( 'NONE', *, *, #1383, .T. ) ;
#3440 = ORIENTED_EDGE ( 'NONE', *, *, #3686, .F. ) ;
#3441 = LINE ( 'NONE', #2293, #3041 ) ;
#3442 = AXIS2_PLACEMENT_3D ( 'NONE', #1171, #1703, #3523 ) ;
#3443 = CARTESIAN_POINT ( 'NONE',  ( -3.174046046612742256, 11.23241512378513995, 4.951792689243344370 ) ) ;
#3444 = DIRECTION ( 'NONE',  ( -0.000000000000000000, 1.000000000000000000, -0.000000000000000000 ) ) ;
#3445 = EDGE_LOOP ( 'NONE', ( #1809, #369, #2296, #2292 ) ) ;
#3446 = CARTESIAN_POINT ( 'NONE',  ( -4.894999999999999574, 4.941041079831897775, 6.025001781060433714 ) ) ;
#3447 = CARTESIAN_POINT ( 'NONE',  ( 2.868134850120927837, 12.37419179883185727, 4.031002000011349118 ) ) ;
#3448 = CIRCLE ( 'NONE', #198, 5.049999999999998934 ) ;
#3449 = CARTESIAN_POINT ( 'NONE',  ( 3.656430409462121389, 11.56800960570006964, 7.643962818388640557 ) ) ;
#3450 = VERTEX_POINT ( 'NONE', #1627 ) ;
#3451 = ADVANCED_FACE ( 'NONE', ( #803 ), #604, .F. ) ;
#3452 = CARTESIAN_POINT ( 'NONE',  ( -1.776704979062271095, 12.18154629183304749, 4.660001811015890283 ) ) ;
#3453 = CARTESIAN_POINT ( 'NONE',  ( 4.090518477324653013, 11.58695784166985021, 4.542531877049750477 ) ) ;
#3454 = CARTESIAN_POINT ( 'NONE',  ( -3.631277051514825605, 11.46604726999372659, 5.319823118119412442 ) ) ;
#3455 = CARTESIAN_POINT ( 'NONE',  ( 4.449999999999998401, 1.470491331998986517, 3.625001781060453343 ) ) ;
#3456 = CARTESIAN_POINT ( 'NONE',  ( 3.496754625985550202, 12.12746717437244115, 3.910471908644136185 ) ) ;
#3457 = EDGE_LOOP ( 'NONE', ( #3484, #1014, #879, #2682 ) ) ;
#3458 = VERTEX_POINT ( 'NONE', #2605 ) ;
#3459 = CARTESIAN_POINT ( 'NONE',  ( -4.450000000000001066, 7.689499999999997115, 3.870280574240120064 ) ) ;
#3460 = CARTESIAN_POINT ( 'NONE',  ( 2.783642702014745396, 11.16281901902195983, 4.676447873628513108 ) ) ;
#3461 = CARTESIAN_POINT ( 'NONE',  ( -3.069706824844071757, 11.32722671989432506, 4.847453467474649891 ) ) ;
#3462 = VERTEX_POINT ( 'NONE', #597 ) ;
#3463 = DIRECTION ( 'NONE',  ( 0.000000000000000000, 0.000000000000000000, -1.000000000000000000 ) ) ;
#3464 = CARTESIAN_POINT ( 'NONE',  ( 4.687001352263863829, 11.65147101621985470, 3.785913464422919095 ) ) ;
#3465 = CARTESIAN_POINT ( 'NONE',  ( -4.603353836135602783, 11.11481257446245685, 7.642983057476071096 ) ) ;
#3466 = ORIENTED_EDGE ( 'NONE', *, *, #1938, .T. ) ;
#3467 = AXIS2_PLACEMENT_3D ( 'NONE', #95, #2024, #885 ) ;
#3468 = LINE ( 'NONE', #880, #1827 ) ;
#3469 = AXIS2_PLACEMENT_3D ( 'NONE', #1241, #2118, #2388 ) ;
#3470 = CARTESIAN_POINT ( 'NONE',  ( -5.650000000000000355, 2.972702621317524052, 9.175001781060430517 ) ) ;
#3471 = CARTESIAN_POINT ( 'NONE',  ( -3.997271213219366626, 10.86678272388808786, 6.025001781060436379 ) ) ;
#3472 = ADVANCED_FACE ( 'NONE', ( #2055 ), #2914, .T. ) ;
#3473 = EDGE_CURVE ( 'NONE', #3156, #1836, #2645, .T. ) ;
#3474 = CARTESIAN_POINT ( 'NONE',  ( 4.375477369097956704, 11.05962087086567713, 5.995240421915404738 ) ) ;
#3475 = DIRECTION ( 'NONE',  ( -1.000000000000000000, -5.847382503292607120E-16, 0.000000000000000000 ) ) ;
#3476 = LINE ( 'NONE', #1750, #2434 ) ;
#3477 = VERTEX_POINT ( 'NONE', #2360 ) ;
#3478 = ORIENTED_EDGE ( 'NONE', *, *, #1845, .F. ) ;
#3479 = AXIS2_PLACEMENT_3D ( 'NONE', #899, #635, #16 ) ;
#3480 = EDGE_CURVE ( 'NONE', #3620, #507, #2894, .T. ) ;
#3481 = CARTESIAN_POINT ( 'NONE',  ( -2.808314901286799614, 12.25464484119753550, 4.344928765545383875 ) ) ;
#3482 = CARTESIAN_POINT ( 'NONE',  ( 3.798012530551485799, 10.64548260993892370, 5.591979955250997669 ) ) ;
#3483 = CARTESIAN_POINT ( 'NONE',  ( 4.567162572264742870, 10.98724122566355277, 6.025001781060473682 ) ) ;
#3484 = ORIENTED_EDGE ( 'NONE', *, *, #2351, .T. ) ;
#3485 =( BOUNDED_SURFACE ( )  B_SPLINE_SURFACE ( 3, 2, ( 
 ( #3019, #3286, #3587 ),
 ( #737, #3249, #677 ),
 ( #1291, #1807, #991 ),
 ( #957, #2978, #114 ),
 ( #3308, #1525, #1828 ),
 ( #2363, #1546, #1274 ) ),
 .UNSPECIFIED., .F., .F., .F. ) 
 B_SPLINE_SURFACE_WITH_KNOTS ( ( 4, 2, 4 ),
 ( 3, 3 ),
 ( -8.890457814381136359E-17, 0.0005270170600195054917, 0.001054034120039099888 ),
 ( 0.000000000000000000, 1.000000000000000000 ),
 .UNSPECIFIED. ) 
 GEOMETRIC_REPRESENTATION_ITEM ( )  RATIONAL_B_SPLINE_SURFACE ( (
 ( 1.000000000000000000, 0.6697561758637079476, 1.000000000000000000),
 ( 1.000000000000000000, 0.6766874516739218581, 1.000000000000000000),
 ( 1.000000000000000000, 0.6830446605971178808, 1.000000000000000000),
 ( 1.000000000000000000, 0.6960594719546673304, 1.000000000000000000),
 ( 1.000000000000000000, 0.7027278384291401059, 1.000000000000000000),
 ( 1.000000000000000000, 0.7046129429374634601, 1.000000000000000000) ) ) 
 REPRESENTATION_ITEM ( '' )  SURFACE ( )  );
#3486 = CYLINDRICAL_SURFACE ( 'NONE', #2648, 3.950000000000000178 ) ;
#3487 = CARTESIAN_POINT ( 'NONE',  ( 0.7013394227892953969, 13.35420714924705976, 3.540599918372529409 ) ) ;
#3488 = CARTESIAN_POINT ( 'NONE',  ( 1.804321776664982391, 12.51881291871510626, 7.643920902489264257 ) ) ;
#3489 = ORIENTED_EDGE ( 'NONE', *, *, #2659, .T. ) ;
#3490 = FACE_OUTER_BOUND ( 'NONE', #1990, .T. ) ;
#3491 = CARTESIAN_POINT ( 'NONE',  ( -1.560902061778897787, 12.25352548988671941, 4.660001811015890283 ) ) ;
#3492 = CARTESIAN_POINT ( 'NONE',  ( -3.908378954043328246, 10.72432152809460959, 6.025001781060436379 ) ) ;
#3493 = CARTESIAN_POINT ( 'NONE',  ( -3.379913721788879055, 11.52385849073039203, 5.596954969927551815 ) ) ;
#3494 = CARTESIAN_POINT ( 'NONE',  ( -4.895000000000000462, -4.002243707385003901, 3.625001781060453343 ) ) ;
#3495 = DIRECTION ( 'NONE',  ( 1.000000000000000000, 0.000000000000000000, 0.000000000000000000 ) ) ;
#3496 = ORIENTED_EDGE ( 'NONE', *, *, #3195, .F. ) ;
#3497 = ORIENTED_EDGE ( 'NONE', *, *, #562, .F. ) ;
#3498 = CARTESIAN_POINT ( 'NONE',  ( 1.351827002467245771E-15, -7.689499999999998892, 3.699999999999999734 ) ) ;
#3499 = FACE_OUTER_BOUND ( 'NONE', #3394, .T. ) ;
#3500 = CARTESIAN_POINT ( 'NONE',  ( -4.593519796672819844, 10.97919237069196008, 5.959335438866260048 ) ) ;
#3501 = ADVANCED_FACE ( 'NONE', ( #36 ), #1763, .T. ) ;
#3502 = VECTOR ( 'NONE', #2478, 1000.000000000000000 ) ;
#3503 = VERTEX_POINT ( 'NONE', #335 ) ;
#3504 = DIRECTION ( 'NONE',  ( -1.127981972804998554E-16, 1.000000000000000000, 0.000000000000000000 ) ) ;
#3505 = CARTESIAN_POINT ( 'NONE',  ( 4.162711776839898015, 11.79615393113018840, 4.031045918299801301 ) ) ;
#3506 = CARTESIAN_POINT ( 'NONE',  ( 4.479025574541817711, 11.31991609202182403, 7.996236276018287015 ) ) ;
#3507 = ORIENTED_EDGE ( 'NONE', *, *, #2165, .T. ) ;
#3508 = AXIS2_PLACEMENT_3D ( 'NONE', #2353, #646, #1775 ) ;
#3509 = CARTESIAN_POINT ( 'NONE',  ( -4.449999999999999289, 7.361319111364017509, 3.625001781060453343 ) ) ;
#3510 = CARTESIAN_POINT ( 'NONE',  ( -3.702549521844153535, 10.77389815253875227, 5.480296164474865783 ) ) ;
#3511 = LINE ( 'NONE', #2938, #760 ) ;
#3512 = AXIS2_PLACEMENT_3D ( 'NONE', #464, #3556, #2433 ) ;
#3513 = CARTESIAN_POINT ( 'NONE',  ( 4.576364787501449705, 10.98375440311766305, 6.025001781060471906 ) ) ;
#3514 = ORIENTED_EDGE ( 'NONE', *, *, #1112, .F. ) ;
#3515 = ORIENTED_EDGE ( 'NONE', *, *, #3037, .F. ) ;
#3516 = CARTESIAN_POINT ( 'NONE',  ( -5.650000000000000355, 4.941041079831895999, 6.025001781060429273 ) ) ;
#3517 = DIRECTION ( 'NONE',  ( -1.691972959207498077E-16, 1.000000000000000000, -7.009287564644742256E-31 ) ) ;
#3518 = CARTESIAN_POINT ( 'NONE',  ( -4.561121060588930298, 11.02396165731125599, 5.527032606091990985 ) ) ;
#3519 = B_SPLINE_CURVE_WITH_KNOTS ( 'NONE', 3,
 ( #513, #1984, #3417, #3103, #2520, #1142, #1622, #1380 ),
 .UNSPECIFIED., .F., .F.,
 ( 4, 2, 2, 4 ),
 ( 0.000000000000000000, 0.0002074251173679384072, 0.0004148502347358768143, 0.0008297004694717551466 ),
 .UNSPECIFIED. ) ;
#3520 = ORIENTED_EDGE ( 'NONE', *, *, #2960, .F. ) ;
#3521 = EDGE_CURVE ( 'NONE', #2078, #2047, #1701, .T. ) ;
#3522 = ADVANCED_FACE ( 'NONE', ( #2872, #2072 ), #90, .F. ) ;
#3523 = DIRECTION ( 'NONE',  ( 0.000000000000000000, 0.000000000000000000, 1.000000000000000000 ) ) ;
#3524 = CARTESIAN_POINT ( 'NONE',  ( -3.258626887095191105, 12.28801885313675335, 3.785152138560962776 ) ) ;
#3525 = CARTESIAN_POINT ( 'NONE',  ( 4.162268932149299161, 11.30773211312139637, 7.643974165077292326 ) ) ;
#3526 = ORIENTED_EDGE ( 'NONE', *, *, #477, .T. ) ;
#3527 = CARTESIAN_POINT ( 'NONE',  ( 0.000000000000000000, 7.689500000000000668, 3.625001781060453343 ) ) ;
#3528 = CARTESIAN_POINT ( 'NONE',  ( -4.571786578166400439, 10.98743151014871877, 5.940148087038140012 ) ) ;
#3529 = DIRECTION ( 'NONE',  ( -1.127981972804998554E-16, 1.000000000000000000, 0.000000000000000000 ) ) ;
#3530 = VECTOR ( 'NONE', #662, 1000.000000000000114 ) ;
#3531 = DIRECTION ( 'NONE',  ( 1.127981972804998554E-16, -1.000000000000000000, 0.000000000000000000 ) ) ;
#3532 = VECTOR ( 'NONE', #3573, 1000.000000000000000 ) ;
#3533 = DIRECTION ( 'NONE',  ( 1.127981972804998554E-16, -1.000000000000000000, 0.000000000000000000 ) ) ;
#3534 = ORIENTED_EDGE ( 'NONE', *, *, #3266, .F. ) ;
#3535 = ORIENTED_EDGE ( 'NONE', *, *, #2376, .T. ) ;
#3536 = FACE_OUTER_BOUND ( 'NONE', #1460, .T. ) ;
#3537 = LINE ( 'NONE', #1992, #2862 ) ;
#3538 = CARTESIAN_POINT ( 'NONE',  ( -3.621721143956988520, 12.02611009194110814, 4.030995845410148881 ) ) ;
#3539 = ORIENTED_EDGE ( 'NONE', *, *, #1958, .T. ) ;
#3540 = CARTESIAN_POINT ( 'NONE',  ( 4.686963530717580539, 11.53895360208492704, 4.031059798273187944 ) ) ;
#3541 = CARTESIAN_POINT ( 'NONE',  ( 2.995304250420971037, 11.75698532119339035, 7.112460283223818180 ) ) ;
#3542 = ADVANCED_FACE ( 'NONE', ( #1175 ), #2322, .F. ) ;
#3543 = ORIENTED_EDGE ( 'NONE', *, *, #844, .T. ) ;
#3544 = CARTESIAN_POINT ( 'NONE',  ( 5.650000000000001243, -7.689499999999998892, 6.025001781060476347 ) ) ;
#3545 = CARTESIAN_POINT ( 'NONE',  ( -0.08584278560817594494, 13.33893772468576522, 3.589641927751296091 ) ) ;
#3546 = LINE ( 'NONE', #2804, #2884 ) ;
#3547 = LINE ( 'NONE', #355, #2193 ) ;
#3548 = ADVANCED_FACE ( 'NONE', ( #1193 ), #615, .F. ) ;
#3549 = DIRECTION ( 'NONE',  ( -0.6427876096865423605, 1.009573730224953959E-17, -0.7660444431189755710 ) ) ;
#3550 = DIRECTION ( 'NONE',  ( 9.875827819070484665E-14, 0.01568023475197408492, -0.9998770575616400258 ) ) ;
#3551 = CARTESIAN_POINT ( 'NONE',  ( -4.449999999999999289, -7.689499999999998892, 3.699999999999996625 ) ) ;
#3552 = CARTESIAN_POINT ( 'NONE',  ( -3.890001178303357676, 3.042605314476128697, 0.3972425029630461957 ) ) ;
#3553 = CARTESIAN_POINT ( 'NONE',  ( -3.279292908822148966, 12.29257075349632089, 3.753014387103095206 ) ) ;
#3554 = CYLINDRICAL_SURFACE ( 'NONE', #2591, 0.6399999877737174714 ) ;
#3555 = ORIENTED_EDGE ( 'NONE', *, *, #2402, .F. ) ;
#3556 = DIRECTION ( 'NONE',  ( 2.255963945609997107E-16, -1.000000000000000000, -1.619815204292807188E-16 ) ) ;
#3557 = LINE ( 'NONE', #1518, #2306 ) ;
#3558 =( BOUNDED_CURVE ( )  B_SPLINE_CURVE ( 3, ( #1001, #1020, #183, #1817 ),
 .UNSPECIFIED., .F., .F. ) 
 B_SPLINE_CURVE_WITH_KNOTS ( ( 4, 4 ),
 ( 4.712637675043902519, 4.815557503564650510 ),
 .UNSPECIFIED. ) 
 CURVE ( )  GEOMETRIC_REPRESENTATION_ITEM ( )  RATIONAL_B_SPLINE_CURVE ( ( 1.000000000000000000, 0.9991174871840844407, 0.9991174871840844407, 1.000000000000000000 ) ) 
 REPRESENTATION_ITEM ( '' )  );
#3559 = CARTESIAN_POINT ( 'NONE',  ( 3.839949037786825503, 11.35929043829123408, 7.291722213288895915 ) ) ;
#3560 = VERTEX_POINT ( 'NONE', #299 ) ;
#3561 = CARTESIAN_POINT ( 'NONE',  ( -4.593445666453645160, 10.97914641796411850, 5.930554943217115849 ) ) ;
#3562 = PRODUCT_DEFINITION ( 'ๆ', '', #2757, #707 ) ;
#3563 = CARTESIAN_POINT ( 'NONE',  ( 3.656751540402247258, 11.67028272485138807, 4.798394618231141884 ) ) ;
#3564 = CARTESIAN_POINT ( 'NONE',  ( 1.979400684640507224, 12.98142577907411344, 3.592515951837509824 ) ) ;
#3565 = CARTESIAN_POINT ( 'NONE',  ( 3.118127082100297098, 12.10872194012767622, 4.371610552678440342 ) ) ;
#3566 = CARTESIAN_POINT ( 'NONE',  ( 4.478998701018981343, 11.62495215537226478, 8.515253803518586295 ) ) ;
#3567 = EDGE_CURVE ( 'NONE', #499, #2861, #702, .T. ) ;
#3568 = ADVANCED_FACE ( 'NONE', ( #370 ), #1483, .F. ) ;
#3569 = DIRECTION ( 'NONE',  ( 0.6427876096865423605, 0.000000000000000000, 0.7660444431189755710 ) ) ;
#3570 = DIRECTION ( 'NONE',  ( 1.127981972804998307E-16, 1.000000000000000000, 0.000000000000000000 ) ) ;
#3571 = AXIS2_PLACEMENT_3D ( 'NONE', #1949, #3421, #255 ) ;
#3572 = VERTEX_POINT ( 'NONE', #2090 ) ;
#3573 = DIRECTION ( 'NONE',  ( -1.000000000000000000, 2.891205793294675072E-15, 0.000000000000000000 ) ) ;
#3574 = DIRECTION ( 'NONE',  ( 1.127981972804998800E-16, -1.000000000000000000, -0.000000000000000000 ) ) ;
#3575 = CARTESIAN_POINT ( 'NONE',  ( 0.4846095865815615578, 12.93473606439083845, 4.362218933939955967 ) ) ;
#3576 = VERTEX_POINT ( 'NONE', #3509 ) ;
#3577 = DIRECTION ( 'NONE',  ( -0.000000000000000000, -0.000000000000000000, -1.000000000000000000 ) ) ;
#3578 = CARTESIAN_POINT ( 'NONE',  ( 3.889998638297498257, 10.52037775433323397, 5.932844495788999417 ) ) ;
#3579 = CARTESIAN_POINT ( 'NONE',  ( 2.336040097619447309, 12.14812671359704410, 7.291691013124603771 ) ) ;
#3580 = ORIENTED_EDGE ( 'NONE', *, *, #2002, .T. ) ;
#3581 = DIRECTION ( 'NONE',  ( -8.066928448831292904E-14, 0.000000000000000000, 1.000000000000000000 ) ) ;
#3582 = B_SPLINE_CURVE_WITH_KNOTS ( 'NONE', 3,
 ( #1719, #929, #3198, #1738, #2030, #2065 ),
 .UNSPECIFIED., .F., .F.,
 ( 4, 2, 4 ),
 ( 0.000000000000000000, 0.4014886393997696423, 0.8029772787995392846 ),
 .UNSPECIFIED. ) ;
#3583 = CARTESIAN_POINT ( 'NONE',  ( 4.375630628213338369, 11.28841142647980611, 4.798408720966733654 ) ) ;
#3584 = CARTESIAN_POINT ( 'NONE',  ( -0.01497061080356592612, 13.33948314246839573, 3.589550128990970368 ) ) ;
#3585 = CARTESIAN_POINT ( 'NONE',  ( -0.8888745913190641001, 3.339499999999997026, 0.8888745913194576742 ) ) ;
#3586 = CARTESIAN_POINT ( 'NONE',  ( 3.196975083002035145, 12.25697613795996688, 8.342231709700493880 ) ) ;
#3587 = CARTESIAN_POINT ( 'NONE',  ( 3.702546981838251483, 10.77172241801134867, 5.480296164474744103 ) ) ;
#3588 = CARTESIAN_POINT ( 'NONE',  ( -4.400000000000001243, 7.689499999999999780, 2.899999999999999911 ) ) ;
#3589 = VECTOR ( 'NONE', #418, 1000.000000000000000 ) ;
#3590 = ADVANCED_FACE ( 'NONE', ( #3490 ), #919, .T. ) ;
#3591 = ORIENTED_EDGE ( 'NONE', *, *, #202, .F. ) ;
#3592 = EDGE_CURVE ( 'NONE', #187, #1527, #3468, .T. ) ;
#3593 = CARTESIAN_POINT ( 'NONE',  ( 9.550000000000006040, 10.57249820481874814, 6.025001781060451478 ) ) ;
#3594 = LINE ( 'NONE', #398, #1768 ) ;
#3595 = CARTESIAN_POINT ( 'NONE',  ( 4.164010220282399644, 11.50833762048061892, 4.623902181662217892 ) ) ;
#3596 = ADVANCED_FACE ( 'NONE', ( #3186 ), #1727, .F. ) ;
#3597 = VERTEX_POINT ( 'NONE', #353 ) ;
#3598 = AXIS2_PLACEMENT_3D ( 'NONE', #784, #1919, #3089 ) ;
#3599 = CARTESIAN_POINT ( 'NONE',  ( -3.890001178303803986, 10.52170548988394749, 5.932844495788999417 ) ) ;
#3600 = SURFACE_SIDE_STYLE ('',( #122 ) ) ;
#3601 = CARTESIAN_POINT ( 'NONE',  ( 2.336053884554265991, 12.08879182410320219, 7.112444243820059242 ) ) ;
#3602 = VERTEX_POINT ( 'NONE', #3013 ) ;
#3603 = DIRECTION ( 'NONE',  ( -0.000000000000000000, -0.000000000000000000, -1.000000000000000000 ) ) ;
#3604 = CARTESIAN_POINT ( 'NONE',  ( 0.001781158309763054967, 12.76871598923206363, 4.798180497721818760 ) ) ;
#3605 = B_SPLINE_CURVE_WITH_KNOTS ( 'NONE', 3,
 ( #2601, #2908, #366, #1479 ),
 .UNSPECIFIED., .F., .F.,
 ( 4, 4 ),
 ( 0.9702181146887681740, 1.000000000000000000 ),
 .UNSPECIFIED. ) ;
#3606 = CARTESIAN_POINT ( 'NONE',  ( 2.866406093307543923, 12.55845341425479944, 3.615745870236098281 ) ) ;
#3607 = DIRECTION ( 'NONE',  ( 0.7071067811863910313, 0.000000000000000000, -0.7071067811867041142 ) ) ;
#3608 = CARTESIAN_POINT ( 'NONE',  ( -4.603397280320721485, 11.45075264864549780, 8.341242551368639013 ) ) ;
#3609 = ORIENTED_EDGE ( 'NONE', *, *, #3480, .F. ) ;
#3610 = CIRCLE ( 'NONE', #647, 5.649999999999999467 ) ;
#3611 = CARTESIAN_POINT ( 'NONE',  ( 4.895000000000003126, -2.129508668001011795, 5.189998612018001722 ) ) ;
#3612 = CARTESIAN_POINT ( 'NONE',  ( 3.414544984147357631, 12.19098670461642620, 3.846397672377954269 ) ) ;
#3613 = LINE ( 'NONE', #2155, #1638 ) ;
#3614 = CARTESIAN_POINT ( 'NONE',  ( 3.889998638298891365, 11.24527887899897216, 5.970653885108421655 ) ) ;
#3615 = DIRECTION ( 'NONE',  ( -1.691972959207498077E-16, 1.000000000000000000, -0.000000000000000000 ) ) ;
#3616 = ORIENTED_EDGE ( 'NONE', *, *, #544, .F. ) ;
#3617 = FACE_OUTER_BOUND ( 'NONE', #2546, .T. ) ;
#3618 = CARTESIAN_POINT ( 'NONE',  ( 3.481942599856598264, 12.13909955211837755, 3.898120819511507129 ) ) ;
#3619 = CARTESIAN_POINT ( 'NONE',  ( 2.867729546242375083, 11.87587188366724611, 7.291703163368413954 ) ) ;
#3620 = VERTEX_POINT ( 'NONE', #1803 ) ;
#3621 = CARTESIAN_POINT ( 'NONE',  ( 4.034893948787352080, 11.37885682612017924, 5.059861906929319808 ) ) ;
#3622 = CARTESIAN_POINT ( 'NONE',  ( 0.7011419836953500795, 12.74218357380746980, 4.798252490781213631 ) ) ;
#3623 = CARTESIAN_POINT ( 'NONE',  ( 1.984173337095732403, 12.97963928866933614, 3.592529094368158926 ) ) ;
#3624 = CARTESIAN_POINT ( 'NONE',  ( 4.594639102497615646, 10.97757087769728379, 5.930387675275016868 ) ) ;
#3625 = CARTESIAN_POINT ( 'NONE',  ( -3.380154208193530962, 12.13227657997293107, 8.341491437321327140 ) ) ;
#3626 = ORIENTED_EDGE ( 'NONE', *, *, #2800, .T. ) ;
#3627 = VECTOR ( 'NONE', #2210, 1000.000000000000000 ) ;
#3628 = CIRCLE ( 'NONE', #6, 4.895000000000003126 ) ;
#3629 = CARTESIAN_POINT ( 'NONE',  ( 1.568525956922114384, 12.25904978491559127, 4.660001811015942685 ) ) ;
#3630 = CARTESIAN_POINT ( 'NONE',  ( 3.950000000000001954, -7.689499999999999780, 3.215093392194367627 ) ) ;
#3631 = CARTESIAN_POINT ( 'NONE',  ( -2.198747085516757238, 12.89440578810110161, 3.594068220881084574 ) ) ;
#3632 = CARTESIAN_POINT ( 'NONE',  ( -0.2935909265685817671, 12.49130910466198330, 5.994971704167999071 ) ) ;
#3633 = CARTESIAN_POINT ( 'NONE',  ( -4.055075547599557240, 11.62382553342565217, 4.505250292032796366 ) ) ;
#3634 = CARTESIAN_POINT ( 'NONE',  ( -4.298284518166633816, 11.35674132202290743, 4.801371020738857354 ) ) ;
#3635 = ORIENTED_EDGE ( 'NONE', *, *, #1248, .F. ) ;
#3636 = DIRECTION ( 'NONE',  ( -1.691972959207497830E-16, 1.000000000000000000, -0.000000000000000000 ) ) ;
#3637 = PLANE ( 'NONE',  #828 ) ;
#3638 = CARTESIAN_POINT ( 'NONE',  ( -4.450000000000004619, -7.689499999999998003, 3.699999999999999734 ) ) ;
#3639 = CARTESIAN_POINT ( 'NONE',  ( 4.162343959003933946, 11.14593165146762388, 6.812826708589402536 ) ) ;
#3640 = ORIENTED_EDGE ( 'NONE', *, *, #3592, .T. ) ;
#3641 = ADVANCED_FACE ( 'NONE', ( #2703 ), #2438, .T. ) ;
#3642 =( NAMED_UNIT ( * ) PLANE_ANGLE_UNIT ( ) SI_UNIT ( $, .RADIAN. ) );
#3643 = ADVANCED_FACE ( 'NONE', ( #427 ), #1305, .T. ) ;
#3644 = CARTESIAN_POINT ( 'NONE',  ( 4.162513513474371152, 11.21136557782414123, 5.320632346247029076 ) ) ;
#3645 = CARTESIAN_POINT ( 'NONE',  ( -4.450000000000000178, 4.002243707384996796, 3.625001781060451567 ) ) ;
#3646 = CARTESIAN_POINT ( 'NONE',  ( -2.097651534869944268, 12.60130398997090140, 7.995733572535948852 ) ) ;
#3647 = ORIENTED_EDGE ( 'NONE', *, *, #291, .F. ) ;
#3648 = CARTESIAN_POINT ( 'NONE',  ( 1.782212355606314302, 12.18804676435518175, 4.660001811015948903 ) ) ;
#3649 = LINE ( 'NONE', #1851, #1458 ) ;
#3650 = VECTOR ( 'NONE', #3636, 1000.000000000000000 ) ;
#3651 = CARTESIAN_POINT ( 'NONE',  ( -1.797263763733136566, 13.04721831080389549, 3.593499017603904111 ) ) ;
#3652 = CARTESIAN_POINT ( 'NONE',  ( 2.336164308028159997, 11.96899617247622594, 5.995171037134312542 ) ) ;
#3653 = CARTESIAN_POINT ( 'NONE',  ( -4.040338323150172606, 11.63896009243742746, 4.489033229546389947 ) ) ;
#3654 = VECTOR ( 'NONE', #2719, 1000.000000000000000 ) ;
#3655 = ORIENTED_EDGE ( 'NONE', *, *, #631, .F. ) ;
#3656 = CARTESIAN_POINT ( 'NONE',  ( 1.351827002467245771E-15, -7.689499999999998892, 10.00000000000000000 ) ) ;
#3657 = CARTESIAN_POINT ( 'NONE',  ( -1.412538234306535448E-15, 7.689499999999998892, 6.025001781060452366 ) ) ;
#3658 = DIRECTION ( 'NONE',  ( -2.255963945609996614E-16, 1.000000000000000000, 0.000000000000000000 ) ) ;
#3659 = CARTESIAN_POINT ( 'NONE',  ( 3.390561361855879419, 12.20912148084141613, 3.829357472970681631 ) ) ;
#3660 = B_SPLINE_CURVE_WITH_KNOTS ( 'NONE', 3,
 ( #2990, #143, #184, #3578 ),
 .UNSPECIFIED., .F., .F.,
 ( 4, 4 ),
 ( 0.0007643805573547397770, 0.0008171578449790100436 ),
 .UNSPECIFIED. ) ;
#3661 = CARTESIAN_POINT ( 'NONE',  ( -3.882814337746729905, 11.27264775557164533, 6.512310407564464221 ) ) ;
#3662 = ORIENTED_EDGE ( 'NONE', *, *, #2859, .F. ) ;
#3663 = PRODUCT_CONTEXT ( 'NONE', #1214, 'mechanical' ) ;
#3664 = CARTESIAN_POINT ( 'NONE',  ( -4.520588957681168196, 11.62849290182217388, 4.030068079321597274 ) ) ;
#3665 = EDGE_CURVE ( 'NONE', #3251, #820, #2166, .T. ) ;
#3666 = PLANE ( 'NONE',  #424 ) ;
#3667 = CARTESIAN_POINT ( 'NONE',  ( -0.8512663188698866845, 12.95591096011877141, 7.995929765530445543 ) ) ;
#3668 = EDGE_LOOP ( 'NONE', ( #105, #2652, #2071, #2225 ) ) ;
#3669 = EDGE_CURVE ( 'NONE', #3723, #3458, #403, .T. ) ;
#3670 = DIRECTION ( 'NONE',  ( -0.000000000000000000, 1.000000000000000000, -0.000000000000000000 ) ) ;
#3671 = CARTESIAN_POINT ( 'NONE',  ( 4.107418231175776313, 11.56914731339943359, 4.561138798606138245 ) ) ;
#3672 = CARTESIAN_POINT ( 'NONE',  ( 4.479171653987128465, 11.02140123386436521, 6.392761126212437972 ) ) ;
#3673 = CARTESIAN_POINT ( 'NONE',  ( -3.069706824844071757, 10.91120762321873627, 4.847453467474649891 ) ) ;
#3674 = ORIENTED_EDGE ( 'NONE', *, *, #3731, .T. ) ;
#3675 = CARTESIAN_POINT ( 'NONE',  ( -4.571786578166435966, 10.98743151014869568, 5.940148087038106262 ) ) ;
#3676 = DIRECTION ( 'NONE',  ( -0.000000000000000000, -0.000000000000000000, -1.000000000000000000 ) ) ;
#3677 = LINE ( 'NONE', #1937, #49 ) ;
#3678 = CARTESIAN_POINT ( 'NONE',  ( -3.380047803174675902, 11.51130286827206817, 6.812063668796627169 ) ) ;
#3679 = VERTEX_POINT ( 'NONE', #2108 ) ;
#3680 = CARTESIAN_POINT ( 'NONE',  ( 3.399189461114781707, 12.12112309344073147, 4.031017321799028608 ) ) ;
#3681 = CARTESIAN_POINT ( 'NONE',  ( 2.967142660208544669, 12.18726964304138427, 4.350065511734280577 ) ) ;
#3682 = CARTESIAN_POINT ( 'NONE',  ( 4.479006397795711969, 11.51039391520784072, 8.342245785237679456 ) ) ;
#3683 = ORIENTED_EDGE ( 'NONE', *, *, #1786, .T. ) ;
#3684 = CARTESIAN_POINT ( 'NONE',  ( 1.665066036763251045, 12.57242664735226789, 4.660001811015453299 ) ) ;
#3685 = CARTESIAN_POINT ( 'NONE',  ( 4.045956456915529742, 11.63322068863373104, 4.493630618508976937 ) ) ;
#3686 = EDGE_CURVE ( 'NONE', #3597, #2278, #1267, .T. ) ;
#3687 = CIRCLE ( 'NONE', #902, 4.450000000000001066 ) ;
#3688 = ADVANCED_FACE ( 'NONE', ( #146 ), #673, .F. ) ;
#3689 = CARTESIAN_POINT ( 'NONE',  ( -4.685553204887943579, 10.94521340542979537, 6.391746095455387078 ) ) ;
#3690 = CARTESIAN_POINT ( 'NONE',  ( 3.854679925079208314, 10.56933693110539352, 5.719026757557567286 ) ) ;
#3691 = EDGE_LOOP ( 'NONE', ( #3252, #2580, #256, #2595, #1771 ) ) ;
#3692 = DIRECTION ( 'NONE',  ( 0.000000000000000000, -0.5299192642332029024, 0.8480480961564272890 ) ) ;
#3693 = DIRECTION ( 'NONE',  ( -2.283902937147164792E-32, 2.024769005366008431E-16, -1.000000000000000000 ) ) ;
#3694 = CARTESIAN_POINT ( 'NONE',  ( -4.450000000000001066, 7.689499999999997115, 3.870280574240120064 ) ) ;
#3695 = CARTESIAN_POINT ( 'NONE',  ( -2.688398643966277923, 11.81868526167482436, 6.512533254577535402 ) ) ;
#3696 = VERTEX_POINT ( 'NONE', #729 ) ;
#3697 = CARTESIAN_POINT ( 'NONE',  ( 3.473340218099652432, 11.99845268828922507, 4.276170053090346812 ) ) ;
#3698 = CARTESIAN_POINT ( 'NONE',  ( 2.995237864607393607, 12.25890536852356583, 8.169221307976247459 ) ) ;
#3699 = VERTEX_POINT ( 'NONE', #3561 ) ;
#3700 = CARTESIAN_POINT ( 'NONE',  ( 2.383268943560275854, 12.45040113938748583, 4.351967081384819025 ) ) ;
#3701 = CARTESIAN_POINT ( 'NONE',  ( -2.688386080225247277, 11.81253377918866043, 6.392110995009839591 ) ) ;
#3702 = CARTESIAN_POINT ( 'NONE',  ( -3.519899121713883972, 10.43198503786942766, 5.297645764344595776 ) ) ;
#3703 = LINE ( 'NONE', #239, #1979 ) ;
#3704 = ADVANCED_FACE ( 'NONE', ( #968 ), #1576, .F. ) ;
#3705 = EDGE_LOOP ( 'NONE', ( #343, #1294, #3, #2827, #2787 ) ) ;
#3706 = ORIENTED_EDGE ( 'NONE', *, *, #2402, .T. ) ;
#3707 = CARTESIAN_POINT ( 'NONE',  ( -3.890001178302276763, 11.25147553732789341, 5.997833437086040220 ) ) ;
#3708 = DIRECTION ( 'NONE',  ( -1.000000000000000000, 0.000000000000000000, 0.000000000000000000 ) ) ;
#3709 = CARTESIAN_POINT ( 'NONE',  ( 4.449999999999999289, -7.689499999999998892, 3.699999999999993072 ) ) ;
#3710 = EDGE_CURVE ( 'NONE', #576, #2860, #3030, .T. ) ;
#3711 = CARTESIAN_POINT ( 'NONE',  ( 3.398855817978172489, 11.48532307720847889, 6.513142582418096183 ) ) ;
#3712 = ORIENTED_EDGE ( 'NONE', *, *, #3669, .T. ) ;
#3713 = VECTOR ( 'NONE', #1549, 1000.000000000000000 ) ;
#3714 = CARTESIAN_POINT ( 'NONE',  ( -4.225599378394035988, 11.66123654923211106, 4.275271212187348624 ) ) ;
#3715 = CARTESIAN_POINT ( 'NONE',  ( 4.686489363920848916, 11.31711029524585754, 8.169247155870452914 ) ) ;
#3716 = VERTEX_POINT ( 'NONE', #1025 ) ;
#3717 = AXIS2_PLACEMENT_3D ( 'NONE', #3656, #181, #1899 ) ;
#3718 = CARTESIAN_POINT ( 'NONE',  ( -1.929076866890580888, 12.61436315833710964, 4.359151662296333996 ) ) ;
#3719 = CARTESIAN_POINT ( 'NONE',  ( 3.957547289613908781, 11.72212694865547533, 4.396841070854399014 ) ) ;
#3720 = CARTESIAN_POINT ( 'NONE',  ( -2.688294257954227717, 11.86256705134047529, 5.597087813796445488 ) ) ;
#3721 = CARTESIAN_POINT ( 'NONE',  ( -2.617158493531005270, 11.83125229371666975, 4.660001811015866302 ) ) ;
#3722 = CARTESIAN_POINT ( 'NONE',  ( 3.554253405045307623, 12.08151351691041420, 3.962165792575505385 ) ) ;
#3723 = VERTEX_POINT ( 'NONE', #2973 ) ;
#3724 = ORIENTED_EDGE ( 'NONE', *, *, #844, .F. ) ;
#3725 = VECTOR ( 'NONE', #1037, 1000.000000000000000 ) ;
#3726 =( BOUNDED_SURFACE ( )  B_SPLINE_SURFACE ( 3, 2, ( 
 ( #1060, #538, #1665 ),
 ( #806, #3110, #3443 ),
 ( #2204, #222, #854 ),
 ( #3379, #3092, #242 ),
 ( #2509, #3071, #1080 ),
 ( #260, #1388, #2223 ) ),
 .UNSPECIFIED., .F., .F., .F. ) 
 B_SPLINE_SURFACE_WITH_KNOTS ( ( 4, 2, 4 ),
 ( 3, 3 ),
 ( 1.582935171828836474E-17, 0.0005261065152952141936, 0.001052213030590412558 ),
 ( 0.000000000000000000, 1.000000000000000000 ),
 .UNSPECIFIED. ) 
 GEOMETRIC_REPRESENTATION_ITEM ( )  RATIONAL_B_SPLINE_SURFACE ( (
 ( 1.000000000000000000, 0.7052741581953868577, 1.000000000000000000),
 ( 1.000000000000000000, 0.7029759467670747553, 1.000000000000000000),
 ( 1.000000000000000000, 0.6957744081545824688, 1.000000000000000000),
 ( 1.000000000000000000, 0.6821816162073597312, 1.000000000000000000),
 ( 1.000000000000000000, 0.6755799639165900317, 1.000000000000000000),
 ( 1.000000000000000000, 0.6683936458251794610, 1.000000000000000000) ) ) 
 REPRESENTATION_ITEM ( '' )  SURFACE ( )  );
#3727 = CARTESIAN_POINT ( 'NONE',  ( -4.409365033652802524, -7.689499999999998892, 2.899999999999999911 ) ) ;
#3728 = CARTESIAN_POINT ( 'NONE',  ( 2.049999999999999822, 1.470491331998988294, 5.715302991864937177 ) ) ;
#3729 = ORIENTED_EDGE ( 'NONE', *, *, #2303, .F. ) ;
#3730 = B_SPLINE_CURVE_WITH_KNOTS ( 'NONE', 3,
 ( #450, #1885, #3681, #733, #2170, #855, #1418, #1047 ),
 .UNSPECIFIED., .F., .F.,
 ( 4, 2, 2, 4 ),
 ( 3.602423855278283897E-18, 0.0002591612967279547557, 0.0005183225934559059335, 0.001036645186911804928 ),
 .UNSPECIFIED. ) ;
#3731 = EDGE_CURVE ( 'NONE', #3458, #1129, #3068, .T. ) ;
#3732 = ADVANCED_FACE ( 'NONE', ( #3052 ), #188, .F. ) ;
#3733 = CARTESIAN_POINT ( 'NONE',  ( 4.375715893342299267, 11.57606472236275685, 4.276197376976752729 ) ) ;
#3734 = CARTESIAN_POINT ( 'NONE',  ( 3.398734211843901676, 11.89932175815242132, 7.996216020867493945 ) ) ;
#3735 = ORIENTED_EDGE ( 'NONE', *, *, #2284, .T. ) ;
#3736 = CARTESIAN_POINT ( 'NONE',  ( -3.885292309799202926, 10.52946169829774092, 5.844049097234241152 ) ) ;
#3737 = CARTESIAN_POINT ( 'NONE',  ( 3.621748961321600291, 12.02602847366327943, 4.030678117566540486 ) ) ;
ENDSEC;
END-ISO-10303-21;
