ISO-10303-21;
HEADER;
FILE_DESCRIPTION (( 'STEP AP214' ),
    '1' );
FILE_NAME ('BTN4manufacture.STEP',
    '2026-09-07T09:40:35',
    ( '' ),
    ( '' ),
    'SwSTEP 2.0',
    'SolidWorks 2026',
    '' );
FILE_SCHEMA (( 'AUTOMOTIVE_DESIGN' ));
ENDSEC;

DATA;
#1 = VERTEX_POINT ( 'NONE', #11265 ) ;
#2 = VERTEX_POINT ( 'NONE', #7544 ) ;
#3 = VECTOR ( 'NONE', #5466, 1000.000000000000000 ) ;
#4 = CARTESIAN_POINT ( 'NONE',  ( 20.39441853157800111, 0.5320888862379536954, -0.9617579545435693822 ) ) ;
#5 = ORIENTED_EDGE ( 'NONE', *, *, #10758, .T. ) ;
#6 = CARTESIAN_POINT ( 'NONE',  ( 17.14120593425276340, 2.000000000000000000, 1.739099631177264182 ) ) ;
#7 = CARTESIAN_POINT ( 'NONE',  ( 33.76522284472952151, 1.115317123975225533, -5.586343894839114199 ) ) ;
#8 = FACE_OUTER_BOUND ( 'NONE', #9266, .T. ) ;
#9 = FACE_OUTER_BOUND ( 'NONE', #1617, .T. ) ;
#10 = CARTESIAN_POINT ( 'NONE',  ( 27.21180890137915398, 1.000000000000000000, -3.407045462299398864 ) ) ;
#11 = EDGE_CURVE ( 'NONE', #583, #3943, #12342, .T. ) ;
#12 = LINE ( 'NONE', #3832, #6734 ) ;
#13 = EDGE_CURVE ( 'NONE', #1319, #1, #3857, .T. ) ;
#14 = DIRECTION ( 'NONE',  ( -1.000000000000000000, 0.000000000000000000, 6.982962677686266711E-15 ) ) ;
#15 = ORIENTED_EDGE ( 'NONE', *, *, #4154, .F. ) ;
#16 = CARTESIAN_POINT ( 'NONE',  ( 1.500000000000000222, 1.000000000000000000, 0.8999999999999916955 ) ) ;
#17 = EDGE_LOOP ( 'NONE', ( #12148, #10667, #1571, #10450, #4942 ) ) ;
#18 = CARTESIAN_POINT ( 'NONE',  ( 8.226888072706339372, 0.3999999999999999667, -2.240753535442232547 ) ) ;
#19 = EDGE_CURVE ( 'NONE', #7602, #10213, #2911, .T. ) ;
#20 = ORIENTED_EDGE ( 'NONE', *, *, #1696, .F. ) ;
#21 = ORIENTED_EDGE ( 'NONE', *, *, #9509, .T. ) ;
#22 = VECTOR ( 'NONE', #3629, 999.9999999999998863 ) ;
#23 = LINE ( 'NONE', #8783, #6297 ) ;
#24 = DIRECTION ( 'NONE',  ( -1.000000000000000000, -0.000000000000000000, -0.000000000000000000 ) ) ;
#25 = DIRECTION ( 'NONE',  ( -1.000000000000000000, 0.000000000000000000, 6.982962677686266711E-15 ) ) ;
#26 = DIRECTION ( 'NONE',  ( 0.000000000000000000, 0.6427876096865402511, -0.7660444431189772363 ) ) ;
#27 = LINE ( 'NONE', #3848, #3317 ) ;
#28 = AXIS2_PLACEMENT_3D ( 'NONE', #3315, #1493, #7946 ) ;
#29 = DIRECTION ( 'NONE',  ( 0.000000000000000000, 1.000000000000000000, 0.000000000000000000 ) ) ;
#30 = CARTESIAN_POINT ( 'NONE',  ( 37.06771335206872209, 1.499358225474672235, 1.300000000000000044 ) ) ;
#32 = EDGE_CURVE ( 'NONE', #9164, #218, #5608, .T. ) ;
#31 = ORIENTED_EDGE ( 'NONE', *, *, #7287, .T. ) ;
#33 = EDGE_CURVE ( 'NONE', #7171, #8047, #10558, .T. ) ;
#34 = ORIENTED_EDGE ( 'NONE', *, *, #11606, .F. ) ;
#35 = VERTEX_POINT ( 'NONE', #6480 ) ;
#36 = LINE ( 'NONE', #4591, #1922 ) ;
#37 = DIRECTION ( 'NONE',  ( 0.000000000000000000, 0.000000000000000000, 1.000000000000000000 ) ) ;
#38 = CARTESIAN_POINT ( 'NONE',  ( 11.35590445068957166, 0.5351768109448618027, 2.449066664678465788 ) ) ;
#39 = AXIS2_PLACEMENT_3D ( 'NONE', #1480, #2183, #3297 ) ;
#40 = CARTESIAN_POINT ( 'NONE',  ( 16.10911704801480937, 0.5320888862379536954, -0.9617579545435693822 ) ) ;
#41 = CARTESIAN_POINT ( 'NONE',  ( 9.317462612543812028, 0.4000000000000000222, -3.000000000000000000 ) ) ;
#42 = AXIS2_PLACEMENT_3D ( 'NONE', #3098, #2046, #9858 ) ;
#43 = CARTESIAN_POINT ( 'NONE',  ( 11.35590445068956456, 1.267942713657680631, -5.186244395641643301 ) ) ;
#44 = CARTESIAN_POINT ( 'NONE',  ( 19.92650741781595158, 1.399999999999999911, -4.858572962426980446 ) ) ;
#45 = PLANE ( 'NONE',  #8901 ) ;
#46 = DIRECTION ( 'NONE',  ( 0.000000000000000000, 0.000000000000000000, -1.000000000000000000 ) ) ;
#47 = CARTESIAN_POINT ( 'NONE',  ( 38.50000000000001421, 0.000000000000000000, -0.2337080731428451408 ) ) ;
#49 = VERTEX_POINT ( 'NONE', #9303 ) ;
#48 = AXIS2_PLACEMENT_3D ( 'NONE', #7073, #10075, #3445 ) ;
#50 = ORIENTED_EDGE ( 'NONE', *, *, #1088, .T. ) ;
#51 = EDGE_CURVE ( 'NONE', #8572, #11735, #7611, .T. ) ;
#52 = VERTEX_POINT ( 'NONE', #2664 ) ;
#53 = AXIS2_PLACEMENT_3D ( 'NONE', #10088, #9902, #3458 ) ;
#54 = VERTEX_POINT ( 'NONE', #4551 ) ;
#55 = ADVANCED_FACE ( 'NONE', ( #8359 ), #4730, .F. ) ;
#56 = CARTESIAN_POINT ( 'NONE',  ( 21.77336706323338689, 0.4000000000000000222, -3.000000000000000000 ) ) ;
#57 = VERTEX_POINT ( 'NONE', #793 ) ;
#58 = VECTOR ( 'NONE', #7633, 1000.000000000000000 ) ;
#59 = LINE ( 'NONE', #10579, #9558 ) ;
#60 = EDGE_CURVE ( 'NONE', #10056, #6476, #11389, .T. ) ;
#61 = CARTESIAN_POINT ( 'NONE',  ( 16.14120593425276695, 0.000000000000000000, -1.000000000000000000 ) ) ;
#62 = DIRECTION ( 'NONE',  ( -0.000000000000000000, -0.000000000000000000, 1.000000000000000000 ) ) ;
#63 = CARTESIAN_POINT ( 'NONE',  ( 2.785301483563190850, 2.000000000000000000, 2.799999999999999822 ) ) ;
#64 = ORIENTED_EDGE ( 'NONE', *, *, #11162, .T. ) ;
#65 = ORIENTED_EDGE ( 'NONE', *, *, #4366, .T. ) ;
#66 = ORIENTED_EDGE ( 'NONE', *, *, #7592, .F. ) ;
#67 = ORIENTED_EDGE ( 'NONE', *, *, #1142, .T. ) ;
#68 = ADVANCED_FACE ( 'NONE', ( #1728 ), #8411, .T. ) ;
#69 = CARTESIAN_POINT ( 'NONE',  ( 22.92650741781596224, 0.3999999999999999667, -3.007045462299398064 ) ) ;
#70 = ORIENTED_EDGE ( 'NONE', *, *, #1975, .T. ) ;
#71 = CARTESIAN_POINT ( 'NONE',  ( 28.99711038494235282, 0.000000000000000000, -2.240753535442228106 ) ) ;
#72 = EDGE_CURVE ( 'NONE', #6887, #9319, #4856, .T. ) ;
#73 = CARTESIAN_POINT ( 'NONE',  ( 27.21180890137914332, 3.272523262990679971, -4.655877423168258922 ) ) ;
#74 = CARTESIAN_POINT ( 'NONE',  ( 10.07060296712638348, 1.499358225474672235, 1.300000000000000044 ) ) ;
#75 = CARTESIAN_POINT ( 'NONE',  ( 11.35590445068958587, 0.4999999999999978351, -2.240753535442224553 ) ) ;
#76 = CARTESIAN_POINT ( 'NONE',  ( 2.785301483563190850, 1.000000000000000000, 0.8999999999999916955 ) ) ;
#77 = PLANE ( 'NONE',  #1529 ) ;
#78 = CARTESIAN_POINT ( 'NONE',  ( 10.07060296712638170, 0.06443263463840748217, 0.1149657687835883013 ) ) ;
#79 = CARTESIAN_POINT ( 'NONE',  ( 7.070602967126371929, 2.000000000000000000, -5.468901542184338993 ) ) ;
#80 = ORIENTED_EDGE ( 'NONE', *, *, #9536, .T. ) ;
#81 = DIRECTION ( 'NONE',  ( -0.000000000000000000, -1.000000000000000000, -0.000000000000000000 ) ) ;
#82 = ORIENTED_EDGE ( 'NONE', *, *, #7100, .T. ) ;
#83 = ORIENTED_EDGE ( 'NONE', *, *, #11875, .F. ) ;
#84 = DIRECTION ( 'NONE',  ( -3.093406186374441444E-32, -1.000000000000000000, -2.710505431213761085E-16 ) ) ;
#85 = PLANE ( 'NONE',  #1946 ) ;
#86 = EDGE_CURVE ( 'NONE', #1193, #5952, #280, .T. ) ;
#87 = LINE ( 'NONE', #11628, #11662 ) ;
#88 = CARTESIAN_POINT ( 'NONE',  ( 1.650036710662221573, 1.102365273526561218, -5.215486168409626977 ) ) ;
#89 = EDGE_CURVE ( 'NONE', #9733, #11745, #1613, .T. ) ;
#90 = FACE_OUTER_BOUND ( 'NONE', #4306, .T. ) ;
#91 = DIRECTION ( 'NONE',  ( 7.097089222158424864E-15, 0.000000000000000000, 1.000000000000000000 ) ) ;
#92 = CARTESIAN_POINT ( 'NONE',  ( 5.285301483563200620, 0.000000000000000000, -2.240753535442241873 ) ) ;
#93 = ORIENTED_EDGE ( 'NONE', *, *, #10615, .T. ) ;
#94 = ORIENTED_EDGE ( 'NONE', *, *, #12037, .F. ) ;
#95 = EDGE_LOOP ( 'NONE', ( #3357, #367, #11275, #892, #10914, #11607, #10162, #4218, #6684, #6539, #2188, #11452, #8157, #2944, #9009, #7594 ) ) ;
#96 = CARTESIAN_POINT ( 'NONE',  ( 29.99711038494233861, 2.000000000000000000, 1.739099631177264182 ) ) ;
#97 = CARTESIAN_POINT ( 'NONE',  ( 38.50000000000001421, 0.000000000000000000, -3.407045462299400196 ) ) ;
#98 = LINE ( 'NONE', #4914, #2334 ) ;
#99 = ADVANCED_FACE ( 'NONE', ( #9736 ), #10624, .F. ) ;
#100 = CARTESIAN_POINT ( 'NONE',  ( 38.91457299748616094, 0.000000000000000000, -1.000000000000000000 ) ) ;
#101 = DIRECTION ( 'NONE',  ( 6.868836133214108557E-15, 0.000000000000000000, 1.000000000000000000 ) ) ;
#102 = CARTESIAN_POINT ( 'NONE',  ( 30.99711038494234927, 0.4999999999999978351, -2.240753535442241873 ) ) ;
#103 = EDGE_CURVE ( 'NONE', #2959, #10540, #1978, .T. ) ;
#104 = CARTESIAN_POINT ( 'NONE',  ( 19.77653103320653827, 1.102365630357457826, -5.215502924329154411 ) ) ;
#105 = EDGE_CURVE ( 'NONE', #8462, #10540, #5038, .T. ) ;
#106 = CARTESIAN_POINT ( 'NONE',  ( 15.64120593425275629, 1.103464568314089123, -5.267165293036052631 ) ) ;
#107 = CARTESIAN_POINT ( 'NONE',  ( 3.541586589143146835, 0.000000000000000000, -3.000000000000000000 ) ) ;
#108 = CARTESIAN_POINT ( 'NONE',  ( 10.22063967778860416, 1.102365273526561218, -5.215486168409626977 ) ) ;
#109 = VERTEX_POINT ( 'NONE', #2042 ) ;
#110 = EDGE_LOOP ( 'NONE', ( #6509, #2802, #11450, #6211 ) ) ;
#111 = VECTOR ( 'NONE', #10998, 1000.000000000000000 ) ;
#112 = EDGE_LOOP ( 'NONE', ( #2434, #7685, #3409, #6751 ) ) ;
#113 = VERTEX_POINT ( 'NONE', #8672 ) ;
#114 = VECTOR ( 'NONE', #424, 1000.000000000000000 ) ;
#115 = CARTESIAN_POINT ( 'NONE',  ( 3.720269105125617592, 1.108502809461048066, -5.505567396206783037 ) ) ;
#116 = ORIENTED_EDGE ( 'NONE', *, *, #10675, .F. ) ;
#117 = LINE ( 'NONE', #4812, #9144 ) ;
#118 = CARTESIAN_POINT ( 'NONE',  ( 19.92650741781595514, -1.000000000000000000, 0.3238172648295125633 ) ) ;
#119 = CARTESIAN_POINT ( 'NONE',  ( 11.35590445068958587, 1.000000000000000000, -2.240753535442224553 ) ) ;
#120 = AXIS2_PLACEMENT_3D ( 'NONE', #629, #10333, #8261 ) ;
#121 = DIRECTION ( 'NONE',  ( -7.335912872304331086E-17, -0.7660444431189772363, -0.6427876096865402511 ) ) ;
#122 = VECTOR ( 'NONE', #5601, 1000.000000000000000 ) ;
#123 = ORIENTED_EDGE ( 'NONE', *, *, #4260, .T. ) ;
#124 = VERTEX_POINT ( 'NONE', #6981 ) ;
#125 = VERTEX_POINT ( 'NONE', #3095 ) ;
#126 = ORIENTED_EDGE ( 'NONE', *, *, #2872, .F. ) ;
#127 = CARTESIAN_POINT ( 'NONE',  ( 12.85590445068957877, 1.399999999999999911, -3.240753535442235211 ) ) ;
#128 = ORIENTED_EDGE ( 'NONE', *, *, #7753, .F. ) ;
#129 = VECTOR ( 'NONE', #9584, 1000.000000000000114 ) ;
#130 = AXIS2_PLACEMENT_3D ( 'NONE', #10312, #7619, #8487 ) ;
#131 = DIRECTION ( 'NONE',  ( -0.000000000000000000, -0.000000000000000000, 1.000000000000000000 ) ) ;
#132 = FACE_OUTER_BOUND ( 'NONE', #3216, .T. ) ;
#133 = CARTESIAN_POINT ( 'NONE',  ( 37.06771335206872209, -8.861288754744327181E-32, -0.2337080731428449742 ) ) ;
#134 = CARTESIAN_POINT ( 'NONE',  ( 20.42650741781596935, 1.000000000000000000, -2.240753535442228106 ) ) ;
#135 = CARTESIAN_POINT ( 'NONE',  ( 24.21180890137914687, 1.499358225474672235, 1.300000000000000044 ) ) ;
#136 = EDGE_CURVE ( 'NONE', #8543, #12052, #160, .T. ) ;
#137 = CIRCLE ( 'NONE', #1139, 2.000000000000000000 ) ;
#138 = EDGE_LOOP ( 'NONE', ( #2178, #5815, #4060, #4049 ) ) ;
#139 = AXIS2_PLACEMENT_3D ( 'NONE', #8354, #11384, #9422 ) ;
#140 = EDGE_CURVE ( 'NONE', #6180, #10415, #9673, .T. ) ;
#141 = DIRECTION ( 'NONE',  ( -0.000000000000000000, -1.000000000000000000, 0.000000000000000000 ) ) ;
#142 = EDGE_LOOP ( 'NONE', ( #7234, #305, #9697, #8249, #6084, #10928, #303, #6730, #3869, #9447, #2737, #3908 ) ) ;
#143 = LINE ( 'NONE', #3958, #1007 ) ;
#144 = ORIENTED_EDGE ( 'NONE', *, *, #5262, .T. ) ;
#145 = ORIENTED_EDGE ( 'NONE', *, *, #9513, .T. ) ;
#146 = CARTESIAN_POINT ( 'NONE',  ( 27.21180890137915043, 0.4999999999999978351, -1.000000000000000000 ) ) ;
#147 = CARTESIAN_POINT ( 'NONE',  ( 27.21180890137915043, 0.5351768109448615807, 2.449066664678466232 ) ) ;
#148 = VECTOR ( 'NONE', #7787, 1000.000000000000000 ) ;
#149 = CARTESIAN_POINT ( 'NONE',  ( 3.941586589143147190, 1.000000000000000222, -2.240753535442232547 ) ) ;
#150 = DIRECTION ( 'NONE',  ( -1.141265444721583757E-16, -0.000000000000000000, -1.000000000000000000 ) ) ;
#151 = EDGE_CURVE ( 'NONE', #11772, #10522, #311, .T. ) ;
#152 = PLANE ( 'NONE',  #10922 ) ;
#153 = EDGE_CURVE ( 'NONE', #10762, #4756, #11874, .T. ) ;
#154 = CARTESIAN_POINT ( 'NONE',  ( 5.785301483563195291, 0.3999999999999999667, -3.407045462299400196 ) ) ;
#155 = AXIS2_PLACEMENT_3D ( 'NONE', #421, #9060, #5056 ) ;
#156 = LINE ( 'NONE', #2038, #11411 ) ;
#157 = ORIENTED_EDGE ( 'NONE', *, *, #7497, .T. ) ;
#158 = ORIENTED_EDGE ( 'NONE', *, *, #3150, .T. ) ;
#159 = VERTEX_POINT ( 'NONE', #5974 ) ;
#160 = LINE ( 'NONE', #96, #10087 ) ;
#161 = DIRECTION ( 'NONE',  ( -1.000000000000000000, 0.000000000000000000, 1.141265444721583757E-16 ) ) ;
#162 = FACE_OUTER_BOUND ( 'NONE', #2062, .T. ) ;
#163 = CARTESIAN_POINT ( 'NONE',  ( 24.21180890137914687, -8.839835747314803230E-31, -0.2337080731428435032 ) ) ;
#164 = PLANE ( 'NONE',  #5150 ) ;
#165 = VECTOR ( 'NONE', #150, 1000.000000000000000 ) ;
#166 = DIRECTION ( 'NONE',  ( -4.005262847839656493E-15, -0.8191520442889909104, -0.5735764363510473807 ) ) ;
#167 = CARTESIAN_POINT ( 'NONE',  ( 20.31069933956863593, 1.106494308963361872, -5.409375844366641317 ) ) ;
#168 = DIRECTION ( 'NONE',  ( -0.000000000000000000, -1.000000000000000000, -0.000000000000000000 ) ) ;
#169 = CARTESIAN_POINT ( 'NONE',  ( 7.070602967126380811, 1.000000000000000000, -4.040753535442224376 ) ) ;
#170 = CARTESIAN_POINT ( 'NONE',  ( 24.21180890137914687, 0.000000000000000000, -0.2337080731428435032 ) ) ;
#171 = EDGE_CURVE ( 'NONE', #194, #2004, #11430, .T. ) ;
#172 = EDGE_LOOP ( 'NONE', ( #2831, #2786, #6369, #5064 ) ) ;
#173 = VERTEX_POINT ( 'NONE', #12379 ) ;
#174 = VERTEX_POINT ( 'NONE', #11367 ) ;
#175 = ORIENTED_EDGE ( 'NONE', *, *, #11394, .F. ) ;
#176 = AXIS2_PLACEMENT_3D ( 'NONE', #4401, #3583, #8210 ) ;
#177 = EDGE_CURVE ( 'NONE', #113, #8639, #36, .T. ) ;
#178 = EDGE_CURVE ( 'NONE', #10259, #3034, #11557, .T. ) ;
#179 = VECTOR ( 'NONE', #1477, 1000.000000000000000 ) ;
#180 = CARTESIAN_POINT ( 'NONE',  ( 27.21180890137915043, 0.000000000000000000, -1.000000000000000000 ) ) ;
#181 = ORIENTED_EDGE ( 'NONE', *, *, #2239, .F. ) ;
#182 = LINE ( 'NONE', #7629, #11573 ) ;
#183 = CARTESIAN_POINT ( 'NONE',  ( 10.07060296712638170, 1.000000000000000000, -4.040753535442245692 ) ) ;
#184 = VECTOR ( 'NONE', #9047, 1000.000000000000000 ) ;
#185 = DIRECTION ( 'NONE',  ( 1.000000000000000000, -0.000000000000000000, -1.141265444721583757E-16 ) ) ;
#186 = CIRCLE ( 'NONE', #10587, 1.500000000000000000 ) ;
#187 = ORIENTED_EDGE ( 'NONE', *, *, #9312, .T. ) ;
#188 = EDGE_LOOP ( 'NONE', ( #9934, #3105, #9912, #9878, #2813, #2293, #6019, #3545, #1876, #4976, #5288, #10511, #8699, #8436, #3322, #1688 ) ) ;
#189 = ORIENTED_EDGE ( 'NONE', *, *, #8554, .F. ) ;
#190 = ORIENTED_EDGE ( 'NONE', *, *, #1213, .F. ) ;
#191 = EDGE_CURVE ( 'NONE', #4495, #11523, #6587, .T. ) ;
#192 = EDGE_CURVE ( 'NONE', #1816, #9699, #1770, .T. ) ;
#193 = DIRECTION ( 'NONE',  ( -1.000000000000000000, 0.000000000000000000, 1.141265444721583757E-16 ) ) ;
#194 = VERTEX_POINT ( 'NONE', #1017 ) ;
#195 = VECTOR ( 'NONE', #3287, 1000.000000000000000 ) ;
#196 = LINE ( 'NONE', #4885, #1640 ) ;
#197 = LINE ( 'NONE', #11486, #237 ) ;
#198 = DIRECTION ( 'NONE',  ( -1.000000000000000000, 0.000000000000000000, 0.000000000000000000 ) ) ;
#199 = DIRECTION ( 'NONE',  ( -1.000000000000000000, 0.000000000000000000, 6.982962677686266711E-15 ) ) ;
#200 = DIRECTION ( 'NONE',  ( 0.000000000000000000, -0.000000000000000000, -1.000000000000000000 ) ) ;
#201 = VECTOR ( 'NONE', #3895, 1000.000000000000000 ) ;
#202 = ORIENTED_EDGE ( 'NONE', *, *, #4086, .F. ) ;
#203 = DIRECTION ( 'NONE',  ( -0.000000000000000000, -1.000000000000000000, -0.000000000000000000 ) ) ;
#204 = ORIENTED_EDGE ( 'NONE', *, *, #2163, .F. ) ;
#205 = PLANE ( 'NONE',  #11820 ) ;
#206 = ORIENTED_EDGE ( 'NONE', *, *, #11340, .T. ) ;
#207 = ORIENTED_EDGE ( 'NONE', *, *, #2351, .F. ) ;
#208 = ADVANCED_FACE ( 'NONE', ( #10471 ), #5646, .F. ) ;
#209 = CARTESIAN_POINT ( 'NONE',  ( 24.21180890137914687, 2.000000000000000000, 2.799999999999999822 ) ) ;
#210 = LINE ( 'NONE', #7084, #9938 ) ;
#211 = FACE_OUTER_BOUND ( 'NONE', #8376, .T. ) ;
#212 = CARTESIAN_POINT ( 'NONE',  ( 24.21180890137914687, 0.8628211600346445964, -0.4041232037028950064 ) ) ;
#213 = EDGE_CURVE ( 'NONE', #5889, #680, #4833, .T. ) ;
#214 = FACE_OUTER_BOUND ( 'NONE', #9683, .T. ) ;
#215 = CARTESIAN_POINT ( 'NONE',  ( 37.06771335206871498, 1.399999999999999689, -4.612012738139070755 ) ) ;
#216 = LINE ( 'NONE', #11755, #11000 ) ;
#217 = VERTEX_POINT ( 'NONE', #11304 ) ;
#218 = VERTEX_POINT ( 'NONE', #8653 ) ;
#219 = VERTEX_POINT ( 'NONE', #3833 ) ;
#220 = EDGE_CURVE ( 'NONE', #11262, #955, #4706, .T. ) ;
#221 = CARTESIAN_POINT ( 'NONE',  ( 11.74009637244226489, 1.106494308963396733, -5.409375844366635100 ) ) ;
#222 = CARTESIAN_POINT ( 'NONE',  ( 28.49711038494233861, 0.000000000000000000, -1.000000000000000000 ) ) ;
#223 = DIRECTION ( 'NONE',  ( -0.7660444431189811221, 0.000000000000000000, -0.6427876096865355882 ) ) ;
#224 = DIRECTION ( 'NONE',  ( 0.000000000000000000, -1.000000000000000000, 0.000000000000000000 ) ) ;
#225 = CARTESIAN_POINT ( 'NONE',  ( 22.92650741781596224, 1.000000000000000000, -3.407045462299398420 ) ) ;
#226 = EDGE_CURVE ( 'NONE', #8765, #292, #5829, .T. ) ;
#227 = PLANE ( 'NONE',  #3433 ) ;
#228 = VECTOR ( 'NONE', #7703, 1000.000000000000000 ) ;
#229 = CARTESIAN_POINT ( 'NONE',  ( 14.35590445068957521, 0.5351768109448615807, 2.449066664678466232 ) ) ;
#230 = LINE ( 'NONE', #11831, #5308 ) ;
#231 = CARTESIAN_POINT ( 'NONE',  ( 33.53869697408548234, 0.4000000000000000222, -3.000000000000000000 ) ) ;
#232 = CARTESIAN_POINT ( 'NONE',  ( 28.49711038494234927, 0.000000000000000000, -2.836630331739329769 ) ) ;
#233 = ORIENTED_EDGE ( 'NONE', *, *, #12023, .F. ) ;
#234 = VERTEX_POINT ( 'NONE', #3891 ) ;
#235 = ORIENTED_EDGE ( 'NONE', *, *, #2311, .F. ) ;
#236 = VERTEX_POINT ( 'NONE', #12252 ) ;
#237 = VECTOR ( 'NONE', #6889, 1000.000000000000114 ) ;
#238 = CYLINDRICAL_SURFACE ( 'NONE', #11555, 2.000000000000000000 ) ;
#239 = VECTOR ( 'NONE', #10200, 1000.000000000000000 ) ;
#240 = CARTESIAN_POINT ( 'NONE',  ( 35.02927151392296423, 0.4000000000000000222, -2.240753535442240096 ) ) ;
#241 = DIRECTION ( 'NONE',  ( 6.868836133214108557E-15, 0.000000000000000000, 1.000000000000000000 ) ) ;
#242 = ADVANCED_FACE ( 'NONE', ( #7711 ), #10410, .T. ) ;
#243 = LINE ( 'NONE', #4058, #4926 ) ;
#244 = VECTOR ( 'NONE', #11600, 1000.000000000000000 ) ;
#245 = AXIS2_PLACEMENT_3D ( 'NONE', #5331, #6263, #10859 ) ;
#246 = ORIENTED_EDGE ( 'NONE', *, *, #1400, .F. ) ;
#247 = ORIENTED_EDGE ( 'NONE', *, *, #867, .F. ) ;
#248 = VERTEX_POINT ( 'NONE', #8401 ) ;
#249 = VERTEX_POINT ( 'NONE', #6523 ) ;
#250 = DIRECTION ( 'NONE',  ( 0.000000000000000000, 0.000000000000000000, -1.000000000000000000 ) ) ;
#251 = ORIENTED_EDGE ( 'NONE', *, *, #3669, .F. ) ;
#252 = DIRECTION ( 'NONE',  ( 0.5407162030609378167, 0.5407162030609377057, 0.6444004775717702138 ) ) ;
#253 = EDGE_CURVE ( 'NONE', #10148, #9296, #3647, .T. ) ;
#254 = CARTESIAN_POINT ( 'NONE',  ( -1.499999999999992228, 1.000000000000000000, -2.836630331739329769 ) ) ;
#255 = CARTESIAN_POINT ( 'NONE',  ( 1.500000000000000000, 0.000000000000000000, -1.000000000000000000 ) ) ;
#256 = B_SPLINE_CURVE_WITH_KNOTS ( 'NONE', 3,
 ( #10967, #4503, #8132, #5316, #6311, #11916, #5383, #4386 ),
 .UNSPECIFIED., .F., .F.,
 ( 4, 2, 2, 4 ),
 ( 0.000000000000000000, 0.0007624254491577236613, 0.001524850898315447323, 0.003049701796630915028 ),
 .UNSPECIFIED. ) ;
#257 = CARTESIAN_POINT ( 'NONE',  ( 10.07060296712638170, 1.000000000000000000, -1.000000000000000000 ) ) ;
#258 = LINE ( 'NONE', #9710, #6570 ) ;
#259 = ADVANCED_FACE ( 'NONE', ( #10605 ), #8588, .T. ) ;
#260 = ADVANCED_FACE ( 'NONE', ( #830 ), #4654, .F. ) ;
#261 = ORIENTED_EDGE ( 'NONE', *, *, #8534, .F. ) ;
#262 = ORIENTED_EDGE ( 'NONE', *, *, #9330, .F. ) ;
#263 = DIRECTION ( 'NONE',  ( 1.000000000000000000, 0.000000000000000000, 0.000000000000000000 ) ) ;
#264 = EDGE_LOOP ( 'NONE', ( #9179, #4881, #6823, #9040, #15 ) ) ;
#265 = CARTESIAN_POINT ( 'NONE',  ( 26.05866854679657862, 0.4000000000000000222, -2.240753535442239208 ) ) ;
#266 = ORIENTED_EDGE ( 'NONE', *, *, #7055, .T. ) ;
#267 = ORIENTED_EDGE ( 'NONE', *, *, #226, .F. ) ;
#268 = DIRECTION ( 'NONE',  ( -7.335912872304331086E-17, 0.7660444431189772363, 0.6427876096865402511 ) ) ;
#269 = DIRECTION ( 'NONE',  ( -0.000000000000000000, -1.000000000000000000, 0.000000000000000000 ) ) ;
#270 = CARTESIAN_POINT ( 'NONE',  ( 19.92650741781595514, 0.000000000000000000, -0.2337080731428430314 ) ) ;
#271 = FACE_OUTER_BOUND ( 'NONE', #549, .T. ) ;
#272 = DIRECTION ( 'NONE',  ( 0.000000000000000000, 0.6427876096865402511, -0.7660444431189772363 ) ) ;
#273 = ADVANCED_FACE ( 'NONE', ( #2826 ), #6647, .T. ) ;
#274 = LINE ( 'NONE', #5784, #7736 ) ;
#275 = CARTESIAN_POINT ( 'NONE',  ( 22.17336706323338547, 0.4000000000000000222, -2.240753535442239208 ) ) ;
#276 = VERTEX_POINT ( 'NONE', #10812 ) ;
#277 = B_SPLINE_CURVE_WITH_KNOTS ( 'NONE', 3,
 ( #1166, #466, #4283, #8093, #3349, #4984, #8801, #7282 ),
 .UNSPECIFIED., .F., .F.,
 ( 4, 2, 2, 4 ),
 ( 0.000000000000000000, 0.0007624254491577245286, 0.001524850898315449057, 0.003049701796630908089 ),
 .UNSPECIFIED. ) ;
#278 = ORIENTED_EDGE ( 'NONE', *, *, #11911, .T. ) ;
#279 = ORIENTED_EDGE ( 'NONE', *, *, #9669, .F. ) ;
#280 = LINE ( 'NONE', #9796, #9294 ) ;
#281 = LINE ( 'NONE', #5912, #1698 ) ;
#282 = CARTESIAN_POINT ( 'NONE',  ( 39.56771335206872919, 0.000000000000000000, -1.000000000000000000 ) ) ;
#283 = DIRECTION ( 'NONE',  ( -3.093406186374441444E-32, 1.000000000000000000, 2.710505431213761085E-16 ) ) ;
#284 = CARTESIAN_POINT ( 'NONE',  ( 11.35590445068957344, 0.8628211600346445964, -0.4041232037028950064 ) ) ;
#285 = FACE_OUTER_BOUND ( 'NONE', #11608, .T. ) ;
#286 = CARTESIAN_POINT ( 'NONE',  ( 22.42650741781595514, 1.000000000000000000, -1.000000000000000000 ) ) ;
#287 = DIRECTION ( 'NONE',  ( -1.000000000000000000, 0.000000000000000000, 0.000000000000000000 ) ) ;
#288 = ADVANCED_FACE ( 'NONE', ( #10749 ), #8737, .F. ) ;
#289 = DIRECTION ( 'NONE',  ( -0.000000000000000000, -0.000000000000000000, 1.000000000000000000 ) ) ;
#290 = CARTESIAN_POINT ( 'NONE',  ( 28.34713400033292174, 1.102365630357457826, -5.215502924329154411 ) ) ;
#291 = ORIENTED_EDGE ( 'NONE', *, *, #6984, .T. ) ;
#292 = VERTEX_POINT ( 'NONE', #2224 ) ;
#293 = EDGE_CURVE ( 'NONE', #3307, #4495, #3039, .T. ) ;
#294 = ORIENTED_EDGE ( 'NONE', *, *, #9516, .F. ) ;
#295 = ORIENTED_EDGE ( 'NONE', *, *, #6984, .F. ) ;
#296 = VECTOR ( 'NONE', #2700, 999.9999999999998863 ) ;
#297 = LINE ( 'NONE', #9997, #930 ) ;
#298 = CARTESIAN_POINT ( 'NONE',  ( 1.499999999999992006, 1.267235759035802989, -5.187091293331778985 ) ) ;
#299 = FACE_OUTER_BOUND ( 'NONE', #7763, .T. ) ;
#300 = PLANE ( 'NONE',  #1723 ) ;
#301 = LINE ( 'NONE', #3245, #11538 ) ;
#302 = ORIENTED_EDGE ( 'NONE', *, *, #7477, .T. ) ;
#303 = ORIENTED_EDGE ( 'NONE', *, *, #2819, .T. ) ;
#304 = EDGE_CURVE ( 'NONE', #9819, #8490, #3858, .T. ) ;
#305 = ORIENTED_EDGE ( 'NONE', *, *, #12178, .T. ) ;
#306 = VERTEX_POINT ( 'NONE', #6860 ) ;
#307 = CARTESIAN_POINT ( 'NONE',  ( 22.92650741781596224, 1.000000000000000000, -3.007045462299398064 ) ) ;
#308 = VERTEX_POINT ( 'NONE', #6801 ) ;
#309 = ADVANCED_FACE ( 'NONE', ( #10559 ), #9797, .F. ) ;
#310 = FACE_OUTER_BOUND ( 'NONE', #11261, .T. ) ;
#311 = B_SPLINE_CURVE_WITH_KNOTS ( 'NONE', 3,
 ( #7737, #6917, #5853, #1097, #4912, #5911 ),
 .UNSPECIFIED., .F., .F.,
 ( 4, 2, 4 ),
 ( 1.734723475976808250E-18, 0.001513007688743852122, 0.003026015377487702510 ),
 .UNSPECIFIED. ) ;
#312 = VECTOR ( 'NONE', #8450, 1000.000000000000000 ) ;
#313 = DIRECTION ( 'NONE',  ( 1.000000000000000000, 0.000000000000000000, 0.000000000000000000 ) ) ;
#314 = FACE_OUTER_BOUND ( 'NONE', #2292, .T. ) ;
#315 = VECTOR ( 'NONE', #11645, 1000.000000000000000 ) ;
#316 = LINE ( 'NONE', #75, #8840 ) ;
#317 = PLANE ( 'NONE',  #2984 ) ;
#318 = VERTEX_POINT ( 'NONE', #9615 ) ;
#319 = VERTEX_POINT ( 'NONE', #3977 ) ;
#320 = CARTESIAN_POINT ( 'NONE',  ( 20.42650741781595869, 0.4999999999999978351, -1.000000000000000000 ) ) ;
#321 = ADVANCED_FACE ( 'NONE', ( #8673 ), #6036, .F. ) ;
#322 = ORIENTED_EDGE ( 'NONE', *, *, #12315, .T. ) ;
#323 = CARTESIAN_POINT ( 'NONE',  ( 28.49711038494233506, 1.191276127410974883, -5.242417899579847607 ) ) ;
#324 = VECTOR ( 'NONE', #7496, 1000.000000000000114 ) ;
#325 = VECTOR ( 'NONE', #4525, 1000.000000000000000 ) ;
#326 = LINE ( 'NONE', #8020, #578 ) ;
#327 = VERTEX_POINT ( 'NONE', #11638 ) ;
#328 = EDGE_CURVE ( 'NONE', #1743, #12050, #4096, .T. ) ;
#329 = ADVANCED_FACE ( 'NONE', ( #4913 ), #4794, .T. ) ;
#330 = FACE_BOUND ( 'NONE', #95, .T. ) ;
#331 = DIRECTION ( 'NONE',  ( 0.000000000000000000, 0.000000000000000000, -1.000000000000000000 ) ) ;
#332 = DIRECTION ( 'NONE',  ( -0.7660444431189811221, 0.000000000000000000, -0.6427876096865355882 ) ) ;
#333 = DIRECTION ( 'NONE',  ( -1.000000000000000000, -0.000000000000000000, 1.141265444721583757E-16 ) ) ;
#334 = VECTOR ( 'NONE', #11014, 1000.000000000000000 ) ;
#335 =( BOUNDED_SURFACE ( )  B_SPLINE_SURFACE ( 3, 1, ( 
 ( #12001, #3401 ),
 ( #575, #11048 ),
 ( #11872, #4400 ),
 ( #7963, #10918 ) ),
 .UNSPECIFIED., .F., .F., .F. ) 
 B_SPLINE_SURFACE_WITH_KNOTS ( ( 4, 4 ),
 ( 2, 2 ),
 ( 0.000000000000000000, 1.000000000000000000 ),
 ( 0.000000000000000000, 1.000000000000000000 ),
 .UNSPECIFIED. ) 
 GEOMETRIC_REPRESENTATION_ITEM ( )  RATIONAL_B_SPLINE_SURFACE ( (
 ( 1.000000000000000000, 1.000000000000000000),
 ( 0.9667654570425328053, 0.9667654570425328053),
 ( 0.9667654570425328053, 0.9667654570425328053),
 ( 1.000000000000000000, 1.000000000000000000) ) ) 
 REPRESENTATION_ITEM ( '' )  SURFACE ( )  );
#336 = DIRECTION ( 'NONE',  ( 0.000000000000000000, -1.000000000000000000, -0.000000000000000000 ) ) ;
#337 = CARTESIAN_POINT ( 'NONE',  ( 1.500000000000000000, 0.8628211600346445964, -0.4041232037028950064 ) ) ;
#338 = CARTESIAN_POINT ( 'NONE',  ( 27.21180890137915043, 0.000000000000000000, -0.2337080731428438363 ) ) ;
#339 = VERTEX_POINT ( 'NONE', #8610 ) ;
#340 = ORIENTED_EDGE ( 'NONE', *, *, #7032, .F. ) ;
#341 = ORIENTED_EDGE ( 'NONE', *, *, #6763, .T. ) ;
#342 = VECTOR ( 'NONE', #5962, 1000.000000000000000 ) ;
#343 = LINE ( 'NONE', #3277, #6700 ) ;
#344 = DIRECTION ( 'NONE',  ( 0.000000000000000000, 1.000000000000000000, 0.000000000000000000 ) ) ;
#345 = CARTESIAN_POINT ( 'NONE',  ( 16.62540139993202004, 1.108489920217938574, -5.504954131106829074 ) ) ;
#346 = CARTESIAN_POINT ( 'NONE',  ( 11.68366584695574240, 0.6722386037338298204, -0.7947340252167957031 ) ) ;
#347 = DIRECTION ( 'NONE',  ( -0.000000000000000000, -1.000000000000000000, 0.000000000000000000 ) ) ;
#348 = CARTESIAN_POINT ( 'NONE',  ( 2.785301483563202840, 0.4999999999999978351, -2.240753535442224553 ) ) ;
#349 = VECTOR ( 'NONE', #3043, 1000.000000000000000 ) ;
#350 = CARTESIAN_POINT ( 'NONE',  ( 22.92650741781594803, 1.103464666456457577, -5.267169912107815044 ) ) ;
#351 = FACE_OUTER_BOUND ( 'NONE', #8946, .T. ) ;
#352 = FACE_OUTER_BOUND ( 'NONE', #9260, .T. ) ;
#353 = ORIENTED_EDGE ( 'NONE', *, *, #5208, .F. ) ;
#354 = ORIENTED_EDGE ( 'NONE', *, *, #5567, .T. ) ;
#355 = ORIENTED_EDGE ( 'NONE', *, *, #3403, .F. ) ;
#356 = ORIENTED_EDGE ( 'NONE', *, *, #5787, .F. ) ;
#357 = LINE ( 'NONE', #3236, #10335 ) ;
#358 = AXIS2_PLACEMENT_3D ( 'NONE', #6904, #454, #2152 ) ;
#359 = CARTESIAN_POINT ( 'NONE',  ( 1.499999999999993339, 1.400000000000041434, -4.949634213632581492 ) ) ;
#360 = ADVANCED_FACE ( 'NONE', ( #10625 ), #5854, .F. ) ;
#361 = VECTOR ( 'NONE', #11843, 1000.000000000000000 ) ;
#362 = PLANE ( 'NONE',  #2638 ) ;
#363 = EDGE_CURVE ( 'NONE', #6963, #2201, #11512, .T. ) ;
#364 = CARTESIAN_POINT ( 'NONE',  ( 38.50000000000001421, 0.000000000000000000, -3.007045462299399841 ) ) ;
#365 = FACE_OUTER_BOUND ( 'NONE', #564, .T. ) ;
#366 = AXIS2_PLACEMENT_3D ( 'NONE', #9394, #10455, #5686 ) ;
#367 = ORIENTED_EDGE ( 'NONE', *, *, #9300, .F. ) ;
#368 = ORIENTED_EDGE ( 'NONE', *, *, #3494, .T. ) ;
#369 = AXIS2_PLACEMENT_3D ( 'NONE', #3614, #8428, #9560 ) ;
#370 = ORIENTED_EDGE ( 'NONE', *, *, #6812, .F. ) ;
#371 = ORIENTED_EDGE ( 'NONE', *, *, #9494, .T. ) ;
#372 = CARTESIAN_POINT ( 'NONE',  ( 29.25339549052229415, 0.000000000000000000, -3.000000000000000000 ) ) ;
#373 = EDGE_CURVE ( 'NONE', #4623, #6071, #2103, .T. ) ;
#374 = DIRECTION ( 'NONE',  ( 0.000000000000000000, -1.000000000000000000, 0.000000000000000000 ) ) ;
#375 = AXIS2_PLACEMENT_3D ( 'NONE', #5332, #7270, #1453 ) ;
#376 = DIRECTION ( 'NONE',  ( 0.000000000000000000, 0.6427876096865402511, -0.7660444431189772363 ) ) ;
#377 = PLANE ( 'NONE',  #10575 ) ;
#378 = VECTOR ( 'NONE', #6645, 1000.000000000000000 ) ;
#379 = EDGE_CURVE ( 'NONE', #1941, #5633, #281, .T. ) ;
#380 = CARTESIAN_POINT ( 'NONE',  ( 11.35590445068957166, 1.499358225474672235, 2.799999999999999822 ) ) ;
#381 = CARTESIAN_POINT ( 'NONE',  ( 18.64120593425276695, 0.000000000000000000, 0.1662919268571573239 ) ) ;
#382 = ORIENTED_EDGE ( 'NONE', *, *, #11414, .T. ) ;
#383 = ORIENTED_EDGE ( 'NONE', *, *, #8431, .T. ) ;
#384 = LINE ( 'NONE', #7077, #3915 ) ;
#385 = ORIENTED_EDGE ( 'NONE', *, *, #151, .F. ) ;
#386 = AXIS2_PLACEMENT_3D ( 'NONE', #10084, #6134, #11867 ) ;
#387 = DIRECTION ( 'NONE',  ( -7.097089222158424864E-15, 0.000000000000000000, -1.000000000000000000 ) ) ;
#388 = DIRECTION ( 'NONE',  ( -1.000000000000000000, 0.000000000000000000, 1.141265444721583757E-16 ) ) ;
#389 = ORIENTED_EDGE ( 'NONE', *, *, #3238, .T. ) ;
#390 = CARTESIAN_POINT ( 'NONE',  ( 14.35590445068958587, 0.000000000000000000, -2.240753535442245425 ) ) ;
#391 = DIRECTION ( 'NONE',  ( 7.335912872304279317E-17, 0.7660444431189810111, 0.6427876096865356992 ) ) ;
#392 = DIRECTION ( 'NONE',  ( 0.000000000000000000, 1.000000000000000000, 0.000000000000000000 ) ) ;
#393 = DIRECTION ( 'NONE',  ( -1.000000000000000000, -0.000000000000000000, 1.141265444721583757E-16 ) ) ;
#394 = VECTOR ( 'NONE', #8792, 1000.000000000000000 ) ;
#395 = ADVANCED_FACE ( 'NONE', ( #3157 ), #7672, .F. ) ;
#397 = EDGE_CURVE ( 'NONE', #5328, #3839, #1162, .T. ) ;
#396 = DIRECTION ( 'NONE',  ( 0.000000000000000000, 0.000000000000000000, -1.000000000000000000 ) ) ;
#398 = LINE ( 'NONE', #10993, #2704 ) ;
#399 = FACE_OUTER_BOUND ( 'NONE', #12126, .T. ) ;
#400 = ORIENTED_EDGE ( 'NONE', *, *, #5348, .T. ) ;
#401 = ORIENTED_EDGE ( 'NONE', *, *, #10051, .F. ) ;
#402 = ORIENTED_EDGE ( 'NONE', *, *, #1938, .T. ) ;
#403 = DIRECTION ( 'NONE',  ( 0.000000000000000000, 0.000000000000000000, 1.000000000000000000 ) ) ;
#404 = FACE_OUTER_BOUND ( 'NONE', #3080, .T. ) ;
#405 = CARTESIAN_POINT ( 'NONE',  ( 28.49711038494233861, 1.000000000000000000, 2.799999999999999822 ) ) ;
#406 = LINE ( 'NONE', #225, #8351 ) ;
#407 = EDGE_CURVE ( 'NONE', #10298, #9319, #7738, .T. ) ;
#408 = LINE ( 'NONE', #1345, #6772 ) ;
#409 = DIRECTION ( 'NONE',  ( -1.000000000000000000, 0.000000000000000000, 1.141265444721583757E-16 ) ) ;
#410 = CARTESIAN_POINT ( 'NONE',  ( 35.02927151392295713, 0.000000000000000000, -2.240753535442240096 ) ) ;
#411 = EDGE_CURVE ( 'NONE', #9819, #5124, #8798, .T. ) ;
#412 = EDGE_CURVE ( 'NONE', #5820, #5579, #7975, .T. ) ;
#413 = CARTESIAN_POINT ( 'NONE',  ( 11.35590445068957344, 0.8628211600346445964, -0.4041232037028950064 ) ) ;
#414 = LINE ( 'NONE', #4174, #7175 ) ;
#415 = ORIENTED_EDGE ( 'NONE', *, *, #1835, .F. ) ;
#416 = ORIENTED_EDGE ( 'NONE', *, *, #2678, .T. ) ;
#417 = ORIENTED_EDGE ( 'NONE', *, *, #9924, .T. ) ;
#418 = VERTEX_POINT ( 'NONE', #6088 ) ;
#419 = FACE_OUTER_BOUND ( 'NONE', #2251, .T. ) ;
#420 = LINE ( 'NONE', #5235, #2937 ) ;
#421 = CARTESIAN_POINT ( 'NONE',  ( 32.78241186850554101, 1.000000000000000000, -2.240753535442224553 ) ) ;
#422 = DIRECTION ( 'NONE',  ( 0.000000000000000000, 0.000000000000000000, -1.000000000000000000 ) ) ;
#423 = FACE_OUTER_BOUND ( 'NONE', #8853, .T. ) ;
#424 = DIRECTION ( 'NONE',  ( -6.868836133214109346E-15, 0.000000000000000000, -1.000000000000000000 ) ) ;
#425 = LINE ( 'NONE', #11905, #3328 ) ;
#427 = ORIENTED_EDGE ( 'NONE', *, *, #8718, .F. ) ;
#426 = CIRCLE ( 'NONE', #3223, 1.500000000000000000 ) ;
#428 = ORIENTED_EDGE ( 'NONE', *, *, #2392, .F. ) ;
#429 = ADVANCED_FACE ( 'NONE', ( #11943 ), #12011, .F. ) ;
#430 = ORIENTED_EDGE ( 'NONE', *, *, #9589, .F. ) ;
#431 = AXIS2_PLACEMENT_3D ( 'NONE', #9227, #651, #12076 ) ;
#432 = ORIENTED_EDGE ( 'NONE', *, *, #744, .T. ) ;
#433 = EDGE_CURVE ( 'NONE', #11471, #7063, #8090, .T. ) ;
#434 = LINE ( 'NONE', #307, #728 ) ;
#435 = DIRECTION ( 'NONE',  ( -1.000000000000000000, -0.000000000000000000, -0.000000000000000000 ) ) ;
#436 = PLANE ( 'NONE',  #8424 ) ;
#437 = DIRECTION ( 'NONE',  ( 7.335912872304279317E-17, -0.7660444431189810111, -0.6427876096865356992 ) ) ;
#438 = CARTESIAN_POINT ( 'NONE',  ( 9.317462612543817357, 0.4000000000000000222, -2.240753535442240096 ) ) ;
#439 = VECTOR ( 'NONE', #780, 1000.000000000000000 ) ;
#440 = LINE ( 'NONE', #5887, #10785 ) ;
#441 = ORIENTED_EDGE ( 'NONE', *, *, #8630, .T. ) ;
#442 = ORIENTED_EDGE ( 'NONE', *, *, #1514, .T. ) ;
#443 = EDGE_CURVE ( 'NONE', #10773, #7418, #4115, .T. ) ;
#444 = DIRECTION ( 'NONE',  ( 0.000000000000000000, 1.000000000000000000, 0.000000000000000000 ) ) ;
#445 = ORIENTED_EDGE ( 'NONE', *, *, #1090, .T. ) ;
#446 = CARTESIAN_POINT ( 'NONE',  ( 32.78241186850552680, 1.000000000000000000, 2.799999999999999822 ) ) ;
#447 = VECTOR ( 'NONE', #7213, 1000.000000000000000 ) ;
#448 = EDGE_CURVE ( 'NONE', #3075, #10780, #2343, .T. ) ;
#449 = DIRECTION ( 'NONE',  ( 0.000000000000000000, 1.000000000000000000, 0.000000000000000000 ) ) ;
#450 = ORIENTED_EDGE ( 'NONE', *, *, #11554, .F. ) ;
#451 = DIRECTION ( 'NONE',  ( 0.000000000000000000, 1.000000000000000000, 0.000000000000000000 ) ) ;
#452 = DIRECTION ( 'NONE',  ( 1.000000000000000000, -0.000000000000000000, -1.141265444721583757E-16 ) ) ;
#453 = DIRECTION ( 'NONE',  ( 1.000000000000000000, 0.000000000000000000, -0.000000000000000000 ) ) ;
#454 = DIRECTION ( 'NONE',  ( -1.141265444721583757E-16, 0.000000000000000000, -1.000000000000000000 ) ) ;
#455 = DIRECTION ( 'NONE',  ( 0.5407162030609332648, 0.5407162030609377057, -0.6444004775717739886 ) ) ;
#456 = CARTESIAN_POINT ( 'NONE',  ( 15.64120593425276340, 0.9534028740753675013, 2.799999999999999822 ) ) ;
#457 = DIRECTION ( 'NONE',  ( -1.000000000000000000, -0.000000000000000000, 1.141265444721583757E-16 ) ) ;
#458 = ORIENTED_EDGE ( 'NONE', *, *, #5939, .T. ) ;
#459 = EDGE_CURVE ( 'NONE', #1458, #11324, #5159, .T. ) ;
#460 = ORIENTED_EDGE ( 'NONE', *, *, #9745, .T. ) ;
#461 = VERTEX_POINT ( 'NONE', #2406 ) ;
#462 = LINE ( 'NONE', #8035, #7099 ) ;
#463 = CARTESIAN_POINT ( 'NONE',  ( 10.07060296712638348, 0.4000000000000000222, 0.1662919268571582954 ) ) ;
#464 = EDGE_CURVE ( 'NONE', #7698, #2445, #462, .T. ) ;
#465 = CARTESIAN_POINT ( 'NONE',  ( 18.64120593425277406, 1.000000000000000000, -2.836630331739350641 ) ) ;
#466 = CARTESIAN_POINT ( 'NONE',  ( 31.25472484716440036, 1.399999999999999689, -4.945931956424545639 ) ) ;
#467 = CARTESIAN_POINT ( 'NONE',  ( 19.92650741781595514, 1.000000000000000000, 0.3238172648295121747 ) ) ;
#468 = LINE ( 'NONE', #6159, #1783 ) ;
#469 = CARTESIAN_POINT ( 'NONE',  ( 15.64120593425276340, -1.414230699520838226E-30, -0.2337080731428425318 ) ) ;
#470 = CARTESIAN_POINT ( 'NONE',  ( 40.06771335206872919, -1.000000000000000000, 0.3238172648295125633 ) ) ;
#471 = LINE ( 'NONE', #1471, #10793 ) ;
#472 = ORIENTED_EDGE ( 'NONE', *, *, #5299, .F. ) ;
#473 = ORIENTED_EDGE ( 'NONE', *, *, #2653, .F. ) ;
#474 = EDGE_CURVE ( 'NONE', #9025, #9552, #8982, .T. ) ;
#475 = VERTEX_POINT ( 'NONE', #1524 ) ;
#476 = VERTEX_POINT ( 'NONE', #3345 ) ;
#477 = DIRECTION ( 'NONE',  ( 0.6427876096865409172, -0.000000000000000000, -0.7660444431189766812 ) ) ;
#478 = CARTESIAN_POINT ( 'NONE',  ( 2.785301483563193514, 0.4000000000000000222, -0.2337080731428409774 ) ) ;
#479 = ADVANCED_FACE ( 'NONE', ( #10929 ), #6215, .F. ) ;
#480 = DIRECTION ( 'NONE',  ( -0.6427876096865463573, -0.000000000000000000, -0.7660444431189722403 ) ) ;
#481 = EDGE_CURVE ( 'NONE', #5172, #7203, #5095, .T. ) ;
#482 = CARTESIAN_POINT ( 'NONE',  ( 5.785301483563185521, 1.399999999999999911, -4.858578065624948650 ) ) ;
#483 = LINE ( 'NONE', #1363, #12393 ) ;
#484 = DIRECTION ( 'NONE',  ( -1.141265444721583757E-16, 0.000000000000000000, 1.000000000000000000 ) ) ;
#485 = CARTESIAN_POINT ( 'NONE',  ( 0.000000000000000000, 0.5320888862379536954, -0.9617579545435694932 ) ) ;
#486 = ORIENTED_EDGE ( 'NONE', *, *, #7428, .F. ) ;
#487 = ORIENTED_EDGE ( 'NONE', *, *, #293, .T. ) ;
#488 = ORIENTED_EDGE ( 'NONE', *, *, #7944, .T. ) ;
#489 = VERTEX_POINT ( 'NONE', #3411 ) ;
#490 = CARTESIAN_POINT ( 'NONE',  ( 10.07060296712638348, 0.4000000000000000222, 0.1662919268571582954 ) ) ;
#491 = VERTEX_POINT ( 'NONE', #9167 ) ;
#492 = DIRECTION ( 'NONE',  ( -1.000000000000000000, -0.000000000000000000, 1.141265444721583757E-16 ) ) ;
#493 = DIRECTION ( 'NONE',  ( -0.000000000000000000, -1.000000000000000000, -0.000000000000000000 ) ) ;
#494 = CARTESIAN_POINT ( 'NONE',  ( 24.96809400695910242, 0.4000000000000000222, -3.000000000000000000 ) ) ;
#495 = CARTESIAN_POINT ( 'NONE',  ( 38.50000000000001421, 0.4000000000000000222, 0.1662919268571550480 ) ) ;
#496 = DIRECTION ( 'NONE',  ( 1.141265444721583757E-16, 0.000000000000000000, 1.000000000000000000 ) ) ;
#497 = VERTEX_POINT ( 'NONE', #587 ) ;
#498 = ORIENTED_EDGE ( 'NONE', *, *, #7137, .T. ) ;
#499 = DIRECTION ( 'NONE',  ( 1.000000000000000000, -0.000000000000000000, -0.000000000000000000 ) ) ;
#500 = ORIENTED_EDGE ( 'NONE', *, *, #3211, .T. ) ;
#501 = APPLICATION_PROTOCOL_DEFINITION ( 'draft international standard', 'automotive_design', 1998, #11064 ) ;
#502 = CARTESIAN_POINT ( 'NONE',  ( 8.015219315352448248, 1.399999999999831823, -5.423416779412474575 ) ) ;
#503 = VERTEX_POINT ( 'NONE', #10042 ) ;
#504 = VECTOR ( 'NONE', #8538, 1000.000000000000000 ) ;
#505 = VECTOR ( 'NONE', #2287, 1000.000000000000000 ) ;
#506 = CARTESIAN_POINT ( 'NONE',  ( 35.78241186850553390, 0.4000000000000000222, 0.1662919268571553533 ) ) ;
#507 = CARTESIAN_POINT ( 'NONE',  ( 10.07060296712639058, 1.000000000000000000, -2.836630331739350641 ) ) ;
#508 = CARTESIAN_POINT ( 'NONE',  ( 27.21180890137915043, 1.000000000000000000, 2.799999999999999822 ) ) ;
#509 = EDGE_CURVE ( 'NONE', #7414, #4395, #11116, .T. ) ;
#510 = DIRECTION ( 'NONE',  ( -6.868836133214109346E-15, 0.000000000000000000, -1.000000000000000000 ) ) ;
#511 = EDGE_CURVE ( 'NONE', #1977, #2663, #4347, .T. ) ;
#513 = DIRECTION ( 'NONE',  ( 1.000000000000000000, 0.000000000000000000, 0.000000000000000000 ) ) ;
#512 = VECTOR ( 'NONE', #760, 1000.000000000000000 ) ;
#514 = VECTOR ( 'NONE', #5719, 1000.000000000000000 ) ;
#515 = PLANE ( 'NONE',  #3304 ) ;
#516 = CARTESIAN_POINT ( 'NONE',  ( 28.49711038494233506, 3.272523262990679971, -4.655872776437634641 ) ) ;
#517 = ORIENTED_EDGE ( 'NONE', *, *, #9330, .T. ) ;
#518 = ORIENTED_EDGE ( 'NONE', *, *, #7766, .T. ) ;
#519 = ORIENTED_EDGE ( 'NONE', *, *, #191, .T. ) ;
#520 = LINE ( 'NONE', #8159, #8898 ) ;
#521 = CARTESIAN_POINT ( 'NONE',  ( 31.49711038494233506, 1.000000000000000000, -1.000000000000000000 ) ) ;
#522 = VECTOR ( 'NONE', #1868, 1000.000000000000000 ) ;
#523 = LINE ( 'NONE', #8221, #8437 ) ;
#524 = DIRECTION ( 'NONE',  ( -1.000000000000000000, 0.000000000000000000, -1.141265444721583757E-16 ) ) ;
#525 = VECTOR ( 'NONE', #2288, 1000.000000000000114 ) ;
#526 = EDGE_CURVE ( 'NONE', #308, #9385, #1461, .T. ) ;
#527 = DIRECTION ( 'NONE',  ( 0.7660444431189722403, -0.000000000000000000, -0.6427876096865462463 ) ) ;
#528 = EDGE_CURVE ( 'NONE', #11324, #4758, #8916, .T. ) ;
#529 = CARTESIAN_POINT ( 'NONE',  ( 31.49711038494233506, 1.000000000000000000, 0.3238172648295121747 ) ) ;
#530 = PLANE ( 'NONE',  #6537 ) ;
#531 = VECTOR ( 'NONE', #7179, 1000.000000000000000 ) ;
#532 = DIRECTION ( 'NONE',  ( 0.000000000000000000, -1.000000000000000000, 0.000000000000000000 ) ) ;
#533 = VERTEX_POINT ( 'NONE', #11883 ) ;
#534 = ORIENTED_EDGE ( 'NONE', *, *, #6334, .F. ) ;
#535 = VECTOR ( 'NONE', #968, 1000.000000000000000 ) ;
#536 = ORIENTED_EDGE ( 'NONE', *, *, #3231, .F. ) ;
#537 = ORIENTED_EDGE ( 'NONE', *, *, #7185, .T. ) ;
#538 = ORIENTED_EDGE ( 'NONE', *, *, #2471, .T. ) ;
#539 = DIRECTION ( 'NONE',  ( -0.000000000000000000, -0.000000000000000000, 1.000000000000000000 ) ) ;
#540 = DIRECTION ( 'NONE',  ( -1.000000000000000000, -0.000000000000000000, 1.141265444721583757E-16 ) ) ;
#541 = LINE ( 'NONE', #8180, #7950 ) ;
#542 = VECTOR ( 'NONE', #6902, 1000.000000000000000 ) ;
#543 = LINE ( 'NONE', #1610, #10648 ) ;
#544 = CARTESIAN_POINT ( 'NONE',  ( 38.04790046020352179, 1.400000000000000355, -5.120565198620423253 ) ) ;
#545 = EDGE_CURVE ( 'NONE', #1601, #5878, #343, .T. ) ;
#546 = DIRECTION ( 'NONE',  ( 1.000000000000000000, -0.000000000000000000, -1.141265444721583757E-16 ) ) ;
#547 = CARTESIAN_POINT ( 'NONE',  ( 37.56771335206873630, 0.000000000000000000, -2.240753535442228106 ) ) ;
#548 = ORIENTED_EDGE ( 'NONE', *, *, #5405, .T. ) ;
#549 = EDGE_LOOP ( 'NONE', ( #7453, #1476, #11656, #5494 ) ) ;
#550 = EDGE_CURVE ( 'NONE', #2373, #3198, #520, .T. ) ;
#551 = VERTEX_POINT ( 'NONE', #8344 ) ;
#552 = ORIENTED_EDGE ( 'NONE', *, *, #5219, .T. ) ;
#553 = VECTOR ( 'NONE', #6361, 1000.000000000000000 ) ;
#554 = CARTESIAN_POINT ( 'NONE',  ( 27.21180890137916109, 1.000000000000000000, -2.240753535442245425 ) ) ;
#555 = ORIENTED_EDGE ( 'NONE', *, *, #10169, .F. ) ;
#556 = CARTESIAN_POINT ( 'NONE',  ( 38.50000000000001421, 0.4000000000000000222, 0.1662919268571550480 ) ) ;
#557 = PLANE ( 'NONE',  #7829 ) ;
#558 = DIRECTION ( 'NONE',  ( 0.000000000000000000, 0.000000000000000000, -1.000000000000000000 ) ) ;
#559 = DIRECTION ( 'NONE',  ( -1.000000000000000000, 0.000000000000000000, 0.000000000000000000 ) ) ;
#560 = AXIS2_PLACEMENT_3D ( 'NONE', #4473, #524, #2467 ) ;
#561 = CARTESIAN_POINT ( 'NONE',  ( 38.50000000000001421, 0.4000000000000000222, -3.407045462299400196 ) ) ;
#562 = AXIS2_PLACEMENT_3D ( 'NONE', #6382, #10204, #625 ) ;
#563 = ADVANCED_FACE ( 'NONE', ( #7530 ), #10229, .F. ) ;
#564 = EDGE_LOOP ( 'NONE', ( #7052, #5708, #2072, #9316 ) ) ;
#565 = ORIENTED_EDGE ( 'NONE', *, *, #4903, .T. ) ;
#566 = EDGE_CURVE ( 'NONE', #9067, #2846, #9355, .T. ) ;
#567 = LINE ( 'NONE', #12051, #7716 ) ;
#568 = ORIENTED_EDGE ( 'NONE', *, *, #1696, .T. ) ;
#569 = FACE_OUTER_BOUND ( 'NONE', #2798, .T. ) ;
#570 = FACE_OUTER_BOUND ( 'NONE', #6387, .T. ) ;
#571 = VERTEX_POINT ( 'NONE', #8465 ) ;
#572 = VECTOR ( 'NONE', #8632, 1000.000000000000000 ) ;
#573 = FACE_BOUND ( 'NONE', #7193, .T. ) ;
#574 = AXIS2_PLACEMENT_3D ( 'NONE', #11176, #8925, #1702 ) ;
#575 = CARTESIAN_POINT ( 'NONE',  ( 29.47992136116632977, 1.115317123975225533, -5.586343894839111535 ) ) ;
#576 = DIRECTION ( 'NONE',  ( 7.335912872304279317E-17, 0.7660444431189810111, 0.6427876096865356992 ) ) ;
#577 = CYLINDRICAL_SURFACE ( 'NONE', #2045, 1.500000000000000000 ) ;
#578 = VECTOR ( 'NONE', #6962, 1000.000000000000000 ) ;
#579 = FACE_OUTER_BOUND ( 'NONE', #1079, .T. ) ;
#580 = ADVANCED_FACE ( 'NONE', ( #6593 ), #8885, .T. ) ;
#581 = DIRECTION ( 'NONE',  ( -0.000000000000000000, -0.000000000000000000, 1.000000000000000000 ) ) ;
#582 = DIRECTION ( 'NONE',  ( 1.894180325222886620E-15, 0.9625068420560822791, 0.2712574035768015590 ) ) ;
#583 = VERTEX_POINT ( 'NONE', #2773 ) ;
#584 = ADVANCED_FACE ( 'NONE', ( #12197 ), #777, .F. ) ;
#585 = ORIENTED_EDGE ( 'NONE', *, *, #11264, .T. ) ;
#586 = ORIENTED_EDGE ( 'NONE', *, *, #10264, .T. ) ;
#587 = CARTESIAN_POINT ( 'NONE',  ( 9.602691853364335728, 0.5320888862379536954, -0.9617579545435693822 ) ) ;
#589 = DIRECTION ( 'NONE',  ( 1.141265444721583757E-16, 0.000000000000000000, 1.000000000000000000 ) ) ;
#588 = B_SPLINE_CURVE_WITH_KNOTS ( 'NONE', 3,
 ( #2680, #9449, #3681, #871, #6498, #9087 ),
 .UNSPECIFIED., .F., .F.,
 ( 4, 2, 4 ),
 ( 0.000000000000000000, 0.0002695394427320646686, 0.0005390788854641293372 ),
 .UNSPECIFIED. ) ;
#590 = EDGE_CURVE ( 'NONE', #7063, #1537, #1839, .T. ) ;
#591 = AXIS2_PLACEMENT_3D ( 'NONE', #2338, #1336, #5340 ) ;
#592 = CARTESIAN_POINT ( 'NONE',  ( 2.785301483563183300, 1.372383960302708150, -5.038967344092047718 ) ) ;
#593 = LINE ( 'NONE', #8222, #1761 ) ;
#594 = CARTESIAN_POINT ( 'NONE',  ( 0.3468596454174303623, 0.000000000000000000, -1.000000000000000000 ) ) ;
#595 = LINE ( 'NONE', #12017, #3905 ) ;
#596 = DIRECTION ( 'NONE',  ( -0.000000000000000000, -0.000000000000000000, 1.000000000000000000 ) ) ;
#597 = VECTOR ( 'NONE', #10475, 1000.000000000000000 ) ;
#598 = CARTESIAN_POINT ( 'NONE',  ( 30.99711038494233506, 1.000000000000000000, -1.000000000000000000 ) ) ;
#599 = VERTEX_POINT ( 'NONE', #11187 ) ;
#600 = EDGE_LOOP ( 'NONE', ( #10223, #9782, #7492, #1337, #9840, #2632, #3753, #9113, #2752, #6102, #4840, #5112, #3170 ) ) ;
#601 = EDGE_CURVE ( 'NONE', #236, #4575, #5893, .T. ) ;
#602 = ORIENTED_EDGE ( 'NONE', *, *, #709, .F. ) ;
#603 = ORIENTED_EDGE ( 'NONE', *, *, #4330, .T. ) ;
#604 = ORIENTED_EDGE ( 'NONE', *, *, #2366, .F. ) ;
#605 = DIRECTION ( 'NONE',  ( -0.000000000000000000, -1.000000000000000000, -0.000000000000000000 ) ) ;
#606 = DIRECTION ( 'NONE',  ( -0.000000000000000000, -0.000000000000000000, 1.000000000000000000 ) ) ;
#607 = EDGE_CURVE ( 'NONE', #6304, #6384, #5534, .T. ) ;
#608 = CARTESIAN_POINT ( 'NONE',  ( 32.78241186850552680, 2.000000000000000000, 2.799999999999999822 ) ) ;
#609 = CARTESIAN_POINT ( 'NONE',  ( 32.78241186850553390, 0.000000000000000000, -2.836630331739329769 ) ) ;
#610 = CARTESIAN_POINT ( 'NONE',  ( 37.06771335206872919, 0.000000000000000000, -2.836630331739329769 ) ) ;
#611 = DIRECTION ( 'NONE',  ( 0.000000000000000000, 3.577867169202164632E-15, 1.000000000000000000 ) ) ;
#612 = LINE ( 'NONE', #4432, #1322 ) ;
#613 = VERTEX_POINT ( 'NONE', #3781 ) ;
#614 = ORIENTED_EDGE ( 'NONE', *, *, #9023, .F. ) ;
#615 = ORIENTED_EDGE ( 'NONE', *, *, #3664, .F. ) ;
#616 = VERTEX_POINT ( 'NONE', #7405 ) ;
#617 = VECTOR ( 'NONE', #6192, 1000.000000000000000 ) ;
#618 = CARTESIAN_POINT ( 'NONE',  ( 38.50000000000001421, 0.000000000000000000, -0.2337080731428451408 ) ) ;
#619 = ADVANCED_FACE ( 'NONE', ( #1777 ), #3711, .F. ) ;
#620 = VERTEX_POINT ( 'NONE', #10288 ) ;
#621 = FACE_OUTER_BOUND ( 'NONE', #8866, .T. ) ;
#622 = EDGE_CURVE ( 'NONE', #740, #9072, #12259, .T. ) ;
#623 = CARTESIAN_POINT ( 'NONE',  ( -0.7437148944200444589, 0.4000000000000000222, -2.240753535442231215 ) ) ;
#624 = CARTESIAN_POINT ( 'NONE',  ( 37.06771335206871498, 1.372383960302707928, -5.038967344092049494 ) ) ;
#625 = DIRECTION ( 'NONE',  ( 1.000000000000000000, 0.000000000000000000, -1.141265444721583757E-16 ) ) ;
#626 = CARTESIAN_POINT ( 'NONE',  ( 21.08279252339591281, 0.4000000000000000222, -3.000000000000000000 ) ) ;
#627 = ORIENTED_EDGE ( 'NONE', *, *, #433, .T. ) ;
#628 = EDGE_LOOP ( 'NONE', ( #8049, #1806, #4671, #1417 ) ) ;
#629 = CARTESIAN_POINT ( 'NONE',  ( 15.64120593425276340, 1.000000000000000000, 2.799999999999999822 ) ) ;
#630 = EDGE_LOOP ( 'NONE', ( #9454, #994, #862, #3005 ) ) ;
#631 = CARTESIAN_POINT ( 'NONE',  ( 31.49711038494233506, 1.000000000000000000, -4.040753535442245692 ) ) ;
#633 = ADVANCED_FACE ( 'NONE', ( #2708 ), #5653, .T. ) ;
#632 = VERTEX_POINT ( 'NONE', #7467 ) ;
#634 = AXIS2_PLACEMENT_3D ( 'NONE', #7616, #1102, #11459 ) ;
#635 = DIRECTION ( 'NONE',  ( 0.000000000000000000, 3.577867169202164632E-15, 1.000000000000000000 ) ) ;
#636 = VECTOR ( 'NONE', #131, 1000.000000000000000 ) ;
#637 = EDGE_CURVE ( 'NONE', #8076, #10331, #10092, .T. ) ;
#638 = DIRECTION ( 'NONE',  ( 0.000000000000000000, -1.000000000000000000, 0.000000000000000000 ) ) ;
#639 = DIRECTION ( 'NONE',  ( 0.000000000000000000, 1.000000000000000000, 0.000000000000000000 ) ) ;
#640 = EDGE_CURVE ( 'NONE', #1816, #10798, #10356, .T. ) ;
#641 = DIRECTION ( 'NONE',  ( 5.626621160408424545E-15, -0.5735764363510473807, 0.8191520442889909104 ) ) ;
#642 = CARTESIAN_POINT ( 'NONE',  ( 29.99711038494233861, 1.000000000000000000, 0.3238172648295125633 ) ) ;
#643 = VECTOR ( 'NONE', #4013, 1000.000000000000000 ) ;
#644 = CARTESIAN_POINT ( 'NONE',  ( 8.226888072706337596, 0.4000000000000000222, -3.000000000000000000 ) ) ;
#645 = DIRECTION ( 'NONE',  ( 7.097089222158425653E-15, -0.000000000000000000, 1.000000000000000000 ) ) ;
#646 = VERTEX_POINT ( 'NONE', #649 ) ;
#647 = ORIENTED_EDGE ( 'NONE', *, *, #9872, .F. ) ;
#648 = VERTEX_POINT ( 'NONE', #5595 ) ;
#649 = CARTESIAN_POINT ( 'NONE',  ( 39.56771335206872919, 0.000000000000000000, -2.240753535442241873 ) ) ;
#650 = CARTESIAN_POINT ( 'NONE',  ( 7.070602967126371041, 0.000000000000000000, -5.578147948598760841 ) ) ;
#651 = DIRECTION ( 'NONE',  ( 4.488561888120282676E-15, 0.7660444431189767922, 0.6427876096865409172 ) ) ;
#652 = DIRECTION ( 'NONE',  ( -1.141265444721583757E-16, 0.000000000000000000, 1.000000000000000000 ) ) ;
#653 = PLANE ( 'NONE',  #12411 ) ;
#654 = ADVANCED_FACE ( 'NONE', ( #9416 ), #12318, .T. ) ;
#655 = LINE ( 'NONE', #1597, #7505 ) ;
#656 = EDGE_LOOP ( 'NONE', ( #11008, #11894, #5709, #2202 ) ) ;
#657 = DIRECTION ( 'NONE',  ( 1.000000000000000000, -0.000000000000000000, -6.982962677686266711E-15 ) ) ;
#658 = CARTESIAN_POINT ( 'NONE',  ( 10.07060296712639058, 1.000000000000000000, -2.836630331739350641 ) ) ;
#659 = ORIENTED_EDGE ( 'NONE', *, *, #4371, .T. ) ;
#660 = EDGE_LOOP ( 'NONE', ( #7329, #5310, #7476, #5111 ) ) ;
#661 = ORIENTED_EDGE ( 'NONE', *, *, #2872, .T. ) ;
#662 = ORIENTED_EDGE ( 'NONE', *, *, #7428, .T. ) ;
#663 = ORIENTED_EDGE ( 'NONE', *, *, #9890, .T. ) ;
#664 = LINE ( 'NONE', #4485, #9969 ) ;
#665 = LINE ( 'NONE', #3611, #531 ) ;
#666 = DIRECTION ( 'NONE',  ( -0.6427876096865463573, -0.000000000000000000, -0.7660444431189722403 ) ) ;
#667 = EDGE_CURVE ( 'NONE', #10519, #236, #2088, .T. ) ;
#668 = DIRECTION ( 'NONE',  ( -0.5407162030609378167, 0.5407162030609377057, 0.6444004775717702138 ) ) ;
#669 = EDGE_CURVE ( 'NONE', #5449, #461, #7394, .T. ) ;
#670 = DIRECTION ( 'NONE',  ( 0.000000000000000000, 0.000000000000000000, -1.000000000000000000 ) ) ;
#671 = FACE_OUTER_BOUND ( 'NONE', #6796, .T. ) ;
#672 = B_SPLINE_CURVE_WITH_KNOTS ( 'NONE', 3,
 ( #3073, #11618, #3888, #3951, #2953, #11552, #8708, #5072 ),
 .UNSPECIFIED., .F., .F.,
 ( 4, 2, 2, 4 ),
 ( 0.000000000000000000, 0.0007624254491577236613, 0.001524850898315447323, 0.003049701796630915028 ),
 .UNSPECIFIED. ) ;
#673 = EDGE_CURVE ( 'NONE', #8188, #1201, #11564, .T. ) ;
#674 = CARTESIAN_POINT ( 'NONE',  ( 38.50000000000001421, 0.000000000000000000, -3.007045462299399841 ) ) ;
#675 = VERTEX_POINT ( 'NONE', #11746 ) ;
#676 = ORIENTED_EDGE ( 'NONE', *, *, #9309, .T. ) ;
#677 = VERTEX_POINT ( 'NONE', #3841 ) ;
#678 = VERTEX_POINT ( 'NONE', #10732 ) ;
#679 = CARTESIAN_POINT ( 'NONE',  ( 38.50000000000001421, 0.000000000000000000, -0.2337080731428451408 ) ) ;
#680 = VERTEX_POINT ( 'NONE', #3024 ) ;
#681 = DIRECTION ( 'NONE',  ( 1.000000000000000000, 0.000000000000000000, -0.000000000000000000 ) ) ;
#682 = CARTESIAN_POINT ( 'NONE',  ( 22.42650741781595514, 1.000000000000000000, -1.000000000000000000 ) ) ;
#683 = CARTESIAN_POINT ( 'NONE',  ( 26.72296406238913491, 1.399999999999999467, -5.010998372119820132 ) ) ;
#684 = ADVANCED_FACE ( 'NONE', ( #6655 ), #5961, .T. ) ;
#685 = DIRECTION ( 'NONE',  ( 1.000000000000000000, -0.000000000000000000, -6.982962677686266711E-15 ) ) ;
#686 = LINE ( 'NONE', #11096, #4377 ) ;
#687 = EDGE_CURVE ( 'NONE', #8123, #3201, #23, .T. ) ;
#688 = VERTEX_POINT ( 'NONE', #209 ) ;
#689 = ORIENTED_EDGE ( 'NONE', *, *, #6707, .T. ) ;
#690 = DIRECTION ( 'NONE',  ( -1.141265444721583757E-16, 0.000000000000000000, -1.000000000000000000 ) ) ;
#691 = ORIENTED_EDGE ( 'NONE', *, *, #9810, .T. ) ;
#692 = CARTESIAN_POINT ( 'NONE',  ( 18.64120593425275985, 1.115317123975225755, -5.263829606655359150 ) ) ;
#693 = ORIENTED_EDGE ( 'NONE', *, *, #10047, .T. ) ;
#694 = CARTESIAN_POINT ( 'NONE',  ( 15.64120593425276340, 0.000000000000000000, -1.000000000000000000 ) ) ;
#695 = VECTOR ( 'NONE', #3038, 1000.000000000000000 ) ;
#696 = DIRECTION ( 'NONE',  ( 1.141265444721583757E-16, 0.000000000000000000, -1.000000000000000000 ) ) ;
#697 = DIRECTION ( 'NONE',  ( -1.000000000000000000, -0.000000000000000000, -0.000000000000000000 ) ) ;
#698 = DIRECTION ( 'NONE',  ( -1.000000000000000000, -0.000000000000000000, 1.141265444721583757E-16 ) ) ;
#699 = FACE_OUTER_BOUND ( 'NONE', #6931, .T. ) ;
#700 = EDGE_CURVE ( 'NONE', #6450, #8640, #11683, .T. ) ;
#701 = CARTESIAN_POINT ( 'NONE',  ( 38.50000000000001421, 0.000000000000000000, -0.2337080731428451408 ) ) ;
#702 = VECTOR ( 'NONE', #2280, 1000.000000000000000 ) ;
#703 = CARTESIAN_POINT ( 'NONE',  ( 31.49711038494233506, 3.272523262990679971, -4.655877423168258922 ) ) ;
#704 = CARTESIAN_POINT ( 'NONE',  ( 27.21180890137913977, 1.103464666456457577, -5.267169912107815044 ) ) ;
#705 = ADVANCED_FACE ( 'NONE', ( #1149 ), #8844, .F. ) ;
#707 = EDGE_LOOP ( 'NONE', ( #1217, #8493, #8753, #10227, #295, #6048 ) ) ;
#706 = EDGE_CURVE ( 'NONE', #5952, #2145, #3085, .T. ) ;
#708 = VECTOR ( 'NONE', #2485, 1000.000000000000000 ) ;
#709 = EDGE_CURVE ( 'NONE', #7065, #10838, #5778, .T. ) ;
#710 = ORIENTED_EDGE ( 'NONE', *, *, #10778, .F. ) ;
#711 = ORIENTED_EDGE ( 'NONE', *, *, #7572, .F. ) ;
#712 = DIRECTION ( 'NONE',  ( -1.000000000000000000, -0.000000000000000000, 1.141265444721583757E-16 ) ) ;
#713 = CARTESIAN_POINT ( 'NONE',  ( 9.087790991801339757, 6.728843058598058429E-16, -5.900668485670308883 ) ) ;
#714 = CARTESIAN_POINT ( 'NONE',  ( 32.78241186850551969, 1.372383960302707928, -5.038967344092049494 ) ) ;
#715 = DIRECTION ( 'NONE',  ( 1.000000000000000000, 0.000000000000000000, 0.000000000000000000 ) ) ;
#716 = FACE_OUTER_BOUND ( 'NONE', #3230, .T. ) ;
#717 = VECTOR ( 'NONE', #4324, 1000.000000000000000 ) ;
#718 = VECTOR ( 'NONE', #8876, 1000.000000000000000 ) ;
#719 = DIRECTION ( 'NONE',  ( -1.355252715606880543E-16, -1.000000000000000000, 0.000000000000000000 ) ) ;
#720 = ORIENTED_EDGE ( 'NONE', *, *, #5461, .T. ) ;
#721 = DIRECTION ( 'NONE',  ( 7.097089222158425653E-15, -0.000000000000000000, 1.000000000000000000 ) ) ;
#722 = CARTESIAN_POINT ( 'NONE',  ( 10.07060296712638880, 1.000000000000000000, -3.007045462299396732 ) ) ;
#723 = ORIENTED_EDGE ( 'NONE', *, *, #11124, .F. ) ;
#724 = EDGE_CURVE ( 'NONE', #834, #11202, #1083, .T. ) ;
#726 = VERTEX_POINT ( 'NONE', #2897 ) ;
#725 = AXIS2_PLACEMENT_3D ( 'NONE', #6056, #185, #10890 ) ;
#727 = ORIENTED_EDGE ( 'NONE', *, *, #6599, .F. ) ;
#728 = VECTOR ( 'NONE', #4195, 1000.000000000000000 ) ;
#729 = VECTOR ( 'NONE', #1988, 1000.000000000000000 ) ;
#730 = ORIENTED_EDGE ( 'NONE', *, *, #4747, .T. ) ;
#731 = DIRECTION ( 'NONE',  ( 0.000000000000000000, 0.000000000000000000, -1.000000000000000000 ) ) ;
#732 = CARTESIAN_POINT ( 'NONE',  ( 20.68279252339591068, 0.000000000000000000, -1.000000000000000000 ) ) ;
#733 = DIRECTION ( 'NONE',  ( 1.141265444721583757E-16, 0.000000000000000000, -1.000000000000000000 ) ) ;
#734 = DIRECTION ( 'NONE',  ( 1.000000000000000000, -0.000000000000000000, -6.982962677686266711E-15 ) ) ;
#735 = VECTOR ( 'NONE', #8813, 1000.000000000000000 ) ;
#736 = LINE ( 'NONE', #4558, #1916 ) ;
#737 = VECTOR ( 'NONE', #10551, 1000.000000000000000 ) ;
#738 =( BOUNDED_CURVE ( )  B_SPLINE_CURVE ( 3, ( #7502, #12422, #3684, #5629 ),
 .UNSPECIFIED., .F., .F. ) 
 B_SPLINE_CURVE_WITH_KNOTS ( ( 4, 4 ),
 ( 0.8726646259971644337, 1.198269360942234352 ),
 .UNSPECIFIED. ) 
 CURVE ( )  GEOMETRIC_REPRESENTATION_ITEM ( )  RATIONAL_B_SPLINE_CURVE ( ( 1.000000000000000000, 0.9911846262163772625, 0.9911846262163772625, 1.000000000000000000 ) ) 
 REPRESENTATION_ITEM ( '' )  );
#739 = DIRECTION ( 'NONE',  ( -1.000000000000000000, -0.000000000000000000, 1.141265444721583757E-16 ) ) ;
#740 = VERTEX_POINT ( 'NONE', #10543 ) ;
#741 = ORIENTED_EDGE ( 'NONE', *, *, #140, .T. ) ;
#742 = ORIENTED_EDGE ( 'NONE', *, *, #601, .T. ) ;
#743 = VERTEX_POINT ( 'NONE', #8659 ) ;
#744 = EDGE_CURVE ( 'NONE', #234, #2754, #1111, .T. ) ;
#745 = CARTESIAN_POINT ( 'NONE',  ( 19.92650741781595514, 0.06443263463840748217, 0.1149657687835883013 ) ) ;
#746 = VERTEX_POINT ( 'NONE', #5840 ) ;
#747 = AXIS2_PLACEMENT_3D ( 'NONE', #12387, #9540, #6788 ) ;
#748 = LINE ( 'NONE', #6564, #2150 ) ;
#749 = EDGE_CURVE ( 'NONE', #5287, #1, #4898, .T. ) ;
#750 = CARTESIAN_POINT ( 'NONE',  ( 18.15236109526275499, 1.399999999999999467, -5.010998372119820132 ) ) ;
#751 = PLANE ( 'NONE',  #5773 ) ;
#752 = CARTESIAN_POINT ( 'NONE',  ( 27.21180890137915043, 1.000000000000000000, -4.040753535442245692 ) ) ;
#753 = LINE ( 'NONE', #11920, #11034 ) ;
#754 = VECTOR ( 'NONE', #5363, 1000.000000000000000 ) ;
#755 = ORIENTED_EDGE ( 'NONE', *, *, #9171, .T. ) ;
#756 = ORIENTED_EDGE ( 'NONE', *, *, #5337, .F. ) ;
#757 = CARTESIAN_POINT ( 'NONE',  ( 8.226888072706337596, 0.000000000000000000, -2.240753535442232547 ) ) ;
#758 = ORIENTED_EDGE ( 'NONE', *, *, #8807, .F. ) ;
#759 = EDGE_CURVE ( 'NONE', #3106, #6958, #9783, .T. ) ;
#760 = DIRECTION ( 'NONE',  ( -0.000000000000000000, -0.000000000000000000, 1.000000000000000000 ) ) ;
#761 = ORIENTED_EDGE ( 'NONE', *, *, #10388, .T. ) ;
#762 = DIRECTION ( 'NONE',  ( 0.000000000000000000, 0.7660444431189767922, -0.6427876096865409172 ) ) ;
#763 = EDGE_CURVE ( 'NONE', #10731, #2618, #11626, .T. ) ;
#764 = VECTOR ( 'NONE', #4350, 1000.000000000000000 ) ;
#765 = DIRECTION ( 'NONE',  ( 0.000000000000000000, -0.000000000000000000, -1.000000000000000000 ) ) ;
#766 = CARTESIAN_POINT ( 'NONE',  ( 22.92650741781595158, 1.267235759035802767, -5.187091293331778985 ) ) ;
#767 = CARTESIAN_POINT ( 'NONE',  ( 21.42650741781595514, 1.000000000000000000, 0.8999999999999921396 ) ) ;
#768 = DIRECTION ( 'NONE',  ( 0.000000000000000000, 0.000000000000000000, -1.000000000000000000 ) ) ;
#769 = LINE ( 'NONE', #8338, #4122 ) ;
#770 = DIRECTION ( 'NONE',  ( 1.000000000000000000, 0.000000000000000000, 0.000000000000000000 ) ) ;
#771 = LINE ( 'NONE', #7463, #9906 ) ;
#772 = VECTOR ( 'NONE', #10266, 1000.000000000000000 ) ;
#773 = CARTESIAN_POINT ( 'NONE',  ( -1.500000000000006439, 1.399999999999999911, -4.858572962426980446 ) ) ;
#774 = VECTOR ( 'NONE', #7997, 1000.000000000000000 ) ;
#775 = ORIENTED_EDGE ( 'NONE', *, *, #10965, .T. ) ;
#776 = ORIENTED_EDGE ( 'NONE', *, *, #6206, .T. ) ;
#777 = PLANE ( 'NONE',  #11918 ) ;
#778 = LINE ( 'NONE', #12260, #5136 ) ;
#779 = ADVANCED_FACE ( 'NONE', ( #5896 ), #7025, .F. ) ;
#780 = DIRECTION ( 'NONE',  ( -1.000000000000000000, -0.000000000000000000, -0.000000000000000000 ) ) ;
#781 = CARTESIAN_POINT ( 'NONE',  ( 7.070602967126381699, 2.000000000000000000, 1.739099631177264405 ) ) ;
#782 = AXIS2_PLACEMENT_3D ( 'NONE', #12078, #12016, #10234 ) ;
#783 = ADVANCED_FACE ( 'NONE', ( #10916 ), #11930, .F. ) ;
#784 = AXIS2_PLACEMENT_3D ( 'NONE', #11239, #10875, #4588 ) ;
#785 = LINE ( 'NONE', #1658, #4919 ) ;
#786 = ORIENTED_EDGE ( 'NONE', *, *, #4139, .T. ) ;
#787 = LINE ( 'NONE', #2780, #2141 ) ;
#788 = DIRECTION ( 'NONE',  ( -1.000000000000000000, -0.000000000000000000, 1.141265444721583757E-16 ) ) ;
#789 = ORIENTED_EDGE ( 'NONE', *, *, #11893, .F. ) ;
#790 = ORIENTED_EDGE ( 'NONE', *, *, #33, .F. ) ;
#791 = ORIENTED_EDGE ( 'NONE', *, *, #5907, .F. ) ;
#792 = VECTOR ( 'NONE', #11816, 1000.000000000000000 ) ;
#793 = CARTESIAN_POINT ( 'NONE',  ( 31.49711038494233151, 0.000000000000000000, -5.578152595329384233 ) ) ;
#794 = DIRECTION ( 'NONE',  ( 6.868836133214108557E-15, 0.000000000000000000, 1.000000000000000000 ) ) ;
#795 = CARTESIAN_POINT ( 'NONE',  ( 29.65339549052229629, 0.3999999999999999667, -2.240753535442232547 ) ) ;
#796 = EDGE_CURVE ( 'NONE', #551, #11787, #7083, .T. ) ;
#797 = CARTESIAN_POINT ( 'NONE',  ( 28.99711038494235282, 1.000000000000000000, -2.240753535442228106 ) ) ;
#798 = CARTESIAN_POINT ( 'NONE',  ( 38.50000000000001421, 0.4000000000000000222, -3.007045462299399841 ) ) ;
#799 = ADVANCED_FACE ( 'NONE', ( #2210 ), #4149, .F. ) ;
#800 = CARTESIAN_POINT ( 'NONE',  ( 22.45859630405391272, 0.5320888862379536954, -0.9617579545435693822 ) ) ;
#801 = EDGE_CURVE ( 'NONE', #7820, #476, #11998, .T. ) ;
#802 = VECTOR ( 'NONE', #1773, 1000.000000000000000 ) ;
#803 = CARTESIAN_POINT ( 'NONE',  ( 26.45866854679657720, 0.4000000000000000222, -1.000000000000000000 ) ) ;
#804 = CARTESIAN_POINT ( 'NONE',  ( 27.21180890137915398, 0.000000000000000000, -3.407045462299398420 ) ) ;
#805 = LINE ( 'NONE', #1740, #6169 ) ;
#806 = ORIENTED_EDGE ( 'NONE', *, *, #1365, .T. ) ;
#807 = EDGE_LOOP ( 'NONE', ( #9658, #8451, #10686, #7590 ) ) ;
#808 = ORIENTED_EDGE ( 'NONE', *, *, #11234, .F. ) ;
#809 = ORIENTED_EDGE ( 'NONE', *, *, #11830, .T. ) ;
#810 = CARTESIAN_POINT ( 'NONE',  ( 7.826888072706338129, 0.000000000000000000, -1.000000000000000000 ) ) ;
#811 = EDGE_LOOP ( 'NONE', ( #4975, #7784, #7371, #10672, #8505 ) ) ;
#812 = CARTESIAN_POINT ( 'NONE',  ( 35.45465047223936494, 0.6722386037338304865, -0.7947340252167950370 ) ) ;
#813 = CARTESIAN_POINT ( 'NONE',  ( 35.78241186850553390, 0.000000000000000000, -1.000000000000000000 ) ) ;
#814 = DIRECTION ( 'NONE',  ( 0.000000000000000000, 0.000000000000000000, 1.000000000000000000 ) ) ;
#815 = CARTESIAN_POINT ( 'NONE',  ( 31.49711038494233151, 1.191234876072140514, -5.242434171922442765 ) ) ;
#816 = EDGE_CURVE ( 'NONE', #7126, #3258, #4331, .T. ) ;
#817 = ORIENTED_EDGE ( 'NONE', *, *, #10652, .F. ) ;
#818 = EDGE_LOOP ( 'NONE', ( #1604, #11563, #8592, #8506 ) ) ;
#819 = EDGE_CURVE ( 'NONE', #3410, #7543, #6137, .T. ) ;
#820 = LINE ( 'NONE', #2687, #1913 ) ;
#821 = VERTEX_POINT ( 'NONE', #6966 ) ;
#822 = CARTESIAN_POINT ( 'NONE',  ( 15.64120593425276340, 0.000000000000000000, -0.4041232037028952284 ) ) ;
#823 = ORIENTED_EDGE ( 'NONE', *, *, #11480, .T. ) ;
#824 = DIRECTION ( 'NONE',  ( 7.335912872304279317E-17, -0.7660444431189810111, -0.6427876096865356992 ) ) ;
#825 = CARTESIAN_POINT ( 'NONE',  ( 10.07060296712638348, 1.499358225474672235, 2.799999999999999822 ) ) ;
#826 = CARTESIAN_POINT ( 'NONE',  ( 39.56771335206872919, 1.000000000000000000, -1.000000000000000000 ) ) ;
#827 = LINE ( 'NONE', #2643, #3444 ) ;
#828 = DIRECTION ( 'NONE',  ( -1.000000000000000000, 0.000000000000000000, 1.141265444721583757E-16 ) ) ;
#829 = LINE ( 'NONE', #1768, #8307 ) ;
#830 = FACE_OUTER_BOUND ( 'NONE', #8217, .T. ) ;
#831 = EDGE_CURVE ( 'NONE', #12362, #11218, #8022, .T. ) ;
#832 = CARTESIAN_POINT ( 'NONE',  ( 33.28241186850552680, 0.000000000000000000, -1.000000000000000000 ) ) ;
#833 = CARTESIAN_POINT ( 'NONE',  ( 22.92650741781595869, 0.4000000000000000222, -0.2337080731428450298 ) ) ;
#834 = VERTEX_POINT ( 'NONE', #10856 ) ;
#835 = VERTEX_POINT ( 'NONE', #9900 ) ;
#836 = VECTOR ( 'NONE', #492, 1000.000000000000000 ) ;
#837 = CARTESIAN_POINT ( 'NONE',  ( 34.28241186850552680, 1.000000000000000000, 0.8999999999999921396 ) ) ;
#838 = CARTESIAN_POINT ( 'NONE',  ( 5.785301483563184632, 1.372613645930300441, -5.038802382218244169 ) ) ;
#839 = DIRECTION ( 'NONE',  ( 7.335912872304279317E-17, -0.7660444431189810111, -0.6427876096865356992 ) ) ;
#840 = CARTESIAN_POINT ( 'NONE',  ( 0.5552763338303501328, 1.400000000000169997, -5.423430774507966845 ) ) ;
#841 = VECTOR ( 'NONE', #8691, 1000.000000000000114 ) ;
#842 = VECTOR ( 'NONE', #10029, 1000.000000000000000 ) ;
#843 = CARTESIAN_POINT ( 'NONE',  ( 11.35590445068956811, 1.399999999999999911, -4.858572962426980446 ) ) ;
#844 = EDGE_LOOP ( 'NONE', ( #5621, #9180, #6246, #9961 ) ) ;
#845 = EDGE_CURVE ( 'NONE', #4253, #2373, #9967, .T. ) ;
#846 = CARTESIAN_POINT ( 'NONE',  ( 0.9999999999999978906, 1.000000000000000000, -1.000000000000000000 ) ) ;
#847 = DIRECTION ( 'NONE',  ( -1.000000000000000000, -0.000000000000000000, 1.141265444721583757E-16 ) ) ;
#848 = ORIENTED_EDGE ( 'NONE', *, *, #6487, .F. ) ;
#849 = ORIENTED_EDGE ( 'NONE', *, *, #2356, .F. ) ;
#850 = VERTEX_POINT ( 'NONE', #8902 ) ;
#851 = EDGE_CURVE ( 'NONE', #4125, #12158, #2268, .T. ) ;
#852 = CARTESIAN_POINT ( 'NONE',  ( 11.75701908289246234, 1.399999999999831379, -5.329232319202980683 ) ) ;
#853 = CARTESIAN_POINT ( 'NONE',  ( 5.785301483563190850, 0.8628211600346445964, -0.4041232037028950064 ) ) ;
#854 = DIRECTION ( 'NONE',  ( -1.000000000000000000, 0.000000000000000000, 1.141265444721583757E-16 ) ) ;
#855 = LINE ( 'NONE', #1915, #8754 ) ;
#856 = PLANE ( 'NONE',  #1237 ) ;
#857 = CARTESIAN_POINT ( 'NONE',  ( 22.45859630405391272, 0.5320888862379536954, -0.9617579545435693822 ) ) ;
#858 = DIRECTION ( 'NONE',  ( 1.000000000000000000, -0.000000000000000000, -6.982962677686266711E-15 ) ) ;
#859 = CARTESIAN_POINT ( 'NONE',  ( 0.9999999999999978906, 1.000000000000000000, -1.000000000000000000 ) ) ;
#860 = EDGE_CURVE ( 'NONE', #6466, #3975, #9843, .T. ) ;
#861 = LINE ( 'NONE', #11590, #4582 ) ;
#862 = ORIENTED_EDGE ( 'NONE', *, *, #4725, .F. ) ;
#863 = ORIENTED_EDGE ( 'NONE', *, *, #6061, .T. ) ;
#864 = ORIENTED_EDGE ( 'NONE', *, *, #3548, .T. ) ;
#865 = EDGE_LOOP ( 'NONE', ( #1791, #5480, #7465, #10270, #789, #8417, #7310 ) ) ;
#866 = ADVANCED_FACE ( 'NONE', ( #3331, #1326, #5329, #4269, #8077, #3398, #330, #1510, #6076, #3143, #7209, #11045, #2451, #9152, #6261, #11869, #573, #5148, #8966, #10799 ), #6021, .F. ) ;
#867 = EDGE_CURVE ( 'NONE', #1289, #6050, #12306, .T. ) ;
#868 = ADVANCED_FACE ( 'NONE', ( #2515 ), #10149, .T. ) ;
#869 = CARTESIAN_POINT ( 'NONE',  ( 5.935338194225412423, 1.102365273526561218, -5.215486168409626977 ) ) ;
#870 = VERTEX_POINT ( 'NONE', #9461 ) ;
#871 = CARTESIAN_POINT ( 'NONE',  ( 40.06771335206872919, 1.372613645930300219, -5.038802382218242393 ) ) ;
#872 = CARTESIAN_POINT ( 'NONE',  ( 16.62534977083481635, 1.400000000000000355, -5.120335728133785125 ) ) ;
#873 = CARTESIAN_POINT ( 'NONE',  ( 37.06771335206871498, 8.673617379884035472E-16, -5.578147948598759953 ) ) ;
#874 = CARTESIAN_POINT ( 'NONE',  ( 22.92650741781596579, 1.000000000000000000, -2.836630331739350641 ) ) ;
#875 = ORIENTED_EDGE ( 'NONE', *, *, #7221, .T. ) ;
#876 = ORIENTED_EDGE ( 'NONE', *, *, #8464, .F. ) ;
#877 = LINE ( 'NONE', #8390, #11123 ) ;
#878 = EDGE_LOOP ( 'NONE', ( #8747, #3867, #1460, #7217 ) ) ;
#879 = CYLINDRICAL_SURFACE ( 'NONE', #3520, 1.500000000000000000 ) ;
#880 = ORIENTED_EDGE ( 'NONE', *, *, #171, .T. ) ;
#881 = PLANE ( 'NONE',  #3107 ) ;
#882 = DIRECTION ( 'NONE',  ( 1.000000000000000000, 0.000000000000000000, -6.982962677686266711E-15 ) ) ;
#883 = CARTESIAN_POINT ( 'NONE',  ( 34.84733498675642238, 1.108503113383853655, -5.505581804970429260 ) ) ;
#884 = LINE ( 'NONE', #4770, #6443 ) ;
#885 = CARTESIAN_POINT ( 'NONE',  ( 38.50000000000001421, 0.000000000000000000, -3.007045462299399841 ) ) ;
#886 = DIRECTION ( 'NONE',  ( -1.000000000000000000, -0.000000000000000000, 1.141265444721583757E-16 ) ) ;
#887 = DIRECTION ( 'NONE',  ( -1.000000000000000000, -0.000000000000000000, -0.000000000000000000 ) ) ;
#888 = CARTESIAN_POINT ( 'NONE',  ( -0.5158045343207456890, 1.108489920217938574, -5.504954131106829074 ) ) ;
#889 = EDGE_LOOP ( 'NONE', ( #10996, #12288, #2059, #9820 ) ) ;
#890 = PLANE ( 'NONE',  #6187 ) ;
#891 = ORIENTED_EDGE ( 'NONE', *, *, #10187, .F. ) ;
#892 = ORIENTED_EDGE ( 'NONE', *, *, #6510, .F. ) ;
#893 = ADVANCED_FACE ( 'NONE', ( #1823 ), #881, .F. ) ;
#894 = CARTESIAN_POINT ( 'NONE',  ( 9.317462612543812028, 0.000000000000000000, -2.240753535442240096 ) ) ;
#895 = FACE_OUTER_BOUND ( 'NONE', #7338, .T. ) ;
#896 = CARTESIAN_POINT ( 'NONE',  ( 30.34397003035976681, 0.4000000000000000222, -3.000000000000000000 ) ) ;
#897 = EDGE_CURVE ( 'NONE', #2219, #9995, #8454, .T. ) ;
#898 = FACE_OUTER_BOUND ( 'NONE', #8838, .T. ) ;
#899 = ORIENTED_EDGE ( 'NONE', *, *, #3755, .T. ) ;
#900 = LINE ( 'NONE', #4545, #11928 ) ;
#901 = CARTESIAN_POINT ( 'NONE',  ( 7.070602967126382588, 0.000000000000000000, -1.000000000000000000 ) ) ;
#902 = ORIENTED_EDGE ( 'NONE', *, *, #10721, .F. ) ;
#903 = ORIENTED_EDGE ( 'NONE', *, *, #6947, .T. ) ;
#904 = ORIENTED_EDGE ( 'NONE', *, *, #8679, .F. ) ;
#905 = ADVANCED_FACE ( 'NONE', ( #6516 ), #12059, .T. ) ;
#906 = CARTESIAN_POINT ( 'NONE',  ( 11.33854962366482333, 1.400000000000000355, -4.852277374311898761 ) ) ;
#907 = DIRECTION ( 'NONE',  ( 0.000000000000000000, -1.000000000000000000, -0.000000000000000000 ) ) ;
#908 = VECTOR ( 'NONE', #1449, 1000.000000000000000 ) ;
#909 = CARTESIAN_POINT ( 'NONE',  ( 19.92650741781595514, 0.000000000000000000, -1.000000000000000000 ) ) ;
#910 = VECTOR ( 'NONE', #4774, 1000.000000000000000 ) ;
#911 = DIRECTION ( 'NONE',  ( -1.000000000000000000, 0.000000000000000000, 0.000000000000000000 ) ) ;
#912 = SURFACE_STYLE_FILL_AREA ( #8613 ) ;
#913 = VECTOR ( 'NONE', #10938, 1000.000000000000000 ) ;
#914 = EDGE_CURVE ( 'NONE', #4657, #740, #7330, .T. ) ;
#915 = PLANE ( 'NONE',  #11661 ) ;
#916 = CARTESIAN_POINT ( 'NONE',  ( 37.06771335206871498, 3.272523262990679971, -4.655872776437634641 ) ) ;
#917 = LINE ( 'NONE', #1673, #6909 ) ;
#918 = LINE ( 'NONE', #8555, #2929 ) ;
#919 = AXIS2_PLACEMENT_3D ( 'NONE', #4565, #9321, #12041 ) ;
#920 = CARTESIAN_POINT ( 'NONE',  ( 29.25339549052229415, 1.000000000000000000, -2.240753535442229882 ) ) ;
#921 = ORIENTED_EDGE ( 'NONE', *, *, #4921, .T. ) ;
#922 = ORIENTED_EDGE ( 'NONE', *, *, #2272, .T. ) ;
#923 = VECTOR ( 'NONE', #6792, 1000.000000000000000 ) ;
#924 = ORIENTED_EDGE ( 'NONE', *, *, #10758, .F. ) ;
#925 = ORIENTED_EDGE ( 'NONE', *, *, #177, .F. ) ;
#926 = CARTESIAN_POINT ( 'NONE',  ( 4.805014992421013709, 1.400000000000000355, -5.120578528970613164 ) ) ;
#927 = VERTEX_POINT ( 'NONE', #5395 ) ;
#928 = CARTESIAN_POINT ( 'NONE',  ( 18.14120593425276340, 0.4999999999999978351, -1.000000000000000000 ) ) ;
#929 = EDGE_CURVE ( 'NONE', #4745, #7498, #4583, .T. ) ;
#930 = VECTOR ( 'NONE', #9059, 1000.000000000000000 ) ;
#931 = EDGE_CURVE ( 'NONE', #677, #3154, #11360, .T. ) ;
#932 = LINE ( 'NONE', #3001, #2830 ) ;
#933 = CARTESIAN_POINT ( 'NONE',  ( 3.270072979414066605, 1.400000000000000133, -5.033282760356247998 ) ) ;
#934 = VECTOR ( 'NONE', #289, 1000.000000000000000 ) ;
#935 = EDGE_CURVE ( 'NONE', #4179, #11835, #6578, .T. ) ;
#936 = CARTESIAN_POINT ( 'NONE',  ( -1.032088886237953806, 0.5320888862379536954, -0.9617579545435693822 ) ) ;
#937 = ORIENTED_EDGE ( 'NONE', *, *, #10669, .T. ) ;
#938 = ORIENTED_EDGE ( 'NONE', *, *, #9208, .F. ) ;
#939 = EDGE_LOOP ( 'NONE', ( #11087, #7201, #7892, #1586, #5312, #9022, #432, #10286, #3856, #5420, #12256, #3018, #1865 ) ) ;
#940 = ORIENTED_EDGE ( 'NONE', *, *, #7678, .F. ) ;
#941 = VECTOR ( 'NONE', #4426, 1000.000000000000000 ) ;
#942 = DIRECTION ( 'NONE',  ( 7.097089222158424864E-15, 0.000000000000000000, 1.000000000000000000 ) ) ;
#943 = EDGE_LOOP ( 'NONE', ( #5803, #11722, #2250, #957 ) ) ;
#944 = CARTESIAN_POINT ( 'NONE',  ( 39.31457299748615242, 0.4000000000000000222, -3.000000000000000000 ) ) ;
#945 = CARTESIAN_POINT ( 'NONE',  ( 35.90542396998908004, 1.400000000000000133, -5.141473183975623584 ) ) ;
#946 = CARTESIAN_POINT ( 'NONE',  ( 3.941586589143147190, 0.000000000000000000, -1.000000000000000000 ) ) ;
#947 = VECTOR ( 'NONE', #6656, 1000.000000000000000 ) ;
#948 = PLANE ( 'NONE',  #7782 ) ;
#949 = EDGE_CURVE ( 'NONE', #10699, #5417, #12333, .T. ) ;
#950 = EDGE_CURVE ( 'NONE', #7699, #491, #4458, .T. ) ;
#951 = CARTESIAN_POINT ( 'NONE',  ( 15.64120593425277050, 1.000000000000000000, -3.407045462299397531 ) ) ;
#952 = CARTESIAN_POINT ( 'NONE',  ( 21.42650741781596224, 1.000000000000000000, -2.836630331739339983 ) ) ;
#953 = ORIENTED_EDGE ( 'NONE', *, *, #1088, .F. ) ;
#954 = CARTESIAN_POINT ( 'NONE',  ( 1.499999999999991118, 1.103464666456457577, -5.267169912107815044 ) ) ;
#955 = VERTEX_POINT ( 'NONE', #12114 ) ;
#956 = DIRECTION ( 'NONE',  ( 0.000000000000000000, -1.000000000000000000, -2.710505431213761085E-16 ) ) ;
#957 = ORIENTED_EDGE ( 'NONE', *, *, #7120, .F. ) ;
#958 = ORIENTED_EDGE ( 'NONE', *, *, #10277, .T. ) ;
#959 = VECTOR ( 'NONE', #4554, 1000.000000000000000 ) ;
#960 = CARTESIAN_POINT ( 'NONE',  ( 38.22399845764867621, 0.4000000000000000222, -1.000000000000000000 ) ) ;
#961 = DIRECTION ( 'NONE',  ( -1.000000000000000000, 0.000000000000000000, 0.000000000000000000 ) ) ;
#962 = LINE ( 'NONE', #6535, #12067 ) ;
#963 = LINE ( 'NONE', #3902, #3366 ) ;
#964 = EDGE_CURVE ( 'NONE', #3822, #10452, #4518, .T. ) ;
#965 = CARTESIAN_POINT ( 'NONE',  ( 35.78241186850553390, 1.499358225474672235, 2.799999999999999822 ) ) ;
#966 = EDGE_CURVE ( 'NONE', #5137, #12143, #2577, .T. ) ;
#967 = VECTOR ( 'NONE', #2546, 1000.000000000000000 ) ;
#968 = DIRECTION ( 'NONE',  ( 7.097089222158425653E-15, -0.000000000000000000, 1.000000000000000000 ) ) ;
#969 = CARTESIAN_POINT ( 'NONE',  ( 3.941586589143147190, 0.3999999999999999667, -2.240753535442232547 ) ) ;
#970 = ORIENTED_EDGE ( 'NONE', *, *, #4505, .T. ) ;
#971 = ADVANCED_FACE ( 'NONE', ( #7391 ), #10214, .F. ) ;
#972 = EDGE_LOOP ( 'NONE', ( #1473, #5156, #5987, #4744 ) ) ;
#973 = ORIENTED_EDGE ( 'NONE', *, *, #5226, .F. ) ;
#974 = ORIENTED_EDGE ( 'NONE', *, *, #5121, .F. ) ;
#975 = DIRECTION ( 'NONE',  ( 1.000000000000000000, -0.000000000000000000, -0.000000000000000000 ) ) ;
#976 = LINE ( 'NONE', #10560, #9529 ) ;
#977 = AXIS2_PLACEMENT_3D ( 'NONE', #3334, #2821, #4767 ) ;
#978 = DIRECTION ( 'NONE',  ( -1.000000000000000000, 0.000000000000000000, 6.982962677686266711E-15 ) ) ;
#979 = DIRECTION ( 'NONE',  ( 0.000000000000000000, -1.000000000000000000, -0.000000000000000000 ) ) ;
#980 = AXIS2_PLACEMENT_3D ( 'NONE', #10141, #10076, #496 ) ;
#981 = DIRECTION ( 'NONE',  ( -7.335912872304331086E-17, -0.7660444431189772363, -0.6427876096865402511 ) ) ;
#982 = CARTESIAN_POINT ( 'NONE',  ( 21.68140127352700475, 1.399999999999999689, -5.120689233910754368 ) ) ;
#983 = CARTESIAN_POINT ( 'NONE',  ( 27.21180890137913977, 1.103464666456457577, -5.267169912107815044 ) ) ;
#984 = EDGE_CURVE ( 'NONE', #7542, #4409, #10276, .T. ) ;
#985 = CARTESIAN_POINT ( 'NONE',  ( 28.49711038494233861, 0.000000000000000000, -1.000000000000000000 ) ) ;
#986 = AXIS2_PLACEMENT_3D ( 'NONE', #11535, #5163, #9105 ) ;
#987 = DIRECTION ( 'NONE',  ( 0.000000000000000000, 1.000000000000000000, 0.000000000000000000 ) ) ;
#988 = ORIENTED_EDGE ( 'NONE', *, *, #2013, .F. ) ;
#989 = ORIENTED_EDGE ( 'NONE', *, *, #6405, .T. ) ;
#990 = ADVANCED_FACE ( 'NONE', ( #3580 ), #2639, .F. ) ;
#991 = ORIENTED_EDGE ( 'NONE', *, *, #6597, .T. ) ;
#992 = ORIENTED_EDGE ( 'NONE', *, *, #474, .T. ) ;
#993 = CARTESIAN_POINT ( 'NONE',  ( 5.315296307791570030, 1.399999999999999911, -5.030233932059978486 ) ) ;
#994 = ORIENTED_EDGE ( 'NONE', *, *, #10015, .F. ) ;
#995 = DIRECTION ( 'NONE',  ( -1.000000000000000000, 0.000000000000000000, -1.141265444721583757E-16 ) ) ;
#996 = VECTOR ( 'NONE', #2460, 1000.000000000000000 ) ;
#997 = CARTESIAN_POINT ( 'NONE',  ( 28.49711038494232795, 2.000000000000000000, -5.468901542184338993 ) ) ;
#998 = LINE ( 'NONE', #4814, #11192 ) ;
#999 = CARTESIAN_POINT ( 'NONE',  ( 40.06771335206873630, 1.000000000000000000, -2.836630331739350641 ) ) ;
#1000 = EDGE_CURVE ( 'NONE', #3661, #11061, #11297, .T. ) ;
#1001 = ORIENTED_EDGE ( 'NONE', *, *, #545, .T. ) ;
#1002 = ORIENTED_EDGE ( 'NONE', *, *, #1856, .F. ) ;
#1003 = EDGE_CURVE ( 'NONE', #2503, #11735, #196, .T. ) ;
#1004 = PRODUCT_RELATED_PRODUCT_CATEGORY ( 'part', '', ( #8681 ) ) ;
#1005 = VERTEX_POINT ( 'NONE', #3947 ) ;
#1006 = EDGE_LOOP ( 'NONE', ( #1064, #2909, #9833, #12392, #1414 ) ) ;
#1007 = VECTOR ( 'NONE', #2084, 1000.000000000000000 ) ;
#1008 = LINE ( 'NONE', #5009, #8115 ) ;
#1009 = EDGE_LOOP ( 'NONE', ( #2867, #9301, #1254, #4748 ) ) ;
#1010 = EDGE_CURVE ( 'NONE', #5663, #2177, #4438, .T. ) ;
#1011 = CARTESIAN_POINT ( 'NONE',  ( 18.64120593425276695, 0.000000000000000000, -0.2337080731428428648 ) ) ;
#1012 = LINE ( 'NONE', #73, #10224 ) ;
#1013 = PLANE ( 'NONE',  #6368 ) ;
#1014 = FACE_OUTER_BOUND ( 'NONE', #7291, .T. ) ;
#1015 = DIRECTION ( 'NONE',  ( 1.000000000000000000, -0.000000000000000000, -1.141265444721583757E-16 ) ) ;
#1016 = FACE_OUTER_BOUND ( 'NONE', #3680, .T. ) ;
#1017 = CARTESIAN_POINT ( 'NONE',  ( 5.785301483563191738, 0.5351768109448615807, 2.449066664678466232 ) ) ;
#1018 = CARTESIAN_POINT ( 'NONE',  ( 5.032161128980621179, 0.000000000000000000, -2.240753535442240096 ) ) ;
#1019 = EDGE_CURVE ( 'NONE', #12024, #2159, #9767, .T. ) ;
#1020 = ORIENTED_EDGE ( 'NONE', *, *, #9410, .T. ) ;
#1021 = DIRECTION ( 'NONE',  ( 7.097089222158425653E-15, -0.000000000000000000, 1.000000000000000000 ) ) ;
#1022 = ORIENTED_EDGE ( 'NONE', *, *, #7432, .T. ) ;
#1023 = ORIENTED_EDGE ( 'NONE', *, *, #8597, .T. ) ;
#1024 = EDGE_CURVE ( 'NONE', #9385, #2540, #2950, .T. ) ;
#1025 = EDGE_CURVE ( 'NONE', #12324, #7542, #8645, .T. ) ;
#1026 = CARTESIAN_POINT ( 'NONE',  ( 7.555374462977257011, 1.399999999999999911, -5.033282760356246222 ) ) ;
#1027 = CARTESIAN_POINT ( 'NONE',  ( 10.07060296712637459, 1.267235759035802989, -5.187091293331779873 ) ) ;
#1028 = CARTESIAN_POINT ( 'NONE',  ( 5.785301483563203284, 0.3999999999999999667, -2.240753535442245425 ) ) ;
#1029 = CARTESIAN_POINT ( 'NONE',  ( 14.35590445068958587, 0.000000000000000000, -2.240753535442245425 ) ) ;
#1030 = CARTESIAN_POINT ( 'NONE',  ( 37.06771335206872919, 0.3999999999999999667, -3.407045462299400196 ) ) ;
#1031 = VECTOR ( 'NONE', #1060, 1000.000000000000000 ) ;
#1032 = DIRECTION ( 'NONE',  ( 0.000000000000000000, 0.000000000000000000, 1.000000000000000000 ) ) ;
#1033 = VECTOR ( 'NONE', #435, 1000.000000000000000 ) ;
#1034 = CARTESIAN_POINT ( 'NONE',  ( 26.05866854679657862, 0.000000000000000000, -1.000000000000000000 ) ) ;
#1035 = ORIENTED_EDGE ( 'NONE', *, *, #759, .T. ) ;
#1036 = ORIENTED_EDGE ( 'NONE', *, *, #4832, .F. ) ;
#1037 = VERTEX_POINT ( 'NONE', #4010 ) ;
#1038 = DIRECTION ( 'NONE',  ( 0.000000000000000000, 0.000000000000000000, -1.000000000000000000 ) ) ;
#1039 = CARTESIAN_POINT ( 'NONE',  ( 31.49711038494234217, 1.000000000000000000, -2.836630331739350641 ) ) ;
#1040 = FACE_OUTER_BOUND ( 'NONE', #11896, .T. ) ;
#1041 = VECTOR ( 'NONE', #2669, 1000.000000000000000 ) ;
#1042 = CARTESIAN_POINT ( 'NONE',  ( 18.15510426129371524, 1.106833788838468502, -5.425737714157053304 ) ) ;
#1043 = CARTESIAN_POINT ( 'NONE',  ( 15.64120593425276340, 1.000000000000000000, -0.4041232037028949509 ) ) ;
#1044 = EDGE_CURVE ( 'NONE', #10452, #10710, #7610, .T. ) ;
#1045 = VECTOR ( 'NONE', #3843, 1000.000000000000000 ) ;
#1046 = LINE ( 'NONE', #8484, #4643 ) ;
#1047 = CARTESIAN_POINT ( 'NONE',  ( 19.92650741781595158, 1.372383960302707484, -5.038967344092047718 ) ) ;
#1048 = CARTESIAN_POINT ( 'NONE',  ( 13.85590445068958410, 0.000000000000000000, -2.240753535442241873 ) ) ;
#1049 = CARTESIAN_POINT ( 'NONE',  ( 38.22399845764867621, 0.4000000000000000222, -3.000000000000000000 ) ) ;
#1050 = LINE ( 'NONE', #9498, #9972 ) ;
#1052 = VERTEX_POINT ( 'NONE', #8512 ) ;
#1051 = VECTOR ( 'NONE', #7583, 1000.000000000000000 ) ;
#1053 = ORIENTED_EDGE ( 'NONE', *, *, #7483, .T. ) ;
#1054 = ORIENTED_EDGE ( 'NONE', *, *, #11685, .T. ) ;
#1055 = VERTEX_POINT ( 'NONE', #7770 ) ;
#1056 = LINE ( 'NONE', #56, #3922 ) ;
#1057 = ORIENTED_EDGE ( 'NONE', *, *, #6391, .F. ) ;
#1058 = ADVANCED_FACE ( 'NONE', ( #9648 ), #7826, .F. ) ;
#1059 = LINE ( 'NONE', #10703, #1556 ) ;
#1060 = DIRECTION ( 'NONE',  ( 0.000000000000000000, 1.000000000000000000, 0.000000000000000000 ) ) ;
#1061 = LINE ( 'NONE', #6093, #2585 ) ;
#1062 = EDGE_CURVE ( 'NONE', #9072, #9763, #5695, .T. ) ;
#1063 = CARTESIAN_POINT ( 'NONE',  ( 26.45866854679657720, 0.4000000000000000222, -2.240753535442239208 ) ) ;
#1064 = ORIENTED_EDGE ( 'NONE', *, *, #7448, .F. ) ;
#1065 = ORIENTED_EDGE ( 'NONE', *, *, #7664, .T. ) ;
#1066 = VERTEX_POINT ( 'NONE', #10463 ) ;
#1067 = ORIENTED_EDGE ( 'NONE', *, *, #3509, .F. ) ;
#1068 = LINE ( 'NONE', #6826, #9522 ) ;
#1069 = VERTEX_POINT ( 'NONE', #3885 ) ;
#1070 = EDGE_CURVE ( 'NONE', #9654, #9685, #9524, .T. ) ;
#1071 = DIRECTION ( 'NONE',  ( -1.000000000000000000, 0.000000000000000000, 0.000000000000000000 ) ) ;
#1072 = FACE_OUTER_BOUND ( 'NONE', #9486, .T. ) ;
#1073 = PLANE ( 'NONE',  #1772 ) ;
#1074 = EDGE_CURVE ( 'NONE', #4809, #5144, #5822, .T. ) ;
#1075 = DIRECTION ( 'NONE',  ( 0.000000000000000000, -1.000000000000000000, 0.000000000000000000 ) ) ;
#1076 = LINE ( 'NONE', #4830, #3982 ) ;
#1077 = ORIENTED_EDGE ( 'NONE', *, *, #9349, .F. ) ;
#1078 = CARTESIAN_POINT ( 'NONE',  ( 19.92650741781594803, 1.103464568314089123, -5.267165293036052631 ) ) ;
#1079 = EDGE_LOOP ( 'NONE', ( #7992, #2401, #3819, #9732, #4480, #4532, #7341, #5649, #1521, #5991, #1879 ) ) ;
#1080 = DIRECTION ( 'NONE',  ( 0.7660444431189766812, 0.000000000000000000, 0.6427876096865409172 ) ) ;
#1081 = VERTEX_POINT ( 'NONE', #71 ) ;
#1082 = ORIENTED_EDGE ( 'NONE', *, *, #10345, .T. ) ;
#1083 = LINE ( 'NONE', #960, #3510 ) ;
#1084 = PLANE ( 'NONE',  #6340 ) ;
#1085 = DIRECTION ( 'NONE',  ( -1.000000000000000000, 0.000000000000000000, 6.982962677686266711E-15 ) ) ;
#1086 = LINE ( 'NONE', #8724, #165 ) ;
#1087 = EDGE_CURVE ( 'NONE', #1201, #1601, #8581, .T. ) ;
#1088 = EDGE_CURVE ( 'NONE', #6050, #2910, #3010, .T. ) ;
#1089 = DIRECTION ( 'NONE',  ( 1.000000000000000000, 0.000000000000000000, 0.000000000000000000 ) ) ;
#1090 = EDGE_CURVE ( 'NONE', #9445, #8775, #2075, .T. ) ;
#1091 = ADVANCED_FACE ( 'NONE', ( #7644 ), #5882, .F. ) ;
#1092 = LINE ( 'NONE', #6976, #10747 ) ;
#1093 = DIRECTION ( 'NONE',  ( 0.000000000000000000, 0.000000000000000000, 1.000000000000000000 ) ) ;
#1094 = VERTEX_POINT ( 'NONE', #6699 ) ;
#1095 = ORIENTED_EDGE ( 'NONE', *, *, #6879, .T. ) ;
#1096 = ORIENTED_EDGE ( 'NONE', *, *, #6602, .F. ) ;
#1097 = CARTESIAN_POINT ( 'NONE',  ( 13.36001433453089149, 1.108515853782455984, -5.506187988402309941 ) ) ;
#1098 = DIRECTION ( 'NONE',  ( 1.000000000000000000, 0.000000000000000000, -1.141265444721583757E-16 ) ) ;
#1099 = DIRECTION ( 'NONE',  ( 0.000000000000000000, 0.000000000000000000, -1.000000000000000000 ) ) ;
#1100 = PLANE ( 'NONE',  #431 ) ;
#1101 = PLANE ( 'NONE',  #8948 ) ;
#1102 = DIRECTION ( 'NONE',  ( 0.000000000000000000, -0.6427876096865358102, 0.7660444431189811221 ) ) ;
#1103 = CARTESIAN_POINT ( 'NONE',  ( 22.45650224204484502, 1.399999999999999911, -5.030233932061380031 ) ) ;
#1104 = CARTESIAN_POINT ( 'NONE',  ( 37.06771335206873630, 0.3999999999999999667, -2.240753535442224553 ) ) ;
#1105 = ADVANCED_FACE ( 'NONE', ( #6888 ), #1949, .F. ) ;
#1106 = EDGE_CURVE ( 'NONE', #551, #5243, #2133, .T. ) ;
#1107 = CARTESIAN_POINT ( 'NONE',  ( 27.36184561204136756, 1.102365273526561218, -5.215486168409628753 ) ) ;
#1108 = CARTESIAN_POINT ( 'NONE',  ( 37.06771335206872209, 0.9534028740753675013, 2.799999999999999822 ) ) ;
#1109 = EDGE_LOOP ( 'NONE', ( #6732, #7021, #5973, #8995 ) ) ;
#1110 = ORIENTED_EDGE ( 'NONE', *, *, #10002, .F. ) ;
#1111 = CIRCLE ( 'NONE', #8302, 2.000000000000000000 ) ;
#1112 = ORIENTED_EDGE ( 'NONE', *, *, #10351, .T. ) ;
#1113 = ORIENTED_EDGE ( 'NONE', *, *, #11756, .T. ) ;
#1114 = AXIS2_PLACEMENT_3D ( 'NONE', #10864, #2274, #6145 ) ;
#1115 = VECTOR ( 'NONE', #11332, 1000.000000000000000 ) ;
#1116 = CARTESIAN_POINT ( 'NONE',  ( 3.169493405315420009, 1.106494308963128281, -5.409375844366540065 ) ) ;
#1117 = EDGE_LOOP ( 'NONE', ( #1252, #1776, #534, #9518, #5745, #4835, #1742, #3342, #8276, #1291, #11622, #5277 ) ) ;
#1118 = DIRECTION ( 'NONE',  ( 1.000000000000000000, 0.000000000000000000, 0.000000000000000000 ) ) ;
#1119 = CARTESIAN_POINT ( 'NONE',  ( 15.64120593425276340, 0.4000000000000000222, 0.1662919268571576570 ) ) ;
#1120 = VECTOR ( 'NONE', #9655, 1000.000000000000000 ) ;
#1121 = DIRECTION ( 'NONE',  ( -0.5407162030609378167, 0.5407162030609377057, 0.6444004775717702138 ) ) ;
#1122 = VECTOR ( 'NONE', #7967, 1000.000000000000000 ) ;
#1123 = VERTEX_POINT ( 'NONE', #8065 ) ;
#1124 = ORIENTED_EDGE ( 'NONE', *, *, #2425, .T. ) ;
#1125 = EDGE_CURVE ( 'NONE', #11624, #9549, #2194, .T. ) ;
#1126 = ORIENTED_EDGE ( 'NONE', *, *, #11828, .T. ) ;
#1127 = ORIENTED_EDGE ( 'NONE', *, *, #2613, .F. ) ;
#1128 = EDGE_CURVE ( 'NONE', #327, #10193, #9073, .T. ) ;
#1129 = CARTESIAN_POINT ( 'NONE',  ( 18.26081661981603332, 1.106465162429560278, -5.408006954961652291 ) ) ;
#1130 = ORIENTED_EDGE ( 'NONE', *, *, #10674, .F. ) ;
#1131 = VECTOR ( 'NONE', #12155, 1000.000000000000000 ) ;
#1132 = VECTOR ( 'NONE', #4686, 1000.000000000000000 ) ;
#1133 = VECTOR ( 'NONE', #12019, 1000.000000000000000 ) ;
#1134 = DIRECTION ( 'NONE',  ( 6.868836133214108557E-15, 0.000000000000000000, 1.000000000000000000 ) ) ;
#1135 = DIRECTION ( 'NONE',  ( 1.000000000000000000, -0.000000000000000000, 0.000000000000000000 ) ) ;
#1136 = CARTESIAN_POINT ( 'NONE',  ( 14.35590445068957344, 0.8628211600346445964, -0.4041232037028950064 ) ) ;
#1137 = FACE_OUTER_BOUND ( 'NONE', #110, .T. ) ;
#1138 = LINE ( 'NONE', #4259, #5175 ) ;
#1139 = AXIS2_PLACEMENT_3D ( 'NONE', #4363, #6482, #10183 ) ;
#1140 = ORIENTED_EDGE ( 'NONE', *, *, #8478, .T. ) ;
#1141 = VECTOR ( 'NONE', #3906, 1000.000000000000000 ) ;
#1142 = EDGE_CURVE ( 'NONE', #8686, #3777, #3129, .T. ) ;
#1143 = CARTESIAN_POINT ( 'NONE',  ( 35.02927151392295713, 0.4000000000000000222, -2.240753535442239208 ) ) ;
#1144 = ORIENTED_EDGE ( 'NONE', *, *, #3686, .F. ) ;
#1145 = CARTESIAN_POINT ( 'NONE',  ( 16.39749103983271894, 0.000000000000000000, -1.000000000000000000 ) ) ;
#1146 = ADVANCED_FACE ( 'NONE', ( #310 ), #9882, .F. ) ;
#1147 = EDGE_LOOP ( 'NONE', ( #7384, #6420, #8305, #4378, #5635, #10005, #4163, #4896, #12211, #6856, #488, #93, #6563 ) ) ;
#1148 = ORIENTED_EDGE ( 'NONE', *, *, #1943, .F. ) ;
#1149 = FACE_OUTER_BOUND ( 'NONE', #1190, .T. ) ;
#1150 = CARTESIAN_POINT ( 'NONE',  ( 21.42650741781594448, 2.000000000000000000, -5.468901542184349651 ) ) ;
#1151 = VECTOR ( 'NONE', #24, 1000.000000000000000 ) ;
#1152 = DIRECTION ( 'NONE',  ( 1.355252715606880543E-16, 1.000000000000000000, -9.463679131915807439E-31 ) ) ;
#1153 = FACE_OUTER_BOUND ( 'NONE', #7377, .T. ) ;
#1154 = FACE_OUTER_BOUND ( 'NONE', #5198, .T. ) ;
#1155 = CARTESIAN_POINT ( 'NONE',  ( 38.50000000000001421, 0.000000000000000000, -3.407045462299400196 ) ) ;
#1156 = AXIS2_PLACEMENT_3D ( 'NONE', #41, #979, #6863 ) ;
#1157 = CARTESIAN_POINT ( 'NONE',  ( 1.499999999999988898, 0.000000000000000000, -5.578152595329384233 ) ) ;
#1158 = EDGE_LOOP ( 'NONE', ( #5010, #181, #10132, #4007 ) ) ;
#1159 = ORIENTED_EDGE ( 'NONE', *, *, #11671, .F. ) ;
#1160 = ORIENTED_EDGE ( 'NONE', *, *, #3167, .F. ) ;
#1161 = CARTESIAN_POINT ( 'NONE',  ( 13.37561795954829869, 1.400000000000000355, -5.120578528970613164 ) ) ;
#1162 = LINE ( 'NONE', #1039, #11524 ) ;
#1163 = PLANE ( 'NONE',  #11761 ) ;
#1164 = EDGE_CURVE ( 'NONE', #7697, #648, #10900, .T. ) ;
#1165 = CARTESIAN_POINT ( 'NONE',  ( 1.500000000000007772, 1.000000000000000000, -2.836630331739350641 ) ) ;
#1166 = CARTESIAN_POINT ( 'NONE',  ( 31.49711038494233151, 1.399999999999999911, -4.858578065624948650 ) ) ;
#1167 = CIRCLE ( 'NONE', #2166, 1.500000000000000000 ) ;
#1168 = CARTESIAN_POINT ( 'NONE',  ( 28.49711038494233861, 0.8628211600346445964, -0.4041232037028950064 ) ) ;
#1169 = LINE ( 'NONE', #4986, #4971 ) ;
#1170 = VECTOR ( 'NONE', #685, 1000.000000000000000 ) ;
#1171 = LINE ( 'NONE', #1987, #7705 ) ;
#1172 = DIRECTION ( 'NONE',  ( 0.000000000000000000, 1.000000000000000000, 0.000000000000000000 ) ) ;
#1173 = CARTESIAN_POINT ( 'NONE',  ( 31.02710520917091586, 1.399999999999999911, -5.030233932060541591 ) ) ;
#1174 = ORIENTED_EDGE ( 'NONE', *, *, #9726, .F. ) ;
#1175 = EDGE_LOOP ( 'NONE', ( #11358, #6070, #8250, #4379 ) ) ;
#1176 = ADVANCED_FACE ( 'NONE', ( #11914 ), #10072, .T. ) ;
#1177 = VERTEX_POINT ( 'NONE', #6950 ) ;
#1178 = ORIENTED_EDGE ( 'NONE', *, *, #328, .F. ) ;
#1179 = VECTOR ( 'NONE', #4950, 1000.000000000000000 ) ;
#1180 = VECTOR ( 'NONE', #8835, 1000.000000000000000 ) ;
#1181 = LINE ( 'NONE', #2181, #12365 ) ;
#1182 = ADVANCED_FACE ( 'NONE', ( #1434 ), #4315, .F. ) ;
#1183 = DIRECTION ( 'NONE',  ( 0.000000000000000000, 0.000000000000000000, -1.000000000000000000 ) ) ;
#1184 = EDGE_CURVE ( 'NONE', #8732, #2039, #2436, .T. ) ;
#1185 = CARTESIAN_POINT ( 'NONE',  ( 32.78241186850552680, 1.000000000000000000, 2.799999999999999822 ) ) ;
#1186 = VECTOR ( 'NONE', #5283, 1000.000000000000000 ) ;
#1187 = LINE ( 'NONE', #7004, #7564 ) ;
#1188 = ORIENTED_EDGE ( 'NONE', *, *, #1691, .T. ) ;
#1189 = ORIENTED_EDGE ( 'NONE', *, *, #11719, .T. ) ;
#1190 = EDGE_LOOP ( 'NONE', ( #10927, #7278, #9098, #11011 ) ) ;
#1191 = VERTEX_POINT ( 'NONE', #3381 ) ;
#1192 = DIRECTION ( 'NONE',  ( -1.000000000000000000, -0.000000000000000000, 1.141265444721583757E-16 ) ) ;
#1193 = VERTEX_POINT ( 'NONE', #5011 ) ;
#1194 = VECTOR ( 'NONE', #6729, 1000.000000000000000 ) ;
#1195 = DIRECTION ( 'NONE',  ( -1.000000000000000000, 0.000000000000000000, 0.000000000000000000 ) ) ;
#1196 = CARTESIAN_POINT ( 'NONE',  ( 29.65339549052229629, 0.000000000000000000, -2.240753535442232547 ) ) ;
#1197 = DIRECTION ( 'NONE',  ( -0.7660444431189811221, 0.000000000000000000, -0.6427876096865355882 ) ) ;
#1198 = EDGE_CURVE ( 'NONE', #6731, #12194, #9825, .T. ) ;
#1199 = PLANE ( 'NONE',  #11464 ) ;
#1200 = CARTESIAN_POINT ( 'NONE',  ( 31.49711038494234927, 0.000000000000000000, -2.240753535442245425 ) ) ;
#1201 = VERTEX_POINT ( 'NONE', #7195 ) ;
#1202 = FACE_OUTER_BOUND ( 'NONE', #7751, .T. ) ;
#1203 = ORIENTED_EDGE ( 'NONE', *, *, #819, .T. ) ;
#1204 = CARTESIAN_POINT ( 'NONE',  ( 38.50000000000001421, 0.000000000000000000, -3.007045462299399841 ) ) ;
#1205 = ORIENTED_EDGE ( 'NONE', *, *, #3148, .F. ) ;
#1206 = ORIENTED_EDGE ( 'NONE', *, *, #9324, .F. ) ;
#1207 = DIRECTION ( 'NONE',  ( 1.000000000000000000, 0.000000000000000000, 0.000000000000000000 ) ) ;
#1208 = CARTESIAN_POINT ( 'NONE',  ( 35.31450075474348438, 0.5320888862379536954, -0.9617579545435693822 ) ) ;
#1209 = CYLINDRICAL_SURFACE ( 'NONE', #5236, 1.500000000000000000 ) ;
#1210 = CARTESIAN_POINT ( 'NONE',  ( 14.35590445068957344, 1.000000000000000000, 0.8999999999999916955 ) ) ;
#1211 = ADVANCED_FACE ( 'NONE', ( #10012 ), #8829, .F. ) ;
#1212 =( BOUNDED_CURVE ( )  B_SPLINE_CURVE ( 3, ( #1168, #9801, #11109, #2167 ),
 .UNSPECIFIED., .F., .F. ) 
 B_SPLINE_CURVE_WITH_KNOTS ( ( 4, 4 ),
 ( 1.943323292647559208, 2.268928027592630681 ),
 .UNSPECIFIED. ) 
 CURVE ( )  GEOMETRIC_REPRESENTATION_ITEM ( )  RATIONAL_B_SPLINE_CURVE ( ( 1.000000000000000000, 0.9911846262163772625, 0.9911846262163772625, 1.000000000000000000 ) ) 
 REPRESENTATION_ITEM ( '' )  );
#1213 = EDGE_CURVE ( 'NONE', #4512, #5449, #7070, .T. ) ;
#1214 = CARTESIAN_POINT ( 'NONE',  ( 5.785301483563191738, 0.000000000000000000, 1.999999999999997335 ) ) ;
#1215 = CARTESIAN_POINT ( 'NONE',  ( 5.785301483563190850, 1.000000000000000000, -4.040753535442245692 ) ) ;
#1216 = FACE_OUTER_BOUND ( 'NONE', #9781, .T. ) ;
#1217 = ORIENTED_EDGE ( 'NONE', *, *, #4055, .F. ) ;
#1218 = ORIENTED_EDGE ( 'NONE', *, *, #11316, .F. ) ;
#1219 = ORIENTED_EDGE ( 'NONE', *, *, #4181, .T. ) ;
#1220 = DIRECTION ( 'NONE',  ( -1.000000000000000000, 0.000000000000000000, 0.000000000000000000 ) ) ;
#1221 = CARTESIAN_POINT ( 'NONE',  ( 21.08279252339591281, 0.4000000000000000222, -3.000000000000000000 ) ) ;
#1222 = CARTESIAN_POINT ( 'NONE',  ( 12.51218955626952933, 0.4000000000000000222, -3.000000000000000000 ) ) ;
#1223 = LINE ( 'NONE', #4041, #5032 ) ;
#1224 = CARTESIAN_POINT ( 'NONE',  ( 38.50000000000001421, 0.4000000000000000222, 0.1662919268571550480 ) ) ;
#1225 = DIRECTION ( 'NONE',  ( 0.000000000000000000, -1.000000000000000000, -0.000000000000000000 ) ) ;
#1226 = AXIS2_PLACEMENT_3D ( 'NONE', #2378, #10013, #5382 ) ;
#1227 = LINE ( 'NONE', #286, #10171 ) ;
#1228 = EDGE_CURVE ( 'NONE', #8823, #7952, #1255, .T. ) ;
#1229 = DIRECTION ( 'NONE',  ( -1.000000000000000000, -0.000000000000000000, -0.000000000000000000 ) ) ;
#1230 = DIRECTION ( 'NONE',  ( 0.000000000000000000, 0.000000000000000000, -1.000000000000000000 ) ) ;
#1231 = ADVANCED_FACE ( 'NONE', ( #5068 ), #3313, .F. ) ;
#1232 = CARTESIAN_POINT ( 'NONE',  ( 30.56203350319144008, 1.108503113383853655, -5.505581804970429260 ) ) ;
#1233 = ORIENTED_EDGE ( 'NONE', *, *, #4051, .T. ) ;
#1234 = ORIENTED_EDGE ( 'NONE', *, *, #11655, .T. ) ;
#1235 = ORIENTED_EDGE ( 'NONE', *, *, #1691, .F. ) ;
#1236 = ORIENTED_EDGE ( 'NONE', *, *, #9171, .F. ) ;
#1237 = AXIS2_PLACEMENT_3D ( 'NONE', #2986, #5796, #9618 ) ;
#1238 = DIRECTION ( 'NONE',  ( 1.000000000000000000, -0.000000000000000000, -0.000000000000000000 ) ) ;
#1239 = AXIS2_PLACEMENT_3D ( 'NONE', #8858, #1983, #6921 ) ;
#1240 = CARTESIAN_POINT ( 'NONE',  ( 10.07060296712639413, 1.000000000000000000, -2.240753535442245425 ) ) ;
#1241 = CARTESIAN_POINT ( 'NONE',  ( 15.64120593425276340, 1.000000000000000000, -1.000000000000000000 ) ) ;
#1242 = ADVANCED_FACE ( 'NONE', ( #4133 ), #7945, .F. ) ;
#1243 = DIRECTION ( 'NONE',  ( 1.894180325222886620E-15, 0.9625068420560822791, 0.2712574035768015590 ) ) ;
#1244 = VECTOR ( 'NONE', #3388, 1000.000000000000000 ) ;
#1245 = PLANE ( 'NONE',  #6716 ) ;
#1246 = VECTOR ( 'NONE', #8409, 1000.000000000000000 ) ;
#1247 = EDGE_CURVE ( 'NONE', #9019, #9699, #3191, .T. ) ;
#1248 = ORIENTED_EDGE ( 'NONE', *, *, #1003, .T. ) ;
#1249 = ORIENTED_EDGE ( 'NONE', *, *, #11124, .T. ) ;
#1250 = EDGE_CURVE ( 'NONE', #3650, #4003, #6308, .T. ) ;
#1251 = ORIENTED_EDGE ( 'NONE', *, *, #4161, .F. ) ;
#1252 = ORIENTED_EDGE ( 'NONE', *, *, #10862, .F. ) ;
#1253 = CARTESIAN_POINT ( 'NONE',  ( 2.785301483563202840, 0.000000000000000000, -2.240753535442224553 ) ) ;
#1254 = ORIENTED_EDGE ( 'NONE', *, *, #11544, .F. ) ;
#1255 = LINE ( 'NONE', #2310, #11047 ) ;
#1256 = CARTESIAN_POINT ( 'NONE',  ( 24.21180890137915398, 0.4000000000000000222, -3.007045462299398064 ) ) ;
#1257 = LINE ( 'NONE', #133, #1574 ) ;
#1258 = CARTESIAN_POINT ( 'NONE',  ( 31.49711038494233506, 0.4000000000000000222, 0.1662919268571558251 ) ) ;
#1259 = CARTESIAN_POINT ( 'NONE',  ( 24.21180890137914687, 1.000000000000000000, -0.4041232037028950064 ) ) ;
#1260 = ORIENTED_EDGE ( 'NONE', *, *, #11602, .T. ) ;
#1261 = ORIENTED_EDGE ( 'NONE', *, *, #10153, .F. ) ;
#1262 = CARTESIAN_POINT ( 'NONE',  ( 18.14120593425276340, 0.000000000000000000, -1.000000000000000000 ) ) ;
#1263 = EDGE_LOOP ( 'NONE', ( #11039, #9958, #8063, #5157 ) ) ;
#1264 = CARTESIAN_POINT ( 'NONE',  ( 28.49711038494232795, 1.372383960302707484, -5.038967344092047718 ) ) ;
#1265 = LINE ( 'NONE', #5081, #4982 ) ;
#1266 = ORIENTED_EDGE ( 'NONE', *, *, #6178, .F. ) ;
#1267 = DIRECTION ( 'NONE',  ( -1.000000000000000000, -0.000000000000000000, 1.141265444721583757E-16 ) ) ;
#1268 = CARTESIAN_POINT ( 'NONE',  ( 5.785301483563191738, 0.06443263463840748217, 0.1149657687835883013 ) ) ;
#1269 = FACE_OUTER_BOUND ( 'NONE', #2341, .T. ) ;
#1270 = CARTESIAN_POINT ( 'NONE',  ( 5.785301483563189073, 0.4000000000000000222, -0.2337080731428450298 ) ) ;
#1271 = LINE ( 'NONE', #6974, #1717 ) ;
#1272 = CARTESIAN_POINT ( 'NONE',  ( 7.070602967126380811, 0.000000000000000000, -0.2337080731428415603 ) ) ;
#1273 = CARTESIAN_POINT ( 'NONE',  ( 16.10911704801480937, 0.5320888862379536954, -0.9617579545435693822 ) ) ;
#1274 = VERTEX_POINT ( 'NONE', #8612 ) ;
#1275 = ADVANCED_FACE ( 'NONE', ( #621 ), #4501, .F. ) ;
#1276 = ORIENTED_EDGE ( 'NONE', *, *, #4469, .T. ) ;
#1277 = ORIENTED_EDGE ( 'NONE', *, *, #11264, .F. ) ;
#1278 = CARTESIAN_POINT ( 'NONE',  ( 5.785301483563181968, 1.103464666456457577, -5.267169912107815044 ) ) ;
#1279 = DIRECTION ( 'NONE',  ( -6.982962677686266711E-15, 0.000000000000000000, -1.000000000000000000 ) ) ;
#1280 = EDGE_CURVE ( 'NONE', #6135, #8476, #3441, .T. ) ;
#1281 = CARTESIAN_POINT ( 'NONE',  ( 24.96809400695910242, 0.000000000000000000, -3.000000000000000000 ) ) ;
#1282 = CARTESIAN_POINT ( 'NONE',  ( 38.91457299748616094, 0.000000000000000000, -2.240753535442237432 ) ) ;
#1283 = CARTESIAN_POINT ( 'NONE',  ( 32.78241186850553390, 1.000000000000000000, -3.407045462299399308 ) ) ;
#1284 = FACE_OUTER_BOUND ( 'NONE', #12101, .T. ) ;
#1285 = CARTESIAN_POINT ( 'NONE',  ( 11.35590445068957344, 1.000000000000000000, -1.000000000000000000 ) ) ;
#1286 = CARTESIAN_POINT ( 'NONE',  ( 24.08885643823402845, 1.400000000000000355, -5.141489476468492192 ) ) ;
#1287 = DIRECTION ( 'NONE',  ( 0.5407162030609378167, 0.5407162030609377057, 0.6444004775717702138 ) ) ;
#1288 = ORIENTED_EDGE ( 'NONE', *, *, #11059, .T. ) ;
#1289 = VERTEX_POINT ( 'NONE', #5731 ) ;
#1290 = EDGE_CURVE ( 'NONE', #2976, #2817, #10137, .T. ) ;
#1291 = ORIENTED_EDGE ( 'NONE', *, *, #7137, .F. ) ;
#1292 = ORIENTED_EDGE ( 'NONE', *, *, #8633, .T. ) ;
#1293 = B_SPLINE_CURVE_WITH_KNOTS ( 'NONE', 3,
 ( #2015, #5824, #766, #8396, #12245, #3642 ),
 .UNSPECIFIED., .F., .F.,
 ( 4, 2, 4 ),
 ( 0.000000000000000000, 0.0002695394427320641807, 0.0005390788854641283614 ),
 .UNSPECIFIED. ) ;
#1294 = CLOSED_SHELL ( 'NONE', ( #6212, #11440, #12425, #4431, #3779, #3000, #11004, #1105, #5804, #12120, #10542, #8139, #2510, #9891, #7985, #3760, #9622, #6085, #6319, #12090, #9966, #10242, #8904, #9664, #8804, #3128, #3284, #1182, #1231, #11247, #11531, #12298, #395, #7834, #705, #1350, #309, #1924, #3682, #5659, #12160, #3516, #6906, #6332, #1785, #10557, #479, #563, #4067, #5611, #2301, #10011, #10808, #633, #866, #4803, #2923, #4696, #6803, #329, #8872, #3255, #7798, #10225, #11374, #580, #11877, #1431, #1483, #9722, #2267, #10172, #9050, #893, #5821, #2097, #2134, #4992, #7068, #6797, #619, #99, #4275, #11906, #3305, #12350, #905, #6140, #1589, #9497, #9043, #3017, #3016, #2016, #2836, #3035, #2784, #11041, #8789, #8225, #5727, #6473, #4761, #9480, #11219, #971, #9636, #9670, #1091, #9822, #3879, #6972, #7355, #10366, #5647, #4207, #12281, #2298, #5733, #242, #584, #8907, #259, #3737, #10706, #3240, #1765, #11301, #5531, #9234, #5110, #5289, #3989, #1997, #1885, #1575, #783, #10963, #2727, #2597, #4351, #9842, #7412, #5577, #3400, #1882, #5350, #1870, #8362, #5371, #2732, #1919, #1852, #9981, #7891, #68, #2405, #10347, #8819, #2769, #4680, #360, #1275, #4311, #12232, #1058, #7595, #10980, #5410, #6262, #12054, #3365, #8314, #5680, #1211, #8420, #9942, #7747, #8032, #4923, #3622, #2319, #10101, #7897, #4263, #8002, #7645, #9704, #8644, #1328, #6158, #429, #1481, #8016, #11281, #11204, #5614, #8440, #3927, #2393, #1176, #7339, #1664, #6410, #9187, #3188, #684, #10209, #273, #9094, #8787, #4138, #3114, #7568, #321, #11020, #4595, #10931, #2548, #3608, #8208, #260, #5900, #4193, #5978, #4468, #4388, #10509, #9011, #11158, #2372, #7469, #1346, #1446, #654, #8857, #7016, #5145, #8749, #6531, #10484, #1381, #3950, #12250, #8977, #10950, #1817, #4853, #2667, #9207, #10889, #3358, #3083, #3397, #868, #1146, #9251, #10219, #2947, #3069, #9555, #2010, #7204, #9838, #4989, #10602, #2696, #11483, #9255, #7931, #10714, #2050, #2284, #1751, #12137, #1242, #2253, #10441, #12423, #5028, #4457, #1467, #6667, #3812, #11057, #990, #6136, #8649, #1900, #2149, #5767, #10657, #4488, #1973, #3723, #10580, #3467, #7934, #8081, #10433, #208, #2969, #3531, #55, #2153, #7138, #4900, #3552, #10034, #7189, #1362, #9362, #6636, #11510, #6760, #3829, #11443, #2170, #10909, #6419, #5760, #1732, #2807, #1674, #3966, #11891, #4573, #6447, #10280, #6726, #3574, #779, #2630, #3320, #9464, #4526, #4227, #4837, #5258, #6055, #8942, #6425, #11196, #4198, #2032, #7019, #4368, #4615, #2279, #6951, #2661, #7050, #288, #799, #6199 ) ) ;
#1295 = FACE_OUTER_BOUND ( 'NONE', #1932, .T. ) ;
#1296 = EDGE_CURVE ( 'NONE', #4357, #3526, #4080, .T. ) ;
#1297 = LINE ( 'NONE', #9121, #9949 ) ;
#1298 = CARTESIAN_POINT ( 'NONE',  ( 2.785301483563198843, 0.000000000000000000, -2.836630331739329769 ) ) ;
#1299 = DIRECTION ( 'NONE',  ( -0.000000000000000000, -1.000000000000000000, 0.000000000000000000 ) ) ;
#1300 = CARTESIAN_POINT ( 'NONE',  ( 5.785301483563186409, 3.272523262990679971, -4.655877423168258922 ) ) ;
#1301 = ORIENTED_EDGE ( 'NONE', *, *, #4799, .F. ) ;
#1302 = ORIENTED_EDGE ( 'NONE', *, *, #5885, .T. ) ;
#1303 = CIRCLE ( 'NONE', #7906, 2.000000000000000000 ) ;
#1304 = ORIENTED_EDGE ( 'NONE', *, *, #6193, .T. ) ;
#1305 = VERTEX_POINT ( 'NONE', #6739 ) ;
#1306 = FACE_OUTER_BOUND ( 'NONE', #9474, .T. ) ;
#1307 = EDGE_CURVE ( 'NONE', #6753, #11978, #11399, .T. ) ;
#1308 = DIRECTION ( 'NONE',  ( -1.141265444721583757E-16, 0.000000000000000000, -1.000000000000000000 ) ) ;
#1310 = EDGE_CURVE ( 'NONE', #7669, #308, #11091, .T. ) ;
#1309 = AXIS2_PLACEMENT_3D ( 'NONE', #6894, #9777, #11738 ) ;
#1311 = DIRECTION ( 'NONE',  ( -0.000000000000000000, -1.000000000000000000, 0.000000000000000000 ) ) ;
#1312 = CARTESIAN_POINT ( 'NONE',  ( 11.35590445068958587, 0.000000000000000000, -2.240753535442224553 ) ) ;
#1313 = AXIS2_PLACEMENT_3D ( 'NONE', #11782, #8652, #6778 ) ;
#1314 = DIRECTION ( 'NONE',  ( 1.000000000000000000, 0.000000000000000000, -6.982962677686266711E-15 ) ) ;
#1315 = DIRECTION ( 'NONE',  ( -6.868836133214109346E-15, 0.000000000000000000, -1.000000000000000000 ) ) ;
#1316 = VERTEX_POINT ( 'NONE', #7313 ) ;
#1317 = ORIENTED_EDGE ( 'NONE', *, *, #3896, .F. ) ;
#1318 = DIRECTION ( 'NONE',  ( -0.000000000000000000, -1.000000000000000000, -0.000000000000000000 ) ) ;
#1319 = VERTEX_POINT ( 'NONE', #4442 ) ;
#1320 =( LENGTH_UNIT ( ) NAMED_UNIT ( * ) SI_UNIT ( .MILLI., .METRE. ) );
#1321 = AXIS2_PLACEMENT_3D ( 'NONE', #10779, #4129, #250 ) ;
#1322 = VECTOR ( 'NONE', #4559, 1000.000000000000000 ) ;
#1323 = CARTESIAN_POINT ( 'NONE',  ( 38.50000000000001421, 0.4000000000000000222, 0.1662919268571550480 ) ) ;
#1325 = EDGE_CURVE ( 'NONE', #8573, #319, #7675, .T. ) ;
#1324 = EDGE_LOOP ( 'NONE', ( #8642, #5546, #6118, #8606 ) ) ;
#1326 = FACE_BOUND ( 'NONE', #188, .T. ) ;
#1327 = LINE ( 'NONE', #3206, #542 ) ;
#1328 = ADVANCED_FACE ( 'NONE', ( #9490 ), #10435, .F. ) ;
#1329 = DIRECTION ( 'NONE',  ( -1.141265444721583757E-16, 0.000000000000000000, 1.000000000000000000 ) ) ;
#1330 = LINE ( 'NONE', #8970, #6965 ) ;
#1331 = EDGE_CURVE ( 'NONE', #3609, #2307, #8313, .T. ) ;
#1332 = VECTOR ( 'NONE', #11822, 999.9999999999998863 ) ;
#1333 = VECTOR ( 'NONE', #10364, 1000.000000000000000 ) ;
#1334 = CARTESIAN_POINT ( 'NONE',  ( 15.64120593425276340, 2.000000000000000000, 2.799999999999999822 ) ) ;
#1335 = DIRECTION ( 'NONE',  ( -1.000000000000000000, -0.000000000000000000, 1.141265444721583757E-16 ) ) ;
#1336 = DIRECTION ( 'NONE',  ( 1.000000000000000000, -0.000000000000000000, -1.141265444721583757E-16 ) ) ;
#1337 = ORIENTED_EDGE ( 'NONE', *, *, #706, .T. ) ;
#1338 = ORIENTED_EDGE ( 'NONE', *, *, #3719, .F. ) ;
#1339 = VERTEX_POINT ( 'NONE', #1857 ) ;
#1340 = AXIS2_PLACEMENT_3D ( 'NONE', #521, #8160, #589 ) ;
#1341 = DIRECTION ( 'NONE',  ( 7.335912872304279317E-17, -0.7660444431189810111, -0.6427876096865356992 ) ) ;
#1342 = CARTESIAN_POINT ( 'NONE',  ( 27.21180890137915753, 1.000000000000000000, -2.836630331739350641 ) ) ;
#1343 = LINE ( 'NONE', #1464, #2442 ) ;
#1344 = DIRECTION ( 'NONE',  ( 0.7660444431189722403, -0.000000000000000000, -0.6427876096865462463 ) ) ;
#1345 = CARTESIAN_POINT ( 'NONE',  ( 37.06771335206872209, 1.000000000000000000, -1.000000000000000000 ) ) ;
#1346 = ADVANCED_FACE ( 'NONE', ( #9200 ), #8253, .F. ) ;
#1347 = DIRECTION ( 'NONE',  ( -1.141265444721583757E-16, 0.000000000000000000, -1.000000000000000000 ) ) ;
#1348 = VECTOR ( 'NONE', #2668, 1000.000000000000000 ) ;
#1349 = DIRECTION ( 'NONE',  ( 0.000000000000000000, 2.710505431213761085E-15, -1.000000000000000000 ) ) ;
#1350 = ADVANCED_FACE ( 'NONE', ( #1621 ), #9139, .F. ) ;
#1351 = CARTESIAN_POINT ( 'NONE',  ( 26.27673201962734595, 1.108503113383853655, -5.505581804970429260 ) ) ;
#1352 = DIRECTION ( 'NONE',  ( -1.000000000000000000, 0.000000000000000000, 1.141265444721583757E-16 ) ) ;
#1353 = ORIENTED_EDGE ( 'NONE', *, *, #1628, .T. ) ;
#1354 = ORIENTED_EDGE ( 'NONE', *, *, #9776, .F. ) ;
#1355 = VERTEX_POINT ( 'NONE', #8193 ) ;
#1356 = ORIENTED_EDGE ( 'NONE', *, *, #10790, .T. ) ;
#1357 = CARTESIAN_POINT ( 'NONE',  ( -0.7437148944200444589, 0.000000000000000000, -1.000000000000000000 ) ) ;
#1358 = LINE ( 'NONE', #8871, #5335 ) ;
#1359 =( GEOMETRIC_REPRESENTATION_CONTEXT ( 3 ) GLOBAL_UNCERTAINTY_ASSIGNED_CONTEXT ( ( #6659 ) ) GLOBAL_UNIT_ASSIGNED_CONTEXT ( ( #5795, #3731, #2983 ) ) REPRESENTATION_CONTEXT ( 'NONE', 'WORKASPACE' ) );
#1360 = CARTESIAN_POINT ( 'NONE',  ( 1.499999999999991118, 1.103464666456457577, -5.267169912107815044 ) ) ;
#1361 = CARTESIAN_POINT ( 'NONE',  ( 2.785301483563191294, 0.000000000000000000, -0.4041232037028952284 ) ) ;
#1362 = ADVANCED_FACE ( 'NONE', ( #5668 ), #7378, .T. ) ;
#1363 = CARTESIAN_POINT ( 'NONE',  ( 7.070602967126394134, 1.399999999999999911, -2.240753535442224553 ) ) ;
#1364 = DIRECTION ( 'NONE',  ( -1.000000000000000000, 0.000000000000000000, 0.000000000000000000 ) ) ;
#1365 = EDGE_CURVE ( 'NONE', #7156, #11668, #11456, .T. ) ;
#1366 = LINE ( 'NONE', #5185, #7326 ) ;
#1367 = AXIS2_PLACEMENT_3D ( 'NONE', #4633, #1936, #10326 ) ;
#1368 = ORIENTED_EDGE ( 'NONE', *, *, #6685, .F. ) ;
#1369 = ORIENTED_EDGE ( 'NONE', *, *, #5210, .F. ) ;
#1370 = AXIS2_PLACEMENT_3D ( 'NONE', #3610, #12215, #5551 ) ;
#1371 = ORIENTED_EDGE ( 'NONE', *, *, #1396, .F. ) ;
#1372 = ORIENTED_EDGE ( 'NONE', *, *, #171, .F. ) ;
#1373 = PLANE ( 'NONE',  #9917 ) ;
#1374 = DIRECTION ( 'NONE',  ( 1.141265444721583757E-16, -2.710505431213761085E-16, 1.000000000000000000 ) ) ;
#1375 = VECTOR ( 'NONE', #5872, 1000.000000000000000 ) ;
#1376 = CARTESIAN_POINT ( 'NONE',  ( 1.499999999999994005, 1.399999999999999911, -4.858578065624948650 ) ) ;
#1377 = CARTESIAN_POINT ( 'NONE',  ( 11.35590445068957344, 0.06443263463840748217, 0.1149657687835883013 ) ) ;
#1378 = VECTOR ( 'NONE', #7919, 1000.000000000000000 ) ;
#1379 = CARTESIAN_POINT ( 'NONE',  ( 24.21180890137915398, 0.000000000000000000, -3.007045462299398064 ) ) ;
#1380 = DIRECTION ( 'NONE',  ( 0.000000000000000000, -1.000000000000000000, 0.000000000000000000 ) ) ;
#1381 = ADVANCED_FACE ( 'NONE', ( #5979 ), #11698, .F. ) ;
#1382 = ORIENTED_EDGE ( 'NONE', *, *, #10261, .T. ) ;
#1383 = ORIENTED_EDGE ( 'NONE', *, *, #1940, .F. ) ;
#1384 = DIRECTION ( 'NONE',  ( 0.000000000000000000, -1.000000000000000000, 0.000000000000000000 ) ) ;
#1385 = ORIENTED_EDGE ( 'NONE', *, *, #5262, .F. ) ;
#1386 = VECTOR ( 'NONE', #4340, 1000.000000000000000 ) ;
#1387 = CARTESIAN_POINT ( 'NONE',  ( 31.49711038494234217, 1.000000000000000000, -3.407045462299399308 ) ) ;
#1388 = EDGE_CURVE ( 'NONE', #5342, #10976, #9161, .T. ) ;
#1389 = CARTESIAN_POINT ( 'NONE',  ( 10.07060296712638170, 1.000000000000000000, -1.000000000000000000 ) ) ;
#1390 = ORIENTED_EDGE ( 'NONE', *, *, #4312, .F. ) ;
#1391 = CARTESIAN_POINT ( 'NONE',  ( 22.92650741781595869, 1.000000000000000000, 2.799999999999999822 ) ) ;
#1392 = DIRECTION ( 'NONE',  ( 1.355252715606880543E-16, 1.000000000000000000, -9.463679131915807439E-31 ) ) ;
#1393 = CARTESIAN_POINT ( 'NONE',  ( 32.78241186850552680, 0.000000000000000000, -1.000000000000000000 ) ) ;
#1394 = CARTESIAN_POINT ( 'NONE',  ( 24.21180890137914687, 0.000000000000000000, -1.000000000000000000 ) ) ;
#1395 = PRODUCT_DEFINITION_FORMATION_WITH_SPECIFIED_SOURCE ( 'ไป', '', #8681, .NOT_KNOWN. ) ;
#1396 = EDGE_CURVE ( 'NONE', #11445, #3053, #5097, .T. ) ;
#1397 = CARTESIAN_POINT ( 'NONE',  ( 35.78241186850554101, 0.3999999999999999667, -3.007045462299399396 ) ) ;
#1398 = FACE_OUTER_BOUND ( 'NONE', #7093, .T. ) ;
#1399 = CARTESIAN_POINT ( 'NONE',  ( 38.50000000000001421, 0.4000000000000000222, -3.007045462299399841 ) ) ;
#1401 = ORIENTED_EDGE ( 'NONE', *, *, #11609, .T. ) ;
#1400 = EDGE_CURVE ( 'NONE', #3307, #2461, #3980, .T. ) ;
#1402 = EDGE_CURVE ( 'NONE', #3689, #4574, #9799, .T. ) ;
#1403 = VERTEX_POINT ( 'NONE', #10815 ) ;
#1404 = ORIENTED_EDGE ( 'NONE', *, *, #10206, .T. ) ;
#1405 = DIRECTION ( 'NONE',  ( -1.000000000000000000, -0.000000000000000000, -0.000000000000000000 ) ) ;
#1406 = FACE_OUTER_BOUND ( 'NONE', #12108, .T. ) ;
#1407 = LINE ( 'NONE', #5218, #3044 ) ;
#1408 = LINE ( 'NONE', #8986, #11783 ) ;
#1409 = CARTESIAN_POINT ( 'NONE',  ( 5.785301483563203284, 1.000000000000000000, -2.240753535442245425 ) ) ;
#1410 = CARTESIAN_POINT ( 'NONE',  ( 2.785301483563190406, 1.000000000000000000, -4.040753535442224376 ) ) ;
#1411 = LINE ( 'NONE', #6222, #8098 ) ;
#1412 = CARTESIAN_POINT ( 'NONE',  ( 18.64120593425276695, 1.000000000000000000, -0.4041232037028950064 ) ) ;
#1413 = LINE ( 'NONE', #5286, #8579 ) ;
#1414 = ORIENTED_EDGE ( 'NONE', *, *, #11369, .F. ) ;
#1415 = ORIENTED_EDGE ( 'NONE', *, *, #8414, .T. ) ;
#1416 = EDGE_LOOP ( 'NONE', ( #11337, #6899, #4035, #5512 ) ) ;
#1417 = ORIENTED_EDGE ( 'NONE', *, *, #3780, .F. ) ;
#1418 = DIRECTION ( 'NONE',  ( 0.000000000000000000, -0.000000000000000000, -1.000000000000000000 ) ) ;
#1419 = DIRECTION ( 'NONE',  ( -4.005262847839656493E-15, -0.8191520442889909104, -0.5735764363510473807 ) ) ;
#1420 = CARTESIAN_POINT ( 'NONE',  ( 20.39441853157800111, 0.5320888862379536954, -0.9617579545435693822 ) ) ;
#1421 = LINE ( 'NONE', #9873, #11053 ) ;
#1422 = CARTESIAN_POINT ( 'NONE',  ( 40.06771335206872919, 2.000000000000000000, 2.799999999999999822 ) ) ;
#1423 = DIRECTION ( 'NONE',  ( -1.141265444721583757E-16, -0.000000000000000000, -1.000000000000000000 ) ) ;
#1424 = DIRECTION ( 'NONE',  ( -1.141265444721583757E-16, 0.000000000000000000, 1.000000000000000000 ) ) ;
#1426 = ORIENTED_EDGE ( 'NONE', *, *, #3911, .F. ) ;
#1425 = VECTOR ( 'NONE', #4632, 1000.000000000000000 ) ;
#1427 = VERTEX_POINT ( 'NONE', #6039 ) ;
#1428 = ORIENTED_EDGE ( 'NONE', *, *, #3199, .T. ) ;
#1429 = AXIS2_PLACEMENT_3D ( 'NONE', #11792, #2376, #5192 ) ;
#1430 = VERTEX_POINT ( 'NONE', #7978 ) ;
#1431 = ADVANCED_FACE ( 'NONE', ( #7802 ), #11581, .F. ) ;
#1432 = DIRECTION ( 'NONE',  ( -0.000000000000000000, -0.000000000000000000, 1.000000000000000000 ) ) ;
#1433 = ORIENTED_EDGE ( 'NONE', *, *, #5075, .T. ) ;
#1434 = FACE_OUTER_BOUND ( 'NONE', #7701, .T. ) ;
#1435 = EDGE_CURVE ( 'NONE', #7889, #3878, #2982, .T. ) ;
#1436 = LINE ( 'NONE', #2195, #3630 ) ;
#1437 = CARTESIAN_POINT ( 'NONE',  ( 24.21180890137913977, 1.399999999999999911, -4.858572962426980446 ) ) ;
#1438 = VECTOR ( 'NONE', #12220, 1000.000000000000000 ) ;
#1439 = FACE_OUTER_BOUND ( 'NONE', #9566, .T. ) ;
#1440 = DIRECTION ( 'NONE',  ( -1.141265444721583757E-16, 0.000000000000000000, 1.000000000000000000 ) ) ;
#1441 = ORIENTED_EDGE ( 'NONE', *, *, #6058, .F. ) ;
#1442 = ORIENTED_EDGE ( 'NONE', *, *, #9400, .T. ) ;
#1443 = LINE ( 'NONE', #10975, #717 ) ;
#1444 = ORIENTED_EDGE ( 'NONE', *, *, #7399, .T. ) ;
#1445 = VECTOR ( 'NONE', #2441, 1000.000000000000000 ) ;
#1446 = ADVANCED_FACE ( 'NONE', ( #4917 ), #2890, .T. ) ;
#1447 = CARTESIAN_POINT ( 'NONE',  ( 7.454794888878759629, 1.106494308963182904, -5.409375844366579145 ) ) ;
#1448 = ORIENTED_EDGE ( 'NONE', *, *, #10079, .F. ) ;
#1449 = DIRECTION ( 'NONE',  ( -6.868836133214109346E-15, 0.000000000000000000, -1.000000000000000000 ) ) ;
#1450 = DIRECTION ( 'NONE',  ( 7.097089222158425653E-15, -0.000000000000000000, 1.000000000000000000 ) ) ;
#1451 = EDGE_CURVE ( 'NONE', #2750, #9763, #1223, .T. ) ;
#1452 = CARTESIAN_POINT ( 'NONE',  ( 11.35590445068957166, 1.000000000000000000, -4.040753535442224376 ) ) ;
#1453 = DIRECTION ( 'NONE',  ( 0.000000000000000000, 0.000000000000000000, -1.000000000000000000 ) ) ;
#1454 = CARTESIAN_POINT ( 'NONE',  ( 21.08279252339591281, 0.000000000000000000, -3.000000000000000000 ) ) ;
#1455 = DIRECTION ( 'NONE',  ( 7.097089222158425653E-15, -0.000000000000000000, 1.000000000000000000 ) ) ;
#1456 = CARTESIAN_POINT ( 'NONE',  ( 38.50000000000001421, 0.000000000000000000, -3.407045462299400196 ) ) ;
#1457 = CARTESIAN_POINT ( 'NONE',  ( 12.11218955626952898, 0.4000000000000000222, -3.000000000000000000 ) ) ;
#1458 = VERTEX_POINT ( 'NONE', #10690 ) ;
#1459 = ORIENTED_EDGE ( 'NONE', *, *, #10249, .T. ) ;
#1460 = ORIENTED_EDGE ( 'NONE', *, *, #4542, .T. ) ;
#1461 = LINE ( 'NONE', #12074, #11313 ) ;
#1462 = CARTESIAN_POINT ( 'NONE',  ( 7.070602967126382588, 1.000000000000000000, -1.000000000000000000 ) ) ;
#1463 = EDGE_CURVE ( 'NONE', #6710, #6623, #6629, .T. ) ;
#1464 = CARTESIAN_POINT ( 'NONE',  ( 8.570602967126378147, 1.399999999999999911, -4.612012738139083190 ) ) ;
#1465 = DIRECTION ( 'NONE',  ( 0.000000000000000000, 1.000000000000000000, 0.000000000000000000 ) ) ;
#1466 = PLANE ( 'NONE',  #8778 ) ;
#1467 = ADVANCED_FACE ( 'NONE', ( #2105 ), #5794, .F. ) ;
#1468 = EDGE_CURVE ( 'NONE', #1319, #5817, #10751, .T. ) ;
#1469 = DIRECTION ( 'NONE',  ( 1.000000000000000000, 0.000000000000000000, 0.000000000000000000 ) ) ;
#1470 = FACE_OUTER_BOUND ( 'NONE', #3809, .T. ) ;
#1471 = CARTESIAN_POINT ( 'NONE',  ( 33.28241186850554101, 0.000000000000000000, -2.240753535442228106 ) ) ;
#1472 = VERTEX_POINT ( 'NONE', #100 ) ;
#1473 = ORIENTED_EDGE ( 'NONE', *, *, #9932, .F. ) ;
#1474 = ORIENTED_EDGE ( 'NONE', *, *, #1678, .T. ) ;
#1475 = ORIENTED_EDGE ( 'NONE', *, *, #4391, .F. ) ;
#1476 = ORIENTED_EDGE ( 'NONE', *, *, #4882, .T. ) ;
#1477 = DIRECTION ( 'NONE',  ( -0.000000000000000000, -1.000000000000000000, -0.000000000000000000 ) ) ;
#1478 = CARTESIAN_POINT ( 'NONE',  ( 17.48806557967019515, 0.4000000000000000222, -2.240753535442239208 ) ) ;
#1479 = CARTESIAN_POINT ( 'NONE',  ( 18.64120593425276695, 2.000000000000000000, 2.799999999999999822 ) ) ;
#1480 = CARTESIAN_POINT ( 'NONE',  ( 38.50000000000001421, 0.4000000000000000222, -3.407045462299400196 ) ) ;
#1481 = ADVANCED_FACE ( 'NONE', ( #4098 ), #11765, .F. ) ;
#1482 = CARTESIAN_POINT ( 'NONE',  ( 36.94476088892359655, 1.400000000000000355, -5.141489476468491304 ) ) ;
#1483 = ADVANCED_FACE ( 'NONE', ( #9676 ), #1100, .T. ) ;
#1484 = CARTESIAN_POINT ( 'NONE',  ( 14.35590445068957344, -1.000000000000000000, 0.3238172648295125633 ) ) ;
#1485 = LINE ( 'NONE', #7303, #6114 ) ;
#1486 = EDGE_LOOP ( 'NONE', ( #1382, #9390, #6843, #5909, #8262, #7689, #742, #4808, #9686, #9165, #11817, #9806, #8206 ) ) ;
#1487 = ORIENTED_EDGE ( 'NONE', *, *, #8718, .T. ) ;
#1488 = ORIENTED_EDGE ( 'NONE', *, *, #153, .T. ) ;
#1489 = ORIENTED_EDGE ( 'NONE', *, *, #1310, .F. ) ;
#1490 = DIRECTION ( 'NONE',  ( 1.000000000000000000, 0.000000000000000000, -7.097089222158424864E-15 ) ) ;
#1491 = EDGE_LOOP ( 'NONE', ( #4361, #12173, #2619, #10622 ) ) ;
#1492 = CARTESIAN_POINT ( 'NONE',  ( 18.64120593425277761, 0.000000000000000000, -2.240753535442245425 ) ) ;
#1493 = DIRECTION ( 'NONE',  ( 1.141265444721583757E-16, -0.000000000000000000, 1.000000000000000000 ) ) ;
#1494 = CARTESIAN_POINT ( 'NONE',  ( 32.78241186850552680, 0.000000000000000000, -0.2337080731428445024 ) ) ;
#1495 = VECTOR ( 'NONE', #8528, 1000.000000000000000 ) ;
#1496 = CARTESIAN_POINT ( 'NONE',  ( 28.49711038494233861, 0.8628211600346445964, -0.4041232037028950064 ) ) ;
#1497 = DIRECTION ( 'NONE',  ( -1.000000000000000000, -0.000000000000000000, 1.141265444721583757E-16 ) ) ;
#1498 = EDGE_CURVE ( 'NONE', #927, #9944, #11947, .T. ) ;
#1499 = ORIENTED_EDGE ( 'NONE', *, *, #11980, .F. ) ;
#1500 = ORIENTED_EDGE ( 'NONE', *, *, #2053, .F. ) ;
#1501 = EDGE_CURVE ( 'NONE', #11315, #11993, #12014, .T. ) ;
#1502 = CARTESIAN_POINT ( 'NONE',  ( 24.21180890137914687, 1.499358225474672235, 1.300000000000000044 ) ) ;
#1503 = VERTEX_POINT ( 'NONE', #5161 ) ;
#1504 = DIRECTION ( 'NONE',  ( 1.000000000000000000, -0.000000000000000000, -6.982962677686266711E-15 ) ) ;
#1505 = VECTOR ( 'NONE', #8266, 1000.000000000000000 ) ;
#1506 = CARTESIAN_POINT ( 'NONE',  ( 35.78241186850552680, 1.400000000000040989, -4.949634213632580604 ) ) ;
#1507 = ORIENTED_EDGE ( 'NONE', *, *, #9691, .T. ) ;
#1508 = VECTOR ( 'NONE', #8415, 1000.000000000000000 ) ;
#1509 = VECTOR ( 'NONE', #3803, 1000.000000000000000 ) ;
#1510 = FACE_BOUND ( 'NONE', #10196, .T. ) ;
#1511 = CARTESIAN_POINT ( 'NONE',  ( 38.50000000000001421, 0.4000000000000000222, -0.2337080731428450298 ) ) ;
#1512 = FACE_OUTER_BOUND ( 'NONE', #7880, .T. ) ;
#1513 = FACE_OUTER_BOUND ( 'NONE', #9256, .T. ) ;
#1514 = EDGE_CURVE ( 'NONE', #3633, #10773, #5273, .T. ) ;
#1516 = DIRECTION ( 'NONE',  ( 0.000000000000000000, 0.000000000000000000, -1.000000000000000000 ) ) ;
#1515 = VECTOR ( 'NONE', #8264, 1000.000000000000000 ) ;
#1517 = VECTOR ( 'NONE', #8909, 1000.000000000000000 ) ;
#1518 = EDGE_CURVE ( 'NONE', #9399, #3592, #9918, .T. ) ;
#1519 = DIRECTION ( 'NONE',  ( 1.000000000000000000, 0.000000000000000000, -6.982962677686266711E-15 ) ) ;
#1520 = LINE ( 'NONE', #8215, #12213 ) ;
#1521 = ORIENTED_EDGE ( 'NONE', *, *, #10601, .T. ) ;
#1522 = EDGE_LOOP ( 'NONE', ( #11909, #7756, #2908, #10698 ) ) ;
#1523 = ORIENTED_EDGE ( 'NONE', *, *, #5088, .T. ) ;
#1524 = CARTESIAN_POINT ( 'NONE',  ( 1.500000000000000000, 0.000000000000000000, -0.2337080731428431424 ) ) ;
#1525 = DIRECTION ( 'NONE',  ( 1.355252715606880543E-16, 1.000000000000000000, -9.463679131915807439E-31 ) ) ;
#1526 = VECTOR ( 'NONE', #7010, 1000.000000000000000 ) ;
#1527 = CARTESIAN_POINT ( 'NONE',  ( 5.785301483563199731, 0.000000000000000000, -2.836630331739350641 ) ) ;
#1528 = CARTESIAN_POINT ( 'NONE',  ( 33.28241186850554101, 1.000000000000000000, -2.240753535442228106 ) ) ;
#1529 = AXIS2_PLACEMENT_3D ( 'NONE', #2247, #8587, #1889 ) ;
#1530 = CARTESIAN_POINT ( 'NONE',  ( 24.21180890137914687, 0.9534028740753675013, 2.799999999999999822 ) ) ;
#1531 = DIRECTION ( 'NONE',  ( -7.097089222158424864E-15, 0.000000000000000000, -1.000000000000000000 ) ) ;
#1532 = EDGE_CURVE ( 'NONE', #8442, #3055, #3472, .T. ) ;
#1533 = DIRECTION ( 'NONE',  ( -1.141265444721583757E-16, 0.000000000000000000, 1.000000000000000000 ) ) ;
#1534 = VECTOR ( 'NONE', #9738, 1000.000000000000000 ) ;
#1535 = CARTESIAN_POINT ( 'NONE',  ( 3.223862501942158953, 0.5614389816210439976, -2.313973662514438256 ) ) ;
#1536 = ORIENTED_EDGE ( 'NONE', *, *, #9239, .F. ) ;
#1537 = VERTEX_POINT ( 'NONE', #6217 ) ;
#1538 = AXIS2_PLACEMENT_3D ( 'NONE', #1456, #9975, #2337 ) ;
#1539 =( BOUNDED_SURFACE ( )  B_SPLINE_SURFACE ( 3, 2, ( 
 ( #6696, #1947, #7700 ),
 ( #11543, #5944, #2948 ),
 ( #11612, #6769, #3008 ),
 ( #10655, #8766, #2073 ),
 ( #5879, #9701, #1129 ),
 ( #4946, #9950, #2191 ) ),
 .UNSPECIFIED., .F., .F., .F. ) 
 B_SPLINE_SURFACE_WITH_KNOTS ( ( 4, 2, 4 ),
 ( 3, 3 ),
 ( 0.001360458961287221635, 0.002901564996485919527, 0.004442671031684617203 ),
 ( 0.000000000000000000, 1.000000000000000000 ),
 .UNSPECIFIED. ) 
 GEOMETRIC_REPRESENTATION_ITEM ( )  RATIONAL_B_SPLINE_SURFACE ( (
 ( 1.000000000000000000, 0.7924374031725295309, 1.000000000000000000),
 ( 1.000000000000000000, 0.7956711654295671732, 1.000000000000000000),
 ( 1.000000000000000000, 0.7972631388398050412, 1.000000000000000000),
 ( 1.000000000000000000, 0.7972633761834646560, 1.000000000000000000),
 ( 1.000000000000000000, 0.7956584909370887360, 1.000000000000000000),
 ( 1.000000000000000000, 0.7924371217378710641, 1.000000000000000000) ) ) 
 REPRESENTATION_ITEM ( '' )  SURFACE ( )  );
#1540 = ORIENTED_EDGE ( 'NONE', *, *, #1498, .F. ) ;
#1541 = VERTEX_POINT ( 'NONE', #11065 ) ;
#1542 = ORIENTED_EDGE ( 'NONE', *, *, #5023, .T. ) ;
#1543 = PLANE ( 'NONE',  #7561 ) ;
#1544 = LINE ( 'NONE', #9185, #2729 ) ;
#1545 = CARTESIAN_POINT ( 'NONE',  ( 15.64120593425276340, 0.000000000000000000, 0.1662919268571576570 ) ) ;
#1546 = VECTOR ( 'NONE', #1897, 1000.000000000000000 ) ;
#1547 = CARTESIAN_POINT ( 'NONE',  ( 27.21180890137915043, 1.499358225474672235, 2.799999999999999822 ) ) ;
#1548 = CARTESIAN_POINT ( 'NONE',  ( 37.46882798427291306, 1.399999999999323563, -5.329232319204055379 ) ) ;
#1549 = CARTESIAN_POINT ( 'NONE',  ( 2.785301483563193514, 0.4000000000000000222, 0.1662919268571509679 ) ) ;
#1550 = LINE ( 'NONE', #8185, #9532 ) ;
#1551 = EDGE_CURVE ( 'NONE', #2873, #12158, #8162, .T. ) ;
#1552 = EDGE_LOOP ( 'NONE', ( #710, #5323, #370, #10788 ) ) ;
#1553 = ORIENTED_EDGE ( 'NONE', *, *, #7512, .F. ) ;
#1554 = ORIENTED_EDGE ( 'NONE', *, *, #7409, .F. ) ;
#1555 = ORIENTED_EDGE ( 'NONE', *, *, #8439, .F. ) ;
#1556 = VECTOR ( 'NONE', #2120, 1000.000000000000114 ) ;
#1557 = EDGE_CURVE ( 'NONE', #4452, #10837, #6343, .T. ) ;
#1558 = EDGE_CURVE ( 'NONE', #6087, #9455, #523, .T. ) ;
#1559 = CARTESIAN_POINT ( 'NONE',  ( 22.92650741781595869, 0.000000000000000000, 1.999999999999997335 ) ) ;
#1560 = EDGE_LOOP ( 'NONE', ( #6228, #8896, #10447, #1288, #662, #1020, #3993, #123, #6213, #6454, #9948, #415 ) ) ;
#1561 = CARTESIAN_POINT ( 'NONE',  ( 18.64120593425277761, 1.000000000000000000, -2.240753535442245425 ) ) ;
#1562 = DIRECTION ( 'NONE',  ( -1.000000000000000000, -0.000000000000000000, 1.141265444721583757E-16 ) ) ;
#1563 = LINE ( 'NONE', #494, #11794 ) ;
#1564 = LINE ( 'NONE', #10016, #10044 ) ;
#1565 = VECTOR ( 'NONE', #3027, 1000.000000000000000 ) ;
#1566 = LINE ( 'NONE', #4448, #10416 ) ;
#1567 = AXIS2_PLACEMENT_3D ( 'NONE', #3546, #6546, #5666 ) ;
#1568 = ORIENTED_EDGE ( 'NONE', *, *, #8116, .T. ) ;
#1569 = ORIENTED_EDGE ( 'NONE', *, *, #10831, .F. ) ;
#1570 = FACE_OUTER_BOUND ( 'NONE', #2340, .T. ) ;
#1571 = ORIENTED_EDGE ( 'NONE', *, *, #8757, .F. ) ;
#1572 = DIRECTION ( 'NONE',  ( 0.000000000000000000, 0.000000000000000000, 1.000000000000000000 ) ) ;
#1573 = VERTEX_POINT ( 'NONE', #8092 ) ;
#1574 = VECTOR ( 'NONE', #8889, 1000.000000000000000 ) ;
#1575 = ADVANCED_FACE ( 'NONE', ( #10871 ), #9102, .F. ) ;
#1576 = CARTESIAN_POINT ( 'NONE',  ( 5.785301483563203284, 0.000000000000000000, -2.240753535442245425 ) ) ;
#1577 = AXIS2_PLACEMENT_3D ( 'NONE', #9347, #768, #12249 ) ;
#1578 = DIRECTION ( 'NONE',  ( 0.000000000000000000, -1.000000000000000000, -2.710505431213761085E-16 ) ) ;
#1579 = PLANE ( 'NONE',  #10782 ) ;
#1580 = FACE_OUTER_BOUND ( 'NONE', #2384, .T. ) ;
#1581 = VECTOR ( 'NONE', #8045, 1000.000000000000000 ) ;
#1582 = CARTESIAN_POINT ( 'NONE',  ( 11.85590445068958765, 0.000000000000000000, -2.240753535442228106 ) ) ;
#1583 = CARTESIAN_POINT ( 'NONE',  ( 38.50000000000001421, 0.4000000000000000222, 0.1662919268571550480 ) ) ;
#1584 = DIRECTION ( 'NONE',  ( 0.000000000000000000, 0.7660444431189767922, -0.6427876096865409172 ) ) ;
#1585 = ORIENTED_EDGE ( 'NONE', *, *, #4101, .F. ) ;
#1586 = ORIENTED_EDGE ( 'NONE', *, *, #9133, .T. ) ;
#1587 = ORIENTED_EDGE ( 'NONE', *, *, #7626, .F. ) ;
#1588 = EDGE_CURVE ( 'NONE', #11484, #12226, #10166, .T. ) ;
#1589 = ADVANCED_FACE ( 'NONE', ( #2466 ), #10933, .T. ) ;
#1590 = DIRECTION ( 'NONE',  ( 0.000000000000000000, 2.710505431213761085E-15, -1.000000000000000000 ) ) ;
#1591 = LINE ( 'NONE', #9042, #5543 ) ;
#1592 = VECTOR ( 'NONE', #4288, 1000.000000000000114 ) ;
#1593 = CARTESIAN_POINT ( 'NONE',  ( 15.64120593425276340, 2.000000000000000000, 1.739099631177264405 ) ) ;
#1594 = CARTESIAN_POINT ( 'NONE',  ( -1.500000000000000000, 0.000000000000000000, -1.000000000000000000 ) ) ;
#1595 = EDGE_CURVE ( 'NONE', #3878, #12345, #5411, .T. ) ;
#1596 = CARTESIAN_POINT ( 'NONE',  ( 40.06771335206872919, 0.8628211600346445964, -0.4041232037028950064 ) ) ;
#1597 = CARTESIAN_POINT ( 'NONE',  ( 14.35590445068957344, 1.000000000000000000, -1.000000000000000000 ) ) ;
#1598 = DIRECTION ( 'NONE',  ( 0.000000000000000000, 0.7660444431189767922, -0.6427876096865409172 ) ) ;
#1599 = VECTOR ( 'NONE', #8715, 1000.000000000000000 ) ;
#1600 = DIRECTION ( 'NONE',  ( 0.000000000000000000, -1.000000000000000000, 0.000000000000000000 ) ) ;
#1601 = VERTEX_POINT ( 'NONE', #1593 ) ;
#1602 = ORIENTED_EDGE ( 'NONE', *, *, #8402, .T. ) ;
#1603 = ORIENTED_EDGE ( 'NONE', *, *, #8478, .F. ) ;
#1604 = ORIENTED_EDGE ( 'NONE', *, *, #7172, .T. ) ;
#1605 = ORIENTED_EDGE ( 'NONE', *, *, #6375, .T. ) ;
#1606 = CARTESIAN_POINT ( 'NONE',  ( 5.032161128980621179, 0.4000000000000000222, -1.000000000000000000 ) ) ;
#1607 = CARTESIAN_POINT ( 'NONE',  ( 19.92650741781595514, 1.000000000000000000, -0.4041232037028950064 ) ) ;
#1608 = DIRECTION ( 'NONE',  ( 0.7660444431189722403, -0.000000000000000000, -0.6427876096865462463 ) ) ;
#1609 = EDGE_CURVE ( 'NONE', #4512, #8809, #1343, .T. ) ;
#1610 = CARTESIAN_POINT ( 'NONE',  ( 1.500000000000011990, 0.3999999999999999667, -2.240753535442245425 ) ) ;
#1611 = CARTESIAN_POINT ( 'NONE',  ( 1.500000000000011990, 0.000000000000000000, -2.240753535442245425 ) ) ;
#1612 = DIRECTION ( 'NONE',  ( -6.868836133214108557E-15, 0.000000000000000000, -1.000000000000000000 ) ) ;
#1613 =( BOUNDED_CURVE ( )  B_SPLINE_CURVE ( 3, ( #10748, #7912, #10811, #7799 ),
 .UNSPECIFIED., .F., .F. ) 
 B_SPLINE_CURVE_WITH_KNOTS ( ( 4, 4 ),
 ( 0.8726646259971631014, 1.198269360942234352 ),
 .UNSPECIFIED. ) 
 CURVE ( )  GEOMETRIC_REPRESENTATION_ITEM ( )  RATIONAL_B_SPLINE_CURVE ( ( 1.000000000000000000, 0.9911846262163772625, 0.9911846262163772625, 1.000000000000000000 ) ) 
 REPRESENTATION_ITEM ( '' )  );
#1614 = CARTESIAN_POINT ( 'NONE',  ( 38.50000000000001421, 0.000000000000000000, 0.1662919268571550480 ) ) ;
#1615 = EDGE_LOOP ( 'NONE', ( #8247, #2879, #6507, #3065, #3722, #9766, #9196, #10867, #8608 ) ) ;
#1616 = ORIENTED_EDGE ( 'NONE', *, *, #443, .T. ) ;
#1617 = EDGE_LOOP ( 'NONE', ( #8545, #4607, #3171, #3994 ) ) ;
#1618 = ORIENTED_EDGE ( 'NONE', *, *, #10621, .T. ) ;
#1619 = DIRECTION ( 'NONE',  ( 6.868836133214108557E-15, 0.000000000000000000, 1.000000000000000000 ) ) ;
#1620 = VERTEX_POINT ( 'NONE', #3279 ) ;
#1621 = FACE_OUTER_BOUND ( 'NONE', #4261, .T. ) ;
#1622 = EDGE_CURVE ( 'NONE', #8731, #2660, #2345, .T. ) ;
#1623 = CARTESIAN_POINT ( 'NONE',  ( 35.78241186850551969, 2.000000000000000000, -5.468901542184360309 ) ) ;
#1624 = DIRECTION ( 'NONE',  ( -1.355252715606880543E-16, -1.000000000000000000, -0.000000000000000000 ) ) ;
#1625 = LINE ( 'NONE', #5446, #2371 ) ;
#1626 = EDGE_CURVE ( 'NONE', #2100, #2754, #1407, .T. ) ;
#1627 = CARTESIAN_POINT ( 'NONE',  ( 1.000000000000009770, 1.000000000000000000, -2.240753535442241873 ) ) ;
#1628 = EDGE_CURVE ( 'NONE', #11846, #7602, #9045, .T. ) ;
#1629 = AXIS2_PLACEMENT_3D ( 'NONE', #9140, #9885, #11981 ) ;
#1630 = EDGE_CURVE ( 'NONE', #10505, #2219, #1655, .T. ) ;
#1631 = AXIS2_PLACEMENT_3D ( 'NONE', #7702, #8703, #1883 ) ;
#1632 = VERTEX_POINT ( 'NONE', #3783 ) ;
#1633 = ORIENTED_EDGE ( 'NONE', *, *, #9890, .F. ) ;
#1634 = CARTESIAN_POINT ( 'NONE',  ( 21.77336706323338689, 0.4000000000000000222, -1.000000000000000000 ) ) ;
#1635 = ORIENTED_EDGE ( 'NONE', *, *, #9166, .F. ) ;
#1636 = LINE ( 'NONE', #2689, #6715 ) ;
#1637 = ORIENTED_EDGE ( 'NONE', *, *, #6275, .F. ) ;
#1638 = AXIS2_PLACEMENT_3D ( 'NONE', #7817, #2938, #7631 ) ;
#1639 = CARTESIAN_POINT ( 'NONE',  ( 7.070602967126382588, 1.000000000000000000, -1.000000000000000000 ) ) ;
#1640 = VECTOR ( 'NONE', #1134, 1000.000000000000000 ) ;
#1641 = CARTESIAN_POINT ( 'NONE',  ( 3.768112459787186008, 8.971790744797411896E-16, -5.900666883513138394 ) ) ;
#1642 = PLANE ( 'NONE',  #375 ) ;
#1643 = CARTESIAN_POINT ( 'NONE',  ( -1.500000000000000444, 2.072578233334808395, 1.800000000000000044 ) ) ;
#1644 = CARTESIAN_POINT ( 'NONE',  ( 25.71180890137914687, 1.000000000000000000, 0.000000000000000000 ) ) ;
#1645 = CARTESIAN_POINT ( 'NONE',  ( 32.78241186850552680, 0.000000000000000000, 0.1662919268571556863 ) ) ;
#1646 = VECTOR ( 'NONE', #4703, 1000.000000000000000 ) ;
#1647 = CARTESIAN_POINT ( 'NONE',  ( 19.92650741781596935, 1.000000000000000000, -2.240753535442224553 ) ) ;
#1648 = VECTOR ( 'NONE', #2710, 1000.000000000000000 ) ;
#1649 = DIRECTION ( 'NONE',  ( 1.000000000000000000, -0.000000000000000000, -6.982962677686266711E-15 ) ) ;
#1650 = ORIENTED_EDGE ( 'NONE', *, *, #11789, .T. ) ;
#1651 = ORIENTED_EDGE ( 'NONE', *, *, #4631, .T. ) ;
#1652 = ORIENTED_EDGE ( 'NONE', *, *, #5748, .T. ) ;
#1653 = CARTESIAN_POINT ( 'NONE',  ( -1.500000000000009104, 1.115317123975225755, -5.263824959924734870 ) ) ;
#1654 = CARTESIAN_POINT ( 'NONE',  ( 10.07060296712637104, 1.115317123975225755, -5.263829606655360038 ) ) ;
#1655 = LINE ( 'NONE', #6657, #4841 ) ;
#1656 = LINE ( 'NONE', #5473, #7560 ) ;
#1657 = CARTESIAN_POINT ( 'NONE',  ( 7.070602967126381699, 1.000000000000000000, 0.3238172648295121747 ) ) ;
#1658 = CARTESIAN_POINT ( 'NONE',  ( 8.226888072706337596, 0.000000000000000000, -3.000000000000000000 ) ) ;
#1659 = ORIENTED_EDGE ( 'NONE', *, *, #2066, .T. ) ;
#1660 = EDGE_CURVE ( 'NONE', #4408, #4789, #962, .T. ) ;
#1661 = CARTESIAN_POINT ( 'NONE',  ( 11.85590445068957699, 0.000000000000000000, -1.000000000000000000 ) ) ;
#1662 = CARTESIAN_POINT ( 'NONE',  ( 30.99711038494233506, 0.4999999999999978351, -1.000000000000000000 ) ) ;
#1663 = ORIENTED_EDGE ( 'NONE', *, *, #8019, .T. ) ;
#1664 = ADVANCED_FACE ( 'NONE', ( #895 ), #3596, .F. ) ;
#1665 = ORIENTED_EDGE ( 'NONE', *, *, #5348, .F. ) ;
#1666 = EDGE_LOOP ( 'NONE', ( #10555, #2476, #7293, #3356 ) ) ;
#1667 = ORIENTED_EDGE ( 'NONE', *, *, #3967, .T. ) ;
#1668 = DIRECTION ( 'NONE',  ( -0.7660444431189766812, 0.000000000000000000, 0.6427876096865409172 ) ) ;
#1669 = LINE ( 'NONE', #6358, #2139 ) ;
#1670 = DIRECTION ( 'NONE',  ( -0.000000000000000000, -0.000000000000000000, 1.000000000000000000 ) ) ;
#1671 = DIRECTION ( 'NONE',  ( -1.000000000000000000, -0.000000000000000000, -0.000000000000000000 ) ) ;
#1672 = DIRECTION ( 'NONE',  ( 0.000000000000000000, 1.000000000000000000, 0.000000000000000000 ) ) ;
#1673 = CARTESIAN_POINT ( 'NONE',  ( 38.22399845764867621, 0.4000000000000000222, -3.000000000000000000 ) ) ;
#1674 = ADVANCED_FACE ( 'NONE', ( #9477 ), #3532, .T. ) ;
#1675 = CARTESIAN_POINT ( 'NONE',  ( 18.64120593425275985, 1.399999999999999689, -4.612012738139092072 ) ) ;
#1676 = ORIENTED_EDGE ( 'NONE', *, *, #759, .F. ) ;
#1677 = EDGE_LOOP ( 'NONE', ( #7537, #4203, #9368, #9339 ) ) ;
#1678 = EDGE_CURVE ( 'NONE', #688, #12299, #8348, .T. ) ;
#1679 = ORIENTED_EDGE ( 'NONE', *, *, #8868, .T. ) ;
#1680 = ORIENTED_EDGE ( 'NONE', *, *, #8094, .F. ) ;
#1681 = CARTESIAN_POINT ( 'NONE',  ( 33.93869697408548092, 0.4000000000000000222, -3.000000000000000000 ) ) ;
#1682 = ORIENTED_EDGE ( 'NONE', *, *, #153, .F. ) ;
#1683 = CARTESIAN_POINT ( 'NONE',  ( 21.42650741781595514, 0.000000000000000000, 1.999999999999998224 ) ) ;
#1684 = LINE ( 'NONE', #9393, #7218 ) ;
#1685 = CARTESIAN_POINT ( 'NONE',  ( 19.92650741781595514, -1.149107137126159362E-30, -0.2337080731428430314 ) ) ;
#1686 = CARTESIAN_POINT ( 'NONE',  ( 35.78241186850553390, 0.06443263463840748217, 0.1149657687835883013 ) ) ;
#1687 = DIRECTION ( 'NONE',  ( 1.000000000000000000, -0.000000000000000000, 0.000000000000000000 ) ) ;
#1688 = ORIENTED_EDGE ( 'NONE', *, *, #6258, .T. ) ;
#1689 = ORIENTED_EDGE ( 'NONE', *, *, #8734, .F. ) ;
#1690 = PLANE ( 'NONE',  #5113 ) ;
#1691 = EDGE_CURVE ( 'NONE', #3422, #5658, #11311, .T. ) ;
#1692 = ORIENTED_EDGE ( 'NONE', *, *, #12132, .T. ) ;
#1693 = EDGE_CURVE ( 'NONE', #10055, #9866, #1779, .T. ) ;
#1694 = CARTESIAN_POINT ( 'NONE',  ( 15.64120593425275629, 1.115317123975225755, -5.263824959924734870 ) ) ;
#1695 = ORIENTED_EDGE ( 'NONE', *, *, #9743, .T. ) ;
#1696 = EDGE_CURVE ( 'NONE', #11202, #2719, #12388, .T. ) ;
#1697 = CARTESIAN_POINT ( 'NONE',  ( 5.785301483563190850, 0.4999999999999978351, -1.000000000000000000 ) ) ;
#1698 = VECTOR ( 'NONE', #7913, 1000.000000000000000 ) ;
#1699 = CARTESIAN_POINT ( 'NONE',  ( 32.78241186850552680, 1.000000000000000000, -1.000000000000000000 ) ) ;
#1700 = DIRECTION ( 'NONE',  ( -0.000000000000000000, -1.000000000000000000, -0.000000000000000000 ) ) ;
#1701 = DIRECTION ( 'NONE',  ( -1.141265444721583757E-16, -0.000000000000000000, -1.000000000000000000 ) ) ;
#1702 = DIRECTION ( 'NONE',  ( 0.000000000000000000, -1.000000000000000000, 0.000000000000000000 ) ) ;
#1703 = CARTESIAN_POINT ( 'NONE',  ( 11.35590445068958587, 1.000000000000000000, -2.240753535442224553 ) ) ;
#1704 = LINE ( 'NONE', #5528, #2915 ) ;
#1705 = EDGE_CURVE ( 'NONE', #11908, #9538, #9884, .T. ) ;
#1706 = FACE_OUTER_BOUND ( 'NONE', #10181, .T. ) ;
#1707 = VECTOR ( 'NONE', #858, 1000.000000000000000 ) ;
#1708 = EDGE_LOOP ( 'NONE', ( #2997, #4637, #4307, #2057 ) ) ;
#1709 = ORIENTED_EDGE ( 'NONE', *, *, #2239, .T. ) ;
#1710 = EDGE_CURVE ( 'NONE', #3946, #6618, #4536, .T. ) ;
#1711 = EDGE_CURVE ( 'NONE', #1472, #2719, #11438, .T. ) ;
#1712 = CARTESIAN_POINT ( 'NONE',  ( 3.541586589143146835, 0.000000000000000000, -3.000000000000000000 ) ) ;
#1713 = CARTESIAN_POINT ( 'NONE',  ( 39.56771335206872919, 1.000000000000000000, -2.240753535442241873 ) ) ;
#1714 = LINE ( 'NONE', #5537, #9444 ) ;
#1715 = CARTESIAN_POINT ( 'NONE',  ( 39.31457299748615242, 0.4000000000000000222, -1.000000000000000000 ) ) ;
#1716 = VECTOR ( 'NONE', #11353, 1000.000000000000000 ) ;
#1717 = VECTOR ( 'NONE', #6853, 1000.000000000000000 ) ;
#1718 = DIRECTION ( 'NONE',  ( -1.141265444721583757E-16, 0.000000000000000000, 1.000000000000000000 ) ) ;
#1719 = ORIENTED_EDGE ( 'NONE', *, *, #3700, .T. ) ;
#1720 = LINE ( 'NONE', #6540, #2940 ) ;
#1721 = DIRECTION ( 'NONE',  ( 0.000000000000000000, -1.000000000000000000, 0.000000000000000000 ) ) ;
#1722 = ORIENTED_EDGE ( 'NONE', *, *, #860, .F. ) ;
#1724 = ORIENTED_EDGE ( 'NONE', *, *, #8887, .T. ) ;
#1723 = AXIS2_PLACEMENT_3D ( 'NONE', #4121, #7935, #11781 ) ;
#1725 = ORIENTED_EDGE ( 'NONE', *, *, #2272, .F. ) ;
#1726 = VECTOR ( 'NONE', #10320, 1000.000000000000000 ) ;
#1727 = VECTOR ( 'NONE', #5800, 1000.000000000000000 ) ;
#1728 = FACE_OUTER_BOUND ( 'NONE', #9387, .T. ) ;
#1729 = CARTESIAN_POINT ( 'NONE',  ( 3.113062879829360696, 0.6722386037338301534, -0.7947340252167951480 ) ) ;
#1730 = DIRECTION ( 'NONE',  ( 0.000000000000000000, 0.000000000000000000, -1.000000000000000000 ) ) ;
#1731 = LINE ( 'NONE', #6483, #9546 ) ;
#1732 = ADVANCED_FACE ( 'NONE', ( #3713 ), #9542, .T. ) ;
#1733 = FACE_OUTER_BOUND ( 'NONE', #4839, .T. ) ;
#1734 = LINE ( 'NONE', #5735, #10161 ) ;
#1735 = EDGE_CURVE ( 'NONE', #5328, #7764, #12199, .T. ) ;
#1736 = AXIS2_PLACEMENT_3D ( 'NONE', #1222, #10870, #3278 ) ;
#1737 = DIRECTION ( 'NONE',  ( 0.000000000000000000, 0.000000000000000000, -1.000000000000000000 ) ) ;
#1738 = VECTOR ( 'NONE', #2844, 1000.000000000000114 ) ;
#1739 = DIRECTION ( 'NONE',  ( 0.000000000000000000, 1.000000000000000000, 0.000000000000000000 ) ) ;
#1740 = CARTESIAN_POINT ( 'NONE',  ( 8.570602967126381699, 1.000000000000000000, 0.8999999999999921396 ) ) ;
#1741 = ORIENTED_EDGE ( 'NONE', *, *, #7948, .F. ) ;
#1742 = ORIENTED_EDGE ( 'NONE', *, *, #1435, .T. ) ;
#1743 = VERTEX_POINT ( 'NONE', #12261 ) ;
#1744 = ORIENTED_EDGE ( 'NONE', *, *, #9639, .T. ) ;
#1745 = CARTESIAN_POINT ( 'NONE',  ( 25.71180890137914687, 1.000000000000000000, 0.8999999999999921396 ) ) ;
#1746 = ORIENTED_EDGE ( 'NONE', *, *, #12172, .F. ) ;
#1747 = VECTOR ( 'NONE', #10027, 1000.000000000000000 ) ;
#1748 = CARTESIAN_POINT ( 'NONE',  ( 24.21180890137914687, 1.000000000000000000, -0.4041232037028949509 ) ) ;
#1749 = DIRECTION ( 'NONE',  ( 1.000000000000000000, -0.000000000000000000, -0.000000000000000000 ) ) ;
#1750 = FACE_OUTER_BOUND ( 'NONE', #5510, .T. ) ;
#1751 = ADVANCED_FACE ( 'NONE', ( #7533 ), #11189, .F. ) ;
#1752 = CARTESIAN_POINT ( 'NONE',  ( 27.21180890137915753, 1.000000000000000000, -2.836630331739350641 ) ) ;
#1753 = VECTOR ( 'NONE', #7676, 1000.000000000000114 ) ;
#1754 = ORIENTED_EDGE ( 'NONE', *, *, #6493, .F. ) ;
#1755 = ORIENTED_EDGE ( 'NONE', *, *, #6461, .F. ) ;
#1756 = LINE ( 'NONE', #2572, #312 ) ;
#1757 = VERTEX_POINT ( 'NONE', #11378 ) ;
#1758 = DIRECTION ( 'NONE',  ( 0.000000000000000000, 1.000000000000000000, 0.000000000000000000 ) ) ;
#1759 = ORIENTED_EDGE ( 'NONE', *, *, #3509, .T. ) ;
#1760 = CARTESIAN_POINT ( 'NONE',  ( 22.92650741781595869, 0.000000000000000000, -1.000000000000000000 ) ) ;
#1761 = VECTOR ( 'NONE', #12077, 1000.000000000000000 ) ;
#1762 = DIRECTION ( 'NONE',  ( -1.000000000000000000, -0.000000000000000000, 1.141265444721583757E-16 ) ) ;
#1763 = CARTESIAN_POINT ( 'NONE',  ( 5.785301483563189073, 0.4000000000000000222, 0.1662919268571587950 ) ) ;
#1764 = AXIS2_PLACEMENT_3D ( 'NONE', #9142, #559, #4387 ) ;
#1765 = ADVANCED_FACE ( 'NONE', ( #2775 ), #5655, .T. ) ;
#1766 = CARTESIAN_POINT ( 'NONE',  ( 21.94369544249091319, 1.115317123975225533, -5.586345496996282023 ) ) ;
#1767 = CARTESIAN_POINT ( 'NONE',  ( 5.785301483563191738, 1.499358225474672235, 1.300000000000000044 ) ) ;
#1769 = EDGE_CURVE ( 'NONE', #6225, #10213, #1714, .T. ) ;
#1768 = CARTESIAN_POINT ( 'NONE',  ( 0.7468596454174303290, 0.000000000000000000, -1.000000000000000000 ) ) ;
#1770 = LINE ( 'NONE', #7524, #4088 ) ;
#1771 = CARTESIAN_POINT ( 'NONE',  ( -1.013893357946012985, 1.106833761053985121, -5.425736373931110634 ) ) ;
#1772 = AXIS2_PLACEMENT_3D ( 'NONE', #3254, #4012, #7072 ) ;
#1773 = DIRECTION ( 'NONE',  ( -1.000000000000000000, -0.000000000000000000, 1.141265444721583757E-16 ) ) ;
#1774 = CIRCLE ( 'NONE', #9570, 1.500000000000000000 ) ;
#1775 = ORIENTED_EDGE ( 'NONE', *, *, #4723, .F. ) ;
#1776 = ORIENTED_EDGE ( 'NONE', *, *, #363, .F. ) ;
#1777 = FACE_OUTER_BOUND ( 'NONE', #7718, .T. ) ;
#1778 = LINE ( 'NONE', #7468, #947 ) ;
#1779 = LINE ( 'NONE', #10232, #3847 ) ;
#1780 = PLANE ( 'NONE',  #12182 ) ;
#1781 = EDGE_CURVE ( 'NONE', #8308, #11739, #6024, .T. ) ;
#1782 = VECTOR ( 'NONE', #10760, 1000.000000000000000 ) ;
#1783 = VECTOR ( 'NONE', #6095, 1000.000000000000000 ) ;
#1784 = LINE ( 'NONE', #9361, #10720 ) ;
#1785 = ADVANCED_FACE ( 'NONE', ( #5842 ), #2212, .F. ) ;
#1786 = ORIENTED_EDGE ( 'NONE', *, *, #9151, .F. ) ;
#1787 = EDGE_CURVE ( 'NONE', #11835, #10825, #6849, .T. ) ;
#1788 = DIRECTION ( 'NONE',  ( 1.355252715606880543E-16, 1.000000000000000000, -9.463679131915807439E-31 ) ) ;
#1789 = CARTESIAN_POINT ( 'NONE',  ( 10.07060296712638880, 0.3999999999999999667, -3.007045462299396732 ) ) ;
#1790 = EDGE_LOOP ( 'NONE', ( #7173, #5306, #8060, #9832 ) ) ;
#1791 = ORIENTED_EDGE ( 'NONE', *, *, #9924, .F. ) ;
#1792 = ORIENTED_EDGE ( 'NONE', *, *, #4454, .F. ) ;
#1793 = VECTOR ( 'NONE', #6541, 1000.000000000000000 ) ;
#1794 = CARTESIAN_POINT ( 'NONE',  ( 38.50000000000001421, 0.4000000000000000222, -3.007045462299399841 ) ) ;
#1795 = FACE_OUTER_BOUND ( 'NONE', #11222, .T. ) ;
#1796 = LINE ( 'NONE', #4732, #6937 ) ;
#1797 = LINE ( 'NONE', #7298, #5950 ) ;
#1798 = DIRECTION ( 'NONE',  ( 0.000000000000000000, 1.000000000000000000, 0.000000000000000000 ) ) ;
#1799 = B_SPLINE_CURVE_WITH_KNOTS ( 'NONE', 3,
 ( #983, #9313, #12408, #4739, #8553, #5737 ),
 .UNSPECIFIED., .F., .F.,
 ( 4, 2, 4 ),
 ( 0.000000000000000000, 0.0002695394427320641807, 0.0005390788854641283614 ),
 .UNSPECIFIED. ) ;
#1800 = CARTESIAN_POINT ( 'NONE',  ( 32.78241186850552680, 0.000000000000000000, 1.999999999999997335 ) ) ;
#1801 = AXIS2_PLACEMENT_3D ( 'NONE', #3326, #3453, #387 ) ;
#1802 = CARTESIAN_POINT ( 'NONE',  ( 21.77336706323338689, 0.000000000000000000, -1.000000000000000000 ) ) ;
#1803 = LINE ( 'NONE', #3804, #729 ) ;
#1804 = DIRECTION ( 'NONE',  ( 1.000000000000000000, 0.000000000000000000, -6.982962677686266711E-15 ) ) ;
#1805 = VERTEX_POINT ( 'NONE', #5026 ) ;
#1806 = ORIENTED_EDGE ( 'NONE', *, *, #12285, .T. ) ;
#1807 = VERTEX_POINT ( 'NONE', #10678 ) ;
#1808 = ORIENTED_EDGE ( 'NONE', *, *, #4815, .T. ) ;
#1809 = CARTESIAN_POINT ( 'NONE',  ( 20.68279252339591068, 0.000000000000000000, -2.240753535442229882 ) ) ;
#1810 = ORIENTED_EDGE ( 'NONE', *, *, #7287, .F. ) ;
#1811 = CARTESIAN_POINT ( 'NONE',  ( 7.070602967126388805, 1.000000000000000000, -3.007045462299396732 ) ) ;
#1812 = DIRECTION ( 'NONE',  ( 7.097089222158424864E-15, 0.000000000000000000, 1.000000000000000000 ) ) ;
#1813 = DIRECTION ( 'NONE',  ( -3.093406186374441444E-32, -1.000000000000000000, -2.710505431213761085E-16 ) ) ;
#1814 = DIRECTION ( 'NONE',  ( -0.000000000000000000, -0.000000000000000000, 1.000000000000000000 ) ) ;
#1815 = VERTEX_POINT ( 'NONE', #6970 ) ;
#1816 = VERTEX_POINT ( 'NONE', #4901 ) ;
#1817 = ADVANCED_FACE ( 'NONE', ( #1269 ), #7845, .F. ) ;
#1818 = CARTESIAN_POINT ( 'NONE',  ( 5.032161128980621179, 0.4000000000000000222, -2.240753535442239208 ) ) ;
#1819 = EDGE_LOOP ( 'NONE', ( #4713, #3419, #11290, #6650 ) ) ;
#1820 = EDGE_CURVE ( 'NONE', #6071, #3724, #9785, .T. ) ;
#1821 = CARTESIAN_POINT ( 'NONE',  ( 15.64120593425275274, 8.673617379884035472E-16, -5.578147948598759065 ) ) ;
#1822 = ORIENTED_EDGE ( 'NONE', *, *, #5995, .F. ) ;
#1823 = FACE_OUTER_BOUND ( 'NONE', #2101, .T. ) ;
#1824 = DIRECTION ( 'NONE',  ( -1.000000000000000000, -0.000000000000000000, 1.141265444721583757E-16 ) ) ;
#1825 = CARTESIAN_POINT ( 'NONE',  ( 34.83768820233946428, 1.400000000000169997, -5.423430774507966845 ) ) ;
#1826 = CARTESIAN_POINT ( 'NONE',  ( 8.570602967126381699, 0.5320888862379536954, -0.9617579545435694932 ) ) ;
#1827 = DIRECTION ( 'NONE',  ( 1.000000000000000000, -0.000000000000000000, -1.141265444721583757E-16 ) ) ;
#1828 = CARTESIAN_POINT ( 'NONE',  ( 18.64120593425277406, 0.000000000000000000, -2.836630331739350641 ) ) ;
#1829 = DIRECTION ( 'NONE',  ( 1.355252715606880543E-16, 1.000000000000000000, -9.463679131915807439E-31 ) ) ;
#1830 = EDGE_CURVE ( 'NONE', #7602, #5940, #87, .T. ) ;
#1831 = CARTESIAN_POINT ( 'NONE',  ( 29.99711038494234217, 1.000000000000000000, -3.240753535442235211 ) ) ;
#1832 = ORIENTED_EDGE ( 'NONE', *, *, #1888, .F. ) ;
#1833 = LINE ( 'NONE', #6590, #5996 ) ;
#1834 = AXIS2_PLACEMENT_3D ( 'NONE', #11902, #9002, #6235 ) ;
#1835 = EDGE_CURVE ( 'NONE', #11739, #632, #3146, .T. ) ;
#1836 = ORIENTED_EDGE ( 'NONE', *, *, #4294, .T. ) ;
#1837 = ORIENTED_EDGE ( 'NONE', *, *, #9516, .T. ) ;
#1838 = AXIS2_PLACEMENT_3D ( 'NONE', #8548, #12403, #3797 ) ;
#1839 = LINE ( 'NONE', #837, #3501 ) ;
#1840 = CARTESIAN_POINT ( 'NONE',  ( 10.07060296712637282, 1.103464666456457577, -5.267169912107815044 ) ) ;
#1841 = DIRECTION ( 'NONE',  ( 0.5407162030609332648, 0.5407162030609377057, -0.6444004775717739886 ) ) ;
#1842 = CARTESIAN_POINT ( 'NONE',  ( -1.499999999999988010, 1.000000000000000000, -2.240753535442224553 ) ) ;
#1843 = VECTOR ( 'NONE', #8056, 1000.000000000000000 ) ;
#1844 = AXIS2_PLACEMENT_3D ( 'NONE', #10986, #2516, #453 ) ;
#1845 = CARTESIAN_POINT ( 'NONE',  ( 13.36632720299424903, 1.400000000000000133, -5.098382031700254835 ) ) ;
#1846 = VERTEX_POINT ( 'NONE', #5085 ) ;
#1847 = LINE ( 'NONE', #7538, #7130 ) ;
#1848 = CARTESIAN_POINT ( 'NONE',  ( 11.85590445068957699, 0.4999999999999978351, -1.000000000000000000 ) ) ;
#1849 = VERTEX_POINT ( 'NONE', #4025 ) ;
#1850 = ORIENTED_EDGE ( 'NONE', *, *, #11669, .F. ) ;
#1851 = ORIENTED_EDGE ( 'NONE', *, *, #3011, .T. ) ;
#1852 = ADVANCED_FACE ( 'NONE', ( #7788 ), #8846, .T. ) ;
#1853 = CARTESIAN_POINT ( 'NONE',  ( 38.91457299748616094, 0.000000000000000000, -3.000000000000000000 ) ) ;
#1854 = FACE_OUTER_BOUND ( 'NONE', #3868, .T. ) ;
#1855 = CARTESIAN_POINT ( 'NONE',  ( 31.49711038494234217, 0.000000000000000000, -3.407045462299398864 ) ) ;
#1856 = EDGE_CURVE ( 'NONE', #10397, #1573, #2030, .T. ) ;
#1857 = CARTESIAN_POINT ( 'NONE',  ( 22.92650741781595869, 0.000000000000000000, 0.1662919268571568243 ) ) ;
#1858 = CARTESIAN_POINT ( 'NONE',  ( 35.78241186850554101, 1.000000000000000000, -2.836630331739350641 ) ) ;
#1859 = CARTESIAN_POINT ( 'NONE',  ( 4.285301483563181080, 2.000000000000000000, -5.468901542184349651 ) ) ;
#1860 = CARTESIAN_POINT ( 'NONE',  ( 29.99711746496344134, 0.000000000000000000, -1.007180904292219514 ) ) ;
#1861 = CARTESIAN_POINT ( 'NONE',  ( 38.50000000000001421, 0.000000000000000000, -0.2337080731428451408 ) ) ;
#1862 = DIRECTION ( 'NONE',  ( 0.000000000000000000, -1.000000000000000000, 0.000000000000000000 ) ) ;
#1863 = CARTESIAN_POINT ( 'NONE',  ( 9.673210947360640688, 1.400000000000840350, -5.327909680985122520 ) ) ;
#1864 = ORIENTED_EDGE ( 'NONE', *, *, #10774, .T. ) ;
#1865 = ORIENTED_EDGE ( 'NONE', *, *, #2985, .T. ) ;
#1866 = ORIENTED_EDGE ( 'NONE', *, *, #11288, .F. ) ;
#1867 = EDGE_LOOP ( 'NONE', ( #1929, #776, #5053, #537 ) ) ;
#1868 = DIRECTION ( 'NONE',  ( -0.000000000000000000, -1.000000000000000000, 0.000000000000000000 ) ) ;
#1869 = ORIENTED_EDGE ( 'NONE', *, *, #10548, .F. ) ;
#1870 = ADVANCED_FACE ( 'NONE', ( #5780 ), #1209, .T. ) ;
#1871 = DIRECTION ( 'NONE',  ( 1.000000000000000000, -0.000000000000000000, 1.141265444721583757E-16 ) ) ;
#1872 = EDGE_CURVE ( 'NONE', #1926, #7250, #11686, .T. ) ;
#1873 = DIRECTION ( 'NONE',  ( -1.000000000000000000, 0.000000000000000000, 6.982962677686266711E-15 ) ) ;
#1874 = CARTESIAN_POINT ( 'NONE',  ( 40.06771335206872209, 1.115317123975225755, -5.263829606655358262 ) ) ;
#1875 = CARTESIAN_POINT ( 'NONE',  ( 31.49711038494233151, 1.399999999999999911, -4.858578065624948650 ) ) ;
#1876 = ORIENTED_EDGE ( 'NONE', *, *, #2502, .F. ) ;
#1877 = ORIENTED_EDGE ( 'NONE', *, *, #8350, .F. ) ;
#1878 = ORIENTED_EDGE ( 'NONE', *, *, #5922, .T. ) ;
#1879 = ORIENTED_EDGE ( 'NONE', *, *, #5768, .T. ) ;
#1880 = CARTESIAN_POINT ( 'NONE',  ( 20.25426881408212409, 0.6722386037338308196, -0.7947340252167942598 ) ) ;
#1881 = VERTEX_POINT ( 'NONE', #270 ) ;
#1882 = ADVANCED_FACE ( 'NONE', ( #211 ), #6789, .F. ) ;
#1883 = DIRECTION ( 'NONE',  ( 0.000000000000000000, 0.000000000000000000, 1.000000000000000000 ) ) ;
#1884 = DIRECTION ( 'NONE',  ( 0.000000000000000000, 1.000000000000000000, 0.000000000000000000 ) ) ;
#1885 = ADVANCED_FACE ( 'NONE', ( #10801 ), #10734, .F. ) ;
#1886 = PLANE ( 'NONE',  #7041 ) ;
#1887 = FACE_OUTER_BOUND ( 'NONE', #10112, .T. ) ;
#1888 = EDGE_CURVE ( 'NONE', #9146, #8189, #5964, .T. ) ;
#1889 = DIRECTION ( 'NONE',  ( 0.000000000000000000, -1.000000000000000000, 0.000000000000000000 ) ) ;
#1890 = DIRECTION ( 'NONE',  ( 1.000000000000000000, 0.000000000000000000, -0.000000000000000000 ) ) ;
#1891 = LINE ( 'NONE', #2587, #5539 ) ;
#1892 = ORIENTED_EDGE ( 'NONE', *, *, #5442, .T. ) ;
#1893 = CARTESIAN_POINT ( 'NONE',  ( 15.64120593425277406, 0.000000000000000000, -2.836630331739329769 ) ) ;
#1894 = VERTEX_POINT ( 'NONE', #7662 ) ;
#1895 = ORIENTED_EDGE ( 'NONE', *, *, #11685, .F. ) ;
#1896 = DIRECTION ( 'NONE',  ( 0.000000000000000000, 1.000000000000000000, 0.000000000000000000 ) ) ;
#1897 = DIRECTION ( 'NONE',  ( -1.000000000000000000, -0.000000000000000000, 1.141265444721583757E-16 ) ) ;
#1898 = DIRECTION ( 'NONE',  ( -6.868836133214109346E-15, 0.000000000000000000, -1.000000000000000000 ) ) ;
#1899 = CARTESIAN_POINT ( 'NONE',  ( 38.50000000000001421, 0.4000000000000000222, -3.407045462299400196 ) ) ;
#1900 = ADVANCED_FACE ( 'NONE', ( #11502 ), #2899, .F. ) ;
#1901 = AXIS2_PLACEMENT_3D ( 'NONE', #11821, #9915, #4281 ) ;
#1902 = EDGE_CURVE ( 'NONE', #6032, #4034, #4271, .T. ) ;
#1903 = LINE ( 'NONE', #4665, #9318 ) ;
#1904 = CARTESIAN_POINT ( 'NONE',  ( 33.93869697408548092, 0.4000000000000000222, -1.000000000000000000 ) ) ;
#1905 = CARTESIAN_POINT ( 'NONE',  ( 35.78241186850554101, 1.000000000000000000, -2.836630331739350641 ) ) ;
#1906 = EDGE_LOOP ( 'NONE', ( #6544, #9515, #8687, #11773, #970, #2635, #5499, #2785, #2735, #9079, #3141, #2418, #2005 ) ) ;
#1907 = VERTEX_POINT ( 'NONE', #2270 ) ;
#1908 = ORIENTED_EDGE ( 'NONE', *, *, #7881, .F. ) ;
#1909 = ORIENTED_EDGE ( 'NONE', *, *, #1024, .T. ) ;
#1910 = DIRECTION ( 'NONE',  ( 0.000000000000000000, 2.710505431213761085E-15, -1.000000000000000000 ) ) ;
#1911 = VECTOR ( 'NONE', #3205, 1000.000000000000000 ) ;
#1912 = DIRECTION ( 'NONE',  ( 1.000000000000000000, 0.000000000000000000, 0.000000000000000000 ) ) ;
#1913 = VECTOR ( 'NONE', #690, 1000.000000000000000 ) ;
#1914 = DIRECTION ( 'NONE',  ( -0.6427876096865463573, -0.000000000000000000, -0.7660444431189722403 ) ) ;
#1915 = CARTESIAN_POINT ( 'NONE',  ( 10.07060296712639058, 0.000000000000000000, -2.836630331739350641 ) ) ;
#1916 = VECTOR ( 'NONE', #4046, 1000.000000000000000 ) ;
#1917 = FACE_OUTER_BOUND ( 'NONE', #7509, .T. ) ;
#1918 = CARTESIAN_POINT ( 'NONE',  ( 28.49711038494234572, 0.3999999999999999667, -3.407045462299400196 ) ) ;
#1919 = ADVANCED_FACE ( 'NONE', ( #11811 ), #3207, .F. ) ;
#1920 = CARTESIAN_POINT ( 'NONE',  ( 40.06771335206872919, 1.499358225474672235, 1.300000000000000044 ) ) ;
#1921 = DIRECTION ( 'NONE',  ( 0.000000000000000000, -0.000000000000000000, -1.000000000000000000 ) ) ;
#1922 = VECTOR ( 'NONE', #1829, 1000.000000000000000 ) ;
#1924 = ADVANCED_FACE ( 'NONE', ( #4152 ), #7149, .F. ) ;
#1923 = VECTOR ( 'NONE', #6376, 1000.000000000000000 ) ;
#1925 = LINE ( 'NONE', #9564, #2184 ) ;
#1926 = VERTEX_POINT ( 'NONE', #8905 ) ;
#1927 = ORIENTED_EDGE ( 'NONE', *, *, #3030, .T. ) ;
#1928 = VECTOR ( 'NONE', #3521, 1000.000000000000114 ) ;
#1929 = ORIENTED_EDGE ( 'NONE', *, *, #9433, .F. ) ;
#1930 = ORIENTED_EDGE ( 'NONE', *, *, #4294, .F. ) ;
#1931 = CARTESIAN_POINT ( 'NONE',  ( 18.64120593425276695, 2.000000000000000000, 2.799999999999999822 ) ) ;
#1932 = EDGE_LOOP ( 'NONE', ( #5414, #11542, #9573, #10654 ) ) ;
#1933 = CARTESIAN_POINT ( 'NONE',  ( 37.06771335206871498, 1.399999999999999911, -4.858572962426980446 ) ) ;
#1934 = VECTOR ( 'NONE', #4240, 1000.000000000000000 ) ;
#1935 = DIRECTION ( 'NONE',  ( 0.000000000000000000, -1.000000000000000000, 0.000000000000000000 ) ) ;
#1936 = DIRECTION ( 'NONE',  ( 0.000000000000000000, 0.000000000000000000, 1.000000000000000000 ) ) ;
#1937 = VECTOR ( 'NONE', #8928, 1000.000000000000000 ) ;
#1938 = EDGE_CURVE ( 'NONE', #12226, #3106, #5206, .T. ) ;
#1939 = LINE ( 'NONE', #1752, #58 ) ;
#1940 = EDGE_CURVE ( 'NONE', #3592, #1907, #10151, .T. ) ;
#1941 = VERTEX_POINT ( 'NONE', #7211 ) ;
#1942 = EDGE_LOOP ( 'NONE', ( #1837, #11991, #5358, #2290, #5927 ) ) ;
#1943 = EDGE_CURVE ( 'NONE', #125, #10386, #2453, .T. ) ;
#1944 = ORIENTED_EDGE ( 'NONE', *, *, #1678, .F. ) ;
#1945 = ORIENTED_EDGE ( 'NONE', *, *, #3309, .T. ) ;
#1946 = AXIS2_PLACEMENT_3D ( 'NONE', #3900, #2966, #9356 ) ;
#1947 = CARTESIAN_POINT ( 'NONE',  ( 15.51825347110764675, 1.399999999999999911, -5.141489476468492192 ) ) ;
#1948 = ORIENTED_EDGE ( 'NONE', *, *, #11898, .T. ) ;
#1949 = PLANE ( 'NONE',  #5631 ) ;
#1950 = LINE ( 'NONE', #3071, #6020 ) ;
#1951 = CARTESIAN_POINT ( 'NONE',  ( 33.25591308708312965, 1.400000000000000355, -5.031499608973071247 ) ) ;
#1952 = DIRECTION ( 'NONE',  ( 0.000000000000000000, -0.000000000000000000, -1.000000000000000000 ) ) ;
#1953 = CIRCLE ( 'NONE', #8343, 1.500000000000000000 ) ;
#1954 = PLANE ( 'NONE',  #1984 ) ;
#1955 = CARTESIAN_POINT ( 'NONE',  ( 22.92650741781596935, 1.000000000000000000, -2.240753535442245425 ) ) ;
#1956 = CARTESIAN_POINT ( 'NONE',  ( 2.785301483563190850, 0.5351768109448618027, 2.449066664678465788 ) ) ;
#1957 = LINE ( 'NONE', #4075, #6104 ) ;
#1958 = ORIENTED_EDGE ( 'NONE', *, *, #10355, .T. ) ;
#1959 = CARTESIAN_POINT ( 'NONE',  ( 38.50000000000001421, 0.4000000000000000222, -0.2337080731428450298 ) ) ;
#1960 = EDGE_CURVE ( 'NONE', #677, #11481, #12061, .T. ) ;
#1961 = ORIENTED_EDGE ( 'NONE', *, *, #3166, .T. ) ;
#1962 = ORIENTED_EDGE ( 'NONE', *, *, #11862, .T. ) ;
#1963 = VECTOR ( 'NONE', #5152, 1000.000000000000114 ) ;
#1964 = CARTESIAN_POINT ( 'NONE',  ( 11.35590445068957166, 0.9534028740753675013, 2.799999999999999822 ) ) ;
#1965 = CARTESIAN_POINT ( 'NONE',  ( 38.50000000000001421, 0.4000000000000000222, -3.007045462299399841 ) ) ;
#1966 = DIRECTION ( 'NONE',  ( -3.093406186374441444E-32, 1.000000000000000000, 2.710505431213761085E-16 ) ) ;
#1967 = LINE ( 'NONE', #896, #4962 ) ;
#1968 = AXIS2_PLACEMENT_3D ( 'NONE', #9576, #7632, #6689 ) ;
#1969 = PLANE ( 'NONE',  #10317 ) ;
#1970 = VECTOR ( 'NONE', #9436, 1000.000000000000000 ) ;
#1971 = LINE ( 'NONE', #6910, #10944 ) ;
#1972 = DIRECTION ( 'NONE',  ( -1.000000000000000000, 0.000000000000000000, 0.000000000000000000 ) ) ;
#1973 = ADVANCED_FACE ( 'NONE', ( #9088 ), #3268, .F. ) ;
#1974 = VERTEX_POINT ( 'NONE', #1452 ) ;
#1975 = EDGE_CURVE ( 'NONE', #12316, #4809, #5267, .T. ) ;
#1976 = ORIENTED_EDGE ( 'NONE', *, *, #6848, .T. ) ;
#1977 = VERTEX_POINT ( 'NONE', #11932 ) ;
#1978 = LINE ( 'NONE', #7855, #695 ) ;
#1979 = CARTESIAN_POINT ( 'NONE',  ( 0.000000000000000000, -1.000000000000000000, 0.3238172648295125633 ) ) ;
#1980 = CARTESIAN_POINT ( 'NONE',  ( 19.92650741781596935, 1.399999999999999911, -2.240753535442224553 ) ) ;
#1981 = EDGE_CURVE ( 'NONE', #3894, #2159, #4213, .T. ) ;
#1982 = VECTOR ( 'NONE', #11463, 1000.000000000000000 ) ;
#1983 = DIRECTION ( 'NONE',  ( 0.7660444431189766812, 0.000000000000000000, 0.6427876096865409172 ) ) ;
#1984 = AXIS2_PLACEMENT_3D ( 'NONE', #10531, #7521, #3767 ) ;
#1985 = LINE ( 'NONE', #7742, #7228 ) ;
#1986 = CARTESIAN_POINT ( 'NONE',  ( -1.500000000000009326, 1.191276127410975105, -5.242417899579847607 ) ) ;
#1987 = CARTESIAN_POINT ( 'NONE',  ( 14.35590445068957521, 1.499358225474672235, 2.799999999999999822 ) ) ;
#1988 = DIRECTION ( 'NONE',  ( -0.000000000000000000, -0.000000000000000000, 1.000000000000000000 ) ) ;
#1989 = VECTOR ( 'NONE', #11826, 1000.000000000000000 ) ;
#1990 = CARTESIAN_POINT ( 'NONE',  ( 9.600597791354877231, 1.399999999999999911, -5.030233932061229929 ) ) ;
#1991 = ORIENTED_EDGE ( 'NONE', *, *, #60, .T. ) ;
#1992 = VERTEX_POINT ( 'NONE', #7085 ) ;
#1993 = EDGE_CURVE ( 'NONE', #7007, #3811, #8209, .T. ) ;
#1994 = ORIENTED_EDGE ( 'NONE', *, *, #4260, .F. ) ;
#1995 = ORIENTED_EDGE ( 'NONE', *, *, #6581, .F. ) ;
#1996 = CARTESIAN_POINT ( 'NONE',  ( 5.404912169126896870, 1.106465162429643767, -5.408006954961468438 ) ) ;
#1997 = ADVANCED_FACE ( 'NONE', ( #8079 ), #8147, .F. ) ;
#1998 = ORIENTED_EDGE ( 'NONE', *, *, #5458, .T. ) ;
#1999 = LINE ( 'NONE', #11409, #9354 ) ;
#2000 = VECTOR ( 'NONE', #11691, 1000.000000000000114 ) ;
#2001 = LINE ( 'NONE', #10705, #3837 ) ;
#2002 = LINE ( 'NONE', #1409, #1186 ) ;
#2003 = CARTESIAN_POINT ( 'NONE',  ( 18.64120593425276695, 1.499358225474672235, 2.799999999999999822 ) ) ;
#2004 = VERTEX_POINT ( 'NONE', #2396 ) ;
#2005 = ORIENTED_EDGE ( 'NONE', *, *, #12210, .T. ) ;
#2006 = EDGE_LOOP ( 'NONE', ( #11344, #1036, #3479, #10571, #3321, #7894 ) ) ;
#2007 = ORIENTED_EDGE ( 'NONE', *, *, #5530, .T. ) ;
#2008 = AXIS2_PLACEMENT_3D ( 'NONE', #4894, #7838, #7715 ) ;
#2009 = FACE_OUTER_BOUND ( 'NONE', #3605, .T. ) ;
#2011 = ORIENTED_EDGE ( 'NONE', *, *, #464, .F. ) ;
#2010 = ADVANCED_FACE ( 'NONE', ( #7269 ), #335, .T. ) ;
#2012 = DIRECTION ( 'NONE',  ( -3.093406186374441444E-32, -1.000000000000000000, -2.710505431213761085E-16 ) ) ;
#2013 = EDGE_CURVE ( 'NONE', #3155, #2750, #12115, .T. ) ;
#2014 = CARTESIAN_POINT ( 'NONE',  ( 7.070602967126394134, 0.4999999999999978351, -2.240753535442224553 ) ) ;
#2015 = CARTESIAN_POINT ( 'NONE',  ( 22.92650741781594803, 1.103464666456457577, -5.267169912107815044 ) ) ;
#2016 = ADVANCED_FACE ( 'NONE', ( #3517 ), #4177, .T. ) ;
#2017 = DIRECTION ( 'NONE',  ( -0.000000000000000000, -1.000000000000000000, 0.000000000000000000 ) ) ;
#2018 = PLANE ( 'NONE',  #7373 ) ;
#2019 = EDGE_CURVE ( 'NONE', #678, #9552, #6456, .T. ) ;
#2020 = CARTESIAN_POINT ( 'NONE',  ( -1.032088886237953806, 0.5320888862379536954, -0.9617579545435693822 ) ) ;
#2021 =( BOUNDED_CURVE ( )  B_SPLINE_CURVE ( 3, ( #5413, #11191, #3474, #1596 ),
 .UNSPECIFIED., .F., .F. ) 
 B_SPLINE_CURVE_WITH_KNOTS ( ( 4, 4 ),
 ( 0.8726646259971616582, 1.198269360942234352 ),
 .UNSPECIFIED. ) 
 CURVE ( )  GEOMETRIC_REPRESENTATION_ITEM ( )  RATIONAL_B_SPLINE_CURVE ( ( 1.000000000000000000, 0.9911846262163771515, 0.9911846262163771515, 1.000000000000000000 ) ) 
 REPRESENTATION_ITEM ( '' )  );
#2022 = PLANE ( 'NONE',  #3110 ) ;
#2023 = VERTEX_POINT ( 'NONE', #5459 ) ;
#2024 = CARTESIAN_POINT ( 'NONE',  ( 13.60276409610700377, 0.000000000000000000, -1.000000000000000000 ) ) ;
#2025 = ORIENTED_EDGE ( 'NONE', *, *, #9201, .F. ) ;
#2026 = ORIENTED_EDGE ( 'NONE', *, *, #407, .T. ) ;
#2027 = CARTESIAN_POINT ( 'NONE',  ( 38.50000000000001421, 0.000000000000000000, -0.2337080731428451408 ) ) ;
#2028 = PLANE ( 'NONE',  #11768 ) ;
#2029 = EDGE_CURVE ( 'NONE', #475, #8795, #9216, .T. ) ;
#2030 = LINE ( 'NONE', #2090, #11857 ) ;
#2031 = PLANE ( 'NONE',  #5761 ) ;
#2032 = ADVANCED_FACE ( 'NONE', ( #7392 ), #11236, .F. ) ;
#2033 = B_SPLINE_CURVE_WITH_KNOTS ( 'NONE', 3,
 ( #2265, #8075, #7080, #9962, #1506, #10853 ),
 .UNSPECIFIED., .F., .F.,
 ( 4, 2, 4 ),
 ( 0.000000000000000000, 0.0002695394427320646686, 0.0005390788854641293372 ),
 .UNSPECIFIED. ) ;
#2034 = CARTESIAN_POINT ( 'NONE',  ( 18.64120593425275629, 1.103464666456457577, -5.267169912107815044 ) ) ;
#2035 = VECTOR ( 'NONE', #6007, 1000.000000000000000 ) ;
#2036 = LINE ( 'NONE', #10682, #2335 ) ;
#2037 = VECTOR ( 'NONE', #1914, 999.9999999999998863 ) ;
#2038 = CARTESIAN_POINT ( 'NONE',  ( 40.06771335206874340, 1.000000000000000000, -2.240753535442245425 ) ) ;
#2039 = VERTEX_POINT ( 'NONE', #10278 ) ;
#2040 = VERTEX_POINT ( 'NONE', #8455 ) ;
#2041 = VERTEX_POINT ( 'NONE', #12307 ) ;
#2042 = CARTESIAN_POINT ( 'NONE',  ( -1.500000000000005107, 1.399999999999999689, -4.612012738139070755 ) ) ;
#2043 = CARTESIAN_POINT ( 'NONE',  ( 38.50000000000001421, 0.000000000000000000, 0.1662919268571550480 ) ) ;
#2044 = LINE ( 'NONE', #5667, #9734 ) ;
#2045 = AXIS2_PLACEMENT_3D ( 'NONE', #7859, #3519, #6989 ) ;
#2046 = DIRECTION ( 'NONE',  ( -1.000000000000000000, 0.000000000000000000, -1.141265444721583757E-16 ) ) ;
#2047 = DIRECTION ( 'NONE',  ( -5.813595144832437787E-15, 0.5735764363510473807, -0.8191520442889909104 ) ) ;
#2048 = VECTOR ( 'NONE', #6393, 1000.000000000000000 ) ;
#2049 = CARTESIAN_POINT ( 'NONE',  ( 11.35590445068956633, 1.372383960302708372, -5.038967344092047718 ) ) ;
#2050 = ADVANCED_FACE ( 'NONE', ( #6517 ), #9275, .F. ) ;
#2051 = CARTESIAN_POINT ( 'NONE',  ( 15.64120593425276340, 0.4000000000000000222, -0.2337080731428424207 ) ) ;
#2052 = CARTESIAN_POINT ( 'NONE',  ( 7.070602967126382588, 0.000000000000000000, -1.000000000000000000 ) ) ;
#2053 = EDGE_CURVE ( 'NONE', #2083, #1123, #2641, .T. ) ;
#2054 = CARTESIAN_POINT ( 'NONE',  ( 11.35590445068957344, 1.000000000000000000, 0.8999999999999916955 ) ) ;
#2055 = FACE_OUTER_BOUND ( 'NONE', #9580, .T. ) ;
#2057 = ORIENTED_EDGE ( 'NONE', *, *, #4815, .F. ) ;
#2056 = AXIS2_PLACEMENT_3D ( 'NONE', #2197, #6010, #10530 ) ;
#2058 = ORIENTED_EDGE ( 'NONE', *, *, #6868, .T. ) ;
#2059 = ORIENTED_EDGE ( 'NONE', *, *, #3498, .F. ) ;
#2060 = EDGE_LOOP ( 'NONE', ( #12224, #3619, #6694, #6390 ) ) ;
#2061 = CARTESIAN_POINT ( 'NONE',  ( 2.635325098953774869, 1.102365630357457826, -5.215502924329154411 ) ) ;
#2062 = EDGE_LOOP ( 'NONE', ( #9131, #5626, #11322, #7795 ) ) ;
#2063 = CARTESIAN_POINT ( 'NONE',  ( 2.785301483563190850, 0.9534028740753675013, 2.799999999999999822 ) ) ;
#2064 = CARTESIAN_POINT ( 'NONE',  ( 10.07060296712638348, 2.000000000000000000, 2.799999999999999822 ) ) ;
#2065 = LINE ( 'NONE', #2285, #6782 ) ;
#2066 = EDGE_CURVE ( 'NONE', #9067, #10213, #7457, .T. ) ;
#2067 = CARTESIAN_POINT ( 'NONE',  ( 13.20276409610700519, 0.000000000000000000, -2.240753535442237432 ) ) ;
#2068 = EDGE_CURVE ( 'NONE', #4866, #125, #4519, .T. ) ;
#2069 = ORIENTED_EDGE ( 'NONE', *, *, #11756, .F. ) ;
#2070 = VERTEX_POINT ( 'NONE', #5518 ) ;
#2071 = ORIENTED_EDGE ( 'NONE', *, *, #4651, .T. ) ;
#2072 = ORIENTED_EDGE ( 'NONE', *, *, #700, .F. ) ;
#2073 = CARTESIAN_POINT ( 'NONE',  ( 17.70612905250185776, 1.108503113383854766, -5.505581804970433701 ) ) ;
#2074 = ORIENTED_EDGE ( 'NONE', *, *, #8596, .F. ) ;
#2075 = LINE ( 'NONE', #3825, #6426 ) ;
#2076 = LINE ( 'NONE', #254, #2229 ) ;
#2077 = DIRECTION ( 'NONE',  ( -1.000000000000000000, -0.000000000000000000, 1.141265444721583757E-16 ) ) ;
#2078 = CARTESIAN_POINT ( 'NONE',  ( 25.36809400695910455, 0.000000000000000000, -1.000000000000000000 ) ) ;
#2079 = LINE ( 'NONE', #10906, #10385 ) ;
#2080 = EDGE_CURVE ( 'NONE', #2445, #6592, #9341, .T. ) ;
#2081 = ORIENTED_EDGE ( 'NONE', *, *, #8369, .F. ) ;
#2082 = LINE ( 'NONE', #4834, #10313 ) ;
#2083 = VERTEX_POINT ( 'NONE', #12244 ) ;
#2084 = DIRECTION ( 'NONE',  ( 1.000000000000000000, -0.000000000000000000, -6.982962677686266711E-15 ) ) ;
#2085 = EDGE_CURVE ( 'NONE', #11539, #5052, #3641, .T. ) ;
#2086 = ORIENTED_EDGE ( 'NONE', *, *, #11214, .T. ) ;
#2087 = ORIENTED_EDGE ( 'NONE', *, *, #11934, .F. ) ;
#2088 = LINE ( 'NONE', #7786, #4302 ) ;
#2089 = DIRECTION ( 'NONE',  ( -1.000000000000000000, 0.000000000000000000, 0.000000000000000000 ) ) ;
#2090 = CARTESIAN_POINT ( 'NONE',  ( 1.500000000000000444, 1.499358225474672235, 2.799999999999999822 ) ) ;
#2091 = LINE ( 'NONE', #1394, #3561 ) ;
#2092 =( BOUNDED_CURVE ( )  B_SPLINE_CURVE ( 3, ( #6585, #10409, #8943, #10470 ),
 .UNSPECIFIED., .F., .F. ) 
 B_SPLINE_CURVE_WITH_KNOTS ( ( 4, 4 ),
 ( 1.943323292647559208, 2.268928027592630681 ),
 .UNSPECIFIED. ) 
 CURVE ( )  GEOMETRIC_REPRESENTATION_ITEM ( )  RATIONAL_B_SPLINE_CURVE ( ( 1.000000000000000000, 0.9911846262163772625, 0.9911846262163772625, 1.000000000000000000 ) ) 
 REPRESENTATION_ITEM ( '' )  );
#2093 = EDGE_CURVE ( 'NONE', #11195, #4175, #5584, .T. ) ;
#2094 = CARTESIAN_POINT ( 'NONE',  ( 18.64120593425275629, 1.267235759035802101, -5.187091293331779873 ) ) ;
#2095 = DIRECTION ( 'NONE',  ( 0.000000000000000000, -1.000000000000000000, 0.000000000000000000 ) ) ;
#2096 = CARTESIAN_POINT ( 'NONE',  ( 14.35590445068958587, 1.000000000000000000, -2.240753535442245425 ) ) ;
#2098 = VERTEX_POINT ( 'NONE', #12372 ) ;
#2097 = ADVANCED_FACE ( 'NONE', ( #4646 ), #11361, .F. ) ;
#2099 = EDGE_CURVE ( 'NONE', #9537, #7038, #3763, .T. ) ;
#2100 = VERTEX_POINT ( 'NONE', #2820 ) ;
#2101 = EDGE_LOOP ( 'NONE', ( #1754, #11759, #1276, #2801 ) ) ;
#2102 = DIRECTION ( 'NONE',  ( -1.141265444721583757E-16, 0.000000000000000000, 1.000000000000000000 ) ) ;
#2103 = LINE ( 'NONE', #8855, #10504 ) ;
#2104 = DIRECTION ( 'NONE',  ( -6.982962677686266711E-15, 0.000000000000000000, -1.000000000000000000 ) ) ;
#2105 = FACE_OUTER_BOUND ( 'NONE', #6557, .T. ) ;
#2106 = LINE ( 'NONE', #9491, #3550 ) ;
#2107 = CARTESIAN_POINT ( 'NONE',  ( 35.02927151392295713, 0.000000000000000000, -1.000000000000000000 ) ) ;
#2108 = CARTESIAN_POINT ( 'NONE',  ( 19.92650741781594448, 1.399999999999999689, -4.949661896593934074 ) ) ;
#2109 = CARTESIAN_POINT ( 'NONE',  ( 15.64120593425277761, 0.3999999999999999667, -2.240753535442224553 ) ) ;
#2110 = CARTESIAN_POINT ( 'NONE',  ( 14.35590445068956811, 3.272523262990679971, -4.655877423168258922 ) ) ;
#2111 = PLANE ( 'NONE',  #3979 ) ;
#2112 = ORIENTED_EDGE ( 'NONE', *, *, #86, .T. ) ;
#2113 = VERTEX_POINT ( 'NONE', #10464 ) ;
#2114 = VECTOR ( 'NONE', #1207, 1000.000000000000000 ) ;
#2115 = ORIENTED_EDGE ( 'NONE', *, *, #8386, .T. ) ;
#2116 = ORIENTED_EDGE ( 'NONE', *, *, #709, .T. ) ;
#2117 = VECTOR ( 'NONE', #1519, 1000.000000000000000 ) ;
#2118 = VECTOR ( 'NONE', #10379, 1000.000000000000000 ) ;
#2119 = CARTESIAN_POINT ( 'NONE',  ( 28.49711038494235282, 0.000000000000000000, -2.240753535442224553 ) ) ;
#2120 = DIRECTION ( 'NONE',  ( 5.626621160408424545E-15, -0.5735764363510473807, 0.8191520442889909104 ) ) ;
#2121 = LINE ( 'NONE', #5810, #9638 ) ;
#2122 = AXIS2_PLACEMENT_3D ( 'NONE', #11294, #10337, #1572 ) ;
#2123 = CARTESIAN_POINT ( 'NONE',  ( 14.35590445068957521, 0.9534028740753672793, 2.799999999999999822 ) ) ;
#2124 = AXIS2_PLACEMENT_3D ( 'NONE', #7792, #5902, #3149 ) ;
#2125 = VERTEX_POINT ( 'NONE', #4887 ) ;
#2126 = ORIENTED_EDGE ( 'NONE', *, *, #8628, .T. ) ;
#2127 = EDGE_LOOP ( 'NONE', ( #11277, #8356, #7305, #10462 ) ) ;
#2128 = EDGE_LOOP ( 'NONE', ( #5602, #10244, #460, #9272 ) ) ;
#2129 = FACE_OUTER_BOUND ( 'NONE', #11757, .T. ) ;
#2130 = ORIENTED_EDGE ( 'NONE', *, *, #5146, .F. ) ;
#2131 = VECTOR ( 'NONE', #11221, 1000.000000000000000 ) ;
#2132 = AXIS2_PLACEMENT_3D ( 'NONE', #7231, #4287, #6282 ) ;
#2133 = LINE ( 'NONE', #10781, #3437 ) ;
#2134 = ADVANCED_FACE ( 'NONE', ( #2951 ), #11616, .F. ) ;
#2135 = DIRECTION ( 'NONE',  ( -0.000000000000000000, -1.000000000000000000, 0.000000000000000000 ) ) ;
#2136 = CARTESIAN_POINT ( 'NONE',  ( 38.50000000000001421, 0.000000000000000000, -3.007045462299399841 ) ) ;
#2137 = LINE ( 'NONE', #8833, #643 ) ;
#2138 = DIRECTION ( 'NONE',  ( -6.868836133214108557E-15, 0.000000000000000000, -1.000000000000000000 ) ) ;
#2139 = VECTOR ( 'NONE', #6290, 1000.000000000000000 ) ;
#2140 = EDGE_LOOP ( 'NONE', ( #5514, #6318, #5724, #9237 ) ) ;
#2141 = VECTOR ( 'NONE', #10425, 1000.000000000000000 ) ;
#2142 = CARTESIAN_POINT ( 'NONE',  ( 32.78241186850551969, 1.103464568314089123, -5.267165293036052631 ) ) ;
#2143 = ORIENTED_EDGE ( 'NONE', *, *, #6193, .F. ) ;
#2144 = LINE ( 'NONE', #10671, #2999 ) ;
#2145 = VERTEX_POINT ( 'NONE', #4068 ) ;
#2146 = ORIENTED_EDGE ( 'NONE', *, *, #4005, .F. ) ;
#2147 = DIRECTION ( 'NONE',  ( -1.355252715606880543E-16, -1.000000000000000000, -0.000000000000000000 ) ) ;
#2148 = DIRECTION ( 'NONE',  ( 0.7660444431189722403, -0.000000000000000000, -0.6427876096865462463 ) ) ;
#2149 = ADVANCED_FACE ( 'NONE', ( #1072 ), #6324, .T. ) ;
#2150 = VECTOR ( 'NONE', #9968, 1000.000000000000000 ) ;
#2151 = DIRECTION ( 'NONE',  ( -6.982962677686266711E-15, 0.000000000000000000, -1.000000000000000000 ) ) ;
#2152 = DIRECTION ( 'NONE',  ( -1.000000000000000000, 0.000000000000000000, 1.141265444721583757E-16 ) ) ;
#2153 = ADVANCED_FACE ( 'NONE', ( #132 ), #6773, .F. ) ;
#2154 = DIRECTION ( 'NONE',  ( -1.000000000000000000, 1.355252715606880543E-16, 0.000000000000000000 ) ) ;
#2155 = FACE_OUTER_BOUND ( 'NONE', #3931, .T. ) ;
#2156 = CIRCLE ( 'NONE', #4353, 4.810796291701608496 ) ;
#2157 = LINE ( 'NONE', #4908, #5790 ) ;
#2158 = ORIENTED_EDGE ( 'NONE', *, *, #7867, .F. ) ;
#2159 = VERTEX_POINT ( 'NONE', #6952 ) ;
#2160 = ORIENTED_EDGE ( 'NONE', *, *, #9281, .F. ) ;
#2161 = DIRECTION ( 'NONE',  ( -1.141265444721583757E-16, -0.000000000000000000, -1.000000000000000000 ) ) ;
#2162 = CARTESIAN_POINT ( 'NONE',  ( 11.35590445068957521, 0.4000000000000000222, 0.1662919268571581288 ) ) ;
#2163 = EDGE_CURVE ( 'NONE', #12144, #2992, #1012, .T. ) ;
#2164 = CARTESIAN_POINT ( 'NONE',  ( 16.12731257630675330, 1.106833761053985121, -5.425736373931110634 ) ) ;
#2165 = LINE ( 'NONE', #6040, #10564 ) ;
#2166 = AXIS2_PLACEMENT_3D ( 'NONE', #6092, #5043, #5980 ) ;
#2167 = CARTESIAN_POINT ( 'NONE',  ( 28.96502149870438458, 0.5320888862379536954, -0.9617579545435693822 ) ) ;
#2168 = EDGE_CURVE ( 'NONE', #616, #276, #197, .T. ) ;
#2169 = CARTESIAN_POINT ( 'NONE',  ( 19.80355495467082960, 1.400000000000000355, -5.141489476468492192 ) ) ;
#2170 = ADVANCED_FACE ( 'NONE', ( #9769 ), #10528, .F. ) ;
#2171 = AXIS2_PLACEMENT_3D ( 'NONE', #4239, #3363, #1418 ) ;
#2172 = DIRECTION ( 'NONE',  ( -1.355252715606880543E-16, -1.000000000000000000, -0.000000000000000000 ) ) ;
#2173 = DIRECTION ( 'NONE',  ( -0.000000000000000000, -1.000000000000000000, 0.000000000000000000 ) ) ;
#2174 = CARTESIAN_POINT ( 'NONE',  ( 38.50000000000001421, 0.000000000000000000, 0.1662919268571550480 ) ) ;
#2175 = VERTEX_POINT ( 'NONE', #11549 ) ;
#2176 = ORIENTED_EDGE ( 'NONE', *, *, #8328, .T. ) ;
#2177 = VERTEX_POINT ( 'NONE', #10597 ) ;
#2178 = ORIENTED_EDGE ( 'NONE', *, *, #7753, .T. ) ;
#2179 = AXIS2_PLACEMENT_3D ( 'NONE', #9217, #4460, #3402 ) ;
#2180 = VECTOR ( 'NONE', #4071, 1000.000000000000000 ) ;
#2181 = CARTESIAN_POINT ( 'NONE',  ( 38.50000000000001421, 0.4000000000000000222, 0.1662919268571550480 ) ) ;
#2182 = DIRECTION ( 'NONE',  ( -6.982962677686266711E-15, 0.000000000000000000, -1.000000000000000000 ) ) ;
#2183 = DIRECTION ( 'NONE',  ( 0.000000000000000000, -1.000000000000000000, 0.000000000000000000 ) ) ;
#2184 = VECTOR ( 'NONE', #987, 1000.000000000000000 ) ;
#2185 = DIRECTION ( 'NONE',  ( 1.000000000000000000, -0.000000000000000000, -0.000000000000000000 ) ) ;
#2186 = CARTESIAN_POINT ( 'NONE',  ( 27.21180890137916109, 0.000000000000000000, -2.240753535442245425 ) ) ;
#2187 = ORIENTED_EDGE ( 'NONE', *, *, #379, .T. ) ;
#2188 = ORIENTED_EDGE ( 'NONE', *, *, #2526, .T. ) ;
#2189 = ORIENTED_EDGE ( 'NONE', *, *, #6316, .F. ) ;
#2190 = ORIENTED_EDGE ( 'NONE', *, *, #11142, .T. ) ;
#2191 = CARTESIAN_POINT ( 'NONE',  ( 18.79124264491498408, 1.102365273526561218, -5.215486168409628753 ) ) ;
#2192 = VERTEX_POINT ( 'NONE', #7772 ) ;
#2193 = CIRCLE ( 'NONE', #591, 2.000000000000000000 ) ;
#2194 = LINE ( 'NONE', #7011, #9231 ) ;
#2195 = CARTESIAN_POINT ( 'NONE',  ( 24.21180890137914687, 0.000000000000000000, 0.1662919268571566578 ) ) ;
#2196 = LINE ( 'NONE', #4888, #4571 ) ;
#2197 = CARTESIAN_POINT ( 'NONE',  ( 29.99711038494233861, 1.000000000000000000, 0.000000000000000000 ) ) ;
#2198 = DIRECTION ( 'NONE',  ( -1.000000000000000000, 0.000000000000000000, 6.868836133214108557E-15 ) ) ;
#2199 = EDGE_CURVE ( 'NONE', #3007, #3120, #1950, .T. ) ;
#2200 = AXIS2_PLACEMENT_3D ( 'NONE', #6527, #4594, #11306 ) ;
#2201 = VERTEX_POINT ( 'NONE', #5823 ) ;
#2202 = ORIENTED_EDGE ( 'NONE', *, *, #12219, .F. ) ;
#2203 = EDGE_CURVE ( 'NONE', #5690, #7156, #8582, .T. ) ;
#2204 = CARTESIAN_POINT ( 'NONE',  ( 21.93061730165726786, 1.108515853782455984, -5.506187988402309941 ) ) ;
#2205 = VERTEX_POINT ( 'NONE', #1196 ) ;
#2206 = LINE ( 'NONE', #1145, #7397 ) ;
#2207 = DIRECTION ( 'NONE',  ( 1.141265444721583757E-16, 0.000000000000000000, 1.000000000000000000 ) ) ;
#2208 = ORIENTED_EDGE ( 'NONE', *, *, #7968, .T. ) ;
#2209 = ORIENTED_EDGE ( 'NONE', *, *, #3211, .F. ) ;
#2210 = FACE_OUTER_BOUND ( 'NONE', #10591, .T. ) ;
#2211 = DIRECTION ( 'NONE',  ( -0.5407162030609378167, 0.5407162030609377057, 0.6444004775717702138 ) ) ;
#2212 = PLANE ( 'NONE',  #3237 ) ;
#2213 = CARTESIAN_POINT ( 'NONE',  ( 19.92650741781595514, 0.5351768109448618027, 2.449066664678465788 ) ) ;
#2214 = EDGE_CURVE ( 'NONE', #2276, #5690, #5947, .T. ) ;
#2215 = CARTESIAN_POINT ( 'NONE',  ( 15.64120593425276340, 0.9534028740753675013, 2.799999999999999822 ) ) ;
#2216 = EDGE_CURVE ( 'NONE', #8126, #9957, #11729, .T. ) ;
#2217 = LINE ( 'NONE', #9791, #4538 ) ;
#2218 = LINE ( 'NONE', #3091, #10188 ) ;
#2219 = VERTEX_POINT ( 'NONE', #9591 ) ;
#2220 = AXIS2_PLACEMENT_3D ( 'NONE', #561, #8257, #12107 ) ;
#2221 = ORIENTED_EDGE ( 'NONE', *, *, #7848, .T. ) ;
#2222 = EDGE_LOOP ( 'NONE', ( #8626, #2208, #6356, #65 ) ) ;
#2223 = CARTESIAN_POINT ( 'NONE',  ( 5.032161128980621179, 0.4000000000000000222, -3.000000000000000000 ) ) ;
#2224 = CARTESIAN_POINT ( 'NONE',  ( 28.49711038494234927, 1.000000000000000000, -2.836630331739329769 ) ) ;
#2225 = DIRECTION ( 'NONE',  ( 0.000000000000000000, 1.000000000000000000, 0.000000000000000000 ) ) ;
#2226 = CARTESIAN_POINT ( 'NONE',  ( 25.19461987760314514, 1.115317123975225533, -5.586343894839114199 ) ) ;
#2227 = LINE ( 'NONE', #1282, #4764 ) ;
#2228 = CARTESIAN_POINT ( 'NONE',  ( 21.77336706323338689, 0.000000000000000000, -2.240753535442237432 ) ) ;
#2229 = VECTOR ( 'NONE', #1884, 1000.000000000000000 ) ;
#2230 = CARTESIAN_POINT ( 'NONE',  ( 22.52911539805027985, 1.400000000000840350, -5.327909680984395102 ) ) ;
#2231 = LINE ( 'NONE', #3165, #5903 ) ;
#2232 = LINE ( 'NONE', #8863, #9329 ) ;
#2233 = CARTESIAN_POINT ( 'NONE',  ( 31.51452179491149508, 1.399999999999999911, -4.852261884540959080 ) ) ;
#2234 = EDGE_CURVE ( 'NONE', #4762, #616, #3130, .T. ) ;
#2235 = ORIENTED_EDGE ( 'NONE', *, *, #3054, .T. ) ;
#2236 = ORIENTED_EDGE ( 'NONE', *, *, #6244, .F. ) ;
#2237 = ORIENTED_EDGE ( 'NONE', *, *, #11106, .T. ) ;
#2238 = VERTEX_POINT ( 'NONE', #8830 ) ;
#2239 = EDGE_CURVE ( 'NONE', #680, #339, #2076, .T. ) ;
#2240 = AXIS2_PLACEMENT_3D ( 'NONE', #3369, #11016, #8939 ) ;
#2241 = DIRECTION ( 'NONE',  ( 0.000000000000000000, 0.000000000000000000, -1.000000000000000000 ) ) ;
#2242 = VECTOR ( 'NONE', #824, 1000.000000000000114 ) ;
#2243 = DIRECTION ( 'NONE',  ( -0.000000000000000000, -1.000000000000000000, 0.000000000000000000 ) ) ;
#2244 = CARTESIAN_POINT ( 'NONE',  ( 16.79749103983272107, 0.000000000000000000, -1.000000000000000000 ) ) ;
#2245 = CARTESIAN_POINT ( 'NONE',  ( 37.06771335206872919, 1.000000000000000000, -3.407045462299400196 ) ) ;
#2246 = VECTOR ( 'NONE', #5765, 1000.000000000000000 ) ;
#2247 = CARTESIAN_POINT ( 'NONE',  ( 5.285301483563189073, 1.000000000000000000, -1.000000000000000000 ) ) ;
#2248 = AXIS2_PLACEMENT_3D ( 'NONE', #7160, #7225, #7042 ) ;
#2249 = ORIENTED_EDGE ( 'NONE', *, *, #5337, .T. ) ;
#2250 = ORIENTED_EDGE ( 'NONE', *, *, #5461, .F. ) ;
#2251 = EDGE_LOOP ( 'NONE', ( #8121, #5850, #7958, #4407 ) ) ;
#2252 = VERTEX_POINT ( 'NONE', #4825 ) ;
#2253 = ADVANCED_FACE ( 'NONE', ( #9649 ), #5883, .F. ) ;
#2254 = EDGE_CURVE ( 'NONE', #9267, #6180, #1436, .T. ) ;
#2255 = PLANE ( 'NONE',  #10736 ) ;
#2256 = DIRECTION ( 'NONE',  ( 0.000000000000000000, -1.000000000000000000, 0.000000000000000000 ) ) ;
#2257 = DIRECTION ( 'NONE',  ( 0.000000000000000000, 1.000000000000000000, 0.000000000000000000 ) ) ;
#2258 = CARTESIAN_POINT ( 'NONE',  ( -1.500000000000000000, 0.8628211600346445964, -0.4041232037028950064 ) ) ;
#2259 = CARTESIAN_POINT ( 'NONE',  ( 33.53869697408548234, 0.4000000000000000222, -2.240753535442231215 ) ) ;
#2260 = CARTESIAN_POINT ( 'NONE',  ( 10.07060296712637815, 1.399999999999999689, -4.612012738139092072 ) ) ;
#2261 = VERTEX_POINT ( 'NONE', #1376 ) ;
#2262 = EDGE_LOOP ( 'NONE', ( #4670, #158, #7321, #291 ) ) ;
#2263 = DIRECTION ( 'NONE',  ( 1.894180325222886620E-15, 0.9625068420560822791, 0.2712574035768015590 ) ) ;
#2264 = ORIENTED_EDGE ( 'NONE', *, *, #11287, .F. ) ;
#2265 = CARTESIAN_POINT ( 'NONE',  ( 35.78241186850552680, 1.103464666456457577, -5.267169912107815044 ) ) ;
#2266 = EDGE_LOOP ( 'NONE', ( #6765, #31, #11086, #4191, #2993, #2895, #7797, #8289, #9711, #9008, #7187, #5231, #689 ) ) ;
#2267 = ADVANCED_FACE ( 'NONE', ( #11915 ), #436, .T. ) ;
#2268 = LINE ( 'NONE', #1391, #3704 ) ;
#2269 = CARTESIAN_POINT ( 'NONE',  ( 1.500000000000007772, 0.000000000000000000, -2.836630331739350641 ) ) ;
#2270 = CARTESIAN_POINT ( 'NONE',  ( 10.07060296712638348, 0.4000000000000000222, -0.2337080731428450853 ) ) ;
#2271 = CARTESIAN_POINT ( 'NONE',  ( 2.785301483563200176, 0.4000000000000000222, -3.007045462299396288 ) ) ;
#2272 = EDGE_CURVE ( 'NONE', #4994, #8325, #5070, .T. ) ;
#2273 = DIRECTION ( 'NONE',  ( 1.000000000000000000, 0.000000000000000000, -7.097089222158424864E-15 ) ) ;
#2274 = DIRECTION ( 'NONE',  ( -6.982962677686266711E-15, 0.000000000000000000, -1.000000000000000000 ) ) ;
#2275 = PLANE ( 'NONE',  #4396 ) ;
#2276 = VERTEX_POINT ( 'NONE', #6125 ) ;
#2277 = ORIENTED_EDGE ( 'NONE', *, *, #5210, .T. ) ;
#2278 = EDGE_LOOP ( 'NONE', ( #10700, #6528, #12287, #3393 ) ) ;
#2279 = ADVANCED_FACE ( 'NONE', ( #10902 ), #8131, .F. ) ;
#2280 = DIRECTION ( 'NONE',  ( 0.000000000000000000, -1.000000000000000000, 0.000000000000000000 ) ) ;
#2281 = PLANE ( 'NONE',  #3135 ) ;
#2282 = CARTESIAN_POINT ( 'NONE',  ( 2.785301483563181968, 1.103464568314089123, -5.267165293036052631 ) ) ;
#2283 = FACE_OUTER_BOUND ( 'NONE', #6979, .T. ) ;
#2284 = ADVANCED_FACE ( 'NONE', ( #5315 ), #10073, .F. ) ;
#2285 = CARTESIAN_POINT ( 'NONE',  ( 14.35590445068957344, 0.000000000000000000, -1.000000000000000000 ) ) ;
#2286 = DIRECTION ( 'NONE',  ( -6.868836133214108557E-15, 0.000000000000000000, -1.000000000000000000 ) ) ;
#2287 = DIRECTION ( 'NONE',  ( -3.093406186374441444E-32, 1.000000000000000000, 2.710505431213761085E-16 ) ) ;
#2288 = DIRECTION ( 'NONE',  ( -0.5407162030609422576, 0.5407162030609375947, -0.6444004775717664391 ) ) ;
#2289 = LINE ( 'NONE', #7923, #5580 ) ;
#2290 = ORIENTED_EDGE ( 'NONE', *, *, #6162, .F. ) ;
#2291 = EDGE_LOOP ( 'NONE', ( #1251, #9551, #2874, #1722, #615 ) ) ;
#2292 = EDGE_LOOP ( 'NONE', ( #5941, #6916, #6814, #9793 ) ) ;
#2293 = ORIENTED_EDGE ( 'NONE', *, *, #5600, .T. ) ;
#2294 = LINE ( 'NONE', #5293, #2972 ) ;
#2295 = AXIS2_PLACEMENT_3D ( 'NONE', #7652, #10348, #9409 ) ;
#2296 = CARTESIAN_POINT ( 'NONE',  ( 15.64120593425276340, 1.499358225474672235, 1.300000000000000044 ) ) ;
#2297 = PLANE ( 'NONE',  #10150 ) ;
#2298 = ADVANCED_FACE ( 'NONE', ( #7196 ), #3442, .F. ) ;
#2299 = DIRECTION ( 'NONE',  ( 7.335912872304279317E-17, -0.7660444431189810111, -0.6427876096865356992 ) ) ;
#2300 = LINE ( 'NONE', #1611, #6561 ) ;
#2301 = ADVANCED_FACE ( 'NONE', ( #7071 ), #4256, .F. ) ;
#2302 = LINE ( 'NONE', #5998, #10972 ) ;
#2303 = DIRECTION ( 'NONE',  ( -1.000000000000000000, 0.000000000000000000, 6.982962677686266711E-15 ) ) ;
#2304 = ORIENTED_EDGE ( 'NONE', *, *, #10261, .F. ) ;
#2305 = ORIENTED_EDGE ( 'NONE', *, *, #2581, .F. ) ;
#2306 = VECTOR ( 'NONE', #6296, 1000.000000000000000 ) ;
#2307 = VERTEX_POINT ( 'NONE', #9074 ) ;
#2308 = ORIENTED_EDGE ( 'NONE', *, *, #2254, .T. ) ;
#2309 = PLANE ( 'NONE',  #12355 ) ;
#2310 = CARTESIAN_POINT ( 'NONE',  ( 38.50000000000001421, 0.4000000000000000222, 0.1662919268571550480 ) ) ;
#2311 = EDGE_CURVE ( 'NONE', #219, #7065, #3384, .T. ) ;
#2312 = AXIS2_PLACEMENT_3D ( 'NONE', #1502, #10080, #6196 ) ;
#2313 = CARTESIAN_POINT ( 'NONE',  ( 32.78241186850552680, 1.000000000000000000, -0.4041232037028950064 ) ) ;
#2314 = LINE ( 'NONE', #11796, #9964 ) ;
#2315 = AXIS2_PLACEMENT_3D ( 'NONE', #7601, #11441, #10361 ) ;
#2316 = CARTESIAN_POINT ( 'NONE',  ( 40.06771335206872919, 2.000000000000000000, 2.799999999999999822 ) ) ;
#2317 = CARTESIAN_POINT ( 'NONE',  ( 28.49711038494233861, 2.000000000000000000, 2.799999999999999822 ) ) ;
#2318 = EDGE_CURVE ( 'NONE', #4793, #1191, #4385, .T. ) ;
#2319 = ADVANCED_FACE ( 'NONE', ( #11029 ), #557, .F. ) ;
#2320 = ORIENTED_EDGE ( 'NONE', *, *, #1781, .T. ) ;
#2321 = ORIENTED_EDGE ( 'NONE', *, *, #7243, .T. ) ;
#2322 = DIRECTION ( 'NONE',  ( -1.000000000000000000, 0.000000000000000000, 6.982962677686266711E-15 ) ) ;
#2323 = VECTOR ( 'NONE', #3118, 1000.000000000000000 ) ;
#2324 = ORIENTED_EDGE ( 'NONE', *, *, #9960, .T. ) ;
#2325 = DIRECTION ( 'NONE',  ( 0.000000000000000000, 0.000000000000000000, 1.000000000000000000 ) ) ;
#2326 = AXIS2_PLACEMENT_3D ( 'NONE', #554, #4380, #1619 ) ;
#2327 = AXIS2_PLACEMENT_3D ( 'NONE', #5242, #3372, #7186 ) ;
#2328 = CARTESIAN_POINT ( 'NONE',  ( 40.06771335206872919, 1.499358225474672235, 2.799999999999999822 ) ) ;
#2329 = ORIENTED_EDGE ( 'NONE', *, *, #4160, .T. ) ;
#2330 = DIRECTION ( 'NONE',  ( 0.000000000000000000, 0.000000000000000000, -1.000000000000000000 ) ) ;
#2331 = CARTESIAN_POINT ( 'NONE',  ( 24.21180890137914687, 0.4000000000000000222, 0.1662919268571566578 ) ) ;
#2332 = DIRECTION ( 'NONE',  ( -6.868836133214108557E-15, 0.000000000000000000, -1.000000000000000000 ) ) ;
#2333 = DIRECTION ( 'NONE',  ( 0.000000000000000000, 0.000000000000000000, -1.000000000000000000 ) ) ;
#2334 = VECTOR ( 'NONE', #5730, 1000.000000000000000 ) ;
#2335 = VECTOR ( 'NONE', #2095, 1000.000000000000000 ) ;
#2336 = CARTESIAN_POINT ( 'NONE',  ( 7.538514080888429447, 0.5320888862379536954, -0.9617579545435693822 ) ) ;
#2337 = DIRECTION ( 'NONE',  ( 1.000000000000000000, 0.000000000000000000, -1.141265444721583757E-16 ) ) ;
#2338 = CARTESIAN_POINT ( 'NONE',  ( 5.785301483563191738, -1.000000000000000000, 0.3238172648295125633 ) ) ;
#2339 = ORIENTED_EDGE ( 'NONE', *, *, #1820, .F. ) ;
#2340 = EDGE_LOOP ( 'NONE', ( #8435, #5652, #9402, #5755 ) ) ;
#2341 = EDGE_LOOP ( 'NONE', ( #5482, #1523, #4234, #10069, #11435, #3821, #9397, #2354, #1695, #9913, #6752, #8558 ) ) ;
#2342 = VECTOR ( 'NONE', #4534, 1000.000000000000000 ) ;
#2343 = LINE ( 'NONE', #2529, #5099 ) ;
#2344 = DIRECTION ( 'NONE',  ( 0.000000000000000000, 1.000000000000000000, 0.000000000000000000 ) ) ;
#2345 = LINE ( 'NONE', #6154, #7646 ) ;
#2346 = CARTESIAN_POINT ( 'NONE',  ( 17.14120593425275629, 2.000000000000000000, -5.468901542184349651 ) ) ;
#2347 = CARTESIAN_POINT ( 'NONE',  ( 1.500000000000003997, 0.000000000000000000, -3.407045462299395311 ) ) ;
#2348 = DIRECTION ( 'NONE',  ( 0.000000000000000000, 0.000000000000000000, 1.000000000000000000 ) ) ;
#2349 = VECTOR ( 'NONE', #5612, 1000.000000000000000 ) ;
#2350 = LINE ( 'NONE', #9232, #10306 ) ;
#2351 = EDGE_CURVE ( 'NONE', #2307, #678, #2437, .T. ) ;
#2352 = EDGE_CURVE ( 'NONE', #11910, #3928, #8066, .T. ) ;
#2353 = DIRECTION ( 'NONE',  ( 6.868836133214108557E-15, 0.000000000000000000, 1.000000000000000000 ) ) ;
#2354 = ORIENTED_EDGE ( 'NONE', *, *, #1290, .T. ) ;
#2355 = EDGE_LOOP ( 'NONE', ( #7556, #11677, #6186, #10414 ) ) ;
#2356 = EDGE_CURVE ( 'NONE', #5561, #11526, #8951, .T. ) ;
#2357 = ORIENTED_EDGE ( 'NONE', *, *, #11912, .F. ) ;
#2358 = VERTEX_POINT ( 'NONE', #1256 ) ;
#2359 = DIRECTION ( 'NONE',  ( 0.000000000000000000, 0.000000000000000000, 1.000000000000000000 ) ) ;
#2360 = CARTESIAN_POINT ( 'NONE',  ( 26.71180890137914332, 1.000000000000000000, -1.000000000000000000 ) ) ;
#2361 = CIRCLE ( 'NONE', #560, 2.000000000000000000 ) ;
#2362 = DIRECTION ( 'NONE',  ( 0.000000000000000000, -1.000000000000000000, 0.000000000000000000 ) ) ;
#2363 = DIRECTION ( 'NONE',  ( -1.000000000000000000, -0.000000000000000000, -0.000000000000000000 ) ) ;
#2364 = CARTESIAN_POINT ( 'NONE',  ( 39.59770817629603812, 1.399999999999999911, -5.030233932064478886 ) ) ;
#2365 = CARTESIAN_POINT ( 'NONE',  ( 7.826888072706338129, 0.4000000000000000222, -2.240753535442231215 ) ) ;
#2366 = EDGE_CURVE ( 'NONE', #3058, #12098, #4199, .T. ) ;
#2367 = CARTESIAN_POINT ( 'NONE',  ( 17.88806557967019373, 0.4000000000000000222, -2.240753535442239208 ) ) ;
#2368 = VECTOR ( 'NONE', #2077, 1000.000000000000000 ) ;
#2369 = VERTEX_POINT ( 'NONE', #6066 ) ;
#2370 = ORIENTED_EDGE ( 'NONE', *, *, #1010, .T. ) ;
#2371 = VECTOR ( 'NONE', #2627, 1000.000000000000000 ) ;
#2372 = ADVANCED_FACE ( 'NONE', ( #8009 ), #11853, .F. ) ;
#2373 = VERTEX_POINT ( 'NONE', #7380 ) ;
#2374 = ORIENTED_EDGE ( 'NONE', *, *, #860, .T. ) ;
#2375 = DIRECTION ( 'NONE',  ( -6.982962677686266711E-15, 0.000000000000000000, -1.000000000000000000 ) ) ;
#2376 = DIRECTION ( 'NONE',  ( -1.000000000000000000, 0.000000000000000000, 0.000000000000000000 ) ) ;
#2377 = VECTOR ( 'NONE', #5143, 1000.000000000000000 ) ;
#2378 = CARTESIAN_POINT ( 'NONE',  ( 24.21180890137914687, 2.072578233334808395, 1.800000000000000044 ) ) ;
#2379 = CARTESIAN_POINT ( 'NONE',  ( 37.06771335206871498, 1.399999999999999245, -4.949661896593934962 ) ) ;
#2380 = VECTOR ( 'NONE', #6069, 1000.000000000000000 ) ;
#2381 = DIRECTION ( 'NONE',  ( -1.000000000000000000, -0.000000000000000000, 1.141265444721583757E-16 ) ) ;
#2382 = LINE ( 'NONE', #1627, #4626 ) ;
#2383 = ORIENTED_EDGE ( 'NONE', *, *, #11551, .F. ) ;
#2384 = EDGE_LOOP ( 'NONE', ( #2478, #10316, #4743, #11098 ) ) ;
#2385 = LINE ( 'NONE', #9147, #4316 ) ;
#2386 = ORIENTED_EDGE ( 'NONE', *, *, #1660, .T. ) ;
#2387 = VECTOR ( 'NONE', #12020, 1000.000000000000000 ) ;
#2388 = CARTESIAN_POINT ( 'NONE',  ( 31.49711038494234217, 1.000000000000000000, -2.836630331739350641 ) ) ;
#2389 = EDGE_CURVE ( 'NONE', #8762, #9296, #8317, .T. ) ;
#2390 = CARTESIAN_POINT ( 'NONE',  ( 7.544104185701753451, 1.400000000000000355, -5.031499608972722193 ) ) ;
#2391 = ORIENTED_EDGE ( 'NONE', *, *, #3932, .F. ) ;
#2392 = EDGE_CURVE ( 'NONE', #327, #10825, #8444, .T. ) ;
#2393 = ADVANCED_FACE ( 'NONE', ( #4502 ), #6380, .F. ) ;
#2394 = CARTESIAN_POINT ( 'NONE',  ( 38.50000000000001421, 0.000000000000000000, -3.407045462299400196 ) ) ;
#2395 = CARTESIAN_POINT ( 'NONE',  ( 35.31450075474348438, 0.5320888862379536954, -0.9617579545435693822 ) ) ;
#2396 = CARTESIAN_POINT ( 'NONE',  ( 2.785301483563190850, 0.5351768109448616917, 2.449066664678465788 ) ) ;
#2397 = CARTESIAN_POINT ( 'NONE',  ( 17.88806557967019373, 0.000000000000000000, -1.000000000000000000 ) ) ;
#2398 = CARTESIAN_POINT ( 'NONE',  ( -0.3437148944200444367, 0.4000000000000000222, -3.000000000000000000 ) ) ;
#2399 = CARTESIAN_POINT ( 'NONE',  ( 31.49711038494233506, 2.000000000000000000, 2.799999999999999822 ) ) ;
#2400 = PLANE ( 'NONE',  #10603 ) ;
#2401 = ORIENTED_EDGE ( 'NONE', *, *, #5245, .F. ) ;
#2402 = ORIENTED_EDGE ( 'NONE', *, *, #1711, .T. ) ;
#2403 = VERTEX_POINT ( 'NONE', #11156 ) ;
#2404 = EDGE_CURVE ( 'NONE', #327, #10488, #2564, .T. ) ;
#2405 = ADVANCED_FACE ( 'NONE', ( #12357 ), #2681, .F. ) ;
#2406 = CARTESIAN_POINT ( 'NONE',  ( 7.070602967126376370, 1.399999999999999911, -4.858572962426980446 ) ) ;
#2407 = CARTESIAN_POINT ( 'NONE',  ( 8.053413943350378190, 6.728843058598058429E-16, -5.900666883513137506 ) ) ;
#2408 = CARTESIAN_POINT ( 'NONE',  ( 2.785301483563181968, 1.191276127410974883, -5.242417899579847607 ) ) ;
#2409 = CARTESIAN_POINT ( 'NONE',  ( -1.098885367798587476, 1.399999999999548939, -5.329232319204323609 ) ) ;
#2410 = DIRECTION ( 'NONE',  ( -6.868836133214109346E-15, 0.000000000000000000, -1.000000000000000000 ) ) ;
#2411 = CARTESIAN_POINT ( 'NONE',  ( 11.35590445068956456, 8.673617379884035472E-16, -5.578147948598759065 ) ) ;
#2412 = DIRECTION ( 'NONE',  ( 0.000000000000000000, -1.000000000000000000, 0.000000000000000000 ) ) ;
#2413 = CARTESIAN_POINT ( 'NONE',  ( 5.457540087297022779, 0.6722386037338314857, -0.7947340252167934826 ) ) ;
#2414 = ORIENTED_EDGE ( 'NONE', *, *, #5299, .T. ) ;
#2415 = VERTEX_POINT ( 'NONE', #623 ) ;
#2416 = ORIENTED_EDGE ( 'NONE', *, *, #192, .T. ) ;
#2417 = ORIENTED_EDGE ( 'NONE', *, *, #7094, .T. ) ;
#2418 = ORIENTED_EDGE ( 'NONE', *, *, #11793, .T. ) ;
#2419 = CARTESIAN_POINT ( 'NONE',  ( 35.78241186850553390, 1.000000000000000000, 2.799999999999999822 ) ) ;
#2420 = CARTESIAN_POINT ( 'NONE',  ( 11.35590445068958232, 0.4000000000000000222, -3.007045462299397176 ) ) ;
#2421 = DIRECTION ( 'NONE',  ( 0.000000000000000000, -0.000000000000000000, -1.000000000000000000 ) ) ;
#2422 = EDGE_CURVE ( 'NONE', #9880, #10397, #426, .T. ) ;
#2423 = CARTESIAN_POINT ( 'NONE',  ( 12.85590445068957877, 1.000000000000000000, -3.240753535442235211 ) ) ;
#2424 = CARTESIAN_POINT ( 'NONE',  ( 40.21775006273094277, 1.102365273526561218, -5.215486168409626977 ) ) ;
#2425 = EDGE_CURVE ( 'NONE', #2663, #4869, #12104, .T. ) ;
#2426 = DIRECTION ( 'NONE',  ( 0.000000000000000000, 0.000000000000000000, 1.000000000000000000 ) ) ;
#2427 = DIRECTION ( 'NONE',  ( -1.000000000000000000, 0.000000000000000000, 6.868836133214108557E-15 ) ) ;
#2428 = EDGE_LOOP ( 'NONE', ( #10095, #9712, #3109, #10744, #2930, #21, #11541, #2324, #6256, #1755, #1775, #4724 ) ) ;
#2429 = ORIENTED_EDGE ( 'NONE', *, *, #1830, .T. ) ;
#2430 = ORIENTED_EDGE ( 'NONE', *, *, #12073, .T. ) ;
#2431 = VECTOR ( 'NONE', #4734, 1000.000000000000000 ) ;
#2432 = ORIENTED_EDGE ( 'NONE', *, *, #1872, .T. ) ;
#2433 = DIRECTION ( 'NONE',  ( 0.000000000000000000, 1.000000000000000000, 0.000000000000000000 ) ) ;
#2434 = ORIENTED_EDGE ( 'NONE', *, *, #5943, .F. ) ;
#2435 = EDGE_CURVE ( 'NONE', #5141, #11910, #1684, .T. ) ;
#2436 = LINE ( 'NONE', #5131, #836 ) ;
#2437 = LINE ( 'NONE', #10783, #8624 ) ;
#2438 = CARTESIAN_POINT ( 'NONE',  ( 24.21180890137913977, 1.103464568314089123, -5.267165293036052631 ) ) ;
#2439 = AXIS2_PLACEMENT_3D ( 'NONE', #10692, #4676, #2792 ) ;
#2440 = EDGE_CURVE ( 'NONE', #5561, #9613, #12233, .T. ) ;
#2441 = DIRECTION ( 'NONE',  ( 0.000000000000000000, 1.000000000000000000, 0.000000000000000000 ) ) ;
#2442 = VECTOR ( 'NONE', #4224, 1000.000000000000000 ) ;
#2443 = DIRECTION ( 'NONE',  ( 0.000000000000000000, 1.000000000000000000, 0.000000000000000000 ) ) ;
#2444 = EDGE_LOOP ( 'NONE', ( #1148, #775, #922, #5126 ) ) ;
#2445 = VERTEX_POINT ( 'NONE', #2624 ) ;
#2446 = CARTESIAN_POINT ( 'NONE',  ( 22.92650741781596224, 0.000000000000000000, -3.007045462299398064 ) ) ;
#2447 = ORIENTED_EDGE ( 'NONE', *, *, #7399, .F. ) ;
#2448 = LINE ( 'NONE', #1387, #8192 ) ;
#2449 = DIRECTION ( 'NONE',  ( 0.000000000000000000, -1.000000000000000000, 0.000000000000000000 ) ) ;
#2450 = ORIENTED_EDGE ( 'NONE', *, *, #2839, .T. ) ;
#2451 = FACE_BOUND ( 'NONE', #10623, .T. ) ;
#2452 = CARTESIAN_POINT ( 'NONE',  ( -0.7437148944200442369, 0.000000000000000000, -2.240753535442229882 ) ) ;
#2453 = LINE ( 'NONE', #8969, #7437 ) ;
#2454 = CARTESIAN_POINT ( 'NONE',  ( 40.06771335206872919, 0.06443263463840748217, 0.1149657687835883013 ) ) ;
#2455 = FACE_OUTER_BOUND ( 'NONE', #6679, .T. ) ;
#2456 = B_SPLINE_CURVE_WITH_KNOTS ( 'NONE', 3,
 ( #1840, #7721, #1027, #10418, #10544, #4715 ),
 .UNSPECIFIED., .F., .F.,
 ( 4, 2, 4 ),
 ( 0.000000000000000000, 0.0002695394427320638013, 0.0005390788854641276025 ),
 .UNSPECIFIED. ) ;
#2458 = EDGE_CURVE ( 'NONE', #12349, #4323, #7547, .T. ) ;
#2457 = CARTESIAN_POINT ( 'NONE',  ( 24.21180890137914687, 1.000000000000000000, 2.799999999999999822 ) ) ;
#2459 = LINE ( 'NONE', #7152, #9106 ) ;
#2460 = DIRECTION ( 'NONE',  ( -0.000000000000000000, -0.000000000000000000, 1.000000000000000000 ) ) ;
#2461 = VERTEX_POINT ( 'NONE', #4568 ) ;
#2462 = ORIENTED_EDGE ( 'NONE', *, *, #4346, .T. ) ;
#2463 = VERTEX_POINT ( 'NONE', #12294 ) ;
#2464 = DIRECTION ( 'NONE',  ( -1.000000000000000000, -0.000000000000000000, -0.000000000000000000 ) ) ;
#2465 = CARTESIAN_POINT ( 'NONE',  ( 40.06771335206872209, 1.103464666456457577, -5.267169912107815044 ) ) ;
#2466 = FACE_OUTER_BOUND ( 'NONE', #11791, .T. ) ;
#2467 = DIRECTION ( 'NONE',  ( 0.000000000000000000, 2.710505431213761085E-15, -1.000000000000000000 ) ) ;
#2468 = EDGE_CURVE ( 'NONE', #8387, #5814, #8382, .T. ) ;
#2469 = LINE ( 'NONE', #12201, #10381 ) ;
#2470 = CARTESIAN_POINT ( 'NONE',  ( 12.33871542691356993, 6.728843058598058429E-16, -5.900666883513137506 ) ) ;
#2471 = EDGE_CURVE ( 'NONE', #8578, #6326, #10138, .T. ) ;
#2472 = EDGE_CURVE ( 'NONE', #10837, #3258, #10325, .T. ) ;
#2473 = LINE ( 'NONE', #3286, #8500 ) ;
#2474 = LINE ( 'NONE', #658, #10180 ) ;
#2475 = ORIENTED_EDGE ( 'NONE', *, *, #3323, .T. ) ;
#2476 = ORIENTED_EDGE ( 'NONE', *, *, #1388, .T. ) ;
#2477 = ORIENTED_EDGE ( 'NONE', *, *, #845, .T. ) ;
#2478 = ORIENTED_EDGE ( 'NONE', *, *, #13, .F. ) ;
#2479 = ORIENTED_EDGE ( 'NONE', *, *, #11320, .T. ) ;
#2480 = LINE ( 'NONE', #2419, #4171 ) ;
#2481 = DIRECTION ( 'NONE',  ( -6.868836133214109346E-15, 0.000000000000000000, -1.000000000000000000 ) ) ;
#2482 = CARTESIAN_POINT ( 'NONE',  ( 2.785301483563191294, 1.000000000000000000, -1.000000000000000000 ) ) ;
#2483 = CARTESIAN_POINT ( 'NONE',  ( 7.070602967126381699, 2.000000000000000000, 2.799999999999999822 ) ) ;
#2484 = LINE ( 'NONE', #4370, #7165 ) ;
#2485 = DIRECTION ( 'NONE',  ( -0.000000000000000000, -1.000000000000000000, -0.000000000000000000 ) ) ;
#2486 = PLANE ( 'NONE',  #8319 ) ;
#2487 = EDGE_LOOP ( 'NONE', ( #6063, #8761, #1266, #5929, #190, #10163, #11058, #12399, #2876, #1159, #12398 ) ) ;
#2488 = ORIENTED_EDGE ( 'NONE', *, *, #4972, .F. ) ;
#2489 = EDGE_CURVE ( 'NONE', #11908, #10193, #10394, .T. ) ;
#2490 = B_SPLINE_CURVE_WITH_KNOTS ( 'NONE', 3,
 ( #10465, #4586, #7518, #10341, #9463, #8583 ),
 .UNSPECIFIED., .F., .F.,
 ( 4, 2, 4 ),
 ( 0.000000000000000000, 0.0002694863184573004482, 0.0005389726369146008965 ),
 .UNSPECIFIED. ) ;
#2491 = VECTOR ( 'NONE', #5770, 1000.000000000000000 ) ;
#2492 = ORIENTED_EDGE ( 'NONE', *, *, #5838, .F. ) ;
#2493 = ORIENTED_EDGE ( 'NONE', *, *, #607, .F. ) ;
#2494 = CARTESIAN_POINT ( 'NONE',  ( 40.06771335206872209, 1.399999999999999911, -4.858578065624948650 ) ) ;
#2495 = ORIENTED_EDGE ( 'NONE', *, *, #6274, .F. ) ;
#2496 = DIRECTION ( 'NONE',  ( 0.000000000000000000, 0.000000000000000000, 1.000000000000000000 ) ) ;
#2497 = CARTESIAN_POINT ( 'NONE',  ( 16.12597743010364226, 1.399999999999999911, -5.033282760356247110 ) ) ;
#2498 = CARTESIAN_POINT ( 'NONE',  ( 10.07060296712638170, 0.000000000000000000, -0.4041232037028952284 ) ) ;
#2499 = AXIS2_PLACEMENT_3D ( 'NONE', #5975, #37, #10688 ) ;
#2500 = DIRECTION ( 'NONE',  ( 0.000000000000000000, -0.000000000000000000, -1.000000000000000000 ) ) ;
#2501 = DIRECTION ( 'NONE',  ( -0.000000000000000000, -0.000000000000000000, 1.000000000000000000 ) ) ;
#2502 = EDGE_CURVE ( 'NONE', #4811, #10519, #5568, .T. ) ;
#2503 = VERTEX_POINT ( 'NONE', #11347 ) ;
#2504 = ORIENTED_EDGE ( 'NONE', *, *, #7965, .F. ) ;
#2505 = EDGE_CURVE ( 'NONE', #11846, #11818, #6310, .T. ) ;
#2506 = CARTESIAN_POINT ( 'NONE',  ( 22.92650741781595869, 0.000000000000000000, -0.4041232037028952284 ) ) ;
#2507 = ORIENTED_EDGE ( 'NONE', *, *, #136, .T. ) ;
#2508 = CARTESIAN_POINT ( 'NONE',  ( 38.50000000000001421, 0.4000000000000000222, -3.407045462299400196 ) ) ;
#2509 = VECTOR ( 'NONE', #1267, 1000.000000000000000 ) ;
#2510 = ADVANCED_FACE ( 'NONE', ( #9692 ), #7691, .F. ) ;
#2511 = DIRECTION ( 'NONE',  ( 1.000000000000000000, 0.000000000000000000, 0.000000000000000000 ) ) ;
#2512 = ORIENTED_EDGE ( 'NONE', *, *, #11776, .F. ) ;
#2513 = VECTOR ( 'NONE', #11494, 1000.000000000000114 ) ;
#2514 = VECTOR ( 'NONE', #2172, 1000.000000000000000 ) ;
#2515 = FACE_OUTER_BOUND ( 'NONE', #7769, .T. ) ;
#2516 = DIRECTION ( 'NONE',  ( 0.000000000000000000, 0.000000000000000000, 1.000000000000000000 ) ) ;
#2517 = DIRECTION ( 'NONE',  ( 1.141265444721583757E-16, 0.000000000000000000, -1.000000000000000000 ) ) ;
#2518 = CARTESIAN_POINT ( 'NONE',  ( 24.71180890137915043, 0.4999999999999978351, -1.000000000000000000 ) ) ;
#2519 = VECTOR ( 'NONE', #11511, 1000.000000000000000 ) ;
#2521 = LINE ( 'NONE', #9973, #10729 ) ;
#2520 = VECTOR ( 'NONE', #4313, 1000.000000000000000 ) ;
#2522 = VECTOR ( 'NONE', #8520, 1000.000000000000000 ) ;
#2523 = LINE ( 'NONE', #6335, #4904 ) ;
#2524 = DIRECTION ( 'NONE',  ( 0.000000000000000000, -1.000000000000000000, 0.000000000000000000 ) ) ;
#2525 = ORIENTED_EDGE ( 'NONE', *, *, #7948, .T. ) ;
#2526 = EDGE_CURVE ( 'NONE', #2098, #1632, #6819, .T. ) ;
#2527 = VERTEX_POINT ( 'NONE', #4875 ) ;
#2528 = VERTEX_POINT ( 'NONE', #8631 ) ;
#2529 = CARTESIAN_POINT ( 'NONE',  ( 37.06771335206872209, 0.06443263463840748217, 0.1149657687835883013 ) ) ;
#2530 = CARTESIAN_POINT ( 'NONE',  ( 10.07060296712636926, 8.673617379884035472E-16, -5.578152595329384233 ) ) ;
#2531 = VECTOR ( 'NONE', #10060, 1000.000000000000000 ) ;
#2532 = DIRECTION ( 'NONE',  ( -0.000000000000000000, -1.000000000000000000, -0.000000000000000000 ) ) ;
#2533 = LINE ( 'NONE', #1715, #764 ) ;
#2534 = CIRCLE ( 'NONE', #6932, 2.000000000000000000 ) ;
#2535 = LINE ( 'NONE', #5474, #11401 ) ;
#2536 = CARTESIAN_POINT ( 'NONE',  ( 0.3468596454174303068, 0.4000000000000000222, -3.000000000000000000 ) ) ;
#2537 = LINE ( 'NONE', #11954, #9705 ) ;
#2538 = AXIS2_PLACEMENT_3D ( 'NONE', #11627, #2089, #4964 ) ;
#2539 = LINE ( 'NONE', #3355, #4785 ) ;
#2540 = VERTEX_POINT ( 'NONE', #61 ) ;
#2541 = ORIENTED_EDGE ( 'NONE', *, *, #4246, .F. ) ;
#2542 = EDGE_CURVE ( 'NONE', #7498, #234, #10645, .T. ) ;
#2543 = VERTEX_POINT ( 'NONE', #11412 ) ;
#2544 = VERTEX_POINT ( 'NONE', #5934 ) ;
#2545 = VERTEX_POINT ( 'NONE', #1119 ) ;
#2546 = DIRECTION ( 'NONE',  ( -7.097089222158424864E-15, 0.000000000000000000, -1.000000000000000000 ) ) ;
#2547 = DIRECTION ( 'NONE',  ( -0.000000000000000000, -1.000000000000000000, 0.000000000000000000 ) ) ;
#2548 = ADVANCED_FACE ( 'NONE', ( #5001 ), #3874, .F. ) ;
#2549 = CARTESIAN_POINT ( 'NONE',  ( 26.74389778761710090, 0.5320888862379536954, -0.9617579545435693822 ) ) ;
#2550 = EDGE_CURVE ( 'NONE', #12223, #6354, #9757, .T. ) ;
#2551 = VECTOR ( 'NONE', #12198, 1000.000000000000000 ) ;
#2552 = CARTESIAN_POINT ( 'NONE',  ( 26.45866854679657720, 0.000000000000000000, -3.000000000000000000 ) ) ;
#2553 = LINE ( 'NONE', #6294, #9377 ) ;
#2554 = LINE ( 'NONE', #3488, #8298 ) ;
#2555 = CARTESIAN_POINT ( 'NONE',  ( 11.35590445068957344, 0.000000000000000000, -1.000000000000000000 ) ) ;
#2556 = ORIENTED_EDGE ( 'NONE', *, *, #9946, .F. ) ;
#2557 = VERTEX_POINT ( 'NONE', #183 ) ;
#2558 = VERTEX_POINT ( 'NONE', #8758 ) ;
#2559 = ORIENTED_EDGE ( 'NONE', *, *, #6632, .T. ) ;
#2560 = AXIS2_PLACEMENT_3D ( 'NONE', #2998, #1871, #12419 ) ;
#2561 = CARTESIAN_POINT ( 'NONE',  ( 38.22399845764867621, 0.000000000000000000, -2.240753535442232547 ) ) ;
#2562 = EDGE_LOOP ( 'NONE', ( #2383, #11895, #2975, #5356 ) ) ;
#2563 = DIRECTION ( 'NONE',  ( 1.000000000000000000, 0.000000000000000000, -6.982962677686266711E-15 ) ) ;
#2564 = LINE ( 'NONE', #9327, #11444 ) ;
#2565 = DIRECTION ( 'NONE',  ( 0.000000000000000000, -1.000000000000000000, 0.000000000000000000 ) ) ;
#2566 = CARTESIAN_POINT ( 'NONE',  ( 37.06771335206872209, 0.8628211600346445964, -0.4041232037028950064 ) ) ;
#2567 = VECTOR ( 'NONE', #10233, 1000.000000000000000 ) ;
#2568 = CARTESIAN_POINT ( 'NONE',  ( 14.35590445068957521, 2.000000000000000000, 2.799999999999999822 ) ) ;
#2569 = CIRCLE ( 'NONE', #369, 1.500000000000000000 ) ;
#2570 = EDGE_LOOP ( 'NONE', ( #3808, #4420, #6099, #11085, #10772, #7449, #9641, #4561, #10883, #8265, #11788, #10666, #5691 ) ) ;
#2571 = ORIENTED_EDGE ( 'NONE', *, *, #5522, .T. ) ;
#2572 = CARTESIAN_POINT ( 'NONE',  ( 18.14120593425276340, 1.000000000000000000, -1.000000000000000000 ) ) ;
#2573 = ORIENTED_EDGE ( 'NONE', *, *, #10421, .F. ) ;
#2574 = CARTESIAN_POINT ( 'NONE',  ( 33.25032298226757632, 0.5320888862379536954, -0.9617579545435693822 ) ) ;
#2575 = VERTEX_POINT ( 'NONE', #5871 ) ;
#2576 = VECTOR ( 'NONE', #437, 1000.000000000000114 ) ;
#2577 = LINE ( 'NONE', #6392, #11458 ) ;
#2578 = VECTOR ( 'NONE', #4229, 1000.000000000000000 ) ;
#2579 = DIRECTION ( 'NONE',  ( -7.335912872304331086E-17, 0.7660444431189772363, 0.6427876096865402511 ) ) ;
#2580 = CARTESIAN_POINT ( 'NONE',  ( 27.21180890137915043, 2.000000000000000000, 2.799999999999999822 ) ) ;
#2581 = EDGE_CURVE ( 'NONE', #10299, #2083, #11534, .T. ) ;
#2582 = CARTESIAN_POINT ( 'NONE',  ( 20.90931839403994985, 8.971790744797411896E-16, -5.900666883513138394 ) ) ;
#2583 = LINE ( 'NONE', #6397, #5374 ) ;
#2584 = EDGE_CURVE ( 'NONE', #8765, #6618, #8567, .T. ) ;
#2585 = VECTOR ( 'NONE', #11887, 1000.000000000000000 ) ;
#2586 = CARTESIAN_POINT ( 'NONE',  ( 31.49711038494234217, 0.3999999999999999667, -3.007045462299398952 ) ) ;
#2587 = CARTESIAN_POINT ( 'NONE',  ( 5.785301483563190850, 1.000000000000000000, -4.040753535442245692 ) ) ;
#2588 = CARTESIAN_POINT ( 'NONE',  ( 1.011155161009985815, 1.400000000000000577, -5.010998372119821909 ) ) ;
#2589 = ORIENTED_EDGE ( 'NONE', *, *, #6090, .T. ) ;
#2590 = ORIENTED_EDGE ( 'NONE', *, *, #4915, .F. ) ;
#2591 = ORIENTED_EDGE ( 'NONE', *, *, #6723, .T. ) ;
#2592 = CARTESIAN_POINT ( 'NONE',  ( 35.78241186850553390, -1.000000000000000000, 0.3238172648295125633 ) ) ;
#2593 = DIRECTION ( 'NONE',  ( -1.000000000000000000, 0.000000000000000000, 1.141265444721583757E-16 ) ) ;
#2594 = VECTOR ( 'NONE', #10175, 1000.000000000000000 ) ;
#2595 = DIRECTION ( 'NONE',  ( 0.000000000000000000, 1.000000000000000000, 0.000000000000000000 ) ) ;
#2596 = LINE ( 'NONE', #5538, #2567 ) ;
#2597 = ADVANCED_FACE ( 'NONE', ( #10513 ), #7566, .T. ) ;
#2598 = DIRECTION ( 'NONE',  ( 1.000000000000000000, 0.000000000000000000, -1.141265444721583757E-16 ) ) ;
#2599 = EDGE_CURVE ( 'NONE', #6016, #2461, #10581, .T. ) ;
#2600 = FACE_OUTER_BOUND ( 'NONE', #4780, .T. ) ;
#2601 = EDGE_LOOP ( 'NONE', ( #1353, #9210, #6559, #7455 ) ) ;
#2602 = LINE ( 'NONE', #1412, #8933 ) ;
#2603 = CARTESIAN_POINT ( 'NONE',  ( 11.85590445068958765, 1.000000000000000000, -2.240753535442228106 ) ) ;
#2604 = VERTEX_POINT ( 'NONE', #2064 ) ;
#2605 = ORIENTED_EDGE ( 'NONE', *, *, #7222, .F. ) ;
#2606 = ORIENTED_EDGE ( 'NONE', *, *, #2066, .F. ) ;
#2607 = ORIENTED_EDGE ( 'NONE', *, *, #11088, .F. ) ;
#2608 = PLANE ( 'NONE',  #11988 ) ;
#2609 = LINE ( 'NONE', #12088, #4535 ) ;
#2610 = CARTESIAN_POINT ( 'NONE',  ( 18.64120593425276695, 0.000000000000000000, -0.2337080731428428648 ) ) ;
#2611 = CARTESIAN_POINT ( 'NONE',  ( 19.92650741781595514, 1.499358225474672235, 2.799999999999999822 ) ) ;
#2612 = DIRECTION ( 'NONE',  ( -0.000000000000000000, -1.000000000000000000, -0.000000000000000000 ) ) ;
#2613 = EDGE_CURVE ( 'NONE', #6034, #1992, #2001, .T. ) ;
#2614 = CARTESIAN_POINT ( 'NONE',  ( 8.917462612543813449, 0.4000000000000000222, -1.000000000000000000 ) ) ;
#2615 = DIRECTION ( 'NONE',  ( -1.141265444721583757E-16, 0.000000000000000000, -1.000000000000000000 ) ) ;
#2616 = EDGE_CURVE ( 'NONE', #677, #5658, #2121, .T. ) ;
#2617 = ORIENTED_EDGE ( 'NONE', *, *, #10189, .F. ) ;
#2618 = VERTEX_POINT ( 'NONE', #5685 ) ;
#2619 = ORIENTED_EDGE ( 'NONE', *, *, #2489, .T. ) ;
#2620 = ORIENTED_EDGE ( 'NONE', *, *, #8697, .F. ) ;
#2621 = PLANE ( 'NONE',  #3126 ) ;
#2622 = ORIENTED_EDGE ( 'NONE', *, *, #10632, .T. ) ;
#2623 = CARTESIAN_POINT ( 'NONE',  ( 28.98321702699632496, 1.106833761053985121, -5.425736373931110634 ) ) ;
#2624 = CARTESIAN_POINT ( 'NONE',  ( 19.92650741781595514, 0.000000000000000000, 1.999999999999997335 ) ) ;
#2625 = PLANE ( 'NONE',  #366 ) ;
#2626 = EDGE_CURVE ( 'NONE', #11010, #5213, #4433, .T. ) ;
#2627 = DIRECTION ( 'NONE',  ( 0.000000000000000000, 1.000000000000000000, 0.000000000000000000 ) ) ;
#2628 = PLANE ( 'NONE',  #12040 ) ;
#2629 = AXIS2_PLACEMENT_3D ( 'NONE', #10840, #4066, #9951 ) ;
#2630 = ADVANCED_FACE ( 'NONE', ( #3936 ), #6625, .F. ) ;
#2631 = EDGE_LOOP ( 'NONE', ( #10792, #5777, #7141, #899, #7573, #9459, #8174, #2475, #3108, #8913, #3187, #8944 ) ) ;
#2632 = ORIENTED_EDGE ( 'NONE', *, *, #5057, .F. ) ;
#2633 = EDGE_CURVE ( 'NONE', #10780, #9442, #12421, .T. ) ;
#2634 = CARTESIAN_POINT ( 'NONE',  ( 8.917462612543813449, 0.4000000000000000222, -3.000000000000000000 ) ) ;
#2635 = ORIENTED_EDGE ( 'NONE', *, *, #9513, .F. ) ;
#2636 = CARTESIAN_POINT ( 'NONE',  ( 18.64120593425275629, 8.673617379884035472E-16, -5.578152595329383345 ) ) ;
#2637 = ORIENTED_EDGE ( 'NONE', *, *, #6597, .F. ) ;
#2638 = AXIS2_PLACEMENT_3D ( 'NONE', #2423, #3241, #10062 ) ;
#2639 = PLANE ( 'NONE',  #11849 ) ;
#2640 = AXIS2_PLACEMENT_3D ( 'NONE', #6078, #332, #7027 ) ;
#2641 = LINE ( 'NONE', #8513, #10649 ) ;
#2642 = PLANE ( 'NONE',  #977 ) ;
#2643 = CARTESIAN_POINT ( 'NONE',  ( 26.77324788300019165, 0.5614389816210439976, -0.9267798729277888503 ) ) ;
#2644 = DIRECTION ( 'NONE',  ( 0.000000000000000000, 1.000000000000000000, -0.000000000000000000 ) ) ;
#2645 = LINE ( 'NONE', #11303, #12135 ) ;
#2646 = DIRECTION ( 'NONE',  ( 7.097089222158425653E-15, -0.000000000000000000, 1.000000000000000000 ) ) ;
#2647 = LINE ( 'NONE', #12382, #5597 ) ;
#2648 = EDGE_CURVE ( 'NONE', #1992, #12226, #932, .T. ) ;
#2649 = VERTEX_POINT ( 'NONE', #6174 ) ;
#2650 = ORIENTED_EDGE ( 'NONE', *, *, #8055, .T. ) ;
#2651 = CARTESIAN_POINT ( 'NONE',  ( -0.5171890237760057296, 6.728843058598058429E-16, -5.900666883513137506 ) ) ;
#2652 = CARTESIAN_POINT ( 'NONE',  ( 26.72570722842008806, 1.106833788838468502, -5.425737714157053304 ) ) ;
#2653 = EDGE_CURVE ( 'NONE', #7821, #6731, #5117, .T. ) ;
#2654 = CARTESIAN_POINT ( 'NONE',  ( 32.78241186850551969, 1.103464568314089123, -5.267165293036052631 ) ) ;
#2655 = CARTESIAN_POINT ( 'NONE',  ( 1.500000000000007772, 1.000000000000000000, -2.836630331739350641 ) ) ;
#2656 = LINE ( 'NONE', #10293, #2713 ) ;
#2657 = ORIENTED_EDGE ( 'NONE', *, *, #12374, .F. ) ;
#2658 = CARTESIAN_POINT ( 'NONE',  ( 5.785301483563197955, 1.000000000000000000, -3.007045462299396732 ) ) ;
#2659 = CARTESIAN_POINT ( 'NONE',  ( 13.20276409610700519, 0.000000000000000000, -1.000000000000000000 ) ) ;
#2660 = VERTEX_POINT ( 'NONE', #2244 ) ;
#2661 = ADVANCED_FACE ( 'NONE', ( #8113 ), #10000, .F. ) ;
#2662 = ORIENTED_EDGE ( 'NONE', *, *, #1000, .F. ) ;
#2663 = VERTEX_POINT ( 'NONE', #7996 ) ;
#2664 = CARTESIAN_POINT ( 'NONE',  ( 22.92650741781596224, 0.000000000000000000, -3.407045462299397975 ) ) ;
#2665 = LINE ( 'NONE', #8480, #2759 ) ;
#2666 = DIRECTION ( 'NONE',  ( -0.000000000000000000, -0.000000000000000000, 1.000000000000000000 ) ) ;
#2667 = ADVANCED_FACE ( 'NONE', ( #299 ), #7181, .F. ) ;
#2668 = DIRECTION ( 'NONE',  ( -1.141265444721583757E-16, 0.000000000000000000, 1.000000000000000000 ) ) ;
#2669 = DIRECTION ( 'NONE',  ( -0.000000000000000000, -0.000000000000000000, 1.000000000000000000 ) ) ;
#2670 = CARTESIAN_POINT ( 'NONE',  ( 38.50000000000001421, 0.4000000000000000222, -3.407045462299400196 ) ) ;
#2671 = DIRECTION ( 'NONE',  ( 7.097089222158425653E-15, -0.000000000000000000, 1.000000000000000000 ) ) ;
#2672 = CARTESIAN_POINT ( 'NONE',  ( 28.99711038494234217, 0.000000000000000000, -1.000000000000000000 ) ) ;
#2673 = ORIENTED_EDGE ( 'NONE', *, *, #9413, .F. ) ;
#2674 = VERTEX_POINT ( 'NONE', #7059 ) ;
#2675 = ORIENTED_EDGE ( 'NONE', *, *, #4390, .T. ) ;
#2676 = VERTEX_POINT ( 'NONE', #4185 ) ;
#2677 = DIRECTION ( 'NONE',  ( 1.000000000000000000, -0.000000000000000000, -1.141265444721583757E-16 ) ) ;
#2678 = EDGE_CURVE ( 'NONE', #4016, #6304, #1421, .T. ) ;
#2679 = ORIENTED_EDGE ( 'NONE', *, *, #607, .T. ) ;
#2680 = CARTESIAN_POINT ( 'NONE',  ( 40.06771335206872209, 1.103464666456457577, -5.267169912107815044 ) ) ;
#2681 = PLANE ( 'NONE',  #5221 ) ;
#2682 = DIRECTION ( 'NONE',  ( 0.000000000000000000, 0.000000000000000000, 1.000000000000000000 ) ) ;
#2683 = CARTESIAN_POINT ( 'NONE',  ( 37.53562446583077161, 0.5320888862379536954, -0.9617579545435693822 ) ) ;
#2684 = DIRECTION ( 'NONE',  ( 0.000000000000000000, 1.000000000000000000, 0.000000000000000000 ) ) ;
#2685 = ORIENTED_EDGE ( 'NONE', *, *, #7862, .T. ) ;
#2686 = ORIENTED_EDGE ( 'NONE', *, *, #7320, .T. ) ;
#2687 = CARTESIAN_POINT ( 'NONE',  ( 18.64120593425276695, 0.4000000000000000222, 0.1662919268571573239 ) ) ;
#2688 = ORIENTED_EDGE ( 'NONE', *, *, #1787, .T. ) ;
#2689 = CARTESIAN_POINT ( 'NONE',  ( 31.49711038494234927, 1.399999999999999911, -2.240753535442245425 ) ) ;
#2691 = ORIENTED_EDGE ( 'NONE', *, *, #9790, .T. ) ;
#2690 = EDGE_CURVE ( 'NONE', #1601, #7252, #5058, .T. ) ;
#2692 = CARTESIAN_POINT ( 'NONE',  ( 4.285301483563190850, 1.000000000000000000, -0.4041232037028948954 ) ) ;
#2693 = EDGE_CURVE ( 'NONE', #2528, #5274, #10953, .T. ) ;
#2694 = CARTESIAN_POINT ( 'NONE',  ( 37.06771335206872209, 0.9534028740753675013, 2.799999999999999822 ) ) ;
#2695 = DIRECTION ( 'NONE',  ( 0.000000000000000000, -1.000000000000000000, 0.000000000000000000 ) ) ;
#2696 = ADVANCED_FACE ( 'NONE', ( #9939 ), #5238, .T. ) ;
#2697 = LINE ( 'NONE', #10466, #11866 ) ;
#2698 = DIRECTION ( 'NONE',  ( 1.000000000000000000, -0.000000000000000000, -6.982962677686266711E-15 ) ) ;
#2699 = CARTESIAN_POINT ( 'NONE',  ( 14.35590445068958587, 1.399999999999999911, -2.240753535442245425 ) ) ;
#2700 = DIRECTION ( 'NONE',  ( -0.6427876096865463573, -0.000000000000000000, -0.7660444431189722403 ) ) ;
#2701 = VECTOR ( 'NONE', #7720, 1000.000000000000114 ) ;
#2702 = CARTESIAN_POINT ( 'NONE',  ( 11.35590445068957521, 0.000000000000000000, 0.1662919268571581288 ) ) ;
#2703 = DIRECTION ( 'NONE',  ( -1.000000000000000000, 0.000000000000000000, 6.982962677686266711E-15 ) ) ;
#2704 = VECTOR ( 'NONE', #8028, 1000.000000000000000 ) ;
#2705 = VECTOR ( 'NONE', #10877, 1000.000000000000000 ) ;
#2706 = ORIENTED_EDGE ( 'NONE', *, *, #433, .F. ) ;
#2707 = ORIENTED_EDGE ( 'NONE', *, *, #10050, .T. ) ;
#2708 = FACE_OUTER_BOUND ( 'NONE', #10458, .T. ) ;
#2709 = PLANE ( 'NONE',  #11566 ) ;
#2710 = DIRECTION ( 'NONE',  ( -1.355252715606880543E-16, -1.000000000000000000, -0.000000000000000000 ) ) ;
#2711 = DIRECTION ( 'NONE',  ( -0.000000000000000000, -0.000000000000000000, 1.000000000000000000 ) ) ;
#2712 = VECTOR ( 'NONE', #9082, 1000.000000000000000 ) ;
#2713 = VECTOR ( 'NONE', #1718, 1000.000000000000000 ) ;
#2714 = CARTESIAN_POINT ( 'NONE',  ( 14.35590445068956811, 1.399999999999999911, -4.858578065624948650 ) ) ;
#2715 = ORIENTED_EDGE ( 'NONE', *, *, #7827, .T. ) ;
#2716 = FACE_OUTER_BOUND ( 'NONE', #8557, .T. ) ;
#2717 = DIRECTION ( 'NONE',  ( -1.000000000000000000, 0.000000000000000000, -1.141265444721583757E-16 ) ) ;
#2718 = VERTEX_POINT ( 'NONE', #482 ) ;
#2719 = VERTEX_POINT ( 'NONE', #6054 ) ;
#2720 = ORIENTED_EDGE ( 'NONE', *, *, #11497, .T. ) ;
#2721 = VECTOR ( 'NONE', #7879, 1000.000000000000000 ) ;
#2722 = AXIS2_PLACEMENT_3D ( 'NONE', #107, #5923, #1230 ) ;
#2723 = DIRECTION ( 'NONE',  ( 0.000000000000000000, 0.000000000000000000, -1.000000000000000000 ) ) ;
#2724 = CARTESIAN_POINT ( 'NONE',  ( 26.05866854679657862, 0.4000000000000000222, -1.000000000000000000 ) ) ;
#2725 = CARTESIAN_POINT ( 'NONE',  ( 3.285301483563193514, 0.000000000000000000, -1.000000000000000000 ) ) ;
#2726 = DIRECTION ( 'NONE',  ( 0.7660444431189722403, -0.000000000000000000, -0.6427876096865462463 ) ) ;
#2727 = ADVANCED_FACE ( 'NONE', ( #4117 ), #7117, .F. ) ;
#2728 = DIRECTION ( 'NONE',  ( -1.000000000000000000, 0.000000000000000000, 1.141265444721583757E-16 ) ) ;
#2729 = VECTOR ( 'NONE', #606, 1000.000000000000000 ) ;
#2730 = CARTESIAN_POINT ( 'NONE',  ( 25.36809400695910455, 0.3999999999999999667, -2.240753535442232547 ) ) ;
#2731 = VECTOR ( 'NONE', #6649, 1000.000000000000000 ) ;
#2732 = ADVANCED_FACE ( 'NONE', ( #9813 ), #362, .T. ) ;
#2733 = DIRECTION ( 'NONE',  ( 0.000000000000000000, -1.000000000000000000, 0.000000000000000000 ) ) ;
#2734 = CARTESIAN_POINT ( 'NONE',  ( 32.78241186850553390, 1.000000000000000000, -2.836630331739329769 ) ) ;
#2735 = ORIENTED_EDGE ( 'NONE', *, *, #8971, .F. ) ;
#2736 = VERTEX_POINT ( 'NONE', #6110 ) ;
#2737 = ORIENTED_EDGE ( 'NONE', *, *, #8496, .F. ) ;
#2738 = ORIENTED_EDGE ( 'NONE', *, *, #2782, .T. ) ;
#2739 = CARTESIAN_POINT ( 'NONE',  ( 31.49711038494233506, 0.4000000000000000222, -0.2337080731428450575 ) ) ;
#2740 = ORIENTED_EDGE ( 'NONE', *, *, #5799, .F. ) ;
#2741 = AXIS2_PLACEMENT_3D ( 'NONE', #5500, #8380, #12231 ) ;
#2742 = DIRECTION ( 'NONE',  ( 0.000000000000000000, 0.000000000000000000, 1.000000000000000000 ) ) ;
#2743 = CARTESIAN_POINT ( 'NONE',  ( 17.65162868655744433, 1.399999999999999689, -5.098382031700254835 ) ) ;
#2744 = CARTESIAN_POINT ( 'NONE',  ( 13.60276409610700377, 0.4000000000000000222, -3.000000000000000000 ) ) ;
#2745 = EDGE_CURVE ( 'NONE', #8640, #7878, #10887, .T. ) ;
#2746 = FACE_OUTER_BOUND ( 'NONE', #1416, .T. ) ;
#2747 = EDGE_CURVE ( 'NONE', #10415, #11725, #4057, .T. ) ;
#2748 = VECTOR ( 'NONE', #8740, 1000.000000000000000 ) ;
#2749 = VERTEX_POINT ( 'NONE', #1298 ) ;
#2750 = VERTEX_POINT ( 'NONE', #1361 ) ;
#2751 = CARTESIAN_POINT ( 'NONE',  ( 37.53562446583077161, 0.5320888862379536954, -0.9617579545435693822 ) ) ;
#2752 = ORIENTED_EDGE ( 'NONE', *, *, #5525, .F. ) ;
#2753 = CARTESIAN_POINT ( 'NONE',  ( 19.92650741781595514, 0.000000000000000000, 0.1662919268571571574 ) ) ;
#2754 = VERTEX_POINT ( 'NONE', #5180 ) ;
#2755 = DIRECTION ( 'NONE',  ( -1.000000000000000000, 0.000000000000000000, 0.000000000000000000 ) ) ;
#2756 = VECTOR ( 'NONE', #9543, 1000.000000000000114 ) ;
#2757 = CARTESIAN_POINT ( 'NONE',  ( 2.785301483563191294, 1.000000000000000000, -1.000000000000000000 ) ) ;
#2758 = FACE_OUTER_BOUND ( 'NONE', #10823, .T. ) ;
#2759 = VECTOR ( 'NONE', #6669, 1000.000000000000000 ) ;
#2760 = CARTESIAN_POINT ( 'NONE',  ( 22.92650741781594803, 8.673617379884035472E-16, -5.578152595329383345 ) ) ;
#2761 = CARTESIAN_POINT ( 'NONE',  ( 10.07060296712638170, 0.8628211600346445964, -0.4041232037028950064 ) ) ;
#2762 = CARTESIAN_POINT ( 'NONE',  ( 0.3468596454174303068, 0.000000000000000000, -2.240753535442237432 ) ) ;
#2763 = EDGE_CURVE ( 'NONE', #10428, #2040, #11715, .T. ) ;
#2764 = DIRECTION ( 'NONE',  ( 0.000000000000000000, 1.000000000000000000, 0.000000000000000000 ) ) ;
#2765 = DIRECTION ( 'NONE',  ( 0.000000000000000000, 1.000000000000000000, 0.000000000000000000 ) ) ;
#2766 = VERTEX_POINT ( 'NONE', #6938 ) ;
#2767 = AXIS2_PLACEMENT_3D ( 'NONE', #5268, #7332, #5460 ) ;
#2768 = FACE_OUTER_BOUND ( 'NONE', #7815, .T. ) ;
#2769 = ADVANCED_FACE ( 'NONE', ( #8874 ), #10768, .F. ) ;
#2770 = VECTOR ( 'NONE', #9988, 1000.000000000000000 ) ;
#2771 = EDGE_LOOP ( 'NONE', ( #7823, #6201, #5692, #4684 ) ) ;
#2772 = ORIENTED_EDGE ( 'NONE', *, *, #9239, .T. ) ;
#2773 = CARTESIAN_POINT ( 'NONE',  ( 11.35590445068956278, 0.000000000000000000, -5.578147948598760841 ) ) ;
#2774 = LINE ( 'NONE', #1965, #1546 ) ;
#2775 = FACE_OUTER_BOUND ( 'NONE', #8504, .T. ) ;
#2776 = PLANE ( 'NONE',  #10158 ) ;
#2777 = VECTOR ( 'NONE', #3598, 1000.000000000000000 ) ;
#2778 = CARTESIAN_POINT ( 'NONE',  ( 14.35590445068956278, 2.000000000000000000, -5.468901542184360309 ) ) ;
#2779 = ORIENTED_EDGE ( 'NONE', *, *, #5783, .T. ) ;
#2780 = CARTESIAN_POINT ( 'NONE',  ( 18.64120593425277406, 1.000000000000000000, -2.836630331739350641 ) ) ;
#2781 = CARTESIAN_POINT ( 'NONE',  ( 35.28241186850553390, 1.000000000000000000, -1.000000000000000000 ) ) ;
#2783 = ORIENTED_EDGE ( 'NONE', *, *, #5275, .F. ) ;
#2782 = EDGE_CURVE ( 'NONE', #11819, #503, #12152, .T. ) ;
#2784 = ADVANCED_FACE ( 'NONE', ( #1733 ), #3670, .T. ) ;
#2785 = ORIENTED_EDGE ( 'NONE', *, *, #1693, .T. ) ;
#2786 = ORIENTED_EDGE ( 'NONE', *, *, #7674, .T. ) ;
#2787 = VECTOR ( 'NONE', #11318, 1000.000000000000000 ) ;
#2788 = CARTESIAN_POINT ( 'NONE',  ( 21.08279252339591281, 0.000000000000000000, -3.000000000000000000 ) ) ;
#2789 = CARTESIAN_POINT ( 'NONE',  ( 10.07060296712639058, 1.000000000000000000, -2.836630331739350641 ) ) ;
#2790 = FACE_OUTER_BOUND ( 'NONE', #11150, .T. ) ;
#2791 = CARTESIAN_POINT ( 'NONE',  ( 11.35590445068957344, 0.000000000000000000, -0.4041232037028950064 ) ) ;
#2792 = DIRECTION ( 'NONE',  ( 0.000000000000000000, 0.000000000000000000, -1.000000000000000000 ) ) ;
#2793 = DIRECTION ( 'NONE',  ( -1.000000000000000000, 0.000000000000000000, -1.141265444721583757E-16 ) ) ;
#2794 = VECTOR ( 'NONE', #81, 1000.000000000000000 ) ;
#2795 = CARTESIAN_POINT ( 'NONE',  ( 14.35590445068958232, 1.000000000000000000, -2.836630331739350641 ) ) ;
#2796 = LINE ( 'NONE', #5738, #7122 ) ;
#2797 = DIRECTION ( 'NONE',  ( 0.6427876096865409172, -0.000000000000000000, -0.7660444431189766812 ) ) ;
#2798 = EDGE_LOOP ( 'NONE', ( #10578, #2007, #6271, #3173 ) ) ;
#2799 = VERTEX_POINT ( 'NONE', #5555 ) ;
#2800 = EDGE_CURVE ( 'NONE', #11324, #9978, #6551, .T. ) ;
#2801 = ORIENTED_EDGE ( 'NONE', *, *, #1402, .T. ) ;
#2802 = ORIENTED_EDGE ( 'NONE', *, *, #8161, .T. ) ;
#2803 = EDGE_CURVE ( 'NONE', #599, #2415, #543, .T. ) ;
#2804 = CARTESIAN_POINT ( 'NONE',  ( 1.500000000000006661, 0.000000000000000000, -3.007045462299395844 ) ) ;
#2805 = EDGE_LOOP ( 'NONE', ( #6370, #10362, #1895, #66 ) ) ;
#2806 = DIRECTION ( 'NONE',  ( -1.141265444721583757E-16, 0.000000000000000000, -1.000000000000000000 ) ) ;
#2807 = ADVANCED_FACE ( 'NONE', ( #6427 ), #12091, .F. ) ;
#2808 = DIRECTION ( 'NONE',  ( 5.626621160408424545E-15, -0.5735764363510473807, 0.8191520442889909104 ) ) ;
#2809 = CARTESIAN_POINT ( 'NONE',  ( 16.14120593425276695, 1.000000000000000000, -1.000000000000000000 ) ) ;
#2810 = ORIENTED_EDGE ( 'NONE', *, *, #11793, .F. ) ;
#2811 = ORIENTED_EDGE ( 'NONE', *, *, #6704, .T. ) ;
#2812 = ORIENTED_EDGE ( 'NONE', *, *, #6990, .T. ) ;
#2813 = ORIENTED_EDGE ( 'NONE', *, *, #5783, .F. ) ;
#2814 =( BOUNDED_SURFACE ( )  B_SPLINE_SURFACE ( 3, 2, ( 
 ( #12200, #3597, #7408 ),
 ( #7471, #2409, #6218 ),
 ( #10046, #5282, #11439 ),
 ( #6722, #840, #11379 ),
 ( #6658, #5599, #3714 ),
 ( #4717, #9478, #88 ) ),
 .UNSPECIFIED., .F., .F., .F. ) 
 B_SPLINE_SURFACE_WITH_KNOTS ( ( 4, 2, 4 ),
 ( 3, 3 ),
 ( 0.001360458961287221635, 0.002901564996485919527, 0.004442671031684617203 ),
 ( 0.000000000000000000, 1.000000000000000000 ),
 .UNSPECIFIED. ) 
 GEOMETRIC_REPRESENTATION_ITEM ( )  RATIONAL_B_SPLINE_SURFACE ( (
 ( 1.000000000000000000, 0.7924374031725293088, 1.000000000000000000),
 ( 1.000000000000000000, 0.7956711654295669511, 1.000000000000000000),
 ( 1.000000000000000000, 0.7972631388398050412, 1.000000000000000000),
 ( 1.000000000000000000, 0.7972633761834646560, 1.000000000000000000),
 ( 1.000000000000000000, 0.7956584909370890690, 1.000000000000000000),
 ( 1.000000000000000000, 0.7924371217378710641, 1.000000000000000000) ) ) 
 REPRESENTATION_ITEM ( '' )  SURFACE ( )  );
#2815 = EDGE_CURVE ( 'NONE', #12050, #6653, #11141, .T. ) ;
#2816 = DIRECTION ( 'NONE',  ( 1.355252715606880543E-16, 1.000000000000000000, -9.463679131915807439E-31 ) ) ;
#2817 = VERTEX_POINT ( 'NONE', #8299 ) ;
#2818 = CARTESIAN_POINT ( 'NONE',  ( 14.35590445068957344, 0.8628211600346445964, -0.4041232037028950064 ) ) ;
#2819 = EDGE_CURVE ( 'NONE', #276, #9317, #7366, .T. ) ;
#2820 = CARTESIAN_POINT ( 'NONE',  ( 22.92650741781595869, 1.000000000000000000, 0.8999999999999916955 ) ) ;
#2821 = DIRECTION ( 'NONE',  ( -1.000000000000000000, 0.000000000000000000, 1.141265444721583757E-16 ) ) ;
#2822 = VECTOR ( 'NONE', #3192, 1000.000000000000000 ) ;
#2823 = CARTESIAN_POINT ( 'NONE',  ( 19.92650741781594448, 8.673617379884035472E-16, -5.578147948598759065 ) ) ;
#2824 = CARTESIAN_POINT ( 'NONE',  ( 15.64120593425275629, 1.399999999999999911, -4.858572962426980446 ) ) ;
#2825 = CARTESIAN_POINT ( 'NONE',  ( 25.71180890137914687, 2.000000000000000000, 0.000000000000000000 ) ) ;
#2826 = FACE_OUTER_BOUND ( 'NONE', #656, .T. ) ;
#2827 = DIRECTION ( 'NONE',  ( 1.000000000000000000, -0.000000000000000000, -0.000000000000000000 ) ) ;
#2828 = VERTEX_POINT ( 'NONE', #6363 ) ;
#2829 = CARTESIAN_POINT ( 'NONE',  ( 19.92650741781596935, 0.4999999999999978351, -2.240753535442224553 ) ) ;
#2830 = VECTOR ( 'NONE', #2363, 1000.000000000000000 ) ;
#2831 = ORIENTED_EDGE ( 'NONE', *, *, #1019, .T. ) ;
#2832 = ORIENTED_EDGE ( 'NONE', *, *, #8053, .F. ) ;
#2833 = VECTOR ( 'NONE', #10561, 1000.000000000000000 ) ;
#2834 = DIRECTION ( 'NONE',  ( -1.000000000000000000, 0.000000000000000000, 6.982962677686266711E-15 ) ) ;
#2835 = CARTESIAN_POINT ( 'NONE',  ( 5.785301483563185521, 1.400000000000041211, -4.949634213632581492 ) ) ;
#2836 = ADVANCED_FACE ( 'NONE', ( #10185 ), #4369, .T. ) ;
#2837 = CARTESIAN_POINT ( 'NONE',  ( 31.49711038494234927, 1.000000000000000000, -2.240753535442245425 ) ) ;
#2838 = CARTESIAN_POINT ( 'NONE',  ( 32.78241186850551969, 1.399999999999999689, -4.612012738139070755 ) ) ;
#2839 = EDGE_CURVE ( 'NONE', #1541, #9684, #8181, .T. ) ;
#2840 = AXIS2_PLACEMENT_3D ( 'NONE', #3014, #2883, #3133 ) ;
#2841 = VECTOR ( 'NONE', #1152, 1000.000000000000000 ) ;
#2842 = LINE ( 'NONE', #4541, #9717 ) ;
#2843 = ORIENTED_EDGE ( 'NONE', *, *, #1198, .T. ) ;
#2844 = DIRECTION ( 'NONE',  ( 7.335912872304279317E-17, -0.7660444431189810111, -0.6427876096865356992 ) ) ;
#2845 = LINE ( 'NONE', #6663, #11211 ) ;
#2846 = VERTEX_POINT ( 'NONE', #12279 ) ;
#2847 = ORIENTED_EDGE ( 'NONE', *, *, #4505, .F. ) ;
#2848 = ORIENTED_EDGE ( 'NONE', *, *, #9874, .T. ) ;
#2849 = VERTEX_POINT ( 'NONE', #11209 ) ;
#2850 = LINE ( 'NONE', #5729, #8772 ) ;
#2851 = CARTESIAN_POINT ( 'NONE',  ( 27.21180890137915398, 0.3999999999999999667, -3.007045462299398508 ) ) ;
#2852 = EDGE_CURVE ( 'NONE', #9025, #10731, #11080, .T. ) ;
#2853 = CARTESIAN_POINT ( 'NONE',  ( 7.570602967126396798, 0.000000000000000000, -2.240753535442228106 ) ) ;
#2854 = DIRECTION ( 'NONE',  ( 0.7660444431189766812, 0.000000000000000000, 0.6427876096865409172 ) ) ;
#2855 = DIRECTION ( 'NONE',  ( 0.7660444431189766812, 0.000000000000000000, 0.6427876096865409172 ) ) ;
#2856 = EDGE_CURVE ( 'NONE', #2040, #7658, #9378, .T. ) ;
#2857 = DIRECTION ( 'NONE',  ( 1.894180325222886620E-15, 0.9625068420560822791, 0.2712574035768015590 ) ) ;
#2858 = EDGE_CURVE ( 'NONE', #743, #173, #4489, .T. ) ;
#2859 = CARTESIAN_POINT ( 'NONE',  ( 34.62927151392296565, 0.000000000000000000, -2.240753535442237432 ) ) ;
#2860 = CARTESIAN_POINT ( 'NONE',  ( 12.11218955626952898, 0.000000000000000000, -1.000000000000000000 ) ) ;
#2861 = DIRECTION ( 'NONE',  ( 0.6427876096865409172, -0.000000000000000000, 0.7660444431189766812 ) ) ;
#2862 = VERTEX_POINT ( 'NONE', #12030 ) ;
#2863 = VERTEX_POINT ( 'NONE', #2483 ) ;
#2864 = VERTEX_POINT ( 'NONE', #609 ) ;
#2865 = ORIENTED_EDGE ( 'NONE', *, *, #4617, .T. ) ;
#2866 = CARTESIAN_POINT ( 'NONE',  ( 24.21180890137916109, 0.3999999999999999667, -2.240753535442224553 ) ) ;
#2867 = ORIENTED_EDGE ( 'NONE', *, *, #6581, .T. ) ;
#2868 = DIRECTION ( 'NONE',  ( -0.000000000000000000, -1.000000000000000000, -0.000000000000000000 ) ) ;
#2869 = DIRECTION ( 'NONE',  ( -1.000000000000000000, 0.000000000000000000, 6.982962677686266711E-15 ) ) ;
#2870 = CARTESIAN_POINT ( 'NONE',  ( 5.296456644573175332, 1.400000000000000355, -5.010998372119821020 ) ) ;
#2871 = DIRECTION ( 'NONE',  ( 1.000000000000000000, -0.000000000000000000, 0.000000000000000000 ) ) ;
#2872 = EDGE_CURVE ( 'NONE', #12299, #8046, #6292, .T. ) ;
#2873 = VERTEX_POINT ( 'NONE', #2611 ) ;
#2874 = ORIENTED_EDGE ( 'NONE', *, *, #10873, .F. ) ;
#2875 = ORIENTED_EDGE ( 'NONE', *, *, #8483, .F. ) ;
#2876 = ORIENTED_EDGE ( 'NONE', *, *, #3934, .T. ) ;
#2877 = AXIS2_PLACEMENT_3D ( 'NONE', #3555, #5430, #6237 ) ;
#2878 = CARTESIAN_POINT ( 'NONE',  ( 38.50000000000001421, 0.4000000000000000222, -0.2337080731428450298 ) ) ;
#2879 = ORIENTED_EDGE ( 'NONE', *, *, #2422, .T. ) ;
#2880 = DIRECTION ( 'NONE',  ( 1.000000000000000000, -0.000000000000000000, 0.000000000000000000 ) ) ;
#2881 = CARTESIAN_POINT ( 'NONE',  ( 33.76522284472952151, 8.971790744797411896E-16, -5.900666883513138394 ) ) ;
#2882 = LINE ( 'NONE', #6702, #8965 ) ;
#2883 = DIRECTION ( 'NONE',  ( 1.141265444721583757E-16, -0.000000000000000000, 1.000000000000000000 ) ) ;
#2884 = EDGE_CURVE ( 'NONE', #6915, #3811, #5488, .T. ) ;
#2885 = CARTESIAN_POINT ( 'NONE',  ( 28.49711038494233151, 1.103464568314089123, -5.267165293036052631 ) ) ;
#2886 = EDGE_CURVE ( 'NONE', #7053, #6476, #4428, .T. ) ;
#2887 = CARTESIAN_POINT ( 'NONE',  ( 22.92650741781596935, 0.000000000000000000, -2.240753535442245425 ) ) ;
#2888 = CARTESIAN_POINT ( 'NONE',  ( 7.070602967126381699, 1.499358225474672235, 1.300000000000000044 ) ) ;
#2889 = ORIENTED_EDGE ( 'NONE', *, *, #7785, .T. ) ;
#2890 =( BOUNDED_SURFACE ( )  B_SPLINE_SURFACE ( 3, 1, ( 
 ( #8739, #3042 ),
 ( #2226, #5915 ),
 ( #4859, #6986 ),
 ( #11824, #6862 ) ),
 .UNSPECIFIED., .F., .F., .F. ) 
 B_SPLINE_SURFACE_WITH_KNOTS ( ( 4, 4 ),
 ( 2, 2 ),
 ( 0.000000000000000000, 1.000000000000000000 ),
 ( 0.000000000000000000, 1.000000000000000000 ),
 .UNSPECIFIED. ) 
 GEOMETRIC_REPRESENTATION_ITEM ( )  RATIONAL_B_SPLINE_SURFACE ( (
 ( 1.000000000000000000, 1.000000000000000000),
 ( 0.9667654570425325833, 0.9667654570425325833),
 ( 0.9667654570425325833, 0.9667654570425325833),
 ( 1.000000000000000000, 1.000000000000000000) ) ) 
 REPRESENTATION_ITEM ( '' )  SURFACE ( )  );
#2891 = EDGE_CURVE ( 'NONE', #4265, #648, #4556, .T. ) ;
#2892 = LINE ( 'NONE', #10791, #6300 ) ;
#2893 = ORIENTED_EDGE ( 'NONE', *, *, #8275, .T. ) ;
#2894 = DIRECTION ( 'NONE',  ( 1.000000000000000000, -0.000000000000000000, -0.000000000000000000 ) ) ;
#2895 = ORIENTED_EDGE ( 'NONE', *, *, #8757, .T. ) ;
#2896 = ORIENTED_EDGE ( 'NONE', *, *, #407, .F. ) ;
#2897 = CARTESIAN_POINT ( 'NONE',  ( 20.68279252339591068, 0.000000000000000000, -1.000000000000000000 ) ) ;
#2898 = DIRECTION ( 'NONE',  ( -3.093406186374441444E-32, 1.000000000000000000, 2.710505431213761085E-16 ) ) ;
#2899 = PLANE ( 'NONE',  #53 ) ;
#2900 = CARTESIAN_POINT ( 'NONE',  ( 15.64120593425276340, 0.000000000000000000, -0.4041232037028950064 ) ) ;
#2901 = EDGE_CURVE ( 'NONE', #12194, #646, #6484, .T. ) ;
#2902 = VECTOR ( 'NONE', #712, 1000.000000000000000 ) ;
#2903 = DIRECTION ( 'NONE',  ( -0.000000000000000000, -0.000000000000000000, 1.000000000000000000 ) ) ;
#2904 = AXIS2_PLACEMENT_3D ( 'NONE', #1920, #12340, #3735 ) ;
#2905 = EDGE_CURVE ( 'NONE', #5082, #7171, #7805, .T. ) ;
#2906 = PLANE ( 'NONE',  #7503 ) ;
#2907 = DIRECTION ( 'NONE',  ( 0.000000000000000000, 1.000000000000000000, 0.000000000000000000 ) ) ;
#2908 = ORIENTED_EDGE ( 'NONE', *, *, #2163, .T. ) ;
#2909 = ORIENTED_EDGE ( 'NONE', *, *, #3554, .T. ) ;
#2910 = VERTEX_POINT ( 'NONE', #11583 ) ;
#2911 = LINE ( 'NONE', #8479, #9521 ) ;
#2912 = DIRECTION ( 'NONE',  ( 0.000000000000000000, -0.000000000000000000, -1.000000000000000000 ) ) ;
#2913 = AXIS2_PLACEMENT_3D ( 'NONE', #3265, #10982, #10026 ) ;
#2914 = DIRECTION ( 'NONE',  ( -1.141265444721583757E-16, -0.000000000000000000, -1.000000000000000000 ) ) ;
#2915 = VECTOR ( 'NONE', #9350, 1000.000000000000114 ) ;
#2916 = CARTESIAN_POINT ( 'NONE',  ( 28.49711038494233151, 1.103464568314089123, -5.267165293036052631 ) ) ;
#2917 = PLANE ( 'NONE',  #1156 ) ;
#2918 = VECTOR ( 'NONE', #8059, 1000.000000000000000 ) ;
#2919 = DIRECTION ( 'NONE',  ( -1.000000000000000000, 0.000000000000000000, 6.982962677686266711E-15 ) ) ;
#2920 = CARTESIAN_POINT ( 'NONE',  ( 0.3468596454174303068, 0.4000000000000000222, -1.000000000000000000 ) ) ;
#2921 = CARTESIAN_POINT ( 'NONE',  ( 29.65339549052229629, 0.000000000000000000, -1.000000000000000000 ) ) ;
#2922 = LINE ( 'NONE', #985, #1727 ) ;
#2923 = ADVANCED_FACE ( 'NONE', ( #7549 ), #915, .F. ) ;
#2924 = VECTOR ( 'NONE', #3794, 1000.000000000000000 ) ;
#2925 = VECTOR ( 'NONE', #4440, 1000.000000000000000 ) ;
#2926 = CARTESIAN_POINT ( 'NONE',  ( 25.71180890137914332, 1.399999999999999911, -4.612012738139083190 ) ) ;
#2927 = ORIENTED_EDGE ( 'NONE', *, *, #7661, .F. ) ;
#2928 = VERTEX_POINT ( 'NONE', #3983 ) ;
#2929 = VECTOR ( 'NONE', #4679, 1000.000000000000000 ) ;
#2930 = ORIENTED_EDGE ( 'NONE', *, *, #6988, .T. ) ;
#2931 = EDGE_LOOP ( 'NONE', ( #12272, #2236, #1682, #11633, #3996, #4694 ) ) ;
#2932 = EDGE_CURVE ( 'NONE', #3662, #11772, #3359, .T. ) ;
#2933 = EDGE_CURVE ( 'NONE', #2083, #11996, #5858, .T. ) ;
#2934 = CARTESIAN_POINT ( 'NONE',  ( 24.21180890137914332, 1.399999999999999689, -4.612012738139070755 ) ) ;
#2935 = ORIENTED_EDGE ( 'NONE', *, *, #7519, .T. ) ;
#2936 = LINE ( 'NONE', #11472, #7539 ) ;
#2937 = VECTOR ( 'NONE', #3364, 1000.000000000000000 ) ;
#2938 = DIRECTION ( 'NONE',  ( 0.000000000000000000, 1.000000000000000000, -0.000000000000000000 ) ) ;
#2939 = CARTESIAN_POINT ( 'NONE',  ( 5.032161128980626508, 0.4000000000000000222, -2.240753535442240096 ) ) ;
#2940 = VECTOR ( 'NONE', #1788, 1000.000000000000000 ) ;
#2941 = PLANE ( 'NONE',  #6448 ) ;
#2942 = ORIENTED_EDGE ( 'NONE', *, *, #5458, .F. ) ;
#2943 = VERTEX_POINT ( 'NONE', #10496 ) ;
#2944 = ORIENTED_EDGE ( 'NONE', *, *, #9081, .F. ) ;
#2945 = ORIENTED_EDGE ( 'NONE', *, *, #12057, .T. ) ;
#2946 = CIRCLE ( 'NONE', #2741, 4.810796291701608496 ) ;
#2947 = ADVANCED_FACE ( 'NONE', ( #3862 ), #9559, .F. ) ;
#2948 = CARTESIAN_POINT ( 'NONE',  ( 16.02539785600547617, 1.106494308963504425, -5.409375844366609343 ) ) ;
#2949 = ORIENTED_EDGE ( 'NONE', *, *, #4104, .T. ) ;
#2950 = LINE ( 'NONE', #4763, #8834 ) ;
#2951 = FACE_OUTER_BOUND ( 'NONE', #7190, .T. ) ;
#2952 = DIRECTION ( 'NONE',  ( 0.000000000000000000, 0.000000000000000000, 1.000000000000000000 ) ) ;
#2953 = CARTESIAN_POINT ( 'NONE',  ( 34.53730572421658707, 1.400000000000000133, -5.120689233910753480 ) ) ;
#2954 = VECTOR ( 'NONE', #9633, 1000.000000000000000 ) ;
#2955 = CARTESIAN_POINT ( 'NONE',  ( 27.21180890137915043, 0.000000000000000000, -0.4041232037028952284 ) ) ;
#2956 = CARTESIAN_POINT ( 'NONE',  ( 40.06771335206872919, 1.000000000000000000, 0.3238172648295121747 ) ) ;
#2957 = CARTESIAN_POINT ( 'NONE',  ( 27.21180890137916109, 0.000000000000000000, -2.240753535442245425 ) ) ;
#2958 = CARTESIAN_POINT ( 'NONE',  ( 35.29631019554648930, 1.106833788838468502, -5.425737714157053304 ) ) ;
#2959 = VERTEX_POINT ( 'NONE', #6864 ) ;
#2960 = DIRECTION ( 'NONE',  ( -0.000000000000000000, -1.000000000000000000, 0.000000000000000000 ) ) ;
#2961 = ORIENTED_EDGE ( 'NONE', *, *, #5147, .F. ) ;
#2962 = VERTEX_POINT ( 'NONE', #12405 ) ;
#2963 = VECTOR ( 'NONE', #6470, 1000.000000000000000 ) ;
#2964 = EDGE_CURVE ( 'NONE', #4809, #11819, #11396, .T. ) ;
#2965 = CARTESIAN_POINT ( 'NONE',  ( 21.42650741781595869, 1.000000000000000000, -3.240753535442235211 ) ) ;
#2966 = DIRECTION ( 'NONE',  ( -1.000000000000000000, 1.355252715606880543E-16, 0.000000000000000000 ) ) ;
#2967 = DIRECTION ( 'NONE',  ( -1.000000000000000000, 0.000000000000000000, 6.982962677686266711E-15 ) ) ;
#2968 = CARTESIAN_POINT ( 'NONE',  ( 1.500000000000000444, 0.5351768109448615807, 2.449066664678466232 ) ) ;
#2969 = ADVANCED_FACE ( 'NONE', ( #1917 ), #6674, .F. ) ;
#2970 = VECTOR ( 'NONE', #6205, 1000.000000000000000 ) ;
#2971 = FACE_OUTER_BOUND ( 'NONE', #12292, .T. ) ;
#2972 = VECTOR ( 'NONE', #477, 1000.000000000000114 ) ;
#2973 = FACE_OUTER_BOUND ( 'NONE', #4004, .T. ) ;
#2974 = ORIENTED_EDGE ( 'NONE', *, *, #7029, .F. ) ;
#2975 = ORIENTED_EDGE ( 'NONE', *, *, #1711, .F. ) ;
#2976 = VERTEX_POINT ( 'NONE', #102 ) ;
#2977 = EDGE_CURVE ( 'NONE', #194, #5683, #10565, .T. ) ;
#2978 = CARTESIAN_POINT ( 'NONE',  ( 13.42082756893866957, 1.108503113383854322, -5.505581804970431925 ) ) ;
#2979 = DIRECTION ( 'NONE',  ( -3.093406186374441444E-32, -1.000000000000000000, -2.710505431213761085E-16 ) ) ;
#2980 = CARTESIAN_POINT ( 'NONE',  ( 18.64120593425277761, 1.399999999999999911, -2.240753535442245425 ) ) ;
#2981 = VECTOR ( 'NONE', #6749, 1000.000000000000000 ) ;
#2982 = LINE ( 'NONE', #11641, #7229 ) ;
#2983 =( NAMED_UNIT ( * ) SI_UNIT ( $, .STERADIAN. ) SOLID_ANGLE_UNIT ( ) );
#2984 = AXIS2_PLACEMENT_3D ( 'NONE', #3015, #7832, #5015 ) ;
#2985 = EDGE_CURVE ( 'NONE', #11973, #8173, #1985, .T. ) ;
#2986 = CARTESIAN_POINT ( 'NONE',  ( 14.35590445068958587, 1.000000000000000000, -2.240753535442245425 ) ) ;
#2987 = DIRECTION ( 'NONE',  ( 1.000000000000000000, -0.000000000000000000, -6.982962677686266711E-15 ) ) ;
#2988 = DIRECTION ( 'NONE',  ( -0.000000000000000000, -0.000000000000000000, 1.000000000000000000 ) ) ;
#2989 = DIRECTION ( 'NONE',  ( -1.894180325222886620E-15, -0.9625068420560822791, -0.2712574035768015590 ) ) ;
#2990 = AXIS2_PLACEMENT_3D ( 'NONE', #12007, #3407, #5403 ) ;
#2991 = CARTESIAN_POINT ( 'NONE',  ( 30.51682389380016502, 1.400000000000000355, -5.120578528970613164 ) ) ;
#2992 = VERTEX_POINT ( 'NONE', #12338 ) ;
#2993 = ORIENTED_EDGE ( 'NONE', *, *, #8240, .T. ) ;
#2994 = ORIENTED_EDGE ( 'NONE', *, *, #5839, .T. ) ;
#2995 = ORIENTED_EDGE ( 'NONE', *, *, #2932, .T. ) ;
#2996 = CARTESIAN_POINT ( 'NONE',  ( 14.35590445068956988, 1.400000000000041211, -4.949634213632581492 ) ) ;
#2997 = ORIENTED_EDGE ( 'NONE', *, *, #11965, .T. ) ;
#2998 = CARTESIAN_POINT ( 'NONE',  ( 7.070602967126382588, 1.000000000000000000, -1.000000000000000000 ) ) ;
#2999 = VECTOR ( 'NONE', #3140, 1000.000000000000000 ) ;
#3000 = ADVANCED_FACE ( 'NONE', ( #4798 ), #856, .F. ) ;
#3001 = CARTESIAN_POINT ( 'NONE',  ( 24.21180890137914687, 0.000000000000000000, -1.000000000000000000 ) ) ;
#3002 = LINE ( 'NONE', #6820, #1375 ) ;
#3003 = CARTESIAN_POINT ( 'NONE',  ( 32.78241186850552680, 1.000000000000000000, -0.4041232037028949509 ) ) ;
#3004 = ORIENTED_EDGE ( 'NONE', *, *, #10203, .F. ) ;
#3005 = ORIENTED_EDGE ( 'NONE', *, *, #1296, .F. ) ;
#3006 = ORIENTED_EDGE ( 'NONE', *, *, #11585, .F. ) ;
#3007 = VERTEX_POINT ( 'NONE', #6612 ) ;
#3008 = CARTESIAN_POINT ( 'NONE',  ( 16.57617355581451335, 1.108502809461047400, -5.505567396206781261 ) ) ;
#3009 = ORIENTED_EDGE ( 'NONE', *, *, #3077, .F. ) ;
#3010 = LINE ( 'NONE', #6829, #10437 ) ;
#3011 = EDGE_CURVE ( 'NONE', #6133, #1815, #1046, .T. ) ;
#3012 = DIRECTION ( 'NONE',  ( -1.000000000000000000, 0.000000000000000000, 6.982962677686266711E-15 ) ) ;
#3013 = PLANE ( 'NONE',  #6157 ) ;
#3014 = CARTESIAN_POINT ( 'NONE',  ( 38.50000000000001421, 0.000000000000000000, -3.407045462299400196 ) ) ;
#3015 = CARTESIAN_POINT ( 'NONE',  ( 34.28241186850553390, 1.000000000000000000, -2.836630331739339983 ) ) ;
#3016 = ADVANCED_FACE ( 'NONE', ( #9678 ), #4920, .F. ) ;
#3017 = ADVANCED_FACE ( 'NONE', ( #8741 ), #11643, .T. ) ;
#3018 = ORIENTED_EDGE ( 'NONE', *, *, #4039, .T. ) ;
#3019 = CARTESIAN_POINT ( 'NONE',  ( 8.570602967126381699, 2.000000000000000000, 0.000000000000000000 ) ) ;
#3020 = ORIENTED_EDGE ( 'NONE', *, *, #10192, .T. ) ;
#3021 = CARTESIAN_POINT ( 'NONE',  ( 40.06771335206872209, 1.399999999999999689, -4.612012738139092072 ) ) ;
#3022 = EDGE_LOOP ( 'NONE', ( #691, #4343, #11115, #7091 ) ) ;
#3023 = VERTEX_POINT ( 'NONE', #6924 ) ;
#3024 = CARTESIAN_POINT ( 'NONE',  ( -1.499999999999992228, 0.000000000000000000, -2.836630331739329769 ) ) ;
#3025 = CARTESIAN_POINT ( 'NONE',  ( 7.826888072706338129, 0.000000000000000000, -3.000000000000000000 ) ) ;
#3026 = DIRECTION ( 'NONE',  ( 0.000000000000000000, -1.000000000000000000, 0.000000000000000000 ) ) ;
#3027 = DIRECTION ( 'NONE',  ( -1.141265444721583757E-16, 0.000000000000000000, 1.000000000000000000 ) ) ;
#3028 = DIRECTION ( 'NONE',  ( 1.000000000000000000, -0.000000000000000000, -0.000000000000000000 ) ) ;
#3029 = VECTOR ( 'NONE', #3815, 1000.000000000000114 ) ;
#3030 = EDGE_CURVE ( 'NONE', #3839, #3023, #11766, .T. ) ;
#3031 = CARTESIAN_POINT ( 'NONE',  ( 17.48806557967019515, 0.000000000000000000, -3.000000000000000000 ) ) ;
#3032 = VECTOR ( 'NONE', #3564, 1000.000000000000000 ) ;
#3033 = CARTESIAN_POINT ( 'NONE',  ( 32.78241186850551969, 1.399999999999999911, -4.858572962426980446 ) ) ;
#3034 = VERTEX_POINT ( 'NONE', #5334 ) ;
#3035 = ADVANCED_FACE ( 'NONE', ( #1513 ), #227, .F. ) ;
#3036 = ORIENTED_EDGE ( 'NONE', *, *, #12301, .T. ) ;
#3037 = ORIENTED_EDGE ( 'NONE', *, *, #8962, .F. ) ;
#3038 = DIRECTION ( 'NONE',  ( -0.000000000000000000, -1.000000000000000000, -0.000000000000000000 ) ) ;
#3039 = LINE ( 'NONE', #7856, #9305 ) ;
#3040 = PLANE ( 'NONE',  #11966 ) ;
#3041 = VECTOR ( 'NONE', #11967, 1000.000000000000000 ) ;
#3042 = CARTESIAN_POINT ( 'NONE',  ( 24.21180890137913622, 8.673617379884035472E-16, -5.578147948598759065 ) ) ;
#3043 = DIRECTION ( 'NONE',  ( -0.000000000000000000, -1.000000000000000000, 0.000000000000000000 ) ) ;
#3044 = VECTOR ( 'NONE', #5281, 1000.000000000000000 ) ;
#3045 = DIRECTION ( 'NONE',  ( -0.000000000000000000, -1.000000000000000000, 0.000000000000000000 ) ) ;
#3046 = CARTESIAN_POINT ( 'NONE',  ( 22.43766257882593962, 1.399999999999999245, -5.010998372119819244 ) ) ;
#3047 = CARTESIAN_POINT ( 'NONE',  ( 1.000000000000009770, 0.4999999999999978351, -2.240753535442241873 ) ) ;
#3048 = EDGE_CURVE ( 'NONE', #4666, #8252, #10032, .T. ) ;
#3049 = LINE ( 'NONE', #3103, #8726 ) ;
#3050 = CARTESIAN_POINT ( 'NONE',  ( 31.11672107050558367, 1.106465162429699722, -5.408006954961621204 ) ) ;
#3052 = ORIENTED_EDGE ( 'NONE', *, *, #4874, .T. ) ;
#3051 = VECTOR ( 'NONE', #2381, 1000.000000000000000 ) ;
#3053 = VERTEX_POINT ( 'NONE', #10753 ) ;
#3054 = EDGE_CURVE ( 'NONE', #475, #7387, #10154, .T. ) ;
#3055 = VERTEX_POINT ( 'NONE', #2107 ) ;
#3056 = ORIENTED_EDGE ( 'NONE', *, *, #3167, .T. ) ;
#3057 = DIRECTION ( 'NONE',  ( -1.000000000000000000, -0.000000000000000000, -0.000000000000000000 ) ) ;
#3058 = VERTEX_POINT ( 'NONE', #8149 ) ;
#3059 = CARTESIAN_POINT ( 'NONE',  ( 32.78241186850553390, 1.000000000000000000, -3.007045462299398952 ) ) ;
#3060 = DIRECTION ( 'NONE',  ( -1.141265444721583757E-16, 0.000000000000000000, 1.000000000000000000 ) ) ;
#3061 = LINE ( 'NONE', #11604, #11989 ) ;
#3062 = ORIENTED_EDGE ( 'NONE', *, *, #4146, .T. ) ;
#3063 = ORIENTED_EDGE ( 'NONE', *, *, #9776, .T. ) ;
#3064 = EDGE_CURVE ( 'NONE', #6809, #10699, #4335, .T. ) ;
#3065 = ORIENTED_EDGE ( 'NONE', *, *, #528, .F. ) ;
#3066 = ORIENTED_EDGE ( 'NONE', *, *, #5881, .F. ) ;
#3067 = DIRECTION ( 'NONE',  ( -1.000000000000000000, -0.000000000000000000, 1.141265444721583757E-16 ) ) ;
#3068 = ORIENTED_EDGE ( 'NONE', *, *, #8755, .T. ) ;
#3069 = ADVANCED_FACE ( 'NONE', ( #12118 ), #577, .T. ) ;
#3070 = DIRECTION ( 'NONE',  ( -1.141265444721583757E-16, 0.000000000000000000, 1.000000000000000000 ) ) ;
#3071 = CARTESIAN_POINT ( 'NONE',  ( 35.78241186850554101, 0.000000000000000000, -2.836630331739350641 ) ) ;
#3072 = FACE_OUTER_BOUND ( 'NONE', #10460, .T. ) ;
#3073 = CARTESIAN_POINT ( 'NONE',  ( 35.78241186850552680, 1.399999999999999911, -4.858578065624948650 ) ) ;
#3074 = FACE_OUTER_BOUND ( 'NONE', #4622, .T. ) ;
#3075 = VERTEX_POINT ( 'NONE', #3100 ) ;
#3076 = FACE_OUTER_BOUND ( 'NONE', #7157, .T. ) ;
#3077 = EDGE_CURVE ( 'NONE', #12257, #2463, #4985, .T. ) ;
#3078 = ORIENTED_EDGE ( 'NONE', *, *, #10368, .F. ) ;
#3079 = CARTESIAN_POINT ( 'NONE',  ( 2.785301483563191294, 1.000000000000000000, -0.4041232037028950064 ) ) ;
#3080 = EDGE_LOOP ( 'NONE', ( #2617, #11847, #1810, #9602 ) ) ;
#3081 = VERTEX_POINT ( 'NONE', #7918 ) ;
#3082 = EDGE_CURVE ( 'NONE', #3506, #11231, #1212, .T. ) ;
#3083 = ADVANCED_FACE ( 'NONE', ( #285 ), #12003, .F. ) ;
#3084 = EDGE_CURVE ( 'NONE', #418, #5141, #5918, .T. ) ;
#3085 = LINE ( 'NONE', #1964, #11926 ) ;
#3086 = PLANE ( 'NONE',  #9541 ) ;
#3087 = CARTESIAN_POINT ( 'NONE',  ( 11.35590445068957166, 0.9534028740753675013, 2.799999999999999822 ) ) ;
#3088 = LINE ( 'NONE', #11873, #12390 ) ;
#3089 = CARTESIAN_POINT ( 'NONE',  ( 14.35590445068958054, 0.3999999999999999667, -3.007045462299397620 ) ) ;
#3090 = CARTESIAN_POINT ( 'NONE',  ( 40.06771335206871498, 0.000000000000000000, -5.578152595329384233 ) ) ;
#3091 = CARTESIAN_POINT ( 'NONE',  ( 27.21180890137915753, 1.000000000000000000, -2.836630331739350641 ) ) ;
#3092 = EDGE_LOOP ( 'NONE', ( #2556, #2994, #3062, #6270 ) ) ;
#3093 = VERTEX_POINT ( 'NONE', #8212 ) ;
#3094 = ORIENTED_EDGE ( 'NONE', *, *, #9726, .T. ) ;
#3095 = CARTESIAN_POINT ( 'NONE',  ( 30.74397003035976894, 0.4000000000000000222, -2.240753535442239208 ) ) ;
#3096 = CARTESIAN_POINT ( 'NONE',  ( 12.11218955626952898, 0.000000000000000000, -3.000000000000000000 ) ) ;
#3097 = CARTESIAN_POINT ( 'NONE',  ( 27.21180890137915043, 0.4000000000000000222, 0.1662919268571563525 ) ) ;
#3098 = CARTESIAN_POINT ( 'NONE',  ( 11.35590445068957344, -1.000000000000000000, 0.3238172648295125633 ) ) ;
#3099 = DIRECTION ( 'NONE',  ( 0.000000000000000000, 1.000000000000000000, 0.000000000000000000 ) ) ;
#3100 = CARTESIAN_POINT ( 'NONE',  ( 37.06771335206872209, 2.000000000000000000, 1.739099631177264405 ) ) ;
#3101 = CARTESIAN_POINT ( 'NONE',  ( 35.28241186850554101, 0.4999999999999978351, -2.240753535442241873 ) ) ;
#3102 = CARTESIAN_POINT ( 'NONE',  ( 33.25032298226757632, 0.5320888862379536954, -0.9617579545435693822 ) ) ;
#3103 = CARTESIAN_POINT ( 'NONE',  ( 30.34397003035976681, 0.000000000000000000, -3.000000000000000000 ) ) ;
#3104 = CARTESIAN_POINT ( 'NONE',  ( 2.785301483563202840, 1.000000000000000000, -2.240753535442224553 ) ) ;
#3105 = ORIENTED_EDGE ( 'NONE', *, *, #8580, .T. ) ;
#3106 = VERTEX_POINT ( 'NONE', #2518 ) ;
#3107 = AXIS2_PLACEMENT_3D ( 'NONE', #6327, #4644, #9274 ) ;
#3108 = ORIENTED_EDGE ( 'NONE', *, *, #11650, .T. ) ;
#3109 = ORIENTED_EDGE ( 'NONE', *, *, #1402, .F. ) ;
#3110 = AXIS2_PLACEMENT_3D ( 'NONE', #3019, #4017, #9599 ) ;
#3111 = AXIS2_PLACEMENT_3D ( 'NONE', #10310, #4619, #12221 ) ;
#3112 = CARTESIAN_POINT ( 'NONE',  ( 34.62927151392296565, 0.000000000000000000, -1.000000000000000000 ) ) ;
#3113 = PLANE ( 'NONE',  #155 ) ;
#3114 = ADVANCED_FACE ( 'NONE', ( #1580 ), #12063, .F. ) ;
#3115 = DIRECTION ( 'NONE',  ( 1.141265444721583757E-16, 0.000000000000000000, -1.000000000000000000 ) ) ;
#3116 = EDGE_CURVE ( 'NONE', #533, #9880, #3404, .T. ) ;
#3117 = VECTOR ( 'NONE', #1384, 1000.000000000000000 ) ;
#3118 = DIRECTION ( 'NONE',  ( 0.000000000000000000, -1.000000000000000000, 0.000000000000000000 ) ) ;
#3119 = CIRCLE ( 'NONE', #10117, 2.000000000000000000 ) ;
#3120 = VERTEX_POINT ( 'NONE', #11050 ) ;
#3121 = ORIENTED_EDGE ( 'NONE', *, *, #7283, .F. ) ;
#3122 = ORIENTED_EDGE ( 'NONE', *, *, #7362, .F. ) ;
#3123 = ORIENTED_EDGE ( 'NONE', *, *, #4039, .F. ) ;
#3124 = CARTESIAN_POINT ( 'NONE',  ( 17.14120593425276695, 1.000000000000000000, -3.240753535442235211 ) ) ;
#3125 = ORIENTED_EDGE ( 'NONE', *, *, #7680, .T. ) ;
#3126 = AXIS2_PLACEMENT_3D ( 'NONE', #1681, #9389, #7311 ) ;
#3127 = AXIS2_PLACEMENT_3D ( 'NONE', #674, #9066, #8371 ) ;
#3128 = ADVANCED_FACE ( 'NONE', ( #2455 ), #6265, .F. ) ;
#3129 = LINE ( 'NONE', #5251, #6221 ) ;
#3130 = LINE ( 'NONE', #10661, #228 ) ;
#3131 = DIRECTION ( 'NONE',  ( -1.000000000000000000, -0.000000000000000000, 1.141265444721583757E-16 ) ) ;
#3132 = EDGE_CURVE ( 'NONE', #2, #7952, #9218, .T. ) ;
#3133 = DIRECTION ( 'NONE',  ( 1.000000000000000000, 0.000000000000000000, -1.141265444721583757E-16 ) ) ;
#3134 = FACE_OUTER_BOUND ( 'NONE', #10146, .T. ) ;
#3135 = AXIS2_PLACEMENT_3D ( 'NONE', #10813, #11697, #1279 ) ;
#3136 = VERTEX_POINT ( 'NONE', #9277 ) ;
#3137 = ORIENTED_EDGE ( 'NONE', *, *, #105, .F. ) ;
#3138 = CARTESIAN_POINT ( 'NONE',  ( 20.91070288349521533, 1.108489920217938574, -5.504954131106826409 ) ) ;
#3139 = ORIENTED_EDGE ( 'NONE', *, *, #8614, .F. ) ;
#3140 = DIRECTION ( 'NONE',  ( 1.000000000000000000, -0.000000000000000000, -0.000000000000000000 ) ) ;
#3141 = ORIENTED_EDGE ( 'NONE', *, *, #6367, .T. ) ;
#3142 = ORIENTED_EDGE ( 'NONE', *, *, #5104, .T. ) ;
#3143 = FACE_BOUND ( 'NONE', #5201, .T. ) ;
#3144 = DIRECTION ( 'NONE',  ( -0.6427876096865355882, -0.000000000000000000, 0.7660444431189811221 ) ) ;
#3145 = VECTOR ( 'NONE', #3842, 1000.000000000000000 ) ;
#3146 = LINE ( 'NONE', #1028, #4043 ) ;
#3147 = LINE ( 'NONE', #7789, #6762 ) ;
#3148 = EDGE_CURVE ( 'NONE', #821, #497, #5520, .T. ) ;
#3150 = EDGE_CURVE ( 'NONE', #1403, #2100, #8457, .T. ) ;
#3149 = DIRECTION ( 'NONE',  ( -1.000000000000000000, 0.000000000000000000, 1.141265444721583757E-16 ) ) ;
#3151 = CARTESIAN_POINT ( 'NONE',  ( 26.71180890137914332, 0.4999999999999978351, -1.000000000000000000 ) ) ;
#3152 = VECTOR ( 'NONE', #1118, 1000.000000000000000 ) ;
#3153 = LINE ( 'NONE', #6977, #8991 ) ;
#3154 = VERTEX_POINT ( 'NONE', #11427 ) ;
#3155 = VERTEX_POINT ( 'NONE', #9406 ) ;
#3156 = ORIENTED_EDGE ( 'NONE', *, *, #8399, .F. ) ;
#3157 = FACE_OUTER_BOUND ( 'NONE', #5664, .T. ) ;
#3158 = CARTESIAN_POINT ( 'NONE',  ( 2.785301483563193514, 0.000000000000000000, -0.2337080731428410607 ) ) ;
#3159 = CARTESIAN_POINT ( 'NONE',  ( 18.64120593425275629, 1.103464666456457577, -5.267169912107815044 ) ) ;
#3160 = DIRECTION ( 'NONE',  ( 7.097089222158424864E-15, 0.000000000000000000, 1.000000000000000000 ) ) ;
#3161 = AXIS2_PLACEMENT_3D ( 'NONE', #7161, #1344, #5162 ) ;
#3162 = CARTESIAN_POINT ( 'NONE',  ( 24.21180890137916109, 1.399999999999999911, -2.240753535442224553 ) ) ;
#3163 = CARTESIAN_POINT ( 'NONE',  ( 21.94622092667378155, 1.400000000000000355, -5.120578528970613164 ) ) ;
#3164 = AXIS2_PLACEMENT_3D ( 'NONE', #10125, #8243, #11903 ) ;
#3165 = CARTESIAN_POINT ( 'NONE',  ( 40.06771335206874340, 0.000000000000000000, -2.240753535442245425 ) ) ;
#3166 = EDGE_CURVE ( 'NONE', #8322, #7064, #8515, .T. ) ;
#3167 = EDGE_CURVE ( 'NONE', #7053, #109, #12248, .T. ) ;
#3168 = LINE ( 'NONE', #5861, #3926 ) ;
#3169 = CARTESIAN_POINT ( 'NONE',  ( 35.02927151392295713, 0.000000000000000000, -2.240753535442240096 ) ) ;
#3170 = ORIENTED_EDGE ( 'NONE', *, *, #1518, .T. ) ;
#3171 = ORIENTED_EDGE ( 'NONE', *, *, #2800, .F. ) ;
#3172 = ORIENTED_EDGE ( 'NONE', *, *, #3656, .T. ) ;
#3173 = ORIENTED_EDGE ( 'NONE', *, *, #5401, .F. ) ;
#3174 = VECTOR ( 'NONE', #1624, 1000.000000000000000 ) ;
#3175 = AXIS2_PLACEMENT_3D ( 'NONE', #3351, #5521, #6459 ) ;
#3176 = LINE ( 'NONE', #2360, #8326 ) ;
#3177 = DIRECTION ( 'NONE',  ( -1.141265444721583757E-16, 0.000000000000000000, 1.000000000000000000 ) ) ;
#3178 = CARTESIAN_POINT ( 'NONE',  ( 37.56771335206872209, 1.000000000000000000, -1.000000000000000000 ) ) ;
#3179 = VECTOR ( 'NONE', #9682, 1000.000000000000000 ) ;
#3180 = CARTESIAN_POINT ( 'NONE',  ( 18.17329482049072098, 0.5320888862379536954, -0.9617579545435693822 ) ) ;
#3181 = EDGE_CURVE ( 'NONE', #5137, #5808, #12309, .T. ) ;
#3182 = DIRECTION ( 'NONE',  ( 1.000000000000000000, -0.000000000000000000, -6.982962677686266711E-15 ) ) ;
#3183 = ORIENTED_EDGE ( 'NONE', *, *, #10669, .F. ) ;
#3184 = VERTEX_POINT ( 'NONE', #11175 ) ;
#3185 = EDGE_CURVE ( 'NONE', #7265, #4884, #9044, .T. ) ;
#3186 = ORIENTED_EDGE ( 'NONE', *, *, #7623, .T. ) ;
#3187 = ORIENTED_EDGE ( 'NONE', *, *, #4882, .F. ) ;
#3188 = ADVANCED_FACE ( 'NONE', ( #5462 ), #11475, .T. ) ;
#3189 = CARTESIAN_POINT ( 'NONE',  ( 18.64120593425276695, 0.4999999999999978351, -1.000000000000000000 ) ) ;
#3190 = VECTOR ( 'NONE', #1972, 1000.000000000000000 ) ;
#3191 = LINE ( 'NONE', #4255, #7831 ) ;
#3192 = DIRECTION ( 'NONE',  ( 0.000000000000000000, -1.000000000000000000, 0.000000000000000000 ) ) ;
#3193 = DIRECTION ( 'NONE',  ( 0.000000000000000000, 1.000000000000000000, 0.000000000000000000 ) ) ;
#3194 = DIRECTION ( 'NONE',  ( 0.000000000000000000, -1.000000000000000000, 0.000000000000000000 ) ) ;
#3195 = CARTESIAN_POINT ( 'NONE',  ( 29.99711038494233861, 1.000000000000000000, 0.8999999999999921396 ) ) ;
#3196 = VECTOR ( 'NONE', #2894, 1000.000000000000000 ) ;
#3197 = ORIENTED_EDGE ( 'NONE', *, *, #4765, .T. ) ;
#3198 = VERTEX_POINT ( 'NONE', #946 ) ;
#3199 = EDGE_CURVE ( 'NONE', #9685, #4791, #6395, .T. ) ;
#3200 = DIRECTION ( 'NONE',  ( 0.000000000000000000, 0.000000000000000000, -1.000000000000000000 ) ) ;
#3201 = VERTEX_POINT ( 'NONE', #6582 ) ;
#3202 = EDGE_CURVE ( 'NONE', #3136, #10298, #7459, .T. ) ;
#3203 = PLANE ( 'NONE',  #386 ) ;
#3204 = VERTEX_POINT ( 'NONE', #5586 ) ;
#3205 = DIRECTION ( 'NONE',  ( -0.000000000000000000, -1.000000000000000000, -0.000000000000000000 ) ) ;
#3206 = CARTESIAN_POINT ( 'NONE',  ( 32.78241186850552680, 0.9534028740753675013, 2.799999999999999822 ) ) ;
#3207 = PLANE ( 'NONE',  #2640 ) ;
#3208 = DIRECTION ( 'NONE',  ( 1.000000000000000000, -0.000000000000000000, -6.982962677686266711E-15 ) ) ;
#3209 = CARTESIAN_POINT ( 'NONE',  ( 38.91457299748616094, 0.000000000000000000, -3.000000000000000000 ) ) ;
#3210 = LINE ( 'NONE', #1155, #3736 ) ;
#3211 = EDGE_CURVE ( 'NONE', #8777, #4034, #11238, .T. ) ;
#3212 = DIRECTION ( 'NONE',  ( -3.093406186374441444E-32, -1.000000000000000000, -2.710505431213761085E-16 ) ) ;
#3213 = ORIENTED_EDGE ( 'NONE', *, *, #7754, .T. ) ;
#3214 = EDGE_CURVE ( 'NONE', #3724, #10708, #2697, .T. ) ;
#3215 = ORIENTED_EDGE ( 'NONE', *, *, #8665, .T. ) ;
#3216 = EDGE_LOOP ( 'NONE', ( #473, #11861, #2707, #6479 ) ) ;
#3217 = CARTESIAN_POINT ( 'NONE',  ( 0.000000000000000000, 2.000000000000000000, 1.739099631177264182 ) ) ;
#3218 = PLANE ( 'NONE',  #4738 ) ;
#3219 = EDGE_CURVE ( 'NONE', #6958, #9733, #827, .T. ) ;
#3220 = CARTESIAN_POINT ( 'NONE',  ( 15.64120593425275629, 1.103464568314089123, -5.267165293036052631 ) ) ;
#3221 = DIRECTION ( 'NONE',  ( -1.000000000000000000, -0.000000000000000000, -0.000000000000000000 ) ) ;
#3222 = DIRECTION ( 'NONE',  ( -7.097089222158424864E-15, 0.000000000000000000, -1.000000000000000000 ) ) ;
#3223 = AXIS2_PLACEMENT_3D ( 'NONE', #7257, #8254, #10265 ) ;
#3224 = CARTESIAN_POINT ( 'NONE',  ( 1.500000000000011990, 1.399999999999999911, -2.240753535442245425 ) ) ;
#3225 = VECTOR ( 'NONE', #2012, 1000.000000000000000 ) ;
#3226 = CARTESIAN_POINT ( 'NONE',  ( 13.37309247536452972, 6.728843058598058429E-16, -5.900668485670308883 ) ) ;
#3227 = CARTESIAN_POINT ( 'NONE',  ( 25.14677652294180277, 1.108502809461048733, -5.505567396206785702 ) ) ;
#3228 = DIRECTION ( 'NONE',  ( 7.097089222158425653E-15, -0.000000000000000000, 1.000000000000000000 ) ) ;
#3229 = ORIENTED_EDGE ( 'NONE', *, *, #192, .F. ) ;
#3230 = EDGE_LOOP ( 'NONE', ( #6377, #5754, #8089, #5926 ) ) ;
#3231 = EDGE_CURVE ( 'NONE', #8173, #1339, #5643, .T. ) ;
#3232 = ORIENTED_EDGE ( 'NONE', *, *, #5710, .F. ) ;
#3233 = ORIENTED_EDGE ( 'NONE', *, *, #7785, .F. ) ;
#3234 = VECTOR ( 'NONE', #2299, 1000.000000000000114 ) ;
#3235 = DIRECTION ( 'NONE',  ( 0.000000000000000000, 1.000000000000000000, 0.000000000000000000 ) ) ;
#3236 = CARTESIAN_POINT ( 'NONE',  ( 31.49711038494234217, 1.000000000000000000, -3.007045462299398952 ) ) ;
#3237 = AXIS2_PLACEMENT_3D ( 'NONE', #8723, #3026, #3901 ) ;
#3238 = EDGE_CURVE ( 'NONE', #11978, #4929, #884, .T. ) ;
#3239 = DIRECTION ( 'NONE',  ( 1.000000000000000000, -0.000000000000000000, -6.982962677686266711E-15 ) ) ;
#3240 = ADVANCED_FACE ( 'NONE', ( #3766 ), #1886, .F. ) ;
#3241 = DIRECTION ( 'NONE',  ( 0.000000000000000000, 1.000000000000000000, 0.000000000000000000 ) ) ;
#3242 = FACE_OUTER_BOUND ( 'NONE', #12290, .T. ) ;
#3243 = DIRECTION ( 'NONE',  ( -1.000000000000000000, 0.000000000000000000, 0.000000000000000000 ) ) ;
#3244 = VECTOR ( 'NONE', #4402, 1000.000000000000000 ) ;
#3245 = CARTESIAN_POINT ( 'NONE',  ( 1.500000000000007772, 1.000000000000000000, -2.836630331739350641 ) ) ;
#3246 = VECTOR ( 'NONE', #10045, 1000.000000000000114 ) ;
#3247 = ORIENTED_EDGE ( 'NONE', *, *, #7271, .F. ) ;
#3248 = ORIENTED_EDGE ( 'NONE', *, *, #1501, .T. ) ;
#3249 = ORIENTED_EDGE ( 'NONE', *, *, #5816, .F. ) ;
#3250 = ORIENTED_EDGE ( 'NONE', *, *, #6143, .T. ) ;
#3251 = CARTESIAN_POINT ( 'NONE',  ( 34.28241894852663307, 0.000000000000000000, -1.007180904292219514 ) ) ;
#3252 = DIRECTION ( 'NONE',  ( 0.000000000000000000, 0.000000000000000000, 1.000000000000000000 ) ) ;
#3253 = CARTESIAN_POINT ( 'NONE',  ( 35.78241186850553390, 1.000000000000000000, -1.000000000000000000 ) ) ;
#3254 = CARTESIAN_POINT ( 'NONE',  ( 29.65339549052229629, 0.4000000000000000222, -3.000000000000000000 ) ) ;
#3255 = ADVANCED_FACE ( 'NONE', ( #9 ), #10217, .F. ) ;
#3256 = FACE_OUTER_BOUND ( 'NONE', #10269, .T. ) ;
#3257 = LINE ( 'NONE', #5073, #5582 ) ;
#3258 = VERTEX_POINT ( 'NONE', #9829 ) ;
#3259 = ORIENTED_EDGE ( 'NONE', *, *, #5547, .F. ) ;
#3260 = DIRECTION ( 'NONE',  ( 1.000000000000000000, -0.000000000000000000, -0.000000000000000000 ) ) ;
#3261 = ORIENTED_EDGE ( 'NONE', *, *, #1184, .F. ) ;
#3262 = DIRECTION ( 'NONE',  ( 0.5407162030609332648, 0.5407162030609377057, -0.6444004775717739886 ) ) ;
#3263 = PLANE ( 'NONE',  #9587 ) ;
#3264 = ORIENTED_EDGE ( 'NONE', *, *, #8666, .T. ) ;
#3265 = CARTESIAN_POINT ( 'NONE',  ( 38.50000000000001421, 0.000000000000000000, -3.007045462299399841 ) ) ;
#3266 = CARTESIAN_POINT ( 'NONE',  ( 7.070602967126394134, 0.000000000000000000, -2.240753535442224553 ) ) ;
#3267 = EDGE_CURVE ( 'NONE', #11060, #1123, #6954, .T. ) ;
#3268 = PLANE ( 'NONE',  #245 ) ;
#3269 = CARTESIAN_POINT ( 'NONE',  ( 1.500000000000011990, 0.000000000000000000, -2.240753535442245425 ) ) ;
#3270 = EDGE_CURVE ( 'NONE', #7414, #4791, #10663, .T. ) ;
#3271 = CARTESIAN_POINT ( 'NONE',  ( 7.398364363392551546, 0.6722386037338298204, -0.7947340252167955921 ) ) ;
#3272 = LINE ( 'NONE', #8975, #3707 ) ;
#3273 = CARTESIAN_POINT ( 'NONE',  ( -1.015228504149125355, 1.399999999999999911, -5.033282760356246222 ) ) ;
#3274 = ORIENTED_EDGE ( 'NONE', *, *, #11269, .F. ) ;
#3275 = VERTEX_POINT ( 'NONE', #2078 ) ;
#3276 = ORIENTED_EDGE ( 'NONE', *, *, #9091, .F. ) ;
#3277 = CARTESIAN_POINT ( 'NONE',  ( 15.64120593425276340, 2.000000000000000000, 2.799999999999999822 ) ) ;
#3278 = DIRECTION ( 'NONE',  ( 0.000000000000000000, 0.000000000000000000, -1.000000000000000000 ) ) ;
#3279 = CARTESIAN_POINT ( 'NONE',  ( 26.05866854679657862, 0.000000000000000000, -1.000000000000000000 ) ) ;
#3280 = LINE ( 'NONE', #11002, #3961 ) ;
#3281 = EDGE_CURVE ( 'NONE', #4360, #2575, #11488, .T. ) ;
#3282 = DIRECTION ( 'NONE',  ( -1.141265444721583757E-16, 0.000000000000000000, 1.000000000000000000 ) ) ;
#3283 = FACE_OUTER_BOUND ( 'NONE', #112, .T. ) ;
#3284 = ADVANCED_FACE ( 'NONE', ( #1137 ), #1199, .F. ) ;
#3285 = CARTESIAN_POINT ( 'NONE',  ( 13.37309247536453150, 1.115317123975225533, -5.586345496996282911 ) ) ;
#3286 = CARTESIAN_POINT ( 'NONE',  ( 14.35590445068958587, 0.3999999999999999667, -2.240753535442245425 ) ) ;
#3287 = DIRECTION ( 'NONE',  ( 0.000000000000000000, -1.000000000000000000, 0.000000000000000000 ) ) ;
#3288 = ORIENTED_EDGE ( 'NONE', *, *, #4631, .F. ) ;
#3289 = VERTEX_POINT ( 'NONE', #1258 ) ;
#3290 =( BOUNDED_SURFACE ( )  B_SPLINE_SURFACE ( 3, 2, ( 
 ( #11995, #7144, #10978 ),
 ( #2390, #6200, #1447 ),
 ( #9084, #502, #4328 ),
 ( #3395, #10570, #5675 ),
 ( #1990, #1863, #8488 ),
 ( #5619, #11402, #108 ) ),
 .UNSPECIFIED., .F., .F., .F. ) 
 B_SPLINE_SURFACE_WITH_KNOTS ( ( 4, 2, 4 ),
 ( 3, 3 ),
 ( 0.001360458961287221635, 0.002901564996485919961, 0.004442671031684618070 ),
 ( 0.000000000000000000, 1.000000000000000000 ),
 .UNSPECIFIED. ) 
 GEOMETRIC_REPRESENTATION_ITEM ( )  RATIONAL_B_SPLINE_SURFACE ( (
 ( 1.000000000000000000, 0.7924374031725291978, 1.000000000000000000),
 ( 1.000000000000000000, 0.7956711654295673952, 1.000000000000000000),
 ( 1.000000000000000000, 0.7972631388398050412, 1.000000000000000000),
 ( 1.000000000000000000, 0.7972633761834646560, 1.000000000000000000),
 ( 1.000000000000000000, 0.7956584909370890690, 1.000000000000000000),
 ( 1.000000000000000000, 0.7924371217378710641, 1.000000000000000000) ) ) 
 REPRESENTATION_ITEM ( '' )  SURFACE ( )  );
#3291 = ORIENTED_EDGE ( 'NONE', *, *, #11688, .T. ) ;
#3292 = ORIENTED_EDGE ( 'NONE', *, *, #4051, .F. ) ;
#3293 = DIRECTION ( 'NONE',  ( -1.000000000000000000, 0.000000000000000000, 0.000000000000000000 ) ) ;
#3294 = VECTOR ( 'NONE', #11062, 1000.000000000000000 ) ;
#3295 = LINE ( 'NONE', #11900, #1934 ) ;
#3296 = CARTESIAN_POINT ( 'NONE',  ( 1.499999999999994005, 1.399999999999999911, -4.858578065624948650 ) ) ;
#3297 = DIRECTION ( 'NONE',  ( 0.000000000000000000, -0.000000000000000000, -1.000000000000000000 ) ) ;
#3298 = CARTESIAN_POINT ( 'NONE',  ( 36.91773696745929811, 1.102365630357457826, -5.215502924329152634 ) ) ;
#3299 = EDGE_CURVE ( 'NONE', #11262, #4897, #5886, .T. ) ;
#3300 = EDGE_CURVE ( 'NONE', #10488, #11908, #672, .T. ) ;
#3301 = CARTESIAN_POINT ( 'NONE',  ( 40.06771335206874340, 1.399999999999999911, -2.240753535442245425 ) ) ;
#3302 = VECTOR ( 'NONE', #5581, 1000.000000000000000 ) ;
#3303 = DIRECTION ( 'NONE',  ( 7.097089222158425653E-15, -0.000000000000000000, 1.000000000000000000 ) ) ;
#3304 = AXIS2_PLACEMENT_3D ( 'NONE', #9158, #8085, #6208 ) ;
#3305 = ADVANCED_FACE ( 'NONE', ( #4070 ), #6705, .F. ) ;
#3306 = ORIENTED_EDGE ( 'NONE', *, *, #2425, .F. ) ;
#3307 = VERTEX_POINT ( 'NONE', #8773 ) ;
#3308 = VECTOR ( 'NONE', #8058, 1000.000000000000000 ) ;
#3309 = EDGE_CURVE ( 'NONE', #3974, #3870, #8650, .T. ) ;
#3310 = ORIENTED_EDGE ( 'NONE', *, *, #6248, .F. ) ;
#3311 = ORIENTED_EDGE ( 'NONE', *, *, #12073, .F. ) ;
#3312 = PLANE ( 'NONE',  #1321 ) ;
#3313 = PLANE ( 'NONE',  #8226 ) ;
#3314 = VECTOR ( 'NONE', #10271, 1000.000000000000000 ) ;
#3315 = CARTESIAN_POINT ( 'NONE',  ( 38.50000000000001421, 0.000000000000000000, -3.407045462299400196 ) ) ;
#3316 = DIRECTION ( 'NONE',  ( -1.000000000000000000, 0.000000000000000000, 0.000000000000000000 ) ) ;
#3317 = VECTOR ( 'NONE', #2903, 1000.000000000000000 ) ;
#3318 = CARTESIAN_POINT ( 'NONE',  ( 1.500000000000000444, 1.000000000000000000, 2.799999999999999822 ) ) ;
#3319 = LINE ( 'NONE', #3447, #10829 ) ;
#3320 = ADVANCED_FACE ( 'NONE', ( #10722 ), #9651, .F. ) ;
#3321 = ORIENTED_EDGE ( 'NONE', *, *, #6632, .F. ) ;
#3322 = ORIENTED_EDGE ( 'NONE', *, *, #10192, .F. ) ;
#3323 = EDGE_CURVE ( 'NONE', #7687, #5533, #316, .T. ) ;
#3324 = LINE ( 'NONE', #9894, #7304 ) ;
#3325 = EDGE_LOOP ( 'NONE', ( #427, #6073, #11610, #4867, #4074, #1822, #6944, #10650, #2995, #4159, #937 ) ) ;
#3326 = CARTESIAN_POINT ( 'NONE',  ( 2.785301483563202840, 1.000000000000000000, -2.240753535442224553 ) ) ;
#3327 = VECTOR ( 'NONE', #11102, 1000.000000000000000 ) ;
#3328 = VECTOR ( 'NONE', #5769, 1000.000000000000000 ) ;
#3329 = CARTESIAN_POINT ( 'NONE',  ( 19.92650741781596935, 0.000000000000000000, -2.240753535442224553 ) ) ;
#3330 = ORIENTED_EDGE ( 'NONE', *, *, #9821, .T. ) ;
#3331 = FACE_OUTER_BOUND ( 'NONE', #3942, .T. ) ;
#3332 = DIRECTION ( 'NONE',  ( 0.000000000000000000, -1.000000000000000000, 0.000000000000000000 ) ) ;
#3333 = CARTESIAN_POINT ( 'NONE',  ( 37.06771335206872919, 1.000000000000000000, -2.836630331739329769 ) ) ;
#3334 = CARTESIAN_POINT ( 'NONE',  ( 1.500000000000000000, 1.000000000000000000, -1.000000000000000000 ) ) ;
#3335 = VECTOR ( 'NONE', #5096, 1000.000000000000000 ) ;
#3336 = VECTOR ( 'NONE', #10805, 1000.000000000000000 ) ;
#3337 = CARTESIAN_POINT ( 'NONE',  ( 15.64120593425277050, 0.4000000000000000222, -3.007045462299397620 ) ) ;
#3338 = FACE_OUTER_BOUND ( 'NONE', #889, .T. ) ;
#3339 = CARTESIAN_POINT ( 'NONE',  ( 37.06771335206872209, 1.000000000000000000, -4.040753535442224376 ) ) ;
#3340 = ORIENTED_EDGE ( 'NONE', *, *, #950, .F. ) ;
#3341 = EDGE_CURVE ( 'NONE', #5817, #12138, #2137, .T. ) ;
#3342 = ORIENTED_EDGE ( 'NONE', *, *, #1595, .T. ) ;
#3343 = ORIENTED_EDGE ( 'NONE', *, *, #6990, .F. ) ;
#3344 = VECTOR ( 'NONE', #1392, 1000.000000000000000 ) ;
#3345 = CARTESIAN_POINT ( 'NONE',  ( 35.78241186850553390, 0.4000000000000000222, -0.2337080731428450575 ) ) ;
#3346 = DIRECTION ( 'NONE',  ( -1.141265444721583757E-16, 0.000000000000000000, -1.000000000000000000 ) ) ;
#3347 = EDGE_CURVE ( 'NONE', #11668, #2828, #7886, .T. ) ;
#3348 = CARTESIAN_POINT ( 'NONE',  ( 24.21180890137914687, 0.000000000000000000, -0.4041232037028950064 ) ) ;
#3349 = CARTESIAN_POINT ( 'NONE',  ( 30.25200424065338112, 1.400000000000000133, -5.120689233910753480 ) ) ;
#3350 = CARTESIAN_POINT ( 'NONE',  ( 3.285301483563205061, 1.000000000000000000, -2.240753535442228106 ) ) ;
#3351 = CARTESIAN_POINT ( 'NONE',  ( 16.79749103983272107, 0.000000000000000000, -3.000000000000000000 ) ) ;
#3352 = AXIS2_PLACEMENT_3D ( 'NONE', #5869, #2806, #5747 ) ;
#3353 = DIRECTION ( 'NONE',  ( -1.000000000000000000, 0.000000000000000000, -1.141265444721583757E-16 ) ) ;
#3354 = LINE ( 'NONE', #5353, #4337 ) ;
#3355 = CARTESIAN_POINT ( 'NONE',  ( 40.06771335206874340, 0.000000000000000000, -2.240753535442245425 ) ) ;
#3356 = ORIENTED_EDGE ( 'NONE', *, *, #10985, .F. ) ;
#3357 = ORIENTED_EDGE ( 'NONE', *, *, #1888, .T. ) ;
#3358 = ADVANCED_FACE ( 'NONE', ( #11675 ), #9772, .T. ) ;
#3359 = B_SPLINE_CURVE_WITH_KNOTS ( 'NONE', 3,
 ( #6804, #3919, #2049, #43, #11517, #8677 ),
 .UNSPECIFIED., .F., .F.,
 ( 4, 2, 4 ),
 ( 0.000000000000000000, 0.0002694863184573004482, 0.0005389726369146008965 ),
 .UNSPECIFIED. ) ;
#3360 = ORIENTED_EDGE ( 'NONE', *, *, #831, .F. ) ;
#3361 = VERTEX_POINT ( 'NONE', #9594 ) ;
#3362 = ORIENTED_EDGE ( 'NONE', *, *, #7640, .F. ) ;
#3363 = DIRECTION ( 'NONE',  ( 0.000000000000000000, -1.000000000000000000, 0.000000000000000000 ) ) ;
#3364 = DIRECTION ( 'NONE',  ( -1.000000000000000000, 0.000000000000000000, 6.982962677686266711E-15 ) ) ;
#3365 = ADVANCED_FACE ( 'NONE', ( #1014 ), #6776, .F. ) ;
#3366 = VECTOR ( 'NONE', #12321, 1000.000000000000000 ) ;
#3367 = CARTESIAN_POINT ( 'NONE',  ( 22.42650741781595514, 0.000000000000000000, -1.000000000000000000 ) ) ;
#3368 = AXIS2_PLACEMENT_3D ( 'NONE', #7545, #4673, #1910 ) ;
#3369 = CARTESIAN_POINT ( 'NONE',  ( 29.99711038494234217, 1.399999999999999911, -3.240753535442235211 ) ) ;
#3370 = CARTESIAN_POINT ( 'NONE',  ( 39.12298968590266668, 1.400000000000169997, -5.423430774507966845 ) ) ;
#3371 = DIRECTION ( 'NONE',  ( 6.868836133214108557E-15, 0.000000000000000000, 1.000000000000000000 ) ) ;
#3372 = DIRECTION ( 'NONE',  ( 1.141265444721583757E-16, -2.710505431213761085E-16, 1.000000000000000000 ) ) ;
#3373 = VECTOR ( 'NONE', #198, 1000.000000000000000 ) ;
#3374 = VERTEX_POINT ( 'NONE', #10845 ) ;
#3375 = VERTEX_POINT ( 'NONE', #2259 ) ;
#3376 = AXIS2_PLACEMENT_3D ( 'NONE', #9956, #1380, #5197 ) ;
#3377 = ORIENTED_EDGE ( 'NONE', *, *, #5904, .T. ) ;
#3378 = ORIENTED_EDGE ( 'NONE', *, *, #4383, .F. ) ;
#3379 = CARTESIAN_POINT ( 'NONE',  ( 33.53869697408548234, 0.000000000000000000, -3.000000000000000000 ) ) ;
#3380 = ORIENTED_EDGE ( 'NONE', *, *, #9860, .F. ) ;
#3381 = CARTESIAN_POINT ( 'NONE',  ( 5.785301483563191738, 2.000000000000000000, 2.799999999999999822 ) ) ;
#3382 = VECTOR ( 'NONE', #6018, 1000.000000000000000 ) ;
#3383 = EDGE_CURVE ( 'NONE', #1807, #8777, #6314, .T. ) ;
#3384 = LINE ( 'NONE', #2313, #2822 ) ;
#3385 = CARTESIAN_POINT ( 'NONE',  ( 33.28241186850554101, 0.4999999999999978351, -2.240753535442228106 ) ) ;
#3386 = B_SPLINE_CURVE_WITH_KNOTS ( 'NONE', 3,
 ( #9203, #2379, #624, #8255, #8196, #11225 ),
 .UNSPECIFIED., .F., .F.,
 ( 4, 2, 4 ),
 ( 0.000000000000000000, 0.0002694863184573006651, 0.0005389726369146013302 ),
 .UNSPECIFIED. ) ;
#3387 = AXIS2_PLACEMENT_3D ( 'NONE', #6583, #1827, #4704 ) ;
#3388 = DIRECTION ( 'NONE',  ( -0.000000000000000000, -1.000000000000000000, -0.000000000000000000 ) ) ;
#3389 = LINE ( 'NONE', #4389, #4022 ) ;
#3390 = ORIENTED_EDGE ( 'NONE', *, *, #7984, .T. ) ;
#3391 = ORIENTED_EDGE ( 'NONE', *, *, #12023, .T. ) ;
#3392 = DIRECTION ( 'NONE',  ( -0.5407162030609422576, 0.5407162030609375947, -0.6444004775717664391 ) ) ;
#3393 = ORIENTED_EDGE ( 'NONE', *, *, #443, .F. ) ;
#3394 = VECTOR ( 'NONE', #6224, 999.9999999999998863 ) ;
#3395 = CARTESIAN_POINT ( 'NONE',  ( 9.090316475984657529, 1.400000000000000355, -5.120578528970613164 ) ) ;
#3397 = ADVANCED_FACE ( 'NONE', ( #6068 ), #7198, .F. ) ;
#3396 = ORIENTED_EDGE ( 'NONE', *, *, #2884, .F. ) ;
#3398 = FACE_BOUND ( 'NONE', #10071, .T. ) ;
#3399 = DIRECTION ( 'NONE',  ( 0.000000000000000000, 1.000000000000000000, 0.000000000000000000 ) ) ;
#3400 = ADVANCED_FACE ( 'NONE', ( #9017 ), #6127, .T. ) ;
#3401 = CARTESIAN_POINT ( 'NONE',  ( 28.49711038494232795, 8.673617379884035472E-16, -5.578147948598759065 ) ) ;
#3402 = DIRECTION ( 'NONE',  ( 0.000000000000000000, 3.577867169202164632E-15, 1.000000000000000000 ) ) ;
#3403 = EDGE_CURVE ( 'NONE', #7250, #11471, #6251, .T. ) ;
#3404 = LINE ( 'NONE', #3460, #447 ) ;
#3405 = FACE_OUTER_BOUND ( 'NONE', #7466, .T. ) ;
#3406 = CARTESIAN_POINT ( 'NONE',  ( 32.78241186850552680, 0.000000000000000000, -0.4041232037028952284 ) ) ;
#3407 = DIRECTION ( 'NONE',  ( -1.000000000000000000, 0.000000000000000000, 6.868836133214108557E-15 ) ) ;
#3408 = ORIENTED_EDGE ( 'NONE', *, *, #8005, .T. ) ;
#3409 = ORIENTED_EDGE ( 'NONE', *, *, #4000, .T. ) ;
#3410 = VERTEX_POINT ( 'NONE', #1379 ) ;
#3411 = CARTESIAN_POINT ( 'NONE',  ( 32.78241186850552680, 1.000000000000000000, 0.3238172648295121747 ) ) ;
#3412 = CARTESIAN_POINT ( 'NONE',  ( 38.50000000000001421, 0.4000000000000000222, 0.1662919268571550480 ) ) ;
#3413 = DIRECTION ( 'NONE',  ( -1.000000000000000000, 0.000000000000000000, 0.000000000000000000 ) ) ;
#3414 = DIRECTION ( 'NONE',  ( 0.000000000000000000, -0.000000000000000000, -1.000000000000000000 ) ) ;
#3415 = DIRECTION ( 'NONE',  ( -1.000000000000000000, 0.000000000000000000, -1.141265444721583757E-16 ) ) ;
#3416 = DIRECTION ( 'NONE',  ( 1.000000000000000000, 0.000000000000000000, 0.000000000000000000 ) ) ;
#3417 = CARTESIAN_POINT ( 'NONE',  ( 19.92650741781595514, 1.000000000000000000, 2.799999999999999822 ) ) ;
#3418 = CARTESIAN_POINT ( 'NONE',  ( 24.21180890137914687, 2.000000000000000000, 2.799999999999999822 ) ) ;
#3419 = ORIENTED_EDGE ( 'NONE', *, *, #12356, .T. ) ;
#3420 = ORIENTED_EDGE ( 'NONE', *, *, #6348, .T. ) ;
#3421 = ORIENTED_EDGE ( 'NONE', *, *, #11525, .F. ) ;
#3422 = VERTEX_POINT ( 'NONE', #5254 ) ;
#3423 = EDGE_LOOP ( 'NONE', ( #2889, #5054, #7107, #12085 ) ) ;
#3424 = DIRECTION ( 'NONE',  ( 1.000000000000000000, -0.000000000000000000, -0.000000000000000000 ) ) ;
#3425 = CARTESIAN_POINT ( 'NONE',  ( 10.07060296712638170, 1.000000000000000000, -4.040753535442245692 ) ) ;
#3426 = VECTOR ( 'NONE', #2257, 1000.000000000000000 ) ;
#3427 = FACE_OUTER_BOUND ( 'NONE', #660, .T. ) ;
#3428 = CARTESIAN_POINT ( 'NONE',  ( 14.35590445068957166, 0.000000000000000000, -0.2337080731428423652 ) ) ;
#3429 = CARTESIAN_POINT ( 'NONE',  ( 0.3468596454174303068, 0.000000000000000000, -2.240753535442237432 ) ) ;
#3430 = PLANE ( 'NONE',  #4711 ) ;
#3431 = EDGE_CURVE ( 'NONE', #7038, #4499, #5196, .T. ) ;
#3432 = DIRECTION ( 'NONE',  ( -1.000000000000000000, -0.000000000000000000, 6.982962677686266711E-15 ) ) ;
#3434 = ORIENTED_EDGE ( 'NONE', *, *, #1830, .F. ) ;
#3433 = AXIS2_PLACEMENT_3D ( 'NONE', #4100, #4044, #1225 ) ;
#3435 = VERTEX_POINT ( 'NONE', #380 ) ;
#3436 = ORIENTED_EDGE ( 'NONE', *, *, #5121, .T. ) ;
#3437 = VECTOR ( 'NONE', #11028, 1000.000000000000114 ) ;
#3438 = ORIENTED_EDGE ( 'NONE', *, *, #6992, .T. ) ;
#3439 = DIRECTION ( 'NONE',  ( -1.000000000000000000, -0.000000000000000000, 1.141265444721583757E-16 ) ) ;
#3440 = EDGE_LOOP ( 'NONE', ( #7734, #3960, #4127, #2504 ) ) ;
#3441 = LINE ( 'NONE', #9261, #8024 ) ;
#3442 = PLANE ( 'NONE',  #4228 ) ;
#3443 = CARTESIAN_POINT ( 'NONE',  ( 14.35590445068957166, 0.000000000000000000, 0.1662919268571577958 ) ) ;
#3444 = VECTOR ( 'NONE', #6458, 1000.000000000000000 ) ;
#3445 = DIRECTION ( 'NONE',  ( -1.355252715606880543E-16, -1.000000000000000000, 0.000000000000000000 ) ) ;
#3446 = AXIS2_PLACEMENT_3D ( 'NONE', #7517, #638, #765 ) ;
#3447 = CARTESIAN_POINT ( 'NONE',  ( 24.21180890137914687, 0.000000000000000000, -1.000000000000000000 ) ) ;
#3448 = EDGE_CURVE ( 'NONE', #10258, #835, #9888, .T. ) ;
#3449 = ORIENTED_EDGE ( 'NONE', *, *, #1400, .T. ) ;
#3450 = ORIENTED_EDGE ( 'NONE', *, *, #511, .F. ) ;
#3451 = CARTESIAN_POINT ( 'NONE',  ( -0.3437148944200444367, 0.4000000000000000222, -1.000000000000000000 ) ) ;
#3452 = EDGE_LOOP ( 'NONE', ( #5291, #10636, #2573, #7124 ) ) ;
#3453 = DIRECTION ( 'NONE',  ( 1.000000000000000000, 0.000000000000000000, -7.097089222158424864E-15 ) ) ;
#3454 = EDGE_CURVE ( 'NONE', #4142, #7820, #4136, .T. ) ;
#3455 = LINE ( 'NONE', #12179, #6920 ) ;
#3456 = ORIENTED_EDGE ( 'NONE', *, *, #796, .F. ) ;
#3457 = DIRECTION ( 'NONE',  ( -1.141265444721583757E-16, -0.000000000000000000, -1.000000000000000000 ) ) ;
#3458 = DIRECTION ( 'NONE',  ( 1.000000000000000000, 0.000000000000000000, -6.982962677686266711E-15 ) ) ;
#3459 = CARTESIAN_POINT ( 'NONE',  ( 14.35590445068956456, 1.103464666456457577, -5.267169912107815044 ) ) ;
#3460 = CARTESIAN_POINT ( 'NONE',  ( -1.500000000000000444, 0.9534028740753675013, 2.799999999999999822 ) ) ;
#3461 = EDGE_CURVE ( 'NONE', #3034, #1620, #4201, .T. ) ;
#3462 = LINE ( 'NONE', #7088, #12347 ) ;
#3463 = LINE ( 'NONE', #11878, #4305 ) ;
#3464 = LINE ( 'NONE', #5212, #7987 ) ;
#3466 = ORIENTED_EDGE ( 'NONE', *, *, #4521, .T. ) ;
#3465 = EDGE_CURVE ( 'NONE', #7574, #11940, #11919, .T. ) ;
#3467 = ADVANCED_FACE ( 'NONE', ( #3256 ), #10905, .F. ) ;
#3468 = VERTEX_POINT ( 'NONE', #11983 ) ;
#3469 = ORIENTED_EDGE ( 'NONE', *, *, #3048, .T. ) ;
#3470 = CARTESIAN_POINT ( 'NONE',  ( 35.78241186850554101, 1.000000000000000000, -3.007045462299399396 ) ) ;
#3471 = LINE ( 'NONE', #463, #7744 ) ;
#3472 = LINE ( 'NONE', #11001, #6845 ) ;
#3473 = CARTESIAN_POINT ( 'NONE',  ( 28.49711038494233861, 2.000000000000000000, 2.799999999999999822 ) ) ;
#3474 = CARTESIAN_POINT ( 'NONE',  ( 39.89730949256077253, 0.7834631812238953552, -0.6072026154634240225 ) ) ;
#3475 = CARTESIAN_POINT ( 'NONE',  ( 12.33871542691357170, 1.115317123975225533, -5.586343894839111535 ) ) ;
#3476 = FACE_OUTER_BOUND ( 'NONE', #4479, .T. ) ;
#3477 = LINE ( 'NONE', #9236, #1793 ) ;
#3478 = EDGE_LOOP ( 'NONE', ( #10761, #9718, #6692, #12228 ) ) ;
#3479 = ORIENTED_EDGE ( 'NONE', *, *, #6044, .F. ) ;
#3480 = ORIENTED_EDGE ( 'NONE', *, *, #10893, .T. ) ;
#3481 = ORIENTED_EDGE ( 'NONE', *, *, #6652, .F. ) ;
#3482 = VERTEX_POINT ( 'NONE', #2316 ) ;
#3483 = DIRECTION ( 'NONE',  ( 4.488561888120282676E-15, 0.7660444431189767922, 0.6427876096865409172 ) ) ;
#3484 = CARTESIAN_POINT ( 'NONE',  ( 38.50000000000001421, 0.000000000000000000, -3.007045462299399841 ) ) ;
#3485 = LINE ( 'NONE', #11328, #11778 ) ;
#3486 = DIRECTION ( 'NONE',  ( -1.000000000000000000, 0.000000000000000000, 6.982962677686266711E-15 ) ) ;
#3487 = CARTESIAN_POINT ( 'NONE',  ( 37.54121457064633915, 1.400000000000000355, -5.031499608973076576 ) ) ;
#3488 = CARTESIAN_POINT ( 'NONE',  ( 38.56771335206872209, 0.000000000000000000, 1.999999999999998224 ) ) ;
#3489 = LINE ( 'NONE', #1614, #4527 ) ;
#3490 = ORIENTED_EDGE ( 'NONE', *, *, #6530, .F. ) ;
#3491 = ORIENTED_EDGE ( 'NONE', *, *, #2440, .T. ) ;
#3492 = EDGE_LOOP ( 'NONE', ( #428, #6317, #3156, #5292 ) ) ;
#3493 = ORIENTED_EDGE ( 'NONE', *, *, #8258, .T. ) ;
#3494 = EDGE_CURVE ( 'NONE', #5434, #1573, #9954, .T. ) ;
#3495 = DIRECTION ( 'NONE',  ( 0.6427876096865409172, -0.000000000000000000, -0.7660444431189766812 ) ) ;
#3496 = ORIENTED_EDGE ( 'NONE', *, *, #5545, .T. ) ;
#3497 = CARTESIAN_POINT ( 'NONE',  ( 15.96896733051893236, 0.6722386037338308196, -0.7947340252167942598 ) ) ;
#3498 = EDGE_CURVE ( 'NONE', #9854, #7007, #10968, .T. ) ;
#3499 = DIRECTION ( 'NONE',  ( 5.626621160408424545E-15, -0.5735764363510473807, 0.8191520442889909104 ) ) ;
#3500 = CARTESIAN_POINT ( 'NONE',  ( 24.21180890137914332, 1.372383960302707484, -5.038967344092047718 ) ) ;
#3501 = VECTOR ( 'NONE', #11309, 1000.000000000000000 ) ;
#3502 = LINE ( 'NONE', #3567, #8156 ) ;
#3503 = CARTESIAN_POINT ( 'NONE',  ( 28.49711038494233861, 0.000000000000000000, -0.4041232037028952284 ) ) ;
#3504 = AXIS2_PLACEMENT_3D ( 'NONE', #1285, #10819, #5860 ) ;
#3505 = ORIENTED_EDGE ( 'NONE', *, *, #8205, .F. ) ;
#3506 = VERTEX_POINT ( 'NONE', #1496 ) ;
#3507 = CARTESIAN_POINT ( 'NONE',  ( 16.14120593425277761, 0.000000000000000000, -2.240753535442228106 ) ) ;
#3508 = EDGE_LOOP ( 'NONE', ( #4697, #1667, #10973, #12086 ) ) ;
#3509 = EDGE_CURVE ( 'NONE', #7064, #10195, #1564, .T. ) ;
#3510 = VECTOR ( 'NONE', #6901, 1000.000000000000000 ) ;
#3511 = LINE ( 'NONE', #9271, #4120 ) ;
#3512 = ORIENTED_EDGE ( 'NONE', *, *, #11827, .F. ) ;
#3513 = VECTOR ( 'NONE', #3577, 1000.000000000000000 ) ;
#3514 = VECTOR ( 'NONE', #5368, 1000.000000000000114 ) ;
#3515 = CARTESIAN_POINT ( 'NONE',  ( 12.85590445068957344, 0.5320888862379536954, -0.9617579545435694932 ) ) ;
#3516 = ADVANCED_FACE ( 'NONE', ( #1439 ), #7949, .F. ) ;
#3517 = FACE_OUTER_BOUND ( 'NONE', #11293, .T. ) ;
#3518 = FACE_OUTER_BOUND ( 'NONE', #10040, .T. ) ;
#3519 = DIRECTION ( 'NONE',  ( 1.000000000000000000, 0.000000000000000000, 0.000000000000000000 ) ) ;
#3521 = DIRECTION ( 'NONE',  ( 7.335912872304279317E-17, 0.7660444431189810111, 0.6427876096865356992 ) ) ;
#3520 = AXIS2_PLACEMENT_3D ( 'NONE', #9401, #2511, #12112 ) ;
#3522 = VECTOR ( 'NONE', #8400, 1000.000000000000000 ) ;
#3523 = DIRECTION ( 'NONE',  ( -1.000000000000000000, -0.000000000000000000, 1.141265444721583757E-16 ) ) ;
#3524 = LINE ( 'NONE', #8153, #12420 ) ;
#3525 = ORIENTED_EDGE ( 'NONE', *, *, #9821, .F. ) ;
#3526 = VERTEX_POINT ( 'NONE', #4320 ) ;
#3527 = ORIENTED_EDGE ( 'NONE', *, *, #8211, .F. ) ;
#3528 = DIRECTION ( 'NONE',  ( -5.813595144832437787E-15, 0.5735764363510473807, -0.8191520442889909104 ) ) ;
#3529 = DIRECTION ( 'NONE',  ( 1.141265444721583757E-16, -2.710505431213761085E-16, 1.000000000000000000 ) ) ;
#3530 = VECTOR ( 'NONE', #5793, 1000.000000000000000 ) ;
#3531 = ADVANCED_FACE ( 'NONE', ( #8133 ), #8197, .F. ) ;
#3532 = PLANE ( 'NONE',  #10037 ) ;
#3533 = DIRECTION ( 'NONE',  ( -7.097089222158424864E-15, 0.000000000000000000, -1.000000000000000000 ) ) ;
#3534 = VECTOR ( 'NONE', #7288, 1000.000000000000000 ) ;
#3535 = CARTESIAN_POINT ( 'NONE',  ( 14.35590445068957344, 0.4999999999999978351, -1.000000000000000000 ) ) ;
#3536 = LINE ( 'NONE', #4602, #4319 ) ;
#3537 = VERTEX_POINT ( 'NONE', #2566 ) ;
#3538 = CARTESIAN_POINT ( 'NONE',  ( 28.49711038494233506, 1.399999999999999689, -4.612012738139070755 ) ) ;
#3539 = VECTOR ( 'NONE', #7147, 1000.000000000000000 ) ;
#3540 = CARTESIAN_POINT ( 'NONE',  ( 18.64120593425277761, 0.000000000000000000, -2.240753535442245425 ) ) ;
#3541 = ORIENTED_EDGE ( 'NONE', *, *, #622, .T. ) ;
#3542 = ORIENTED_EDGE ( 'NONE', *, *, #4436, .T. ) ;
#3543 = EDGE_LOOP ( 'NONE', ( #486, #761, #302, #4597 ) ) ;
#3544 = ORIENTED_EDGE ( 'NONE', *, *, #5333, .T. ) ;
#3545 = ORIENTED_EDGE ( 'NONE', *, *, #10988, .T. ) ;
#3546 = CARTESIAN_POINT ( 'NONE',  ( 1.500000000000000444, 1.499358225474672235, 1.300000000000000044 ) ) ;
#3547 = DIRECTION ( 'NONE',  ( -1.000000000000000000, -0.000000000000000000, 6.982962677686266711E-15 ) ) ;
#3548 = EDGE_CURVE ( 'NONE', #2192, #2943, #5505, .T. ) ;
#3549 = FACE_OUTER_BOUND ( 'NONE', #6654, .T. ) ;
#3550 = VECTOR ( 'NONE', #5732, 1000.000000000000000 ) ;
#3551 = CARTESIAN_POINT ( 'NONE',  ( -1.500000000000000222, 0.06443263463840748217, 0.1149657687835883013 ) ) ;
#3552 = ADVANCED_FACE ( 'NONE', ( #12235 ), #9331, .T. ) ;
#3553 = CARTESIAN_POINT ( 'NONE',  ( 33.53869697408548234, 0.000000000000000000, -2.240753535442229882 ) ) ;
#3554 = EDGE_CURVE ( 'NONE', #3537, #7658, #10168, .T. ) ;
#3555 = CARTESIAN_POINT ( 'NONE',  ( 29.99711038494234572, 1.000000000000000000, -2.836630331739339983 ) ) ;
#3556 = PLANE ( 'NONE',  #3127 ) ;
#3557 = ORIENTED_EDGE ( 'NONE', *, *, #7308, .T. ) ;
#3558 = ORIENTED_EDGE ( 'NONE', *, *, #6946, .F. ) ;
#3559 = EDGE_LOOP ( 'NONE', ( #3436, #9914, #9631, #11406 ) ) ;
#3560 = ORIENTED_EDGE ( 'NONE', *, *, #6108, .T. ) ;
#3561 = VECTOR ( 'NONE', #11687, 1000.000000000000000 ) ;
#3562 = DIRECTION ( 'NONE',  ( 0.000000000000000000, 3.577867169202164632E-15, 1.000000000000000000 ) ) ;
#3563 = VERTEX_POINT ( 'NONE', #11226 ) ;
#3564 = DIRECTION ( 'NONE',  ( -1.000000000000000000, 0.000000000000000000, 6.982962677686266711E-15 ) ) ;
#3565 = DIRECTION ( 'NONE',  ( -1.355252715606880543E-16, -1.000000000000000000, 0.000000000000000000 ) ) ;
#3566 = DIRECTION ( 'NONE',  ( -0.5407162030609378167, 0.5407162030609377057, 0.6444004775717702138 ) ) ;
#3567 = CARTESIAN_POINT ( 'NONE',  ( 29.25339549052229415, 0.000000000000000000, -1.000000000000000000 ) ) ;
#3568 = CIRCLE ( 'NONE', #7771, 4.810796291701608496 ) ;
#3569 = LINE ( 'NONE', #7136, #5813 ) ;
#3570 = EDGE_CURVE ( 'NONE', #746, #6753, #9762, .T. ) ;
#3571 = VECTOR ( 'NONE', #10119, 1000.000000000000000 ) ;
#3572 = ORIENTED_EDGE ( 'NONE', *, *, #7553, .F. ) ;
#3573 = ORIENTED_EDGE ( 'NONE', *, *, #9078, .T. ) ;
#3574 = ADVANCED_FACE ( 'NONE', ( #4506 ), #10328, .F. ) ;
#3575 = CARTESIAN_POINT ( 'NONE',  ( 25.36809400695910455, 0.000000000000000000, -1.000000000000000000 ) ) ;
#3576 = ORIENTED_EDGE ( 'NONE', *, *, #6600, .T. ) ;
#3577 = DIRECTION ( 'NONE',  ( 7.097089222158424864E-15, 0.000000000000000000, 1.000000000000000000 ) ) ;
#3578 = VERTEX_POINT ( 'NONE', #7382 ) ;
#3579 = VECTOR ( 'NONE', #3923, 1000.000000000000000 ) ;
#3580 = FACE_OUTER_BOUND ( 'NONE', #5376, .T. ) ;
#3581 = VECTOR ( 'NONE', #9652, 1000.000000000000000 ) ;
#3582 = CARTESIAN_POINT ( 'NONE',  ( 4.802489508238151572, 1.115317123975225533, -5.586345496996282023 ) ) ;
#3583 = DIRECTION ( 'NONE',  ( -0.7660444431189766812, 0.000000000000000000, 0.6427876096865409172 ) ) ;
#3584 = CARTESIAN_POINT ( 'NONE',  ( 1.500000000000000444, 2.000000000000000000, 2.799999999999999822 ) ) ;
#3585 = EDGE_CURVE ( 'NONE', #1537, #7250, #4446, .T. ) ;
#3586 = AXIS2_PLACEMENT_3D ( 'NONE', #3972, #9730, #6083 ) ;
#3587 = LINE ( 'NONE', #2762, #11743 ) ;
#3588 = EDGE_CURVE ( 'NONE', #3635, #11942, #3502, .T. ) ;
#3589 = LINE ( 'NONE', #1647, #8304 ) ;
#3590 = LINE ( 'NONE', #3649, #3802 ) ;
#3591 = ORIENTED_EDGE ( 'NONE', *, *, #8275, .F. ) ;
#3592 = VERTEX_POINT ( 'NONE', #11160 ) ;
#3593 = DIRECTION ( 'NONE',  ( 1.000000000000000000, 0.000000000000000000, -6.982962677686266711E-15 ) ) ;
#3594 = CARTESIAN_POINT ( 'NONE',  ( 7.070602967126374594, 1.115317123975225755, -5.263824959924734870 ) ) ;
#3595 = VECTOR ( 'NONE', #645, 1000.000000000000000 ) ;
#3596 = PLANE ( 'NONE',  #9246 ) ;
#3597 = CARTESIAN_POINT ( 'NONE',  ( -1.622952463145119983, 1.400000000000000355, -5.141489476468490416 ) ) ;
#3598 = DIRECTION ( 'NONE',  ( -0.000000000000000000, -0.000000000000000000, 1.000000000000000000 ) ) ;
#3599 = FACE_OUTER_BOUND ( 'NONE', #5606, .T. ) ;
#3600 = EDGE_CURVE ( 'NONE', #2766, #11846, #1625, .T. ) ;
#3601 = ORIENTED_EDGE ( 'NONE', *, *, #1856, .T. ) ;
#3602 = EDGE_CURVE ( 'NONE', #2238, #217, #6444, .T. ) ;
#3603 = CARTESIAN_POINT ( 'NONE',  ( 15.64120593425276340, 0.8628211600346445964, -0.4041232037028950064 ) ) ;
#3604 = DIRECTION ( 'NONE',  ( -1.141265444721583757E-16, 0.000000000000000000, 1.000000000000000000 ) ) ;
#3605 = EDGE_LOOP ( 'NONE', ( #1354, #8001, #1277, #7765 ) ) ;
#3606 = ORIENTED_EDGE ( 'NONE', *, *, #5075, .F. ) ;
#3607 = ORIENTED_EDGE ( 'NONE', *, *, #5008, .T. ) ;
#3608 = ADVANCED_FACE ( 'NONE', ( #6231 ), #1543, .F. ) ;
#3609 = VERTEX_POINT ( 'NONE', #5176 ) ;
#3610 = CARTESIAN_POINT ( 'NONE',  ( 7.070602967126394134, 1.000000000000000000, -2.240753535442224553 ) ) ;
#3611 = CARTESIAN_POINT ( 'NONE',  ( 17.48806557967019515, 0.000000000000000000, -2.240753535442237432 ) ) ;
#3612 = LINE ( 'NONE', #1545, #553 ) ;
#3613 = CARTESIAN_POINT ( 'NONE',  ( 4.285301483563196179, 1.000000000000000000, -3.240753535442235211 ) ) ;
#3614 = CARTESIAN_POINT ( 'NONE',  ( 22.92650741781595869, 1.499358225474672235, 1.300000000000000044 ) ) ;
#3615 = CARTESIAN_POINT ( 'NONE',  ( 32.78241186850554101, 0.000000000000000000, -2.240753535442224553 ) ) ;
#3616 = DIRECTION ( 'NONE',  ( 0.000000000000000000, -1.000000000000000000, 0.000000000000000000 ) ) ;
#3617 = EDGE_CURVE ( 'NONE', #8292, #726, #5423, .T. ) ;
#3618 = ORIENTED_EDGE ( 'NONE', *, *, #3934, .F. ) ;
#3619 = ORIENTED_EDGE ( 'NONE', *, *, #4421, .T. ) ;
#3620 = VERTEX_POINT ( 'NONE', #9119 ) ;
#3621 = ORIENTED_EDGE ( 'NONE', *, *, #2901, .T. ) ;
#3622 = ADVANCED_FACE ( 'NONE', ( #10948 ), #7239, .T. ) ;
#3623 = EDGE_CURVE ( 'NONE', #12009, #1069, #11737, .T. ) ;
#3624 = CARTESIAN_POINT ( 'NONE',  ( 38.50000000000001421, 0.4000000000000000222, -0.2337080731428450298 ) ) ;
#3625 = ORIENTED_EDGE ( 'NONE', *, *, #412, .T. ) ;
#3626 = DIRECTION ( 'NONE',  ( -0.7660444431189766812, 0.000000000000000000, 0.6427876096865409172 ) ) ;
#3627 = CARTESIAN_POINT ( 'NONE',  ( 34.62927151392296565, 0.000000000000000000, -1.000000000000000000 ) ) ;
#3628 = CARTESIAN_POINT ( 'NONE',  ( 37.23811721157668586, 0.7834631812238950221, -0.6072026154634244666 ) ) ;
#3629 = DIRECTION ( 'NONE',  ( -0.6427876096865463573, -0.000000000000000000, -0.7660444431189722403 ) ) ;
#3630 = VECTOR ( 'NONE', #7133, 1000.000000000000000 ) ;
#3631 = VECTOR ( 'NONE', #11885, 1000.000000000000000 ) ;
#3632 = ORIENTED_EDGE ( 'NONE', *, *, #7243, .F. ) ;
#3633 = VERTEX_POINT ( 'NONE', #6106 ) ;
#3634 = LINE ( 'NONE', #5451, #9115 ) ;
#3635 = VERTEX_POINT ( 'NONE', #9935 ) ;
#3636 = LINE ( 'NONE', #7454, #11946 ) ;
#3637 = ORIENTED_EDGE ( 'NONE', *, *, #4954, .F. ) ;
#3638 = AXIS2_PLACEMENT_3D ( 'NONE', #9634, #8815, #1873 ) ;
#3639 = DIRECTION ( 'NONE',  ( 1.000000000000000000, -0.000000000000000000, 0.000000000000000000 ) ) ;
#3640 = AXIS2_PLACEMENT_3D ( 'NONE', #1699, #4459, #696 ) ;
#3641 = LINE ( 'NONE', #11298, #3828 ) ;
#3642 = CARTESIAN_POINT ( 'NONE',  ( 22.92650741781595158, 1.399999999999999911, -4.858578065624948650 ) ) ;
#3643 = CARTESIAN_POINT ( 'NONE',  ( 1.500000000000000222, -1.000000000000000000, 0.3238172648295125633 ) ) ;
#3644 = CARTESIAN_POINT ( 'NONE',  ( 28.49711038494233506, 1.399999999999999911, -4.858572962426980446 ) ) ;
#3645 = LINE ( 'NONE', #1703, #3522 ) ;
#3646 = VECTOR ( 'NONE', #1701, 1000.000000000000000 ) ;
#3647 = LINE ( 'NONE', #5701, #11516 ) ;
#3648 = DIRECTION ( 'NONE',  ( -1.141265444721583757E-16, 0.000000000000000000, 1.000000000000000000 ) ) ;
#3649 = CARTESIAN_POINT ( 'NONE',  ( 35.78241186850554811, 0.000000000000000000, -2.240753535442245425 ) ) ;
#3650 = VERTEX_POINT ( 'NONE', #7178 ) ;
#3651 = ORIENTED_EDGE ( 'NONE', *, *, #984, .T. ) ;
#3652 = DIRECTION ( 'NONE',  ( -6.982962677686266711E-15, 0.000000000000000000, -1.000000000000000000 ) ) ;
#3653 = CARTESIAN_POINT ( 'NONE',  ( 32.78241186850552680, 0.000000000000000000, 0.1662919268571556863 ) ) ;
#3654 = DIRECTION ( 'NONE',  ( 1.000000000000000000, 0.000000000000000000, -0.000000000000000000 ) ) ;
#3655 = LINE ( 'NONE', #3473, #11181 ) ;
#3656 = EDGE_CURVE ( 'NONE', #1055, #8309, #7295, .T. ) ;
#3657 = PLANE ( 'NONE',  #6312 ) ;
#3658 = ORIENTED_EDGE ( 'NONE', *, *, #5674, .F. ) ;
#3659 = FACE_OUTER_BOUND ( 'NONE', #3543, .T. ) ;
#3660 = LINE ( 'NONE', #901, #9787 ) ;
#3661 = VERTEX_POINT ( 'NONE', #11013 ) ;
#3662 = VERTEX_POINT ( 'NONE', #10182 ) ;
#3663 = ORIENTED_EDGE ( 'NONE', *, *, #2745, .F. ) ;
#3664 = EDGE_CURVE ( 'NONE', #4623, #6466, #2294, .T. ) ;
#3665 = DIRECTION ( 'NONE',  ( -6.868836133214109346E-15, 0.000000000000000000, -1.000000000000000000 ) ) ;
#3666 = LINE ( 'NONE', #10372, #4367 ) ;
#3667 = LINE ( 'NONE', #10493, #11355 ) ;
#3668 = LINE ( 'NONE', #11208, #7757 ) ;
#3669 = EDGE_CURVE ( 'NONE', #8795, #7265, #8177, .T. ) ;
#3670 = PLANE ( 'NONE',  #6842 ) ;
#3671 = DIRECTION ( 'NONE',  ( 0.000000000000000000, -1.000000000000000000, 0.000000000000000000 ) ) ;
#3672 = FACE_OUTER_BOUND ( 'NONE', #11405, .T. ) ;
#3673 = LINE ( 'NONE', #7554, #10935 ) ;
#3674 = DIRECTION ( 'NONE',  ( -1.000000000000000000, -0.000000000000000000, -0.000000000000000000 ) ) ;
#3675 = ORIENTED_EDGE ( 'NONE', *, *, #105, .T. ) ;
#3676 = ORIENTED_EDGE ( 'NONE', *, *, #3048, .F. ) ;
#3677 = ORIENTED_EDGE ( 'NONE', *, *, #7320, .F. ) ;
#3678 = ORIENTED_EDGE ( 'NONE', *, *, #10121, .F. ) ;
#3679 = LINE ( 'NONE', #745, #324 ) ;
#3680 = EDGE_LOOP ( 'NONE', ( #5107, #3215, #5891, #3172 ) ) ;
#3681 = CARTESIAN_POINT ( 'NONE',  ( 40.06771335206872919, 1.267235759035801435, -5.187091293331778985 ) ) ;
#3682 = ADVANCED_FACE ( 'NONE', ( #419 ), #8998, .F. ) ;
#3683 = DIRECTION ( 'NONE',  ( 0.000000000000000000, -1.000000000000000000, 0.000000000000000000 ) ) ;
#3684 = CARTESIAN_POINT ( 'NONE',  ( 31.32670652543437839, 0.7834631812238959103, -0.6072026154634221351 ) ) ;
#3685 = LINE ( 'NONE', #6569, #6243 ) ;
#3686 = EDGE_CURVE ( 'NONE', #6002, #11404, #8110, .T. ) ;
#3687 = EDGE_CURVE ( 'NONE', #1926, #5723, #2480, .T. ) ;
#3688 = ORIENTED_EDGE ( 'NONE', *, *, #9847, .F. ) ;
#3689 = VERTEX_POINT ( 'NONE', #1357 ) ;
#3690 = CARTESIAN_POINT ( 'NONE',  ( 2.785301483563197511, 0.000000000000000000, -3.007045462299395844 ) ) ;
#3691 = EDGE_LOOP ( 'NONE', ( #8449, #4669, #11941, #10294 ) ) ;
#3692 = LINE ( 'NONE', #5513, #10516 ) ;
#3693 = ORIENTED_EDGE ( 'NONE', *, *, #8614, .T. ) ;
#3694 = CARTESIAN_POINT ( 'NONE',  ( 29.99711038494233861, 1.000000000000000000, -0.4041232037028948954 ) ) ;
#3695 = AXIS2_PLACEMENT_3D ( 'NONE', #6467, #11436, #4659 ) ;
#3696 = DIRECTION ( 'NONE',  ( 1.000000000000000000, -0.000000000000000000, -6.982962677686266711E-15 ) ) ;
#3697 = CARTESIAN_POINT ( 'NONE',  ( 33.71737949006546842, 1.108502809461048733, -5.505567396206785702 ) ) ;
#3698 = DIRECTION ( 'NONE',  ( 0.000000000000000000, 1.000000000000000000, 0.000000000000000000 ) ) ;
#3699 = LINE ( 'NONE', #10, #3581 ) ;
#3700 = EDGE_CURVE ( 'NONE', #8572, #2125, #9244, .T. ) ;
#3701 = EDGE_CURVE ( 'NONE', #54, #4891, #8051, .T. ) ;
#3702 = LINE ( 'NONE', #10346, #10526 ) ;
#3703 = CARTESIAN_POINT ( 'NONE',  ( -0.9999999999999859002, 0.000000000000000000, -2.240753535442228106 ) ) ;
#3704 = VECTOR ( 'NONE', #7146, 1000.000000000000000 ) ;
#3705 = LINE ( 'NONE', #9411, #9735 ) ;
#3706 = LINE ( 'NONE', #7527, #4801 ) ;
#3707 = VECTOR ( 'NONE', #12066, 1000.000000000000000 ) ;
#3708 = VECTOR ( 'NONE', #4719, 1000.000000000000000 ) ;
#3709 = ORIENTED_EDGE ( 'NONE', *, *, #2633, .F. ) ;
#3710 = EDGE_LOOP ( 'NONE', ( #189, #4450, #848, #5437, #11371, #11165, #3725, #2848, #2949, #4006, #12035 ) ) ;
#3711 = PLANE ( 'NONE',  #3695 ) ;
#3712 = CARTESIAN_POINT ( 'NONE',  ( 38.50000000000001421, 0.4000000000000000222, -3.007045462299399841 ) ) ;
#3713 = FACE_OUTER_BOUND ( 'NONE', #5548, .T. ) ;
#3714 = CARTESIAN_POINT ( 'NONE',  ( 1.119610685563759311, 1.106465162429546734, -5.408006954961476431 ) ) ;
#3715 = VECTOR ( 'NONE', #6575, 1000.000000000000000 ) ;
#3716 = VECTOR ( 'NONE', #4274, 1000.000000000000000 ) ;
#3717 = DIRECTION ( 'NONE',  ( -1.000000000000000000, 0.000000000000000000, 6.982962677686266711E-15 ) ) ;
#3718 = ORIENTED_EDGE ( 'NONE', *, *, #4312, .T. ) ;
#3719 = EDGE_CURVE ( 'NONE', #11060, #11922, #664, .T. ) ;
#3720 = CARTESIAN_POINT ( 'NONE',  ( 31.49711038494233506, 0.000000000000000000, -0.4041232037028952284 ) ) ;
#3721 = CARTESIAN_POINT ( 'NONE',  ( 27.21180890137915043, 0.8628211600346445964, -0.4041232037028950064 ) ) ;
#3722 = ORIENTED_EDGE ( 'NONE', *, *, #2800, .T. ) ;
#3723 = ADVANCED_FACE ( 'NONE', ( #4425 ), #11838, .T. ) ;
#3724 = VERTEX_POINT ( 'NONE', #5234 ) ;
#3725 = ORIENTED_EDGE ( 'NONE', *, *, #1787, .F. ) ;
#3726 = AXIS2_PLACEMENT_3D ( 'NONE', #6637, #8577, #193 ) ;
#3727 = VECTOR ( 'NONE', #7123, 999.9999999999998863 ) ;
#3728 = DIRECTION ( 'NONE',  ( -1.000000000000000000, -0.000000000000000000, 1.141265444721583757E-16 ) ) ;
#3729 = CARTESIAN_POINT ( 'NONE',  ( 0.3468596454174303068, 0.000000000000000000, -3.000000000000000000 ) ) ;
#3730 = DIRECTION ( 'NONE',  ( -0.000000000000000000, -0.000000000000000000, 1.000000000000000000 ) ) ;
#3731 =( NAMED_UNIT ( * ) PLANE_ANGLE_UNIT ( ) SI_UNIT ( $, .RADIAN. ) );
#3732 = DIRECTION ( 'NONE',  ( 0.000000000000000000, -1.000000000000000000, 0.000000000000000000 ) ) ;
#3733 = DIRECTION ( 'NONE',  ( -1.000000000000000000, 0.000000000000000000, 0.000000000000000000 ) ) ;
#3734 = VECTOR ( 'NONE', #4183, 1000.000000000000000 ) ;
#3735 = DIRECTION ( 'NONE',  ( 0.000000000000000000, 0.000000000000000000, 1.000000000000000000 ) ) ;
#3736 = VECTOR ( 'NONE', #11815, 1000.000000000000000 ) ;
#3737 = ADVANCED_FACE ( 'NONE', ( #11899 ), #11390, .F. ) ;
#3738 = CARTESIAN_POINT ( 'NONE',  ( 38.56771335206872919, 1.000000000000000000, -3.240753535442235211 ) ) ;
#3739 = FACE_OUTER_BOUND ( 'NONE', #6288, .T. ) ;
#3740 = ORIENTED_EDGE ( 'NONE', *, *, #8258, .F. ) ;
#3741 = ORIENTED_EDGE ( 'NONE', *, *, #816, .F. ) ;
#3742 = EDGE_CURVE ( 'NONE', #3155, #4236, #5453, .T. ) ;
#3743 = ORIENTED_EDGE ( 'NONE', *, *, #9201, .T. ) ;
#3744 = ORIENTED_EDGE ( 'NONE', *, *, #2505, .T. ) ;
#3745 = CARTESIAN_POINT ( 'NONE',  ( 2.662349020418071088, 1.400000000000000355, -5.141489476468492192 ) ) ;
#3746 = ORIENTED_EDGE ( 'NONE', *, *, #11446, .T. ) ;
#3747 = AXIS2_PLACEMENT_3D ( 'NONE', #1150, #5897, #11747 ) ;
#3748 = CARTESIAN_POINT ( 'NONE',  ( 5.785301483563189073, 0.000000000000000000, -0.2337080731428413938 ) ) ;
#3749 = DIRECTION ( 'NONE',  ( -0.000000000000000000, -1.000000000000000000, -0.000000000000000000 ) ) ;
#3750 = CARTESIAN_POINT ( 'NONE',  ( 39.08490137674368015, 1.115317123975225533, -5.586345496996282023 ) ) ;
#3751 = DIRECTION ( 'NONE',  ( 1.000000000000000000, -0.000000000000000000, -0.000000000000000000 ) ) ;
#3752 = VECTOR ( 'NONE', #9307, 1000.000000000000000 ) ;
#3753 = ORIENTED_EDGE ( 'NONE', *, *, #8037, .F. ) ;
#3754 = EDGE_LOOP ( 'NONE', ( #7478, #10826, #8306, #11598, #1174 ) ) ;
#3755 = EDGE_CURVE ( 'NONE', #1094, #7574, #7612, .T. ) ;
#3756 = ORIENTED_EDGE ( 'NONE', *, *, #9479, .T. ) ;
#3757 = ORIENTED_EDGE ( 'NONE', *, *, #11101, .T. ) ;
#3758 = LINE ( 'NONE', #7824, #10525 ) ;
#3759 = VERTEX_POINT ( 'NONE', #853 ) ;
#3760 = ADVANCED_FACE ( 'NONE', ( #11325 ), #4552, .F. ) ;
#3761 = CARTESIAN_POINT ( 'NONE',  ( 14.02814305442340448, 0.6722386037338313747, -0.7947340252167933716 ) ) ;
#3762 = VECTOR ( 'NONE', #5656, 1000.000000000000000 ) ;
#3763 = LINE ( 'NONE', #7581, #4635 ) ;
#3764 = LINE ( 'NONE', #6580, #9577 ) ;
#3765 = AXIS2_PLACEMENT_3D ( 'NONE', #7446, #11284, #6502 ) ;
#3766 = FACE_OUTER_BOUND ( 'NONE', #10457, .T. ) ;
#3767 = DIRECTION ( 'NONE',  ( 1.000000000000000000, -0.000000000000000000, 0.000000000000000000 ) ) ;
#3768 = DIRECTION ( 'NONE',  ( -1.000000000000000000, 0.000000000000000000, -0.000000000000000000 ) ) ;
#3769 = CARTESIAN_POINT ( 'NONE',  ( 18.64120593425276695, 0.000000000000000000, 0.1662919268571573239 ) ) ;
#3770 =( BOUNDED_SURFACE ( )  B_SPLINE_SURFACE ( 3, 1, ( 
 ( #7047, #2411 ),
 ( #3475, #2470 ),
 ( #3285, #3226 ),
 ( #9923, #8043 ) ),
 .UNSPECIFIED., .F., .F., .F. ) 
 B_SPLINE_SURFACE_WITH_KNOTS ( ( 4, 4 ),
 ( 2, 2 ),
 ( 0.000000000000000000, 1.000000000000000000 ),
 ( 0.000000000000000000, 1.000000000000000000 ),
 .UNSPECIFIED. ) 
 GEOMETRIC_REPRESENTATION_ITEM ( )  RATIONAL_B_SPLINE_SURFACE ( (
 ( 1.000000000000000000, 1.000000000000000000),
 ( 0.9667654570425328053, 0.9667654570425328053),
 ( 0.9667654570425328053, 0.9667654570425328053),
 ( 1.000000000000000000, 1.000000000000000000) ) ) 
 REPRESENTATION_ITEM ( '' )  SURFACE ( )  );
#3771 = FACE_OUTER_BOUND ( 'NONE', #1006, .T. ) ;
#3772 = EDGE_CURVE ( 'NONE', #6450, #5633, #2665, .T. ) ;
#3773 = ORIENTED_EDGE ( 'NONE', *, *, #1451, .T. ) ;
#3774 = VECTOR ( 'NONE', #639, 1000.000000000000000 ) ;
#3775 = CARTESIAN_POINT ( 'NONE',  ( 28.49711038494233861, 1.000000000000000000, -1.000000000000000000 ) ) ;
#3776 = AXIS2_PLACEMENT_3D ( 'NONE', #1860, #5671, #9493 ) ;
#3777 = VERTEX_POINT ( 'NONE', #4611 ) ;
#3778 = ORIENTED_EDGE ( 'NONE', *, *, #373, .T. ) ;
#3779 = ADVANCED_FACE ( 'NONE', ( #1854 ), #8422, .F. ) ;
#3780 = EDGE_CURVE ( 'NONE', #3609, #7820, #12276, .T. ) ;
#3781 = CARTESIAN_POINT ( 'NONE',  ( 27.21180890137915043, 0.000000000000000000, 1.999999999999997335 ) ) ;
#3782 = CARTESIAN_POINT ( 'NONE',  ( 5.785301483563183744, 1.267235759035802989, -5.187091293331779873 ) ) ;
#3783 = CARTESIAN_POINT ( 'NONE',  ( 20.42650741781595869, 0.000000000000000000, -1.000000000000000000 ) ) ;
#3784 = CARTESIAN_POINT ( 'NONE',  ( 28.49711038494233861, 0.000000000000000000, 0.1662919268571561859 ) ) ;
#3785 = VECTOR ( 'NONE', #3228, 1000.000000000000000 ) ;
#3786 = DIRECTION ( 'NONE',  ( -0.000000000000000000, -0.000000000000000000, 1.000000000000000000 ) ) ;
#3787 = ORIENTED_EDGE ( 'NONE', *, *, #11589, .F. ) ;
#3788 = CARTESIAN_POINT ( 'NONE',  ( 31.49711038494233506, 0.000000000000000000, -1.000000000000000000 ) ) ;
#3789 = DIRECTION ( 'NONE',  ( 0.000000000000000000, -1.000000000000000000, 0.000000000000000000 ) ) ;
#3790 = ORIENTED_EDGE ( 'NONE', *, *, #1435, .F. ) ;
#3791 = EDGE_LOOP ( 'NONE', ( #4392, #2321, #400, #11807 ) ) ;
#3792 = ORIENTED_EDGE ( 'NONE', *, *, #964, .F. ) ;
#3793 = VECTOR ( 'NONE', #10994, 1000.000000000000000 ) ;
#3794 = DIRECTION ( 'NONE',  ( -0.000000000000000000, -0.000000000000000000, 1.000000000000000000 ) ) ;
#3795 = DIRECTION ( 'NONE',  ( -0.000000000000000000, -0.000000000000000000, 1.000000000000000000 ) ) ;
#3796 = LINE ( 'NONE', #5855, #9137 ) ;
#3797 = DIRECTION ( 'NONE',  ( 1.000000000000000000, -0.000000000000000000, 0.000000000000000000 ) ) ;
#3798 = LINE ( 'NONE', #2791, #1753 ) ;
#3799 = EDGE_CURVE ( 'NONE', #1573, #10226, #6362, .T. ) ;
#3800 = CARTESIAN_POINT ( 'NONE',  ( 40.06771335206874340, 0.000000000000000000, -2.240753535442245425 ) ) ;
#3801 = DIRECTION ( 'NONE',  ( 0.000000000000000000, 0.000000000000000000, -1.000000000000000000 ) ) ;
#3802 = VECTOR ( 'NONE', #1649, 1000.000000000000000 ) ;
#3803 = DIRECTION ( 'NONE',  ( -1.000000000000000000, -0.000000000000000000, 1.141265444721583757E-16 ) ) ;
#3804 = CARTESIAN_POINT ( 'NONE',  ( 19.92650741781595514, 2.000000000000000000, 2.799999999999999822 ) ) ;
#3805 = CARTESIAN_POINT ( 'NONE',  ( -1.063294359585128556E-14, 2.000000000000000000, -5.468901542184349651 ) ) ;
#3806 = ORIENTED_EDGE ( 'NONE', *, *, #4968, .T. ) ;
#3807 = ORIENTED_EDGE ( 'NONE', *, *, #1019, .F. ) ;
#3808 = ORIENTED_EDGE ( 'NONE', *, *, #5386, .T. ) ;
#3809 = EDGE_LOOP ( 'NONE', ( #9824, #1110, #5188, #3678, #11027, #1096 ) ) ;
#3810 = DIRECTION ( 'NONE',  ( 1.000000000000000000, -0.000000000000000000, 0.000000000000000000 ) ) ;
#3811 = VERTEX_POINT ( 'NONE', #10431 ) ;
#3812 = ADVANCED_FACE ( 'NONE', ( #8546 ), #2608, .F. ) ;
#3813 = LINE ( 'NONE', #9756, #3952 ) ;
#3814 = EDGE_CURVE ( 'NONE', #3925, #834, #3666, .T. ) ;
#3815 = DIRECTION ( 'NONE',  ( 0.6427876096865409172, -0.000000000000000000, -0.7660444431189766812 ) ) ;
#3816 = CARTESIAN_POINT ( 'NONE',  ( 10.07060296712638525, 0.000000000000000000, -3.407045462299396199 ) ) ;
#3817 = EDGE_CURVE ( 'NONE', #9445, #3506, #5166, .T. ) ;
#3818 = LINE ( 'NONE', #10517, #3853 ) ;
#3819 = ORIENTED_EDGE ( 'NONE', *, *, #3181, .F. ) ;
#3820 = EDGE_LOOP ( 'NONE', ( #3606, #7866, #9183, #5407 ) ) ;
#3821 = ORIENTED_EDGE ( 'NONE', *, *, #4118, .T. ) ;
#3822 = VERTEX_POINT ( 'NONE', #9488 ) ;
#3823 = CARTESIAN_POINT ( 'NONE',  ( 32.78241186850552680, 1.000000000000000000, -4.040753535442224376 ) ) ;
#3824 = EDGE_LOOP ( 'NONE', ( #10334, #1568, #6130, #2740 ) ) ;
#3825 = CARTESIAN_POINT ( 'NONE',  ( 28.49711038494233861, 1.000000000000000000, -1.000000000000000000 ) ) ;
#3826 = CARTESIAN_POINT ( 'NONE',  ( 35.78241186850552680, 1.115317123975225755, -5.263829606655358262 ) ) ;
#3827 = CARTESIAN_POINT ( 'NONE',  ( 28.99711038494235282, 1.000000000000000000, -2.240753535442228106 ) ) ;
#3828 = VECTOR ( 'NONE', #1762, 1000.000000000000000 ) ;
#3829 = ADVANCED_FACE ( 'NONE', ( #1795 ), #8294, .T. ) ;
#3830 = DIRECTION ( 'NONE',  ( -5.813595144832437787E-15, 0.5735764363510473807, -0.8191520442889909104 ) ) ;
#3831 = CARTESIAN_POINT ( 'NONE',  ( 17.88806557967019373, 0.000000000000000000, -2.240753535442240096 ) ) ;
#3832 = CARTESIAN_POINT ( 'NONE',  ( 25.36809400695910455, 0.000000000000000000, -3.000000000000000000 ) ) ;
#3833 = CARTESIAN_POINT ( 'NONE',  ( 32.78241186850552680, 0.8628211600346445964, -0.4041232037028950064 ) ) ;
#3834 = LINE ( 'NONE', #1018, #3117 ) ;
#3835 = ORIENTED_EDGE ( 'NONE', *, *, #12296, .T. ) ;
#3836 = LINE ( 'NONE', #5705, #11420 ) ;
#3837 = VECTOR ( 'NONE', #10454, 1000.000000000000000 ) ;
#3838 = ORIENTED_EDGE ( 'NONE', *, *, #1622, .F. ) ;
#3839 = VERTEX_POINT ( 'NONE', #12332 ) ;
#3840 = AXIS2_PLACEMENT_3D ( 'NONE', #10964, #8008, #2256 ) ;
#3841 = CARTESIAN_POINT ( 'NONE',  ( 22.92650741781595158, 1.399999999999999689, -4.612012738139092072 ) ) ;
#3842 = DIRECTION ( 'NONE',  ( -0.5407162030609378167, 0.5407162030609377057, 0.6444004775717702138 ) ) ;
#3843 = DIRECTION ( 'NONE',  ( -1.000000000000000000, -0.000000000000000000, 1.141265444721583757E-16 ) ) ;
#3844 = FACE_OUTER_BOUND ( 'NONE', #4032, .T. ) ;
#3845 = EDGE_CURVE ( 'NONE', #3973, #11149, #10492, .T. ) ;
#3846 = AXIS2_PLACEMENT_3D ( 'NONE', #6191, #8953, #11031 ) ;
#3847 = VECTOR ( 'NONE', #839, 1000.000000000000114 ) ;
#3848 = CARTESIAN_POINT ( 'NONE',  ( 22.17336706323338547, 0.000000000000000000, -3.000000000000000000 ) ) ;
#3849 = EDGE_CURVE ( 'NONE', #12098, #6817, #2850, .T. ) ;
#3850 = EDGE_CURVE ( 'NONE', #8578, #6589, #12149, .T. ) ;
#3851 = LINE ( 'NONE', #2658, #5901 ) ;
#3852 = DIRECTION ( 'NONE',  ( 0.000000000000000000, 0.000000000000000000, -1.000000000000000000 ) ) ;
#3854 = EDGE_LOOP ( 'NONE', ( #6872, #7636, #6339, #10177 ) ) ;
#3853 = VECTOR ( 'NONE', #11350, 1000.000000000000000 ) ;
#3855 = ORIENTED_EDGE ( 'NONE', *, *, #8332, .F. ) ;
#3856 = ORIENTED_EDGE ( 'NONE', *, *, #7273, .T. ) ;
#3857 = LINE ( 'NONE', #2788, #2519 ) ;
#3858 = LINE ( 'NONE', #4857, #6898 ) ;
#3859 = DIRECTION ( 'NONE',  ( -1.000000000000000000, -0.000000000000000000, -0.000000000000000000 ) ) ;
#3860 = CARTESIAN_POINT ( 'NONE',  ( 19.92650741781595514, 1.000000000000000000, -1.000000000000000000 ) ) ;
#3861 = DIRECTION ( 'NONE',  ( -0.5407162030609378167, 0.5407162030609377057, 0.6444004775717702138 ) ) ;
#3862 = FACE_OUTER_BOUND ( 'NONE', #1175, .T. ) ;
#3863 = CARTESIAN_POINT ( 'NONE',  ( 21.99143053606505660, 1.108503113383853655, -5.505581804970429260 ) ) ;
#3864 = CARTESIAN_POINT ( 'NONE',  ( 40.06771335206872919, 1.000000000000000000, -0.4041232037028950064 ) ) ;
#3865 = CARTESIAN_POINT ( 'NONE',  ( 24.21180890137915398, 0.3999999999999999667, -3.407045462299400196 ) ) ;
#3866 = DIRECTION ( 'NONE',  ( 0.000000000000000000, 1.000000000000000000, 0.000000000000000000 ) ) ;
#3867 = ORIENTED_EDGE ( 'NONE', *, *, #6101, .T. ) ;
#3868 = EDGE_LOOP ( 'NONE', ( #9868, #9181, #1077, #10081, #9426, #10019, #12069, #5895, #6884, #12142, #6194 ) ) ;
#3869 = ORIENTED_EDGE ( 'NONE', *, *, #3281, .T. ) ;
#3870 = VERTEX_POINT ( 'NONE', #9304 ) ;
#3871 = CARTESIAN_POINT ( 'NONE',  ( 5.032161128980621179, 0.000000000000000000, -3.000000000000000000 ) ) ;
#3872 = ORIENTED_EDGE ( 'NONE', *, *, #11671, .T. ) ;
#3873 = PLANE ( 'NONE',  #3352 ) ;
#3874 = PLANE ( 'NONE',  #3638 ) ;
#3875 = CARTESIAN_POINT ( 'NONE',  ( 40.06771335206872209, 8.673617379884035472E-16, -5.578152595329382457 ) ) ;
#3876 = CARTESIAN_POINT ( 'NONE',  ( -1.500000000000000444, 2.000000000000000000, 2.799999999999999822 ) ) ;
#3877 = ORIENTED_EDGE ( 'NONE', *, *, #7818, .F. ) ;
#3878 = VERTEX_POINT ( 'NONE', #11266 ) ;
#3879 = ADVANCED_FACE ( 'NONE', ( #6481 ), #9940, .F. ) ;
#3880 = ORIENTED_EDGE ( 'NONE', *, *, #11106, .F. ) ;
#3881 = EDGE_LOOP ( 'NONE', ( #12099, #5189, #3068, #4061 ) ) ;
#3882 = EDGE_CURVE ( 'NONE', #7687, #10066, #2484, .T. ) ;
#3883 = FACE_OUTER_BOUND ( 'NONE', #4482, .T. ) ;
#3884 = ORIENTED_EDGE ( 'NONE', *, *, #2435, .F. ) ;
#3885 = CARTESIAN_POINT ( 'NONE',  ( 10.07060296712637282, 1.103464666456457577, -5.267169912107815044 ) ) ;
#3886 = DIRECTION ( 'NONE',  ( -0.6427876096865355882, -0.000000000000000000, 0.7660444431189811221 ) ) ;
#3887 = LINE ( 'NONE', #1763, #11997 ) ;
#3888 = CARTESIAN_POINT ( 'NONE',  ( 35.29356702951551483, 1.400000000000000355, -5.010998372119822797 ) ) ;
#3889 = CARTESIAN_POINT ( 'NONE',  ( 17.88806557967019373, 0.000000000000000000, -3.000000000000000000 ) ) ;
#3890 = PLANE ( 'NONE',  #1313 ) ;
#3891 = CARTESIAN_POINT ( 'NONE',  ( 22.92650741781595869, 0.8628211600346445964, -0.4041232037028950064 ) ) ;
#3892 = EDGE_CURVE ( 'NONE', #8322, #4869, #7118, .T. ) ;
#3893 = LINE ( 'NONE', #7890, #4516 ) ;
#3894 = VERTEX_POINT ( 'NONE', #610 ) ;
#3895 = DIRECTION ( 'NONE',  ( 7.097089222158425653E-15, -0.000000000000000000, 1.000000000000000000 ) ) ;
#3896 = EDGE_CURVE ( 'NONE', #6623, #2558, #2553, .T. ) ;
#3897 = ORIENTED_EDGE ( 'NONE', *, *, #11118, .T. ) ;
#3898 = ORIENTED_EDGE ( 'NONE', *, *, #11321, .T. ) ;
#3899 = DIRECTION ( 'NONE',  ( 1.000000000000000000, -0.000000000000000000, -1.141265444721583757E-16 ) ) ;
#3900 = CARTESIAN_POINT ( 'NONE',  ( -0.3437148944200444922, 0.000000000000000000, -3.000000000000000000 ) ) ;
#3901 = DIRECTION ( 'NONE',  ( 0.000000000000000000, -0.000000000000000000, -1.000000000000000000 ) ) ;
#3902 = CARTESIAN_POINT ( 'NONE',  ( 40.06771335206874340, 0.000000000000000000, -2.240753535442245425 ) ) ;
#3903 = VECTOR ( 'NONE', #2464, 1000.000000000000000 ) ;
#3904 = DIRECTION ( 'NONE',  ( 1.000000000000000000, -0.000000000000000000, 0.000000000000000000 ) ) ;
#3905 = VECTOR ( 'NONE', #11953, 1000.000000000000000 ) ;
#3906 = DIRECTION ( 'NONE',  ( 1.000000000000000000, 0.000000000000000000, 0.000000000000000000 ) ) ;
#3907 = CARTESIAN_POINT ( 'NONE',  ( 2.785301483563194846, 0.000000000000000000, -3.407045462299395311 ) ) ;
#3908 = ORIENTED_EDGE ( 'NONE', *, *, #3341, .F. ) ;
#3909 = EDGE_LOOP ( 'NONE', ( #11170, #10412, #1998, #1249 ) ) ;
#3910 = ORIENTED_EDGE ( 'NONE', *, *, #10548, .T. ) ;
#3911 = EDGE_CURVE ( 'NONE', #10635, #3973, #2300, .T. ) ;
#3912 = CARTESIAN_POINT ( 'NONE',  ( 24.21180890137914687, 0.000000000000000000, -1.000000000000000000 ) ) ;
#3913 = DIRECTION ( 'NONE',  ( -0.000000000000000000, -1.000000000000000000, 0.000000000000000000 ) ) ;
#3914 = DIRECTION ( 'NONE',  ( -1.000000000000000000, -0.000000000000000000, -0.000000000000000000 ) ) ;
#3915 = VECTOR ( 'NONE', #2322, 1000.000000000000000 ) ;
#3916 = CARTESIAN_POINT ( 'NONE',  ( 21.77336706323338689, 0.000000000000000000, -3.000000000000000000 ) ) ;
#3917 = FILL_AREA_STYLE_COLOUR ( '', #6756 ) ;
#3918 = VECTOR ( 'NONE', #3028, 1000.000000000000000 ) ;
#3919 = CARTESIAN_POINT ( 'NONE',  ( 11.35590445068956100, 1.400000000000000133, -4.949661896593932298 ) ) ;
#3920 = CARTESIAN_POINT ( 'NONE',  ( 19.92650741781594803, 1.103464568314089123, -5.267165293036052631 ) ) ;
#3921 = CARTESIAN_POINT ( 'NONE',  ( 33.93869697408548092, 0.000000000000000000, -1.000000000000000000 ) ) ;
#3922 = VECTOR ( 'NONE', #3995, 1000.000000000000000 ) ;
#3923 = DIRECTION ( 'NONE',  ( 0.000000000000000000, 1.000000000000000000, 0.000000000000000000 ) ) ;
#3924 = ORIENTED_EDGE ( 'NONE', *, *, #4194, .F. ) ;
#3925 = VERTEX_POINT ( 'NONE', #6111 ) ;
#3926 = VECTOR ( 'NONE', #5105, 1000.000000000000000 ) ;
#3927 = ADVANCED_FACE ( 'NONE', ( #5301 ), #11842, .T. ) ;
#3928 = VERTEX_POINT ( 'NONE', #9123 ) ;
#3929 = ORIENTED_EDGE ( 'NONE', *, *, #5140, .F. ) ;
#3930 = CARTESIAN_POINT ( 'NONE',  ( 5.908313585046748528, 1.400000000000000133, -5.141473183975623584 ) ) ;
#3931 = EDGE_LOOP ( 'NONE', ( #8463, #5972, #2069, #8655 ) ) ;
#3932 = EDGE_CURVE ( 'NONE', #3482, #7491, #11018, .T. ) ;
#3933 = DIRECTION ( 'NONE',  ( 1.000000000000000000, -0.000000000000000000, -6.982962677686266711E-15 ) ) ;
#3934 = EDGE_CURVE ( 'NONE', #12162, #9240, #4300, .T. ) ;
#3935 = VECTOR ( 'NONE', #7546, 1000.000000000000000 ) ;
#3936 = FACE_OUTER_BOUND ( 'NONE', #10959, .T. ) ;
#3937 = CYLINDRICAL_SURFACE ( 'NONE', #986, 2.000000000000000000 ) ;
#3938 = VECTOR ( 'NONE', #596, 1000.000000000000000 ) ;
#3939 = FACE_OUTER_BOUND ( 'NONE', #6620, .T. ) ;
#3940 = ORIENTED_EDGE ( 'NONE', *, *, #9653, .T. ) ;
#3941 = ORIENTED_EDGE ( 'NONE', *, *, #8402, .F. ) ;
#3942 = EDGE_LOOP ( 'NONE', ( #1338, #791, #808, #8248, #8993, #4608, #3274, #1679, #9504, #10111, #3183, #11492, #12180, #5018, #6813, #11009, #8609, #3261, #3139, #9006, #902, #6351, #4930, #7541, #8419, #2493, #9672, #8836, #11422, #2087, #6697, #2525, #9148, #3360, #8393, #11074, #973, #809, #9817, #4603, #5563, #6116, #7895, #4162, #207, #4596, #2304, #500, #12109, #9646, #5990, #958, #5623, #7219, #5357, #6824, #8893, #10144, #536, #7670, #2011, #2865, #9807, #3449, #7312, #9396, #9568, #2112, #3122, #82, #1635, #1124, #11540, #1961, #6825, #7911, #4091, #3910, #1130, #8034, #10243, #8377, #6913, #7943, #12038, #6883, #2160, #6750 ) ) ;
#3943 = VERTEX_POINT ( 'NONE', #9249 ) ;
#3944 = VECTOR ( 'NONE', #12319, 1000.000000000000000 ) ;
#3945 = CARTESIAN_POINT ( 'NONE',  ( 35.78241186850553390, 0.4000000000000000222, 0.1662919268571553533 ) ) ;
#3946 = VERTEX_POINT ( 'NONE', #9063 ) ;
#3947 = CARTESIAN_POINT ( 'NONE',  ( 27.21180890137915043, 0.000000000000000000, 0.1662919268571563525 ) ) ;
#3948 = DIRECTION ( 'NONE',  ( 0.000000000000000000, 0.000000000000000000, -1.000000000000000000 ) ) ;
#3949 = CARTESIAN_POINT ( 'NONE',  ( 37.06771335206872209, 1.000000000000000000, 0.8999999999999916955 ) ) ;
#3950 = ADVANCED_FACE ( 'NONE', ( #3242 ), #10063, .F. ) ;
#3951 = CARTESIAN_POINT ( 'NONE',  ( 34.79283462081019707, 1.400000000000000355, -5.098382031700257500 ) ) ;
#3952 = VECTOR ( 'NONE', #6818, 1000.000000000000000 ) ;
#3953 = FACE_OUTER_BOUND ( 'NONE', #5343, .T. ) ;
#3954 = EDGE_CURVE ( 'NONE', #461, #8809, #483, .T. ) ;
#3955 = EDGE_LOOP ( 'NONE', ( #10474, #3601, #5321, #8978 ) ) ;
#3956 = DIRECTION ( 'NONE',  ( -1.141265444721583757E-16, 0.000000000000000000, 1.000000000000000000 ) ) ;
#3957 = ORIENTED_EDGE ( 'NONE', *, *, #622, .F. ) ;
#3958 = CARTESIAN_POINT ( 'NONE',  ( 31.49711038494233506, 1.000000000000000000, -4.040753535442245692 ) ) ;
#3959 = ORIENTED_EDGE ( 'NONE', *, *, #4123, .F. ) ;
#3960 = ORIENTED_EDGE ( 'NONE', *, *, #5439, .T. ) ;
#3961 = VECTOR ( 'NONE', #8040, 1000.000000000000000 ) ;
#3962 = CARTESIAN_POINT ( 'NONE',  ( 9.828217429348454104, 1.400000000000000133, -4.945931956424546527 ) ) ;
#3963 = DIRECTION ( 'NONE',  ( -0.000000000000000000, -1.000000000000000000, 0.000000000000000000 ) ) ;
#3964 = CARTESIAN_POINT ( 'NONE',  ( 31.49711038494234927, 1.000000000000000000, -2.240753535442245425 ) ) ;
#3965 = CARTESIAN_POINT ( 'NONE',  ( 8.917462612543813449, 0.000000000000000000, -1.000000000000000000 ) ) ;
#3966 = ADVANCED_FACE ( 'NONE', ( #423 ), #4978, .T. ) ;
#3967 = EDGE_CURVE ( 'NONE', #9957, #3925, #6236, .T. ) ;
#3968 = VECTOR ( 'NONE', #8952, 1000.000000000000000 ) ;
#3969 = CARTESIAN_POINT ( 'NONE',  ( 7.570602967126396798, 0.4999999999999978351, -2.240753535442228106 ) ) ;
#3970 = AXIS2_PLACEMENT_3D ( 'NONE', #4429, #9003, #670 ) ;
#3971 = DIRECTION ( 'NONE',  ( -1.000000000000000000, 0.000000000000000000, 0.000000000000000000 ) ) ;
#3972 = CARTESIAN_POINT ( 'NONE',  ( 38.22399845764867621, 0.000000000000000000, -3.000000000000000000 ) ) ;
#3973 = VERTEX_POINT ( 'NONE', #3429 ) ;
#3974 = VERTEX_POINT ( 'NONE', #5615 ) ;
#3975 = VERTEX_POINT ( 'NONE', #10378 ) ;
#3976 = CARTESIAN_POINT ( 'NONE',  ( 13.88589927491776344, 1.399999999999999911, -5.030233932061340951 ) ) ;
#3977 = CARTESIAN_POINT ( 'NONE',  ( 29.25339549052229415, 0.4000000000000000222, -2.240753535442231215 ) ) ;
#3978 = CARTESIAN_POINT ( 'NONE',  ( 7.070602967126380811, 0.4000000000000000222, 0.1662919268571514675 ) ) ;
#3979 = AXIS2_PLACEMENT_3D ( 'NONE', #10634, #4106, #4048 ) ;
#3980 = LINE ( 'NONE', #4983, #2833 ) ;
#3981 = LINE ( 'NONE', #7741, #11163 ) ;
#3982 = VECTOR ( 'NONE', #7708, 1000.000000000000114 ) ;
#3983 = CARTESIAN_POINT ( 'NONE',  ( 5.032161128980621179, 0.000000000000000000, -2.240753535442240096 ) ) ;
#3984 = CARTESIAN_POINT ( 'NONE',  ( 35.78241186850554811, 0.000000000000000000, -2.240753535442245425 ) ) ;
#3985 = EDGE_CURVE ( 'NONE', #9854, #6576, #9379, .T. ) ;
#3986 = LINE ( 'NONE', #4863, #4906 ) ;
#3987 = LINE ( 'NONE', #2110, #12359 ) ;
#3988 = VECTOR ( 'NONE', #3604, 1000.000000000000000 ) ;
#3989 = ADVANCED_FACE ( 'NONE', ( #4490 ), #6613, .F. ) ;
#3990 = CARTESIAN_POINT ( 'NONE',  ( 30.55238671877268075, 1.400000000000169997, -5.423430774507966845 ) ) ;
#3991 = ORIENTED_EDGE ( 'NONE', *, *, #6510, .T. ) ;
#3992 = ORIENTED_EDGE ( 'NONE', *, *, #8997, .F. ) ;
#3993 = ORIENTED_EDGE ( 'NONE', *, *, #11776, .T. ) ;
#3994 = ORIENTED_EDGE ( 'NONE', *, *, #459, .F. ) ;
#3995 = DIRECTION ( 'NONE',  ( -0.000000000000000000, -0.000000000000000000, 1.000000000000000000 ) ) ;
#3996 = ORIENTED_EDGE ( 'NONE', *, *, #6848, .F. ) ;
#3997 = CARTESIAN_POINT ( 'NONE',  ( 19.92650741781595514, 1.499358225474672235, 1.300000000000000044 ) ) ;
#3998 = VECTOR ( 'NONE', #1021, 1000.000000000000000 ) ;
#3999 = DIRECTION ( 'NONE',  ( -7.097089222158424864E-15, 0.000000000000000000, -1.000000000000000000 ) ) ;
#4000 = EDGE_CURVE ( 'NONE', #8639, #8731, #1734, .T. ) ;
#4001 = LINE ( 'NONE', #7819, #2323 ) ;
#4002 = EDGE_CURVE ( 'NONE', #12212, #2649, #8552, .T. ) ;
#4003 = VERTEX_POINT ( 'NONE', #800 ) ;
#4004 = EDGE_LOOP ( 'NONE', ( #8714, #10483, #11774, #6680 ) ) ;
#4005 = EDGE_CURVE ( 'NONE', #2145, #3435, #1774, .T. ) ;
#4006 = ORIENTED_EDGE ( 'NONE', *, *, #412, .F. ) ;
#4007 = ORIENTED_EDGE ( 'NONE', *, *, #8663, .F. ) ;
#4008 = DIRECTION ( 'NONE',  ( -0.5407162030609422576, 0.5407162030609375947, -0.6444004775717664391 ) ) ;
#4009 = ORIENTED_EDGE ( 'NONE', *, *, #5007, .T. ) ;
#4010 = CARTESIAN_POINT ( 'NONE',  ( 37.06771335206872209, 0.4000000000000000222, -0.2337080731428448632 ) ) ;
#4011 = DIRECTION ( 'NONE',  ( 1.141265444721583757E-16, 0.000000000000000000, 1.000000000000000000 ) ) ;
#4012 = DIRECTION ( 'NONE',  ( 0.000000000000000000, -1.000000000000000000, -0.000000000000000000 ) ) ;
#4013 = DIRECTION ( 'NONE',  ( -1.000000000000000000, 0.000000000000000000, 6.982962677686266711E-15 ) ) ;
#4014 = FACE_OUTER_BOUND ( 'NONE', #10384, .T. ) ;
#4015 = ORIENTED_EDGE ( 'NONE', *, *, #1628, .F. ) ;
#4016 = VERTEX_POINT ( 'NONE', #1918 ) ;
#4017 = DIRECTION ( 'NONE',  ( 0.000000000000000000, -1.000000000000000000, 0.000000000000000000 ) ) ;
#4018 = ORIENTED_EDGE ( 'NONE', *, *, #9448, .F. ) ;
#4019 = FACE_OUTER_BOUND ( 'NONE', #10554, .T. ) ;
#4020 = VERTEX_POINT ( 'NONE', #8368 ) ;
#4021 = EDGE_LOOP ( 'NONE', ( #445, #5378, #8764, #6416 ) ) ;
#4022 = VECTOR ( 'NONE', #7383, 1000.000000000000000 ) ;
#4023 = CARTESIAN_POINT ( 'NONE',  ( 7.070602967126376370, 1.399999999999999911, -4.858572962426980446 ) ) ;
#4024 = DIRECTION ( 'NONE',  ( 0.000000000000000000, 0.000000000000000000, -1.000000000000000000 ) ) ;
#4025 = CARTESIAN_POINT ( 'NONE',  ( 38.91457299748616094, 0.4000000000000000222, -1.000000000000000000 ) ) ;
#4026 = CARTESIAN_POINT ( 'NONE',  ( 7.070602967126382588, 1.000000000000000000, -0.4041232037028950064 ) ) ;
#4027 = CARTESIAN_POINT ( 'NONE',  ( 18.64120593425275985, 1.191234876072140070, -5.242434171922443653 ) ) ;
#4028 = VECTOR ( 'NONE', #7442, 1000.000000000000000 ) ;
#4029 = CARTESIAN_POINT ( 'NONE',  ( 38.50000000000001421, 0.000000000000000000, -3.007045462299399841 ) ) ;
#4030 = VECTOR ( 'NONE', #4197, 1000.000000000000000 ) ;
#4031 = DIRECTION ( 'NONE',  ( -0.000000000000000000, -1.000000000000000000, -0.000000000000000000 ) ) ;
#4032 = EDGE_LOOP ( 'NONE', ( #11664, #11341, #1218, #2974 ) ) ;
#4033 = EDGE_CURVE ( 'NONE', #2910, #9038, #11210, .T. ) ;
#4034 = VERTEX_POINT ( 'NONE', #1800 ) ;
#4035 = ORIENTED_EDGE ( 'NONE', *, *, #4223, .F. ) ;
#4036 = DIRECTION ( 'NONE',  ( 0.000000000000000000, -1.000000000000000000, -0.000000000000000000 ) ) ;
#4037 = DIRECTION ( 'NONE',  ( 0.000000000000000000, 1.000000000000000000, 0.000000000000000000 ) ) ;
#4038 = CARTESIAN_POINT ( 'NONE',  ( 28.49711038494233861, 1.000000000000000000, 0.8999999999999916955 ) ) ;
#4039 = EDGE_CURVE ( 'NONE', #12158, #11973, #2569, .T. ) ;
#4040 = VECTOR ( 'NONE', #510, 1000.000000000000000 ) ;
#4041 = CARTESIAN_POINT ( 'NONE',  ( 2.785301483563191294, 0.000000000000000000, -0.4041232037028950064 ) ) ;
#4042 = PLANE ( 'NONE',  #9955 ) ;
#4043 = VECTOR ( 'NONE', #1085, 1000.000000000000000 ) ;
#4044 = DIRECTION ( 'NONE',  ( -0.7660444431189811221, 0.000000000000000000, -0.6427876096865355882 ) ) ;
#4045 = CARTESIAN_POINT ( 'NONE',  ( -1.500000000000009326, 1.103464568314089123, -5.267165293036052631 ) ) ;
#4046 = DIRECTION ( 'NONE',  ( 1.894180325222886620E-15, 0.9625068420560822791, 0.2712574035768015590 ) ) ;
#4047 = LINE ( 'NONE', #7048, #4132 ) ;
#4048 = DIRECTION ( 'NONE',  ( 6.868836133214108557E-15, 0.000000000000000000, 1.000000000000000000 ) ) ;
#4049 = ORIENTED_EDGE ( 'NONE', *, *, #1710, .F. ) ;
#4050 = VERTEX_POINT ( 'NONE', #9311 ) ;
#4051 = EDGE_CURVE ( 'NONE', #4929, #11186, #6735, .T. ) ;
#4052 = ORIENTED_EDGE ( 'NONE', *, *, #4346, .F. ) ;
#4053 = ORIENTED_EDGE ( 'NONE', *, *, #3548, .F. ) ;
#4054 = LINE ( 'NONE', #2119, #11741 ) ;
#4055 = EDGE_CURVE ( 'NONE', #4003, #234, #9693, .T. ) ;
#4056 = CARTESIAN_POINT ( 'NONE',  ( 25.71181598140025315, 0.000000000000000000, -1.007180904292219514 ) ) ;
#4057 = LINE ( 'NONE', #7872, #12264 ) ;
#4058 = CARTESIAN_POINT ( 'NONE',  ( 14.35590445068958232, 1.000000000000000000, -2.836630331739350641 ) ) ;
#4059 = ORIENTED_EDGE ( 'NONE', *, *, #1062, .F. ) ;
#4060 = ORIENTED_EDGE ( 'NONE', *, *, #7707, .T. ) ;
#4061 = ORIENTED_EDGE ( 'NONE', *, *, #6009, .F. ) ;
#4062 = ORIENTED_EDGE ( 'NONE', *, *, #2019, .T. ) ;
#4063 = DIRECTION ( 'NONE',  ( 0.000000000000000000, -1.000000000000000000, -0.000000000000000000 ) ) ;
#4064 = VERTEX_POINT ( 'NONE', #12153 ) ;
#4065 = EDGE_CURVE ( 'NONE', #4016, #7686, #7427, .T. ) ;
#4066 = DIRECTION ( 'NONE',  ( 0.000000000000000000, -0.6427876096865358102, 0.7660444431189811221 ) ) ;
#4067 = ADVANCED_FACE ( 'NONE', ( #4737 ), #8485, .F. ) ;
#4068 = CARTESIAN_POINT ( 'NONE',  ( 11.35590445068957166, 0.5351768109448616917, 2.449066664678465788 ) ) ;
#4069 = LINE ( 'NONE', #7884, #1179 ) ;
#4070 = FACE_OUTER_BOUND ( 'NONE', #12164, .T. ) ;
#4071 = DIRECTION ( 'NONE',  ( -6.868836133214109346E-15, 0.000000000000000000, -1.000000000000000000 ) ) ;
#4072 = EDGE_CURVE ( 'NONE', #9626, #5663, #7551, .T. ) ;
#4073 = VERTEX_POINT ( 'NONE', #3553 ) ;
#4074 = ORIENTED_EDGE ( 'NONE', *, *, #8518, .T. ) ;
#4075 = CARTESIAN_POINT ( 'NONE',  ( 37.82399845764867763, 0.000000000000000000, -3.000000000000000000 ) ) ;
#4076 = ORIENTED_EDGE ( 'NONE', *, *, #5715, .F. ) ;
#4077 = CARTESIAN_POINT ( 'NONE',  ( 28.49711038494233506, 1.399999999999999911, -4.858572962426980446 ) ) ;
#4078 = ORIENTED_EDGE ( 'NONE', *, *, #6795, .T. ) ;
#4079 = VERTEX_POINT ( 'NONE', #10440 ) ;
#4080 = B_SPLINE_CURVE_WITH_KNOTS ( 'NONE', 3,
 ( #2916, #2623, #5313, #5380, #7256, #6378 ),
 .UNSPECIFIED., .F., .F.,
 ( 4, 2, 4 ),
 ( 0.000000000000000000, 0.001513007688743850821, 0.003026015377487701642 ),
 .UNSPECIFIED. ) ;
#4081 = DIRECTION ( 'NONE',  ( 0.000000000000000000, 1.000000000000000000, 0.000000000000000000 ) ) ;
#4082 = LINE ( 'NONE', #2269, #4945 ) ;
#4083 = EDGE_CURVE ( 'NONE', #1805, #57, #6775, .T. ) ;
#4084 = DIRECTION ( 'NONE',  ( 1.000000000000000000, -0.000000000000000000, -0.000000000000000000 ) ) ;
#4085 = CARTESIAN_POINT ( 'NONE',  ( 14.35590445068957344, 1.000000000000000000, -4.040753535442245692 ) ) ;
#4086 = EDGE_CURVE ( 'NONE', #6930, #620, #6428, .T. ) ;
#4087 = CARTESIAN_POINT ( 'NONE',  ( 3.541586589143146835, 0.000000000000000000, -1.000000000000000000 ) ) ;
#4088 = VECTOR ( 'NONE', #6709, 1000.000000000000000 ) ;
#4089 = DIRECTION ( 'NONE',  ( 0.000000000000000000, 1.000000000000000000, -0.000000000000000000 ) ) ;
#4090 = CARTESIAN_POINT ( 'NONE',  ( 38.50000000000001421, 0.000000000000000000, -3.407045462299400196 ) ) ;
#4091 = ORIENTED_EDGE ( 'NONE', *, *, #10113, .F. ) ;
#4092 = ORIENTED_EDGE ( 'NONE', *, *, #3755, .F. ) ;
#4093 = ORIENTED_EDGE ( 'NONE', *, *, #9739, .T. ) ;
#4094 =( BOUNDED_CURVE ( )  B_SPLINE_CURVE ( 3, ( #4135, #6890, #5013, #6067 ),
 .UNSPECIFIED., .F., .F. ) 
 B_SPLINE_CURVE_WITH_KNOTS ( ( 4, 4 ),
 ( 0.8726646259971631014, 1.198269360942234352 ),
 .UNSPECIFIED. ) 
 CURVE ( )  GEOMETRIC_REPRESENTATION_ITEM ( )  RATIONAL_B_SPLINE_CURVE ( ( 1.000000000000000000, 0.9911846262163772625, 0.9911846262163772625, 1.000000000000000000 ) ) 
 REPRESENTATION_ITEM ( '' )  );
#4095 = CARTESIAN_POINT ( 'NONE',  ( -1.500000000000000000, 0.8628211600346445964, -0.4041232037028950064 ) ) ;
#4096 = LINE ( 'NONE', #3096, #4504 ) ;
#4097 = CARTESIAN_POINT ( 'NONE',  ( 38.50000000000001421, 0.000000000000000000, 0.1662919268571550480 ) ) ;
#4098 = FACE_OUTER_BOUND ( 'NONE', #8822, .T. ) ;
#4099 = PLANE ( 'NONE',  #11380 ) ;
#4100 = CARTESIAN_POINT ( 'NONE',  ( 5.785301483563199731, 1.000000000000000000, -2.836630331739350641 ) ) ;
#4101 = EDGE_CURVE ( 'NONE', #9502, #54, #6675, .T. ) ;
#4102 = CARTESIAN_POINT ( 'NONE',  ( 37.06771335206872209, 0.000000000000000000, -1.000000000000000000 ) ) ;
#4103 = CARTESIAN_POINT ( 'NONE',  ( 32.78241186850552680, -1.000000000000000000, 0.3238172648295125633 ) ) ;
#4104 = EDGE_CURVE ( 'NONE', #3007, #5579, #5490, .T. ) ;
#4105 = CARTESIAN_POINT ( 'NONE',  ( 33.28241186850552680, 1.000000000000000000, -1.000000000000000000 ) ) ;
#4106 = DIRECTION ( 'NONE',  ( -1.000000000000000000, 0.000000000000000000, 6.868836133214108557E-15 ) ) ;
#4107 = ORIENTED_EDGE ( 'NONE', *, *, #9932, .T. ) ;
#4108 = VERTEX_POINT ( 'NONE', #2051 ) ;
#4109 = VECTOR ( 'NONE', #10676, 1000.000000000000000 ) ;
#4110 = ORIENTED_EDGE ( 'NONE', *, *, #4852, .F. ) ;
#4111 = ORIENTED_EDGE ( 'NONE', *, *, #4123, .T. ) ;
#4112 = VECTOR ( 'NONE', #203, 1000.000000000000000 ) ;
#4113 = VECTOR ( 'NONE', #8617, 1000.000000000000000 ) ;
#4114 = CARTESIAN_POINT ( 'NONE',  ( 32.78241186850551969, 0.000000000000000000, -5.578147948598760841 ) ) ;
#4115 = B_SPLINE_CURVE_WITH_KNOTS ( 'NONE', 3,
 ( #6152, #6272, #5344, #7223, #10099, #1278 ),
 .UNSPECIFIED., .F., .F.,
 ( 4, 2, 4 ),
 ( 0.000000000000000000, 0.001513007688743851255, 0.003026015377487702510 ),
 .UNSPECIFIED. ) ;
#4116 = DIRECTION ( 'NONE',  ( 0.000000000000000000, 0.000000000000000000, 1.000000000000000000 ) ) ;
#4117 = FACE_OUTER_BOUND ( 'NONE', #6242, .T. ) ;
#4118 = EDGE_CURVE ( 'NONE', #10386, #8964, #6043, .T. ) ;
#4119 = VECTOR ( 'NONE', #3728, 1000.000000000000000 ) ;
#4120 = VECTOR ( 'NONE', #4008, 1000.000000000000114 ) ;
#4121 = CARTESIAN_POINT ( 'NONE',  ( 18.64120593425277406, 1.000000000000000000, -2.836630331739350641 ) ) ;
#4122 = VECTOR ( 'NONE', #7335, 1000.000000000000000 ) ;
#4123 = EDGE_CURVE ( 'NONE', #12242, #11404, #11159, .T. ) ;
#4124 = CARTESIAN_POINT ( 'NONE',  ( 4.632161128980621712, 0.000000000000000000, -3.000000000000000000 ) ) ;
#4125 = VERTEX_POINT ( 'NONE', #6991 ) ;
#4126 = EDGE_LOOP ( 'NONE', ( #10946, #7622, #10503, #3249 ) ) ;
#4127 = ORIENTED_EDGE ( 'NONE', *, *, #6461, .T. ) ;
#4128 = ORIENTED_EDGE ( 'NONE', *, *, #4139, .F. ) ;
#4129 = DIRECTION ( 'NONE',  ( 1.000000000000000000, -0.000000000000000000, 0.000000000000000000 ) ) ;
#4130 = ORIENTED_EDGE ( 'NONE', *, *, #9965, .T. ) ;
#4131 = AXIS2_PLACEMENT_3D ( 'NONE', #9430, #854, #11454 ) ;
#4132 = VECTOR ( 'NONE', #2173, 1000.000000000000000 ) ;
#4133 = FACE_OUTER_BOUND ( 'NONE', #4548, .T. ) ;
#4134 = CARTESIAN_POINT ( 'NONE',  ( 28.49711038494235282, 0.000000000000000000, -2.240753535442224553 ) ) ;
#4135 = CARTESIAN_POINT ( 'NONE',  ( 9.602691853364335728, 0.5320888862379536954, -0.9617579545435693822 ) ) ;
#4136 = LINE ( 'NONE', #10140, #1445 ) ;
#4137 = CARTESIAN_POINT ( 'NONE',  ( 22.92650741781595869, 0.4000000000000000222, 0.1662919268571568243 ) ) ;
#4138 = ADVANCED_FACE ( 'NONE', ( #5859 ), #7205, .T. ) ;
#4139 = EDGE_CURVE ( 'NONE', #11481, #5094, #5020, .T. ) ;
#4140 = CIRCLE ( 'NONE', #12165, 1.500000000000000000 ) ;
#4141 = ORIENTED_EDGE ( 'NONE', *, *, #7062, .F. ) ;
#4142 = VERTEX_POINT ( 'NONE', #11518 ) ;
#4143 = PLANE ( 'NONE',  #9510 ) ;
#4144 = VERTEX_POINT ( 'NONE', #2920 ) ;
#4145 = CARTESIAN_POINT ( 'NONE',  ( 1.500000000000000222, 0.000000000000000000, 0.1662919268571592668 ) ) ;
#4146 = EDGE_CURVE ( 'NONE', #1472, #1849, #5797, .T. ) ;
#4147 = CARTESIAN_POINT ( 'NONE',  ( 7.070602967126374594, 1.267942713657679965, -5.186244395641643301 ) ) ;
#4148 = EDGE_LOOP ( 'NONE', ( #5574, #585, #8900, #2450, #11723, #8711, #5247, #2942, #1878, #9869, #4543, #676, #3052 ) ) ;
#4149 = PLANE ( 'NONE',  #9104 ) ;
#4150 = DIRECTION ( 'NONE',  ( 1.000000000000000000, 0.000000000000000000, 0.000000000000000000 ) ) ;
#4151 = AXIS2_PLACEMENT_3D ( 'NONE', #11140, #1608, #4365 ) ;
#4152 = FACE_OUTER_BOUND ( 'NONE', #7606, .T. ) ;
#4153 = LINE ( 'NONE', #6025, #7153 ) ;
#4154 = EDGE_CURVE ( 'NONE', #3650, #8462, #1227, .T. ) ;
#4155 = LINE ( 'NONE', #5209, #6923 ) ;
#4156 = DIRECTION ( 'NONE',  ( -1.141265444721583757E-16, 0.000000000000000000, -1.000000000000000000 ) ) ;
#4157 = VECTOR ( 'NONE', #12151, 1000.000000000000000 ) ;
#4158 = LINE ( 'NONE', #7971, #792 ) ;
#4160 = EDGE_CURVE ( 'NONE', #5094, #5452, #8011, .T. ) ;
#4159 = ORIENTED_EDGE ( 'NONE', *, *, #5225, .F. ) ;
#4161 = EDGE_CURVE ( 'NONE', #3506, #4623, #1169, .T. ) ;
#4162 = ORIENTED_EDGE ( 'NONE', *, *, #5037, .T. ) ;
#4163 = ORIENTED_EDGE ( 'NONE', *, *, #8517, .T. ) ;
#4164 = DIRECTION ( 'NONE',  ( -0.000000000000000000, -0.000000000000000000, 1.000000000000000000 ) ) ;
#4165 = CARTESIAN_POINT ( 'NONE',  ( 1.500000000000000000, 0.000000000000000000, -0.4041232037028952284 ) ) ;
#4166 = DIRECTION ( 'NONE',  ( 0.000000000000000000, 1.000000000000000000, 0.000000000000000000 ) ) ;
#4167 = CARTESIAN_POINT ( 'NONE',  ( 11.82381556445162119, 0.5320888862379536954, -0.9617579545435693822 ) ) ;
#4168 = LINE ( 'NONE', #2939, #1989 ) ;
#4169 = VECTOR ( 'NONE', #3221, 1000.000000000000000 ) ;
#4170 = PLANE ( 'NONE',  #574 ) ;
#4171 = VECTOR ( 'NONE', #605, 1000.000000000000000 ) ;
#4172 = CARTESIAN_POINT ( 'NONE',  ( 32.78241186850552680, 0.8628211600346445964, -0.4041232037028950064 ) ) ;
#4173 = CARTESIAN_POINT ( 'NONE',  ( 26.74180372560803676, 1.399999999999999911, -5.030233932061380031 ) ) ;
#4174 = CARTESIAN_POINT ( 'NONE',  ( 9.632041948747426474, 0.5614389816210439976, -0.9267798729277888503 ) ) ;
#4175 = VERTEX_POINT ( 'NONE', #8803 ) ;
#4176 = ORIENTED_EDGE ( 'NONE', *, *, #9287, .T. ) ;
#4177 =( BOUNDED_SURFACE ( )  B_SPLINE_SURFACE ( 3, 1, ( 
 ( #10215, #5396 ),
 ( #6579, #1641 ),
 ( #3582, #4585 ),
 ( #11173, #9404 ) ),
 .UNSPECIFIED., .F., .F., .F. ) 
 B_SPLINE_SURFACE_WITH_KNOTS ( ( 4, 4 ),
 ( 2, 2 ),
 ( 0.000000000000000000, 1.000000000000000000 ),
 ( 0.000000000000000000, 1.000000000000000000 ),
 .UNSPECIFIED. ) 
 GEOMETRIC_REPRESENTATION_ITEM ( )  RATIONAL_B_SPLINE_SURFACE ( (
 ( 1.000000000000000000, 1.000000000000000000),
 ( 0.9667654570425325833, 0.9667654570425325833),
 ( 0.9667654570425325833, 0.9667654570425325833),
 ( 1.000000000000000000, 1.000000000000000000) ) ) 
 REPRESENTATION_ITEM ( '' )  SURFACE ( )  );
#4178 = VERTEX_POINT ( 'NONE', #229 ) ;
#4179 = VERTEX_POINT ( 'NONE', #3101 ) ;
#4180 = CIRCLE ( 'NONE', #2179, 2.000000000000000000 ) ;
#4181 = EDGE_CURVE ( 'NONE', #7419, #10428, #10754, .T. ) ;
#4182 = VECTOR ( 'NONE', #11553, 1000.000000000000000 ) ;
#4183 = DIRECTION ( 'NONE',  ( 1.000000000000000000, 0.000000000000000000, 0.000000000000000000 ) ) ;
#4184 = LINE ( 'NONE', #5178, #5351 ) ;
#4185 = CARTESIAN_POINT ( 'NONE',  ( 8.226888072706337596, 0.4000000000000000222, -1.000000000000000000 ) ) ;
#4186 = AXIS2_PLACEMENT_3D ( 'NONE', #11122, #6278, #2598 ) ;
#4187 = DIRECTION ( 'NONE',  ( -1.141265444721583757E-16, 0.000000000000000000, -1.000000000000000000 ) ) ;
#4188 = LINE ( 'NONE', #2887, #2918 ) ;
#4189 = ORIENTED_EDGE ( 'NONE', *, *, #9205, .F. ) ;
#4190 = EDGE_LOOP ( 'NONE', ( #6165, #10160, #8071, #11720 ) ) ;
#4191 = ORIENTED_EDGE ( 'NONE', *, *, #11980, .T. ) ;
#4192 = ORIENTED_EDGE ( 'NONE', *, *, #4146, .F. ) ;
#4193 = ADVANCED_FACE ( 'NONE', ( #10937 ), #9049, .T. ) ;
#4194 = EDGE_CURVE ( 'NONE', #5232, #4484, #4285, .T. ) ;
#4195 = DIRECTION ( 'NONE',  ( 0.000000000000000000, -1.000000000000000000, 0.000000000000000000 ) ) ;
#4196 = VECTOR ( 'NONE', #788, 1000.000000000000000 ) ;
#4197 = DIRECTION ( 'NONE',  ( -1.000000000000000000, -0.000000000000000000, 6.982962677686266711E-15 ) ) ;
#4198 = ADVANCED_FACE ( 'NONE', ( #699 ), #12186, .F. ) ;
#4199 = LINE ( 'NONE', #9015, #3426 ) ;
#4200 = CARTESIAN_POINT ( 'NONE',  ( 8.570602967126388805, 1.000000000000000000, -2.836630331739339983 ) ) ;
#4201 = LINE ( 'NONE', #7260, #12065 ) ;
#4202 = DIRECTION ( 'NONE',  ( -1.000000000000000000, 0.000000000000000000, -1.141265444721583757E-16 ) ) ;
#4203 = ORIENTED_EDGE ( 'NONE', *, *, #11823, .T. ) ;
#4204 = ORIENTED_EDGE ( 'NONE', *, *, #2203, .F. ) ;
#4205 = CARTESIAN_POINT ( 'NONE',  ( 0.000000000000000000, 1.000000000000000000, 0.8999999999999921396 ) ) ;
#4206 = EDGE_LOOP ( 'NONE', ( #9085, #3377, #7752, #8235 ) ) ;
#4207 = ADVANCED_FACE ( 'NONE', ( #8398 ), #4170, .F. ) ;
#4208 = CARTESIAN_POINT ( 'NONE',  ( 7.070602967126371041, 1.400000000000000355, -4.949661896593932298 ) ) ;
#4209 = VERTEX_POINT ( 'NONE', #1410 ) ;
#4210 = CARTESIAN_POINT ( 'NONE',  ( 31.49711038494233506, 1.000000000000000000, 2.799999999999999822 ) ) ;
#4211 = CARTESIAN_POINT ( 'NONE',  ( 30.74397003035976894, 0.4000000000000000222, -3.000000000000000000 ) ) ;
#4212 = EDGE_CURVE ( 'NONE', #10056, #2261, #5165, .T. ) ;
#4213 = LINE ( 'NONE', #3333, #11255 ) ;
#4214 = LINE ( 'NONE', #9032, #1565 ) ;
#4215 = CARTESIAN_POINT ( 'NONE',  ( 21.08279252339591281, 0.3999999999999999667, -2.240753535442232547 ) ) ;
#4216 = CARTESIAN_POINT ( 'NONE',  ( 38.50000000000001421, 0.000000000000000000, 0.1662919268571550480 ) ) ;
#4217 = LINE ( 'NONE', #516, #1386 ) ;
#4218 = ORIENTED_EDGE ( 'NONE', *, *, #3199, .F. ) ;
#4219 = EDGE_LOOP ( 'NONE', ( #11100, #9269, #8994, #10520, #402, #1035, #6665, #1082, #2447, #10241, #12042, #5497 ) ) ;
#4220 = EDGE_LOOP ( 'NONE', ( #6885, #1724, #1065, #11636 ) ) ;
#4221 = DIRECTION ( 'NONE',  ( -1.000000000000000000, -0.000000000000000000, -0.000000000000000000 ) ) ;
#4222 = DIRECTION ( 'NONE',  ( -6.982962677686266711E-15, 0.000000000000000000, -1.000000000000000000 ) ) ;
#4223 = EDGE_CURVE ( 'NONE', #571, #4064, #5102, .T. ) ;
#4224 = DIRECTION ( 'NONE',  ( -1.000000000000000000, -0.000000000000000000, 6.982962677686266711E-15 ) ) ;
#4225 = DIRECTION ( 'NONE',  ( -1.894180325222886620E-15, -0.9625068420560822791, -0.2712574035768015590 ) ) ;
#4226 = FACE_OUTER_BOUND ( 'NONE', #4685, .T. ) ;
#4227 = ADVANCED_FACE ( 'NONE', ( #1284 ), #11952, .F. ) ;
#4228 = AXIS2_PLACEMENT_3D ( 'NONE', #8888, #376, #313 ) ;
#4229 = DIRECTION ( 'NONE',  ( 1.000000000000000000, -0.000000000000000000, -0.000000000000000000 ) ) ;
#4230 = EDGE_CURVE ( 'NONE', #8406, #2175, #468, .T. ) ;
#4231 = LINE ( 'NONE', #469, #505 ) ;
#4232 = LINE ( 'NONE', #9176, #3938 ) ;
#4233 = CARTESIAN_POINT ( 'NONE',  ( 28.37415792179721663, 1.400000000000000355, -5.141489476468492192 ) ) ;
#4234 = ORIENTED_EDGE ( 'NONE', *, *, #9572, .T. ) ;
#4235 = EDGE_LOOP ( 'NONE', ( #6432, #11974, #924, #9628 ) ) ;
#4236 = VERTEX_POINT ( 'NONE', #9278 ) ;
#4237 = VERTEX_POINT ( 'NONE', #11888 ) ;
#4238 = VECTOR ( 'NONE', #241, 1000.000000000000000 ) ;
#4239 = CARTESIAN_POINT ( 'NONE',  ( 38.50000000000001421, 0.4000000000000000222, 0.1662919268571550480 ) ) ;
#4240 = DIRECTION ( 'NONE',  ( -1.141265444721583757E-16, 0.000000000000000000, 1.000000000000000000 ) ) ;
#4241 = VECTOR ( 'NONE', #4333, 1000.000000000000000 ) ;
#4242 = DIRECTION ( 'NONE',  ( -1.000000000000000000, 0.000000000000000000, 6.982962677686266711E-15 ) ) ;
#4243 = DIRECTION ( 'NONE',  ( -7.335912872304331086E-17, 0.7660444431189772363, 0.6427876096865402511 ) ) ;
#4244 = EDGE_CURVE ( 'NONE', #4236, #8657, #8988, .T. ) ;
#4245 = CARTESIAN_POINT ( 'NONE',  ( 37.05035852504396843, 1.400000000000000355, -4.852277374311896985 ) ) ;
#4246 = EDGE_CURVE ( 'NONE', #5434, #1458, #4523, .T. ) ;
#4247 = LINE ( 'NONE', #10127, #3514 ) ;
#4248 = AXIS2_PLACEMENT_3D ( 'NONE', #3643, #7520, #4522 ) ;
#4249 = DIRECTION ( 'NONE',  ( 1.000000000000000000, 0.000000000000000000, -7.097089222158424864E-15 ) ) ;
#4250 = ORIENTED_EDGE ( 'NONE', *, *, #5787, .T. ) ;
#4251 = ORIENTED_EDGE ( 'NONE', *, *, #935, .T. ) ;
#4252 = ORIENTED_EDGE ( 'NONE', *, *, #10121, .T. ) ;
#4253 = VERTEX_POINT ( 'NONE', #8099 ) ;
#4254 = PLANE ( 'NONE',  #7725 ) ;
#4255 = CARTESIAN_POINT ( 'NONE',  ( 9.317462612543812028, 0.000000000000000000, -3.000000000000000000 ) ) ;
#4256 = PLANE ( 'NONE',  #1629 ) ;
#4257 = LINE ( 'NONE', #10014, #4969 ) ;
#4258 = DIRECTION ( 'NONE',  ( 0.000000000000000000, 1.000000000000000000, 0.000000000000000000 ) ) ;
#4259 = CARTESIAN_POINT ( 'NONE',  ( 39.31457299748615242, 0.4000000000000000222, -3.000000000000000000 ) ) ;
#4260 = EDGE_CURVE ( 'NONE', #11168, #5422, #11829, .T. ) ;
#4261 = EDGE_LOOP ( 'NONE', ( #3512, #2685, #7357, #11710 ) ) ;
#4262 = ORIENTED_EDGE ( 'NONE', *, *, #931, .T. ) ;
#4263 = ADVANCED_FACE ( 'NONE', ( #3283 ), #7103, .F. ) ;
#4264 = CYLINDRICAL_SURFACE ( 'NONE', #2312, 1.500000000000000000 ) ;
#4265 = VERTEX_POINT ( 'NONE', #7164 ) ;
#4266 = FACE_OUTER_BOUND ( 'NONE', #11800, .T. ) ;
#4267 = DIRECTION ( 'NONE',  ( -0.000000000000000000, -0.000000000000000000, 1.000000000000000000 ) ) ;
#4268 = ORIENTED_EDGE ( 'NONE', *, *, #12352, .T. ) ;
#4269 = FACE_BOUND ( 'NONE', #11260, .T. ) ;
#4270 = CARTESIAN_POINT ( 'NONE',  ( 22.42650741781596935, 0.4999999999999978351, -2.240753535442241873 ) ) ;
#4271 = LINE ( 'NONE', #1393, #6435 ) ;
#4272 = CARTESIAN_POINT ( 'NONE',  ( 11.35590445068956278, 2.000000000000000000, -5.468901542184338993 ) ) ;
#4273 = EDGE_CURVE ( 'NONE', #726, #1632, #2583, .T. ) ;
#4274 = DIRECTION ( 'NONE',  ( -1.000000000000000000, 0.000000000000000000, 6.982962677686266711E-15 ) ) ;
#4275 = ADVANCED_FACE ( 'NONE', ( #8337 ), #7398, .F. ) ;
#4276 = DIRECTION ( 'NONE',  ( 1.000000000000000000, -0.000000000000000000, -6.982962677686266711E-15 ) ) ;
#4277 = CARTESIAN_POINT ( 'NONE',  ( 5.785301483563191738, 1.000000000000000000, 0.8999999999999916955 ) ) ;
#4278 = VERTEX_POINT ( 'NONE', #3644 ) ;
#4279 = ORIENTED_EDGE ( 'NONE', *, *, #2318, .T. ) ;
#4280 = ORIENTED_EDGE ( 'NONE', *, *, #3849, .F. ) ;
#4281 = DIRECTION ( 'NONE',  ( 0.000000000000000000, 0.000000000000000000, 1.000000000000000000 ) ) ;
#4282 = DIRECTION ( 'NONE',  ( 0.5407162030609332648, 0.5407162030609377057, -0.6444004775717739886 ) ) ;
#4283 = CARTESIAN_POINT ( 'NONE',  ( 31.00826554595231599, 1.399999999999999911, -5.010998372119821909 ) ) ;
#4284 = FACE_OUTER_BOUND ( 'NONE', #11023, .T. ) ;
#4285 = LINE ( 'NONE', #5463, #6170 ) ;
#4286 = CARTESIAN_POINT ( 'NONE',  ( 19.92650741781594803, 1.103464568314089123, -5.267165293036052631 ) ) ;
#4287 = DIRECTION ( 'NONE',  ( -1.000000000000000000, 0.000000000000000000, 0.000000000000000000 ) ) ;
#4288 = DIRECTION ( 'NONE',  ( -0.5407162030609422576, 0.5407162030609375947, -0.6444004775717664391 ) ) ;
#4289 = EDGE_CURVE ( 'NONE', #7156, #7171, #7460, .T. ) ;
#4290 = VERTEX_POINT ( 'NONE', #9862 ) ;
#4291 = ORIENTED_EDGE ( 'NONE', *, *, #8666, .F. ) ;
#4292 = VERTEX_POINT ( 'NONE', #3831 ) ;
#4293 = ORIENTED_EDGE ( 'NONE', *, *, #897, .F. ) ;
#4294 = EDGE_CURVE ( 'NONE', #124, #4125, #11428, .T. ) ;
#4295 = CARTESIAN_POINT ( 'NONE',  ( 11.35590445068958587, 0.3999999999999999667, -2.240753535442224553 ) ) ;
#4296 = VECTOR ( 'NONE', #2979, 1000.000000000000000 ) ;
#4297 = LINE ( 'NONE', #11713, #3734 ) ;
#4298 = FACE_OUTER_BOUND ( 'NONE', #7865, .T. ) ;
#4299 = CARTESIAN_POINT ( 'NONE',  ( 15.64120593425276340, 0.06443263463840748217, 0.1149657687835883013 ) ) ;
#4300 = LINE ( 'NONE', #7300, #10775 ) ;
#4301 = CARTESIAN_POINT ( 'NONE',  ( 11.35590445068957166, 1.000000000000000000, 2.799999999999999822 ) ) ;
#4302 = VECTOR ( 'NONE', #4781, 1000.000000000000000 ) ;
#4303 = LINE ( 'NONE', #547, #3727 ) ;
#4304 = EDGE_CURVE ( 'NONE', #4512, #2557, #1076, .T. ) ;
#4305 = VECTOR ( 'NONE', #7089, 1000.000000000000000 ) ;
#4306 = EDGE_LOOP ( 'NONE', ( #4078, #7404, #2688, #6980 ) ) ;
#4307 = ORIENTED_EDGE ( 'NONE', *, *, #7804, .F. ) ;
#4308 = VECTOR ( 'NONE', #6676, 1000.000000000000114 ) ;
#4309 = ORIENTED_EDGE ( 'NONE', *, *, #11497, .F. ) ;
#4310 = ORIENTED_EDGE ( 'NONE', *, *, #8633, .F. ) ;
#4311 = ADVANCED_FACE ( 'NONE', ( #8516 ), #948, .F. ) ;
#4312 = EDGE_CURVE ( 'NONE', #11725, #12299, #186, .T. ) ;
#4313 = DIRECTION ( 'NONE',  ( -0.000000000000000000, -1.000000000000000000, -0.000000000000000000 ) ) ;
#4314 = ORIENTED_EDGE ( 'NONE', *, *, #11179, .F. ) ;
#4315 = PLANE ( 'NONE',  #9830 ) ;
#4316 = VECTOR ( 'NONE', #3392, 1000.000000000000114 ) ;
#4317 = DIRECTION ( 'NONE',  ( -6.982962677686266711E-15, 0.000000000000000000, -1.000000000000000000 ) ) ;
#4318 = CARTESIAN_POINT ( 'NONE',  ( 24.21180890137913977, 1.191276127410974883, -5.242417899579847607 ) ) ;
#4319 = VECTOR ( 'NONE', #3717, 1000.000000000000000 ) ;
#4320 = CARTESIAN_POINT ( 'NONE',  ( 31.49711038494233151, 1.103464666456457577, -5.267169912107815044 ) ) ;
#4321 = CARTESIAN_POINT ( 'NONE',  ( -0.7437148944200444589, 0.3999999999999999667, -1.000000000000000000 ) ) ;
#4322 = ORIENTED_EDGE ( 'NONE', *, *, #3656, .F. ) ;
#4323 = VERTEX_POINT ( 'NONE', #2824 ) ;
#4324 = DIRECTION ( 'NONE',  ( 0.000000000000000000, -1.000000000000000000, 0.000000000000000000 ) ) ;
#4325 = ORIENTED_EDGE ( 'NONE', *, *, #2356, .T. ) ;
#4326 = AXIS2_PLACEMENT_3D ( 'NONE', #3124, #8949, #2375 ) ;
#4327 = VECTOR ( 'NONE', #8119, 1000.000000000000000 ) ;
#4328 = CARTESIAN_POINT ( 'NONE',  ( 8.005570588688584621, 1.108502809461048066, -5.505567396206783037 ) ) ;
#4329 = ORIENTED_EDGE ( 'NONE', *, *, #7132, .F. ) ;
#4330 = EDGE_CURVE ( 'NONE', #1430, #194, #8780, .T. ) ;
#4331 = LINE ( 'NONE', #4210, #1911 ) ;
#4332 = LINE ( 'NONE', #10322, #4546 ) ;
#4333 = DIRECTION ( 'NONE',  ( 1.000000000000000000, 0.000000000000000000, -6.982962677686266711E-15 ) ) ;
#4334 = FACE_OUTER_BOUND ( 'NONE', #8544, .T. ) ;
#4335 = LINE ( 'NONE', #8860, #5432 ) ;
#4336 = VECTOR ( 'NONE', #2481, 1000.000000000000000 ) ;
#4337 = VECTOR ( 'NONE', #657, 1000.000000000000000 ) ;
#4338 = CARTESIAN_POINT ( 'NONE',  ( -0.9999999999999859002, 0.000000000000000000, -2.240753535442228106 ) ) ;
#4339 = CARTESIAN_POINT ( 'NONE',  ( 32.78241186850552680, 1.000000000000000000, 0.8999999999999916955 ) ) ;
#4340 = DIRECTION ( 'NONE',  ( 1.894180325222886620E-15, 0.9625068420560822791, 0.2712574035768015590 ) ) ;
#4341 = ORIENTED_EDGE ( 'NONE', *, *, #11320, .F. ) ;
#4342 = ORIENTED_EDGE ( 'NONE', *, *, #4330, .F. ) ;
#4343 = ORIENTED_EDGE ( 'NONE', *, *, #6744, .T. ) ;
#4344 = VECTOR ( 'NONE', #9476, 1000.000000000000000 ) ;
#4345 = B_SPLINE_CURVE_WITH_KNOTS ( 'NONE', 3,
 ( #6504, #815, #8634, #12360, #10329, #1875 ),
 .UNSPECIFIED., .F., .F.,
 ( 4, 2, 4 ),
 ( 0.000000000000000000, 0.0002695394427320645060, 0.0005390788854641290120 ),
 .UNSPECIFIED. ) ;
#4346 = EDGE_CURVE ( 'NONE', #11129, #9136, #4650, .T. ) ;
#4347 = LINE ( 'NONE', #8219, #6492 ) ;
#4348 = CARTESIAN_POINT ( 'NONE',  ( 26.21591878522046315, 1.108515853782455984, -5.506187988402309941 ) ) ;
#4349 = DIRECTION ( 'NONE',  ( -3.093406186374441444E-32, 1.000000000000000000, 2.710505431213761085E-16 ) ) ;
#4350 = DIRECTION ( 'NONE',  ( 1.000000000000000000, -0.000000000000000000, -0.000000000000000000 ) ) ;
#4351 = ADVANCED_FACE ( 'NONE', ( #1887 ), #2018, .F. ) ;
#4352 = FACE_OUTER_BOUND ( 'NONE', #3325, .T. ) ;
#4353 = AXIS2_PLACEMENT_3D ( 'NONE', #4056, #2243, #11901 ) ;
#4354 = CARTESIAN_POINT ( 'NONE',  ( 3.285301483563205061, 0.4999999999999978351, -2.240753535442228106 ) ) ;
#4355 = CARTESIAN_POINT ( 'NONE',  ( -0.3437148944200444922, 0.000000000000000000, -1.000000000000000000 ) ) ;
#4356 = LINE ( 'NONE', #6164, #4990 ) ;
#4357 = VERTEX_POINT ( 'NONE', #2885 ) ;
#4358 = ORIENTED_EDGE ( 'NONE', *, *, #8053, .T. ) ;
#4359 = VERTEX_POINT ( 'NONE', #9466 ) ;
#4360 = VERTEX_POINT ( 'NONE', #10408 ) ;
#4361 = ORIENTED_EDGE ( 'NONE', *, *, #2404, .T. ) ;
#4362 = CARTESIAN_POINT ( 'NONE',  ( 7.070602967126373706, 1.103464568314089123, -5.267165293036052631 ) ) ;
#4363 = CARTESIAN_POINT ( 'NONE',  ( 10.07060296712638170, -1.000000000000000000, 0.3238172648295125633 ) ) ;
#4364 = AXIS2_PLACEMENT_3D ( 'NONE', #8026, #10860, #2333 ) ;
#4365 = DIRECTION ( 'NONE',  ( -0.000000000000000000, -1.000000000000000000, 0.000000000000000000 ) ) ;
#4366 = EDGE_CURVE ( 'NONE', #3410, #2358, #4890, .T. ) ;
#4367 = VECTOR ( 'NONE', #7481, 1000.000000000000000 ) ;
#4368 = ADVANCED_FACE ( 'NONE', ( #3953 ), #5587, .F. ) ;
#4369 = PLANE ( 'NONE',  #5834 ) ;
#4370 = CARTESIAN_POINT ( 'NONE',  ( 14.35590445068958232, 1.000000000000000000, -2.836630331739350641 ) ) ;
#4371 = EDGE_CURVE ( 'NONE', #4775, #7417, #9595, .T. ) ;
#4372 = LINE ( 'NONE', #7184, #11731 ) ;
#4373 = DIRECTION ( 'NONE',  ( 6.868836133214108557E-15, 0.000000000000000000, 1.000000000000000000 ) ) ;
#4374 = VECTOR ( 'NONE', #3193, 1000.000000000000000 ) ;
#4375 = VERTEX_POINT ( 'NONE', #4771 ) ;
#4376 = ORIENTED_EDGE ( 'NONE', *, *, #11950, .F. ) ;
#4377 = VECTOR ( 'NONE', #6445, 1000.000000000000000 ) ;
#4378 = ORIENTED_EDGE ( 'NONE', *, *, #10945, .T. ) ;
#4379 = ORIENTED_EDGE ( 'NONE', *, *, #136, .F. ) ;
#4380 = DIRECTION ( 'NONE',  ( -1.000000000000000000, 0.000000000000000000, 6.868836133214108557E-15 ) ) ;
#4381 = ORIENTED_EDGE ( 'NONE', *, *, #6567, .T. ) ;
#4382 = DIRECTION ( 'NONE',  ( 0.000000000000000000, -1.000000000000000000, 0.000000000000000000 ) ) ;
#4383 = EDGE_CURVE ( 'NONE', #6384, #7686, #3699, .T. ) ;
#4384 = VECTOR ( 'NONE', #5559, 1000.000000000000000 ) ;
#4385 = LINE ( 'NONE', #9952, #2035 ) ;
#4386 = CARTESIAN_POINT ( 'NONE',  ( 37.06771335206871498, 1.399999999999999911, -4.858572962426980446 ) ) ;
#4387 = DIRECTION ( 'NONE',  ( 0.000000000000000000, 0.000000000000000000, 1.000000000000000000 ) ) ;
#4388 = ADVANCED_FACE ( 'NONE', ( #7650 ), #1954, .T. ) ;
#4389 = CARTESIAN_POINT ( 'NONE',  ( 38.50000000000001421, 0.000000000000000000, 0.1662919268571550480 ) ) ;
#4390 = EDGE_CURVE ( 'NONE', #2192, #8252, #7584, .T. ) ;
#4391 = EDGE_CURVE ( 'NONE', #11445, #4745, #10468, .T. ) ;
#4392 = ORIENTED_EDGE ( 'NONE', *, *, #3686, .T. ) ;
#4393 = VERTEX_POINT ( 'NONE', #2761 ) ;
#4394 = FACE_OUTER_BOUND ( 'NONE', #9363, .T. ) ;
#4395 = VERTEX_POINT ( 'NONE', #6777 ) ;
#4396 = AXIS2_PLACEMENT_3D ( 'NONE', #9792, #9911, #5847 ) ;
#4397 = LINE ( 'NONE', #8142, #11203 ) ;
#4398 = ORIENTED_EDGE ( 'NONE', *, *, #3588, .F. ) ;
#4399 = CARTESIAN_POINT ( 'NONE',  ( 13.20276409610700519, 0.000000000000000000, -3.000000000000000000 ) ) ;
#4400 = CARTESIAN_POINT ( 'NONE',  ( 30.51429840961729667, 6.728843058598058429E-16, -5.900668485670308883 ) ) ;
#4401 = CARTESIAN_POINT ( 'NONE',  ( 26.71180890137914332, 1.000000000000000000, -1.000000000000000000 ) ) ;
#4402 = DIRECTION ( 'NONE',  ( 0.000000000000000000, 1.000000000000000000, 0.000000000000000000 ) ) ;
#4403 = AXIS2_PLACEMENT_3D ( 'NONE', #9535, #12254, #956 ) ;
#4404 = DIRECTION ( 'NONE',  ( -7.097089222158424864E-15, 0.000000000000000000, -1.000000000000000000 ) ) ;
#4405 = DIRECTION ( 'NONE',  ( -1.000000000000000000, 0.000000000000000000, 6.982962677686266711E-15 ) ) ;
#4406 = CARTESIAN_POINT ( 'NONE',  ( 2.785301483563190850, 0.9534028740753675013, 2.799999999999999822 ) ) ;
#4407 = ORIENTED_EDGE ( 'NONE', *, *, #1228, .F. ) ;
#4408 = VERTEX_POINT ( 'NONE', #8651 ) ;
#4409 = VERTEX_POINT ( 'NONE', #76 ) ;
#4410 = CARTESIAN_POINT ( 'NONE',  ( 15.64120593425276340, 0.000000000000000000, -1.000000000000000000 ) ) ;
#4411 = CARTESIAN_POINT ( 'NONE',  ( 38.05190881774800005, 1.108489920217938574, -5.504954131106829074 ) ) ;
#4412 = CARTESIAN_POINT ( 'NONE',  ( 22.92650741781595869, 1.499358225474672235, 2.799999999999999822 ) ) ;
#4413 = LINE ( 'NONE', #10291, #5752 ) ;
#4414 = LINE ( 'NONE', #6345, #8372 ) ;
#4415 = LINE ( 'NONE', #2536, #9708 ) ;
#4416 = EDGE_CURVE ( 'NONE', #5723, #1807, #8974, .T. ) ;
#4417 = DIRECTION ( 'NONE',  ( 0.000000000000000000, 1.000000000000000000, 0.000000000000000000 ) ) ;
#4418 = CARTESIAN_POINT ( 'NONE',  ( 7.070602967126389693, 0.000000000000000000, -2.836630331739329769 ) ) ;
#4419 = VERTEX_POINT ( 'NONE', #2955 ) ;
#4420 = ORIENTED_EDGE ( 'NONE', *, *, #11316, .T. ) ;
#4421 = EDGE_CURVE ( 'NONE', #6731, #10148, #1138, .T. ) ;
#4422 = ORIENTED_EDGE ( 'NONE', *, *, #6912, .F. ) ;
#4423 = ORIENTED_EDGE ( 'NONE', *, *, #3911, .T. ) ;
#4424 = EDGE_LOOP ( 'NONE', ( #8689, #1372, #4342, #4018 ) ) ;
#4425 = FACE_OUTER_BOUND ( 'NONE', #1491, .T. ) ;
#4426 = DIRECTION ( 'NONE',  ( 0.000000000000000000, 1.000000000000000000, 0.000000000000000000 ) ) ;
#4427 = CARTESIAN_POINT ( 'NONE',  ( 15.64120593425276340, 0.5351768109448618027, 2.449066664678465788 ) ) ;
#4428 = LINE ( 'NONE', #9310, #7237 ) ;
#4429 = CARTESIAN_POINT ( 'NONE',  ( 25.36809400695910455, 0.4000000000000000222, -3.000000000000000000 ) ) ;
#4430 = PLANE ( 'NONE',  #8926 ) ;
#4431 = ADVANCED_FACE ( 'NONE', ( #4953 ), #11733, .F. ) ;
#4432 = CARTESIAN_POINT ( 'NONE',  ( 17.88806557967019373, 0.4000000000000000222, -3.000000000000000000 ) ) ;
#4434 = ORIENTED_EDGE ( 'NONE', *, *, #6741, .F. ) ;
#4433 = CIRCLE ( 'NONE', #9828, 2.000000000000000000 ) ;
#4435 = ORIENTED_EDGE ( 'NONE', *, *, #7100, .F. ) ;
#4436 = EDGE_CURVE ( 'NONE', #9795, #2943, #3257, .T. ) ;
#4437 = ORIENTED_EDGE ( 'NONE', *, *, #151, .T. ) ;
#4438 = CIRCLE ( 'NONE', #1631, 1.500000000000000000 ) ;
#4439 = ORIENTED_EDGE ( 'NONE', *, *, #9619, .F. ) ;
#4440 = DIRECTION ( 'NONE',  ( -1.000000000000000000, -0.000000000000000000, 1.141265444721583757E-16 ) ) ;
#4441 = ORIENTED_EDGE ( 'NONE', *, *, #474, .F. ) ;
#4442 = CARTESIAN_POINT ( 'NONE',  ( 21.08279252339591281, 0.000000000000000000, -2.240753535442232547 ) ) ;
#4443 = CARTESIAN_POINT ( 'NONE',  ( 32.78241186850554101, 1.399999999999999911, -2.240753535442224553 ) ) ;
#4444 = CARTESIAN_POINT ( 'NONE',  ( 27.21180890137914332, 1.399999999999999911, -4.858578065624948650 ) ) ;
#4445 = AXIS2_PLACEMENT_3D ( 'NONE', #1454, #6042, #8802 ) ;
#4446 = LINE ( 'NONE', #1686, #8763 ) ;
#4447 = AXIS2_PLACEMENT_3D ( 'NONE', #3087, #6903, #11748 ) ;
#4448 = CARTESIAN_POINT ( 'NONE',  ( -1.500000000000000444, 1.000000000000000000, 2.799999999999999822 ) ) ;
#4449 = EDGE_LOOP ( 'NONE', ( #7506, #1095, #1832, #5187 ) ) ;
#4450 = ORIENTED_EDGE ( 'NONE', *, *, #4483, .T. ) ;
#4451 = DIRECTION ( 'NONE',  ( -0.000000000000000000, -0.000000000000000000, 1.000000000000000000 ) ) ;
#4452 = VERTEX_POINT ( 'NONE', #2317 ) ;
#4453 = APPLICATION_PROTOCOL_DEFINITION ( 'draft international standard', 'automotive_design', 1998, #11706 ) ;
#4454 = EDGE_CURVE ( 'NONE', #10226, #4868, #258, .T. ) ;
#4455 = LINE ( 'NONE', #5454, #3327 ) ;
#4456 = ORIENTED_EDGE ( 'NONE', *, *, #5044, .F. ) ;
#4457 = ADVANCED_FACE ( 'NONE', ( #3134 ), #6956, .F. ) ;
#4458 = LINE ( 'NONE', #694, #1505 ) ;
#4459 = DIRECTION ( 'NONE',  ( 1.000000000000000000, -0.000000000000000000, 1.141265444721583757E-16 ) ) ;
#4460 = DIRECTION ( 'NONE',  ( 1.000000000000000000, -0.000000000000000000, -1.141265444721583757E-16 ) ) ;
#4461 = CARTESIAN_POINT ( 'NONE',  ( 10.07060296712638348, 0.000000000000000000, 0.1662919268571582954 ) ) ;
#4462 = DIRECTION ( 'NONE',  ( -1.000000000000000000, 0.000000000000000000, 0.000000000000000000 ) ) ;
#4463 = LINE ( 'NONE', #5271, #8533 ) ;
#4464 = CARTESIAN_POINT ( 'NONE',  ( 12.11218955626952898, 0.000000000000000000, -1.000000000000000000 ) ) ;
#4465 = ORIENTED_EDGE ( 'NONE', *, *, #1090, .F. ) ;
#4466 = ORIENTED_EDGE ( 'NONE', *, *, #10596, .T. ) ;
#4467 = ORIENTED_EDGE ( 'NONE', *, *, #5425, .F. ) ;
#4468 = ADVANCED_FACE ( 'NONE', ( #11676 ), #6892, .F. ) ;
#4469 = EDGE_CURVE ( 'NONE', #9384, #3689, #9831, .T. ) ;
#4470 = CARTESIAN_POINT ( 'NONE',  ( -1.500000000000011324, 8.673617379884035472E-16, -5.578147948598759065 ) ) ;
#4471 = CARTESIAN_POINT ( 'NONE',  ( 0.7468596454174303290, 0.4000000000000000222, -1.000000000000000000 ) ) ;
#4472 = DIRECTION ( 'NONE',  ( -0.000000000000000000, -1.000000000000000000, -0.000000000000000000 ) ) ;
#4473 = CARTESIAN_POINT ( 'NONE',  ( 37.06771335206872209, -1.000000000000000000, 0.3238172648295125633 ) ) ;
#4474 = DIRECTION ( 'NONE',  ( 1.000000000000000000, 0.000000000000000000, 0.000000000000000000 ) ) ;
#4475 = LINE ( 'NONE', #7104, #5101 ) ;
#4476 = ORIENTED_EDGE ( 'NONE', *, *, #5425, .T. ) ;
#4477 = CARTESIAN_POINT ( 'NONE',  ( 35.02927151392295713, 0.4000000000000000222, -3.000000000000000000 ) ) ;
#4478 = DIRECTION ( 'NONE',  ( -0.5407162030609422576, 0.5407162030609375947, -0.6444004775717664391 ) ) ;
#4479 = EDGE_LOOP ( 'NONE', ( #7937, #6491, #4052, #4310 ) ) ;
#4480 = ORIENTED_EDGE ( 'NONE', *, *, #9980, .T. ) ;
#4481 = VERTEX_POINT ( 'NONE', #8892 ) ;
#4482 = EDGE_LOOP ( 'NONE', ( #10130, #10897, #10957, #11229 ) ) ;
#4483 = EDGE_CURVE ( 'NONE', #11218, #12396, #10723, .T. ) ;
#4484 = VERTEX_POINT ( 'NONE', #8069 ) ;
#4485 = CARTESIAN_POINT ( 'NONE',  ( 1.500000000000011990, 0.000000000000000000, -2.240753535442245425 ) ) ;
#4486 = CARTESIAN_POINT ( 'NONE',  ( 30.34397003035976681, 0.4000000000000000222, -1.000000000000000000 ) ) ;
#4487 = DIRECTION ( 'NONE',  ( 1.000000000000000000, -0.000000000000000000, 1.141265444721583757E-16 ) ) ;
#4488 = ADVANCED_FACE ( 'NONE', ( #4014 ), #317, .T. ) ;
#4489 = LINE ( 'NONE', #7485, #9230 ) ;
#4490 = FACE_OUTER_BOUND ( 'NONE', #4148, .T. ) ;
#4491 = EDGE_CURVE ( 'NONE', #8126, #2719, #10664, .T. ) ;
#4492 = DIRECTION ( 'NONE',  ( 0.000000000000000000, 0.000000000000000000, 1.000000000000000000 ) ) ;
#4493 = FACE_OUTER_BOUND ( 'NONE', #9809, .T. ) ;
#4494 = ORIENTED_EDGE ( 'NONE', *, *, #6355, .F. ) ;
#4495 = VERTEX_POINT ( 'NONE', #381 ) ;
#4496 = ORIENTED_EDGE ( 'NONE', *, *, #3602, .T. ) ;
#4497 = VERTEX_POINT ( 'NONE', #4137 ) ;
#4498 = CARTESIAN_POINT ( 'NONE',  ( 37.06771335206872209, 2.000000000000000000, 2.799999999999999822 ) ) ;
#4499 = VERTEX_POINT ( 'NONE', #7951 ) ;
#4500 = EDGE_CURVE ( 'NONE', #8775, #6413, #11799, .T. ) ;
#4501 = PLANE ( 'NONE',  #4829 ) ;
#4502 = FACE_OUTER_BOUND ( 'NONE', #264, .T. ) ;
#4503 = CARTESIAN_POINT ( 'NONE',  ( 39.82532781429080160, 1.399999999999999689, -4.945931956424546527 ) ) ;
#4504 = VECTOR ( 'NONE', #9856, 1000.000000000000000 ) ;
#4505 = EDGE_CURVE ( 'NONE', #4687, #11195, #4584, .T. ) ;
#4506 = FACE_OUTER_BOUND ( 'NONE', #7621, .T. ) ;
#4507 = PLANE ( 'NONE',  #11395 ) ;
#4508 = CIRCLE ( 'NONE', #11329, 1.500000000000000000 ) ;
#4509 = ORIENTED_EDGE ( 'NONE', *, *, #5674, .T. ) ;
#4510 = ORIENTED_EDGE ( 'NONE', *, *, #7607, .T. ) ;
#4511 = DIRECTION ( 'NONE',  ( -0.000000000000000000, -0.000000000000000000, 1.000000000000000000 ) ) ;
#4512 = VERTEX_POINT ( 'NONE', #2260 ) ;
#4513 = AXIS2_PLACEMENT_3D ( 'NONE', #6719, #4081, #9604 ) ;
#4514 = CARTESIAN_POINT ( 'NONE',  ( -1.500000000000000444, 2.000000000000000000, 2.799999999999999822 ) ) ;
#4515 = ORIENTED_EDGE ( 'NONE', *, *, #3669, .T. ) ;
#4516 = VECTOR ( 'NONE', #5890, 1000.000000000000000 ) ;
#4517 = VECTOR ( 'NONE', #9468, 1000.000000000000000 ) ;
#4518 = LINE ( 'NONE', #3515, #4707 ) ;
#4519 = LINE ( 'NONE', #8333, #6299 ) ;
#4520 = CARTESIAN_POINT ( 'NONE',  ( 38.50000000000001421, 0.000000000000000000, 0.1662919268571550480 ) ) ;
#4521 = EDGE_CURVE ( 'NONE', #7306, #2718, #2079, .T. ) ;
#4522 = DIRECTION ( 'NONE',  ( 1.084202172485504434E-16, 3.577867169202164632E-15, 1.000000000000000000 ) ) ;
#4523 = LINE ( 'NONE', #3584, #2770 ) ;
#4526 = ADVANCED_FACE ( 'NONE', ( #3074 ), #6128, .F. ) ;
#4525 = DIRECTION ( 'NONE',  ( -1.000000000000000000, -0.000000000000000000, 1.141265444721583757E-16 ) ) ;
#4524 = CIRCLE ( 'NONE', #6928, 4.810796291701608496 ) ;
#4527 = VECTOR ( 'NONE', #12222, 1000.000000000000000 ) ;
#4528 = CARTESIAN_POINT ( 'NONE',  ( 19.92650741781596224, 0.4000000000000000222, -3.007045462299397620 ) ) ;
#4529 = DIRECTION ( 'NONE',  ( -3.093406186374441444E-32, 1.000000000000000000, 2.710505431213761085E-16 ) ) ;
#4530 = ORIENTED_EDGE ( 'NONE', *, *, #2468, .F. ) ;
#4531 = ORIENTED_EDGE ( 'NONE', *, *, #4629, .F. ) ;
#4532 = ORIENTED_EDGE ( 'NONE', *, *, #8310, .F. ) ;
#4533 = CARTESIAN_POINT ( 'NONE',  ( 15.64120593425275274, 2.000000000000000000, -5.468901542184338993 ) ) ;
#4534 = DIRECTION ( 'NONE',  ( -1.000000000000000000, -0.000000000000000000, 1.141265444721583757E-16 ) ) ;
#4535 = VECTOR ( 'NONE', #6422, 1000.000000000000000 ) ;
#4536 = LINE ( 'NONE', #11250, #10855 ) ;
#4537 = FACE_OUTER_BOUND ( 'NONE', #8878, .T. ) ;
#4538 = VECTOR ( 'NONE', #11690, 1000.000000000000000 ) ;
#4539 = EDGE_CURVE ( 'NONE', #8607, #57, #5951, .T. ) ;
#4540 = CARTESIAN_POINT ( 'NONE',  ( 38.22399845764867621, 0.4000000000000000222, -1.000000000000000000 ) ) ;
#4541 = CARTESIAN_POINT ( 'NONE',  ( 29.65339549052229629, 0.4000000000000000222, -3.000000000000000000 ) ) ;
#4542 = EDGE_CURVE ( 'NONE', #8686, #6476, #440, .T. ) ;
#4543 = ORIENTED_EDGE ( 'NONE', *, *, #5059, .T. ) ;
#4544 = EDGE_CURVE ( 'NONE', #7684, #9136, #686, .T. ) ;
#4545 = CARTESIAN_POINT ( 'NONE',  ( 0.000000000000000000, 1.000000000000000000, 0.3238172648295125633 ) ) ;
#4546 = VECTOR ( 'NONE', #8078, 1000.000000000000000 ) ;
#4547 = CARTESIAN_POINT ( 'NONE',  ( 5.785301483563190850, 0.8628211600346445964, -0.4041232037028950064 ) ) ;
#4548 = EDGE_LOOP ( 'NONE', ( #4467, #991, #4699, #11134 ) ) ;
#4549 = VERTEX_POINT ( 'NONE', #2568 ) ;
#4550 = ORIENTED_EDGE ( 'NONE', *, *, #3772, .F. ) ;
#4551 = CARTESIAN_POINT ( 'NONE',  ( 4.632161128980621712, 0.4000000000000000222, -1.000000000000000000 ) ) ;
#4552 = PLANE ( 'NONE',  #5764 ) ;
#4553 = DIRECTION ( 'NONE',  ( 0.000000000000000000, 1.000000000000000000, 0.000000000000000000 ) ) ;
#4554 = DIRECTION ( 'NONE',  ( -0.000000000000000000, -1.000000000000000000, 0.000000000000000000 ) ) ;
#4555 = AXIS2_PLACEMENT_3D ( 'NONE', #10122, #4487, #733 ) ;
#4556 = LINE ( 'NONE', #8366, #1041 ) ;
#4557 = DIRECTION ( 'NONE',  ( 0.6427876096865409172, -0.000000000000000000, 0.7660444431189766812 ) ) ;
#4558 = CARTESIAN_POINT ( 'NONE',  ( 11.35590445068956811, 3.272523262990679971, -4.655872776437634641 ) ) ;
#4559 = DIRECTION ( 'NONE',  ( -0.000000000000000000, -0.000000000000000000, 1.000000000000000000 ) ) ;
#4560 = ORIENTED_EDGE ( 'NONE', *, *, #4903, .F. ) ;
#4561 = ORIENTED_EDGE ( 'NONE', *, *, #4609, .F. ) ;
#4562 = ORIENTED_EDGE ( 'NONE', *, *, #5907, .T. ) ;
#4563 = ORIENTED_EDGE ( 'NONE', *, *, #4273, .T. ) ;
#4564 = AXIS2_PLACEMENT_3D ( 'NONE', #1224, #5098, #9919 ) ;
#4565 = CARTESIAN_POINT ( 'NONE',  ( 4.285308563584294461, 0.000000000000000000, -1.007180904292219514 ) ) ;
#4566 = ORIENTED_EDGE ( 'NONE', *, *, #448, .T. ) ;
#4567 = LINE ( 'NONE', #1748, #1747 ) ;
#4568 = CARTESIAN_POINT ( 'NONE',  ( 15.64120593425276340, 0.000000000000000000, 1.999999999999997335 ) ) ;
#4569 = CARTESIAN_POINT ( 'NONE',  ( 4.540195339274238684, 1.399999999999999911, -5.120689233910753480 ) ) ;
#4570 = CARTESIAN_POINT ( 'NONE',  ( 38.56771335206872209, 1.000000000000000000, 0.000000000000000000 ) ) ;
#4571 = VECTOR ( 'NONE', #6008, 1000.000000000000000 ) ;
#4572 = LINE ( 'NONE', #5385, #12404 ) ;
#4573 = ADVANCED_FACE ( 'NONE', ( #5506 ), #4507, .F. ) ;
#4574 = VERTEX_POINT ( 'NONE', #4321 ) ;
#4575 = VERTEX_POINT ( 'NONE', #6252 ) ;
#4576 = LINE ( 'NONE', #12110, #3314 ) ;
#4577 = ORIENTED_EDGE ( 'NONE', *, *, #11051, .F. ) ;
#4578 =( BOUNDED_SURFACE ( )  B_SPLINE_SURFACE ( 3, 2, ( 
 ( #5585, #4647, #10406 ),
 ( #1951, #7704, #12308 ),
 ( #11487, #9405, #3697 ),
 ( #5697, #1825, #883 ),
 ( #8456, #9526, #6518 ),
 ( #4702, #945, #11550 ) ),
 .UNSPECIFIED., .F., .F., .F. ) 
 B_SPLINE_SURFACE_WITH_KNOTS ( ( 4, 2, 4 ),
 ( 3, 3 ),
 ( 0.001360458961287217732, 0.002901564996485917359, 0.004442671031684617203 ),
 ( 0.000000000000000000, 1.000000000000000000 ),
 .UNSPECIFIED. ) 
 GEOMETRIC_REPRESENTATION_ITEM ( )  RATIONAL_B_SPLINE_SURFACE ( (
 ( 1.000000000000000000, 0.7924374031725291978, 1.000000000000000000),
 ( 1.000000000000000000, 0.7956711654295671732, 1.000000000000000000),
 ( 1.000000000000000000, 0.7972631388398050412, 1.000000000000000000),
 ( 1.000000000000000000, 0.7972633761834646560, 1.000000000000000000),
 ( 1.000000000000000000, 0.7956584909370890690, 1.000000000000000000),
 ( 1.000000000000000000, 0.7924371217378710641, 1.000000000000000000) ) ) 
 REPRESENTATION_ITEM ( '' )  SURFACE ( )  );
#4579 = EDGE_CURVE ( 'NONE', #5808, #5676, #4572, .T. ) ;
#4580 = CARTESIAN_POINT ( 'NONE',  ( 14.35590445068958587, 0.3999999999999999667, -2.240753535442245425 ) ) ;
#4581 = ORIENTED_EDGE ( 'NONE', *, *, #7968, .F. ) ;
#4582 = VECTOR ( 'NONE', #4805, 1000.000000000000000 ) ;
#4583 = LINE ( 'NONE', #1760, #8095 ) ;
#4584 = CIRCLE ( 'NONE', #7176, 1.500000000000000000 ) ;
#4585 = CARTESIAN_POINT ( 'NONE',  ( 4.802489508238149796, 8.971790744797411896E-16, -5.900668485670307106 ) ) ;
#4586 = CARTESIAN_POINT ( 'NONE',  ( 15.64120593425275274, 1.400000000000000355, -4.949661896593932298 ) ) ;
#4587 = CARTESIAN_POINT ( 'NONE',  ( 34.28241186850552680, 0.000000000000000000, 1.999999999999998224 ) ) ;
#4588 = DIRECTION ( 'NONE',  ( 1.000000000000000000, 0.000000000000000000, -1.141265444721583757E-16 ) ) ;
#4589 = VECTOR ( 'NONE', #532, 1000.000000000000000 ) ;
#4590 = CARTESIAN_POINT ( 'NONE',  ( 38.50000000000001421, 0.000000000000000000, -3.407045462299400196 ) ) ;
#4591 = CARTESIAN_POINT ( 'NONE',  ( 16.79749103983272107, 1.000000000000000222, -2.240753535442232547 ) ) ;
#4592 = EDGE_CURVE ( 'NONE', #5817, #5287, #11985, .T. ) ;
#4593 = DIRECTION ( 'NONE',  ( 7.335912872304279317E-17, 0.7660444431189810111, 0.6427876096865356992 ) ) ;
#4594 = DIRECTION ( 'NONE',  ( 1.000000000000000000, -0.000000000000000000, 0.000000000000000000 ) ) ;
#4595 = ADVANCED_FACE ( 'NONE', ( #9206 ), #9332, .F. ) ;
#4596 = ORIENTED_EDGE ( 'NONE', *, *, #6274, .T. ) ;
#4597 = ORIENTED_EDGE ( 'NONE', *, *, #8242, .F. ) ;
#4598 = DIRECTION ( 'NONE',  ( 1.000000000000000000, -0.000000000000000000, -1.141265444721583757E-16 ) ) ;
#4599 = LINE ( 'NONE', #7531, #1151 ) ;
#4600 = CARTESIAN_POINT ( 'NONE',  ( 19.92650741781595514, 2.072578233334808395, 1.800000000000000044 ) ) ;
#4601 = DIRECTION ( 'NONE',  ( 0.5407162030609332648, 0.5407162030609377057, -0.6444004775717739886 ) ) ;
#4602 = CARTESIAN_POINT ( 'NONE',  ( 35.78241186850554811, 0.3999999999999999667, -2.240753535442245425 ) ) ;
#4603 = ORIENTED_EDGE ( 'NONE', *, *, #7082, .T. ) ;
#4604 = DIRECTION ( 'NONE',  ( 0.000000000000000000, -0.6427876096865358102, 0.7660444431189811221 ) ) ;
#4605 = DIRECTION ( 'NONE',  ( 0.5407162030609378167, 0.5407162030609377057, 0.6444004775717702138 ) ) ;
#4606 = ORIENTED_EDGE ( 'NONE', *, *, #9450, .T. ) ;
#4607 = ORIENTED_EDGE ( 'NONE', *, *, #7445, .F. ) ;
#4608 = ORIENTED_EDGE ( 'NONE', *, *, #10330, .F. ) ;
#4609 = EDGE_CURVE ( 'NONE', #6413, #5417, #6315, .T. ) ;
#4610 = ORIENTED_EDGE ( 'NONE', *, *, #10079, .T. ) ;
#4611 = CARTESIAN_POINT ( 'NONE',  ( 1.500000000000007772, 0.000000000000000000, -2.836630331739350641 ) ) ;
#4612 = LINE ( 'NONE', #6232, #2531 ) ;
#4613 = EDGE_CURVE ( 'NONE', #4758, #10397, #1566, .T. ) ;
#4614 = CARTESIAN_POINT ( 'NONE',  ( 27.21180890137915753, 1.000000000000000000, -2.836630331739350641 ) ) ;
#4615 = ADVANCED_FACE ( 'NONE', ( #11033 ), #10268, .F. ) ;
#4616 = CARTESIAN_POINT ( 'NONE',  ( 37.06771335206872209, 1.000000000000000000, -0.4041232037028949509 ) ) ;
#4617 = EDGE_CURVE ( 'NONE', #7698, #4495, #3389, .T. ) ;
#4618 = CARTESIAN_POINT ( 'NONE',  ( 11.35590445068957344, 1.499358225474672235, 1.300000000000000044 ) ) ;
#4619 = DIRECTION ( 'NONE',  ( 0.7660444431189722403, -0.000000000000000000, -0.6427876096865462463 ) ) ;
#4620 = DIRECTION ( 'NONE',  ( 0.000000000000000000, 2.710505431213761085E-15, -1.000000000000000000 ) ) ;
#4621 = DIRECTION ( 'NONE',  ( 6.868836133214108557E-15, 0.000000000000000000, 1.000000000000000000 ) ) ;
#4622 = EDGE_LOOP ( 'NONE', ( #6253, #458, #974, #354 ) ) ;
#4623 = VERTEX_POINT ( 'NONE', #3503 ) ;
#4624 = ORIENTED_EDGE ( 'NONE', *, *, #10083, .T. ) ;
#4625 = ORIENTED_EDGE ( 'NONE', *, *, #10621, .F. ) ;
#4626 = VECTOR ( 'NONE', #2443, 1000.000000000000000 ) ;
#4627 = CARTESIAN_POINT ( 'NONE',  ( 24.21180890137914687, 1.000000000000000000, 0.3238172648295121747 ) ) ;
#4628 = ORIENTED_EDGE ( 'NONE', *, *, #5681, .F. ) ;
#4629 = EDGE_CURVE ( 'NONE', #5199, #1, #8198, .T. ) ;
#4630 = DIRECTION ( 'NONE',  ( -1.000000000000000000, 0.000000000000000000, 0.000000000000000000 ) ) ;
#4631 = EDGE_CURVE ( 'NONE', #9995, #688, #753, .T. ) ;
#4632 = DIRECTION ( 'NONE',  ( -1.141265444721583757E-16, -0.000000000000000000, -1.000000000000000000 ) ) ;
#4633 = CARTESIAN_POINT ( 'NONE',  ( 24.21180890137914687, 1.000000000000000000, -1.000000000000000000 ) ) ;
#4634 = CARTESIAN_POINT ( 'NONE',  ( 1.500000000000000222, 0.4000000000000000222, 0.1662919268571592668 ) ) ;
#4635 = VECTOR ( 'NONE', #11424, 1000.000000000000000 ) ;
#4636 = AXIS2_PLACEMENT_3D ( 'NONE', #1639, #5457, #12181 ) ;
#4637 = ORIENTED_EDGE ( 'NONE', *, *, #7067, .F. ) ;
#4638 = ORIENTED_EDGE ( 'NONE', *, *, #6348, .F. ) ;
#4639 = DIRECTION ( 'NONE',  ( 0.000000000000000000, 0.000000000000000000, -1.000000000000000000 ) ) ;
#4640 = ORIENTED_EDGE ( 'NONE', *, *, #6487, .T. ) ;
#4641 = DIRECTION ( 'NONE',  ( 1.000000000000000000, -0.000000000000000000, -0.000000000000000000 ) ) ;
#4642 = EDGE_LOOP ( 'NONE', ( #7155, #5806, #11137, #1676 ) ) ;
#4643 = VECTOR ( 'NONE', #10629, 1000.000000000000114 ) ;
#4644 = DIRECTION ( 'NONE',  ( 1.000000000000000000, -0.000000000000000000, 0.000000000000000000 ) ) ;
#4645 = VECTOR ( 'NONE', #1898, 1000.000000000000000 ) ;
#4646 = FACE_OUTER_BOUND ( 'NONE', #7974, .T. ) ;
#4647 = CARTESIAN_POINT ( 'NONE',  ( 32.65945940536039416, 1.400000000000000355, -5.141489476468491304 ) ) ;
#4648 = EDGE_CURVE ( 'NONE', #11484, #11445, #3319, .T. ) ;
#4649 = DIRECTION ( 'NONE',  ( 1.000000000000000000, -0.000000000000000000, -0.000000000000000000 ) ) ;
#4650 = LINE ( 'NONE', #10344, #378 ) ;
#4651 = EDGE_CURVE ( 'NONE', #2403, #4419, #3569, .T. ) ;
#4652 = CARTESIAN_POINT ( 'NONE',  ( -1.500000000000011546, 0.000000000000000000, -5.578147948598760841 ) ) ;
#4653 = AXIS2_PLACEMENT_3D ( 'NONE', #12046, #9076, #7135 ) ;
#4654 = PLANE ( 'NONE',  #10904 ) ;
#4655 = CARTESIAN_POINT ( 'NONE',  ( 13.60276409610700377, 0.4000000000000000222, -1.000000000000000000 ) ) ;
#4656 = CARTESIAN_POINT ( 'NONE',  ( 2.785301483563186409, 1.399999999999999689, -4.612012738139070755 ) ) ;
#4657 = VERTEX_POINT ( 'NONE', #6383 ) ;
#4658 = ORIENTED_EDGE ( 'NONE', *, *, #5870, .F. ) ;
#4659 = DIRECTION ( 'NONE',  ( 0.000000000000000000, 0.000000000000000000, -1.000000000000000000 ) ) ;
#4660 = LINE ( 'NONE', #4843, #3145 ) ;
#4661 = CARTESIAN_POINT ( 'NONE',  ( 32.78241186850552680, 1.267942713657679743, -5.186244395641644189 ) ) ;
#4662 = LINE ( 'NONE', #1899, #11984 ) ;
#4663 = EDGE_CURVE ( 'NONE', #3468, #8322, #10970, .T. ) ;
#4664 = EDGE_CURVE ( 'NONE', #9099, #5320, #2382, .T. ) ;
#4665 = CARTESIAN_POINT ( 'NONE',  ( 38.50000000000001421, 0.4000000000000000222, -3.007045462299399841 ) ) ;
#4666 = VERTEX_POINT ( 'NONE', #5448 ) ;
#4667 = CARTESIAN_POINT ( 'NONE',  ( 20.42650741781595869, 1.000000000000000000, -1.000000000000000000 ) ) ;
#4668 = CARTESIAN_POINT ( 'NONE',  ( 38.50000000000001421, 0.000000000000000000, -3.007045462299399841 ) ) ;
#4669 = ORIENTED_EDGE ( 'NONE', *, *, #9448, .T. ) ;
#4670 = ORIENTED_EDGE ( 'NONE', *, *, #10757, .T. ) ;
#4671 = ORIENTED_EDGE ( 'NONE', *, *, #801, .F. ) ;
#4672 = EDGE_LOOP ( 'NONE', ( #11692, #341, #7576, #5849 ) ) ;
#4673 = DIRECTION ( 'NONE',  ( -1.000000000000000000, 0.000000000000000000, -1.141265444721583757E-16 ) ) ;
#4674 = CARTESIAN_POINT ( 'NONE',  ( 5.317390369801144878, 0.5320888862379536954, -0.9617579545435693822 ) ) ;
#4675 = PLANE ( 'NONE',  #10552 ) ;
#4676 = DIRECTION ( 'NONE',  ( 1.000000000000000000, 0.000000000000000000, 0.000000000000000000 ) ) ;
#4677 = CARTESIAN_POINT ( 'NONE',  ( 22.75610355830799847, 0.7834631812238955773, -0.6072026154634229123 ) ) ;
#4678 = DIRECTION ( 'NONE',  ( 0.000000000000000000, -1.000000000000000000, -0.000000000000000000 ) ) ;
#4679 = DIRECTION ( 'NONE',  ( 0.5407162030609332648, 0.5407162030609377057, -0.6444004775717739886 ) ) ;
#4680 = ADVANCED_FACE ( 'NONE', ( #9265 ), #2628, .F. ) ;
#4681 = CARTESIAN_POINT ( 'NONE',  ( 8.226888072706337596, 0.000000000000000000, -1.000000000000000000 ) ) ;
#4682 = EDGE_LOOP ( 'NONE', ( #4358, #1401, #6103, #5549, #953 ) ) ;
#4683 = ORIENTED_EDGE ( 'NONE', *, *, #2216, .T. ) ;
#4684 = ORIENTED_EDGE ( 'NONE', *, *, #4371, .F. ) ;
#4685 = EDGE_LOOP ( 'NONE', ( #10521, #10078, #5004, #8031, #12331, #7375 ) ) ;
#4686 = DIRECTION ( 'NONE',  ( 0.000000000000000000, 0.000000000000000000, -1.000000000000000000 ) ) ;
#4687 = VERTEX_POINT ( 'NONE', #7199 ) ;
#4688 = LINE ( 'NONE', #1683, #7334 ) ;
#4689 = CARTESIAN_POINT ( 'NONE',  ( 31.49711038494233506, 1.499358225474672235, 2.799999999999999822 ) ) ;
#4690 = LINE ( 'NONE', #1685, #5966 ) ;
#4691 = EDGE_CURVE ( 'NONE', #7417, #3974, #5571, .T. ) ;
#4692 = CARTESIAN_POINT ( 'NONE',  ( 11.35590445068957521, 0.000000000000000000, 0.1662919268571581288 ) ) ;
#4693 = EDGE_CURVE ( 'NONE', #2540, #11076, #11286, .T. ) ;
#4694 = ORIENTED_EDGE ( 'NONE', *, *, #3185, .F. ) ;
#4695 = EDGE_LOOP ( 'NONE', ( #6666, #11216, #8541, #11084 ) ) ;
#4696 = ADVANCED_FACE ( 'NONE', ( #2746 ), #11415, .T. ) ;
#4697 = ORIENTED_EDGE ( 'NONE', *, *, #5104, .F. ) ;
#4698 = CARTESIAN_POINT ( 'NONE',  ( 18.64120593425277050, 1.000000000000000000, -3.407045462299397975 ) ) ;
#4699 = ORIENTED_EDGE ( 'NONE', *, *, #1532, .T. ) ;
#4700 = DIRECTION ( 'NONE',  ( 0.000000000000000000, 0.7660444431189767922, -0.6427876096865409172 ) ) ;
#4701 = AXIS2_PLACEMENT_3D ( 'NONE', #6341, #403, #7158 ) ;
#4702 = CARTESIAN_POINT ( 'NONE',  ( 35.79982327847468326, 1.399999999999999911, -4.852261884540959080 ) ) ;
#4703 = DIRECTION ( 'NONE',  ( -1.000000000000000000, 0.000000000000000000, 0.000000000000000000 ) ) ;
#4704 = DIRECTION ( 'NONE',  ( 0.000000000000000000, 0.000000000000000000, 1.000000000000000000 ) ) ;
#4705 = CARTESIAN_POINT ( 'NONE',  ( -1.500000000000000222, 1.000000000000000000, 0.3238172648295121747 ) ) ;
#4706 = LINE ( 'NONE', #78, #8890 ) ;
#4707 = VECTOR ( 'NONE', #11171, 1000.000000000000000 ) ;
#4708 = CARTESIAN_POINT ( 'NONE',  ( 0.5041098838413153871, 1.108515853782455984, -5.506187988402309941 ) ) ;
#4709 = VERTEX_POINT ( 'NONE', #9453 ) ;
#4710 = CARTESIAN_POINT ( 'NONE',  ( 14.35590445068958587, 0.000000000000000000, -2.240753535442245425 ) ) ;
#4711 = AXIS2_PLACEMENT_3D ( 'NONE', #6429, #10064, #4492 ) ;
#4712 = ORIENTED_EDGE ( 'NONE', *, *, #5074, .T. ) ;
#4713 = ORIENTED_EDGE ( 'NONE', *, *, #4956, .F. ) ;
#4714 = DIRECTION ( 'NONE',  ( 0.000000000000000000, 0.000000000000000000, 1.000000000000000000 ) ) ;
#4715 = CARTESIAN_POINT ( 'NONE',  ( 10.07060296712637637, 1.399999999999999911, -4.858578065624948650 ) ) ;
#4716 = DIRECTION ( 'NONE',  ( 0.000000000000000000, 1.000000000000000000, 0.000000000000000000 ) ) ;
#4717 = CARTESIAN_POINT ( 'NONE',  ( 1.517411409969156466, 1.399999999999999911, -4.852261884540959080 ) ) ;
#4718 = AXIS2_PLACEMENT_3D ( 'NONE', #2825, #11429, #6646 ) ;
#4719 = DIRECTION ( 'NONE',  ( -1.141265444721583757E-16, 0.000000000000000000, -1.000000000000000000 ) ) ;
#4720 = VERTEX_POINT ( 'NONE', #4692 ) ;
#4721 = DIRECTION ( 'NONE',  ( -1.000000000000000000, 0.000000000000000000, 0.000000000000000000 ) ) ;
#4722 = DIRECTION ( 'NONE',  ( -1.141265444721583757E-16, 0.000000000000000000, 1.000000000000000000 ) ) ;
#4723 = EDGE_CURVE ( 'NONE', #11149, #4144, #8447, .T. ) ;
#4724 = ORIENTED_EDGE ( 'NONE', *, *, #8697, .T. ) ;
#4725 = EDGE_CURVE ( 'NONE', #3526, #9818, #4345, .T. ) ;
#4726 = ORIENTED_EDGE ( 'NONE', *, *, #8554, .T. ) ;
#4727 = ORIENTED_EDGE ( 'NONE', *, *, #6600, .F. ) ;
#4728 = AXIS2_PLACEMENT_3D ( 'NONE', #12163, #2677, #3562 ) ;
#4729 = VECTOR ( 'NONE', #2733, 1000.000000000000000 ) ;
#4730 = PLANE ( 'NONE',  #5089 ) ;
#4731 = CARTESIAN_POINT ( 'NONE',  ( 3.253212597325237709, 0.5320888862379536954, -0.9617579545435693822 ) ) ;
#4732 = CARTESIAN_POINT ( 'NONE',  ( 3.941586589143147190, 0.000000000000000000, -3.000000000000000000 ) ) ;
#4733 = EDGE_CURVE ( 'NONE', #7653, #12225, #5812, .T. ) ;
#4734 = DIRECTION ( 'NONE',  ( -1.000000000000000000, 0.000000000000000000, 6.982962677686266711E-15 ) ) ;
#4735 = SURFACE_STYLE_USAGE ( .BOTH. , #11515 ) ;
#4736 = CARTESIAN_POINT ( 'NONE',  ( 2.785301483563194846, 1.000000000000000000, -3.407045462299395755 ) ) ;
#4737 = FACE_OUTER_BOUND ( 'NONE', #6182, .T. ) ;
#4738 = AXIS2_PLACEMENT_3D ( 'NONE', #8856, #2344, #4222 ) ;
#4739 = CARTESIAN_POINT ( 'NONE',  ( 27.21180890137914332, 1.372613645930301107, -5.038802382218242393 ) ) ;
#4740 = CARTESIAN_POINT ( 'NONE',  ( 7.070602967126381699, -1.000000000000000000, 0.3238172648295125633 ) ) ;
#4741 = DIRECTION ( 'NONE',  ( -1.000000000000000000, -0.000000000000000000, 6.982962677686266711E-15 ) ) ;
#4742 = EDGE_LOOP ( 'NONE', ( #8143, #9112, #3743, #9039, #5138, #6051, #5127, #6117, #3343, #472, #3773, #4059, #3957, #6661, #1054, #7719 ) ) ;
#4743 = ORIENTED_EDGE ( 'NONE', *, *, #4592, .T. ) ;
#4744 = ORIENTED_EDGE ( 'NONE', *, *, #3849, .T. ) ;
#4745 = VERTEX_POINT ( 'NONE', #12297 ) ;
#4746 = CARTESIAN_POINT ( 'NONE',  ( 15.64120593425277761, 1.000000000000000000, -2.240753535442224553 ) ) ;
#4747 = EDGE_CURVE ( 'NONE', #249, #5663, #5688, .T. ) ;
#4748 = ORIENTED_EDGE ( 'NONE', *, *, #10031, .F. ) ;
#4749 = VECTOR ( 'NONE', #391, 1000.000000000000114 ) ;
#4750 = CARTESIAN_POINT ( 'NONE',  ( 4.632161128980621712, 0.000000000000000000, -1.000000000000000000 ) ) ;
#4751 = EDGE_CURVE ( 'NONE', #8120, #8124, #3685, .T. ) ;
#4752 = DIRECTION ( 'NONE',  ( 0.000000000000000000, -0.000000000000000000, -1.000000000000000000 ) ) ;
#4753 = FACE_OUTER_BOUND ( 'NONE', #8448, .T. ) ;
#4754 = FACE_OUTER_BOUND ( 'NONE', #9867, .T. ) ;
#4755 = VECTOR ( 'NONE', #1670, 1000.000000000000000 ) ;
#4756 = VERTEX_POINT ( 'NONE', #936 ) ;
#4757 = ORIENTED_EDGE ( 'NONE', *, *, #3814, .F. ) ;
#4758 = VERTEX_POINT ( 'NONE', #3876 ) ;
#4759 = VERTEX_POINT ( 'NONE', #8501 ) ;
#4760 = LINE ( 'NONE', #6886, #6112 ) ;
#4762 = VERTEX_POINT ( 'NONE', #874 ) ;
#4761 = ADVANCED_FACE ( 'NONE', ( #4754 ), #6690, .F. ) ;
#4763 = CARTESIAN_POINT ( 'NONE',  ( 15.64120593425276340, 0.000000000000000000, -1.000000000000000000 ) ) ;
#4764 = VECTOR ( 'NONE', #3099, 1000.000000000000000 ) ;
#4765 = EDGE_CURVE ( 'NONE', #927, #9099, #3818, .T. ) ;
#4766 = DIRECTION ( 'NONE',  ( -4.005262847839656493E-15, -0.8191520442889909104, -0.5735764363510473807 ) ) ;
#4767 = DIRECTION ( 'NONE',  ( 1.141265444721583757E-16, 0.000000000000000000, 1.000000000000000000 ) ) ;
#4768 = EDGE_CURVE ( 'NONE', #9795, #6133, #1939, .T. ) ;
#4769 = AXIS2_PLACEMENT_3D ( 'NONE', #6357, #3483, #9058 ) ;
#4770 = CARTESIAN_POINT ( 'NONE',  ( 17.14120593425276340, 0.5320888862379536954, -0.9617579545435694932 ) ) ;
#4771 = CARTESIAN_POINT ( 'NONE',  ( 30.34397003035976681, 0.000000000000000000, -2.240753535442237432 ) ) ;
#4772 = PLANE ( 'NONE',  #10536 ) ;
#4773 = DIRECTION ( 'NONE',  ( 4.488561888120282676E-15, 0.7660444431189767922, 0.6427876096865409172 ) ) ;
#4774 = DIRECTION ( 'NONE',  ( 0.000000000000000000, -1.000000000000000000, 0.000000000000000000 ) ) ;
#4775 = VERTEX_POINT ( 'NONE', #5751 ) ;
#4776 = VECTOR ( 'NONE', #2695, 1000.000000000000000 ) ;
#4777 = LINE ( 'NONE', #2829, #10199 ) ;
#4778 = AXIS2_PLACEMENT_3D ( 'NONE', #10847, #9889, #200 ) ;
#4779 = VERTEX_POINT ( 'NONE', #9578 ) ;
#4780 = EDGE_LOOP ( 'NONE', ( #1605, #1836, #5063, #5092 ) ) ;
#4781 = DIRECTION ( 'NONE',  ( 0.000000000000000000, 1.000000000000000000, 0.000000000000000000 ) ) ;
#4782 = CARTESIAN_POINT ( 'NONE',  ( 3.541586589143146835, 0.000000000000000000, -1.000000000000000000 ) ) ;
#4783 = DIRECTION ( 'NONE',  ( 4.488561888120282676E-15, 0.7660444431189767922, 0.6427876096865409172 ) ) ;
#4784 = DIRECTION ( 'NONE',  ( -1.141265444721583757E-16, 0.000000000000000000, -1.000000000000000000 ) ) ;
#4785 = VECTOR ( 'NONE', #5354, 1000.000000000000000 ) ;
#4786 = DIRECTION ( 'NONE',  ( 1.000000000000000000, -0.000000000000000000, 0.000000000000000000 ) ) ;
#4787 = DIRECTION ( 'NONE',  ( -3.093406186374441444E-32, -1.000000000000000000, -2.710505431213761085E-16 ) ) ;
#4788 = LINE ( 'NONE', #9547, #6176 ) ;
#4789 = VERTEX_POINT ( 'NONE', #999 ) ;
#4790 = ORIENTED_EDGE ( 'NONE', *, *, #12328, .F. ) ;
#4791 = VERTEX_POINT ( 'NONE', #4816 ) ;
#4792 = VECTOR ( 'NONE', #5544, 1000.000000000000000 ) ;
#4793 = VERTEX_POINT ( 'NONE', #63 ) ;
#4794 = CYLINDRICAL_SURFACE ( 'NONE', #10912, 2.000000000000000000 ) ;
#4795 = PLANE ( 'NONE',  #4131 ) ;
#4796 = CARTESIAN_POINT ( 'NONE',  ( 15.81160979376072717, 0.7834631812238952442, -0.6072026154634236894 ) ) ;
#4797 = CARTESIAN_POINT ( 'NONE',  ( 31.49711038494234927, 1.000000000000000000, -2.240753535442245425 ) ) ;
#4798 = FACE_OUTER_BOUND ( 'NONE', #6605, .T. ) ;
#4799 = EDGE_CURVE ( 'NONE', #7387, #9455, #7693, .T. ) ;
#4800 = CARTESIAN_POINT ( 'NONE',  ( 20.86147503937770864, 1.108502809461048733, -5.505567396206785702 ) ) ;
#4801 = VECTOR ( 'NONE', #10413, 1000.000000000000000 ) ;
#4802 = DIRECTION ( 'NONE',  ( 1.000000000000000000, 0.000000000000000000, -6.982962677686266711E-15 ) ) ;
#4803 = ADVANCED_FACE ( 'NONE', ( #11537 ), #2941, .F. ) ;
#4804 = FACE_OUTER_BOUND ( 'NONE', #3508, .T. ) ;
#4805 = DIRECTION ( 'NONE',  ( 0.000000000000000000, 1.000000000000000000, 0.000000000000000000 ) ) ;
#4806 = ORIENTED_EDGE ( 'NONE', *, *, #3967, .F. ) ;
#4807 = ORIENTED_EDGE ( 'NONE', *, *, #11162, .F. ) ;
#4808 = ORIENTED_EDGE ( 'NONE', *, *, #7790, .F. ) ;
#4809 = VERTEX_POINT ( 'NONE', #1063 ) ;
#4810 = CARTESIAN_POINT ( 'NONE',  ( 38.91457299748616094, 0.000000000000000000, -2.240753535442237432 ) ) ;
#4811 = VERTEX_POINT ( 'NONE', #9395 ) ;
#4812 = CARTESIAN_POINT ( 'NONE',  ( 5.785301483563203284, 0.000000000000000000, -2.240753535442245425 ) ) ;
#4813 = CARTESIAN_POINT ( 'NONE',  ( 19.92650741781595514, 0.000000000000000000, -0.4041232037028950064 ) ) ;
#4814 = CARTESIAN_POINT ( 'NONE',  ( 30.74397003035976894, 0.4000000000000000222, -3.000000000000000000 ) ) ;
#4815 = EDGE_CURVE ( 'NONE', #9642, #4775, #10586, .T. ) ;
#4816 = CARTESIAN_POINT ( 'NONE',  ( 18.64120593425276695, 0.000000000000000000, -0.4041232037028952284 ) ) ;
#4817 = EDGE_CURVE ( 'NONE', #4409, #12036, #1187, .T. ) ;
#4818 = ORIENTED_EDGE ( 'NONE', *, *, #1310, .T. ) ;
#4819 = ORIENTED_EDGE ( 'NONE', *, *, #8956, .T. ) ;
#4820 = EDGE_LOOP ( 'NONE', ( #3378, #8565, #204, #2277, #10726, #11114, #8877, #10024, #12363, #11113, #5938 ) ) ;
#4821 = ORIENTED_EDGE ( 'NONE', *, *, #12374, .T. ) ;
#4822 = DIRECTION ( 'NONE',  ( -1.141265444721583757E-16, 0.000000000000000000, 1.000000000000000000 ) ) ;
#4823 = ORIENTED_EDGE ( 'NONE', *, *, #8240, .F. ) ;
#4824 = CARTESIAN_POINT ( 'NONE',  ( 13.88799333692752747, 0.5320888862379536954, -0.9617579545435693822 ) ) ;
#4825 = CARTESIAN_POINT ( 'NONE',  ( 5.785301483563196179, 0.000000000000000000, -3.007045462299396288 ) ) ;
#4826 = DIRECTION ( 'NONE',  ( 1.000000000000000000, -0.000000000000000000, -0.000000000000000000 ) ) ;
#4827 = VECTOR ( 'NONE', #6642, 1000.000000000000000 ) ;
#4828 = CARTESIAN_POINT ( 'NONE',  ( 18.14120593425276340, 1.000000000000000000, -1.000000000000000000 ) ) ;
#4829 = AXIS2_PLACEMENT_3D ( 'NONE', #1561, #11514, #978 ) ;
#4830 = CARTESIAN_POINT ( 'NONE',  ( 10.07060296712637104, 2.000000000000000000, -5.468901542184360309 ) ) ;
#4831 = LINE ( 'NONE', #4124, #6105 ) ;
#4832 = EDGE_CURVE ( 'NONE', #8278, #9733, #3061, .T. ) ;
#4833 = LINE ( 'NONE', #3703, #296 ) ;
#4834 = CARTESIAN_POINT ( 'NONE',  ( 32.78241186850552680, 0.000000000000000000, -0.4041232037028950064 ) ) ;
#4835 = ORIENTED_EDGE ( 'NONE', *, *, #11179, .T. ) ;
#4836 = CARTESIAN_POINT ( 'NONE',  ( 5.785301483563191738, 2.000000000000000000, 1.739099631177264405 ) ) ;
#4837 = ADVANCED_FACE ( 'NONE', ( #10647 ), #10707, .F. ) ;
#4838 = AXIS2_PLACEMENT_3D ( 'NONE', #5428, #2726, #7244 ) ;
#4839 = EDGE_LOOP ( 'NONE', ( #4893, #6337, #3787, #1994 ) ) ;
#4840 = ORIENTED_EDGE ( 'NONE', *, *, #3896, .T. ) ;
#4841 = VECTOR ( 'NONE', #5472, 1000.000000000000000 ) ;
#4842 = DIRECTION ( 'NONE',  ( -6.982962677686266711E-15, 0.000000000000000000, -1.000000000000000000 ) ) ;
#4843 = CARTESIAN_POINT ( 'NONE',  ( 19.92650741781595514, 1.000000000000000000, -0.4041232037028949509 ) ) ;
#4844 = CARTESIAN_POINT ( 'NONE',  ( 12.85590445068958054, 1.000000000000000000, -2.836630331739339983 ) ) ;
#4845 = CARTESIAN_POINT ( 'NONE',  ( 25.36809400695910455, 0.000000000000000000, -2.240753535442232547 ) ) ;
#4846 = VECTOR ( 'NONE', #5014, 1000.000000000000000 ) ;
#4847 = EDGE_CURVE ( 'NONE', #11386, #4756, #6821, .T. ) ;
#4848 = CARTESIAN_POINT ( 'NONE',  ( 20.68279252339591068, 0.3999999999999999667, -1.000000000000000000 ) ) ;
#4849 = LINE ( 'NONE', #8849, #3336 ) ;
#4850 = CARTESIAN_POINT ( 'NONE',  ( 0.000000000000000000, 0.000000000000000000, 1.999999999999998224 ) ) ;
#4852 = EDGE_CURVE ( 'NONE', #1066, #1094, #7998, .T. ) ;
#4851 = ORIENTED_EDGE ( 'NONE', *, *, #6988, .F. ) ;
#4853 = ADVANCED_FACE ( 'NONE', ( #5874 ), #8941, .F. ) ;
#4854 = ORIENTED_EDGE ( 'NONE', *, *, #2234, .T. ) ;
#4855 = ORIENTED_EDGE ( 'NONE', *, *, #10873, .T. ) ;
#4856 = LINE ( 'NONE', #8854, #8315 ) ;
#4857 = CARTESIAN_POINT ( 'NONE',  ( 30.34397003035976681, 0.000000000000000000, -1.000000000000000000 ) ) ;
#4858 = CARTESIAN_POINT ( 'NONE',  ( 19.92650741781596935, 0.000000000000000000, -2.240753535442224553 ) ) ;
#4859 = CARTESIAN_POINT ( 'NONE',  ( 26.22899692605411204, 1.115317123975225533, -5.586345496996282023 ) ) ;
#4860 = DIRECTION ( 'NONE',  ( -1.000000000000000000, 0.000000000000000000, 6.868836133214108557E-15 ) ) ;
#4861 = DIRECTION ( 'NONE',  ( 1.000000000000000000, 0.000000000000000000, -6.982962677686266711E-15 ) ) ;
#4862 = CARTESIAN_POINT ( 'NONE',  ( 23.04951951929951548, 1.400000000000000133, -5.141473183975624472 ) ) ;
#4863 = CARTESIAN_POINT ( 'NONE',  ( 1.500000000000000000, 1.000000000000000000, -1.000000000000000000 ) ) ;
#4864 = LINE ( 'NONE', #8680, #11547 ) ;
#4865 = CARTESIAN_POINT ( 'NONE',  ( 31.49711038494233506, 0.000000000000000000, 0.1662919268571558251 ) ) ;
#4866 = VERTEX_POINT ( 'NONE', #9875 ) ;
#4867 = ORIENTED_EDGE ( 'NONE', *, *, #6828, .T. ) ;
#4868 = VERTEX_POINT ( 'NONE', #9694 ) ;
#4869 = VERTEX_POINT ( 'NONE', #7060 ) ;
#4870 = EDGE_CURVE ( 'NONE', #9336, #7684, #9758, .T. ) ;
#4871 = CARTESIAN_POINT ( 'NONE',  ( 3.186416115764988621, 1.399999999999492761, -5.329232319203681456 ) ) ;
#4872 = ORIENTED_EDGE ( 'NONE', *, *, #481, .T. ) ;
#4873 = DIRECTION ( 'NONE',  ( 1.000000000000000000, -0.000000000000000000, -0.000000000000000000 ) ) ;
#4874 = EDGE_CURVE ( 'NONE', #4178, #1193, #4940, .T. ) ;
#4875 = CARTESIAN_POINT ( 'NONE',  ( 37.06771335206872919, 0.000000000000000000, -3.007045462299399841 ) ) ;
#4876 = CARTESIAN_POINT ( 'NONE',  ( 5.785301483563203284, 0.000000000000000000, -2.240753535442245425 ) ) ;
#4877 = DIRECTION ( 'NONE',  ( -0.5407162030609378167, 0.5407162030609377057, 0.6444004775717702138 ) ) ;
#4878 = ORIENTED_EDGE ( 'NONE', *, *, #2690, .F. ) ;
#4879 = ORIENTED_EDGE ( 'NONE', *, *, #2763, .T. ) ;
#4880 = ORIENTED_EDGE ( 'NONE', *, *, #9078, .F. ) ;
#4881 = ORIENTED_EDGE ( 'NONE', *, *, #4055, .T. ) ;
#4882 = EDGE_CURVE ( 'NONE', #318, #1743, #2302, .T. ) ;
#4883 = DIRECTION ( 'NONE',  ( -1.000000000000000000, 0.000000000000000000, 6.982962677686266711E-15 ) ) ;
#4884 = VERTEX_POINT ( 'NONE', #10769 ) ;
#4885 = CARTESIAN_POINT ( 'NONE',  ( 10.07060296712639413, 0.3999999999999999667, -2.240753535442245425 ) ) ;
#4886 = EDGE_CURVE ( 'NONE', #3258, #3661, #11945, .T. ) ;
#4887 = CARTESIAN_POINT ( 'NONE',  ( 11.35590445068957699, 0.3999999999999999667, -3.407045462299400196 ) ) ;
#4888 = CARTESIAN_POINT ( 'NONE',  ( 27.21180890137916109, 0.000000000000000000, -2.240753535442245425 ) ) ;
#4889 = DIRECTION ( 'NONE',  ( 0.000000000000000000, -1.000000000000000000, 0.000000000000000000 ) ) ;
#4890 = LINE ( 'NONE', #9528, #4182 ) ;
#4891 = VERTEX_POINT ( 'NONE', #8693 ) ;
#4892 = CARTESIAN_POINT ( 'NONE',  ( 19.92650741781595514, 0.9534028740753675013, 2.799999999999999822 ) ) ;
#4893 = ORIENTED_EDGE ( 'NONE', *, *, #5870, .T. ) ;
#4894 = CARTESIAN_POINT ( 'NONE',  ( 38.50000000000001421, 0.000000000000000000, -0.2337080731428451408 ) ) ;
#4895 = VECTOR ( 'NONE', #3528, 1000.000000000000114 ) ;
#4896 = ORIENTED_EDGE ( 'NONE', *, *, #3299, .F. ) ;
#4897 = VERTEX_POINT ( 'NONE', #9941 ) ;
#4898 = LINE ( 'NONE', #8721, #10515 ) ;
#4899 = CARTESIAN_POINT ( 'NONE',  ( 19.92650741781596224, 0.000000000000000000, -3.007045462299397620 ) ) ;
#4900 = ADVANCED_FACE ( 'NONE', ( #3939 ), #9814, .F. ) ;
#4901 = CARTESIAN_POINT ( 'NONE',  ( 9.570602967126379923, 0.000000000000000000, -1.000000000000000000 ) ) ;
#4902 = DIRECTION ( 'NONE',  ( 1.000000000000000000, 0.000000000000000000, -7.097089222158424864E-15 ) ) ;
#4903 = EDGE_CURVE ( 'NONE', #3081, #7698, #4001, .T. ) ;
#4905 = PLANE ( 'NONE',  #5718 ) ;
#4904 = VECTOR ( 'NONE', #4276, 1000.000000000000000 ) ;
#4906 = VECTOR ( 'NONE', #5103, 1000.000000000000000 ) ;
#4907 = CARTESIAN_POINT ( 'NONE',  ( 1.329596140492041112, 0.7834631812238955773, -0.6072026154634229123 ) ) ;
#4908 = CARTESIAN_POINT ( 'NONE',  ( 19.92650741781596224, 1.000000000000000000, -3.407045462299397975 ) ) ;
#4909 = ORIENTED_EDGE ( 'NONE', *, *, #10047, .F. ) ;
#4910 = EDGE_LOOP ( 'NONE', ( #9644, #3063, #11527, #266, #12348, #11478, #5391, #12353, #6978, #10476, #11387, #9612, #1892 ) ) ;
#4911 = ORIENTED_EDGE ( 'NONE', *, *, #8350, .T. ) ;
#4912 = CARTESIAN_POINT ( 'NONE',  ( 13.86980277773051995, 1.106833788838468502, -5.425737714157053304 ) ) ;
#4913 = FACE_OUTER_BOUND ( 'NONE', #2931, .T. ) ;
#4914 = CARTESIAN_POINT ( 'NONE',  ( 2.785301483563197511, 1.000000000000000000, -3.007045462299395844 ) ) ;
#4915 = EDGE_CURVE ( 'NONE', #10066, #551, #243, .T. ) ;
#4916 = VECTOR ( 'NONE', #3648, 1000.000000000000000 ) ;
#4917 = FACE_OUTER_BOUND ( 'NONE', #1522, .T. ) ;
#4918 = CARTESIAN_POINT ( 'NONE',  ( 31.49711038494234217, 1.000000000000000000, -2.836630331739350641 ) ) ;
#4919 = VECTOR ( 'NONE', #3786, 1000.000000000000000 ) ;
#4920 = PLANE ( 'NONE',  #11855 ) ;
#4921 = EDGE_CURVE ( 'NONE', #8405, #9538, #7873, .T. ) ;
#4922 = CARTESIAN_POINT ( 'NONE',  ( 23.07654412847817582, 1.102365273526561218, -5.215486168409628753 ) ) ;
#4923 = ADVANCED_FACE ( 'NONE', ( #8875 ), #300, .F. ) ;
#4924 = CARTESIAN_POINT ( 'NONE',  ( 19.92650741781595514, 2.000000000000000000, 1.739099631177264405 ) ) ;
#4925 = CARTESIAN_POINT ( 'NONE',  ( 26.81441688161348225, 1.400000000000840350, -5.327909680984391549 ) ) ;
#4926 = VECTOR ( 'NONE', #1299, 1000.000000000000000 ) ;
#4927 = VECTOR ( 'NONE', #9458, 1000.000000000000000 ) ;
#4928 = CARTESIAN_POINT ( 'NONE',  ( 28.89822501714391123, 1.399999999999380185, -5.329232319203898172 ) ) ;
#4929 = VERTEX_POINT ( 'NONE', #3180 ) ;
#4930 = ORIENTED_EDGE ( 'NONE', *, *, #379, .F. ) ;
#4931 = VECTOR ( 'NONE', #10695, 1000.000000000000000 ) ;
#4932 = EDGE_LOOP ( 'NONE', ( #4550, #3527, #10535, #10764, #1945, #11416, #2675, #3676, #11957, #1637, #2187 ) ) ;
#4933 = ORIENTED_EDGE ( 'NONE', *, *, #5296, .F. ) ;
#4934 = CARTESIAN_POINT ( 'NONE',  ( 5.387909463797313947, 1.400000000000896527, -5.327909680984286744 ) ) ;
#4935 = ORIENTED_EDGE ( 'NONE', *, *, #12356, .F. ) ;
#4936 = LINE ( 'NONE', #240, #6346 ) ;
#4937 = VECTOR ( 'NONE', #3547, 1000.000000000000000 ) ;
#4938 = CARTESIAN_POINT ( 'NONE',  ( 2.785301483563202840, 0.3999999999999999667, -2.240753535442224553 ) ) ;
#4939 = VECTOR ( 'NONE', #9052, 1000.000000000000000 ) ;
#4940 = LINE ( 'NONE', #2123, #9366 ) ;
#4941 = ORIENTED_EDGE ( 'NONE', *, *, #8868, .F. ) ;
#4942 = ORIENTED_EDGE ( 'NONE', *, *, #8347, .F. ) ;
#4943 = ORIENTED_EDGE ( 'NONE', *, *, #1463, .F. ) ;
#4944 = EDGE_LOOP ( 'NONE', ( #12381, #9945, #7023, #6876 ) ) ;
#4945 = VECTOR ( 'NONE', #3144, 1000.000000000000114 ) ;
#4946 = CARTESIAN_POINT ( 'NONE',  ( 18.65861734422191986, 1.399999999999999911, -4.852261884540960857 ) ) ;
#4947 = EDGE_LOOP ( 'NONE', ( #7796, #9353, #6529, #5477, #9224, #12083, #4577, #7350, #10807, #11418, #10275 ) ) ;
#4948 = DIRECTION ( 'NONE',  ( 7.097089222158425653E-15, -0.000000000000000000, 1.000000000000000000 ) ) ;
#4949 = CARTESIAN_POINT ( 'NONE',  ( 35.78241186850552680, 8.673617379884035472E-16, -5.578152595329382457 ) ) ;
#4950 = DIRECTION ( 'NONE',  ( -1.141265444721583757E-16, 0.000000000000000000, 1.000000000000000000 ) ) ;
#4951 = DIRECTION ( 'NONE',  ( 0.000000000000000000, -0.000000000000000000, -1.000000000000000000 ) ) ;
#4952 = VECTOR ( 'NONE', #10375, 1000.000000000000000 ) ;
#4953 = FACE_OUTER_BOUND ( 'NONE', #2487, .T. ) ;
#4954 = EDGE_CURVE ( 'NONE', #5632, #12362, #10833, .T. ) ;
#4955 = ORIENTED_EDGE ( 'NONE', *, *, #8518, .F. ) ;
#4956 = EDGE_CURVE ( 'NONE', #8379, #6087, #8117, .T. ) ;
#4957 = LINE ( 'NONE', #9834, #4112 ) ;
#4958 = VERTEX_POINT ( 'NONE', #9191 ) ;
#4959 = CARTESIAN_POINT ( 'NONE',  ( 28.49711038494233151, 1.103464568314089123, -5.267165293036052631 ) ) ;
#4960 = ORIENTED_EDGE ( 'NONE', *, *, #9805, .F. ) ;
#4961 = ORIENTED_EDGE ( 'NONE', *, *, #7259, .F. ) ;
#4962 = VECTOR ( 'NONE', #2711, 1000.000000000000000 ) ;
#4963 = DIRECTION ( 'NONE',  ( 0.000000000000000000, -1.000000000000000000, -2.710505431213761085E-16 ) ) ;
#4964 = DIRECTION ( 'NONE',  ( 0.000000000000000000, 0.000000000000000000, 1.000000000000000000 ) ) ;
#4965 = VECTOR ( 'NONE', #4557, 1000.000000000000114 ) ;
#4966 = DIRECTION ( 'NONE',  ( -1.000000000000000000, 0.000000000000000000, 6.982962677686266711E-15 ) ) ;
#4967 = DIRECTION ( 'NONE',  ( -1.355252715606880543E-16, -1.000000000000000000, -0.000000000000000000 ) ) ;
#4968 = EDGE_CURVE ( 'NONE', #4779, #5908, #10190, .T. ) ;
#4969 = VECTOR ( 'NONE', #12105, 1000.000000000000114 ) ;
#4970 = PLANE ( 'NONE',  #8717 ) ;
#4971 = VECTOR ( 'NONE', #6805, 1000.000000000000000 ) ;
#4972 = EDGE_CURVE ( 'NONE', #2175, #11315, #10003, .T. ) ;
#4973 = FACE_OUTER_BOUND ( 'NONE', #6998, .T. ) ;
#4974 = LINE ( 'NONE', #4090, #394 ) ;
#4975 = ORIENTED_EDGE ( 'NONE', *, *, #6367, .F. ) ;
#4976 = ORIENTED_EDGE ( 'NONE', *, *, #8179, .F. ) ;
#4977 = ORIENTED_EDGE ( 'NONE', *, *, #9133, .F. ) ;
#4978 =( BOUNDED_SURFACE ( )  B_SPLINE_SURFACE ( 3, 2, ( 
 ( #4245, #1482, #3298 ),
 ( #3487, #1548, #11143 ),
 ( #544, #11081, #5366 ),
 ( #10954, #3370, #8182 ),
 ( #2364, #6175, #10001 ),
 ( #5239, #7182, #2424 ) ),
 .UNSPECIFIED., .F., .F., .F. ) 
 B_SPLINE_SURFACE_WITH_KNOTS ( ( 4, 2, 4 ),
 ( 3, 3 ),
 ( 0.001360458961287217732, 0.002901564996485917359, 0.004442671031684617203 ),
 ( 0.000000000000000000, 1.000000000000000000 ),
 .UNSPECIFIED. ) 
 GEOMETRIC_REPRESENTATION_ITEM ( )  RATIONAL_B_SPLINE_SURFACE ( (
 ( 1.000000000000000000, 0.7924374031725291978, 1.000000000000000000),
 ( 1.000000000000000000, 0.7956711654295671732, 1.000000000000000000),
 ( 1.000000000000000000, 0.7972631388398050412, 1.000000000000000000),
 ( 1.000000000000000000, 0.7972633761834646560, 1.000000000000000000),
 ( 1.000000000000000000, 0.7956584909370890690, 1.000000000000000000),
 ( 1.000000000000000000, 0.7924371217378710641, 1.000000000000000000) ) ) 
 REPRESENTATION_ITEM ( '' )  SURFACE ( )  );
#4979 = CARTESIAN_POINT ( 'NONE',  ( 12.30052079891473582, 1.399999999999831823, -5.423416779412474575 ) ) ;
#4980 = DIRECTION ( 'NONE',  ( 0.000000000000000000, 0.000000000000000000, -1.000000000000000000 ) ) ;
#4981 = DIRECTION ( 'NONE',  ( -1.141265444721583757E-16, 0.000000000000000000, -1.000000000000000000 ) ) ;
#4982 = VECTOR ( 'NONE', #9897, 1000.000000000000000 ) ;
#4983 = CARTESIAN_POINT ( 'NONE',  ( 17.14120593425276340, 0.000000000000000000, 1.999999999999998224 ) ) ;
#4984 = CARTESIAN_POINT ( 'NONE',  ( 29.48125422152439867, 1.400000000000000133, -5.120335728133785125 ) ) ;
#4985 = LINE ( 'NONE', #11700, #7433 ) ;
#4986 = CARTESIAN_POINT ( 'NONE',  ( 28.49711038494233861, 1.000000000000000000, -0.4041232037028950064 ) ) ;
#4987 = CARTESIAN_POINT ( 'NONE',  ( 32.95281572801348347, 0.7834631812238950221, -0.6072026154634244666 ) ) ;
#4988 = CARTESIAN_POINT ( 'NONE',  ( 24.61292353358026475, 1.399999999999605782, -5.329232319205094548 ) ) ;
#4989 = ADVANCED_FACE ( 'NONE', ( #11082 ), #9125, .T. ) ;
#4990 = VECTOR ( 'NONE', #11198, 1000.000000000000000 ) ;
#4991 = CARTESIAN_POINT ( 'NONE',  ( 31.62012248642589185, 1.400000000000000133, -5.141473183975623584 ) ) ;
#4992 = ADVANCED_FACE ( 'NONE', ( #7368 ), #4430, .F. ) ;
#4993 = ORIENTED_EDGE ( 'NONE', *, *, #1595, .F. ) ;
#4994 = VERTEX_POINT ( 'NONE', #11212 ) ;
#4995 = VERTEX_POINT ( 'NONE', #2614 ) ;
#4996 = ORIENTED_EDGE ( 'NONE', *, *, #7984, .F. ) ;
#4997 = EDGE_CURVE ( 'NONE', #10710, #6166, #1303, .T. ) ;
#4998 = FACE_OUTER_BOUND ( 'NONE', #8935, .T. ) ;
#4999 = FACE_OUTER_BOUND ( 'NONE', #11744, .T. ) ;
#5000 = VECTOR ( 'NONE', #5833, 1000.000000000000000 ) ;
#5001 = FACE_OUTER_BOUND ( 'NONE', #7236, .T. ) ;
#5002 = DIRECTION ( 'NONE',  ( 1.141265444721583757E-16, 0.000000000000000000, 1.000000000000000000 ) ) ;
#5003 = ORIENTED_EDGE ( 'NONE', *, *, #931, .F. ) ;
#5004 = ORIENTED_EDGE ( 'NONE', *, *, #5333, .F. ) ;
#5005 = ORIENTED_EDGE ( 'NONE', *, *, #86, .F. ) ;
#5006 = ORIENTED_EDGE ( 'NONE', *, *, #1557, .F. ) ;
#5007 = EDGE_CURVE ( 'NONE', #12257, #8171, #12094, .T. ) ;
#5008 = EDGE_CURVE ( 'NONE', #5930, #9978, #9250, .T. ) ;
#5009 = CARTESIAN_POINT ( 'NONE',  ( 24.21180890137914687, 0.4000000000000000222, 0.1662919268571534104 ) ) ;
#5010 = ORIENTED_EDGE ( 'NONE', *, *, #11569, .T. ) ;
#5011 = CARTESIAN_POINT ( 'NONE',  ( 14.35590445068957521, 0.000000000000000000, 1.999999999999997335 ) ) ;
#5012 = DIRECTION ( 'NONE',  ( 1.355252715606880543E-16, 1.000000000000000000, -9.463679131915807439E-31 ) ) ;
#5013 = CARTESIAN_POINT ( 'NONE',  ( 9.900199107618423255, 0.7834631812238955773, -0.6072026154634229123 ) ) ;
#5014 = DIRECTION ( 'NONE',  ( 0.000000000000000000, 1.000000000000000000, 0.000000000000000000 ) ) ;
#5015 = DIRECTION ( 'NONE',  ( -1.000000000000000000, 0.000000000000000000, 6.982962677686266711E-15 ) ) ;
#5016 = ORIENTED_EDGE ( 'NONE', *, *, #7881, .T. ) ;
#5017 = CARTESIAN_POINT ( 'NONE',  ( 24.71180890137916109, 0.000000000000000000, -2.240753535442228106 ) ) ;
#5018 = ORIENTED_EDGE ( 'NONE', *, *, #2085, .F. ) ;
#5019 = LINE ( 'NONE', #11623, #5000 ) ;
#5020 = B_SPLINE_CURVE_WITH_KNOTS ( 'NONE', 3,
 ( #9802, #7806, #3046, #10566, #982, #8616, #11702, #44 ),
 .UNSPECIFIED., .F., .F.,
 ( 4, 2, 2, 4 ),
 ( 0.000000000000000000, 0.0007624254491577253960, 0.001524850898315450792, 0.003049701796630911559 ),
 .UNSPECIFIED. ) ;
#5021 = ORIENTED_EDGE ( 'NONE', *, *, #9300, .T. ) ;
#5022 = ORIENTED_EDGE ( 'NONE', *, *, #2214, .T. ) ;
#5023 = EDGE_CURVE ( 'NONE', #3777, #8309, #7247, .T. ) ;
#5024 = CARTESIAN_POINT ( 'NONE',  ( 8.054746803708429326, 1.400000000000000133, -5.120335728133786901 ) ) ;
#5025 = PLANE ( 'NONE',  #3747 ) ;
#5026 = CARTESIAN_POINT ( 'NONE',  ( 28.49711038494232795, 0.000000000000000000, -5.578147948598760841 ) ) ;
#5027 = CARTESIAN_POINT ( 'NONE',  ( 29.65339549052229629, 0.000000000000000000, -1.000000000000000000 ) ) ;
#5028 = ADVANCED_FACE ( 'NONE', ( #671 ), #3430, .T. ) ;
#5029 = CARTESIAN_POINT ( 'NONE',  ( 7.070602967126381699, 2.072578233334808395, 1.800000000000000044 ) ) ;
#5030 = VECTOR ( 'NONE', #5365, 1000.000000000000000 ) ;
#5031 = CARTESIAN_POINT ( 'NONE',  ( 21.42650741781595514, 1.000000000000000000, 0.3238172648295125633 ) ) ;
#5032 = VECTOR ( 'NONE', #5042, 1000.000000000000114 ) ;
#5033 = PLANE ( 'NONE',  #3586 ) ;
#5034 = ORIENTED_EDGE ( 'NONE', *, *, #11742, .F. ) ;
#5035 = EDGE_LOOP ( 'NONE', ( #10008, #5865, #6301, #11665 ) ) ;
#5036 = ORIENTED_EDGE ( 'NONE', *, *, #669, .T. ) ;
#5037 = EDGE_CURVE ( 'NONE', #10731, #678, #2554, .T. ) ;
#5038 = LINE ( 'NONE', #10687, #5716 ) ;
#5039 = CARTESIAN_POINT ( 'NONE',  ( 12.51218955626952933, 0.4000000000000000222, -1.000000000000000000 ) ) ;
#5040 = FACE_OUTER_BOUND ( 'NONE', #3478, .T. ) ;
#5041 = AXIS2_PLACEMENT_3D ( 'NONE', #1643, #7649, #9709 ) ;
#5042 = DIRECTION ( 'NONE',  ( 0.6427876096865409172, -0.000000000000000000, -0.7660444431189766812 ) ) ;
#5043 = DIRECTION ( 'NONE',  ( -1.000000000000000000, 0.000000000000000000, -1.141265444721583757E-16 ) ) ;
#5044 = EDGE_CURVE ( 'NONE', #9684, #8373, #4372, .T. ) ;
#5045 = VECTOR ( 'NONE', #4349, 1000.000000000000000 ) ;
#5046 = CARTESIAN_POINT ( 'NONE',  ( 31.49711038494234927, 0.000000000000000000, -2.240753535442245425 ) ) ;
#5047 = DIRECTION ( 'NONE',  ( 0.000000000000000000, -1.000000000000000000, 0.000000000000000000 ) ) ;
#5048 = CARTESIAN_POINT ( 'NONE',  ( 21.08279252339591281, 0.4000000000000000222, -1.000000000000000000 ) ) ;
#5049 = LINE ( 'NONE', #9748, #1937 ) ;
#5050 = CARTESIAN_POINT ( 'NONE',  ( 15.64120593425276340, 1.000000000000000000, 2.799999999999999822 ) ) ;
#5051 = ORIENTED_EDGE ( 'NONE', *, *, #6648, .T. ) ;
#5052 = VERTEX_POINT ( 'NONE', #8301 ) ;
#5053 = ORIENTED_EDGE ( 'NONE', *, *, #10083, .F. ) ;
#5054 = ORIENTED_EDGE ( 'NONE', *, *, #5710, .T. ) ;
#5055 = DIRECTION ( 'NONE',  ( 1.000000000000000000, 0.000000000000000000, -6.982962677686266711E-15 ) ) ;
#5056 = DIRECTION ( 'NONE',  ( -7.097089222158424864E-15, 0.000000000000000000, -1.000000000000000000 ) ) ;
#5057 = EDGE_CURVE ( 'NONE', #2862, #3435, #5184, .T. ) ;
#5058 = LINE ( 'NONE', #4299, #3234 ) ;
#5059 = EDGE_CURVE ( 'NONE', #4549, #11864, #7301, .T. ) ;
#5060 = CARTESIAN_POINT ( 'NONE',  ( 40.06771335206872919, 1.000000000000000000, -1.000000000000000000 ) ) ;
#5061 = CARTESIAN_POINT ( 'NONE',  ( 28.49711038494233861, 0.000000000000000000, -0.2337080731428440028 ) ) ;
#5062 = ORIENTED_EDGE ( 'NONE', *, *, #9064, .F. ) ;
#5063 = ORIENTED_EDGE ( 'NONE', *, *, #6313, .T. ) ;
#5064 = ORIENTED_EDGE ( 'NONE', *, *, #9590, .F. ) ;
#5065 = ORIENTED_EDGE ( 'NONE', *, *, #3845, .T. ) ;
#5066 = CARTESIAN_POINT ( 'NONE',  ( 22.17336706323338547, 0.4000000000000000222, -3.000000000000000000 ) ) ;
#5067 = ORIENTED_EDGE ( 'NONE', *, *, #7640, .T. ) ;
#5068 = FACE_OUTER_BOUND ( 'NONE', #5864, .T. ) ;
#5069 = EDGE_CURVE ( 'NONE', #8373, #10710, #11970, .T. ) ;
#5070 = LINE ( 'NONE', #7012, #7024 ) ;
#5071 = LINE ( 'NONE', #8831, #7163 ) ;
#5072 = CARTESIAN_POINT ( 'NONE',  ( 32.78241186850551969, 1.399999999999999911, -4.858572962426980446 ) ) ;
#5073 = CARTESIAN_POINT ( 'NONE',  ( 27.21180890137916109, 1.000000000000000000, -2.240753535442245425 ) ) ;
#5074 = EDGE_CURVE ( 'NONE', #12024, #6895, #4247, .T. ) ;
#5075 = EDGE_CURVE ( 'NONE', #3839, #8964, #11145, .T. ) ;
#5076 = EDGE_LOOP ( 'NONE', ( #11308, #7822, #4625, #7732 ) ) ;
#5077 = ORIENTED_EDGE ( 'NONE', *, *, #6969, .T. ) ;
#5078 = CARTESIAN_POINT ( 'NONE',  ( 22.92650741781594803, 1.103464666456457577, -5.267169912107815044 ) ) ;
#5079 = ORIENTED_EDGE ( 'NONE', *, *, #11144, .T. ) ;
#5080 = CARTESIAN_POINT ( 'NONE',  ( 18.64120593425275985, 1.399999999999999911, -4.858578065624948650 ) ) ;
#5081 = CARTESIAN_POINT ( 'NONE',  ( 10.07060296712638170, 0.000000000000000000, -1.000000000000000000 ) ) ;
#5082 = VERTEX_POINT ( 'NONE', #2365 ) ;
#5083 = DIRECTION ( 'NONE',  ( -1.141265444721583757E-16, 0.000000000000000000, -1.000000000000000000 ) ) ;
#5084 = DIRECTION ( 'NONE',  ( 1.000000000000000000, -0.000000000000000000, 0.000000000000000000 ) ) ;
#5085 = CARTESIAN_POINT ( 'NONE',  ( 27.21180890137915043, 0.4000000000000000222, -0.2337080731428450853 ) ) ;
#5086 = CARTESIAN_POINT ( 'NONE',  ( -0.7437148944200442369, 1.000000000000000000, -2.240753535442229882 ) ) ;
#5087 = CARTESIAN_POINT ( 'NONE',  ( 40.06771335206872919, 0.8628211600346445964, -0.4041232037028950064 ) ) ;
#5088 = EDGE_CURVE ( 'NONE', #2205, #4375, #6177, .T. ) ;
#5089 = AXIS2_PLACEMENT_3D ( 'NONE', #1853, #12214, #2723 ) ;
#5090 = CARTESIAN_POINT ( 'NONE',  ( 37.06771335206871498, 0.000000000000000000, -5.578147948598760841 ) ) ;
#5091 = LINE ( 'NONE', #338, #9984 ) ;
#5092 = ORIENTED_EDGE ( 'NONE', *, *, #2693, .T. ) ;
#5093 = ORIENTED_EDGE ( 'NONE', *, *, #4194, .T. ) ;
#5094 = VERTEX_POINT ( 'NONE', #6486 ) ;
#5095 = LINE ( 'NONE', #5216, #3294 ) ;
#5096 = DIRECTION ( 'NONE',  ( -1.141265444721583757E-16, 0.000000000000000000, 1.000000000000000000 ) ) ;
#5097 = LINE ( 'NONE', #163, #11246 ) ;
#5098 = DIRECTION ( 'NONE',  ( 0.000000000000000000, -1.000000000000000000, 0.000000000000000000 ) ) ;
#5099 = VECTOR ( 'NONE', #9982, 1000.000000000000114 ) ;
#5100 = DIRECTION ( 'NONE',  ( 7.211793519376912441E-15, 0.000000000000000000, 1.000000000000000000 ) ) ;
#5101 = VECTOR ( 'NONE', #3416, 1000.000000000000000 ) ;
#5102 = LINE ( 'NONE', #7046, #12000 ) ;
#5103 = DIRECTION ( 'NONE',  ( -1.141265444721583757E-16, -0.000000000000000000, -1.000000000000000000 ) ) ;
#5104 = EDGE_CURVE ( 'NONE', #9957, #11202, #917, .T. ) ;
#5105 = DIRECTION ( 'NONE',  ( 1.000000000000000000, -0.000000000000000000, -6.982962677686266711E-15 ) ) ;
#5106 = PLANE ( 'NONE',  #9182 ) ;
#5107 = ORIENTED_EDGE ( 'NONE', *, *, #12263, .F. ) ;
#5108 = EDGE_LOOP ( 'NONE', ( #8088, #5257, #2832, #247 ) ) ;
#5109 = VECTOR ( 'NONE', #5204, 1000.000000000000000 ) ;
#5110 = ADVANCED_FACE ( 'NONE', ( #3672 ), #45, .F. ) ;
#5111 = ORIENTED_EDGE ( 'NONE', *, *, #1247, .F. ) ;
#5112 = ORIENTED_EDGE ( 'NONE', *, *, #6210, .T. ) ;
#5113 = AXIS2_PLACEMENT_3D ( 'NONE', #6508, #6386, #4639 ) ;
#5114 = VECTOR ( 'NONE', #3182, 1000.000000000000000 ) ;
#5115 = DIRECTION ( 'NONE',  ( -1.000000000000000000, -0.000000000000000000, 1.141265444721583757E-16 ) ) ;
#5116 = DIRECTION ( 'NONE',  ( -4.005262847839656493E-15, -0.8191520442889909104, -0.5735764363510473807 ) ) ;
#5117 = LINE ( 'NONE', #9061, #6431 ) ;
#5118 = VECTOR ( 'NONE', #11977, 1000.000000000000000 ) ;
#5119 = DIRECTION ( 'NONE',  ( 0.000000000000000000, -1.000000000000000000, 0.000000000000000000 ) ) ;
#5120 = VECTOR ( 'NONE', #4462, 1000.000000000000000 ) ;
#5121 = EDGE_CURVE ( 'NONE', #6571, #8638, #5672, .T. ) ;
#5122 = CARTESIAN_POINT ( 'NONE',  ( -1.499999999999988010, 1.000000000000000000, -2.240753535442224553 ) ) ;
#5123 = EDGE_LOOP ( 'NONE', ( #3576, #5741, #11097, #2559 ) ) ;
#5124 = VERTEX_POINT ( 'NONE', #2921 ) ;
#5125 = EDGE_CURVE ( 'NONE', #2575, #5704, #9437, .T. ) ;
#5126 = ORIENTED_EDGE ( 'NONE', *, *, #10308, .F. ) ;
#5127 = ORIENTED_EDGE ( 'NONE', *, *, #11394, .T. ) ;
#5128 = CARTESIAN_POINT ( 'NONE',  ( 10.07060296712638348, 1.000000000000000000, 2.799999999999999822 ) ) ;
#5129 = VECTOR ( 'NONE', #6802, 1000.000000000000000 ) ;
#5130 = VECTOR ( 'NONE', #9623, 1000.000000000000000 ) ;
#5131 = CARTESIAN_POINT ( 'NONE',  ( 38.50000000000001421, 0.000000000000000000, -3.407045462299400196 ) ) ;
#5132 = DIRECTION ( 'NONE',  ( 1.141265444721583757E-16, 0.000000000000000000, 1.000000000000000000 ) ) ;
#5133 = FACE_OUTER_BOUND ( 'NONE', #7340, .T. ) ;
#5134 = CARTESIAN_POINT ( 'NONE',  ( 35.78241186850553390, 0.9534028740753672793, 2.799999999999999822 ) ) ;
#5135 = DIRECTION ( 'NONE',  ( 6.868836133214108557E-15, 0.000000000000000000, 1.000000000000000000 ) ) ;
#5136 = VECTOR ( 'NONE', #5654, 1000.000000000000000 ) ;
#5137 = VERTEX_POINT ( 'NONE', #10498 ) ;
#5138 = ORIENTED_EDGE ( 'NONE', *, *, #1498, .T. ) ;
#5139 = CARTESIAN_POINT ( 'NONE',  ( 3.541586589143146835, 1.000000000000000000, -2.240753535442229882 ) ) ;
#5140 = EDGE_CURVE ( 'NONE', #8170, #2864, #5557, .T. ) ;
#5141 = VERTEX_POINT ( 'NONE', #8486 ) ;
#5142 = LINE ( 'NONE', #6198, #5399 ) ;
#5143 = DIRECTION ( 'NONE',  ( 7.097089222158425653E-15, -0.000000000000000000, 1.000000000000000000 ) ) ;
#5144 = VERTEX_POINT ( 'NONE', #803 ) ;
#5145 = ADVANCED_FACE ( 'NONE', ( #12282 ), #9562, .F. ) ;
#5146 = EDGE_CURVE ( 'NONE', #11279, #9025, #5507, .T. ) ;
#5147 = EDGE_CURVE ( 'NONE', #10262, #4995, #8429, .T. ) ;
#5148 = FACE_BOUND ( 'NONE', #2140, .T. ) ;
#5149 = CARTESIAN_POINT ( 'NONE',  ( 10.07060296712638170, 0.000000000000000000, -1.000000000000000000 ) ) ;
#5150 = AXIS2_PLACEMENT_3D ( 'NONE', #11457, #2854, #7803 ) ;
#5151 = CARTESIAN_POINT ( 'NONE',  ( 22.92650741781596935, 1.399999999999999911, -2.240753535442245425 ) ) ;
#5152 = DIRECTION ( 'NONE',  ( -0.5407162030609422576, 0.5407162030609375947, -0.6444004775717664391 ) ) ;
#5153 = LINE ( 'NONE', #11111, #8128 ) ;
#5154 = AXIS2_PLACEMENT_3D ( 'NONE', #11251, #7226, #3414 ) ;
#5155 = CARTESIAN_POINT ( 'NONE',  ( 0.2548938557110478897, 1.400000000000000133, -5.120689233910754368 ) ) ;
#5156 = ORIENTED_EDGE ( 'NONE', *, *, #5547, .T. ) ;
#5157 = ORIENTED_EDGE ( 'NONE', *, *, #10469, .T. ) ;
#5158 = ORIENTED_EDGE ( 'NONE', *, *, #2472, .F. ) ;
#5159 = LINE ( 'NONE', #3217, #111 ) ;
#5160 = DIRECTION ( 'NONE',  ( 0.000000000000000000, -1.000000000000000000, -0.000000000000000000 ) ) ;
#5161 = CARTESIAN_POINT ( 'NONE',  ( 5.785301483563180192, 0.000000000000000000, -5.578152595329384233 ) ) ;
#5162 = DIRECTION ( 'NONE',  ( -0.000000000000000000, -1.000000000000000000, 0.000000000000000000 ) ) ;
#5163 = DIRECTION ( 'NONE',  ( -1.000000000000000000, 0.000000000000000000, 0.000000000000000000 ) ) ;
#5164 = VECTOR ( 'NONE', #11003, 1000.000000000000114 ) ;
#5165 = LINE ( 'NONE', #3224, #6371 ) ;
#5166 = CIRCLE ( 'NONE', #3368, 2.000000000000000000 ) ;
#5167 = CARTESIAN_POINT ( 'NONE',  ( 31.49711038494233506, 0.000000000000000000, -1.000000000000000000 ) ) ;
#5168 = CARTESIAN_POINT ( 'NONE',  ( 26.83141958694301721, 1.106465162429555837, -5.408006954961434687 ) ) ;
#5169 = LINE ( 'NONE', #3104, #3785 ) ;
#5170 = ORIENTED_EDGE ( 'NONE', *, *, #5885, .F. ) ;
#5171 = ORIENTED_EDGE ( 'NONE', *, *, #4886, .F. ) ;
#5172 = VERTEX_POINT ( 'NONE', #2730 ) ;
#5173 = ORIENTED_EDGE ( 'NONE', *, *, #3132, .F. ) ;
#5174 = AXIS2_PLACEMENT_3D ( 'NONE', #3805, #7748, #1804 ) ;
#5175 = VECTOR ( 'NONE', #7887, 1000.000000000000000 ) ;
#5176 = CARTESIAN_POINT ( 'NONE',  ( 37.06771335206872209, 0.4000000000000000222, 0.1662919268571552145 ) ) ;
#5177 = CARTESIAN_POINT ( 'NONE',  ( 7.070602967126380811, 0.000000000000000000, 0.1662919268571586284 ) ) ;
#5178 = CARTESIAN_POINT ( 'NONE',  ( 40.06771335206872919, 1.000000000000000000, -4.040753535442245692 ) ) ;
#5179 = EDGE_CURVE ( 'NONE', #10911, #4359, #7552, .T. ) ;
#5180 = CARTESIAN_POINT ( 'NONE',  ( 22.92650741781595869, 1.000000000000000000, 0.3238172648295121747 ) ) ;
#5181 = DIRECTION ( 'NONE',  ( 7.097089222158424864E-15, 0.000000000000000000, 1.000000000000000000 ) ) ;
#5182 = EDGE_CURVE ( 'NONE', #1305, #3361, #5491, .T. ) ;
#5183 = VECTOR ( 'NONE', #457, 1000.000000000000000 ) ;
#5184 = LINE ( 'NONE', #4301, #3308 ) ;
#5185 = CARTESIAN_POINT ( 'NONE',  ( 39.56771335206872919, 0.000000000000000000, -1.000000000000000000 ) ) ;
#5186 = ORIENTED_EDGE ( 'NONE', *, *, #9128, .F. ) ;
#5187 = ORIENTED_EDGE ( 'NONE', *, *, #11570, .T. ) ;
#5188 = ORIENTED_EDGE ( 'NONE', *, *, #3554, .F. ) ;
#5189 = ORIENTED_EDGE ( 'NONE', *, *, #7630, .T. ) ;
#5190 = DIRECTION ( 'NONE',  ( 0.000000000000000000, 0.000000000000000000, -1.000000000000000000 ) ) ;
#5191 = EDGE_CURVE ( 'NONE', #9581, #10066, #11461, .T. ) ;
#5192 = DIRECTION ( 'NONE',  ( 0.000000000000000000, 0.000000000000000000, 1.000000000000000000 ) ) ;
#5193 = DIRECTION ( 'NONE',  ( 0.7660444431189722403, -0.000000000000000000, -0.6427876096865462463 ) ) ;
#5194 = FACE_OUTER_BOUND ( 'NONE', #3955, .T. ) ;
#5195 = EDGE_CURVE ( 'NONE', #5690, #2828, #11519, .T. ) ;
#5196 = LINE ( 'NONE', #438, #6852 ) ;
#5197 = DIRECTION ( 'NONE',  ( 0.000000000000000000, -0.000000000000000000, -1.000000000000000000 ) ) ;
#5198 = EDGE_LOOP ( 'NONE', ( #1689, #2320, #9499, #11451 ) ) ;
#5199 = VERTEX_POINT ( 'NONE', #1802 ) ;
#5200 = LINE ( 'NONE', #11099, #11728 ) ;
#5201 = EDGE_LOOP ( 'NONE', ( #5, #9257, #1433, #5945, #7353, #9835, #5016, #4434, #10429, #602, #2686, #4807, #2264, #11682, #5290, #3929 ) ) ;
#5202 = CARTESIAN_POINT ( 'NONE',  ( 7.070602967126372818, 1.191276127410974883, -5.242417899579847607 ) ) ;
#5203 = ORIENTED_EDGE ( 'NONE', *, *, #5475, .T. ) ;
#5204 = DIRECTION ( 'NONE',  ( 1.000000000000000000, -0.000000000000000000, -0.000000000000000000 ) ) ;
#5205 = FACE_OUTER_BOUND ( 'NONE', #1942, .T. ) ;
#5206 = LINE ( 'NONE', #11107, #11468 ) ;
#5207 = CARTESIAN_POINT ( 'NONE',  ( -1.500000000000000444, 1.499358225474672235, 2.799999999999999822 ) ) ;
#5208 = EDGE_CURVE ( 'NONE', #9399, #3093, #5617, .T. ) ;
#5210 = EDGE_CURVE ( 'NONE', #12144, #8124, #1799, .T. ) ;
#5209 = CARTESIAN_POINT ( 'NONE',  ( 22.17336706323338547, 0.4000000000000000222, -3.000000000000000000 ) ) ;
#5211 = CARTESIAN_POINT ( 'NONE',  ( 25.71180890137915398, 1.000000000000000000, -2.836630331739339983 ) ) ;
#5212 = CARTESIAN_POINT ( 'NONE',  ( 17.48806557967019515, 0.000000000000000000, -1.000000000000000000 ) ) ;
#5213 = VERTEX_POINT ( 'NONE', #7618 ) ;
#5214 = VERTEX_POINT ( 'NONE', #2859 ) ;
#5215 = ORIENTED_EDGE ( 'NONE', *, *, #7395, .T. ) ;
#5216 = CARTESIAN_POINT ( 'NONE',  ( 27.21180890137916109, 0.3999999999999999667, -2.240753535442245425 ) ) ;
#5217 = LINE ( 'NONE', #3097, #8733 ) ;
#5218 = CARTESIAN_POINT ( 'NONE',  ( 22.92650741781595869, 1.000000000000000000, -1.000000000000000000 ) ) ;
#5219 = EDGE_CURVE ( 'NONE', #2618, #5866, #7430, .T. ) ;
#5220 = DIRECTION ( 'NONE',  ( -1.000000000000000000, -0.000000000000000000, 1.141265444721583757E-16 ) ) ;
#5221 = AXIS2_PLACEMENT_3D ( 'NONE', #11224, #7315, #3565 ) ;
#5222 = DIRECTION ( 'NONE',  ( -1.894180325222886620E-15, -0.9625068420560822791, -0.2712574035768015590 ) ) ;
#5223 = VECTOR ( 'NONE', #7097, 1000.000000000000114 ) ;
#5224 = DIRECTION ( 'NONE',  ( 0.000000000000000000, -1.000000000000000000, 0.000000000000000000 ) ) ;
#5225 = EDGE_CURVE ( 'NONE', #583, #11772, #736, .T. ) ;
#5226 = EDGE_CURVE ( 'NONE', #3578, #6882, #2231, .T. ) ;
#5227 = LINE ( 'NONE', #10052, #8327 ) ;
#5228 = LINE ( 'NONE', #1535, #1592 ) ;
#5229 = ORIENTED_EDGE ( 'NONE', *, *, #12072, .T. ) ;
#5230 = ORIENTED_EDGE ( 'NONE', *, *, #6440, .F. ) ;
#5231 = ORIENTED_EDGE ( 'NONE', *, *, #7712, .T. ) ;
#5232 = VERTEX_POINT ( 'NONE', #350 ) ;
#5233 = VECTOR ( 'NONE', #3999, 1000.000000000000000 ) ;
#5234 = CARTESIAN_POINT ( 'NONE',  ( 28.49711038494233861, 0.4000000000000000222, -0.2337080731428438918 ) ) ;
#5235 = CARTESIAN_POINT ( 'NONE',  ( 32.78241186850554101, 0.4999999999999978351, -2.240753535442224553 ) ) ;
#5236 = AXIS2_PLACEMENT_3D ( 'NONE', #11567, #7722, #5898 ) ;
#5237 = LINE ( 'NONE', #7994, #9153 ) ;
#5238 = PLANE ( 'NONE',  #2240 ) ;
#5239 = CARTESIAN_POINT ( 'NONE',  ( 40.08512476203787855, 1.399999999999999911, -4.852261884540959080 ) ) ;
#5240 = DIRECTION ( 'NONE',  ( -0.6427876096865355882, -0.000000000000000000, 0.7660444431189811221 ) ) ;
#5241 = VECTOR ( 'NONE', #3698, 1000.000000000000000 ) ;
#5242 = CARTESIAN_POINT ( 'NONE',  ( 38.50000000000001421, 0.000000000000000000, -0.2337080731428451408 ) ) ;
#5243 = VERTEX_POINT ( 'NONE', #1048 ) ;
#5244 = VERTEX_POINT ( 'NONE', #6045 ) ;
#5245 = EDGE_CURVE ( 'NONE', #5808, #2849, #7861, .T. ) ;
#5246 = VERTEX_POINT ( 'NONE', #7920 ) ;
#5247 = ORIENTED_EDGE ( 'NONE', *, *, #4997, .T. ) ;
#5248 = EDGE_CURVE ( 'NONE', #6817, #2649, #10756, .T. ) ;
#5249 = CARTESIAN_POINT ( 'NONE',  ( 27.21180890137915043, 1.499358225474672235, 2.799999999999999822 ) ) ;
#5250 = EDGE_LOOP ( 'NONE', ( #3637, #1385, #6810, #8957, #9457, #3807, #4712, #8104, #9193, #202, #6402 ) ) ;
#5251 = CARTESIAN_POINT ( 'NONE',  ( 1.500000000000007772, 1.000000000000000000, -2.836630331739350641 ) ) ;
#5252 = DIRECTION ( 'NONE',  ( 0.000000000000000000, 1.000000000000000000, 0.000000000000000000 ) ) ;
#5253 = CARTESIAN_POINT ( 'NONE',  ( 35.78241186850553390, 1.000000000000000000, -4.040753535442245692 ) ) ;
#5254 = CARTESIAN_POINT ( 'NONE',  ( 19.92650741781595514, 1.000000000000000000, -4.040753535442224376 ) ) ;
#5255 = CARTESIAN_POINT ( 'NONE',  ( 18.64120593425276695, 1.000000000000000000, -1.000000000000000000 ) ) ;
#5256 = ORIENTED_EDGE ( 'NONE', *, *, #3084, .F. ) ;
#5257 = ORIENTED_EDGE ( 'NONE', *, *, #4244, .T. ) ;
#5258 = ADVANCED_FACE ( 'NONE', ( #6993 ), #11587, .F. ) ;
#5259 = LINE ( 'NONE', #5139, #6513 ) ;
#5260 = ORIENTED_EDGE ( 'NONE', *, *, #2693, .F. ) ;
#5261 = DIRECTION ( 'NONE',  ( -1.000000000000000000, -0.000000000000000000, 1.141265444721583757E-16 ) ) ;
#5262 = EDGE_CURVE ( 'NONE', #12413, #5632, #10568, .T. ) ;
#5263 = DIRECTION ( 'NONE',  ( -1.000000000000000000, -0.000000000000000000, -0.000000000000000000 ) ) ;
#5264 = ORIENTED_EDGE ( 'NONE', *, *, #8332, .T. ) ;
#5265 = DIRECTION ( 'NONE',  ( 0.000000000000000000, -0.000000000000000000, -1.000000000000000000 ) ) ;
#5266 = PLANE ( 'NONE',  #5942 ) ;
#5267 = LINE ( 'NONE', #6328, #4241 ) ;
#5268 = CARTESIAN_POINT ( 'NONE',  ( 19.92650741781596935, 1.000000000000000000, -2.240753535442224553 ) ) ;
#5269 = DIRECTION ( 'NONE',  ( 0.000000000000000000, 1.000000000000000000, 2.710505431213761085E-16 ) ) ;
#5270 = LINE ( 'NONE', #9092, #8109 ) ;
#5271 = CARTESIAN_POINT ( 'NONE',  ( 38.50000000000001421, 0.000000000000000000, 0.1662919268571550480 ) ) ;
#5272 = DIRECTION ( 'NONE',  ( 0.000000000000000000, -1.000000000000000000, -2.710505431213761085E-16 ) ) ;
#5273 = B_SPLINE_CURVE_WITH_KNOTS ( 'NONE', 3,
 ( #8039, #10102, #592, #5346, #2408, #2282 ),
 .UNSPECIFIED., .F., .F.,
 ( 4, 2, 4 ),
 ( 0.000000000000000000, 0.0002694863184573004482, 0.0005389726369146008965 ),
 .UNSPECIFIED. ) ;
#5274 = VERTEX_POINT ( 'NONE', #4924 ) ;
#5275 = EDGE_CURVE ( 'NONE', #632, #4253, #11769, .T. ) ;
#5276 = ORIENTED_EDGE ( 'NONE', *, *, #2234, .F. ) ;
#5277 = ORIENTED_EDGE ( 'NONE', *, *, #1164, .T. ) ;
#5278 = DIRECTION ( 'NONE',  ( -0.000000000000000000, -0.000000000000000000, 1.000000000000000000 ) ) ;
#5279 = DIRECTION ( 'NONE',  ( -1.141265444721583757E-16, 0.000000000000000000, 1.000000000000000000 ) ) ;
#5280 = EDGE_CURVE ( 'NONE', #10262, #11403, #5983, .T. ) ;
#5281 = DIRECTION ( 'NONE',  ( -1.141265444721583757E-16, -0.000000000000000000, -1.000000000000000000 ) ) ;
#5282 = CARTESIAN_POINT ( 'NONE',  ( -0.5553836517735037948, 1.399999999999831823, -5.423416779412474575 ) ) ;
#5283 = DIRECTION ( 'NONE',  ( -6.868836133214109346E-15, 0.000000000000000000, -1.000000000000000000 ) ) ;
#5284 = CARTESIAN_POINT ( 'NONE',  ( 19.92650741781596579, 1.000000000000000000, -2.836630331739329769 ) ) ;
#5285 = DIRECTION ( 'NONE',  ( 0.000000000000000000, 1.000000000000000000, 0.000000000000000000 ) ) ;
#5286 = CARTESIAN_POINT ( 'NONE',  ( 19.92650741781596224, 1.000000000000000000, -3.007045462299397620 ) ) ;
#5287 = VERTEX_POINT ( 'NONE', #5048 ) ;
#5288 = ORIENTED_EDGE ( 'NONE', *, *, #3602, .F. ) ;
#5289 = ADVANCED_FACE ( 'NONE', ( #7807 ), #9680, .F. ) ;
#5290 = ORIENTED_EDGE ( 'NONE', *, *, #11544, .T. ) ;
#5291 = ORIENTED_EDGE ( 'NONE', *, *, #11655, .F. ) ;
#5292 = ORIENTED_EDGE ( 'NONE', *, *, #8082, .T. ) ;
#5293 = CARTESIAN_POINT ( 'NONE',  ( 28.49711038494233861, 0.000000000000000000, -0.4041232037028950064 ) ) ;
#5294 = VECTOR ( 'NONE', #9100, 1000.000000000000000 ) ;
#5295 = LINE ( 'NONE', #3484, #7325 ) ;
#5296 = EDGE_CURVE ( 'NONE', #3374, #9699, #5920, .T. ) ;
#5297 = EDGE_CURVE ( 'NONE', #7251, #4884, #3986, .T. ) ;
#5298 = CARTESIAN_POINT ( 'NONE',  ( 29.99711038494232795, 2.000000000000000000, -5.468901542184349651 ) ) ;
#5299 = EDGE_CURVE ( 'NONE', #2750, #8793, #11703, .T. ) ;
#5300 = CARTESIAN_POINT ( 'NONE',  ( 22.92650741781596935, 0.3999999999999999667, -2.240753535442245425 ) ) ;
#5301 = FACE_OUTER_BOUND ( 'NONE', #10942, .T. ) ;
#5302 = CARTESIAN_POINT ( 'NONE',  ( 31.49711038494234927, 0.3999999999999999667, -2.240753535442245425 ) ) ;
#5303 = AXIS2_PLACEMENT_3D ( 'NONE', #3694, #4700, #3639 ) ;
#5304 = LINE ( 'NONE', #2555, #11146 ) ;
#5305 = AXIS2_PLACEMENT_3D ( 'NONE', #5591, #11180, #6525 ) ;
#5306 = ORIENTED_EDGE ( 'NONE', *, *, #1296, .T. ) ;
#5307 = ORIENTED_EDGE ( 'NONE', *, *, #10988, .F. ) ;
#5308 = VECTOR ( 'NONE', #6926, 1000.000000000000000 ) ;
#5309 = ORIENTED_EDGE ( 'NONE', *, *, #6295, .T. ) ;
#5310 = ORIENTED_EDGE ( 'NONE', *, *, #6009, .T. ) ;
#5311 = CARTESIAN_POINT ( 'NONE',  ( 5.785301483563190850, 0.000000000000000000, -1.000000000000000000 ) ) ;
#5312 = ORIENTED_EDGE ( 'NONE', *, *, #929, .T. ) ;
#5313 = CARTESIAN_POINT ( 'NONE',  ( 29.48130585062159170, 1.108489920217938574, -5.504954131106826409 ) ) ;
#5314 = VECTOR ( 'NONE', #3956, 1000.000000000000000 ) ;
#5315 = FACE_OUTER_BOUND ( 'NONE', #1486, .T. ) ;
#5316 = CARTESIAN_POINT ( 'NONE',  ( 39.07813610437339946, 1.400000000000000355, -5.098382031700257500 ) ) ;
#5317 = VECTOR ( 'NONE', #6266, 1000.000000000000000 ) ;
#5318 = DIRECTION ( 'NONE',  ( 0.000000000000000000, 1.000000000000000000, 0.000000000000000000 ) ) ;
#5319 = DIRECTION ( 'NONE',  ( -0.000000000000000000, -1.000000000000000000, -0.000000000000000000 ) ) ;
#5320 = VERTEX_POINT ( 'NONE', #3047 ) ;
#5321 = ORIENTED_EDGE ( 'NONE', *, *, #3494, .F. ) ;
#5322 = CARTESIAN_POINT ( 'NONE',  ( 29.65339549052229629, 0.4000000000000000222, -1.000000000000000000 ) ) ;
#5323 = ORIENTED_EDGE ( 'NONE', *, *, #8179, .T. ) ;
#5324 =( NAMED_UNIT ( * ) SI_UNIT ( $, .STERADIAN. ) SOLID_ANGLE_UNIT ( ) );
#5325 = VECTOR ( 'NONE', #4883, 1000.000000000000000 ) ;
#5326 = VECTOR ( 'NONE', #7489, 1000.000000000000000 ) ;
#5327 = CARTESIAN_POINT ( 'NONE',  ( 7.070602967126376370, 1.372383960302707928, -5.038967344092047718 ) ) ;
#5328 = VERTEX_POINT ( 'NONE', #6867 ) ;
#5329 = FACE_BOUND ( 'NONE', #4742, .T. ) ;
#5330 = B_SPLINE_CURVE_WITH_KNOTS ( 'NONE', 3,
 ( #4444, #9263, #683, #11030, #7197, #7134, #11982, #1437 ),
 .UNSPECIFIED., .F., .F.,
 ( 4, 2, 2, 4 ),
 ( 0.000000000000000000, 0.0007624254491577312507, 0.001524850898315462501, 0.003049701796630915028 ),
 .UNSPECIFIED. ) ;
#5331 = CARTESIAN_POINT ( 'NONE',  ( 33.28241186850554101, 1.000000000000000000, -2.240753535442228106 ) ) ;
#5332 = CARTESIAN_POINT ( 'NONE',  ( 35.02927151392295713, 0.4000000000000000222, -3.000000000000000000 ) ) ;
#5333 = EDGE_CURVE ( 'NONE', #219, #7684, #9292, .T. ) ;
#5334 = CARTESIAN_POINT ( 'NONE',  ( 26.05866854679657862, 0.000000000000000000, -2.240753535442237432 ) ) ;
#5335 = VECTOR ( 'NONE', #5992, 1000.000000000000114 ) ;
#5336 = VECTOR ( 'NONE', #721, 1000.000000000000000 ) ;
#5337 = EDGE_CURVE ( 'NONE', #3435, #11864, #1171, .T. ) ;
#5338 = DIRECTION ( 'NONE',  ( 0.000000000000000000, 1.000000000000000000, 0.000000000000000000 ) ) ;
#5339 = PLANE ( 'NONE',  #1538 ) ;
#5340 = DIRECTION ( 'NONE',  ( 0.000000000000000000, 3.577867169202164632E-15, 1.000000000000000000 ) ) ;
#5341 = ORIENTED_EDGE ( 'NONE', *, *, #4751, .T. ) ;
#5342 = VERTEX_POINT ( 'NONE', #106 ) ;
#5343 = EDGE_LOOP ( 'NONE', ( #11257, #3872, #116, #11679 ) ) ;
#5344 = CARTESIAN_POINT ( 'NONE',  ( 3.769496949242445716, 1.108489920217938574, -5.504954131106829074 ) ) ;
#5345 = CARTESIAN_POINT ( 'NONE',  ( 24.21180890137913977, 1.103464568314089123, -5.267165293036052631 ) ) ;
#5346 = CARTESIAN_POINT ( 'NONE',  ( 2.785301483563181524, 1.267942713657680409, -5.186244395641643301 ) ) ;
#5347 = CARTESIAN_POINT ( 'NONE',  ( 2.785301483563180192, 2.000000000000000000, -5.468901542184338993 ) ) ;
#5348 = EDGE_CURVE ( 'NONE', #2736, #11922, #230, .T. ) ;
#5349 = PLANE ( 'NONE',  #4186 ) ;
#5350 = ADVANCED_FACE ( 'NONE', ( #6746 ), #5798, .F. ) ;
#5351 = VECTOR ( 'NONE', #3239, 1000.000000000000000 ) ;
#5352 = DIRECTION ( 'NONE',  ( 0.000000000000000000, 0.000000000000000000, -1.000000000000000000 ) ) ;
#5353 = CARTESIAN_POINT ( 'NONE',  ( 31.49711038494234927, 0.000000000000000000, -2.240753535442245425 ) ) ;
#5354 = DIRECTION ( 'NONE',  ( 1.000000000000000000, -0.000000000000000000, -6.982962677686266711E-15 ) ) ;
#5355 = ORIENTED_EDGE ( 'NONE', *, *, #11734, .T. ) ;
#5356 = ORIENTED_EDGE ( 'NONE', *, *, #5839, .F. ) ;
#5357 = ORIENTED_EDGE ( 'NONE', *, *, #5419, .F. ) ;
#5358 = ORIENTED_EDGE ( 'NONE', *, *, #5219, .F. ) ;
#5359 = ORIENTED_EDGE ( 'NONE', *, *, #10472, .F. ) ;
#5360 = CARTESIAN_POINT ( 'NONE',  ( 9.074712850967694422, 1.108515853782455984, -5.506187988402309941 ) ) ;
#5361 = CARTESIAN_POINT ( 'NONE',  ( 17.14120593425275985, 1.399999999999999911, -4.612012738139083190 ) ) ;
#5362 = VECTOR ( 'NONE', #7846, 1000.000000000000000 ) ;
#5363 = DIRECTION ( 'NONE',  ( -0.000000000000000000, -1.000000000000000000, -0.000000000000000000 ) ) ;
#5364 = AXIS2_PLACEMENT_3D ( 'NONE', #7056, #3235, #10884 ) ;
#5365 = DIRECTION ( 'NONE',  ( 1.000000000000000000, -0.000000000000000000, -0.000000000000000000 ) ) ;
#5366 = CARTESIAN_POINT ( 'NONE',  ( 38.00268097362866371, 1.108502809461048733, -5.505567396206785702 ) ) ;
#5367 = EDGE_CURVE ( 'NONE', #489, #219, #7307, .T. ) ;
#5368 = DIRECTION ( 'NONE',  ( -5.813595144832437787E-15, 0.5735764363510473807, -0.8191520442889909104 ) ) ;
#5369 = PLANE ( 'NONE',  #7726 ) ;
#5370 = VECTOR ( 'NONE', #4826, 1000.000000000000000 ) ;
#5371 = ADVANCED_FACE ( 'NONE', ( #11068 ), #3770, .T. ) ;
#5372 = VERTEX_POINT ( 'NONE', #9051 ) ;
#5373 = ORIENTED_EDGE ( 'NONE', *, *, #2977, .T. ) ;
#5374 = VECTOR ( 'NONE', #10218, 1000.000000000000000 ) ;
#5375 = EDGE_LOOP ( 'NONE', ( #2847, #1554, #11709, #9853 ) ) ;
#5376 = EDGE_LOOP ( 'NONE', ( #9253, #3573, #1786, #2209 ) ) ;
#5377 = LINE ( 'NONE', #618, #2925 ) ;
#5378 = ORIENTED_EDGE ( 'NONE', *, *, #4500, .T. ) ;
#5379 =( BOUNDED_SURFACE ( )  B_SPLINE_SURFACE ( 3, 1, ( 
 ( #12234, #873 ),
 ( #7567, #6566 ),
 ( #3750, #9452 ),
 ( #1874, #3875 ) ),
 .UNSPECIFIED., .F., .F., .F. ) 
 B_SPLINE_SURFACE_WITH_KNOTS ( ( 4, 4 ),
 ( 2, 2 ),
 ( 0.000000000000000000, 1.000000000000000000 ),
 ( 0.000000000000000000, 1.000000000000000000 ),
 .UNSPECIFIED. ) 
 GEOMETRIC_REPRESENTATION_ITEM ( )  RATIONAL_B_SPLINE_SURFACE ( (
 ( 1.000000000000000000, 1.000000000000000000),
 ( 0.9667654570425325833, 0.9667654570425325833),
 ( 0.9667654570425325833, 0.9667654570425325833),
 ( 1.000000000000000000, 1.000000000000000000) ) ) 
 REPRESENTATION_ITEM ( '' )  SURFACE ( )  );
#5380 = CARTESIAN_POINT ( 'NONE',  ( 30.50122026878364778, 1.108515853782455984, -5.506187988402309941 ) ) ;
#5381 = VECTOR ( 'NONE', #4478, 1000.000000000000114 ) ;
#5382 = DIRECTION ( 'NONE',  ( -1.000000000000000000, 0.000000000000000000, 0.000000000000000000 ) ) ;
#5383 = CARTESIAN_POINT ( 'NONE',  ( 37.55248484791961516, 1.399999999999999911, -5.033282760356246222 ) ) ;
#5384 = CARTESIAN_POINT ( 'NONE',  ( 4.632161128980621712, 0.000000000000000000, -2.240753535442237432 ) ) ;
#5385 = CARTESIAN_POINT ( 'NONE',  ( 38.50000000000001421, 0.4000000000000000222, -3.007045462299399841 ) ) ;
#5386 = EDGE_CURVE ( 'NONE', #11061, #8438, #6161, .T. ) ;
#5387 = VERTEX_POINT ( 'NONE', #5284 ) ;
#5388 = ORIENTED_EDGE ( 'NONE', *, *, #220, .F. ) ;
#5389 = EDGE_CURVE ( 'NONE', #6915, #9854, #7285, .T. ) ;
#5390 = CARTESIAN_POINT ( 'NONE',  ( 40.06771335206872919, 1.000000000000000000, 2.799999999999999822 ) ) ;
#5391 = ORIENTED_EDGE ( 'NONE', *, *, #545, .F. ) ;
#5392 = VECTOR ( 'NONE', #11259, 1000.000000000000114 ) ;
#5393 = DIRECTION ( 'NONE',  ( -6.868836133214108557E-15, 0.000000000000000000, -1.000000000000000000 ) ) ;
#5394 = EDGE_LOOP ( 'NONE', ( #10057, #7436, #7372, #1235 ) ) ;
#5395 = CARTESIAN_POINT ( 'NONE',  ( 0.7468596454174303290, 0.000000000000000000, -2.240753535442240096 ) ) ;
#5396 = CARTESIAN_POINT ( 'NONE',  ( 2.785301483563180192, 8.673617379884035472E-16, -5.578147948598759065 ) ) ;
#5397 = DIRECTION ( 'NONE',  ( -1.355252715606880543E-16, -1.000000000000000000, 0.000000000000000000 ) ) ;
#5398 = DIRECTION ( 'NONE',  ( 0.000000000000000000, -1.000000000000000000, -2.710505431213761085E-16 ) ) ;
#5399 = VECTOR ( 'NONE', #1504, 1000.000000000000000 ) ;
#5400 = CARTESIAN_POINT ( 'NONE',  ( 24.21180890137913977, 1.103464568314089123, -5.267165293036052631 ) ) ;
#5401 = EDGE_CURVE ( 'NONE', #12223, #1926, #4475, .T. ) ;
#5402 = DIRECTION ( 'NONE',  ( 0.000000000000000000, 1.000000000000000000, 0.000000000000000000 ) ) ;
#5403 = DIRECTION ( 'NONE',  ( 6.868836133214108557E-15, 0.000000000000000000, 1.000000000000000000 ) ) ;
#5404 = ORIENTED_EDGE ( 'NONE', *, *, #6698, .T. ) ;
#5405 = EDGE_CURVE ( 'NONE', #8719, #5144, #2350, .T. ) ;
#5406 = ORIENTED_EDGE ( 'NONE', *, *, #226, .T. ) ;
#5407 = ORIENTED_EDGE ( 'NONE', *, *, #7208, .F. ) ;
#5408 = CARTESIAN_POINT ( 'NONE',  ( 9.570602967126379923, 0.000000000000000000, -1.000000000000000000 ) ) ;
#5409 = CARTESIAN_POINT ( 'NONE',  ( 27.21180890137913977, 1.103464666456457577, -5.267169912107815044 ) ) ;
#5410 = ADVANCED_FACE ( 'NONE', ( #6347 ), #12079, .F. ) ;
#5411 = LINE ( 'NONE', #6276, #7044 ) ;
#5412 = CARTESIAN_POINT ( 'NONE',  ( 2.785301483563191294, 0.000000000000000000, -1.000000000000000000 ) ) ;
#5413 = CARTESIAN_POINT ( 'NONE',  ( 39.59980223830667967, 0.5320888862379536954, -0.9617579545435693822 ) ) ;
#5414 = ORIENTED_EDGE ( 'NONE', *, *, #9427, .F. ) ;
#5415 = LINE ( 'NONE', #4477, #5928 ) ;
#5416 = LINE ( 'NONE', #722, #195 ) ;
#5417 = VERTEX_POINT ( 'NONE', #529 ) ;
#5418 = ORIENTED_EDGE ( 'NONE', *, *, #9281, .T. ) ;
#5419 = EDGE_CURVE ( 'NONE', #613, #1005, #1411, .T. ) ;
#5420 = ORIENTED_EDGE ( 'NONE', *, *, #6313, .F. ) ;
#5421 = ORIENTED_EDGE ( 'NONE', *, *, #10926, .F. ) ;
#5422 = VERTEX_POINT ( 'NONE', #4354 ) ;
#5423 = LINE ( 'NONE', #11962, #10576 ) ;
#5424 = DIRECTION ( 'NONE',  ( 0.7660444431189766812, 0.000000000000000000, 0.6427876096865409172 ) ) ;
#5425 = EDGE_CURVE ( 'NONE', #7374, #11449, #8167, .T. ) ;
#5426 = AXIS2_PLACEMENT_3D ( 'NONE', #8770, #10718, #4011 ) ;
#5427 = PLANE ( 'NONE',  #4151 ) ;
#5428 = CARTESIAN_POINT ( 'NONE',  ( 37.56771335206873630, 1.000000000000000000, -2.240753535442228106 ) ) ;
#5429 = DIRECTION ( 'NONE',  ( 0.000000000000000000, 0.7660444431189767922, -0.6427876096865409172 ) ) ;
#5430 = DIRECTION ( 'NONE',  ( 4.488561888120282676E-15, 0.7660444431189767922, 0.6427876096865409172 ) ) ;
#5431 = CARTESIAN_POINT ( 'NONE',  ( 4.285301483563187297, 1.399999999999999911, -4.612012738139083190 ) ) ;
#5433 = ORIENTED_EDGE ( 'NONE', *, *, #2080, .F. ) ;
#5432 = VECTOR ( 'NONE', #9156, 1000.000000000000000 ) ;
#5434 = VERTEX_POINT ( 'NONE', #7230 ) ;
#5435 = EDGE_LOOP ( 'NONE', ( #7909, #3618, #5835, #10018, #9302, #3229, #6195, #1866, #353, #10541, #11072, #12206, #1178, #7779, #2691, #11482 ) ) ;
#5436 = AXIS2_PLACEMENT_3D ( 'NONE', #1165, #8800, #7915 ) ;
#5437 = ORIENTED_EDGE ( 'NONE', *, *, #11285, .T. ) ;
#5438 = DIRECTION ( 'NONE',  ( 1.355252715606880543E-16, 1.000000000000000000, -9.463679131915807439E-31 ) ) ;
#5439 = EDGE_CURVE ( 'NONE', #1305, #4144, #4415, .T. ) ;
#5440 = ORIENTED_EDGE ( 'NONE', *, *, #3300, .F. ) ;
#5441 = CARTESIAN_POINT ( 'NONE',  ( 31.49711038494234927, 0.3999999999999999667, -2.240753535442245425 ) ) ;
#5442 = EDGE_CURVE ( 'NONE', #491, #4108, #4231, .T. ) ;
#5443 = DIRECTION ( 'NONE',  ( -6.868836133214108557E-15, 0.000000000000000000, -1.000000000000000000 ) ) ;
#5444 = CARTESIAN_POINT ( 'NONE',  ( 24.21180890137913266, 1.399999999999999689, -4.949661896593934074 ) ) ;
#5445 = VECTOR ( 'NONE', #9204, 1000.000000000000000 ) ;
#5446 = CARTESIAN_POINT ( 'NONE',  ( 18.14120593425277761, 1.000000000000000000, -2.240753535442241873 ) ) ;
#5447 = AXIS2_PLACEMENT_3D ( 'NONE', #10290, #2595, #6408 ) ;
#5448 = CARTESIAN_POINT ( 'NONE',  ( 24.21180890137913977, 1.399999999999999911, -4.858572962426980446 ) ) ;
#5449 = VERTEX_POINT ( 'NONE', #8227 ) ;
#5450 = ORIENTED_EDGE ( 'NONE', *, *, #397, .T. ) ;
#5451 = CARTESIAN_POINT ( 'NONE',  ( 35.28241186850554101, 1.000000000000000000, -2.240753535442241873 ) ) ;
#5452 = VERTEX_POINT ( 'NONE', #4286 ) ;
#5453 =( BOUNDED_CURVE ( )  B_SPLINE_CURVE ( 3, ( #11453, #10301, #1729, #4731 ),
 .UNSPECIFIED., .F., .F. ) 
 B_SPLINE_CURVE_WITH_KNOTS ( ( 4, 4 ),
 ( 1.943323292647559208, 2.268928027592631569 ),
 .UNSPECIFIED. ) 
 CURVE ( )  GEOMETRIC_REPRESENTATION_ITEM ( )  RATIONAL_B_SPLINE_CURVE ( ( 1.000000000000000000, 0.9911846262163772625, 0.9911846262163772625, 1.000000000000000000 ) ) 
 REPRESENTATION_ITEM ( '' )  );
#5454 = CARTESIAN_POINT ( 'NONE',  ( 35.78241186850553390, 1.000000000000000000, -1.000000000000000000 ) ) ;
#5456 = EDGE_CURVE ( 'NONE', #2004, #2799, #12124, .T. ) ;
#5455 = ORIENTED_EDGE ( 'NONE', *, *, #3850, .T. ) ;
#5457 = DIRECTION ( 'NONE',  ( 0.000000000000000000, 0.000000000000000000, 1.000000000000000000 ) ) ;
#5458 = EDGE_CURVE ( 'NONE', #10315, #6166, #655, .T. ) ;
#5459 = CARTESIAN_POINT ( 'NONE',  ( 37.06771335206872209, 2.000000000000000000, 2.799999999999999822 ) ) ;
#5460 = DIRECTION ( 'NONE',  ( -7.097089222158424864E-15, 0.000000000000000000, -1.000000000000000000 ) ) ;
#5461 = EDGE_CURVE ( 'NONE', #8387, #2649, #595, .T. ) ;
#5462 = FACE_OUTER_BOUND ( 'NONE', #11593, .T. ) ;
#5463 = CARTESIAN_POINT ( 'NONE',  ( 22.92650741781595158, 3.272523262990679971, -4.655877423168258922 ) ) ;
#5464 = CARTESIAN_POINT ( 'NONE',  ( 24.96809400695910242, 0.000000000000000000, -2.240753535442229882 ) ) ;
#5465 = LINE ( 'NONE', #703, #10920 ) ;
#5466 = DIRECTION ( 'NONE',  ( -1.000000000000000000, 0.000000000000000000, 0.000000000000000000 ) ) ;
#5467 = ORIENTED_EDGE ( 'NONE', *, *, #7246, .F. ) ;
#5468 = ORIENTED_EDGE ( 'NONE', *, *, #1074, .T. ) ;
#5469 = ORIENTED_EDGE ( 'NONE', *, *, #528, .T. ) ;
#5470 = CARTESIAN_POINT ( 'NONE',  ( -0.5171890237760033981, 1.115317123975225533, -5.586343894839111535 ) ) ;
#5471 = DIRECTION ( 'NONE',  ( 1.000000000000000000, 0.000000000000000000, 0.000000000000000000 ) ) ;
#5472 = DIRECTION ( 'NONE',  ( 0.000000000000000000, 0.000000000000000000, -1.000000000000000000 ) ) ;
#5473 = CARTESIAN_POINT ( 'NONE',  ( 19.92650741781596935, 0.3999999999999999667, -2.240753535442224553 ) ) ;
#5474 = CARTESIAN_POINT ( 'NONE',  ( 32.78241186850552680, 0.000000000000000000, -1.000000000000000000 ) ) ;
#5475 = EDGE_CURVE ( 'NONE', #3563, #10837, #4508, .T. ) ;
#5476 = CARTESIAN_POINT ( 'NONE',  ( 0.3468596454174303068, 0.000000000000000000, -3.000000000000000000 ) ) ;
#5477 = ORIENTED_EDGE ( 'NONE', *, *, #8979, .T. ) ;
#5478 = LINE ( 'NONE', #5603, #535 ) ;
#5479 = LINE ( 'NONE', #11071, #2594 ) ;
#5480 = ORIENTED_EDGE ( 'NONE', *, *, #9364, .T. ) ;
#5481 = ORIENTED_EDGE ( 'NONE', *, *, #12247, .F. ) ;
#5482 = ORIENTED_EDGE ( 'NONE', *, *, #9287, .F. ) ;
#5483 = CARTESIAN_POINT ( 'NONE',  ( 7.826888072706338129, 0.000000000000000000, -3.000000000000000000 ) ) ;
#5484 = DIRECTION ( 'NONE',  ( 1.000000000000000000, 0.000000000000000000, 0.000000000000000000 ) ) ;
#5485 = LINE ( 'NONE', #732, #941 ) ;
#5486 = DIRECTION ( 'NONE',  ( 0.000000000000000000, 0.000000000000000000, -1.000000000000000000 ) ) ;
#5487 = EDGE_CURVE ( 'NONE', #10851, #11760, #11005, .T. ) ;
#5488 = LINE ( 'NONE', #798, #1438 ) ;
#5489 = EDGE_CURVE ( 'NONE', #8781, #1541, #6096, .T. ) ;
#5490 = LINE ( 'NONE', #3984, #7969 ) ;
#5491 = LINE ( 'NONE', #9495, #2118 ) ;
#5492 = EDGE_CURVE ( 'NONE', #2177, #3307, #1784, .T. ) ;
#5493 = DIRECTION ( 'NONE',  ( -0.000000000000000000, -0.000000000000000000, 1.000000000000000000 ) ) ;
#5494 = ORIENTED_EDGE ( 'NONE', *, *, #6334, .T. ) ;
#5495 = ORIENTED_EDGE ( 'NONE', *, *, #6374, .T. ) ;
#5496 = ORIENTED_EDGE ( 'NONE', *, *, #10002, .T. ) ;
#5497 = ORIENTED_EDGE ( 'NONE', *, *, #6912, .T. ) ;
#5498 = CARTESIAN_POINT ( 'NONE',  ( 33.93869697408548092, 1.000000000000000222, -2.240753535442232547 ) ) ;
#5499 = ORIENTED_EDGE ( 'NONE', *, *, #11144, .F. ) ;
#5500 = CARTESIAN_POINT ( 'NONE',  ( 7.080021103316466732E-06, 0.000000000000000000, -1.007180904292219514 ) ) ;
#5501 = CARTESIAN_POINT ( 'NONE',  ( 18.64120593425275985, 1.399999999999999911, -4.858578065624948650 ) ) ;
#5502 = CARTESIAN_POINT ( 'NONE',  ( 18.64120593425275629, 1.103464666456457577, -5.267169912107815044 ) ) ;
#5503 = EDGE_CURVE ( 'NONE', #743, #12271, #8352, .T. ) ;
#5504 = VECTOR ( 'NONE', #1341, 1000.000000000000114 ) ;
#5505 = LINE ( 'NONE', #752, #1170 ) ;
#5506 = FACE_OUTER_BOUND ( 'NONE', #8357, .T. ) ;
#5507 = CIRCLE ( 'NONE', #2904, 1.500000000000000000 ) ;
#5508 = EDGE_CURVE ( 'NONE', #1094, #5246, #7536, .T. ) ;
#5509 = ORIENTED_EDGE ( 'NONE', *, *, #4817, .F. ) ;
#5510 = EDGE_LOOP ( 'NONE', ( #6059, #10822, #4398, #6338, #2374, #8527, #9130, #9893, #1725, #1553, #6149, #5541 ) ) ;
#5511 = FACE_OUTER_BOUND ( 'NONE', #11508, .T. ) ;
#5512 = ORIENTED_EDGE ( 'NONE', *, *, #9509, .F. ) ;
#5513 = CARTESIAN_POINT ( 'NONE',  ( 22.92650741781595869, 0.000000000000000000, 0.1662919268571568243 ) ) ;
#5514 = ORIENTED_EDGE ( 'NONE', *, *, #5088, .F. ) ;
#5515 = VECTOR ( 'NONE', #7508, 1000.000000000000114 ) ;
#5516 = AXIS2_PLACEMENT_3D ( 'NONE', #5029, #9848, #8664 ) ;
#5517 = CARTESIAN_POINT ( 'NONE',  ( 35.78241186850554101, 1.000000000000000000, -2.836630331739350641 ) ) ;
#5518 = CARTESIAN_POINT ( 'NONE',  ( -0.9999999999999859002, 0.4999999999999978351, -2.240753535442228106 ) ) ;
#5519 = CARTESIAN_POINT ( 'NONE',  ( 37.56771335206872209, 0.000000000000000000, -1.000000000000000000 ) ) ;
#5520 = LINE ( 'NONE', #1826, #7444 ) ;
#5521 = DIRECTION ( 'NONE',  ( -1.000000000000000000, 1.355252715606880543E-16, 0.000000000000000000 ) ) ;
#5522 = EDGE_CURVE ( 'NONE', #7653, #11403, #785, .T. ) ;
#5524 = LINE ( 'NONE', #5589, #7317 ) ;
#5523 = VECTOR ( 'NONE', #942, 1000.000000000000000 ) ;
#5525 = EDGE_CURVE ( 'NONE', #6710, #6506, #2656, .T. ) ;
#5526 = VECTOR ( 'NONE', #9943, 1000.000000000000000 ) ;
#5527 =( BOUNDED_SURFACE ( )  B_SPLINE_SURFACE ( 3, 2, ( 
 ( #7863, #1286, #9864 ),
 ( #6994, #4988, #11705 ),
 ( #7921, #9926, #3227 ),
 ( #11770, #6046, #1351 ),
 ( #4173, #4925, #5168 ),
 ( #7746, #8745, #1107 ) ),
 .UNSPECIFIED., .F., .F., .F. ) 
 B_SPLINE_SURFACE_WITH_KNOTS ( ( 4, 2, 4 ),
 ( 3, 3 ),
 ( 0.001360458961287221635, 0.002901564996485919527, 0.004442671031684617203 ),
 ( 0.000000000000000000, 1.000000000000000000 ),
 .UNSPECIFIED. ) 
 GEOMETRIC_REPRESENTATION_ITEM ( )  RATIONAL_B_SPLINE_SURFACE ( (
 ( 1.000000000000000000, 0.7924374031725291978, 1.000000000000000000),
 ( 1.000000000000000000, 0.7956711654295671732, 1.000000000000000000),
 ( 1.000000000000000000, 0.7972631388398050412, 1.000000000000000000),
 ( 1.000000000000000000, 0.7972633761834646560, 1.000000000000000000),
 ( 1.000000000000000000, 0.7956584909370890690, 1.000000000000000000),
 ( 1.000000000000000000, 0.7924371217378710641, 1.000000000000000000) ) ) 
 REPRESENTATION_ITEM ( '' )  SURFACE ( )  );
#5528 = CARTESIAN_POINT ( 'NONE',  ( 13.85590445068957166, 0.000000000000000000, -1.000000000000000000 ) ) ;
#5529 = LINE ( 'NONE', #12314, #3196 ) ;
#5530 = EDGE_CURVE ( 'NONE', #6354, #5723, #8535, .T. ) ;
#5531 = ADVANCED_FACE ( 'NONE', ( #11381 ), #3657, .F. ) ;
#5532 = ORIENTED_EDGE ( 'NONE', *, *, #1074, .F. ) ;
#5533 = VERTEX_POINT ( 'NONE', #12267 ) ;
#5534 = LINE ( 'NONE', #6406, #2902 ) ;
#5535 = FACE_OUTER_BOUND ( 'NONE', #6871, .T. ) ;
#5536 = AXIS2_PLACEMENT_3D ( 'NONE', #9489, #9857, #2104 ) ;
#5537 = CARTESIAN_POINT ( 'NONE',  ( 18.64120593425275629, 2.000000000000000000, -5.468901542184360309 ) ) ;
#5538 = CARTESIAN_POINT ( 'NONE',  ( 22.92650741781596935, 1.000000000000000000, -2.240753535442245425 ) ) ;
#5539 = VECTOR ( 'NONE', #5648, 1000.000000000000000 ) ;
#5540 = DIRECTION ( 'NONE',  ( -0.000000000000000000, -0.000000000000000000, 1.000000000000000000 ) ) ;
#5541 = ORIENTED_EDGE ( 'NONE', *, *, #411, .T. ) ;
#5542 = CARTESIAN_POINT ( 'NONE',  ( 9.570602967126392357, 0.000000000000000000, -2.240753535442241873 ) ) ;
#5543 = VECTOR ( 'NONE', #1525, 1000.000000000000000 ) ;
#5544 = DIRECTION ( 'NONE',  ( 1.000000000000000000, -0.000000000000000000, -0.000000000000000000 ) ) ;
#5546 = ORIENTED_EDGE ( 'NONE', *, *, #8277, .F. ) ;
#5545 = EDGE_CURVE ( 'NONE', #8573, #3204, #2842, .T. ) ;
#5547 = EDGE_CURVE ( 'NONE', #1355, #3375, #3536, .T. ) ;
#5548 = EDGE_LOOP ( 'NONE', ( #2386, #9892, #6013, #2158 ) ) ;
#5549 = ORIENTED_EDGE ( 'NONE', *, *, #4033, .F. ) ;
#5550 = CARTESIAN_POINT ( 'NONE',  ( 12.85591153071067794, 0.000000000000000000, -1.007180904292219514 ) ) ;
#5551 = DIRECTION ( 'NONE',  ( -7.097089222158424864E-15, 0.000000000000000000, -1.000000000000000000 ) ) ;
#5552 = CARTESIAN_POINT ( 'NONE',  ( 38.56771335206871498, 1.399999999999999911, -4.612012738139083190 ) ) ;
#5553 = PLANE ( 'NONE',  #11976 ) ;
#5554 = VECTOR ( 'NONE', #6936, 1000.000000000000000 ) ;
#5555 = CARTESIAN_POINT ( 'NONE',  ( 2.785301483563190850, 1.499358225474672235, 2.799999999999999822 ) ) ;
#5556 = CARTESIAN_POINT ( 'NONE',  ( 33.93869697408548092, 0.000000000000000000, -3.000000000000000000 ) ) ;
#5557 = LINE ( 'NONE', #3615, #11929 ) ;
#5558 = PLANE ( 'NONE',  #9920 ) ;
#5559 = DIRECTION ( 'NONE',  ( -1.000000000000000000, -0.000000000000000000, 1.141265444721583757E-16 ) ) ;
#5560 = ORIENTED_EDGE ( 'NONE', *, *, #12102, .F. ) ;
#5561 = VERTEX_POINT ( 'NONE', #8412 ) ;
#5562 = ORIENTED_EDGE ( 'NONE', *, *, #929, .F. ) ;
#5563 = ORIENTED_EDGE ( 'NONE', *, *, #2389, .F. ) ;
#5564 = EDGE_CURVE ( 'NONE', #7575, #3662, #7488, .T. ) ;
#5565 = LINE ( 'NONE', #7253, #2131 ) ;
#5566 = ORIENTED_EDGE ( 'NONE', *, *, #8997, .T. ) ;
#5567 = EDGE_CURVE ( 'NONE', #6571, #4016, #9481, .T. ) ;
#5568 = LINE ( 'NONE', #813, #1425 ) ;
#5569 = PLANE ( 'NONE',  #12402 ) ;
#5570 = CIRCLE ( 'NONE', #6568, 1.500000000000000000 ) ;
#5571 = LINE ( 'NONE', #10396, #22 ) ;
#5572 = VECTOR ( 'NONE', #3671, 1000.000000000000000 ) ;
#5573 = ORIENTED_EDGE ( 'NONE', *, *, #4691, .T. ) ;
#5574 = ORIENTED_EDGE ( 'NONE', *, *, #11092, .T. ) ;
#5575 = LINE ( 'NONE', #2634, #8716 ) ;
#5576 = ORIENTED_EDGE ( 'NONE', *, *, #11525, .T. ) ;
#5577 = ADVANCED_FACE ( 'NONE', ( #898 ), #11194, .F. ) ;
#5578 = DIRECTION ( 'NONE',  ( 1.000000000000000000, 0.000000000000000000, 0.000000000000000000 ) ) ;
#5579 = VERTEX_POINT ( 'NONE', #6660 ) ;
#5580 = VECTOR ( 'NONE', #11771, 1000.000000000000000 ) ;
#5581 = DIRECTION ( 'NONE',  ( 0.5407162030609332648, 0.5407162030609377057, -0.6444004775717739886 ) ) ;
#5582 = VECTOR ( 'NONE', #1315, 1000.000000000000000 ) ;
#5583 = EDGE_CURVE ( 'NONE', #1316, #5908, #1903, .T. ) ;
#5584 = LINE ( 'NONE', #825, #4827 ) ;
#5585 = CARTESIAN_POINT ( 'NONE',  ( 32.76505704148077314, 1.400000000000000355, -4.852277374311896985 ) ) ;
#5586 = CARTESIAN_POINT ( 'NONE',  ( 29.65339549052229629, 0.4000000000000000222, -1.000000000000000000 ) ) ;
#5587 = PLANE ( 'NONE',  #5775 ) ;
#5588 = AXIS2_PLACEMENT_3D ( 'NONE', #11433, #8525, #6464 ) ;
#5589 = CARTESIAN_POINT ( 'NONE',  ( 27.21180890137915398, 1.000000000000000000, -3.007045462299398508 ) ) ;
#5590 = DIRECTION ( 'NONE',  ( 7.335912872304279317E-17, 0.7660444431189810111, 0.6427876096865356992 ) ) ;
#5591 = CARTESIAN_POINT ( 'NONE',  ( 37.06771335206872209, 1.000000000000000000, 2.799999999999999822 ) ) ;
#5592 = CARTESIAN_POINT ( 'NONE',  ( 22.92650741781596935, 0.000000000000000000, -2.240753535442245425 ) ) ;
#5593 = ORIENTED_EDGE ( 'NONE', *, *, #2626, .T. ) ;
#5594 = EDGE_LOOP ( 'NONE', ( #7990, #7000, #10958, #10810, #10487 ) ) ;
#5595 = CARTESIAN_POINT ( 'NONE',  ( 12.51218955626952933, 0.000000000000000000, -1.000000000000000000 ) ) ;
#5596 = LINE ( 'NONE', #8466, #3944 ) ;
#5597 = VECTOR ( 'NONE', #8404, 1000.000000000000000 ) ;
#5598 = CARTESIAN_POINT ( 'NONE',  ( 38.56771335206872919, 1.399999999999999911, -3.240753535442235211 ) ) ;
#5599 = CARTESIAN_POINT ( 'NONE',  ( 1.102607980234459051, 1.400000000000840350, -5.327909680984783236 ) ) ;
#5600 = EDGE_CURVE ( 'NONE', #11449, #3055, #12323, .T. ) ;
#5601 = DIRECTION ( 'NONE',  ( 1.000000000000000000, -0.000000000000000000, -0.000000000000000000 ) ) ;
#5602 = ORIENTED_EDGE ( 'NONE', *, *, #3465, .F. ) ;
#5603 = CARTESIAN_POINT ( 'NONE',  ( 32.78241186850554101, 1.000000000000000000, -2.240753535442224553 ) ) ;
#5604 = LINE ( 'NONE', #11385, #11614 ) ;
#5605 = ORIENTED_EDGE ( 'NONE', *, *, #590, .F. ) ;
#5606 = EDGE_LOOP ( 'NONE', ( #7557, #5065, #7233, #10338 ) ) ;
#5607 = ORIENTED_EDGE ( 'NONE', *, *, #11650, .F. ) ;
#5608 = LINE ( 'NONE', #6736, #8918 ) ;
#5609 = CARTESIAN_POINT ( 'NONE',  ( 35.78241186850554811, 1.000000000000000000, -2.240753535442245425 ) ) ;
#5610 = CARTESIAN_POINT ( 'NONE',  ( 32.78241186850552680, 1.499358225474672235, 1.300000000000000044 ) ) ;
#5611 = ADVANCED_FACE ( 'NONE', ( #3599 ), #9544, .F. ) ;
#5612 = DIRECTION ( 'NONE',  ( -0.000000000000000000, -0.000000000000000000, 1.000000000000000000 ) ) ;
#5613 = DIRECTION ( 'NONE',  ( -6.982962677686266711E-15, 0.000000000000000000, -1.000000000000000000 ) ) ;
#5614 = ADVANCED_FACE ( 'NONE', ( #2600 ), #6412, .F. ) ;
#5615 = CARTESIAN_POINT ( 'NONE',  ( 24.21180890137915753, 0.000000000000000000, -2.836630331739329769 ) ) ;
#5616 = EDGE_CURVE ( 'NONE', #10976, #12349, #5852, .T. ) ;
#5617 = LINE ( 'NONE', #1861, #1509 ) ;
#5618 = FACE_OUTER_BOUND ( 'NONE', #12025, .T. ) ;
#5619 = CARTESIAN_POINT ( 'NONE',  ( 10.08801437709553994, 1.399999999999999911, -4.852261884540959080 ) ) ;
#5620 = ORIENTED_EDGE ( 'NONE', *, *, #3719, .T. ) ;
#5621 = ORIENTED_EDGE ( 'NONE', *, *, #7876, .T. ) ;
#5622 = ORIENTED_EDGE ( 'NONE', *, *, #7818, .T. ) ;
#5623 = ORIENTED_EDGE ( 'NONE', *, *, #6446, .F. ) ;
#5624 = VECTOR ( 'NONE', #3012, 1000.000000000000000 ) ;
#5625 = LINE ( 'NONE', #7814, #1132 ) ;
#5626 = ORIENTED_EDGE ( 'NONE', *, *, #7709, .T. ) ;
#5627 = LINE ( 'NONE', #11999, #3344 ) ;
#5628 = CARTESIAN_POINT ( 'NONE',  ( 17.39609978996381656, 1.399999999999999689, -5.120689233910754368 ) ) ;
#5629 = CARTESIAN_POINT ( 'NONE',  ( 31.49711038494233506, 0.8628211600346445964, -0.4041232037028950064 ) ) ;
#5630 = DIRECTION ( 'NONE',  ( 0.000000000000000000, 1.000000000000000000, 0.000000000000000000 ) ) ;
#5631 = AXIS2_PLACEMENT_3D ( 'NONE', #10715, #5759, #9588 ) ;
#5632 = VERTEX_POINT ( 'NONE', #1030 ) ;
#5633 = VERTEX_POINT ( 'NONE', #8848 ) ;
#5634 = PLANE ( 'NONE',  #120 ) ;
#5635 = ORIENTED_EDGE ( 'NONE', *, *, #11288, .T. ) ;
#5636 = CARTESIAN_POINT ( 'NONE',  ( 13.20276409610700519, 0.000000000000000000, -1.000000000000000000 ) ) ;
#5637 = ORIENTED_EDGE ( 'NONE', *, *, #10264, .F. ) ;
#5638 = AXIS2_PLACEMENT_3D ( 'NONE', #10438, #5613, #2919 ) ;
#5639 = DIRECTION ( 'NONE',  ( 0.000000000000000000, 0.000000000000000000, 1.000000000000000000 ) ) ;
#5640 = VECTOR ( 'NONE', #2332, 1000.000000000000000 ) ;
#5641 = CARTESIAN_POINT ( 'NONE',  ( 18.64120593425276695, 1.000000000000000000, -4.040753535442245692 ) ) ;
#5642 = DIRECTION ( 'NONE',  ( -1.141265444721583757E-16, 0.000000000000000000, -1.000000000000000000 ) ) ;
#5643 = LINE ( 'NONE', #9465, #3646 ) ;
#5644 = CARTESIAN_POINT ( 'NONE',  ( 38.50000000000001421, 0.000000000000000000, -0.2337080731428451408 ) ) ;
#5645 = LINE ( 'NONE', #9408, #4517 ) ;
#5646 = PLANE ( 'NONE',  #11105 ) ;
#5647 = ADVANCED_FACE ( 'NONE', ( #2971 ), #4905, .T. ) ;
#5648 = DIRECTION ( 'NONE',  ( 1.000000000000000000, -0.000000000000000000, -6.982962677686266711E-15 ) ) ;
#5649 = ORIENTED_EDGE ( 'NONE', *, *, #7896, .F. ) ;
#5650 = CARTESIAN_POINT ( 'NONE',  ( 24.71180890137915043, 0.000000000000000000, -1.000000000000000000 ) ) ;
#5651 = ORIENTED_EDGE ( 'NONE', *, *, #10123, .T. ) ;
#5652 = ORIENTED_EDGE ( 'NONE', *, *, #8496, .T. ) ;
#5653 = PLANE ( 'NONE',  #8491 ) ;
#5654 = DIRECTION ( 'NONE',  ( -6.868836133214109346E-15, 0.000000000000000000, -1.000000000000000000 ) ) ;
#5655 = PLANE ( 'NONE',  #5447 ) ;
#5656 = DIRECTION ( 'NONE',  ( 0.000000000000000000, -1.000000000000000000, 0.000000000000000000 ) ) ;
#5657 = DIRECTION ( 'NONE',  ( 5.626621160408424545E-15, -0.5735764363510473807, 0.8191520442889909104 ) ) ;
#5658 = VERTEX_POINT ( 'NONE', #5845 ) ;
#5659 = ADVANCED_FACE ( 'NONE', ( #10804 ), #11689, .F. ) ;
#5660 = LINE ( 'NONE', #9483, #1738 ) ;
#5661 = LINE ( 'NONE', #2781, #6584 ) ;
#5662 = ORIENTED_EDGE ( 'NONE', *, *, #11, .F. ) ;
#5663 = VERTEX_POINT ( 'NONE', #7728 ) ;
#5664 = EDGE_LOOP ( 'NONE', ( #1877, #10743, #3362, #12329 ) ) ;
#5665 = DIRECTION ( 'NONE',  ( 6.851203843408066740E-15, 0.000000000000000000, 1.000000000000000000 ) ) ;
#5666 = DIRECTION ( 'NONE',  ( 1.445602896647339163E-16, 0.000000000000000000, 1.000000000000000000 ) ) ;
#5667 = CARTESIAN_POINT ( 'NONE',  ( 35.78241186850553390, 0.4999999999999978351, -1.000000000000000000 ) ) ;
#5668 = FACE_OUTER_BOUND ( 'NONE', #10068, .T. ) ;
#5669 = DIRECTION ( 'NONE',  ( -0.6427876096865355882, -0.000000000000000000, 0.7660444431189811221 ) ) ;
#5670 = DIRECTION ( 'NONE',  ( -7.335912872304331086E-17, -0.7660444431189772363, -0.6427876096865402511 ) ) ;
#5671 = DIRECTION ( 'NONE',  ( -0.000000000000000000, -1.000000000000000000, 0.000000000000000000 ) ) ;
#5672 = LINE ( 'NONE', #11398, #11528 ) ;
#5673 = DIRECTION ( 'NONE',  ( 0.000000000000000000, 1.000000000000000000, 0.000000000000000000 ) ) ;
#5674 = EDGE_CURVE ( 'NONE', #9072, #4253, #6027, .T. ) ;
#5675 = CARTESIAN_POINT ( 'NONE',  ( 9.135526085375028416, 1.108503113383854322, -5.505581804970431925 ) ) ;
#5676 = VERTEX_POINT ( 'NONE', #3089 ) ;
#5677 = EDGE_LOOP ( 'NONE', ( #11591, #1442, #10115, #3756, #4476, #2779, #10054, #5264, #6764, #9898, #3558, #3259 ) ) ;
#5678 = ORIENTED_EDGE ( 'NONE', *, *, #6295, .F. ) ;
#5679 = ORIENTED_EDGE ( 'NONE', *, *, #8122, .T. ) ;
#5680 = ADVANCED_FACE ( 'NONE', ( #9728 ), #152, .F. ) ;
#5681 = EDGE_CURVE ( 'NONE', #6180, #1339, #10550, .T. ) ;
#5682 = CARTESIAN_POINT ( 'NONE',  ( 4.840577817393747040, 1.400000000000169997, -5.423430774507966845 ) ) ;
#5683 = VERTEX_POINT ( 'NONE', #1214 ) ;
#5684 = DIRECTION ( 'NONE',  ( 0.000000000000000000, 0.6427876096865402511, -0.7660444431189772363 ) ) ;
#5685 = CARTESIAN_POINT ( 'NONE',  ( 40.06771335206872919, 0.000000000000000000, -0.4041232037028952284 ) ) ;
#5686 = DIRECTION ( 'NONE',  ( -1.000000000000000000, 0.000000000000000000, -0.000000000000000000 ) ) ;
#5687 = ADVANCED_BREP_SHAPE_REPRESENTATION ( 'BTN4manufacture', ( #9905, #7995 ), #7194 ) ;
#5688 = LINE ( 'NONE', #2003, #7851 ) ;
#5689 = ORIENTED_EDGE ( 'NONE', *, *, #10790, .F. ) ;
#5690 = VERTEX_POINT ( 'NONE', #3969 ) ;
#5691 = ORIENTED_EDGE ( 'NONE', *, *, #1000, .T. ) ;
#5692 = ORIENTED_EDGE ( 'NONE', *, *, #4691, .F. ) ;
#5693 = DIRECTION ( 'NONE',  ( -6.982962677686266711E-15, 0.000000000000000000, -1.000000000000000000 ) ) ;
#5694 = ORIENTED_EDGE ( 'NONE', *, *, #1975, .F. ) ;
#5695 = LINE ( 'NONE', #10527, #7635 ) ;
#5696 = CARTESIAN_POINT ( 'NONE',  ( 38.56771335206870788, 2.000000000000000000, -5.468901542184349651 ) ) ;
#5697 = CARTESIAN_POINT ( 'NONE',  ( 34.80212537736694856, 1.400000000000000355, -5.120578528970613164 ) ) ;
#5698 = CARTESIAN_POINT ( 'NONE',  ( 7.570602967126396798, 1.000000000000000000, -2.240753535442228106 ) ) ;
#5699 = DIRECTION ( 'NONE',  ( 1.000000000000000000, 0.000000000000000000, 0.000000000000000000 ) ) ;
#5700 = PLANE ( 'NONE',  #9727 ) ;
#5701 = CARTESIAN_POINT ( 'NONE',  ( 39.31457299748615242, 0.000000000000000000, -1.000000000000000000 ) ) ;
#5702 = AXIS2_PLACEMENT_3D ( 'NONE', #2965, #1896, #4842 ) ;
#5703 = CARTESIAN_POINT ( 'NONE',  ( 24.96809400695910242, 0.4000000000000000222, -2.240753535442231215 ) ) ;
#5704 = VERTEX_POINT ( 'NONE', #6908 ) ;
#5705 = CARTESIAN_POINT ( 'NONE',  ( 37.06771335206873630, 0.000000000000000000, -2.240753535442224553 ) ) ;
#5706 = VECTOR ( 'NONE', #6573, 1000.000000000000000 ) ;
#5707 = VECTOR ( 'NONE', #7745, 1000.000000000000000 ) ;
#5708 = ORIENTED_EDGE ( 'NONE', *, *, #9999, .T. ) ;
#5709 = ORIENTED_EDGE ( 'NONE', *, *, #7172, .F. ) ;
#5710 = EDGE_CURVE ( 'NONE', #8811, #11279, #11630, .T. ) ;
#5711 = DIRECTION ( 'NONE',  ( -1.000000000000000000, -0.000000000000000000, 1.141265444721583757E-16 ) ) ;
#5712 = DIRECTION ( 'NONE',  ( 0.000000000000000000, -0.6427876096865358102, 0.7660444431189811221 ) ) ;
#5713 = CARTESIAN_POINT ( 'NONE',  ( 38.22399845764867621, 0.000000000000000000, -1.000000000000000000 ) ) ;
#5714 = CARTESIAN_POINT ( 'NONE',  ( 5.785301483563189073, 0.4000000000000000222, 0.1662919268571587950 ) ) ;
#5715 = EDGE_CURVE ( 'NONE', #835, #54, #1271, .T. ) ;
#5716 = VECTOR ( 'NONE', #11695, 1000.000000000000000 ) ;
#5717 = VECTOR ( 'NONE', #8441, 1000.000000000000000 ) ;
#5718 = AXIS2_PLACEMENT_3D ( 'NONE', #11571, #8727, #3904 ) ;
#5719 = DIRECTION ( 'NONE',  ( -0.000000000000000000, -0.000000000000000000, 1.000000000000000000 ) ) ;
#5720 = FACE_OUTER_BOUND ( 'NONE', #7109, .T. ) ;
#5721 = CARTESIAN_POINT ( 'NONE',  ( 16.39749103983271894, 1.000000000000000000, -2.240753535442229882 ) ) ;
#5722 = VERTEX_POINT ( 'NONE', #4848 ) ;
#5723 = VERTEX_POINT ( 'NONE', #10681 ) ;
#5724 = ORIENTED_EDGE ( 'NONE', *, *, #411, .F. ) ;
#5725 = AXIS2_PLACEMENT_3D ( 'NONE', #5931, #1419, #5055 ) ;
#5726 = VECTOR ( 'NONE', #11334, 1000.000000000000000 ) ;
#5727 = ADVANCED_FACE ( 'NONE', ( #1154 ), #4970, .F. ) ;
#5728 = ORIENTED_EDGE ( 'NONE', *, *, #9151, .T. ) ;
#5729 = CARTESIAN_POINT ( 'NONE',  ( 33.93869697408548092, 0.4000000000000000222, -1.000000000000000000 ) ) ;
#5730 = DIRECTION ( 'NONE',  ( 0.000000000000000000, 1.000000000000000000, 0.000000000000000000 ) ) ;
#5731 = CARTESIAN_POINT ( 'NONE',  ( 3.285301483563193514, 0.4999999999999978351, -1.000000000000000000 ) ) ;
#5732 = DIRECTION ( 'NONE',  ( -1.355252715606880543E-16, -1.000000000000000000, -0.000000000000000000 ) ) ;
#5733 = ADVANCED_FACE ( 'NONE', ( #214 ), #9608, .F. ) ;
#5734 = CARTESIAN_POINT ( 'NONE',  ( 5.785301483563191738, 0.9534028740753672793, 2.799999999999999822 ) ) ;
#5735 = CARTESIAN_POINT ( 'NONE',  ( 16.79749103983272107, 0.4000000000000000222, -3.000000000000000000 ) ) ;
#5736 = AXIS2_PLACEMENT_3D ( 'NONE', #9901, #2148, #3963 ) ;
#5737 = CARTESIAN_POINT ( 'NONE',  ( 27.21180890137914332, 1.399999999999999911, -4.858578065624948650 ) ) ;
#5738 = CARTESIAN_POINT ( 'NONE',  ( 26.05866854679657862, 0.000000000000000000, -2.240753535442237432 ) ) ;
#5739 = CARTESIAN_POINT ( 'NONE',  ( -1.500000000000000000, 0.000000000000000000, -1.000000000000000000 ) ) ;
#5740 = ORIENTED_EDGE ( 'NONE', *, *, #3600, .T. ) ;
#5741 = ORIENTED_EDGE ( 'NONE', *, *, #8172, .T. ) ;
#5742 = ORIENTED_EDGE ( 'NONE', *, *, #51, .F. ) ;
#5743 = ORIENTED_EDGE ( 'NONE', *, *, #5503, .F. ) ;
#5744 = LINE ( 'NONE', #2866, #6521 ) ;
#5745 = ORIENTED_EDGE ( 'NONE', *, *, #7694, .T. ) ;
#5746 = VECTOR ( 'NONE', #2047, 1000.000000000000114 ) ;
#5747 = DIRECTION ( 'NONE',  ( -1.000000000000000000, 0.000000000000000000, 1.141265444721583757E-16 ) ) ;
#5748 = EDGE_CURVE ( 'NONE', #3928, #10540, #27, .T. ) ;
#5749 = CARTESIAN_POINT ( 'NONE',  ( 24.21180890137916109, 1.000000000000000000, -2.240753535442224553 ) ) ;
#5750 = DIRECTION ( 'NONE',  ( 1.000000000000000000, 0.000000000000000000, -0.000000000000000000 ) ) ;
#5751 = CARTESIAN_POINT ( 'NONE',  ( 24.71180890137916109, 0.4999999999999978351, -2.240753535442228106 ) ) ;
#5752 = VECTOR ( 'NONE', #9358, 1000.000000000000000 ) ;
#5753 = ORIENTED_EDGE ( 'NONE', *, *, #10795, .F. ) ;
#5754 = ORIENTED_EDGE ( 'NONE', *, *, #7767, .T. ) ;
#5755 = ORIENTED_EDGE ( 'NONE', *, *, #8559, .T. ) ;
#5756 = ORIENTED_EDGE ( 'NONE', *, *, #1250, .F. ) ;
#5757 = VECTOR ( 'NONE', #4877, 1000.000000000000000 ) ;
#5758 = ORIENTED_EDGE ( 'NONE', *, *, #9925, .T. ) ;
#5759 = DIRECTION ( 'NONE',  ( -1.000000000000000000, 0.000000000000000000, 6.868836133214108557E-15 ) ) ;
#5760 = ADVANCED_FACE ( 'NONE', ( #7665 ), #1969, .F. ) ;
#5761 = AXIS2_PLACEMENT_3D ( 'NONE', #10547, #4784, #7663 ) ;
#5762 = CARTESIAN_POINT ( 'NONE',  ( 7.570602967126396798, 1.000000000000000000, -2.240753535442228106 ) ) ;
#5763 = CARTESIAN_POINT ( 'NONE',  ( 29.99711038494233861, 0.5320888862379536954, -0.9617579545435694932 ) ) ;
#5764 = AXIS2_PLACEMENT_3D ( 'NONE', #5609, #8360, #794 ) ;
#5765 = DIRECTION ( 'NONE',  ( -1.141265444721583757E-16, -0.000000000000000000, -1.000000000000000000 ) ) ;
#5766 = DIRECTION ( 'NONE',  ( -5.813595144832437787E-15, 0.5735764363510473807, -0.8191520442889909104 ) ) ;
#5767 = ADVANCED_FACE ( 'NONE', ( #90 ), #11814, .T. ) ;
#5768 = EDGE_CURVE ( 'NONE', #4481, #11539, #3462, .T. ) ;
#5769 = DIRECTION ( 'NONE',  ( -1.894180325222886620E-15, -0.9625068420560822791, -0.2712574035768015590 ) ) ;
#5770 = DIRECTION ( 'NONE',  ( 1.000000000000000000, -0.000000000000000000, -6.982962677686266711E-15 ) ) ;
#5771 = PLANE ( 'NONE',  #1309 ) ;
#5772 = ORIENTED_EDGE ( 'NONE', *, *, #1769, .T. ) ;
#5773 = AXIS2_PLACEMENT_3D ( 'NONE', #8383, #7443, #2682 ) ;
#5774 = CARTESIAN_POINT ( 'NONE',  ( 32.78241186850554101, 0.000000000000000000, -2.240753535442224553 ) ) ;
#5775 = AXIS2_PLACEMENT_3D ( 'NONE', #885, #5828, #828 ) ;
#5776 = ORIENTED_EDGE ( 'NONE', *, *, #5530, .F. ) ;
#5777 = ORIENTED_EDGE ( 'NONE', *, *, #12406, .T. ) ;
#5778 = LINE ( 'NONE', #7659, #6905 ) ;
#5779 = LINE ( 'NONE', #8599, #7941 ) ;
#5780 = FACE_OUTER_BOUND ( 'NONE', #6997, .T. ) ;
#5781 = LINE ( 'NONE', #1029, #6146 ) ;
#5782 = CARTESIAN_POINT ( 'NONE',  ( 40.06771335206873630, 1.000000000000000000, -2.836630331739350641 ) ) ;
#5783 = EDGE_CURVE ( 'NONE', #11449, #3120, #7272, .T. ) ;
#5784 = CARTESIAN_POINT ( 'NONE',  ( 24.21180890137914687, 0.000000000000000000, -1.000000000000000000 ) ) ;
#5785 = CARTESIAN_POINT ( 'NONE',  ( 26.45866854679657720, 0.000000000000000000, -2.240753535442240096 ) ) ;
#5786 = ORIENTED_EDGE ( 'NONE', *, *, #509, .T. ) ;
#5787 = EDGE_CURVE ( 'NONE', #5320, #2070, #9157, .T. ) ;
#5788 = ORIENTED_EDGE ( 'NONE', *, *, #10189, .T. ) ;
#5789 = ORIENTED_EDGE ( 'NONE', *, *, #1396, .T. ) ;
#5790 = VECTOR ( 'NONE', #5970, 1000.000000000000000 ) ;
#5791 = CARTESIAN_POINT ( 'NONE',  ( 13.41118078452125495, 1.400000000000169997, -5.423430774507966845 ) ) ;
#5792 = DIRECTION ( 'NONE',  ( 0.000000000000000000, -1.000000000000000000, 0.000000000000000000 ) ) ;
#5793 = DIRECTION ( 'NONE',  ( 7.097089222158425653E-15, -0.000000000000000000, 1.000000000000000000 ) ) ;
#5794 = PLANE ( 'NONE',  #1239 ) ;
#5795 =( LENGTH_UNIT ( ) NAMED_UNIT ( * ) SI_UNIT ( .MILLI., .METRE. ) );
#5796 = DIRECTION ( 'NONE',  ( -1.000000000000000000, 0.000000000000000000, 6.868836133214108557E-15 ) ) ;
#5797 = LINE ( 'NONE', #10693, #10376 ) ;
#5798 = PLANE ( 'NONE',  #10107 ) ;
#5799 = EDGE_CURVE ( 'NONE', #6512, #9654, #11110, .T. ) ;
#5800 = DIRECTION ( 'NONE',  ( -1.141265444721583757E-16, 0.000000000000000000, 1.000000000000000000 ) ) ;
#5801 = LINE ( 'NONE', #920, #2981 ) ;
#5802 = ORIENTED_EDGE ( 'NONE', *, *, #8211, .T. ) ;
#5803 = ORIENTED_EDGE ( 'NONE', *, *, #9400, .F. ) ;
#5804 = ADVANCED_FACE ( 'NONE', ( #579 ), #10921, .F. ) ;
#5805 = ORIENTED_EDGE ( 'NONE', *, *, #7273, .F. ) ;
#5806 = ORIENTED_EDGE ( 'NONE', *, *, #4832, .T. ) ;
#5807 = LINE ( 'NONE', #180, #11750 ) ;
#5808 = VERTEX_POINT ( 'NONE', #3337 ) ;
#5809 = CARTESIAN_POINT ( 'NONE',  ( 15.64120593425276340, 2.000000000000000000, 2.799999999999999822 ) ) ;
#5810 = CARTESIAN_POINT ( 'NONE',  ( 22.92650741781594803, 2.000000000000000000, -5.468901542184360309 ) ) ;
#5811 = CARTESIAN_POINT ( 'NONE',  ( 31.49711038494233506, 0.000000000000000000, 1.999999999999997335 ) ) ;
#5812 = LINE ( 'NONE', #8570, #9258 ) ;
#5814 = VERTEX_POINT ( 'NONE', #10863 ) ;
#5813 = VECTOR ( 'NONE', #12170, 1000.000000000000114 ) ;
#5815 = ORIENTED_EDGE ( 'NONE', *, *, #10015, .T. ) ;
#5816 = EDGE_CURVE ( 'NONE', #4050, #2962, #2521, .T. ) ;
#5817 = VERTEX_POINT ( 'NONE', #4215 ) ;
#5818 = ORIENTED_EDGE ( 'NONE', *, *, #459, .T. ) ;
#5819 = DIRECTION ( 'NONE',  ( -0.5407162030609422576, 0.5407162030609375947, -0.6444004775717664391 ) ) ;
#5820 = VERTEX_POINT ( 'NONE', #1397 ) ;
#5821 = ADVANCED_FACE ( 'NONE', ( #7151 ), #8150, .F. ) ;
#5822 = LINE ( 'NONE', #11670, #636 ) ;
#5823 = CARTESIAN_POINT ( 'NONE',  ( 12.51218955626952933, 0.4000000000000000222, -1.000000000000000000 ) ) ;
#5824 = CARTESIAN_POINT ( 'NONE',  ( 22.92650741781594448, 1.191234876072140292, -5.242434171922443653 ) ) ;
#5825 = AXIS2_PLACEMENT_3D ( 'NONE', #682, #6565, #3683 ) ;
#5826 = CARTESIAN_POINT ( 'NONE',  ( 24.21180890137915753, 1.000000000000000000, -2.836630331739329769 ) ) ;
#5827 = VECTOR ( 'NONE', #8675, 1000.000000000000000 ) ;
#5828 = DIRECTION ( 'NONE',  ( -1.141265444721583757E-16, 0.000000000000000000, -1.000000000000000000 ) ) ;
#5829 = LINE ( 'NONE', #11491, #6691 ) ;
#5830 = LINE ( 'NONE', #7778, #10106 ) ;
#5831 = EDGE_CURVE ( 'NONE', #6753, #7699, #12064, .T. ) ;
#5832 = ORIENTED_EDGE ( 'NONE', *, *, #2168, .T. ) ;
#5833 = DIRECTION ( 'NONE',  ( -1.000000000000000000, -0.000000000000000000, 1.141265444721583757E-16 ) ) ;
#5834 = AXIS2_PLACEMENT_3D ( 'NONE', #3613, #1798, #10252 ) ;
#5835 = ORIENTED_EDGE ( 'NONE', *, *, #9883, .T. ) ;
#5836 = ORIENTED_EDGE ( 'NONE', *, *, #5508, .F. ) ;
#5837 = VECTOR ( 'NONE', #9606, 1000.000000000000000 ) ;
#5838 = EDGE_CURVE ( 'NONE', #11910, #2959, #4155, .T. ) ;
#5839 = EDGE_CURVE ( 'NONE', #8231, #1472, #10991, .T. ) ;
#5840 = CARTESIAN_POINT ( 'NONE',  ( 15.64120593425276340, 1.000000000000000000, 0.3238172648295121747 ) ) ;
#5841 = LINE ( 'NONE', #8967, #342 ) ;
#5842 = FACE_OUTER_BOUND ( 'NONE', #1819, .T. ) ;
#5843 = FACE_OUTER_BOUND ( 'NONE', #8996, .T. ) ;
#5844 = VECTOR ( 'NONE', #7775, 1000.000000000000114 ) ;
#5845 = CARTESIAN_POINT ( 'NONE',  ( 22.92650741781595869, 1.000000000000000000, -4.040753535442245692 ) ) ;
#5846 = DIRECTION ( 'NONE',  ( -1.141265444721583757E-16, 0.000000000000000000, -1.000000000000000000 ) ) ;
#5847 = DIRECTION ( 'NONE',  ( -6.982962677686266711E-15, 0.000000000000000000, -1.000000000000000000 ) ) ;
#5849 = ORIENTED_EDGE ( 'NONE', *, *, #10862, .T. ) ;
#5848 = AXIS2_PLACEMENT_3D ( 'NONE', #10456, #11476, #2871 ) ;
#5850 = ORIENTED_EDGE ( 'NONE', *, *, #1940, .T. ) ;
#5851 = EDGE_LOOP ( 'NONE', ( #8293, #9668, #6148, #5728, #4130, #7324, #279, #627, #11274, #9514, #9963, #2116, #11666 ) ) ;
#5852 = B_SPLINE_CURVE_WITH_KNOTS ( 'NONE', 3,
 ( #2034, #4027, #2094, #9789, #10739, #7847 ),
 .UNSPECIFIED., .F., .F.,
 ( 4, 2, 4 ),
 ( 0.000000000000000000, 0.0002695394427320638013, 0.0005390788854641276025 ),
 .UNSPECIFIED. ) ;
#5853 = CARTESIAN_POINT ( 'NONE',  ( 12.34009991636882653, 1.108489920217938574, -5.504954131106829074 ) ) ;
#5854 = PLANE ( 'NONE',  #2499 ) ;
#5855 = CARTESIAN_POINT ( 'NONE',  ( 11.35590445068957699, 1.000000000000000000, -3.407045462299397087 ) ) ;
#5856 = DIRECTION ( 'NONE',  ( 0.000000000000000000, 0.000000000000000000, -1.000000000000000000 ) ) ;
#5857 = FACE_OUTER_BOUND ( 'NONE', #3820, .T. ) ;
#5858 = LINE ( 'NONE', #4736, #7031 ) ;
#5859 = FACE_OUTER_BOUND ( 'NONE', #11975, .T. ) ;
#5860 = DIRECTION ( 'NONE',  ( 1.141265444721583757E-16, 0.000000000000000000, -1.000000000000000000 ) ) ;
#5861 = CARTESIAN_POINT ( 'NONE',  ( 18.64120593425277761, 0.000000000000000000, -2.240753535442245425 ) ) ;
#5862 = CARTESIAN_POINT ( 'NONE',  ( 32.78241186850552680, 2.000000000000000000, 1.739099631177264405 ) ) ;
#5863 = ORIENTED_EDGE ( 'NONE', *, *, #2745, .T. ) ;
#5864 = EDGE_LOOP ( 'NONE', ( #1371, #8312, #4977, #11417 ) ) ;
#5865 = ORIENTED_EDGE ( 'NONE', *, *, #5715, .T. ) ;
#5866 = VERTEX_POINT ( 'NONE', #5087 ) ;
#5867 = CARTESIAN_POINT ( 'NONE',  ( 26.05866854679657862, 0.000000000000000000, -3.000000000000000000 ) ) ;
#5868 = ORIENTED_EDGE ( 'NONE', *, *, #2933, .F. ) ;
#5869 = CARTESIAN_POINT ( 'NONE',  ( 38.50000000000001421, 0.000000000000000000, -3.007045462299399841 ) ) ;
#5870 = EDGE_CURVE ( 'NONE', #11168, #2175, #12005, .T. ) ;
#5871 = CARTESIAN_POINT ( 'NONE',  ( 20.42650741781596935, 0.000000000000000000, -2.240753535442228106 ) ) ;
#5872 = DIRECTION ( 'NONE',  ( -1.000000000000000000, 0.000000000000000000, 0.000000000000000000 ) ) ;
#5873 = EDGE_CURVE ( 'NONE', #11739, #2373, #8027, .T. ) ;
#5874 = FACE_OUTER_BOUND ( 'NONE', #2444, .T. ) ;
#5875 = ORIENTED_EDGE ( 'NONE', *, *, #3742, .T. ) ;
#5876 = VERTEX_POINT ( 'NONE', #6207 ) ;
#5877 = ORIENTED_EDGE ( 'NONE', *, *, #1820, .T. ) ;
#5878 = VERTEX_POINT ( 'NONE', #1334 ) ;
#5879 = CARTESIAN_POINT ( 'NONE',  ( 18.17120075848106353, 1.399999999999999911, -5.030233932061595858 ) ) ;
#5880 = ORIENTED_EDGE ( 'NONE', *, *, #5564, .F. ) ;
#5881 = EDGE_CURVE ( 'NONE', #35, #821, #8007, .T. ) ;
#5882 = PLANE ( 'NONE',  #10028 ) ;
#5883 = PLANE ( 'NONE',  #10025 ) ;
#5884 = CARTESIAN_POINT ( 'NONE',  ( 8.570602967126381699, 2.000000000000000000, 1.739099631177264182 ) ) ;
#5885 = EDGE_CURVE ( 'NONE', #2862, #4549, #5270, .T. ) ;
#5886 = LINE ( 'NONE', #257, #2246 ) ;
#5887 = CARTESIAN_POINT ( 'NONE',  ( 1.500000000000011990, 1.000000000000000000, -2.240753535442245425 ) ) ;
#5888 = ORIENTED_EDGE ( 'NONE', *, *, #5957, .F. ) ;
#5889 = VERTEX_POINT ( 'NONE', #4338 ) ;
#5890 = DIRECTION ( 'NONE',  ( 0.000000000000000000, 1.000000000000000000, 0.000000000000000000 ) ) ;
#5891 = ORIENTED_EDGE ( 'NONE', *, *, #9023, .T. ) ;
#5892 = DIRECTION ( 'NONE',  ( -1.000000000000000000, -0.000000000000000000, 1.141265444721583757E-16 ) ) ;
#5893 = CIRCLE ( 'NONE', #7493, 2.000000000000000000 ) ;
#5894 = EDGE_LOOP ( 'NONE', ( #20, #11479, #3688, #1219, #4879, #8730, #11075, #8087, #10610, #10398, #4192, #2402 ) ) ;
#5895 = ORIENTED_EDGE ( 'NONE', *, *, #3954, .F. ) ;
#5896 = FACE_OUTER_BOUND ( 'NONE', #4235, .T. ) ;
#5897 = DIRECTION ( 'NONE',  ( -4.005262847839656493E-15, -0.8191520442889909104, -0.5735764363510473807 ) ) ;
#5898 = DIRECTION ( 'NONE',  ( 0.000000000000000000, 0.000000000000000000, -1.000000000000000000 ) ) ;
#5899 = CARTESIAN_POINT ( 'NONE',  ( 40.06771335206872919, 0.4999999999999978351, -1.000000000000000000 ) ) ;
#5900 = ADVANCED_FACE ( 'NONE', ( #3405 ), #7214, .F. ) ;
#5902 = DIRECTION ( 'NONE',  ( -1.141265444721583757E-16, 0.000000000000000000, -1.000000000000000000 ) ) ;
#5901 = VECTOR ( 'NONE', #6474, 1000.000000000000000 ) ;
#5903 = VECTOR ( 'NONE', #10694, 1000.000000000000000 ) ;
#5904 = EDGE_CURVE ( 'NONE', #10838, #3201, #12311, .T. ) ;
#5905 = CARTESIAN_POINT ( 'NONE',  ( 38.50000000000001421, 0.000000000000000000, 0.1662919268571550480 ) ) ;
#5906 = DIRECTION ( 'NONE',  ( -6.868836133214109346E-15, 0.000000000000000000, -1.000000000000000000 ) ) ;
#5907 = EDGE_CURVE ( 'NONE', #11996, #11060, #12378, .T. ) ;
#5908 = VERTEX_POINT ( 'NONE', #2586 ) ;
#5909 = ORIENTED_EDGE ( 'NONE', *, *, #6812, .T. ) ;
#5910 = VERTEX_POINT ( 'NONE', #5400 ) ;
#5911 = CARTESIAN_POINT ( 'NONE',  ( 14.35590445068956456, 1.103464666456457577, -5.267169912107815044 ) ) ;
#5912 = CARTESIAN_POINT ( 'NONE',  ( 24.21180890137916109, 0.000000000000000000, -2.240753535442224553 ) ) ;
#5913 = LINE ( 'NONE', #8983, #6733 ) ;
#5914 = VECTOR ( 'NONE', #12239, 1000.000000000000000 ) ;
#5915 = CARTESIAN_POINT ( 'NONE',  ( 25.19461987760314159, 8.971790744797411896E-16, -5.900666883513138394 ) ) ;
#5916 = CARTESIAN_POINT ( 'NONE',  ( 33.93869697408548092, 0.4000000000000000222, -3.000000000000000000 ) ) ;
#5917 = AXIS2_PLACEMENT_3D ( 'NONE', #11936, #2273, #4404 ) ;
#5918 = LINE ( 'NONE', #2228, #3244 ) ;
#5919 = CARTESIAN_POINT ( 'NONE',  ( 19.92650741781594803, 1.267942713657679299, -5.186244395641643301 ) ) ;
#5920 = LINE ( 'NONE', #8744, #7102 ) ;
#5921 = EDGE_CURVE ( 'NONE', #1191, #12324, #5645, .T. ) ;
#5922 = EDGE_CURVE ( 'NONE', #10315, #8812, #11366, .T. ) ;
#5923 = DIRECTION ( 'NONE',  ( 1.000000000000000000, -0.000000000000000000, 0.000000000000000000 ) ) ;
#5924 = VECTOR ( 'NONE', #10134, 1000.000000000000000 ) ;
#5925 = LINE ( 'NONE', #8930, #1782 ) ;
#5926 = ORIENTED_EDGE ( 'NONE', *, *, #11875, .T. ) ;
#5927 = ORIENTED_EDGE ( 'NONE', *, *, #10585, .F. ) ;
#5928 = VECTOR ( 'NONE', #8102, 1000.000000000000000 ) ;
#5929 = ORIENTED_EDGE ( 'NONE', *, *, #9048, .T. ) ;
#5930 = VERTEX_POINT ( 'NONE', #4705 ) ;
#5931 = CARTESIAN_POINT ( 'NONE',  ( 12.85590445068956278, 2.000000000000000000, -5.468901542184349651 ) ) ;
#5932 = CARTESIAN_POINT ( 'NONE',  ( 1.500000000000000222, 0.4000000000000000222, 0.1662919268571592668 ) ) ;
#5933 = VECTOR ( 'NONE', #12401, 1000.000000000000000 ) ;
#5934 = CARTESIAN_POINT ( 'NONE',  ( 32.78241186850553390, 0.000000000000000000, -3.407045462299398864 ) ) ;
#5935 = AXIS2_PLACEMENT_3D ( 'NONE', #4029, #5846, #7970 ) ;
#5936 = DIRECTION ( 'NONE',  ( 0.000000000000000000, -1.000000000000000000, 0.000000000000000000 ) ) ;
#5937 = VERTEX_POINT ( 'NONE', #12119 ) ;
#5938 = ORIENTED_EDGE ( 'NONE', *, *, #5939, .F. ) ;
#5939 = EDGE_CURVE ( 'NONE', #7686, #8638, #769, .T. ) ;
#5940 = VERTEX_POINT ( 'NONE', #1828 ) ;
#5941 = ORIENTED_EDGE ( 'NONE', *, *, #5545, .F. ) ;
#5942 = AXIS2_PLACEMENT_3D ( 'NONE', #8495, #3626, #3332 ) ;
#5943 = EDGE_CURVE ( 'NONE', #113, #2660, #2645, .T. ) ;
#5944 = CARTESIAN_POINT ( 'NONE',  ( 16.04232056645465576, 1.399999999999887113, -5.329232319202921175 ) ) ;
#5945 = ORIENTED_EDGE ( 'NONE', *, *, #4118, .F. ) ;
#5946 = CARTESIAN_POINT ( 'NONE',  ( 31.49711038494233506, 0.9534028740753672793, 2.799999999999999822 ) ) ;
#5947 = LINE ( 'NONE', #2014, #5624 ) ;
#5948 = DIRECTION ( 'NONE',  ( -1.141265444721583757E-16, 0.000000000000000000, 1.000000000000000000 ) ) ;
#5949 = CARTESIAN_POINT ( 'NONE',  ( 1.499999999999999778, 0.000000000000000000, -3.407045462299395755 ) ) ;
#5950 = VECTOR ( 'NONE', #6424, 1000.000000000000000 ) ;
#5951 = LINE ( 'NONE', #1200, #8166 ) ;
#5952 = VERTEX_POINT ( 'NONE', #12251 ) ;
#5953 = EDGE_CURVE ( 'NONE', #5930, #10762, #3119, .T. ) ;
#5954 = CARTESIAN_POINT ( 'NONE',  ( 20.41261405986994504, 1.106833761053985121, -5.425736373931110634 ) ) ;
#5955 = EDGE_LOOP ( 'NONE', ( #2605, #6434, #10491, #4293 ) ) ;
#5956 = PLANE ( 'NONE',  #2008 ) ;
#5957 = EDGE_CURVE ( 'NONE', #743, #7575, #7400, .T. ) ;
#5958 = VERTEX_POINT ( 'NONE', #9219 ) ;
#5959 = ORIENTED_EDGE ( 'NONE', *, *, #5191, .T. ) ;
#5960 = VECTOR ( 'NONE', #3208, 1000.000000000000000 ) ;
#5961 = PLANE ( 'NONE',  #5702 ) ;
#5962 = DIRECTION ( 'NONE',  ( -1.000000000000000000, -0.000000000000000000, 1.141265444721583757E-16 ) ) ;
#5963 = VECTOR ( 'NONE', #11138, 1000.000000000000000 ) ;
#5964 = LINE ( 'NONE', #10613, #1045 ) ;
#5965 = PLANE ( 'NONE',  #10771 ) ;
#5966 = VECTOR ( 'NONE', #8498, 1000.000000000000000 ) ;
#5967 = DIRECTION ( 'NONE',  ( -1.355252715606880543E-16, -1.000000000000000000, 0.000000000000000000 ) ) ;
#5968 = VECTOR ( 'NONE', #10600, 1000.000000000000000 ) ;
#5969 = DIRECTION ( 'NONE',  ( 0.000000000000000000, -1.000000000000000000, 0.000000000000000000 ) ) ;
#5970 = DIRECTION ( 'NONE',  ( 0.000000000000000000, -1.000000000000000000, 0.000000000000000000 ) ) ;
#5971 = ORIENTED_EDGE ( 'NONE', *, *, #7664, .F. ) ;
#5972 = ORIENTED_EDGE ( 'NONE', *, *, #6865, .T. ) ;
#5973 = ORIENTED_EDGE ( 'NONE', *, *, #6405, .F. ) ;
#5974 = CARTESIAN_POINT ( 'NONE',  ( 5.785301483563191738, 1.000000000000000000, 0.3238172648295121747 ) ) ;
#5975 = CARTESIAN_POINT ( 'NONE',  ( 15.64120593425276340, 1.000000000000000000, -1.000000000000000000 ) ) ;
#5976 = LINE ( 'NONE', #11764, #1534 ) ;
#5977 = VECTOR ( 'NONE', #6156, 1000.000000000000000 ) ;
#5978 = ADVANCED_FACE ( 'NONE', ( #6398 ), #7586, .F. ) ;
#5979 = FACE_OUTER_BOUND ( 'NONE', #1263, .T. ) ;
#5980 = DIRECTION ( 'NONE',  ( 0.000000000000000000, 0.000000000000000000, -1.000000000000000000 ) ) ;
#5981 = DIRECTION ( 'NONE',  ( 0.000000000000000000, -1.000000000000000000, 0.000000000000000000 ) ) ;
#5982 = DIRECTION ( 'NONE',  ( -6.868836133214109346E-15, 0.000000000000000000, -1.000000000000000000 ) ) ;
#5983 = LINE ( 'NONE', #2052, #9512 ) ;
#5984 = CARTESIAN_POINT ( 'NONE',  ( 28.49711038494234572, 0.4000000000000000222, -3.007045462299398508 ) ) ;
#5985 = VECTOR ( 'NONE', #5906, 1000.000000000000000 ) ;
#5986 = DIRECTION ( 'NONE',  ( -1.000000000000000000, -0.000000000000000000, -0.000000000000000000 ) ) ;
#5987 = ORIENTED_EDGE ( 'NONE', *, *, #6514, .T. ) ;
#5988 = VERTEX_POINT ( 'NONE', #1582 ) ;
#5989 = EDGE_CURVE ( 'NONE', #3973, #1305, #3587, .T. ) ;
#5990 = ORIENTED_EDGE ( 'NONE', *, *, #5386, .F. ) ;
#5991 = ORIENTED_EDGE ( 'NONE', *, *, #11969, .F. ) ;
#5992 = DIRECTION ( 'NONE',  ( -5.813595144832437787E-15, 0.5735764363510473807, -0.8191520442889909104 ) ) ;
#5993 = EDGE_CURVE ( 'NONE', #8638, #9613, #5524, .T. ) ;
#5994 = CARTESIAN_POINT ( 'NONE',  ( 1.499999999999992673, 1.372613645930301551, -5.038802382218242393 ) ) ;
#5995 = EDGE_CURVE ( 'NONE', #1974, #9581, #3645, .T. ) ;
#5996 = VECTOR ( 'NONE', #4529, 1000.000000000000000 ) ;
#5997 = DIRECTION ( 'NONE',  ( 0.000000000000000000, -1.000000000000000000, 0.000000000000000000 ) ) ;
#5998 = CARTESIAN_POINT ( 'NONE',  ( 12.11218955626952898, 1.000000000000000000, -2.240753535442229882 ) ) ;
#5999 = LINE ( 'NONE', #951, #718 ) ;
#6000 = EDGE_LOOP ( 'NONE', ( #3884, #11681, #1602, #2492 ) ) ;
#6001 = ORIENTED_EDGE ( 'NONE', *, *, #5195, .F. ) ;
#6002 = VERTEX_POINT ( 'NONE', #4652 ) ;
#6003 = ORIENTED_EDGE ( 'NONE', *, *, #6881, .T. ) ;
#6004 = FACE_OUTER_BOUND ( 'NONE', #11307, .T. ) ;
#6005 = EDGE_LOOP ( 'NONE', ( #5079, #7854, #4093, #1864 ) ) ;
#6006 = CARTESIAN_POINT ( 'NONE',  ( 21.42650741781595514, -1.000000000000000000, 0.3238172648295125633 ) ) ;
#6007 = DIRECTION ( 'NONE',  ( 1.000000000000000000, 0.000000000000000000, 0.000000000000000000 ) ) ;
#6008 = DIRECTION ( 'NONE',  ( 1.000000000000000000, -0.000000000000000000, -6.982962677686266711E-15 ) ) ;
#6009 = EDGE_CURVE ( 'NONE', #4499, #3374, #3702, .T. ) ;
#6010 = DIRECTION ( 'NONE',  ( 0.000000000000000000, 1.000000000000000000, -0.000000000000000000 ) ) ;
#6011 = DIRECTION ( 'NONE',  ( -0.000000000000000000, -1.000000000000000000, 0.000000000000000000 ) ) ;
#6012 = VECTOR ( 'NONE', #12047, 1000.000000000000000 ) ;
#6013 = ORIENTED_EDGE ( 'NONE', *, *, #10327, .F. ) ;
#6014 = ORIENTED_EDGE ( 'NONE', *, *, #3403, .T. ) ;
#6015 = DIRECTION ( 'NONE',  ( -0.000000000000000000, -0.000000000000000000, 1.000000000000000000 ) ) ;
#6016 = VERTEX_POINT ( 'NONE', #9348 ) ;
#6017 = CARTESIAN_POINT ( 'NONE',  ( 24.21180890137916109, 1.000000000000000000, -2.240753535442224553 ) ) ;
#6018 = DIRECTION ( 'NONE',  ( 7.097089222158425653E-15, -0.000000000000000000, 1.000000000000000000 ) ) ;
#6019 = ORIENTED_EDGE ( 'NONE', *, *, #11862, .F. ) ;
#6020 = VECTOR ( 'NONE', #3886, 1000.000000000000114 ) ;
#6021 = PLANE ( 'NONE',  #9508 ) ;
#6022 = CARTESIAN_POINT ( 'NONE',  ( 22.92650741781595869, 0.000000000000000000, -0.2337080731428433644 ) ) ;
#6023 = EDGE_CURVE ( 'NONE', #5417, #9445, #7461, .T. ) ;
#6024 = LINE ( 'NONE', #149, #2841 ) ;
#6025 = CARTESIAN_POINT ( 'NONE',  ( 29.99711038494233861, 0.000000000000000000, 1.999999999999998224 ) ) ;
#6026 = EDGE_CURVE ( 'NONE', #8883, #9944, #829, .T. ) ;
#6027 = LINE ( 'NONE', #4087, #923 ) ;
#6028 = VECTOR ( 'NONE', #7677, 1000.000000000000000 ) ;
#6029 = PLANE ( 'NONE',  #8735 ) ;
#6030 = VECTOR ( 'NONE', #4166, 1000.000000000000000 ) ;
#6031 = CARTESIAN_POINT ( 'NONE',  ( 7.570602967126385252, 1.000000000000000000, -1.000000000000000000 ) ) ;
#6032 = VERTEX_POINT ( 'NONE', #1645 ) ;
#6033 = ORIENTED_EDGE ( 'NONE', *, *, #10740, .T. ) ;
#6034 = VERTEX_POINT ( 'NONE', #5464 ) ;
#6035 = CARTESIAN_POINT ( 'NONE',  ( 14.50594116135179590, 1.102365273526561218, -5.215486168409626977 ) ) ;
#6036 = PLANE ( 'NONE',  #9896 ) ;
#6037 = CARTESIAN_POINT ( 'NONE',  ( 11.35590445068957166, 2.000000000000000000, 1.739099631177264405 ) ) ;
#6038 = AXIS2_PLACEMENT_3D ( 'NONE', #11732, #6891, #4951 ) ;
#6039 = CARTESIAN_POINT ( 'NONE',  ( 29.25339549052229415, 0.000000000000000000, -2.240753535442229882 ) ) ;
#6040 = CARTESIAN_POINT ( 'NONE',  ( 37.06771335206873630, 1.399999999999999911, -2.240753535442224553 ) ) ;
#6041 = AXIS2_PLACEMENT_3D ( 'NONE', #7281, #3413, #12129 ) ;
#6042 = DIRECTION ( 'NONE',  ( -1.000000000000000000, 1.355252715606880543E-16, 0.000000000000000000 ) ) ;
#6043 = LINE ( 'NONE', #6866, #10992 ) ;
#6044 = EDGE_CURVE ( 'NONE', #10331, #8278, #2092, .T. ) ;
#6045 = CARTESIAN_POINT ( 'NONE',  ( 40.06771335206872209, 1.103464666456457577, -5.267169912107815044 ) ) ;
#6046 = CARTESIAN_POINT ( 'NONE',  ( 26.26708523520948191, 1.400000000000169997, -5.423430774507966845 ) ) ;
#6047 = DIRECTION ( 'NONE',  ( 1.000000000000000000, 0.000000000000000000, 0.000000000000000000 ) ) ;
#6048 = ORIENTED_EDGE ( 'NONE', *, *, #744, .F. ) ;
#6049 = ORIENTED_EDGE ( 'NONE', *, *, #2886, .T. ) ;
#6050 = VERTEX_POINT ( 'NONE', #7523 ) ;
#6051 = ORIENTED_EDGE ( 'NONE', *, *, #9960, .F. ) ;
#6052 = CARTESIAN_POINT ( 'NONE',  ( 38.50000000000001421, 0.000000000000000000, -0.2337080731428451408 ) ) ;
#6053 = FACE_OUTER_BOUND ( 'NONE', #7852, .T. ) ;
#6054 = CARTESIAN_POINT ( 'NONE',  ( 38.22399845764867621, 0.000000000000000000, -1.000000000000000000 ) ) ;
#6055 = ADVANCED_FACE ( 'NONE', ( #365 ), #3890, .F. ) ;
#6056 = CARTESIAN_POINT ( 'NONE',  ( 31.49711038494233506, 1.499358225474672235, 1.300000000000000044 ) ) ;
#6057 = FACE_OUTER_BOUND ( 'NONE', #5250, .T. ) ;
#6058 = EDGE_CURVE ( 'NONE', #7053, #339, #7936, .T. ) ;
#6059 = ORIENTED_EDGE ( 'NONE', *, *, #10274, .F. ) ;
#6060 = ORIENTED_EDGE ( 'NONE', *, *, #11446, .F. ) ;
#6061 = EDGE_CURVE ( 'NONE', #11819, #1815, #7710, .T. ) ;
#6062 = ORIENTED_EDGE ( 'NONE', *, *, #6440, .T. ) ;
#6063 = ORIENTED_EDGE ( 'NONE', *, *, #9460, .F. ) ;
#6064 = DIRECTION ( 'NONE',  ( 0.000000000000000000, 0.000000000000000000, -1.000000000000000000 ) ) ;
#6065 = CARTESIAN_POINT ( 'NONE',  ( 34.28241186850551969, 1.399999999999999911, -4.612012738139083190 ) ) ;
#6066 = CARTESIAN_POINT ( 'NONE',  ( 15.64120593425277406, 1.000000000000000000, -2.836630331739329769 ) ) ;
#6067 = CARTESIAN_POINT ( 'NONE',  ( 10.07060296712638170, 0.8628211600346445964, -0.4041232037028950064 ) ) ;
#6068 = FACE_OUTER_BOUND ( 'NONE', #2291, .T. ) ;
#6069 = DIRECTION ( 'NONE',  ( -0.000000000000000000, -0.000000000000000000, 1.000000000000000000 ) ) ;
#6070 = ORIENTED_EDGE ( 'NONE', *, *, #4500, .F. ) ;
#6071 = VERTEX_POINT ( 'NONE', #5061 ) ;
#6072 = CARTESIAN_POINT ( 'NONE',  ( 4.285301483563190850, 0.000000000000000000, 1.999999999999998224 ) ) ;
#6073 = ORIENTED_EDGE ( 'NONE', *, *, #3700, .F. ) ;
#6074 = CARTESIAN_POINT ( 'NONE',  ( 28.96502149870438458, 0.5320888862379536954, -0.9617579545435693822 ) ) ;
#6075 = ORIENTED_EDGE ( 'NONE', *, *, #11220, .F. ) ;
#6076 = FACE_BOUND ( 'NONE', #10524, .T. ) ;
#6077 = DIRECTION ( 'NONE',  ( -1.141265444721583757E-16, -0.000000000000000000, -1.000000000000000000 ) ) ;
#6078 = CARTESIAN_POINT ( 'NONE',  ( 14.35590445068958232, 1.000000000000000000, -2.836630331739350641 ) ) ;
#6079 = DIRECTION ( 'NONE',  ( -0.000000000000000000, -0.000000000000000000, 1.000000000000000000 ) ) ;
#6080 = CARTESIAN_POINT ( 'NONE',  ( 3.941586589143147190, 0.4000000000000000222, -3.000000000000000000 ) ) ;
#6081 = AXIS2_PLACEMENT_3D ( 'NONE', #5550, #9372, #5665 ) ;
#6082 = DIRECTION ( 'NONE',  ( -0.000000000000000000, -0.000000000000000000, 1.000000000000000000 ) ) ;
#6083 = DIRECTION ( 'NONE',  ( -1.355252715606880543E-16, -1.000000000000000000, 0.000000000000000000 ) ) ;
#6084 = ORIENTED_EDGE ( 'NONE', *, *, #2352, .T. ) ;
#6085 = ADVANCED_FACE ( 'NONE', ( #6057 ), #1245, .F. ) ;
#6086 = ORIENTED_EDGE ( 'NONE', *, *, #11734, .F. ) ;
#6087 = VERTEX_POINT ( 'NONE', #11556 ) ;
#6088 = CARTESIAN_POINT ( 'NONE',  ( 21.77336706323338689, 0.000000000000000000, -2.240753535442237432 ) ) ;
#6089 = PLANE ( 'NONE',  #8938 ) ;
#6090 = EDGE_CURVE ( 'NONE', #616, #7543, #4188, .T. ) ;
#6091 = DIRECTION ( 'NONE',  ( -1.000000000000000000, -0.000000000000000000, -0.000000000000000000 ) ) ;
#6092 = CARTESIAN_POINT ( 'NONE',  ( 32.78241186850552680, 1.499358225474672235, 1.300000000000000044 ) ) ;
#6093 = CARTESIAN_POINT ( 'NONE',  ( -4.649321058275973867E-15, 1.399999999999999911, -4.612012738139083190 ) ) ;
#6094 = AXIS2_PLACEMENT_3D ( 'NONE', #9803, #9863, #6806 ) ;
#6095 = DIRECTION ( 'NONE',  ( 1.000000000000000000, 0.000000000000000000, -6.982962677686266711E-15 ) ) ;
#6096 = LINE ( 'NONE', #12136, #3708 ) ;
#6097 = LINE ( 'NONE', #231, #934 ) ;
#6098 = LINE ( 'NONE', #9928, #3179 ) ;
#6099 = ORIENTED_EDGE ( 'NONE', *, *, #9700, .T. ) ;
#6100 = ORIENTED_EDGE ( 'NONE', *, *, #2099, .T. ) ;
#6101 = EDGE_CURVE ( 'NONE', #339, #8686, #301, .T. ) ;
#6102 = ORIENTED_EDGE ( 'NONE', *, *, #1463, .T. ) ;
#6103 = ORIENTED_EDGE ( 'NONE', *, *, #9312, .F. ) ;
#6104 = VECTOR ( 'NONE', #6015, 1000.000000000000000 ) ;
#6105 = VECTOR ( 'NONE', #7999, 1000.000000000000000 ) ;
#6106 = CARTESIAN_POINT ( 'NONE',  ( 2.785301483563184632, 1.399999999999999911, -4.858572962426980446 ) ) ;
#6107 = DIRECTION ( 'NONE',  ( 7.097089222158425653E-15, -0.000000000000000000, 1.000000000000000000 ) ) ;
#6108 = EDGE_CURVE ( 'NONE', #10258, #9502, #4831, .T. ) ;
#6109 = DIRECTION ( 'NONE',  ( 0.6427876096865409172, -0.000000000000000000, 0.7660444431189766812 ) ) ;
#6110 = CARTESIAN_POINT ( 'NONE',  ( 1.499999999999991118, 1.103464666456457577, -5.267169912107815044 ) ) ;
#6111 = CARTESIAN_POINT ( 'NONE',  ( 37.82399845764867763, 0.4000000000000000222, -2.240753535442231215 ) ) ;
#6112 = VECTOR ( 'NONE', #5819, 1000.000000000000114 ) ;
#6113 = DIRECTION ( 'NONE',  ( -1.000000000000000000, 0.000000000000000000, 6.982962677686266711E-15 ) ) ;
#6114 = VECTOR ( 'NONE', #9314, 1000.000000000000000 ) ;
#6115 = FACE_OUTER_BOUND ( 'NONE', #6150, .T. ) ;
#6116 = ORIENTED_EDGE ( 'NONE', *, *, #6162, .T. ) ;
#6117 = ORIENTED_EDGE ( 'NONE', *, *, #2029, .F. ) ;
#6118 = ORIENTED_EDGE ( 'NONE', *, *, #6404, .F. ) ;
#6119 = ORIENTED_EDGE ( 'NONE', *, *, #8019, .F. ) ;
#6120 = DIRECTION ( 'NONE',  ( 0.000000000000000000, 0.000000000000000000, -1.000000000000000000 ) ) ;
#6121 = AXIS2_PLACEMENT_3D ( 'NONE', #5610, #11391, #1099 ) ;
#6122 = EDGE_CURVE ( 'NONE', #2849, #11539, #5999, .T. ) ;
#6123 = AXIS2_PLACEMENT_3D ( 'NONE', #11006, #2412, #6223 ) ;
#6124 = DIRECTION ( 'NONE',  ( -1.000000000000000000, -0.000000000000000000, 1.141265444721583757E-16 ) ) ;
#6125 = CARTESIAN_POINT ( 'NONE',  ( 9.570602967126392357, 0.4999999999999978351, -2.240753535442241873 ) ) ;
#6126 = LINE ( 'NONE', #10202, #3174 ) ;
#6127 = CYLINDRICAL_SURFACE ( 'NONE', #4653, 2.000000000000000000 ) ;
#6128 = PLANE ( 'NONE',  #3376 ) ;
#6129 = VECTOR ( 'NONE', #12075, 1000.000000000000000 ) ;
#6130 = ORIENTED_EDGE ( 'NONE', *, *, #1070, .F. ) ;
#6131 = EDGE_LOOP ( 'NONE', ( #6214, #8524, #7276, #4941 ) ) ;
#6132 = DIRECTION ( 'NONE',  ( 5.626621160408424545E-15, -0.5735764363510473807, 0.8191520442889909104 ) ) ;
#6133 = VERTEX_POINT ( 'NONE', #7005 ) ;
#6134 = DIRECTION ( 'NONE',  ( 0.000000000000000000, 0.000000000000000000, -1.000000000000000000 ) ) ;
#6136 = ADVANCED_FACE ( 'NONE', ( #6115 ), #4772, .F. ) ;
#6135 = VERTEX_POINT ( 'NONE', #2956 ) ;
#6137 = LINE ( 'NONE', #11808, #2509 ) ;
#6138 = CARTESIAN_POINT ( 'NONE',  ( -1.499999999999988010, 0.000000000000000000, -2.240753535442224553 ) ) ;
#6139 = VECTOR ( 'NONE', #9574, 1000.000000000000000 ) ;
#6140 = ADVANCED_FACE ( 'NONE', ( #10834 ), #77, .F. ) ;
#6141 = DIRECTION ( 'NONE',  ( 0.000000000000000000, -1.000000000000000000, 0.000000000000000000 ) ) ;
#6142 = CARTESIAN_POINT ( 'NONE',  ( 37.50627437044769152, 0.5614389816210439976, -2.313973662514438256 ) ) ;
#6143 = EDGE_CURVE ( 'NONE', #7418, #1503, #9876, .T. ) ;
#6144 = CARTESIAN_POINT ( 'NONE',  ( -1.499999999999988010, 0.4999999999999978351, -2.240753535442224553 ) ) ;
#6145 = DIRECTION ( 'NONE',  ( -1.000000000000000000, 0.000000000000000000, 6.982962677686266711E-15 ) ) ;
#6146 = VECTOR ( 'NONE', #9663, 1000.000000000000000 ) ;
#6147 = CARTESIAN_POINT ( 'NONE',  ( 1.257614462222071516, 1.400000000000000133, -4.945931956424546527 ) ) ;
#6148 = ORIENTED_EDGE ( 'NONE', *, *, #1902, .T. ) ;
#6149 = ORIENTED_EDGE ( 'NONE', *, *, #304, .F. ) ;
#6150 = EDGE_LOOP ( 'NONE', ( #11295, #5605, #2706, #355 ) ) ;
#6151 = VECTOR ( 'NONE', #1121, 1000.000000000000000 ) ;
#6152 = CARTESIAN_POINT ( 'NONE',  ( 2.785301483563181968, 1.103464568314089123, -5.267165293036052631 ) ) ;
#6153 = CARTESIAN_POINT ( 'NONE',  ( 8.570610047147486199, 0.000000000000000000, -1.007180904292219514 ) ) ;
#6154 = CARTESIAN_POINT ( 'NONE',  ( 16.79749103983272107, 0.000000000000000000, -1.000000000000000000 ) ) ;
#6155 = DIRECTION ( 'NONE',  ( 1.000000000000000000, -0.000000000000000000, 1.141265444721583757E-16 ) ) ;
#6156 = DIRECTION ( 'NONE',  ( -6.868836133214109346E-15, 0.000000000000000000, -1.000000000000000000 ) ) ;
#6157 = AXIS2_PLACEMENT_3D ( 'NONE', #6832, #1197, #9827 ) ;
#6158 = ADVANCED_FACE ( 'NONE', ( #11844 ), #5700, .F. ) ;
#6159 = CARTESIAN_POINT ( 'NONE',  ( 5.785301483563199731, 1.000000000000000000, -2.836630331739350641 ) ) ;
#6160 = VECTOR ( 'NONE', #6171, 1000.000000000000000 ) ;
#6161 = LINE ( 'NONE', #5167, #913 ) ;
#6162 = EDGE_CURVE ( 'NONE', #8762, #2618, #1366, .T. ) ;
#6163 = FACE_OUTER_BOUND ( 'NONE', #9118, .T. ) ;
#6164 = CARTESIAN_POINT ( 'NONE',  ( 34.62927151392296565, 0.4000000000000000222, -3.000000000000000000 ) ) ;
#6165 = ORIENTED_EDGE ( 'NONE', *, *, #11533, .T. ) ;
#6166 = VERTEX_POINT ( 'NONE', #9005 ) ;
#6167 = ORIENTED_EDGE ( 'NONE', *, *, #8887, .F. ) ;
#6168 = ORIENTED_EDGE ( 'NONE', *, *, #851, .F. ) ;
#6169 = VECTOR ( 'NONE', #8619, 1000.000000000000000 ) ;
#6170 = VECTOR ( 'NONE', #5222, 1000.000000000000000 ) ;
#6171 = DIRECTION ( 'NONE',  ( 1.894180325222886620E-15, 0.9625068420560822791, 0.2712574035768015590 ) ) ;
#6172 = DIRECTION ( 'NONE',  ( -1.000000000000000000, 0.000000000000000000, 0.000000000000000000 ) ) ;
#6173 = CARTESIAN_POINT ( 'NONE',  ( 26.71180890137915753, 0.4999999999999978351, -2.240753535442241873 ) ) ;
#6174 = CARTESIAN_POINT ( 'NONE',  ( 33.93869697408548092, 0.000000000000000000, -1.000000000000000000 ) ) ;
#6175 = CARTESIAN_POINT ( 'NONE',  ( 39.67032133230208757, 1.400000000001064393, -5.327909680989133534 ) ) ;
#6176 = VECTOR ( 'NONE', #10486, 1000.000000000000000 ) ;
#6177 = LINE ( 'NONE', #9065, #1707 ) ;
#6178 = EDGE_CURVE ( 'NONE', #1069, #4359, #425, .T. ) ;
#6179 = PLANE ( 'NONE',  #2327 ) ;
#6180 = VERTEX_POINT ( 'NONE', #9530 ) ;
#6181 = ORIENTED_EDGE ( 'NONE', *, *, #10814, .T. ) ;
#6182 = EDGE_LOOP ( 'NONE', ( #10653, #9994, #11466, #1540 ) ) ;
#6183 = ORIENTED_EDGE ( 'NONE', *, *, #4579, .F. ) ;
#6184 = VECTOR ( 'NONE', #3371, 1000.000000000000000 ) ;
#6185 = LINE ( 'NONE', #10009, #8519 ) ;
#6186 = ORIENTED_EDGE ( 'NONE', *, *, #1164, .F. ) ;
#6187 = AXIS2_PLACEMENT_3D ( 'NONE', #3775, #10727, #9657 ) ;
#6188 = DIRECTION ( 'NONE',  ( -0.000000000000000000, -0.000000000000000000, 1.000000000000000000 ) ) ;
#6189 = DIRECTION ( 'NONE',  ( 0.000000000000000000, -1.000000000000000000, 0.000000000000000000 ) ) ;
#6190 = CARTESIAN_POINT ( 'NONE',  ( 24.21180890137913977, 1.399999999999999911, -4.858572962426980446 ) ) ;
#6191 = CARTESIAN_POINT ( 'NONE',  ( 28.49711038494233861, 1.000000000000000000, -0.4041232037028950064 ) ) ;
#6192 = DIRECTION ( 'NONE',  ( -1.141265444721583757E-16, -0.000000000000000000, -1.000000000000000000 ) ) ;
#6193 = EDGE_CURVE ( 'NONE', #10259, #3275, #12, .T. ) ;
#6194 = ORIENTED_EDGE ( 'NONE', *, *, #11269, .T. ) ;
#6195 = ORIENTED_EDGE ( 'NONE', *, *, #640, .T. ) ;
#6196 = DIRECTION ( 'NONE',  ( 0.000000000000000000, 0.000000000000000000, -1.000000000000000000 ) ) ;
#6197 = ORIENTED_EDGE ( 'NONE', *, *, #5037, .F. ) ;
#6198 = CARTESIAN_POINT ( 'NONE',  ( 14.35590445068958587, 0.000000000000000000, -2.240753535442245425 ) ) ;
#6199 = ADVANCED_FACE ( 'NONE', ( #1016 ), #3556, .F. ) ;
#6200 = CARTESIAN_POINT ( 'NONE',  ( 7.471717599328379755, 1.399999999999548939, -5.329232319203583756 ) ) ;
#6201 = ORIENTED_EDGE ( 'NONE', *, *, #3309, .F. ) ;
#6202 = CARTESIAN_POINT ( 'NONE',  ( 38.50000000000001421, 0.4000000000000000222, -3.407045462299400196 ) ) ;
#6203 = CARTESIAN_POINT ( 'NONE',  ( 35.78241186850553390, 0.8628211600346445964, -0.4041232037028950064 ) ) ;
#6204 = DIRECTION ( 'NONE',  ( 1.141265444721583757E-16, -2.710505431213761085E-16, 1.000000000000000000 ) ) ;
#6205 = DIRECTION ( 'NONE',  ( -0.000000000000000000, -1.000000000000000000, -0.000000000000000000 ) ) ;
#6206 = EDGE_CURVE ( 'NONE', #7306, #12177, #8246, .T. ) ;
#6207 = CARTESIAN_POINT ( 'NONE',  ( 30.99711038494233506, 0.000000000000000000, -1.000000000000000000 ) ) ;
#6208 = DIRECTION ( 'NONE',  ( 1.000000000000000000, 0.000000000000000000, -1.141265444721583757E-16 ) ) ;
#6209 = CARTESIAN_POINT ( 'NONE',  ( -1.500000000000006439, 1.399999999999999911, -4.858572962426980446 ) ) ;
#6211 = ORIENTED_EDGE ( 'NONE', *, *, #7087, .F. ) ;
#6210 = EDGE_CURVE ( 'NONE', #2558, #9399, #5304, .T. ) ;
#6212 = ADVANCED_FACE ( 'NONE', ( #11021 ), #5369, .F. ) ;
#6213 = ORIENTED_EDGE ( 'NONE', *, *, #7592, .T. ) ;
#6214 = ORIENTED_EDGE ( 'NONE', *, *, #10231, .T. ) ;
#6215 = PLANE ( 'NONE',  #4701 ) ;
#6216 = LINE ( 'NONE', #1713, #9746 ) ;
#6217 = CARTESIAN_POINT ( 'NONE',  ( 35.78241186850553390, 1.000000000000000000, 0.8999999999999916955 ) ) ;
#6218 = CARTESIAN_POINT ( 'NONE',  ( -1.115808078247815915, 1.106494308963123396, -5.409375844366525854 ) ) ;
#6219 = PLANE ( 'NONE',  #6985 ) ;
#6220 = AXIS2_PLACEMENT_3D ( 'NONE', #2757, #10405, #9462 ) ;
#6221 = VECTOR ( 'NONE', #11979, 1000.000000000000000 ) ;
#6222 = CARTESIAN_POINT ( 'NONE',  ( 27.21180890137915043, 0.000000000000000000, -1.000000000000000000 ) ) ;
#6223 = DIRECTION ( 'NONE',  ( 0.000000000000000000, -0.000000000000000000, -1.000000000000000000 ) ) ;
#6224 = DIRECTION ( 'NONE',  ( -0.6427876096865463573, -0.000000000000000000, -0.7660444431189722403 ) ) ;
#6225 = VERTEX_POINT ( 'NONE', #1675 ) ;
#6226 = ORIENTED_EDGE ( 'NONE', *, *, #6101, .F. ) ;
#6227 = ORIENTED_EDGE ( 'NONE', *, *, #2616, .F. ) ;
#6228 = ORIENTED_EDGE ( 'NONE', *, *, #1781, .F. ) ;
#6229 = VECTOR ( 'NONE', #5269, 1000.000000000000000 ) ;
#6230 = ORIENTED_EDGE ( 'NONE', *, *, #8100, .F. ) ;
#6231 = FACE_OUTER_BOUND ( 'NONE', #11784, .T. ) ;
#6232 = CARTESIAN_POINT ( 'NONE',  ( 12.51218955626952933, 0.4000000000000000222, -3.000000000000000000 ) ) ;
#6233 = AXIS2_PLACEMENT_3D ( 'NONE', #4844, #7900, #4966 ) ;
#6234 = CARTESIAN_POINT ( 'NONE',  ( 18.64120593425276695, 0.4000000000000000222, -0.2337080731428450853 ) ) ;
#6235 = DIRECTION ( 'NONE',  ( -1.000000000000000000, 0.000000000000000000, -0.000000000000000000 ) ) ;
#6236 = LINE ( 'NONE', #7245, #7365 ) ;
#6237 = DIRECTION ( 'NONE',  ( -1.000000000000000000, 0.000000000000000000, 6.982962677686266711E-15 ) ) ;
#6238 = CARTESIAN_POINT ( 'NONE',  ( 18.64120593425277406, 0.000000000000000000, -2.836630331739350641 ) ) ;
#6239 = ORIENTED_EDGE ( 'NONE', *, *, #9116, .F. ) ;
#6240 = ORIENTED_EDGE ( 'NONE', *, *, #8884, .F. ) ;
#6241 = ORIENTED_EDGE ( 'NONE', *, *, #7767, .F. ) ;
#6242 = EDGE_LOOP ( 'NONE', ( #10880, #2249, #7006, #5170 ) ) ;
#6243 = VECTOR ( 'NONE', #9511, 1000.000000000000000 ) ;
#6244 = EDGE_CURVE ( 'NONE', #4756, #4064, #10191, .T. ) ;
#6245 = FACE_OUTER_BOUND ( 'NONE', #7143, .T. ) ;
#6246 = ORIENTED_EDGE ( 'NONE', *, *, #9536, .F. ) ;
#6247 = DIRECTION ( 'NONE',  ( -1.000000000000000000, 0.000000000000000000, 1.141265444721583757E-16 ) ) ;
#6248 = EDGE_CURVE ( 'NONE', #2205, #5124, #9127, .T. ) ;
#6249 = DIRECTION ( 'NONE',  ( -1.141265444721583757E-16, 0.000000000000000000, 1.000000000000000000 ) ) ;
#6250 = LINE ( 'NONE', #6381, #8769 ) ;
#6251 = LINE ( 'NONE', #11095, #5445 ) ;
#6252 = CARTESIAN_POINT ( 'NONE',  ( 35.78241186850553390, 1.000000000000000000, 0.3238172648295121747 ) ) ;
#6253 = ORIENTED_EDGE ( 'NONE', *, *, #4065, .T. ) ;
#6254 = EDGE_LOOP ( 'NONE', ( #8767, #9698, #10114, #9520 ) ) ;
#6255 = LINE ( 'NONE', #5322, #11335 ) ;
#6256 = ORIENTED_EDGE ( 'NONE', *, *, #6026, .F. ) ;
#6257 = PLANE ( 'NONE',  #1801 ) ;
#6258 = EDGE_CURVE ( 'NONE', #2962, #3894, #4303, .T. ) ;
#6259 = CARTESIAN_POINT ( 'NONE',  ( 10.07060296712638170, 1.000000000000000000, 0.8999999999999916955 ) ) ;
#6260 = EDGE_LOOP ( 'NONE', ( #10198, #12008, #2417, #663 ) ) ;
#6261 = FACE_BOUND ( 'NONE', #3452, .T. ) ;
#6262 = ADVANCED_FACE ( 'NONE', ( #4493 ), #9252, .F. ) ;
#6263 = DIRECTION ( 'NONE',  ( 0.7660444431189722403, -0.000000000000000000, -0.6427876096865462463 ) ) ;
#6264 = DIRECTION ( 'NONE',  ( -5.813595144832437787E-15, 0.5735764363510473807, -0.8191520442889909104 ) ) ;
#6265 = PLANE ( 'NONE',  #9837 ) ;
#6266 = DIRECTION ( 'NONE',  ( -0.000000000000000000, -0.000000000000000000, 1.000000000000000000 ) ) ;
#6267 = LINE ( 'NONE', #1583, #10336 ) ;
#6268 = CARTESIAN_POINT ( 'NONE',  ( 1.499999999999994005, 1.399999999999999911, -4.858578065624948650 ) ) ;
#6269 = EDGE_LOOP ( 'NONE', ( #1356, #1248, #5742, #1719 ) ) ;
#6270 = ORIENTED_EDGE ( 'NONE', *, *, #7364, .F. ) ;
#6271 = ORIENTED_EDGE ( 'NONE', *, *, #3687, .F. ) ;
#6272 = CARTESIAN_POINT ( 'NONE',  ( 3.271408125617178086, 1.106833761053985121, -5.425736373931110634 ) ) ;
#6273 = DIRECTION ( 'NONE',  ( 0.000000000000000000, -1.000000000000000000, -2.710505431213761085E-16 ) ) ;
#6274 = EDGE_CURVE ( 'NONE', #2307, #4142, #3489, .T. ) ;
#6275 = EDGE_CURVE ( 'NONE', #1941, #5910, #1485, .T. ) ;
#6276 = CARTESIAN_POINT ( 'NONE',  ( 11.35590445068957344, 0.000000000000000000, -1.000000000000000000 ) ) ;
#6277 = DIRECTION ( 'NONE',  ( 1.000000000000000000, -0.000000000000000000, -6.982962677686266711E-15 ) ) ;
#6278 = DIRECTION ( 'NONE',  ( 1.141265444721583757E-16, -0.000000000000000000, 1.000000000000000000 ) ) ;
#6279 = VECTOR ( 'NONE', #2764, 1000.000000000000000 ) ;
#6280 = DIRECTION ( 'NONE',  ( 1.000000000000000000, -0.000000000000000000, -0.000000000000000000 ) ) ;
#6281 = EDGE_CURVE ( 'NONE', #2910, #5372, #1550, .T. ) ;
#6282 = DIRECTION ( 'NONE',  ( 0.000000000000000000, 0.000000000000000000, 1.000000000000000000 ) ) ;
#6283 = CARTESIAN_POINT ( 'NONE',  ( 24.96809400695910242, 1.000000000000000000, -2.240753535442229882 ) ) ;
#6284 = EDGE_LOOP ( 'NONE', ( #9760, #6307, #10489, #4563, #8073, #8867, #10979, #3675, #8475, #3941, #10502, #6630 ) ) ;
#6285 = ORIENTED_EDGE ( 'NONE', *, *, #7116, .F. ) ;
#6286 = ORIENTED_EDGE ( 'NONE', *, *, #3448, .F. ) ;
#6287 = ORIENTED_EDGE ( 'NONE', *, *, #12247, .T. ) ;
#6288 = EDGE_LOOP ( 'NONE', ( #7972, #3757, #1160, #6049 ) ) ;
#6289 = CARTESIAN_POINT ( 'NONE',  ( 7.556709609180368048, 1.106833761053985121, -5.425736373931110634 ) ) ;
#6290 = DIRECTION ( 'NONE',  ( 0.000000000000000000, -1.000000000000000000, 0.000000000000000000 ) ) ;
#6291 = PLANE ( 'NONE',  #4555 ) ;
#6292 = LINE ( 'NONE', #1547, #5030 ) ;
#6293 = EDGE_CURVE ( 'NONE', #3053, #12209, #10004, .T. ) ;
#6294 = CARTESIAN_POINT ( 'NONE',  ( 11.35590445068957344, 1.000000000000000000, -0.4041232037028950064 ) ) ;
#6295 = EDGE_CURVE ( 'NONE', #6326, #2041, #612, .T. ) ;
#6296 = DIRECTION ( 'NONE',  ( 0.000000000000000000, 1.000000000000000000, 0.000000000000000000 ) ) ;
#6297 = VECTOR ( 'NONE', #84, 1000.000000000000000 ) ;
#6298 = CARTESIAN_POINT ( 'NONE',  ( 38.50000000000001421, 0.000000000000000000, 0.1662919268571550480 ) ) ;
#6299 = VECTOR ( 'NONE', #882, 1000.000000000000000 ) ;
#6300 = VECTOR ( 'NONE', #141, 1000.000000000000000 ) ;
#6301 = ORIENTED_EDGE ( 'NONE', *, *, #3701, .T. ) ;
#6302 = ORIENTED_EDGE ( 'NONE', *, *, #6816, .T. ) ;
#6303 = AXIS2_PLACEMENT_3D ( 'NONE', #4103, #11889, #1349 ) ;
#6304 = VERTEX_POINT ( 'NONE', #12034 ) ;
#6305 = ORIENTED_EDGE ( 'NONE', *, *, #11704, .F. ) ;
#6306 = LINE ( 'NONE', #7439, #12146 ) ;
#6307 = ORIENTED_EDGE ( 'NONE', *, *, #9494, .F. ) ;
#6308 = LINE ( 'NONE', #12043, #10228 ) ;
#6309 = VECTOR ( 'NONE', #11089, 1000.000000000000000 ) ;
#6310 = LINE ( 'NONE', #9202, #10423 ) ;
#6311 = CARTESIAN_POINT ( 'NONE',  ( 38.82260720777978236, 1.400000000000000133, -5.120689233910753480 ) ) ;
#6312 = AXIS2_PLACEMENT_3D ( 'NONE', #6598, #10237, #719 ) ;
#6313 = EDGE_CURVE ( 'NONE', #4125, #2528, #11147, .T. ) ;
#6314 = LINE ( 'NONE', #5134, #8038 ) ;
#6315 = LINE ( 'NONE', #8321, #617 ) ;
#6316 = EDGE_CURVE ( 'NONE', #5940, #2766, #11213, .T. ) ;
#6317 = ORIENTED_EDGE ( 'NONE', *, *, #1128, .T. ) ;
#6318 = ORIENTED_EDGE ( 'NONE', *, *, #6248, .T. ) ;
#6319 = ADVANCED_FACE ( 'NONE', ( #7248 ), #2486, .F. ) ;
#6320 = DIRECTION ( 'NONE',  ( -1.000000000000000000, 0.000000000000000000, 0.000000000000000000 ) ) ;
#6321 = EDGE_LOOP ( 'NONE', ( #3036, #10702, #3542, #4053 ) ) ;
#6322 = VECTOR ( 'NONE', #6610, 1000.000000000000000 ) ;
#6323 = AXIS2_PLACEMENT_3D ( 'NONE', #3738, #1739, #7431 ) ;
#6324 =( BOUNDED_SURFACE ( )  B_SPLINE_SURFACE ( 3, 1, ( 
 ( #9525, #7647 ),
 ( #7, #2881 ),
 ( #8705, #11672 ),
 ( #3826, #4949 ) ),
 .UNSPECIFIED., .F., .F., .F. ) 
 B_SPLINE_SURFACE_WITH_KNOTS ( ( 4, 4 ),
 ( 2, 2 ),
 ( 0.000000000000000000, 1.000000000000000000 ),
 ( 0.000000000000000000, 1.000000000000000000 ),
 .UNSPECIFIED. ) 
 GEOMETRIC_REPRESENTATION_ITEM ( )  RATIONAL_B_SPLINE_SURFACE ( (
 ( 1.000000000000000000, 1.000000000000000000),
 ( 0.9667654570425325833, 0.9667654570425325833),
 ( 0.9667654570425325833, 0.9667654570425325833),
 ( 1.000000000000000000, 1.000000000000000000) ) ) 
 REPRESENTATION_ITEM ( '' )  SURFACE ( )  );
#6325 = CARTESIAN_POINT ( 'NONE',  ( 16.62401691047675811, 1.115317123975225533, -5.586343894839114199 ) ) ;
#6326 = VERTEX_POINT ( 'NONE', #2367 ) ;
#6327 = CARTESIAN_POINT ( 'NONE',  ( -0.7437148944200444589, 0.000000000000000000, -3.000000000000000000 ) ) ;
#6328 = CARTESIAN_POINT ( 'NONE',  ( 26.45866854679658431, 0.4000000000000000222, -2.240753535442240096 ) ) ;
#6329 = CARTESIAN_POINT ( 'NONE',  ( 25.36809400695910455, 0.000000000000000000, -3.000000000000000000 ) ) ;
#6330 = DIRECTION ( 'NONE',  ( 1.141265444721583757E-16, -2.710505431213761085E-16, 1.000000000000000000 ) ) ;
#6331 = VECTOR ( 'NONE', #10120, 1000.000000000000000 ) ;
#6332 = ADVANCED_FACE ( 'NONE', ( #6366 ), #6179, .F. ) ;
#6333 = CARTESIAN_POINT ( 'NONE',  ( 15.64120593425276340, 1.000000000000000000, -0.4041232037028950064 ) ) ;
#6334 = EDGE_CURVE ( 'NONE', #12050, #6963, #10065, .T. ) ;
#6335 = CARTESIAN_POINT ( 'NONE',  ( 10.07060296712639413, 0.000000000000000000, -2.240753535442245425 ) ) ;
#6336 = LINE ( 'NONE', #4406, #3793 ) ;
#6337 = ORIENTED_EDGE ( 'NONE', *, *, #4230, .F. ) ;
#6338 = ORIENTED_EDGE ( 'NONE', *, *, #11701, .T. ) ;
#6339 = ORIENTED_EDGE ( 'NONE', *, *, #11287, .T. ) ;
#6340 = AXIS2_PLACEMENT_3D ( 'NONE', #3025, #5084, #331 ) ;
#6341 = CARTESIAN_POINT ( 'NONE',  ( -1.500000000000000000, 1.000000000000000000, -1.000000000000000000 ) ) ;
#6342 = CARTESIAN_POINT ( 'NONE',  ( 2.785301483563202840, 1.399999999999999911, -2.240753535442224553 ) ) ;
#6343 = LINE ( 'NONE', #405, #10449 ) ;
#6344 = CARTESIAN_POINT ( 'NONE',  ( 1.499999999999996003, 1.399999999999999689, -4.612012738139092072 ) ) ;
#6345 = CARTESIAN_POINT ( 'NONE',  ( 22.92650741781596579, 1.000000000000000000, -2.836630331739350641 ) ) ;
#6346 = VECTOR ( 'NONE', #11599, 1000.000000000000000 ) ;
#6347 = FACE_OUTER_BOUND ( 'NONE', #8492, .T. ) ;
#6348 = EDGE_CURVE ( 'NONE', #5052, #12071, #8430, .T. ) ;
#6349 = LINE ( 'NONE', #10239, #1133 ) ;
#6350 = LINE ( 'NONE', #10053, #5381 ) ;
#6351 = ORIENTED_EDGE ( 'NONE', *, *, #12175, .F. ) ;
#6352 = EDGE_LOOP ( 'NONE', ( #7888, #3792, #9930, #4943, #723, #7777 ) ) ;
#6353 = ORIENTED_EDGE ( 'NONE', *, *, #2214, .F. ) ;
#6354 = VERTEX_POINT ( 'NONE', #12284 ) ;
#6355 = EDGE_CURVE ( 'NONE', #571, #10711, #9496, .T. ) ;
#6356 = ORIENTED_EDGE ( 'NONE', *, *, #819, .F. ) ;
#6357 = CARTESIAN_POINT ( 'NONE',  ( 17.14120593425277050, 1.000000000000000000, -2.836630331739339983 ) ) ;
#6358 = CARTESIAN_POINT ( 'NONE',  ( 20.68279252339591068, 1.000000000000000000, -2.240753535442229882 ) ) ;
#6359 = B_SPLINE_CURVE_WITH_KNOTS ( 'NONE', 3,
 ( #7688, #12351, #6622, #11654, #2996, #7562 ),
 .UNSPECIFIED., .F., .F.,
 ( 4, 2, 4 ),
 ( 0.000000000000000000, 0.0002695394427320638013, 0.0005390788854641276025 ),
 .UNSPECIFIED. ) ;
#6360 = VECTOR ( 'NONE', #652, 1000.000000000000000 ) ;
#6361 = DIRECTION ( 'NONE',  ( 0.000000000000000000, -1.000000000000000000, 0.000000000000000000 ) ) ;
#6362 = CIRCLE ( 'NONE', #1567, 1.500000000000000000 ) ;
#6363 = CARTESIAN_POINT ( 'NONE',  ( 7.070602967126389693, 1.000000000000000000, -2.836630331739329769 ) ) ;
#6364 = DIRECTION ( 'NONE',  ( 1.000000000000000000, -0.000000000000000000, 0.000000000000000000 ) ) ;
#6365 = DIRECTION ( 'NONE',  ( 1.000000000000000000, 0.000000000000000000, -0.000000000000000000 ) ) ;
#6366 = FACE_OUTER_BOUND ( 'NONE', #11652, .T. ) ;
#6367 = EDGE_CURVE ( 'NONE', #35, #6770, #12341, .T. ) ;
#6368 = AXIS2_PLACEMENT_3D ( 'NONE', #3827, #8514, #12373 ) ;
#6369 = ORIENTED_EDGE ( 'NONE', *, *, #11893, .T. ) ;
#6370 = ORIENTED_EDGE ( 'NONE', *, *, #11589, .T. ) ;
#6371 = VECTOR ( 'NONE', #2286, 1000.000000000000000 ) ;
#6372 = ORIENTED_EDGE ( 'NONE', *, *, #8596, .T. ) ;
#6373 = EDGE_LOOP ( 'NONE', ( #7235, #11133, #5171, #5158 ) ) ;
#6374 = EDGE_CURVE ( 'NONE', #1066, #7697, #11462, .T. ) ;
#6375 = EDGE_CURVE ( 'NONE', #5274, #124, #1803, .T. ) ;
#6376 = DIRECTION ( 'NONE',  ( 0.5407162030609378167, 0.5407162030609377057, 0.6444004775717702138 ) ) ;
#6377 = ORIENTED_EDGE ( 'NONE', *, *, #1184, .T. ) ;
#6378 = CARTESIAN_POINT ( 'NONE',  ( 31.49711038494233151, 1.103464666456457577, -5.267169912107815044 ) ) ;
#6379 = VECTOR ( 'NONE', #6759, 1000.000000000000000 ) ;
#6380 = PLANE ( 'NONE',  #5825 ) ;
#6381 = CARTESIAN_POINT ( 'NONE',  ( 0.7468596454174303290, 0.000000000000000000, -2.240753535442240096 ) ) ;
#6382 = CARTESIAN_POINT ( 'NONE',  ( 38.50000000000001421, 0.000000000000000000, -3.407045462299400196 ) ) ;
#6383 = CARTESIAN_POINT ( 'NONE',  ( 3.285301483563205061, 0.000000000000000000, -2.240753535442228106 ) ) ;
#6384 = VERTEX_POINT ( 'NONE', #804 ) ;
#6385 = ORIENTED_EDGE ( 'NONE', *, *, #706, .F. ) ;
#6386 = DIRECTION ( 'NONE',  ( 0.000000000000000000, -1.000000000000000000, -0.000000000000000000 ) ) ;
#6387 = EDGE_LOOP ( 'NONE', ( #11882, #7309, #5034, #2607 ) ) ;
#6388 = VECTOR ( 'NONE', #2907, 1000.000000000000000 ) ;
#6389 = CARTESIAN_POINT ( 'NONE',  ( 27.21180890137915398, 0.3999999999999999667, -3.407045462299400196 ) ) ;
#6390 = ORIENTED_EDGE ( 'NONE', *, *, #7082, .F. ) ;
#6391 = EDGE_CURVE ( 'NONE', #11217, #35, #11949, .T. ) ;
#6392 = CARTESIAN_POINT ( 'NONE',  ( 15.64120593425277761, 0.000000000000000000, -2.240753535442224553 ) ) ;
#6393 = DIRECTION ( 'NONE',  ( 0.000000000000000000, -1.000000000000000000, 0.000000000000000000 ) ) ;
#6394 = DIRECTION ( 'NONE',  ( 1.000000000000000000, -0.000000000000000000, 1.141265444721583757E-16 ) ) ;
#6395 = LINE ( 'NONE', #10281, #10852 ) ;
#6396 = VECTOR ( 'NONE', #5261, 1000.000000000000000 ) ;
#6397 = CARTESIAN_POINT ( 'NONE',  ( 19.92650741781595514, 0.000000000000000000, -1.000000000000000000 ) ) ;
#6398 = FACE_OUTER_BOUND ( 'NONE', #7953, .T. ) ;
#6399 = CARTESIAN_POINT ( 'NONE',  ( 15.64120593425276340, 1.000000000000000000, 0.8999999999999916955 ) ) ;
#6400 = DIRECTION ( 'NONE',  ( -0.5407162030609378167, 0.5407162030609377057, 0.6444004775717702138 ) ) ;
#6401 = VERTEX_POINT ( 'NONE', #6488 ) ;
#6402 = ORIENTED_EDGE ( 'NONE', *, *, #12139, .T. ) ;
#6403 = ORIENTED_EDGE ( 'NONE', *, *, #2422, .F. ) ;
#6404 = EDGE_CURVE ( 'NONE', #2276, #9370, #918, .T. ) ;
#6405 = EDGE_CURVE ( 'NONE', #5533, #9581, #3673, .T. ) ;
#6406 = CARTESIAN_POINT ( 'NONE',  ( 38.50000000000001421, 0.000000000000000000, -3.407045462299400196 ) ) ;
#6407 = PLANE ( 'NONE',  #6745 ) ;
#6408 = DIRECTION ( 'NONE',  ( -6.982962677686266711E-15, 0.000000000000000000, -1.000000000000000000 ) ) ;
#6409 = FACE_OUTER_BOUND ( 'NONE', #12111, .T. ) ;
#6410 = ADVANCED_FACE ( 'NONE', ( #5618 ), #6677, .T. ) ;
#6411 = PLANE ( 'NONE',  #782 ) ;
#6412 = PLANE ( 'NONE',  #7514 ) ;
#6413 = VERTEX_POINT ( 'NONE', #6554 ) ;
#6414 = CARTESIAN_POINT ( 'NONE',  ( 32.78241186850553390, 0.3999999999999999667, -3.407045462299400196 ) ) ;
#6415 = DIRECTION ( 'NONE',  ( 1.000000000000000000, -0.000000000000000000, -6.982962677686266711E-15 ) ) ;
#6416 = ORIENTED_EDGE ( 'NONE', *, *, #6023, .T. ) ;
#6417 = ORIENTED_EDGE ( 'NONE', *, *, #33, .T. ) ;
#6418 = ORIENTED_EDGE ( 'NONE', *, *, #2029, .T. ) ;
#6419 = ADVANCED_FACE ( 'NONE', ( #6615 ), #9438, .T. ) ;
#6420 = ORIENTED_EDGE ( 'NONE', *, *, #3132, .T. ) ;
#6421 = DIRECTION ( 'NONE',  ( 0.000000000000000000, -1.000000000000000000, 0.000000000000000000 ) ) ;
#6422 = DIRECTION ( 'NONE',  ( -0.000000000000000000, -1.000000000000000000, -0.000000000000000000 ) ) ;
#6423 = AXIS2_PLACEMENT_3D ( 'NONE', #5749, #11659, #9575 ) ;
#6424 = DIRECTION ( 'NONE',  ( -1.141265444721583757E-16, 0.000000000000000000, -1.000000000000000000 ) ) ;
#6425 = ADVANCED_FACE ( 'NONE', ( #11400 ), #10499, .F. ) ;
#6426 = VECTOR ( 'NONE', #3070, 1000.000000000000000 ) ;
#6427 = FACE_OUTER_BOUND ( 'NONE', #4126, .T. ) ;
#6428 = LINE ( 'NONE', #916, #11193 ) ;
#6429 = CARTESIAN_POINT ( 'NONE',  ( 34.28241186850552680, 1.000000000000000000, 0.000000000000000000 ) ) ;
#6430 = DIRECTION ( 'NONE',  ( -0.6427876096865355882, -0.000000000000000000, 0.7660444431189811221 ) ) ;
#6432 = ORIENTED_EDGE ( 'NONE', *, *, #5583, .T. ) ;
#6431 = VECTOR ( 'NONE', #7003, 1000.000000000000000 ) ;
#6433 = EDGE_LOOP ( 'NONE', ( #12275, #2221, #3992, #12364, #8021 ) ) ;
#6434 = ORIENTED_EDGE ( 'NONE', *, *, #8172, .F. ) ;
#6435 = VECTOR ( 'NONE', #1329, 1000.000000000000000 ) ;
#6436 = EDGE_LOOP ( 'NONE', ( #1426, #2058, #2620, #8842 ) ) ;
#6437 = CARTESIAN_POINT ( 'NONE',  ( 27.21180890137914332, 1.399999999999999911, -4.858578065624948650 ) ) ;
#6438 = ORIENTED_EDGE ( 'NONE', *, *, #10113, .T. ) ;
#6439 = DIRECTION ( 'NONE',  ( -1.000000000000000000, 1.355252715606880543E-16, 0.000000000000000000 ) ) ;
#6440 = EDGE_CURVE ( 'NONE', #3034, #12316, #2796, .T. ) ;
#6441 = DIRECTION ( 'NONE',  ( -1.000000000000000000, 0.000000000000000000, 0.000000000000000000 ) ) ;
#6442 = CARTESIAN_POINT ( 'NONE',  ( 2.785301483563184632, 1.399999999999999911, -4.858572962426980446 ) ) ;
#6443 = VECTOR ( 'NONE', #12375, 1000.000000000000000 ) ;
#6444 = LINE ( 'NONE', #10267, #3571 ) ;
#6445 = DIRECTION ( 'NONE',  ( 1.000000000000000000, -0.000000000000000000, -0.000000000000000000 ) ) ;
#6446 = EDGE_CURVE ( 'NONE', #7939, #49, #2922, .T. ) ;
#6447 = ADVANCED_FACE ( 'NONE', ( #4804 ), #5558, .F. ) ;
#6448 = AXIS2_PLACEMENT_3D ( 'NONE', #9637, #6761, #12236 ) ;
#6449 = EDGE_LOOP ( 'NONE', ( #1792, #3493, #11244, #9719 ) ) ;
#6450 = VERTEX_POINT ( 'NONE', #3865 ) ;
#6451 = CARTESIAN_POINT ( 'NONE',  ( 40.06771335206873630, 1.000000000000000000, -2.836630331739350641 ) ) ;
#6452 = ORIENTED_EDGE ( 'NONE', *, *, #10500, .F. ) ;
#6453 = LINE ( 'NONE', #4514, #8725 ) ;
#6454 = ORIENTED_EDGE ( 'NONE', *, *, #914, .T. ) ;
#6455 = CARTESIAN_POINT ( 'NONE',  ( 32.78241186850552680, 0.9534028740753675013, 2.799999999999999822 ) ) ;
#6456 = LINE ( 'NONE', #2694, #9036 ) ;
#6457 = LINE ( 'NONE', #12116, #3774 ) ;
#6458 = DIRECTION ( 'NONE',  ( 0.5407162030609378167, 0.5407162030609377057, 0.6444004775717702138 ) ) ;
#6459 = DIRECTION ( 'NONE',  ( -1.355252715606880543E-16, -1.000000000000000000, 0.000000000000000000 ) ) ;
#6460 = EDGE_CURVE ( 'NONE', #5676, #11787, #6747, .T. ) ;
#6461 = EDGE_CURVE ( 'NONE', #4144, #8883, #4864, .T. ) ;
#6462 = DIRECTION ( 'NONE',  ( 0.000000000000000000, -1.000000000000000000, 0.000000000000000000 ) ) ;
#6463 = LINE ( 'NONE', #2702, #910 ) ;
#6464 = DIRECTION ( 'NONE',  ( -1.000000000000000000, 0.000000000000000000, 6.982962677686266711E-15 ) ) ;
#6465 = ORIENTED_EDGE ( 'NONE', *, *, #8136, .T. ) ;
#6466 = VERTEX_POINT ( 'NONE', #2672 ) ;
#6467 = CARTESIAN_POINT ( 'NONE',  ( 4.632161128980621712, 0.000000000000000000, -3.000000000000000000 ) ) ;
#6468 = CARTESIAN_POINT ( 'NONE',  ( 16.39749103983271894, 0.3999999999999999667, -1.000000000000000000 ) ) ;
#6469 = DIRECTION ( 'NONE',  ( 0.000000000000000000, 0.000000000000000000, 1.000000000000000000 ) ) ;
#6470 = DIRECTION ( 'NONE',  ( -0.000000000000000000, -1.000000000000000000, 0.000000000000000000 ) ) ;
#6471 = CARTESIAN_POINT ( 'NONE',  ( 13.20276409610700519, 0.4000000000000000222, -3.000000000000000000 ) ) ;
#6472 = ORIENTED_EDGE ( 'NONE', *, *, #1228, .T. ) ;
#6473 = ADVANCED_FACE ( 'NONE', ( #11646 ), #9681, .F. ) ;
#6474 = DIRECTION ( 'NONE',  ( 0.000000000000000000, -1.000000000000000000, 0.000000000000000000 ) ) ;
#6475 = CARTESIAN_POINT ( 'NONE',  ( 18.14120593425277761, 0.4999999999999978351, -2.240753535442241873 ) ) ;
#6476 = VERTEX_POINT ( 'NONE', #10759 ) ;
#6477 = EDGE_CURVE ( 'NONE', #306, #7007, #2232, .T. ) ;
#6478 = ORIENTED_EDGE ( 'NONE', *, *, #11823, .F. ) ;
#6479 = ORIENTED_EDGE ( 'NONE', *, *, #4421, .F. ) ;
#6480 = CARTESIAN_POINT ( 'NONE',  ( 7.070602967126382588, 0.8628211600346445964, -0.4041232037028950064 ) ) ;
#6481 = FACE_OUTER_BOUND ( 'NONE', #10400, .T. ) ;
#6482 = DIRECTION ( 'NONE',  ( 1.000000000000000000, -0.000000000000000000, -1.141265444721583757E-16 ) ) ;
#6483 = CARTESIAN_POINT ( 'NONE',  ( 11.85590445068958765, 0.000000000000000000, -2.240753535442228106 ) ) ;
#6484 = LINE ( 'NONE', #3800, #11455 ) ;
#6485 = CARTESIAN_POINT ( 'NONE',  ( 18.47080207474480673, 0.7834631812238955773, -0.6072026154634229123 ) ) ;
#6486 = CARTESIAN_POINT ( 'NONE',  ( 19.92650741781595158, 1.399999999999999911, -4.858572962426980446 ) ) ;
#6487 = EDGE_CURVE ( 'NONE', #9285, #12396, #11832, .T. ) ;
#6488 = CARTESIAN_POINT ( 'NONE',  ( 19.92650741781596224, 0.3999999999999999667, -3.407045462299400196 ) ) ;
#6489 = LINE ( 'NONE', #7620, #11603 ) ;
#6490 = ORIENTED_EDGE ( 'NONE', *, *, #6023, .F. ) ;
#6491 = ORIENTED_EDGE ( 'NONE', *, *, #4544, .T. ) ;
#6492 = VECTOR ( 'NONE', #9041, 1000.000000000000000 ) ;
#6493 = EDGE_CURVE ( 'NONE', #2415, #4574, #5049, .T. ) ;
#6494 = EDGE_LOOP ( 'NONE', ( #989, #4955, #6572, #5607 ) ) ;
#6495 = ORIENTED_EDGE ( 'NONE', *, *, #12335, .T. ) ;
#6496 = LINE ( 'NONE', #4498, #11346 ) ;
#6497 = ORIENTED_EDGE ( 'NONE', *, *, #7094, .F. ) ;
#6498 = CARTESIAN_POINT ( 'NONE',  ( 40.06771335206872209, 1.400000000000040989, -4.949634213632580604 ) ) ;
#6499 = DIRECTION ( 'NONE',  ( 1.000000000000000000, 0.000000000000000000, -6.982962677686266711E-15 ) ) ;
#6500 = CARTESIAN_POINT ( 'NONE',  ( 5.785301483563185521, 1.399999999999999911, -4.858578065624948650 ) ) ;
#6501 = AXIS2_PLACEMENT_3D ( 'NONE', #2027, #9539, #4963 ) ;
#6502 = DIRECTION ( 'NONE',  ( 0.000000000000000000, 2.710505431213761085E-15, -1.000000000000000000 ) ) ;
#6503 = VECTOR ( 'NONE', #11754, 1000.000000000000000 ) ;
#6504 = CARTESIAN_POINT ( 'NONE',  ( 31.49711038494233151, 1.103464666456457577, -5.267169912107815044 ) ) ;
#6505 = AXIS2_PLACEMENT_3D ( 'NONE', #9989, #5224, #10108 ) ;
#6506 = VERTEX_POINT ( 'NONE', #2054 ) ;
#6507 = ORIENTED_EDGE ( 'NONE', *, *, #4613, .F. ) ;
#6508 = CARTESIAN_POINT ( 'NONE',  ( 16.79749103983272107, 0.4000000000000000222, -3.000000000000000000 ) ) ;
#6509 = ORIENTED_EDGE ( 'NONE', *, *, #3214, .F. ) ;
#6510 = EDGE_CURVE ( 'NONE', #4292, #2766, #3168, .T. ) ;
#6511 = FACE_OUTER_BOUND ( 'NONE', #9565, .T. ) ;
#6512 = VERTEX_POINT ( 'NONE', #8806 ) ;
#6514 = EDGE_CURVE ( 'NONE', #3375, #12098, #6097, .T. ) ;
#6513 = VECTOR ( 'NONE', #8017, 1000.000000000000000 ) ;
#6515 = VECTOR ( 'NONE', #10156, 1000.000000000000000 ) ;
#6516 = FACE_OUTER_BOUND ( 'NONE', #5108, .T. ) ;
#6517 = FACE_OUTER_BOUND ( 'NONE', #5851, .T. ) ;
#6518 = CARTESIAN_POINT ( 'NONE',  ( 35.40202255406762077, 1.106465162429252747, -5.408006954962165658 ) ) ;
#6519 = DIRECTION ( 'NONE',  ( -1.141265444721583757E-16, 0.000000000000000000, 1.000000000000000000 ) ) ;
#6520 = DIRECTION ( 'NONE',  ( -1.000000000000000000, 0.000000000000000000, -1.141265444721583757E-16 ) ) ;
#6522 = DIRECTION ( 'NONE',  ( 0.000000000000000000, 1.000000000000000000, 0.000000000000000000 ) ) ;
#6521 = VECTOR ( 'NONE', #8688, 1000.000000000000000 ) ;
#6523 = CARTESIAN_POINT ( 'NONE',  ( 15.64120593425276340, 1.499358225474672235, 2.799999999999999822 ) ) ;
#6524 = VECTOR ( 'NONE', #5673, 1000.000000000000000 ) ;
#6525 = DIRECTION ( 'NONE',  ( -1.000000000000000000, 0.000000000000000000, -0.000000000000000000 ) ) ;
#6526 = EDGE_CURVE ( 'NONE', #7174, #9336, #10820, .T. ) ;
#6527 = CARTESIAN_POINT ( 'NONE',  ( 17.48806557967019515, 0.000000000000000000, -3.000000000000000000 ) ) ;
#6528 = ORIENTED_EDGE ( 'NONE', *, *, #10901, .F. ) ;
#6529 = ORIENTED_EDGE ( 'NONE', *, *, #6143, .F. ) ;
#6530 = EDGE_CURVE ( 'NONE', #4789, #3578, #4047, .T. ) ;
#6531 = ADVANCED_FACE ( 'NONE', ( #351 ), #5527, .T. ) ;
#6532 = DIRECTION ( 'NONE',  ( -1.000000000000000000, 0.000000000000000000, -1.141265444721583757E-16 ) ) ;
#6533 = DIRECTION ( 'NONE',  ( 1.000000000000000000, -0.000000000000000000, -6.982962677686266711E-15 ) ) ;
#6534 = AXIS2_PLACEMENT_3D ( 'NONE', #2296, #10827, #2241 ) ;
#6535 = CARTESIAN_POINT ( 'NONE',  ( 40.06771335206873630, 1.000000000000000000, -2.836630331739350641 ) ) ;
#6536 = LINE ( 'NONE', #3784, #3762 ) ;
#6537 = AXIS2_PLACEMENT_3D ( 'NONE', #10174, #1598, #7105 ) ;
#6538 = DIRECTION ( 'NONE',  ( -7.097089222158424864E-15, 0.000000000000000000, -1.000000000000000000 ) ) ;
#6539 = ORIENTED_EDGE ( 'NONE', *, *, #8630, .F. ) ;
#6540 = CARTESIAN_POINT ( 'NONE',  ( 12.51218955626953111, 1.000000000000000222, -2.240753535442232547 ) ) ;
#6541 = DIRECTION ( 'NONE',  ( -1.000000000000000000, -0.000000000000000000, -0.000000000000000000 ) ) ;
#6542 = ORIENTED_EDGE ( 'NONE', *, *, #7572, .T. ) ;
#6543 = ORIENTED_EDGE ( 'NONE', *, *, #11859, .T. ) ;
#6544 = ORIENTED_EDGE ( 'NONE', *, *, #8824, .T. ) ;
#6545 = VERTEX_POINT ( 'NONE', #169 ) ;
#6546 = DIRECTION ( 'NONE',  ( 1.000000000000000000, -0.000000000000000000, -1.141265444721583757E-16 ) ) ;
#6547 = CARTESIAN_POINT ( 'NONE',  ( 16.79749103983272107, 0.4000000000000000222, -1.000000000000000000 ) ) ;
#6548 = CARTESIAN_POINT ( 'NONE',  ( 7.826888072706338129, 0.4000000000000000222, -3.000000000000000000 ) ) ;
#6549 = EDGE_CURVE ( 'NONE', #10522, #3943, #3987, .T. ) ;
#6550 = VECTOR ( 'NONE', #3861, 1000.000000000000000 ) ;
#6551 = LINE ( 'NONE', #3551, #9034 ) ;
#6552 = CARTESIAN_POINT ( 'NONE',  ( 7.070602967126385252, 1.000000000000000000, -3.407045462299396643 ) ) ;
#6553 = CARTESIAN_POINT ( 'NONE',  ( 8.226888072706337596, 0.4000000000000000222, -3.000000000000000000 ) ) ;
#6554 = CARTESIAN_POINT ( 'NONE',  ( 31.49711038494233506, 1.000000000000000000, 0.8999999999999916955 ) ) ;
#6555 = FACE_OUTER_BOUND ( 'NONE', #4947, .T. ) ;
#6556 = ORIENTED_EDGE ( 'NONE', *, *, #11414, .F. ) ;
#6557 = EDGE_LOOP ( 'NONE', ( #235, #3544, #8658, #12317, #3677 ) ) ;
#6558 = ORIENTED_EDGE ( 'NONE', *, *, #10814, .F. ) ;
#6559 = ORIENTED_EDGE ( 'NONE', *, *, #7876, .F. ) ;
#6560 = VECTOR ( 'NONE', #333, 1000.000000000000000 ) ;
#6561 = VECTOR ( 'NONE', #12092, 1000.000000000000000 ) ;
#6562 = LINE ( 'NONE', #5311, #1726 ) ;
#6563 = ORIENTED_EDGE ( 'NONE', *, *, #511, .T. ) ;
#6564 = CARTESIAN_POINT ( 'NONE',  ( 21.77336706323338689, 0.000000000000000000, -1.000000000000000000 ) ) ;
#6565 = DIRECTION ( 'NONE',  ( -0.7660444431189766812, 0.000000000000000000, 0.6427876096865409172 ) ) ;
#6566 = CARTESIAN_POINT ( 'NONE',  ( 38.05052432829272391, 8.971790744797411896E-16, -5.900666883513138394 ) ) ;
#6567 = EDGE_CURVE ( 'NONE', #4375, #9819, #3049, .T. ) ;
#6568 = AXIS2_PLACEMENT_3D ( 'NONE', #74, #7582, #2952 ) ;
#6569 = CARTESIAN_POINT ( 'NONE',  ( 27.21180890137916109, 1.399999999999999911, -2.240753535442245425 ) ) ;
#6570 = VECTOR ( 'NONE', #8774, 1000.000000000000000 ) ;
#6571 = VERTEX_POINT ( 'NONE', #5984 ) ;
#6572 = ORIENTED_EDGE ( 'NONE', *, *, #9790, .F. ) ;
#6573 = DIRECTION ( 'NONE',  ( 0.000000000000000000, -1.000000000000000000, 0.000000000000000000 ) ) ;
#6574 = ORIENTED_EDGE ( 'NONE', *, *, #5492, .T. ) ;
#6575 = DIRECTION ( 'NONE',  ( -1.000000000000000000, 0.000000000000000000, 6.982962677686266711E-15 ) ) ;
#6576 = VERTEX_POINT ( 'NONE', #7986 ) ;
#6577 = AXIS2_PLACEMENT_3D ( 'NONE', #1323, #2449, #9149 ) ;
#6578 = LINE ( 'NONE', #5517, #3302 ) ;
#6579 = CARTESIAN_POINT ( 'NONE',  ( 3.768112459787188229, 1.115317123975225533, -5.586343894839114199 ) ) ;
#6580 = CARTESIAN_POINT ( 'NONE',  ( 17.14120593425276340, 1.000000000000000000, 0.3238172648295125633 ) ) ;
#6581 = EDGE_CURVE ( 'NONE', #10835, #11434, #6807, .T. ) ;
#6582 = CARTESIAN_POINT ( 'NONE',  ( 31.49711038494233506, 0.000000000000000000, -0.2337080731428443636 ) ) ;
#6583 = CARTESIAN_POINT ( 'NONE',  ( 35.78241186850553390, 1.499358225474672235, 1.300000000000000044 ) ) ;
#6584 = VECTOR ( 'NONE', #1721, 1000.000000000000000 ) ;
#6586 = EDGE_CURVE ( 'NONE', #8188, #3184, #10633, .T. ) ;
#6585 = CARTESIAN_POINT ( 'NONE',  ( 24.21180890137914687, 0.8628211600346445964, -0.4041232037028950064 ) ) ;
#6587 = LINE ( 'NONE', #3769, #6279 ) ;
#6588 = LINE ( 'NONE', #11241, #11536 ) ;
#6589 = VERTEX_POINT ( 'NONE', #12140 ) ;
#6590 = CARTESIAN_POINT ( 'NONE',  ( 7.070602967126380811, -1.944477824310196304E-30, -0.2337080731428415603 ) ) ;
#6591 = ORIENTED_EDGE ( 'NONE', *, *, #10277, .F. ) ;
#6592 = VERTEX_POINT ( 'NONE', #10109 ) ;
#6593 = FACE_OUTER_BOUND ( 'NONE', #3791, .T. ) ;
#6594 = PLANE ( 'NONE',  #5736 ) ;
#6595 = DIRECTION ( 'NONE',  ( -1.000000000000000000, 0.000000000000000000, 6.982962677686266711E-15 ) ) ;
#6596 = CARTESIAN_POINT ( 'NONE',  ( 22.92650741781596579, 1.000000000000000000, -2.836630331739350641 ) ) ;
#6597 = EDGE_CURVE ( 'NONE', #7374, #8442, #5415, .T. ) ;
#6599 = EDGE_CURVE ( 'NONE', #4791, #11186, #2602, .T. ) ;
#6598 = CARTESIAN_POINT ( 'NONE',  ( 8.226888072706337596, 0.000000000000000000, -3.000000000000000000 ) ) ;
#6600 = EDGE_CURVE ( 'NONE', #8076, #675, #6349, .T. ) ;
#6601 = ORIENTED_EDGE ( 'NONE', *, *, #7327, .T. ) ;
#6602 = EDGE_CURVE ( 'NONE', #5866, #6135, #2534, .T. ) ;
#6603 = LINE ( 'NONE', #12394, #737 ) ;
#6604 = CARTESIAN_POINT ( 'NONE',  ( 9.570602967126379923, 0.4999999999999978351, -1.000000000000000000 ) ) ;
#6605 = EDGE_LOOP ( 'NONE', ( #4638, #1459, #10849, #2893, #5888, #8323, #2357, #8474, #9334, #10882, #10673 ) ) ;
#6606 = ORIENTED_EDGE ( 'NONE', *, *, #2584, .T. ) ;
#6607 = ORIENTED_EDGE ( 'NONE', *, *, #11701, .F. ) ;
#6608 = CARTESIAN_POINT ( 'NONE',  ( 1.499999999999989786, 2.000000000000000000, -5.468901542184360309 ) ) ;
#6609 = CARTESIAN_POINT ( 'NONE',  ( 13.60276409610700910, 0.4000000000000000222, -2.240753535442240096 ) ) ;
#6610 = DIRECTION ( 'NONE',  ( 0.000000000000000000, -1.000000000000000000, 0.000000000000000000 ) ) ;
#6611 = CARTESIAN_POINT ( 'NONE',  ( 7.070602967126385252, 0.3999999999999999667, -3.407045462299400196 ) ) ;
#6612 = CARTESIAN_POINT ( 'NONE',  ( 35.78241186850554101, 0.000000000000000000, -2.836630331739350641 ) ) ;
#6613 = PLANE ( 'NONE',  #6968 ) ;
#6614 = DIRECTION ( 'NONE',  ( -0.000000000000000000, -0.000000000000000000, 1.000000000000000000 ) ) ;
#6615 = FACE_OUTER_BOUND ( 'NONE', #172, .T. ) ;
#6616 = CARTESIAN_POINT ( 'NONE',  ( 5.785301483563199731, 0.000000000000000000, -2.836630331739350641 ) ) ;
#6617 = ORIENTED_EDGE ( 'NONE', *, *, #11101, .F. ) ;
#6618 = VERTEX_POINT ( 'NONE', #3538 ) ;
#6619 = ORIENTED_EDGE ( 'NONE', *, *, #10858, .T. ) ;
#6620 = EDGE_LOOP ( 'NONE', ( #2935, #11103, #7624, #8575, #552, #6767, #4329, #9068, #2391 ) ) ;
#6621 = VECTOR ( 'NONE', #2135, 1000.000000000000000 ) ;
#6622 = CARTESIAN_POINT ( 'NONE',  ( 14.35590445068956988, 1.267235759035802989, -5.187091293331779873 ) ) ;
#6623 = VERTEX_POINT ( 'NONE', #413 ) ;
#6624 = PLANE ( 'NONE',  #2560 ) ;
#6625 = PLANE ( 'NONE',  #7839 ) ;
#6626 = FACE_OUTER_BOUND ( 'NONE', #12161, .T. ) ;
#6627 = DIRECTION ( 'NONE',  ( 1.355252715606880543E-16, 1.000000000000000000, -9.463679131915807439E-31 ) ) ;
#6628 = VECTOR ( 'NONE', #3732, 1000.000000000000000 ) ;
#6629 = CIRCLE ( 'NONE', #42, 2.000000000000000000 ) ;
#6630 = ORIENTED_EDGE ( 'NONE', *, *, #4629, .T. ) ;
#6631 = ORIENTED_EDGE ( 'NONE', *, *, #5275, .T. ) ;
#6632 = EDGE_CURVE ( 'NONE', #218, #8076, #9235, .T. ) ;
#6633 = ORIENTED_EDGE ( 'NONE', *, *, #11554, .T. ) ;
#6634 = B_SPLINE_CURVE_WITH_KNOTS ( 'NONE', 3,
 ( #10349, #1771, #888, #4708, #8523, #954 ),
 .UNSPECIFIED., .F., .F.,
 ( 4, 2, 4 ),
 ( 4.336808689942018699E-19, 0.001513007688743851472, 0.003026015377487702510 ),
 .UNSPECIFIED. ) ;
#6635 = ORIENTED_EDGE ( 'NONE', *, *, #7429, .F. ) ;
#6636 = ADVANCED_FACE ( 'NONE', ( #1470 ), #11127, .T. ) ;
#6637 = CARTESIAN_POINT ( 'NONE',  ( 38.50000000000001421, 0.000000000000000000, 0.1662919268571550480 ) ) ;
#6638 = ORIENTED_EDGE ( 'NONE', *, *, #7451, .T. ) ;
#6639 = VECTOR ( 'NONE', #8269, 1000.000000000000000 ) ;
#6640 = DIRECTION ( 'NONE',  ( -1.000000000000000000, -0.000000000000000000, -0.000000000000000000 ) ) ;
#6641 = VECTOR ( 'NONE', #7470, 1000.000000000000000 ) ;
#6642 = DIRECTION ( 'NONE',  ( 1.000000000000000000, -0.000000000000000000, -0.000000000000000000 ) ) ;
#6643 = CARTESIAN_POINT ( 'NONE',  ( 18.64120593425275274, 0.000000000000000000, -5.578152595329384233 ) ) ;
#6644 = CARTESIAN_POINT ( 'NONE',  ( 15.64120593425277050, 1.000000000000000000, -3.007045462299397620 ) ) ;
#6645 = DIRECTION ( 'NONE',  ( 0.5407162030609378167, 0.5407162030609377057, 0.6444004775717702138 ) ) ;
#6646 = DIRECTION ( 'NONE',  ( 0.000000000000000000, -0.000000000000000000, -1.000000000000000000 ) ) ;
#6647 = PLANE ( 'NONE',  #8084 ) ;
#6648 = EDGE_CURVE ( 'NONE', #489, #7063, #12080, .T. ) ;
#6649 = DIRECTION ( 'NONE',  ( -1.894180325222886620E-15, -0.9625068420560822791, -0.2712574035768015590 ) ) ;
#6650 = ORIENTED_EDGE ( 'NONE', *, *, #1558, .F. ) ;
#6651 = CARTESIAN_POINT ( 'NONE',  ( 20.68279252339591068, 0.4000000000000000222, -2.240753535442231215 ) ) ;
#6652 = EDGE_CURVE ( 'NONE', #4869, #4687, #2537, .T. ) ;
#6653 = VERTEX_POINT ( 'NONE', #1661 ) ;
#6654 = EDGE_LOOP ( 'NONE', ( #4911, #565, #8748, #6827, #4606, #1368, #8934, #10427, #11090, #5593, #322, #441, #3480 ) ) ;
#6655 = FACE_OUTER_BOUND ( 'NONE', #5394, .T. ) ;
#6656 = DIRECTION ( 'NONE',  ( -3.093406186374441444E-32, 1.000000000000000000, 2.710505431213761085E-16 ) ) ;
#6657 = CARTESIAN_POINT ( 'NONE',  ( 27.21180890137915043, 2.000000000000000000, 2.799999999999999822 ) ) ;
#6658 = CARTESIAN_POINT ( 'NONE',  ( 1.029994824228557260, 1.399999999999999911, -5.030233932060673929 ) ) ;
#6659 = UNCERTAINTY_MEASURE_WITH_UNIT (LENGTH_MEASURE( 1.000000000000000082E-05 ), #5795, 'distance_accuracy_value', 'NONE');
#6660 = CARTESIAN_POINT ( 'NONE',  ( 35.78241186850554101, 0.000000000000000000, -3.007045462299399396 ) ) ;
#6661 = ORIENTED_EDGE ( 'NONE', *, *, #914, .F. ) ;
#6662 = LINE ( 'NONE', #10485, #9138 ) ;
#6663 = CARTESIAN_POINT ( 'NONE',  ( 13.91734343231061821, 0.5614389816210439976, -0.9267798729277888503 ) ) ;
#6664 = VERTEX_POINT ( 'NONE', #6414 ) ;
#6665 = ORIENTED_EDGE ( 'NONE', *, *, #8347, .T. ) ;
#6666 = ORIENTED_EDGE ( 'NONE', *, *, #2099, .F. ) ;
#6667 = ADVANCED_FACE ( 'NONE', ( #3476 ), #530, .T. ) ;
#6668 = CARTESIAN_POINT ( 'NONE',  ( 11.23295198754445146, 1.400000000000000355, -5.141489476468492192 ) ) ;
#6669 = DIRECTION ( 'NONE',  ( 0.000000000000000000, -1.000000000000000000, 0.000000000000000000 ) ) ;
#6670 = CARTESIAN_POINT ( 'NONE',  ( 16.79749103983272107, 0.3999999999999999667, -2.240753535442232547 ) ) ;
#6671 = EDGE_CURVE ( 'NONE', #1081, #1427, #3354, .T. ) ;
#6672 = DIRECTION ( 'NONE',  ( 0.000000000000000000, -1.000000000000000000, 0.000000000000000000 ) ) ;
#6673 = LINE ( 'NONE', #10495, #5746 ) ;
#6674 = PLANE ( 'NONE',  #5638 ) ;
#6675 = LINE ( 'NONE', #10253, #8571 ) ;
#6676 = DIRECTION ( 'NONE',  ( -0.5407162030609422576, 0.5407162030609375947, -0.6444004775717664391 ) ) ;
#6677 = CYLINDRICAL_SURFACE ( 'NONE', #130, 1.500000000000000000 ) ;
#6678 = CARTESIAN_POINT ( 'NONE',  ( -1.500000000000009326, 1.103464568314089123, -5.267165293036052631 ) ) ;
#6679 = EDGE_LOOP ( 'NONE', ( #2339, #1415, #1499, #8218 ) ) ;
#6680 = ORIENTED_EDGE ( 'NONE', *, *, #6830, .T. ) ;
#6681 = ORIENTED_EDGE ( 'NONE', *, *, #2803, .T. ) ;
#6682 = ORIENTED_EDGE ( 'NONE', *, *, #7283, .T. ) ;
#6683 = CARTESIAN_POINT ( 'NONE',  ( 3.765488591701607213, 1.400000000000000355, -5.120565198620423253 ) ) ;
#6684 = ORIENTED_EDGE ( 'NONE', *, *, #8116, .F. ) ;
#6685 = EDGE_CURVE ( 'NONE', #124, #2873, #10939, .T. ) ;
#6686 = LINE ( 'NONE', #10512, #6139 ) ;
#6687 = EDGE_CURVE ( 'NONE', #7494, #5958, #8990, .T. ) ;
#6688 = DIRECTION ( 'NONE',  ( 0.000000000000000000, 2.710505431213761085E-15, -1.000000000000000000 ) ) ;
#6689 = DIRECTION ( 'NONE',  ( 0.000000000000000000, 0.000000000000000000, -1.000000000000000000 ) ) ;
#6690 = PLANE ( 'NONE',  #11069 ) ;
#6691 = VECTOR ( 'NONE', #6779, 1000.000000000000000 ) ;
#6692 = ORIENTED_EDGE ( 'NONE', *, *, #11965, .F. ) ;
#6693 = ORIENTED_EDGE ( 'NONE', *, *, #10421, .T. ) ;
#6694 = ORIENTED_EDGE ( 'NONE', *, *, #253, .T. ) ;
#6695 = ORIENTED_EDGE ( 'NONE', *, *, #10778, .T. ) ;
#6696 = CARTESIAN_POINT ( 'NONE',  ( 15.62385110722801507, 1.400000000000000355, -4.852277374311898761 ) ) ;
#6697 = ORIENTED_EDGE ( 'NONE', *, *, #12369, .F. ) ;
#6698 = EDGE_CURVE ( 'NONE', #5172, #11467, #4232, .T. ) ;
#6699 = CARTESIAN_POINT ( 'NONE',  ( 13.20276409610700519, 0.4000000000000000222, -2.240753535442239208 ) ) ;
#6700 = VECTOR ( 'NONE', #4164, 1000.000000000000000 ) ;
#6701 = DIRECTION ( 'NONE',  ( 0.000000000000000000, -1.000000000000000000, -0.000000000000000000 ) ) ;
#6702 = CARTESIAN_POINT ( 'NONE',  ( 2.785301483563191294, 0.000000000000000000, -1.000000000000000000 ) ) ;
#6703 = VECTOR ( 'NONE', #2988, 1000.000000000000000 ) ;
#6704 = EDGE_CURVE ( 'NONE', #2864, #11434, #5227, .T. ) ;
#6705 = PLANE ( 'NONE',  #6038 ) ;
#6706 = DIRECTION ( 'NONE',  ( -0.000000000000000000, -1.000000000000000000, 0.000000000000000000 ) ) ;
#6707 = EDGE_CURVE ( 'NONE', #9243, #613, #8044, .T. ) ;
#6708 = CARTESIAN_POINT ( 'NONE',  ( 32.78241186850552680, 2.072578233334808395, 1.800000000000000044 ) ) ;
#6709 = DIRECTION ( 'NONE',  ( -1.000000000000000000, -0.000000000000000000, -0.000000000000000000 ) ) ;
#6710 = VERTEX_POINT ( 'NONE', #7168 ) ;
#6711 = VECTOR ( 'NONE', #10339, 1000.000000000000000 ) ;
#6712 = CARTESIAN_POINT ( 'NONE',  ( 5.785301483563187297, 1.399999999999999689, -4.612012738139092072 ) ) ;
#6713 = ORIENTED_EDGE ( 'NONE', *, *, #7661, .T. ) ;
#6714 = LINE ( 'NONE', #11680, #1599 ) ;
#6715 = VECTOR ( 'NONE', #5393, 1000.000000000000000 ) ;
#6716 = AXIS2_PLACEMENT_3D ( 'NONE', #7651, #4249, #10604 ) ;
#6717 = ORIENTED_EDGE ( 'NONE', *, *, #10206, .F. ) ;
#6718 = ORIENTED_EDGE ( 'NONE', *, *, #7867, .T. ) ;
#6719 = CARTESIAN_POINT ( 'NONE',  ( 25.71180890137915043, 1.000000000000000000, -3.240753535442235211 ) ) ;
#6720 = CARTESIAN_POINT ( 'NONE',  ( 15.64120593425276340, 1.000000000000000000, -4.040753535442224376 ) ) ;
#6721 = CARTESIAN_POINT ( 'NONE',  ( 35.78241186850554811, 1.000000000000000000, -2.240753535442245425 ) ) ;
#6722 = CARTESIAN_POINT ( 'NONE',  ( 0.5197135088579268869, 1.400000000000000355, -5.120578528970613164 ) ) ;
#6723 = EDGE_CURVE ( 'NONE', #12071, #5676, #2473, .T. ) ;
#6724 = VECTOR ( 'NONE', #12241, 1000.000000000000000 ) ;
#6725 = VECTOR ( 'NONE', #739, 1000.000000000000000 ) ;
#6726 = ADVANCED_FACE ( 'NONE', ( #6163 ), #9990, .F. ) ;
#6727 = DIRECTION ( 'NONE',  ( 0.000000000000000000, -1.000000000000000000, -0.000000000000000000 ) ) ;
#6728 = CARTESIAN_POINT ( 'NONE',  ( 39.31457299748615242, 0.4000000000000000222, -2.240753535442239208 ) ) ;
#6729 = DIRECTION ( 'NONE',  ( 0.000000000000000000, 1.000000000000000000, 0.000000000000000000 ) ) ;
#6730 = ORIENTED_EDGE ( 'NONE', *, *, #12219, .T. ) ;
#6731 = VERTEX_POINT ( 'NONE', #6728 ) ;
#6732 = ORIENTED_EDGE ( 'NONE', *, *, #3882, .T. ) ;
#6733 = VECTOR ( 'NONE', #344, 1000.000000000000000 ) ;
#6734 = VECTOR ( 'NONE', #9597, 1000.000000000000000 ) ;
#6735 =( BOUNDED_CURVE ( )  B_SPLINE_CURVE ( 3, ( #11331, #7617, #6485, #10309 ),
 .UNSPECIFIED., .F., .F. ) 
 B_SPLINE_CURVE_WITH_KNOTS ( ( 4, 4 ),
 ( 0.8726646259971631014, 1.198269360942234352 ),
 .UNSPECIFIED. ) 
 CURVE ( )  GEOMETRIC_REPRESENTATION_ITEM ( )  RATIONAL_B_SPLINE_CURVE ( ( 1.000000000000000000, 0.9911846262163772625, 0.9911846262163772625, 1.000000000000000000 ) ) 
 REPRESENTATION_ITEM ( '' )  );
#6736 = CARTESIAN_POINT ( 'NONE',  ( 27.21180890137915043, 1.000000000000000000, -1.000000000000000000 ) ) ;
#6737 = DIRECTION ( 'NONE',  ( 1.141265444721583757E-16, -0.000000000000000000, 1.000000000000000000 ) ) ;
#6738 = LINE ( 'NONE', #2980, #5129 ) ;
#6739 = CARTESIAN_POINT ( 'NONE',  ( 0.3468596454174303068, 0.4000000000000000222, -2.240753535442239208 ) ) ;
#6740 = CARTESIAN_POINT ( 'NONE',  ( 28.49711038494233861, 0.5351768109448618027, 2.449066664678465788 ) ) ;
#6741 = EDGE_CURVE ( 'NONE', #3201, #6809, #12207, .T. ) ;
#6742 = DIRECTION ( 'NONE',  ( 1.000000000000000000, -0.000000000000000000, -6.982962677686266711E-15 ) ) ;
#6743 = CARTESIAN_POINT ( 'NONE',  ( 20.87112376604247643, 1.399999999999831823, -5.423416779412474575 ) ) ;
#6744 = EDGE_CURVE ( 'NONE', #1177, #4079, #6603, .T. ) ;
#6745 = AXIS2_PLACEMENT_3D ( 'NONE', #11117, #3529, #6273 ) ;
#6746 = FACE_OUTER_BOUND ( 'NONE', #11648, .T. ) ;
#6747 = LINE ( 'NONE', #10569, #5130 ) ;
#6748 = EDGE_CURVE ( 'NONE', #11434, #11835, #7666, .T. ) ;
#6749 = DIRECTION ( 'NONE',  ( 0.000000000000000000, -1.000000000000000000, 0.000000000000000000 ) ) ;
#6750 = ORIENTED_EDGE ( 'NONE', *, *, #9359, .T. ) ;
#6751 = ORIENTED_EDGE ( 'NONE', *, *, #1622, .T. ) ;
#6752 = ORIENTED_EDGE ( 'NONE', *, *, #11302, .F. ) ;
#6753 = VERTEX_POINT ( 'NONE', #3603 ) ;
#6754 = LINE ( 'NONE', #11597, #10932 ) ;
#6755 = ORIENTED_EDGE ( 'NONE', *, *, #12172, .T. ) ;
#6756 = COLOUR_RGB ( '',0.7921568627450980005, 0.8196078431372548767, 0.9333333333333333481 ) ;
#6757 = CARTESIAN_POINT ( 'NONE',  ( 40.06771335206872919, 1.000000000000000000, 0.8999999999999916955 ) ) ;
#6758 = CARTESIAN_POINT ( 'NONE',  ( 22.92650741781595869, 1.000000000000000000, -0.4041232037028950064 ) ) ;
#6759 = DIRECTION ( 'NONE',  ( -1.000000000000000000, -0.000000000000000000, 1.141265444721583757E-16 ) ) ;
#6760 = ADVANCED_FACE ( 'NONE', ( #2716 ), #7603, .F. ) ;
#6761 = DIRECTION ( 'NONE',  ( 0.000000000000000000, -1.000000000000000000, 0.000000000000000000 ) ) ;
#6762 = VECTOR ( 'NONE', #9786, 1000.000000000000000 ) ;
#6763 = EDGE_CURVE ( 'NONE', #4265, #4759, #1720, .T. ) ;
#6764 = ORIENTED_EDGE ( 'NONE', *, *, #10031, .T. ) ;
#6765 = ORIENTED_EDGE ( 'NONE', *, *, #5419, .T. ) ;
#6766 = EDGE_CURVE ( 'NONE', #1632, #7559, #11505, .T. ) ;
#6767 = ORIENTED_EDGE ( 'NONE', *, *, #6602, .T. ) ;
#6768 = ORIENTED_EDGE ( 'NONE', *, *, #10155, .F. ) ;
#6769 = CARTESIAN_POINT ( 'NONE',  ( 16.58582228247927759, 1.399999999999831823, -5.423416779412474575 ) ) ;
#6770 = VERTEX_POINT ( 'NONE', #12269 ) ;
#6771 = CARTESIAN_POINT ( 'NONE',  ( 17.88806557967019373, 0.4000000000000000222, -3.000000000000000000 ) ) ;
#6772 = VECTOR ( 'NONE', #3282, 1000.000000000000000 ) ;
#6773 = PLANE ( 'NONE',  #11653 ) ;
#6774 = LINE ( 'NONE', #5763, #5370 ) ;
#6775 = CIRCLE ( 'NONE', #3776, 4.810796291701608496 ) ;
#6776 = PLANE ( 'NONE',  #9242 ) ;
#6777 = CARTESIAN_POINT ( 'NONE',  ( 17.88806557967019373, 0.000000000000000000, -1.000000000000000000 ) ) ;
#6778 = DIRECTION ( 'NONE',  ( 1.000000000000000000, 0.000000000000000000, -1.141265444721583757E-16 ) ) ;
#6779 = DIRECTION ( 'NONE',  ( 7.097089222158425653E-15, -0.000000000000000000, 1.000000000000000000 ) ) ;
#6780 = LINE ( 'NONE', #6839, #5314 ) ;
#6781 = ORIENTED_EDGE ( 'NONE', *, *, #3166, .F. ) ;
#6782 = VECTOR ( 'NONE', #10582, 1000.000000000000000 ) ;
#6783 = CARTESIAN_POINT ( 'NONE',  ( -0.9999999999999978906, 0.000000000000000000, -1.000000000000000000 ) ) ;
#6784 = AXIS2_PLACEMENT_3D ( 'NONE', #1259, #6837, #6011 ) ;
#6785 = EDGE_LOOP ( 'NONE', ( #10943, #1488, #11694, #4851, #6230 ) ) ;
#6786 = ORIENTED_EDGE ( 'NONE', *, *, #2168, .F. ) ;
#6787 = CARTESIAN_POINT ( 'NONE',  ( 22.92650741781595869, -1.000000000000000000, 0.3238172648295125633 ) ) ;
#6788 = DIRECTION ( 'NONE',  ( 0.000000000000000000, 0.000000000000000000, 1.000000000000000000 ) ) ;
#6789 = PLANE ( 'NONE',  #4447 ) ;
#6790 = CARTESIAN_POINT ( 'NONE',  ( 32.78241186850552680, 0.4000000000000000222, -0.2337080731428443914 ) ) ;
#6791 = VECTOR ( 'NONE', #9096, 1000.000000000000000 ) ;
#6792 = DIRECTION ( 'NONE',  ( 0.000000000000000000, 1.000000000000000000, 0.000000000000000000 ) ) ;
#6793 = LINE ( 'NONE', #3031, #9931 ) ;
#6794 = CARTESIAN_POINT ( 'NONE',  ( 13.60276409610700377, 0.000000000000000000, -2.240753535442240096 ) ) ;
#6795 = EDGE_CURVE ( 'NONE', #7840, #11434, #5478, .T. ) ;
#6796 = EDGE_LOOP ( 'NONE', ( #5051, #9583, #7390, #7191 ) ) ;
#6797 = ADVANCED_FACE ( 'NONE', ( #3659 ), #11447, .F. ) ;
#6798 = ORIENTED_EDGE ( 'NONE', *, *, #4072, .F. ) ;
#6799 = ORIENTED_EDGE ( 'NONE', *, *, #4416, .F. ) ;
#6800 = CARTESIAN_POINT ( 'NONE',  ( 13.97551513625284514, 1.106465162429488780, -5.408006954961670942 ) ) ;
#6801 = CARTESIAN_POINT ( 'NONE',  ( 16.39749103983271894, 0.000000000000000000, -2.240753535442229882 ) ) ;
#6802 = DIRECTION ( 'NONE',  ( -6.868836133214108557E-15, 0.000000000000000000, -1.000000000000000000 ) ) ;
#6803 = ADVANCED_FACE ( 'NONE', ( #5720 ), #2906, .F. ) ;
#6804 = CARTESIAN_POINT ( 'NONE',  ( 11.35590445068956811, 1.399999999999999911, -4.858572962426980446 ) ) ;
#6805 = DIRECTION ( 'NONE',  ( 0.000000000000000000, -1.000000000000000000, 0.000000000000000000 ) ) ;
#6806 = DIRECTION ( 'NONE',  ( 0.000000000000000000, -0.000000000000000000, -1.000000000000000000 ) ) ;
#6807 = LINE ( 'NONE', #10878, #525 ) ;
#6808 = CARTESIAN_POINT ( 'NONE',  ( 22.92650741781595158, 1.399999999999999911, -4.858578065624948650 ) ) ;
#6809 = VERTEX_POINT ( 'NONE', #3720 ) ;
#6810 = ORIENTED_EDGE ( 'NONE', *, *, #9687, .F. ) ;
#6811 =( BOUNDED_CURVE ( )  B_SPLINE_CURVE ( 3, ( #11631, #8791, #4907, #337 ),
 .UNSPECIFIED., .F., .F. ) 
 B_SPLINE_CURVE_WITH_KNOTS ( ( 4, 4 ),
 ( 0.8726646259971632125, 1.198269360942234352 ),
 .UNSPECIFIED. ) 
 CURVE ( )  GEOMETRIC_REPRESENTATION_ITEM ( )  RATIONAL_B_SPLINE_CURVE ( ( 1.000000000000000000, 0.9911846262163772625, 0.9911846262163772625, 1.000000000000000000 ) ) 
 REPRESENTATION_ITEM ( '' )  );
#6812 = EDGE_CURVE ( 'NONE', #476, #4811, #1847, .T. ) ;
#6813 = ORIENTED_EDGE ( 'NONE', *, *, #5768, .F. ) ;
#6814 = ORIENTED_EDGE ( 'NONE', *, *, #7116, .T. ) ;
#6815 = CARTESIAN_POINT ( 'NONE',  ( 10.07060296712639058, 1.000000000000000000, -2.836630331739350641 ) ) ;
#6816 = EDGE_CURVE ( 'NONE', #2369, #7602, #787, .T. ) ;
#6817 = VERTEX_POINT ( 'NONE', #1904 ) ;
#6818 = DIRECTION ( 'NONE',  ( 1.000000000000000000, -0.000000000000000000, -0.000000000000000000 ) ) ;
#6819 = LINE ( 'NONE', #4813, #3029 ) ;
#6820 = CARTESIAN_POINT ( 'NONE',  ( 12.85590445068957344, 1.000000000000000000, 0.3238172648295125633 ) ) ;
#6821 = LINE ( 'NONE', #6880, #5757 ) ;
#6822 = EDGE_LOOP ( 'NONE', ( #7267, #786, #3264, #5003 ) ) ;
#6823 = ORIENTED_EDGE ( 'NONE', *, *, #2542, .F. ) ;
#6824 = ORIENTED_EDGE ( 'NONE', *, *, #10861, .T. ) ;
#6825 = ORIENTED_EDGE ( 'NONE', *, *, #8597, .F. ) ;
#6826 = CARTESIAN_POINT ( 'NONE',  ( 38.50000000000001421, 0.4000000000000000222, -3.407045462299400196 ) ) ;
#6827 = ORIENTED_EDGE ( 'NONE', *, *, #2080, .T. ) ;
#6828 = EDGE_CURVE ( 'NONE', #3620, #870, #7415, .T. ) ;
#6829 = CARTESIAN_POINT ( 'NONE',  ( 5.285301483563189073, 1.000000000000000000, -1.000000000000000000 ) ) ;
#6830 = EDGE_CURVE ( 'NONE', #159, #5937, #9545, .T. ) ;
#6831 = CARTESIAN_POINT ( 'NONE',  ( 38.22399845764867621, 1.000000000000000222, -2.240753535442232547 ) ) ;
#6832 = CARTESIAN_POINT ( 'NONE',  ( 35.78241186850554101, 1.000000000000000000, -2.836630331739350641 ) ) ;
#6833 = VECTOR ( 'NONE', #6499, 1000.000000000000000 ) ;
#6834 = EDGE_CURVE ( 'NONE', #9995, #675, #5660, .T. ) ;
#6835 = CARTESIAN_POINT ( 'NONE',  ( 38.50000000000001421, 0.4000000000000000222, 0.1662919268571550480 ) ) ;
#6836 = AXIS2_PLACEMENT_3D ( 'NONE', #1281, #7740, #9740 ) ;
#6837 = DIRECTION ( 'NONE',  ( 0.7660444431189766812, 0.000000000000000000, 0.6427876096865409172 ) ) ;
#6838 = VERTEX_POINT ( 'NONE', #5542 ) ;
#6839 = CARTESIAN_POINT ( 'NONE',  ( 11.35590445068957344, 0.000000000000000000, -1.000000000000000000 ) ) ;
#6840 = ORIENTED_EDGE ( 'NONE', *, *, #8962, .T. ) ;
#6841 = CARTESIAN_POINT ( 'NONE',  ( 2.785301483563190850, 0.000000000000000000, 1.999999999999997335 ) ) ;
#6842 = AXIS2_PLACEMENT_3D ( 'NONE', #8241, #10307, #7426 ) ;
#6843 = ORIENTED_EDGE ( 'NONE', *, *, #801, .T. ) ;
#6844 = ORIENTED_EDGE ( 'NONE', *, *, #8755, .F. ) ;
#6845 = VECTOR ( 'NONE', #2532, 1000.000000000000000 ) ;
#6846 = CARTESIAN_POINT ( 'NONE',  ( 40.06771335206872919, 0.000000000000000000, -1.000000000000000000 ) ) ;
#6847 = LINE ( 'NONE', #6022, #10142 ) ;
#6848 = EDGE_CURVE ( 'NONE', #4884, #5930, #900, .T. ) ;
#6849 = LINE ( 'NONE', #6721, #7241 ) ;
#6850 = LINE ( 'NONE', #4085, #5960 ) ;
#6851 = EDGE_CURVE ( 'NONE', #5243, #7687, #6662, .T. ) ;
#6852 = VECTOR ( 'NONE', #1314, 1000.000000000000000 ) ;
#6853 = DIRECTION ( 'NONE',  ( -0.000000000000000000, -0.000000000000000000, 1.000000000000000000 ) ) ;
#6854 = DIRECTION ( 'NONE',  ( -0.000000000000000000, -0.000000000000000000, 1.000000000000000000 ) ) ;
#6855 = CARTESIAN_POINT ( 'NONE',  ( 7.070602967126382588, 0.000000000000000000, -0.4041232037028950064 ) ) ;
#6856 = ORIENTED_EDGE ( 'NONE', *, *, #9739, .F. ) ;
#6857 = ORIENTED_EDGE ( 'NONE', *, *, #8055, .F. ) ;
#6858 = ORIENTED_EDGE ( 'NONE', *, *, #6206, .F. ) ;
#6859 = DIRECTION ( 'NONE',  ( -1.000000000000000000, 0.000000000000000000, 0.000000000000000000 ) ) ;
#6860 = CARTESIAN_POINT ( 'NONE',  ( 5.785301483563195291, 0.000000000000000000, -3.407045462299396199 ) ) ;
#6861 = CARTESIAN_POINT ( 'NONE',  ( -1.500000000000000444, 0.9534028740753675013, 2.799999999999999822 ) ) ;
#6862 = CARTESIAN_POINT ( 'NONE',  ( 27.21180890137913977, 8.673617379884035472E-16, -5.578152595329383345 ) ) ;
#6863 = DIRECTION ( 'NONE',  ( 0.000000000000000000, 0.000000000000000000, -1.000000000000000000 ) ) ;
#6864 = CARTESIAN_POINT ( 'NONE',  ( 22.17336706323338547, 0.4000000000000000222, -1.000000000000000000 ) ) ;
#6865 = EDGE_CURVE ( 'NONE', #3811, #2252, #3851, .T. ) ;
#6866 = CARTESIAN_POINT ( 'NONE',  ( 31.49711038494234927, 0.000000000000000000, -2.240753535442245425 ) ) ;
#6867 = CARTESIAN_POINT ( 'NONE',  ( 31.49711038494234217, 1.000000000000000000, -2.836630331739350641 ) ) ;
#6868 = EDGE_CURVE ( 'NONE', #10635, #5958, #11317, .T. ) ;
#6869 = CARTESIAN_POINT ( 'NONE',  ( 18.64120593425276695, 1.000000000000000000, -1.000000000000000000 ) ) ;
#6870 = LINE ( 'NONE', #5050, #1581 ) ;
#6871 = EDGE_LOOP ( 'NONE', ( #4189, #5509, #11233, #10809 ) ) ;
#6872 = ORIENTED_EDGE ( 'NONE', *, *, #6514, .F. ) ;
#6873 = ORIENTED_EDGE ( 'NONE', *, *, #566, .F. ) ;
#6874 = ORIENTED_EDGE ( 'NONE', *, *, #5195, .T. ) ;
#6875 = LINE ( 'NONE', #6815, #522 ) ;
#6876 = ORIENTED_EDGE ( 'NONE', *, *, #8503, .T. ) ;
#6877 = CARTESIAN_POINT ( 'NONE',  ( 15.64120593425276340, 1.499358225474672235, 1.300000000000000044 ) ) ;
#6878 = CARTESIAN_POINT ( 'NONE',  ( 15.64120593425276340, 0.000000000000000000, -1.000000000000000000 ) ) ;
#6879 = EDGE_CURVE ( 'NONE', #4079, #8189, #1971, .T. ) ;
#6880 = CARTESIAN_POINT ( 'NONE',  ( -1.500000000000000000, 1.000000000000000000, -0.4041232037028949509 ) ) ;
#6881 = EDGE_CURVE ( 'NONE', #7529, #2113, #6793, .T. ) ;
#6882 = VERTEX_POINT ( 'NONE', #3090 ) ;
#6883 = ORIENTED_EDGE ( 'NONE', *, *, #213, .T. ) ;
#6884 = ORIENTED_EDGE ( 'NONE', *, *, #11220, .T. ) ;
#6885 = ORIENTED_EDGE ( 'NONE', *, *, #6868, .F. ) ;
#6886 = CARTESIAN_POINT ( 'NONE',  ( 16.07976695263173283, 0.5614389816210439976, -2.313973662514438256 ) ) ;
#6887 = VERTEX_POINT ( 'NONE', #1272 ) ;
#6888 = FACE_OUTER_BOUND ( 'NONE', #7018, .T. ) ;
#6889 = DIRECTION ( 'NONE',  ( -0.6427876096865355882, -0.000000000000000000, 0.7660444431189811221 ) ) ;
#6890 = CARTESIAN_POINT ( 'NONE',  ( 9.742841570860212741, 0.6722386037338313747, -0.7947340252167933716 ) ) ;
#6891 = DIRECTION ( 'NONE',  ( 0.000000000000000000, -1.000000000000000000, 0.000000000000000000 ) ) ;
#6892 = PLANE ( 'NONE',  #6784 ) ;
#6893 = ORIENTED_EDGE ( 'NONE', *, *, #7587, .T. ) ;
#6894 = CARTESIAN_POINT ( 'NONE',  ( 12.85590445068957344, 1.000000000000000000, -0.4041232037028948954 ) ) ;
#6895 = VERTEX_POINT ( 'NONE', #215 ) ;
#6896 = LINE ( 'NONE', #2508, #6396 ) ;
#6897 = EDGE_CURVE ( 'NONE', #12036, #159, #2217, .T. ) ;
#6898 = VECTOR ( 'NONE', #4037, 1000.000000000000000 ) ;
#6899 = ORIENTED_EDGE ( 'NONE', *, *, #6244, .T. ) ;
#6900 = ORIENTED_EDGE ( 'NONE', *, *, #964, .T. ) ;
#6901 = DIRECTION ( 'NONE',  ( 1.000000000000000000, -0.000000000000000000, -0.000000000000000000 ) ) ;
#6902 = DIRECTION ( 'NONE',  ( -7.335912872304331086E-17, 0.7660444431189772363, 0.6427876096865402511 ) ) ;
#6903 = DIRECTION ( 'NONE',  ( 0.000000000000000000, 0.6427876096865402511, -0.7660444431189772363 ) ) ;
#6904 = CARTESIAN_POINT ( 'NONE',  ( 38.50000000000001421, 0.000000000000000000, -3.007045462299399841 ) ) ;
#6905 = VECTOR ( 'NONE', #11500, 1000.000000000000000 ) ;
#6906 = ADVANCED_FACE ( 'NONE', ( #7793 ), #7730, .F. ) ;
#6908 = CARTESIAN_POINT ( 'NONE',  ( 19.92650741781596579, 0.000000000000000000, -2.836630331739329769 ) ) ;
#6907 = AXIS2_PLACEMENT_3D ( 'NONE', #11368, #12313, #11305 ) ;
#6909 = VECTOR ( 'NONE', #6614, 1000.000000000000000 ) ;
#6910 = CARTESIAN_POINT ( 'NONE',  ( 18.64120593425277050, 1.000000000000000000, -3.007045462299397620 ) ) ;
#6911 = DIRECTION ( 'NONE',  ( 0.5407162030609332648, 0.5407162030609377057, -0.6444004775717739886 ) ) ;
#6913 = ORIENTED_EDGE ( 'NONE', *, *, #11333, .F. ) ;
#6912 = EDGE_CURVE ( 'NONE', #1620, #3275, #274, .T. ) ;
#6914 = EDGE_CURVE ( 'NONE', #6506, #10315, #9609, .T. ) ;
#6915 = VERTEX_POINT ( 'NONE', #10741 ) ;
#6916 = ORIENTED_EDGE ( 'NONE', *, *, #1325, .T. ) ;
#6917 = CARTESIAN_POINT ( 'NONE',  ( 11.84201109274355979, 1.106833761053985121, -5.425736373931110634 ) ) ;
#6918 = DIRECTION ( 'NONE',  ( 0.000000000000000000, 0.000000000000000000, 1.000000000000000000 ) ) ;
#6919 = CARTESIAN_POINT ( 'NONE',  ( 14.35590445068957344, 2.000000000000000000, 1.739099631177264405 ) ) ;
#6920 = VECTOR ( 'NONE', #4641, 1000.000000000000000 ) ;
#6921 = DIRECTION ( 'NONE',  ( -0.000000000000000000, -1.000000000000000000, 0.000000000000000000 ) ) ;
#6922 = PLANE ( 'NONE',  #4564 ) ;
#6923 = VECTOR ( 'NONE', #11876, 1000.000000000000000 ) ;
#6924 = CARTESIAN_POINT ( 'NONE',  ( 31.49711038494234217, 0.000000000000000000, -3.007045462299398952 ) ) ;
#6925 = CARTESIAN_POINT ( 'NONE',  ( 20.32762205001779066, 1.399999999999548939, -5.329232319203086377 ) ) ;
#6926 = DIRECTION ( 'NONE',  ( -1.894180325222886620E-15, -0.9625068420560822791, -0.2712574035768015590 ) ) ;
#6927 = DIRECTION ( 'NONE',  ( -0.000000000000000000, -0.000000000000000000, 1.000000000000000000 ) ) ;
#6928 = AXIS2_PLACEMENT_3D ( 'NONE', #3251, #11790, #8125 ) ;
#6929 = CARTESIAN_POINT ( 'NONE',  ( 31.64714709560455930, 1.102365273526561218, -5.215486168409626977 ) ) ;
#6930 = VERTEX_POINT ( 'NONE', #5090 ) ;
#6931 = EDGE_LOOP ( 'NONE', ( #8595, #8233, #3880, #11432 ) ) ;
#6932 = AXIS2_PLACEMENT_3D ( 'NONE', #470, #9109, #8228 ) ;
#6933 = ORIENTED_EDGE ( 'NONE', *, *, #1024, .F. ) ;
#6934 = ORIENTED_EDGE ( 'NONE', *, *, #11934, .T. ) ;
#6935 = CARTESIAN_POINT ( 'NONE',  ( 22.17336706323338547, 0.4000000000000000222, -1.000000000000000000 ) ) ;
#6936 = DIRECTION ( 'NONE',  ( 1.000000000000000000, 0.000000000000000000, 0.000000000000000000 ) ) ;
#6937 = VECTOR ( 'NONE', #3730, 1000.000000000000000 ) ;
#6938 = CARTESIAN_POINT ( 'NONE',  ( 18.14120593425277761, 0.000000000000000000, -2.240753535442241873 ) ) ;
#6939 = AXIS2_PLACEMENT_3D ( 'NONE', #5211, #7274, #4405 ) ;
#6940 = CARTESIAN_POINT ( 'NONE',  ( 32.78241186850551969, 3.272523262990679971, -4.655872776437634641 ) ) ;
#6941 = ORIENTED_EDGE ( 'NONE', *, *, #667, .F. ) ;
#6942 = ORIENTED_EDGE ( 'NONE', *, *, #1087, .T. ) ;
#6943 = ORIENTED_EDGE ( 'NONE', *, *, #5069, .F. ) ;
#6944 = ORIENTED_EDGE ( 'NONE', *, *, #10439, .T. ) ;
#6945 = CIRCLE ( 'NONE', #8336, 4.810796291701608496 ) ;
#6946 = EDGE_CURVE ( 'NONE', #3375, #4073, #2036, .T. ) ;
#6947 = EDGE_CURVE ( 'NONE', #4064, #7265, #6811, .T. ) ;
#6948 = CARTESIAN_POINT ( 'NONE',  ( 39.59980223830667967, 0.5320888862379536954, -0.9617579545435693822 ) ) ;
#6949 = VERTEX_POINT ( 'NONE', #1215 ) ;
#6950 = CARTESIAN_POINT ( 'NONE',  ( 18.64120593425277050, 0.3999999999999999667, -3.407045462299400196 ) ) ;
#6951 = ADVANCED_FACE ( 'NONE', ( #2155 ), #9729, .F. ) ;
#6952 = CARTESIAN_POINT ( 'NONE',  ( 37.06771335206872919, 1.000000000000000000, -2.836630331739329769 ) ) ;
#6953 = LINE ( 'NONE', #2136, #2368 ) ;
#6954 = LINE ( 'NONE', #5949, #10658 ) ;
#6955 = AXIS2_PLACEMENT_3D ( 'NONE', #9871, #2362, #2421 ) ;
#6956 = PLANE ( 'NONE',  #4778 ) ;
#6957 = ORIENTED_EDGE ( 'NONE', *, *, #8807, .T. ) ;
#6958 = VERTEX_POINT ( 'NONE', #3151 ) ;
#6959 = CARTESIAN_POINT ( 'NONE',  ( 34.78652175234685018, 1.108515853782455984, -5.506187988402309941 ) ) ;
#6960 = ORIENTED_EDGE ( 'NONE', *, *, #9669, .T. ) ;
#6961 = DIRECTION ( 'NONE',  ( 0.000000000000000000, 0.000000000000000000, 1.000000000000000000 ) ) ;
#6962 = DIRECTION ( 'NONE',  ( 7.097089222158425653E-15, -0.000000000000000000, 1.000000000000000000 ) ) ;
#6963 = VERTEX_POINT ( 'NONE', #9666 ) ;
#6964 = ORIENTED_EDGE ( 'NONE', *, *, #1630, .T. ) ;
#6965 = VECTOR ( 'NONE', #393, 1000.000000000000000 ) ;
#6966 = CARTESIAN_POINT ( 'NONE',  ( 7.538514080888429447, 0.5320888862379536954, -0.9617579545435693822 ) ) ;
#6967 = DIRECTION ( 'NONE',  ( 0.000000000000000000, -1.000000000000000000, -0.000000000000000000 ) ) ;
#6968 = AXIS2_PLACEMENT_3D ( 'NONE', #12339, #2728, #10497 ) ;
#6969 = EDGE_CURVE ( 'NONE', #1274, #10911, #3210, .T. ) ;
#6970 = CARTESIAN_POINT ( 'NONE',  ( 26.71180890137915753, 0.000000000000000000, -2.240753535442241873 ) ) ;
#6971 = FACE_OUTER_BOUND ( 'NONE', #811, .T. ) ;
#6972 = ADVANCED_FACE ( 'NONE', ( #4973 ), #6029, .T. ) ;
#6973 = AXIS2_PLACEMENT_3D ( 'NONE', #119, #9921, #3222 ) ;
#6974 = CARTESIAN_POINT ( 'NONE',  ( 4.632161128980621712, 0.4000000000000000222, -3.000000000000000000 ) ) ;
#6975 = VECTOR ( 'NONE', #2698, 1000.000000000000000 ) ;
#6976 = CARTESIAN_POINT ( 'NONE',  ( 11.35590445068958587, 1.399999999999999911, -2.240753535442224553 ) ) ;
#6977 = CARTESIAN_POINT ( 'NONE',  ( 15.64120593425275985, 3.272523262990679971, -4.655872776437634641 ) ) ;
#6978 = ORIENTED_EDGE ( 'NONE', *, *, #7221, .F. ) ;
#6979 = EDGE_LOOP ( 'NONE', ( #7655, #9233, #6873, #1659 ) ) ;
#6980 = ORIENTED_EDGE ( 'NONE', *, *, #8082, .F. ) ;
#6981 = CARTESIAN_POINT ( 'NONE',  ( 19.92650741781595514, 2.000000000000000000, 2.799999999999999822 ) ) ;
#6982 = DIRECTION ( 'NONE',  ( -1.141265444721583757E-16, 0.000000000000000000, -1.000000000000000000 ) ) ;
#6983 = CARTESIAN_POINT ( 'NONE',  ( 28.49711038494233861, 1.000000000000000000, -4.040753535442224376 ) ) ;
#6984 = EDGE_CURVE ( 'NONE', #2754, #11010, #7033, .T. ) ;
#6985 = AXIS2_PLACEMENT_3D ( 'NONE', #10646, #11951, #9987 ) ;
#6986 = CARTESIAN_POINT ( 'NONE',  ( 26.22899692605410849, 8.971790744797411896E-16, -5.900668485670307106 ) ) ;
#6987 = DIRECTION ( 'NONE',  ( -4.005262847839656493E-15, -0.8191520442889909104, -0.5735764363510473807 ) ) ;
#6988 = EDGE_CURVE ( 'NONE', #12361, #11386, #4849, .T. ) ;
#6989 = DIRECTION ( 'NONE',  ( 0.000000000000000000, 0.000000000000000000, -1.000000000000000000 ) ) ;
#6990 = EDGE_CURVE ( 'NONE', #8793, #475, #8667, .T. ) ;
#6991 = CARTESIAN_POINT ( 'NONE',  ( 22.92650741781595869, 2.000000000000000000, 2.799999999999999822 ) ) ;
#6992 = EDGE_CURVE ( 'NONE', #3662, #173, #1092, .T. ) ;
#6993 = FACE_OUTER_BOUND ( 'NONE', #11228, .T. ) ;
#6994 = CARTESIAN_POINT ( 'NONE',  ( 24.68531011995376900, 1.400000000000000355, -5.031499608973810211 ) ) ;
#6995 = AXIS2_PLACEMENT_3D ( 'NONE', #8850, #11632, #1093 ) ;
#6996 = CARTESIAN_POINT ( 'NONE',  ( 31.09971836517700083, 1.400000000000728440, -5.327909680985296603 ) ) ;
#6997 = EDGE_LOOP ( 'NONE', ( #2146, #904, #10133, #756 ) ) ;
#6998 = EDGE_LOOP ( 'NONE', ( #10477, #382, #9627, #6713 ) ) ;
#6999 = ORIENTED_EDGE ( 'NONE', *, *, #2616, .T. ) ;
#7000 = ORIENTED_EDGE ( 'NONE', *, *, #6044, .T. ) ;
#7001 = DIRECTION ( 'NONE',  ( 1.000000000000000000, -0.000000000000000000, -0.000000000000000000 ) ) ;
#7002 = DIRECTION ( 'NONE',  ( 7.097089222158425653E-15, -0.000000000000000000, 1.000000000000000000 ) ) ;
#7003 = DIRECTION ( 'NONE',  ( 1.000000000000000000, 0.000000000000000000, -6.982962677686266711E-15 ) ) ;
#7004 = CARTESIAN_POINT ( 'NONE',  ( 4.285301483563190850, 1.000000000000000000, 0.8999999999999921396 ) ) ;
#7005 = CARTESIAN_POINT ( 'NONE',  ( 27.21180890137915753, 0.000000000000000000, -2.836630331739350641 ) ) ;
#7006 = ORIENTED_EDGE ( 'NONE', *, *, #5059, .F. ) ;
#7007 = VERTEX_POINT ( 'NONE', #154 ) ;
#7008 = ORIENTED_EDGE ( 'NONE', *, *, #1735, .F. ) ;
#7009 = EDGE_LOOP ( 'NONE', ( #3572, #2479, #7608, #864 ) ) ;
#7010 = DIRECTION ( 'NONE',  ( 7.097089222158425653E-15, -0.000000000000000000, 1.000000000000000000 ) ) ;
#7011 = CARTESIAN_POINT ( 'NONE',  ( 31.05854936656338339, 0.5614389816210439976, -0.9267798729277888503 ) ) ;
#7012 = CARTESIAN_POINT ( 'NONE',  ( 30.74397003035976894, 0.000000000000000000, -1.000000000000000000 ) ) ;
#7013 = CARTESIAN_POINT ( 'NONE',  ( 2.785301483563198843, 1.000000000000000000, -2.836630331739329769 ) ) ;
#7014 = DIRECTION ( 'NONE',  ( -7.335912872304331086E-17, -0.7660444431189772363, -0.6427876096865402511 ) ) ;
#7015 = CARTESIAN_POINT ( 'NONE',  ( 7.070602967126381699, 1.499358225474672235, 1.300000000000000044 ) ) ;
#7016 = ADVANCED_FACE ( 'NONE', ( #10036 ), #12121, .T. ) ;
#7017 = ORIENTED_EDGE ( 'NONE', *, *, #8663, .T. ) ;
#7018 = EDGE_LOOP ( 'NONE', ( #6241, #8391, #10041, #9443, #11276, #5772, #9162, #2429, #5021, #11372, #7910 ) ) ;
#7019 = ADVANCED_FACE ( 'NONE', ( #1398 ), #5339, .F. ) ;
#7020 = DIRECTION ( 'NONE',  ( 6.868836133214108557E-15, 0.000000000000000000, 1.000000000000000000 ) ) ;
#7021 = ORIENTED_EDGE ( 'NONE', *, *, #5191, .F. ) ;
#7022 = CARTESIAN_POINT ( 'NONE',  ( 33.53869697408548234, 0.000000000000000000, -3.000000000000000000 ) ) ;
#7023 = ORIENTED_EDGE ( 'NONE', *, *, #7286, .F. ) ;
#7024 = VECTOR ( 'NONE', #493, 1000.000000000000000 ) ;
#7025 = PLANE ( 'NONE',  #2913 ) ;
#7026 = FACE_OUTER_BOUND ( 'NONE', #8589, .T. ) ;
#7027 = DIRECTION ( 'NONE',  ( 0.000000000000000000, -1.000000000000000000, -0.000000000000000000 ) ) ;
#7028 = CARTESIAN_POINT ( 'NONE',  ( 30.74397003035976894, 0.000000000000000000, -2.240753535442240096 ) ) ;
#7029 = EDGE_CURVE ( 'NONE', #6032, #8438, #4463, .T. ) ;
#7030 = CARTESIAN_POINT ( 'NONE',  ( 38.50000000000001421, 0.4000000000000000222, -0.2337080731428450298 ) ) ;
#7031 = VECTOR ( 'NONE', #8551, 1000.000000000000000 ) ;
#7032 = EDGE_CURVE ( 'NONE', #5214, #2674, #5153, .T. ) ;
#7033 = LINE ( 'NONE', #5031, #9337 ) ;
#7034 = VECTOR ( 'NONE', #1071, 1000.000000000000000 ) ;
#7035 = LINE ( 'NONE', #4850, #7388 ) ;
#7036 = EDGE_LOOP ( 'NONE', ( #5077, #8050, #5689, #1487 ) ) ;
#7037 = ORIENTED_EDGE ( 'NONE', *, *, #9479, .F. ) ;
#7038 = VERTEX_POINT ( 'NONE', #9035 ) ;
#7039 = DIRECTION ( 'NONE',  ( -1.141265444721583757E-16, 0.000000000000000000, 1.000000000000000000 ) ) ;
#7040 = CARTESIAN_POINT ( 'NONE',  ( 7.070602967126378147, 1.399999999999999689, -4.612012738139070755 ) ) ;
#7041 = AXIS2_PLACEMENT_3D ( 'NONE', #5698, #9527, #8584 ) ;
#7042 = DIRECTION ( 'NONE',  ( 0.000000000000000000, 0.000000000000000000, 1.000000000000000000 ) ) ;
#7043 = LINE ( 'NONE', #5916, #8760 ) ;
#7044 = VECTOR ( 'NONE', #6091, 1000.000000000000000 ) ;
#7045 = FACE_OUTER_BOUND ( 'NONE', #2805, .T. ) ;
#7046 = CARTESIAN_POINT ( 'NONE',  ( 1.061438981621044109, 0.5614389816210439976, -0.9267798729277888503 ) ) ;
#7047 = CARTESIAN_POINT ( 'NONE',  ( 11.35590445068956633, 1.115317123975225755, -5.263824959924734870 ) ) ;
#7048 = CARTESIAN_POINT ( 'NONE',  ( 40.06771335206873630, 1.000000000000000000, -2.836630331739350641 ) ) ;
#7049 = CARTESIAN_POINT ( 'NONE',  ( 15.64120593425277050, 0.000000000000000000, -3.407045462299397087 ) ) ;
#7050 = ADVANCED_FACE ( 'NONE', ( #3338 ), #515, .F. ) ;
#7051 = EDGE_LOOP ( 'NONE', ( #5230, #10556, #7440, #8915 ) ) ;
#7052 = ORIENTED_EDGE ( 'NONE', *, *, #12175, .T. ) ;
#7053 = VERTEX_POINT ( 'NONE', #8151 ) ;
#7054 = EDGE_LOOP ( 'NONE', ( #9471, #5309, #8594, #9567 ) ) ;
#7055 = EDGE_CURVE ( 'NONE', #2461, #8004, #9220, .T. ) ;
#7056 = CARTESIAN_POINT ( 'NONE',  ( 34.28241186850553390, 1.399999999999999911, -3.240753535442235211 ) ) ;
#7057 = DIRECTION ( 'NONE',  ( 0.000000000000000000, -1.000000000000000000, 0.000000000000000000 ) ) ;
#7058 = CARTESIAN_POINT ( 'NONE',  ( 7.070602967126381699, 2.000000000000000000, 2.799999999999999822 ) ) ;
#7059 = CARTESIAN_POINT ( 'NONE',  ( 34.62927151392296565, 0.4000000000000000222, -2.240753535442239208 ) ) ;
#7060 = CARTESIAN_POINT ( 'NONE',  ( 7.070602967126381699, 0.000000000000000000, 1.999999999999997335 ) ) ;
#7061 = DIRECTION ( 'NONE',  ( -6.982962677686266711E-15, 0.000000000000000000, -1.000000000000000000 ) ) ;
#7062 = EDGE_CURVE ( 'NONE', #7653, #9537, #2523, .T. ) ;
#7063 = VERTEX_POINT ( 'NONE', #4339 ) ;
#7064 = VERTEX_POINT ( 'NONE', #12006 ) ;
#7065 = VERTEX_POINT ( 'NONE', #3406 ) ;
#7066 = EDGE_LOOP ( 'NONE', ( #9212, #11530, #6168, #1930 ) ) ;
#7067 = EDGE_CURVE ( 'NONE', #3870, #9795, #7215, .T. ) ;
#7068 = ADVANCED_FACE ( 'NONE', ( #10157 ), #11054, .F. ) ;
#7069 = CARTESIAN_POINT ( 'NONE',  ( 0.7468596454174303290, 0.4000000000000000222, -3.000000000000000000 ) ) ;
#7070 = LINE ( 'NONE', #9013, #10643 ) ;
#7071 = FACE_OUTER_BOUND ( 'NONE', #3440, .T. ) ;
#7072 = DIRECTION ( 'NONE',  ( 0.000000000000000000, 0.000000000000000000, -1.000000000000000000 ) ) ;
#7073 = CARTESIAN_POINT ( 'NONE',  ( 33.93869697408548092, 0.000000000000000000, -3.000000000000000000 ) ) ;
#7074 = CARTESIAN_POINT ( 'NONE',  ( 35.78241186850554811, 0.000000000000000000, -2.240753535442245425 ) ) ;
#7075 = ORIENTED_EDGE ( 'NONE', *, *, #12193, .F. ) ;
#7076 = ORIENTED_EDGE ( 'NONE', *, *, #3850, .F. ) ;
#7077 = CARTESIAN_POINT ( 'NONE',  ( 18.64120593425277761, 0.3999999999999999667, -2.240753535442245425 ) ) ;
#7078 = ORIENTED_EDGE ( 'NONE', *, *, #1044, .T. ) ;
#7079 = SHAPE_DEFINITION_REPRESENTATION ( #11296, #5687 ) ;
#7080 = CARTESIAN_POINT ( 'NONE',  ( 35.78241186850552680, 1.267235759035801435, -5.187091293331778985 ) ) ;
#7081 = ORIENTED_EDGE ( 'NONE', *, *, #2648, .F. ) ;
#7082 = EDGE_CURVE ( 'NONE', #12194, #9296, #2459, .T. ) ;
#7083 = LINE ( 'NONE', #390, #908 ) ;
#7084 = CARTESIAN_POINT ( 'NONE',  ( 11.35590445068957344, 1.000000000000000000, -0.4041232037028949509 ) ) ;
#7085 = CARTESIAN_POINT ( 'NONE',  ( 24.96809400695910242, 0.000000000000000000, -1.000000000000000000 ) ) ;
#7086 = DIRECTION ( 'NONE',  ( -1.000000000000000000, 0.000000000000000000, 0.000000000000000000 ) ) ;
#7087 = EDGE_CURVE ( 'NONE', #10708, #4709, #6267, .T. ) ;
#7088 = CARTESIAN_POINT ( 'NONE',  ( 15.64120593425277761, 0.000000000000000000, -2.240753535442224553 ) ) ;
#7089 = DIRECTION ( 'NONE',  ( -1.141265444721583757E-16, -0.000000000000000000, -1.000000000000000000 ) ) ;
#7090 = FACE_OUTER_BOUND ( 'NONE', #12174, .T. ) ;
#7091 = ORIENTED_EDGE ( 'NONE', *, *, #10153, .T. ) ;
#7092 = ORIENTED_EDGE ( 'NONE', *, *, #6586, .T. ) ;
#7093 = EDGE_LOOP ( 'NONE', ( #10797, #3420, #12384, #12123 ) ) ;
#7094 = EDGE_CURVE ( 'NONE', #12225, #2676, #9910, .T. ) ;
#7095 = CARTESIAN_POINT ( 'NONE',  ( 32.78241186850552680, 0.06443263463840748217, 0.1149657687835883013 ) ) ;
#7096 = DIRECTION ( 'NONE',  ( -1.141265444721583757E-16, 0.000000000000000000, -1.000000000000000000 ) ) ;
#7097 = DIRECTION ( 'NONE',  ( -0.6427876096865355882, -0.000000000000000000, 0.7660444431189811221 ) ) ;
#7098 = CARTESIAN_POINT ( 'NONE',  ( 40.06771335206872209, 3.272523262990679971, -4.655877423168258922 ) ) ;
#7099 = VECTOR ( 'NONE', #7039, 1000.000000000000000 ) ;
#7100 = EDGE_CURVE ( 'NONE', #4720, #2, #8273, .T. ) ;
#7101 = LINE ( 'NONE', #7981, #12203 ) ;
#7102 = VECTOR ( 'NONE', #168, 1000.000000000000000 ) ;
#7103 = PLANE ( 'NONE',  #3175 ) ;
#7104 = CARTESIAN_POINT ( 'NONE',  ( 32.78241186850552680, 2.000000000000000000, 2.799999999999999822 ) ) ;
#7105 = DIRECTION ( 'NONE',  ( 1.000000000000000000, -0.000000000000000000, 0.000000000000000000 ) ) ;
#7106 = LINE ( 'NONE', #10941, #10393 ) ;
#7107 = ORIENTED_EDGE ( 'NONE', *, *, #7519, .F. ) ;
#7108 = VERTEX_POINT ( 'NONE', #8214 ) ;
#7109 = EDGE_LOOP ( 'NONE', ( #10077, #903, #251, #175, #4494 ) ) ;
#7110 = ORIENTED_EDGE ( 'NONE', *, *, #1705, .F. ) ;
#7111 = CIRCLE ( 'NONE', #8108, 4.810796291701608496 ) ;
#7112 = AXIS2_PLACEMENT_3D ( 'NONE', #5476, #4786, #7349 ) ;
#7113 = CARTESIAN_POINT ( 'NONE',  ( 1.499999999999999778, 0.000000000000000000, -3.007045462299395844 ) ) ;
#7114 = CARTESIAN_POINT ( 'NONE',  ( 17.14120593425276340, -1.000000000000000000, 0.3238172648295125633 ) ) ;
#7115 = PLANE ( 'NONE',  #6955 ) ;
#7116 = EDGE_CURVE ( 'NONE', #319, #11942, #3272, .T. ) ;
#7117 = PLANE ( 'NONE',  #1834 ) ;
#7118 = LINE ( 'NONE', #10186, #774 ) ;
#7120 = EDGE_CURVE ( 'NONE', #5214, #8387, #398, .T. ) ;
#7119 = AXIS2_PLACEMENT_3D ( 'NONE', #127, #11421, #5693 ) ;
#7121 = CARTESIAN_POINT ( 'NONE',  ( 14.35590445068957344, 1.000000000000000000, -0.4041232037028950064 ) ) ;
#7122 = VECTOR ( 'NONE', #9563, 1000.000000000000000 ) ;
#7123 = DIRECTION ( 'NONE',  ( -0.6427876096865463573, -0.000000000000000000, -0.7660444431189722403 ) ) ;
#7124 = ORIENTED_EDGE ( 'NONE', *, *, #6881, .F. ) ;
#7125 = ORIENTED_EDGE ( 'NONE', *, *, #700, .T. ) ;
#7126 = VERTEX_POINT ( 'NONE', #2399 ) ;
#7127 = ORIENTED_EDGE ( 'NONE', *, *, #8884, .T. ) ;
#7128 = FACE_OUTER_BOUND ( 'NONE', #6000, .T. ) ;
#7129 = VECTOR ( 'NONE', #2225, 1000.000000000000000 ) ;
#7130 = VECTOR ( 'NONE', #4787, 1000.000000000000000 ) ;
#7131 = CARTESIAN_POINT ( 'NONE',  ( 38.50000000000001421, 0.000000000000000000, -0.2337080731428451408 ) ) ;
#7132 = EDGE_CURVE ( 'NONE', #9442, #6135, #3463, .T. ) ;
#7133 = DIRECTION ( 'NONE',  ( 0.000000000000000000, -1.000000000000000000, 0.000000000000000000 ) ) ;
#7134 = CARTESIAN_POINT ( 'NONE',  ( 25.19595273796119628, 1.400000000000000355, -5.120335728133784237 ) ) ;
#7135 = DIRECTION ( 'NONE',  ( 0.000000000000000000, 0.000000000000000000, 1.000000000000000000 ) ) ;
#7136 = CARTESIAN_POINT ( 'NONE',  ( 26.71180890137914332, 0.000000000000000000, -1.000000000000000000 ) ) ;
#7137 = EDGE_CURVE ( 'NONE', #5246, #1052, #10923, .T. ) ;
#7138 = ADVANCED_FACE ( 'NONE', ( #11431 ), #12380, .F. ) ;
#7139 = VECTOR ( 'NONE', #10800, 1000.000000000000000 ) ;
#7140 = ORIENTED_EDGE ( 'NONE', *, *, #3623, .F. ) ;
#7141 = ORIENTED_EDGE ( 'NONE', *, *, #4852, .T. ) ;
#7142 = DIRECTION ( 'NONE',  ( -0.000000000000000000, -1.000000000000000000, -0.000000000000000000 ) ) ;
#7143 = EDGE_LOOP ( 'NONE', ( #6285, #11693, #6372, #9761 ) ) ;
#7144 = CARTESIAN_POINT ( 'NONE',  ( 6.947650503981261494, 1.400000000000000355, -5.141489476468492192 ) ) ;
#7145 = ORIENTED_EDGE ( 'NONE', *, *, #2977, .F. ) ;
#7146 = DIRECTION ( 'NONE',  ( -0.000000000000000000, -1.000000000000000000, -0.000000000000000000 ) ) ;
#7147 = DIRECTION ( 'NONE',  ( 0.000000000000000000, 1.000000000000000000, 0.000000000000000000 ) ) ;
#7148 = VECTOR ( 'NONE', #7930, 1000.000000000000000 ) ;
#7149 = PLANE ( 'NONE',  #9640 ) ;
#7150 = CARTESIAN_POINT ( 'NONE',  ( 24.21180890137914687, 0.000000000000000000, 1.999999999999997335 ) ) ;
#7151 = FACE_OUTER_BOUND ( 'NONE', #11012, .T. ) ;
#7152 = CARTESIAN_POINT ( 'NONE',  ( 39.31457299748615242, 0.000000000000000000, -3.000000000000000000 ) ) ;
#7153 = VECTOR ( 'NONE', #7086, 1000.000000000000000 ) ;
#7154 = LINE ( 'NONE', #1399, #5183 ) ;
#7155 = ORIENTED_EDGE ( 'NONE', *, *, #9273, .T. ) ;
#7156 = VERTEX_POINT ( 'NONE', #9280 ) ;
#7157 = EDGE_LOOP ( 'NONE', ( #7292, #6900, #8291, #4314 ) ) ;
#7158 = DIRECTION ( 'NONE',  ( 1.000000000000000000, 0.000000000000000000, -0.000000000000000000 ) ) ;
#7159 = CARTESIAN_POINT ( 'NONE',  ( 30.99711038494234927, 0.000000000000000000, -2.240753535442241873 ) ) ;
#7160 = CARTESIAN_POINT ( 'NONE',  ( 4.285301483563190850, -1.000000000000000000, 0.3238172648295125633 ) ) ;
#7161 = CARTESIAN_POINT ( 'NONE',  ( 11.85590445068958765, 1.000000000000000000, -2.240753535442228106 ) ) ;
#7162 = LINE ( 'NONE', #8692, #5164 ) ;
#7163 = VECTOR ( 'NONE', #9707, 1000.000000000000000 ) ;
#7164 = CARTESIAN_POINT ( 'NONE',  ( 12.51218955626952933, 0.000000000000000000, -2.240753535442232547 ) ) ;
#7165 = VECTOR ( 'NONE', #8114, 1000.000000000000000 ) ;
#7166 = DIRECTION ( 'NONE',  ( 0.000000000000000000, 0.000000000000000000, -1.000000000000000000 ) ) ;
#7167 = EDGE_CURVE ( 'NONE', #10976, #10589, #8590, .T. ) ;
#7168 = CARTESIAN_POINT ( 'NONE',  ( 11.35590445068957344, 1.000000000000000000, 0.3238172648295121747 ) ) ;
#7169 = DIRECTION ( 'NONE',  ( 1.000000000000000000, 0.000000000000000000, -6.982962677686266711E-15 ) ) ;
#7170 = ORIENTED_EDGE ( 'NONE', *, *, #3498, .T. ) ;
#7171 = VERTEX_POINT ( 'NONE', #7336 ) ;
#7172 = EDGE_CURVE ( 'NONE', #4360, #5387, #3705, .T. ) ;
#7173 = ORIENTED_EDGE ( 'NONE', *, *, #12117, .T. ) ;
#7174 = VERTEX_POINT ( 'NONE', #832 ) ;
#7175 = VECTOR ( 'NONE', #1287, 1000.000000000000000 ) ;
#7177 = ORIENTED_EDGE ( 'NONE', *, *, #6493, .T. ) ;
#7176 = AXIS2_PLACEMENT_3D ( 'NONE', #7015, #4202, #11858 ) ;
#7178 = CARTESIAN_POINT ( 'NONE',  ( 22.42650741781595514, 0.4999999999999978351, -1.000000000000000000 ) ) ;
#7179 = DIRECTION ( 'NONE',  ( 0.000000000000000000, 1.000000000000000000, 0.000000000000000000 ) ) ;
#7180 = CARTESIAN_POINT ( 'NONE',  ( 1.499999999999999778, 0.4000000000000000222, -3.407045462299395755 ) ) ;
#7181 = PLANE ( 'NONE',  #7634 ) ;
#7182 = CARTESIAN_POINT ( 'NONE',  ( 40.19072545355228954, 1.400000000000000133, -5.141473183975623584 ) ) ;
#7183 = VECTOR ( 'NONE', #6415, 1000.000000000000000 ) ;
#7184 = CARTESIAN_POINT ( 'NONE',  ( 14.35590445068957344, 0.000000000000000000, -1.000000000000000000 ) ) ;
#7185 = EDGE_CURVE ( 'NONE', #4209, #6949, #1891, .T. ) ;
#7186 = DIRECTION ( 'NONE',  ( 0.000000000000000000, -1.000000000000000000, -2.710505431213761085E-16 ) ) ;
#7187 = ORIENTED_EDGE ( 'NONE', *, *, #10467, .T. ) ;
#7188 = EDGE_LOOP ( 'NONE', ( #10572, #2590, #11803, #11960 ) ) ;
#7189 = ADVANCED_FACE ( 'NONE', ( #3771 ), #8339, .F. ) ;
#7190 = EDGE_LOOP ( 'NONE', ( #1023, #1759, #4466, #2026, #6465, #187, #3391, #10459, #10908, #11848, #8980, #603, #5373 ) ) ;
#7191 = ORIENTED_EDGE ( 'NONE', *, *, #11810, .T. ) ;
#7192 = DIRECTION ( 'NONE',  ( 1.000000000000000000, 0.000000000000000000, 0.000000000000000000 ) ) ;
#7193 = EDGE_LOOP ( 'NONE', ( #11291, #1304, #4422, #10207 ) ) ;
#7194 =( GEOMETRIC_REPRESENTATION_CONTEXT ( 3 ) GLOBAL_UNCERTAINTY_ASSIGNED_CONTEXT ( ( #12202 ) ) GLOBAL_UNIT_ASSIGNED_CONTEXT ( ( #1320, #11925, #5324 ) ) REPRESENTATION_CONTEXT ( 'NONE', 'WORKASPACE' ) );
#7195 = CARTESIAN_POINT ( 'NONE',  ( 18.64120593425276695, 2.000000000000000000, 1.739099631177264405 ) ) ;
#7196 = FACE_OUTER_BOUND ( 'NONE', #8199, .T. ) ;
#7197 = CARTESIAN_POINT ( 'NONE',  ( 25.96670275709019649, 1.399999999999999689, -5.120689233910754368 ) ) ;
#7198 = PLANE ( 'NONE',  #3846 ) ;
#7199 = CARTESIAN_POINT ( 'NONE',  ( 7.070602967126381699, 0.5351768109448616917, 2.449066664678465788 ) ) ;
#7200 = ORIENTED_EDGE ( 'NONE', *, *, #8503, .F. ) ;
#7201 = ORIENTED_EDGE ( 'NONE', *, *, #7729, .T. ) ;
#7202 = LINE ( 'NONE', #5390, #7904 ) ;
#7203 = VERTEX_POINT ( 'NONE', #5703 ) ;
#7204 = ADVANCED_FACE ( 'NONE', ( #9533 ), #10411, .T. ) ;
#7205 =( BOUNDED_SURFACE ( )  B_SPLINE_SURFACE ( 3, 2, ( 
 ( #8861, #2169, #104 ),
 ( #9679, #6925, #167 ),
 ( #7679, #6743, #4800 ),
 ( #3163, #11767, #3863 ),
 ( #1103, #2230, #8742 ),
 ( #7860, #4862, #4922 ) ),
 .UNSPECIFIED., .F., .F., .F. ) 
 B_SPLINE_SURFACE_WITH_KNOTS ( ( 4, 2, 4 ),
 ( 3, 3 ),
 ( 0.001360458961287221635, 0.002901564996485919527, 0.004442671031684617203 ),
 ( 0.000000000000000000, 1.000000000000000000 ),
 .UNSPECIFIED. ) 
 GEOMETRIC_REPRESENTATION_ITEM ( )  RATIONAL_B_SPLINE_SURFACE ( (
 ( 1.000000000000000000, 0.7924374031725291978, 1.000000000000000000),
 ( 1.000000000000000000, 0.7956711654295673952, 1.000000000000000000),
 ( 1.000000000000000000, 0.7972631388398050412, 1.000000000000000000),
 ( 1.000000000000000000, 0.7972633761834646560, 1.000000000000000000),
 ( 1.000000000000000000, 0.7956584909370887360, 1.000000000000000000),
 ( 1.000000000000000000, 0.7924371217378710641, 1.000000000000000000) ) ) 
 REPRESENTATION_ITEM ( '' )  SURFACE ( )  );
#7206 = LINE ( 'NONE', #7957, #11804 ) ;
#7207 = ORIENTED_EDGE ( 'NONE', *, *, #1142, .F. ) ;
#7208 = EDGE_CURVE ( 'NONE', #8964, #2976, #10221, .T. ) ;
#7209 = FACE_BOUND ( 'NONE', #6436, .T. ) ;
#7210 = LINE ( 'NONE', #1811, #3539 ) ;
#7211 = CARTESIAN_POINT ( 'NONE',  ( 24.21180890137913622, 0.000000000000000000, -5.578147948598760841 ) ) ;
#7212 = FACE_OUTER_BOUND ( 'NONE', #17, .T. ) ;
#7213 = DIRECTION ( 'NONE',  ( -7.335912872304331086E-17, 0.7660444431189772363, 0.6427876096865402511 ) ) ;
#7214 = PLANE ( 'NONE',  #8511 ) ;
#7215 = LINE ( 'NONE', #11938, #2117 ) ;
#7216 = CARTESIAN_POINT ( 'NONE',  ( 28.49711038494233861, 2.000000000000000000, 1.739099631177264405 ) ) ;
#7217 = ORIENTED_EDGE ( 'NONE', *, *, #2886, .F. ) ;
#7218 = VECTOR ( 'NONE', #10201, 1000.000000000000000 ) ;
#7219 = ORIENTED_EDGE ( 'NONE', *, *, #11752, .T. ) ;
#7220 = ORIENTED_EDGE ( 'NONE', *, *, #8245, .F. ) ;
#7221 = EDGE_CURVE ( 'NONE', #746, #7252, #7526, .T. ) ;
#7222 = EDGE_CURVE ( 'NONE', #9164, #2219, #6588, .T. ) ;
#7223 = CARTESIAN_POINT ( 'NONE',  ( 4.789411367404505349, 1.108515853782455984, -5.506187988402309941 ) ) ;
#7224 = CARTESIAN_POINT ( 'NONE',  ( 7.070602967126371929, 8.673617379884035472E-16, -5.578147948598759065 ) ) ;
#7225 = DIRECTION ( 'NONE',  ( -1.000000000000000000, 0.000000000000000000, 0.000000000000000000 ) ) ;
#7226 = DIRECTION ( 'NONE',  ( 0.000000000000000000, -1.000000000000000000, 0.000000000000000000 ) ) ;
#7227 = DIRECTION ( 'NONE',  ( 2.168404344971008868E-16, 2.710505431213761085E-15, -1.000000000000000000 ) ) ;
#7228 = VECTOR ( 'NONE', #5670, 1000.000000000000000 ) ;
#7229 = VECTOR ( 'NONE', #224, 1000.000000000000000 ) ;
#7230 = CARTESIAN_POINT ( 'NONE',  ( 1.500000000000000444, 2.000000000000000000, 2.799999999999999822 ) ) ;
#7231 = CARTESIAN_POINT ( 'NONE',  ( 38.56771335206872209, -1.000000000000000000, 0.3238172648295125633 ) ) ;
#7232 = DIRECTION ( 'NONE',  ( 1.000000000000000000, 0.000000000000000000, 0.000000000000000000 ) ) ;
#7233 = ORIENTED_EDGE ( 'NONE', *, *, #4723, .T. ) ;
#7234 = ORIENTED_EDGE ( 'NONE', *, *, #1468, .F. ) ;
#7235 = ORIENTED_EDGE ( 'NONE', *, *, #5475, .F. ) ;
#7236 = EDGE_LOOP ( 'NONE', ( #7642, #10656, #6062, #70, #12049, #863, #12026, #1808, #659, #11469, #3006, #7263 ) ) ;
#7237 = VECTOR ( 'NONE', #734, 1000.000000000000000 ) ;
#7238 = ORIENTED_EDGE ( 'NONE', *, *, #9687, .T. ) ;
#7239 = PLANE ( 'NONE',  #4769 ) ;
#7240 = LINE ( 'NONE', #7297, #4336 ) ;
#7241 = VECTOR ( 'NONE', #9723, 1000.000000000000000 ) ;
#7242 = LINE ( 'NONE', #6548, #4952 ) ;
#7243 = EDGE_CURVE ( 'NONE', #11404, #2736, #6634, .T. ) ;
#7244 = DIRECTION ( 'NONE',  ( -0.000000000000000000, -1.000000000000000000, 0.000000000000000000 ) ) ;
#7245 = CARTESIAN_POINT ( 'NONE',  ( 40.06771335206874340, 0.3999999999999999667, -2.240753535442245425 ) ) ;
#7246 = EDGE_CURVE ( 'NONE', #8823, #4720, #6463, .T. ) ;
#7247 = LINE ( 'NONE', #11904, #114 ) ;
#7248 = FACE_OUTER_BOUND ( 'NONE', #8981, .T. ) ;
#7249 = ORIENTED_EDGE ( 'NONE', *, *, #2858, .T. ) ;
#7250 = VERTEX_POINT ( 'NONE', #12189 ) ;
#7251 = VERTEX_POINT ( 'NONE', #16 ) ;
#7252 = VERTEX_POINT ( 'NONE', #6399 ) ;
#7253 = CARTESIAN_POINT ( 'NONE',  ( 14.35590445068958587, 0.000000000000000000, -2.240753535442245425 ) ) ;
#7254 = VERTEX_POINT ( 'NONE', #4528 ) ;
#7255 = EDGE_CURVE ( 'NONE', #3422, #5387, #3589, .T. ) ;
#7256 = CARTESIAN_POINT ( 'NONE',  ( 31.01100871198328335, 1.106833788838468502, -5.425737714157053304 ) ) ;
#7257 = CARTESIAN_POINT ( 'NONE',  ( -1.500000000000000222, 1.499358225474672235, 1.300000000000000044 ) ) ;
#7258 = CARTESIAN_POINT ( 'NONE',  ( 24.21180890137913977, 1.267942713657679299, -5.186244395641643301 ) ) ;
#7259 = EDGE_CURVE ( 'NONE', #3526, #57, #5465, .T. ) ;
#7260 = CARTESIAN_POINT ( 'NONE',  ( 26.05866854679657862, 0.000000000000000000, -3.000000000000000000 ) ) ;
#7261 = DIRECTION ( 'NONE',  ( 0.000000000000000000, 0.000000000000000000, -1.000000000000000000 ) ) ;
#7262 = ORIENTED_EDGE ( 'NONE', *, *, #1125, .T. ) ;
#7263 = ORIENTED_EDGE ( 'NONE', *, *, #481, .F. ) ;
#7264 = LINE ( 'NONE', #8140, #12343 ) ;
#7265 = VERTEX_POINT ( 'NONE', #12253 ) ;
#7266 = DIRECTION ( 'NONE',  ( -0.000000000000000000, -1.000000000000000000, -0.000000000000000000 ) ) ;
#7267 = ORIENTED_EDGE ( 'NONE', *, *, #1960, .T. ) ;
#7268 = DIRECTION ( 'NONE',  ( 1.000000000000000000, -0.000000000000000000, 0.000000000000000000 ) ) ;
#7269 = FACE_OUTER_BOUND ( 'NONE', #1790, .T. ) ;
#7270 = DIRECTION ( 'NONE',  ( 0.000000000000000000, -1.000000000000000000, -0.000000000000000000 ) ) ;
#7271 = EDGE_CURVE ( 'NONE', #3878, #8373, #1704, .T. ) ;
#7273 = EDGE_CURVE ( 'NONE', #2100, #2528, #771, .T. ) ;
#7272 = LINE ( 'NONE', #8083, #11339 ) ;
#7274 = DIRECTION ( 'NONE',  ( 4.488561888120282676E-15, 0.7660444431189767922, 0.6427876096865409172 ) ) ;
#7275 = DIRECTION ( 'NONE',  ( 0.000000000000000000, 1.000000000000000000, 0.000000000000000000 ) ) ;
#7276 = ORIENTED_EDGE ( 'NONE', *, *, #6178, .T. ) ;
#7277 = ORIENTED_EDGE ( 'NONE', *, *, #10637, .F. ) ;
#7278 = ORIENTED_EDGE ( 'NONE', *, *, #11426, .T. ) ;
#7279 = CARTESIAN_POINT ( 'NONE',  ( -1.500000000000000444, 2.000000000000000000, 2.799999999999999822 ) ) ;
#7280 = LINE ( 'NONE', #6342, #2551 ) ;
#7281 = CARTESIAN_POINT ( 'NONE',  ( 13.60276409610700377, 0.000000000000000000, -3.000000000000000000 ) ) ;
#7282 = CARTESIAN_POINT ( 'NONE',  ( 28.49711038494233506, 1.399999999999999911, -4.858572962426980446 ) ) ;
#7283 = EDGE_CURVE ( 'NONE', #9538, #9285, #8270, .T. ) ;
#7284 = DIRECTION ( 'NONE',  ( 1.000000000000000000, 0.000000000000000000, 0.000000000000000000 ) ) ;
#7285 = LINE ( 'NONE', #9108, #10508 ) ;
#7286 = EDGE_CURVE ( 'NONE', #6545, #8809, #10606, .T. ) ;
#7287 = EDGE_CURVE ( 'NONE', #1005, #4709, #3893, .T. ) ;
#7288 = DIRECTION ( 'NONE',  ( -1.000000000000000000, 0.000000000000000000, 0.000000000000000000 ) ) ;
#7289 = LINE ( 'NONE', #3418, #9596 ) ;
#7290 = ORIENTED_EDGE ( 'NONE', *, *, #5816, .T. ) ;
#7291 = EDGE_LOOP ( 'NONE', ( #517, #1233, #727, #8750, #1587 ) ) ;
#7292 = ORIENTED_EDGE ( 'NONE', *, *, #9128, .T. ) ;
#7293 = ORIENTED_EDGE ( 'NONE', *, *, #7167, .T. ) ;
#7294 = ORIENTED_EDGE ( 'NONE', *, *, #11716, .T. ) ;
#7295 = LINE ( 'NONE', #7113, #179 ) ;
#7296 = VECTOR ( 'NONE', #4221, 1000.000000000000000 ) ;
#7297 = CARTESIAN_POINT ( 'NONE',  ( 18.64120593425277761, 0.000000000000000000, -2.240753535442245425 ) ) ;
#7298 = CARTESIAN_POINT ( 'NONE',  ( 31.49711038494233506, 0.4000000000000000222, 0.1662919268571558251 ) ) ;
#7299 = DIRECTION ( 'NONE',  ( 0.000000000000000000, 1.000000000000000000, 0.000000000000000000 ) ) ;
#7300 = CARTESIAN_POINT ( 'NONE',  ( 10.07060296712639413, 0.000000000000000000, -2.240753535442245425 ) ) ;
#7301 = LINE ( 'NONE', #8184, #708 ) ;
#7302 = AXIS2_PLACEMENT_3D ( 'NONE', #4399, #8144, #2330 ) ;
#7303 = CARTESIAN_POINT ( 'NONE',  ( 24.21180890137914332, 3.272523262990679971, -4.655872776437634641 ) ) ;
#7304 = VECTOR ( 'NONE', #499, 1000.000000000000000 ) ;
#7305 = ORIENTED_EDGE ( 'NONE', *, *, #2584, .F. ) ;
#7306 = VERTEX_POINT ( 'NONE', #6712 ) ;
#7307 = CIRCLE ( 'NONE', #6303, 2.000000000000000000 ) ;
#7308 = EDGE_CURVE ( 'NONE', #11818, #7669, #2892, .T. ) ;
#7309 = ORIENTED_EDGE ( 'NONE', *, *, #6293, .T. ) ;
#7310 = ORIENTED_EDGE ( 'NONE', *, *, #5226, .T. ) ;
#7311 = DIRECTION ( 'NONE',  ( 0.000000000000000000, 0.000000000000000000, -1.000000000000000000 ) ) ;
#7312 = ORIENTED_EDGE ( 'NONE', *, *, #2599, .F. ) ;
#7313 = CARTESIAN_POINT ( 'NONE',  ( 32.78241186850553390, 0.4000000000000000222, -3.007045462299398952 ) ) ;
#7314 = VECTOR ( 'NONE', #7192, 1000.000000000000000 ) ;
#7315 = DIRECTION ( 'NONE',  ( -1.000000000000000000, 1.355252715606880543E-16, 0.000000000000000000 ) ) ;
#7316 = LINE ( 'NONE', #11157, #7966 ) ;
#7317 = VECTOR ( 'NONE', #6462, 1000.000000000000000 ) ;
#7318 = DIRECTION ( 'NONE',  ( 0.000000000000000000, 1.000000000000000000, 0.000000000000000000 ) ) ;
#7319 = CARTESIAN_POINT ( 'NONE',  ( 19.92650741781595514, 0.000000000000000000, -1.000000000000000000 ) ) ;
#7320 = EDGE_CURVE ( 'NONE', #7065, #7174, #2082, .T. ) ;
#7321 = ORIENTED_EDGE ( 'NONE', *, *, #1626, .T. ) ;
#7322 = EDGE_LOOP ( 'NONE', ( #5406, #3746, #9441, #4790 ) ) ;
#7323 = LINE ( 'NONE', #3575, #1716 ) ;
#7324 = ORIENTED_EDGE ( 'NONE', *, *, #2550, .F. ) ;
#7325 = VECTOR ( 'NONE', #540, 1000.000000000000000 ) ;
#7326 = VECTOR ( 'NONE', #10533, 1000.000000000000114 ) ;
#7327 = EDGE_CURVE ( 'NONE', #5452, #5232, #10971, .T. ) ;
#7328 = DIRECTION ( 'NONE',  ( 0.000000000000000000, 1.000000000000000000, 0.000000000000000000 ) ) ;
#7329 = ORIENTED_EDGE ( 'NONE', *, *, #7623, .F. ) ;
#7330 = LINE ( 'NONE', #1576, #9904 ) ;
#7331 = DIRECTION ( 'NONE',  ( -1.141265444721583757E-16, -0.000000000000000000, -1.000000000000000000 ) ) ;
#7332 = DIRECTION ( 'NONE',  ( 1.000000000000000000, 0.000000000000000000, -7.097089222158424864E-15 ) ) ;
#7333 = CARTESIAN_POINT ( 'NONE',  ( 29.99711038494233861, 2.000000000000000000, 0.000000000000000000 ) ) ;
#7334 = VECTOR ( 'NONE', #4630, 1000.000000000000000 ) ;
#7335 = DIRECTION ( 'NONE',  ( 6.868836133214108557E-15, 0.000000000000000000, 1.000000000000000000 ) ) ;
#7336 = CARTESIAN_POINT ( 'NONE',  ( 7.826888072706338129, 0.000000000000000000, -2.240753535442229882 ) ) ;
#7337 = LINE ( 'NONE', #11182, #7791 ) ;
#7338 = EDGE_LOOP ( 'NONE', ( #5805, #11199, #1680, #5260 ) ) ;
#7339 = ADVANCED_FACE ( 'NONE', ( #1202 ), #10725, .F. ) ;
#7340 = EDGE_LOOP ( 'NONE', ( #11507, #11351, #10371, #940 ) ) ;
#7341 = ORIENTED_EDGE ( 'NONE', *, *, #566, .T. ) ;
#7342 = AXIS2_PLACEMENT_3D ( 'NONE', #6877, #7690, #9505 ) ;
#7343 = CARTESIAN_POINT ( 'NONE',  ( 1.499999999999988898, 1.115317123975225755, -5.263829606655360038 ) ) ;
#7344 = FACE_OUTER_BOUND ( 'NONE', #6131, .T. ) ;
#7345 = CARTESIAN_POINT ( 'NONE',  ( 38.56771335206872919, 1.000000000000000000, -2.836630331739339983 ) ) ;
#7346 = DIRECTION ( 'NONE',  ( -1.141265444721583757E-16, 0.000000000000000000, 1.000000000000000000 ) ) ;
#7347 = CARTESIAN_POINT ( 'NONE',  ( 7.070602967126381699, 1.499358225474672235, 2.799999999999999822 ) ) ;
#7348 = VECTOR ( 'NONE', #11812, 1000.000000000000000 ) ;
#7349 = DIRECTION ( 'NONE',  ( 0.000000000000000000, 0.000000000000000000, -1.000000000000000000 ) ) ;
#7350 = ORIENTED_EDGE ( 'NONE', *, *, #4972, .T. ) ;
#7351 = CARTESIAN_POINT ( 'NONE',  ( 32.78241186850552680, 1.000000000000000000, -1.000000000000000000 ) ) ;
#7352 = LINE ( 'NONE', #9053, #10803 ) ;
#7353 = ORIENTED_EDGE ( 'NONE', *, *, #10308, .T. ) ;
#7354 = ORIENTED_EDGE ( 'NONE', *, *, #9048, .F. ) ;
#7355 = ADVANCED_FACE ( 'NONE', ( #10668 ), #2022, .F. ) ;
#7356 = ORIENTED_EDGE ( 'NONE', *, *, #4289, .F. ) ;
#7357 = ORIENTED_EDGE ( 'NONE', *, *, #5489, .F. ) ;
#7358 = EDGE_LOOP ( 'NONE', ( #9750, #5788, #7450, #693, #5203, #5006, #11651, #7874, #4465, #10638, #7927, #3778, #5877 ) ) ;
#7359 = CARTESIAN_POINT ( 'NONE',  ( 35.28241186850553390, 1.000000000000000000, -1.000000000000000000 ) ) ;
#7360 = LINE ( 'NONE', #8178, #7735 ) ;
#7361 = VECTOR ( 'NONE', #1813, 1000.000000000000000 ) ;
#7362 = EDGE_CURVE ( 'NONE', #4720, #5952, #6780, .T. ) ;
#7363 = CARTESIAN_POINT ( 'NONE',  ( 9.317462612543812028, 0.000000000000000000, -3.000000000000000000 ) ) ;
#7364 = EDGE_CURVE ( 'NONE', #7821, #1849, #5830, .T. ) ;
#7365 = VECTOR ( 'NONE', #12031, 1000.000000000000000 ) ;
#7366 = LINE ( 'NONE', #10124, #9440 ) ;
#7367 = CARTESIAN_POINT ( 'NONE',  ( 5.285301483563189073, 0.000000000000000000, -1.000000000000000000 ) ) ;
#7368 = FACE_OUTER_BOUND ( 'NONE', #8561, .T. ) ;
#7369 = CARTESIAN_POINT ( 'NONE',  ( 22.92650741781595869, 2.000000000000000000, 2.799999999999999822 ) ) ;
#7370 = VECTOR ( 'NONE', #1700, 1000.000000000000000 ) ;
#7371 = ORIENTED_EDGE ( 'NONE', *, *, #12132, .F. ) ;
#7372 = ORIENTED_EDGE ( 'NONE', *, *, #10051, .T. ) ;
#7373 = AXIS2_PLACEMENT_3D ( 'NONE', #12377, #11489, #9407 ) ;
#7374 = VERTEX_POINT ( 'NONE', #1143 ) ;
#7375 = ORIENTED_EDGE ( 'NONE', *, *, #601, .F. ) ;
#7376 = LINE ( 'NONE', #1745, #5924 ) ;
#7377 = EDGE_LOOP ( 'NONE', ( #10574, #3625, #7668, #7238 ) ) ;
#7378 = PLANE ( 'NONE',  #1838 ) ;
#7379 = VECTOR ( 'NONE', #4267, 1000.000000000000000 ) ;
#7380 = CARTESIAN_POINT ( 'NONE',  ( 3.941586589143147190, 0.4000000000000000222, -1.000000000000000000 ) ) ;
#7381 = CARTESIAN_POINT ( 'NONE',  ( 38.50000000000001421, 0.4000000000000000222, -3.407045462299400196 ) ) ;
#7382 = CARTESIAN_POINT ( 'NONE',  ( 40.06771335206873630, 0.000000000000000000, -2.836630331739350641 ) ) ;
#7383 = DIRECTION ( 'NONE',  ( -1.000000000000000000, -0.000000000000000000, 1.141265444721583757E-16 ) ) ;
#7384 = ORIENTED_EDGE ( 'NONE', *, *, #9166, .T. ) ;
#7385 = EDGE_LOOP ( 'NONE', ( #5469, #3213, #11927, #5818 ) ) ;
#7386 = CARTESIAN_POINT ( 'NONE',  ( 31.49711038494233151, 2.000000000000000000, -5.468901542184360309 ) ) ;
#7387 = VERTEX_POINT ( 'NONE', #10537 ) ;
#7388 = VECTOR ( 'NONE', #8668, 1000.000000000000000 ) ;
#7389 = CARTESIAN_POINT ( 'NONE',  ( 16.62401691047675456, 8.971790744797411896E-16, -5.900666883513138394 ) ) ;
#7390 = ORIENTED_EDGE ( 'NONE', *, *, #7790, .T. ) ;
#7391 = FACE_OUTER_BOUND ( 'NONE', #8670, .T. ) ;
#7392 = FACE_OUTER_BOUND ( 'NONE', #8852, .T. ) ;
#7393 = CARTESIAN_POINT ( 'NONE',  ( 35.78241186850553390, 0.000000000000000000, -0.4041232037028952284 ) ) ;
#7394 = B_SPLINE_CURVE_WITH_KNOTS ( 'NONE', 3,
 ( #7898, #3962, #7843, #9660, #8598, #5024, #1026, #4023 ),
 .UNSPECIFIED., .F., .F.,
 ( 4, 2, 2, 4 ),
 ( 0.000000000000000000, 0.0007624254491577281065, 0.001524850898315456213, 0.003049701796630912426 ),
 .UNSPECIFIED. ) ;
#7395 = EDGE_CURVE ( 'NONE', #8880, #7419, #1957, .T. ) ;
#7396 = DIRECTION ( 'NONE',  ( -1.000000000000000000, -0.000000000000000000, 1.141265444721583757E-16 ) ) ;
#7397 = VECTOR ( 'NONE', #7781, 1000.000000000000000 ) ;
#7398 = PLANE ( 'NONE',  #1577 ) ;
#7399 = EDGE_CURVE ( 'NONE', #5144, #503, #4957, .T. ) ;
#7400 = LINE ( 'NONE', #2699, #2522 ) ;
#7401 = DIRECTION ( 'NONE',  ( -1.894180325222886620E-15, -0.9625068420560822791, -0.2712574035768015590 ) ) ;
#7402 = LINE ( 'NONE', #11370, #802 ) ;
#7403 = ORIENTED_EDGE ( 'NONE', *, *, #3064, .F. ) ;
#7404 = ORIENTED_EDGE ( 'NONE', *, *, #6748, .T. ) ;
#7405 = CARTESIAN_POINT ( 'NONE',  ( 22.92650741781596579, 0.000000000000000000, -2.836630331739350641 ) ) ;
#7406 = PLANE ( 'NONE',  #8539 ) ;
#7407 = CARTESIAN_POINT ( 'NONE',  ( 37.06771335206872209, 0.000000000000000000, -1.000000000000000000 ) ) ;
#7408 = CARTESIAN_POINT ( 'NONE',  ( -1.649976384609416868, 1.102365630357457826, -5.215502924329154411 ) ) ;
#7409 = EDGE_CURVE ( 'NONE', #1977, #4687, #7836, .T. ) ;
#7410 = DIRECTION ( 'NONE',  ( 0.5407162030609332648, 0.5407162030609377057, -0.6444004775717739886 ) ) ;
#7411 = PRODUCT_DEFINITION_CONTEXT ( 'detailed design', #11706, 'design' ) ;
#7412 = ADVANCED_FACE ( 'NONE', ( #3076 ), #5771, .T. ) ;
#7413 = DIRECTION ( 'NONE',  ( -0.000000000000000000, -0.000000000000000000, 1.000000000000000000 ) ) ;
#7414 = VERTEX_POINT ( 'NONE', #1262 ) ;
#7415 = LINE ( 'NONE', #7474, #5336 ) ;
#7416 = LINE ( 'NONE', #8416, #5392 ) ;
#7417 = VERTEX_POINT ( 'NONE', #5017 ) ;
#7418 = VERTEX_POINT ( 'NONE', #8837 ) ;
#7419 = VERTEX_POINT ( 'NONE', #8895 ) ;
#7420 = ORIENTED_EDGE ( 'NONE', *, *, #10596, .F. ) ;
#7421 = DIRECTION ( 'NONE',  ( -0.000000000000000000, -0.000000000000000000, 1.000000000000000000 ) ) ;
#7422 = CARTESIAN_POINT ( 'NONE',  ( 2.785301483563191294, 1.000000000000000000, -0.4041232037028949509 ) ) ;
#7423 = VECTOR ( 'NONE', #5012, 1000.000000000000000 ) ;
#7424 = CARTESIAN_POINT ( 'NONE',  ( 20.68279252339591068, 0.4000000000000000222, -3.000000000000000000 ) ) ;
#7425 = AXIS2_PLACEMENT_3D ( 'NONE', #12103, #12166, #2563 ) ;
#7426 = DIRECTION ( 'NONE',  ( -1.000000000000000000, 0.000000000000000000, 6.982962677686266711E-15 ) ) ;
#7427 = LINE ( 'NONE', #2670, #1970 ) ;
#7428 = EDGE_CURVE ( 'NONE', #7593, #2928, #3834, .T. ) ;
#7429 = EDGE_CURVE ( 'NONE', #5683, #12289, #8201, .T. ) ;
#7430 = LINE ( 'NONE', #3864, #9308 ) ;
#7431 = DIRECTION ( 'NONE',  ( -6.982962677686266711E-15, 0.000000000000000000, -1.000000000000000000 ) ) ;
#7432 = EDGE_CURVE ( 'NONE', #2817, #292, #2385, .T. ) ;
#7434 = ORIENTED_EDGE ( 'NONE', *, *, #4648, .T. ) ;
#7433 = VECTOR ( 'NONE', #641, 1000.000000000000114 ) ;
#7435 = ORIENTED_EDGE ( 'NONE', *, *, #10896, .F. ) ;
#7436 = ORIENTED_EDGE ( 'NONE', *, *, #12217, .T. ) ;
#7437 = VECTOR ( 'NONE', #6141, 1000.000000000000000 ) ;
#7438 = ORIENTED_EDGE ( 'NONE', *, *, #1660, .F. ) ;
#7439 = CARTESIAN_POINT ( 'NONE',  ( -1.500000000000000000, 0.000000000000000000, -0.4041232037028950064 ) ) ;
#7440 = ORIENTED_EDGE ( 'NONE', *, *, #11758, .T. ) ;
#7441 = CARTESIAN_POINT ( 'NONE',  ( 16.39749103983271894, 0.000000000000000000, -1.000000000000000000 ) ) ;
#7442 = DIRECTION ( 'NONE',  ( 0.000000000000000000, 1.000000000000000000, 0.000000000000000000 ) ) ;
#7443 = DIRECTION ( 'NONE',  ( 0.000000000000000000, 1.000000000000000000, -0.000000000000000000 ) ) ;
#7444 = VECTOR ( 'NONE', #4649, 1000.000000000000000 ) ;
#7445 = EDGE_CURVE ( 'NONE', #9978, #7251, #8072, .T. ) ;
#7446 = CARTESIAN_POINT ( 'NONE',  ( 15.64120593425276340, -1.000000000000000000, 0.3238172648295125633 ) ) ;
#7447 = DIRECTION ( 'NONE',  ( 0.000000000000000000, -1.000000000000000000, -0.000000000000000000 ) ) ;
#7448 = EDGE_CURVE ( 'NONE', #3537, #2238, #1443, .T. ) ;
#7449 = ORIENTED_EDGE ( 'NONE', *, *, #3064, .T. ) ;
#7450 = ORIENTED_EDGE ( 'NONE', *, *, #6446, .T. ) ;
#7451 = EDGE_CURVE ( 'NONE', #2543, #5452, #567, .T. ) ;
#7452 = CARTESIAN_POINT ( 'NONE',  ( 3.285301483563205061, 1.000000000000000000, -2.240753535442228106 ) ) ;
#7453 = ORIENTED_EDGE ( 'NONE', *, *, #12018, .F. ) ;
#7454 = CARTESIAN_POINT ( 'NONE',  ( 37.06771335206872209, 1.000000000000000000, 2.799999999999999822 ) ) ;
#7455 = ORIENTED_EDGE ( 'NONE', *, *, #2505, .F. ) ;
#7456 = CARTESIAN_POINT ( 'NONE',  ( 31.49711038494233506, -1.000000000000000000, 0.3238172648295125633 ) ) ;
#7457 = LINE ( 'NONE', #5641, #12266 ) ;
#7458 = CARTESIAN_POINT ( 'NONE',  ( 32.78241186850552680, 0.5351768109448616917, 2.449066664678465788 ) ) ;
#7459 = LINE ( 'NONE', #11299, #12274 ) ;
#7460 = LINE ( 'NONE', #11300, #6975 ) ;
#7461 = LINE ( 'NONE', #642, #5120 ) ;
#7462 = DIRECTION ( 'NONE',  ( -0.000000000000000000, -1.000000000000000000, -0.000000000000000000 ) ) ;
#7463 = CARTESIAN_POINT ( 'NONE',  ( 22.92650741781595869, 0.06443263463840748217, 0.1149657687835883013 ) ) ;
#7464 = PLANE ( 'NONE',  #4403 ) ;
#7465 = ORIENTED_EDGE ( 'NONE', *, *, #5007, .F. ) ;
#7466 = EDGE_LOOP ( 'NONE', ( #1474, #661, #11153, #8623 ) ) ;
#7467 = CARTESIAN_POINT ( 'NONE',  ( 3.541586589143146835, 0.4000000000000000222, -2.240753535442231215 ) ) ;
#7468 = CARTESIAN_POINT ( 'NONE',  ( 32.78241186850552680, -3.537364499421224640E-31, -0.2337080731428445024 ) ) ;
#7469 = ADVANCED_FACE ( 'NONE', ( #4394 ), #4264, .T. ) ;
#7470 = DIRECTION ( 'NONE',  ( -0.000000000000000000, -1.000000000000000000, -0.000000000000000000 ) ) ;
#7471 = CARTESIAN_POINT ( 'NONE',  ( -1.026498781424975748, 1.400000000000000355, -5.031499608972965554 ) ) ;
#7472 = CARTESIAN_POINT ( 'NONE',  ( 13.11079830640061950, 1.400000000000000133, -5.120689233910754368 ) ) ;
#7473 = ORIENTED_EDGE ( 'NONE', *, *, #10770, .F. ) ;
#7474 = CARTESIAN_POINT ( 'NONE',  ( 11.35590445068958587, 0.000000000000000000, -2.240753535442224553 ) ) ;
#7475 = CARTESIAN_POINT ( 'NONE',  ( 24.21180890137914687, 0.5351768109448616917, 2.449066664678465788 ) ) ;
#7476 = ORIENTED_EDGE ( 'NONE', *, *, #5296, .T. ) ;
#7477 = EDGE_CURVE ( 'NONE', #4891, #5372, #10020, .T. ) ;
#7478 = ORIENTED_EDGE ( 'NONE', *, *, #11493, .T. ) ;
#7479 = ORIENTED_EDGE ( 'NONE', *, *, #11609, .F. ) ;
#7480 = ORIENTED_EDGE ( 'NONE', *, *, #3954, .T. ) ;
#7481 = DIRECTION ( 'NONE',  ( -0.000000000000000000, -0.000000000000000000, 1.000000000000000000 ) ) ;
#7482 = CARTESIAN_POINT ( 'NONE',  ( -1.500000000000000000, 0.000000000000000000, -1.000000000000000000 ) ) ;
#7483 = EDGE_CURVE ( 'NONE', #632, #740, #5259, .T. ) ;
#7484 = LINE ( 'NONE', #12089, #4157 ) ;
#7485 = CARTESIAN_POINT ( 'NONE',  ( 12.85590445068956811, 1.399999999999999911, -4.612012738139083190 ) ) ;
#7486 = DIRECTION ( 'NONE',  ( -0.000000000000000000, -0.000000000000000000, 1.000000000000000000 ) ) ;
#7487 = CARTESIAN_POINT ( 'NONE',  ( 8.917462612543813449, 0.000000000000000000, -1.000000000000000000 ) ) ;
#7488 = B_SPLINE_CURVE_WITH_KNOTS ( 'NONE', 3,
 ( #2714, #9420, #10422, #1845, #7472, #12391, #11314, #843 ),
 .UNSPECIFIED., .F., .F.,
 ( 4, 2, 2, 4 ),
 ( 0.000000000000000000, 0.0007624254491577283233, 0.001524850898315456647, 0.003049701796630913293 ),
 .UNSPECIFIED. ) ;
#7489 = DIRECTION ( 'NONE',  ( 0.000000000000000000, 1.000000000000000000, 0.000000000000000000 ) ) ;
#7490 = CARTESIAN_POINT ( 'NONE',  ( 19.92650741781596579, 1.000000000000000000, -2.836630331739329769 ) ) ;
#7491 = VERTEX_POINT ( 'NONE', #11863 ) ;
#7492 = ORIENTED_EDGE ( 'NONE', *, *, #7362, .T. ) ;
#7493 = AXIS2_PLACEMENT_3D ( 'NONE', #2592, #4598, #8407 ) ;
#7494 = VERTEX_POINT ( 'NONE', #3451 ) ;
#7495 = ORIENTED_EDGE ( 'NONE', *, *, #5182, .T. ) ;
#7496 = DIRECTION ( 'NONE',  ( 7.335912872304279317E-17, -0.7660444431189810111, -0.6427876096865356992 ) ) ;
#7497 = EDGE_CURVE ( 'NONE', #1757, #5820, #7264, .T. ) ;
#7498 = VERTEX_POINT ( 'NONE', #2506 ) ;
#7499 = DIRECTION ( 'NONE',  ( -1.355252715606880543E-16, -1.000000000000000000, 0.000000000000000000 ) ) ;
#7500 = EDGE_CURVE ( 'NONE', #2543, #4484, #7111, .T. ) ;
#7501 = CARTESIAN_POINT ( 'NONE',  ( 38.50000000000001421, 0.000000000000000000, -3.007045462299399841 ) ) ;
#7502 = CARTESIAN_POINT ( 'NONE',  ( 31.02919927118029264, 0.5320888862379536954, -0.9617579545435693822 ) ) ;
#7503 = AXIS2_PLACEMENT_3D ( 'NONE', #846, #11258, #12325 ) ;
#7504 = DIRECTION ( 'NONE',  ( 0.000000000000000000, 0.000000000000000000, -1.000000000000000000 ) ) ;
#7505 = VECTOR ( 'NONE', #9175, 1000.000000000000000 ) ;
#7506 = ORIENTED_EDGE ( 'NONE', *, *, #9134, .T. ) ;
#7507 = ORIENTED_EDGE ( 'NONE', *, *, #4289, .T. ) ;
#7508 = DIRECTION ( 'NONE',  ( 5.626621160408424545E-15, -0.5735764363510473807, 0.8191520442889909104 ) ) ;
#7509 = EDGE_LOOP ( 'NONE', ( #11663, #12097, #8453, #8003, #2843, #3621, #6840, #6718, #7290, #3020, #6119, #4806 ) ) ;
#7510 = LINE ( 'NONE', #10147, #3513 ) ;
#7512 = EDGE_CURVE ( 'NONE', #8490, #4994, #3324, .T. ) ;
#7511 = ORIENTED_EDGE ( 'NONE', *, *, #11912, .T. ) ;
#7513 = CIRCLE ( 'NONE', #2122, 1.500000000000000000 ) ;
#7514 = AXIS2_PLACEMENT_3D ( 'NONE', #9295, #11753, #10616 ) ;
#7515 = DIRECTION ( 'NONE',  ( -1.000000000000000000, -0.000000000000000000, 6.982962677686266711E-15 ) ) ;
#7516 = EDGE_CURVE ( 'NONE', #10798, #4393, #5200, .T. ) ;
#7517 = CARTESIAN_POINT ( 'NONE',  ( 38.50000000000001421, 0.4000000000000000222, -3.407045462299400196 ) ) ;
#7518 = CARTESIAN_POINT ( 'NONE',  ( 15.64120593425275985, 1.372383960302707262, -5.038967344092047718 ) ) ;
#7519 = EDGE_CURVE ( 'NONE', #3482, #11279, #7202, .T. ) ;
#7520 = DIRECTION ( 'NONE',  ( 1.000000000000000000, -0.000000000000000000, -1.141265444721583757E-16 ) ) ;
#7521 = DIRECTION ( 'NONE',  ( 0.000000000000000000, 0.7660444431189767922, -0.6427876096865409172 ) ) ;
#7523 = CARTESIAN_POINT ( 'NONE',  ( 5.285301483563189073, 0.4999999999999978351, -1.000000000000000000 ) ) ;
#7522 = VECTOR ( 'NONE', #12417, 1000.000000000000000 ) ;
#7524 = CARTESIAN_POINT ( 'NONE',  ( 7.070602967126382588, 0.000000000000000000, -1.000000000000000000 ) ) ;
#7525 = VECTOR ( 'NONE', #11588, 1000.000000000000000 ) ;
#7526 = LINE ( 'NONE', #9470, #4916 ) ;
#7527 = CARTESIAN_POINT ( 'NONE',  ( 8.226888072706337596, 0.4000000000000000222, -1.000000000000000000 ) ) ;
#7528 = ORIENTED_EDGE ( 'NONE', *, *, #9590, .T. ) ;
#7529 = VERTEX_POINT ( 'NONE', #11992 ) ;
#7530 = FACE_OUTER_BOUND ( 'NONE', #9055, .T. ) ;
#7531 = CARTESIAN_POINT ( 'NONE',  ( 32.78241186850552680, 0.5351768109448618027, 2.449066664678465788 ) ) ;
#7532 = VECTOR ( 'NONE', #3914, 1000.000000000000000 ) ;
#7533 = FACE_OUTER_BOUND ( 'NONE', #10383, .T. ) ;
#7534 = DIRECTION ( 'NONE',  ( 0.000000000000000000, -1.000000000000000000, -0.000000000000000000 ) ) ;
#7535 = VECTOR ( 'NONE', #11197, 1000.000000000000000 ) ;
#7536 = LINE ( 'NONE', #6471, #9523 ) ;
#7537 = ORIENTED_EDGE ( 'NONE', *, *, #7607, .F. ) ;
#7538 = CARTESIAN_POINT ( 'NONE',  ( 35.78241186850553390, 0.000000000000000000, -0.2337080731428448355 ) ) ;
#7539 = VECTOR ( 'NONE', #3933, 1000.000000000000000 ) ;
#7540 = LINE ( 'NONE', #9367, #4792 ) ;
#7541 = ORIENTED_EDGE ( 'NONE', *, *, #9548, .T. ) ;
#7542 = VERTEX_POINT ( 'NONE', #11038 ) ;
#7543 = VERTEX_POINT ( 'NONE', #2446 ) ;
#7544 = CARTESIAN_POINT ( 'NONE',  ( 10.07060296712638348, 0.000000000000000000, 0.1662919268571582954 ) ) ;
#7545 = CARTESIAN_POINT ( 'NONE',  ( 28.49711038494233861, -1.000000000000000000, 0.3238172648295125633 ) ) ;
#7546 = DIRECTION ( 'NONE',  ( -1.141265444721583757E-16, 0.000000000000000000, 1.000000000000000000 ) ) ;
#7547 = B_SPLINE_CURVE_WITH_KNOTS ( 'NONE', 3,
 ( #5501, #11093, #750, #2743, #5628, #872, #2497, #9451 ),
 .UNSPECIFIED., .F., .F.,
 ( 4, 2, 2, 4 ),
 ( 0.000000000000000000, 0.0007624254491577308170, 0.001524850898315461634, 0.003049701796630913293 ),
 .UNSPECIFIED. ) ;
#7548 = MECHANICAL_DESIGN_GEOMETRIC_PRESENTATION_REPRESENTATION (  '', ( #8146 ), #1359 ) ;
#7549 = FACE_OUTER_BOUND ( 'NONE', #6785, .T. ) ;
#7550 = EDGE_CURVE ( 'NONE', #11942, #3204, #6255, .T. ) ;
#7551 = LINE ( 'NONE', #11397, #12192 ) ;
#7552 = LINE ( 'NONE', #7681, #4113 ) ;
#7553 = EDGE_CURVE ( 'NONE', #8120, #2943, #10145, .T. ) ;
#7554 = CARTESIAN_POINT ( 'NONE',  ( 11.79446546906854110, 0.5614389816210439976, -2.313973662514438256 ) ) ;
#7555 = CARTESIAN_POINT ( 'NONE',  ( 37.06771335206872209, 0.000000000000000000, -0.4041232037028950064 ) ) ;
#7556 = ORIENTED_EDGE ( 'NONE', *, *, #12406, .F. ) ;
#7557 = ORIENTED_EDGE ( 'NONE', *, *, #5989, .F. ) ;
#7558 = EDGE_LOOP ( 'NONE', ( #2025, #7207, #1448, #11575 ) ) ;
#7559 = VERTEX_POINT ( 'NONE', #320 ) ;
#7560 = VECTOR ( 'NONE', #3533, 1000.000000000000000 ) ;
#7561 = AXIS2_PLACEMENT_3D ( 'NONE', #12087, #3293, #2359 ) ;
#7562 = CARTESIAN_POINT ( 'NONE',  ( 14.35590445068956811, 1.399999999999999911, -4.858578065624948650 ) ) ;
#7563 = ORIENTED_EDGE ( 'NONE', *, *, #2351, .T. ) ;
#7564 = VECTOR ( 'NONE', #8759, 1000.000000000000000 ) ;
#7565 = DIRECTION ( 'NONE',  ( 0.000000000000000000, 1.000000000000000000, 0.000000000000000000 ) ) ;
#7566 = PLANE ( 'NONE',  #1638 ) ;
#7567 = CARTESIAN_POINT ( 'NONE',  ( 38.05052432829272391, 1.115317123975225533, -5.586343894839114199 ) ) ;
#7568 = ADVANCED_FACE ( 'NONE', ( #1570 ), #4143, .F. ) ;
#7569 = VECTOR ( 'NONE', #8080, 1000.000000000000000 ) ;
#7570 = CARTESIAN_POINT ( 'NONE',  ( 0.3468596454174303068, 0.000000000000000000, -1.000000000000000000 ) ) ;
#7571 = VECTOR ( 'NONE', #5766, 1000.000000000000114 ) ;
#7572 = EDGE_CURVE ( 'NONE', #8639, #174, #384, .T. ) ;
#7573 = ORIENTED_EDGE ( 'NONE', *, *, #3465, .T. ) ;
#7574 = VERTEX_POINT ( 'NONE', #9959 ) ;
#7575 = VERTEX_POINT ( 'NONE', #12302 ) ;
#7576 = ORIENTED_EDGE ( 'NONE', *, *, #8574, .T. ) ;
#7577 = CARTESIAN_POINT ( 'NONE',  ( 13.85590445068957166, 0.4999999999999978351, -1.000000000000000000 ) ) ;
#7578 = ORIENTED_EDGE ( 'NONE', *, *, #3701, .F. ) ;
#7579 = VECTOR ( 'NONE', #4741, 1000.000000000000000 ) ;
#7580 = DIRECTION ( 'NONE',  ( -1.000000000000000000, -0.000000000000000000, -0.000000000000000000 ) ) ;
#7581 = CARTESIAN_POINT ( 'NONE',  ( 8.917462612543813449, 0.000000000000000000, -2.240753535442237432 ) ) ;
#7582 = DIRECTION ( 'NONE',  ( 1.000000000000000000, -0.000000000000000000, -1.141265444721583757E-16 ) ) ;
#7583 = DIRECTION ( 'NONE',  ( 1.000000000000000000, 0.000000000000000000, 0.000000000000000000 ) ) ;
#7584 = LINE ( 'NONE', #11365, #7571 ) ;
#7585 = VECTOR ( 'NONE', #1600, 1000.000000000000000 ) ;
#7586 = PLANE ( 'NONE',  #4718 ) ;
#7587 = EDGE_CURVE ( 'NONE', #3946, #7764, #9456, .T. ) ;
#7588 = DIRECTION ( 'NONE',  ( 0.000000000000000000, 0.000000000000000000, -1.000000000000000000 ) ) ;
#7589 = DIRECTION ( 'NONE',  ( -6.982962677686266711E-15, 0.000000000000000000, -1.000000000000000000 ) ) ;
#7590 = ORIENTED_EDGE ( 'NONE', *, *, #10861, .F. ) ;
#7591 = CARTESIAN_POINT ( 'NONE',  ( 38.56771335206872209, 2.000000000000000000, 1.739099631177264182 ) ) ;
#7592 = EDGE_CURVE ( 'NONE', #5422, #4657, #9398, .T. ) ;
#7593 = VERTEX_POINT ( 'NONE', #1818 ) ;
#7594 = ORIENTED_EDGE ( 'NONE', *, *, #11289, .F. ) ;
#7595 = ADVANCED_FACE ( 'NONE', ( #5511 ), #5634, .F. ) ;
#7596 = CARTESIAN_POINT ( 'NONE',  ( 24.21180890137914687, -1.000000000000000000, 0.3238172648295125633 ) ) ;
#7597 = CARTESIAN_POINT ( 'NONE',  ( 5.785301483563185521, 1.399999999999999911, -4.858578065624948650 ) ) ;
#7598 = VECTOR ( 'NONE', #7893, 1000.000000000000000 ) ;
#7599 = CARTESIAN_POINT ( 'NONE',  ( 32.78241186850551969, 1.399999999999999911, -4.858572962426980446 ) ) ;
#7600 = CARTESIAN_POINT ( 'NONE',  ( 7.070602967126378147, 3.272523262990679971, -4.655872776437634641 ) ) ;
#7601 = CARTESIAN_POINT ( 'NONE',  ( 13.85590445068957166, 1.000000000000000000, -1.000000000000000000 ) ) ;
#7602 = VERTEX_POINT ( 'NONE', #11167 ) ;
#7603 = PLANE ( 'NONE',  #11356 ) ;
#7604 = LINE ( 'NONE', #11448, #3988 ) ;
#7606 = EDGE_LOOP ( 'NONE', ( #12021, #8216, #8374, #1383 ) ) ;
#7605 = EDGE_CURVE ( 'NONE', #11467, #3275, #7323, .T. ) ;
#7607 = EDGE_CURVE ( 'NONE', #174, #8958, #877, .T. ) ;
#7608 = ORIENTED_EDGE ( 'NONE', *, *, #4390, .F. ) ;
#7609 = VERTEX_POINT ( 'NONE', #11230 ) ;
#7610 =( BOUNDED_CURVE ( )  B_SPLINE_CURVE ( 3, ( #4824, #3761, #11423, #2818 ),
 .UNSPECIFIED., .F., .F. ) 
 B_SPLINE_CURVE_WITH_KNOTS ( ( 4, 4 ),
 ( 0.8726646259971631014, 1.198269360942234352 ),
 .UNSPECIFIED. ) 
 CURVE ( )  GEOMETRIC_REPRESENTATION_ITEM ( )  RATIONAL_B_SPLINE_CURVE ( ( 1.000000000000000000, 0.9911846262163772625, 0.9911846262163772625, 1.000000000000000000 ) ) 
 REPRESENTATION_ITEM ( '' )  );
#7611 = LINE ( 'NONE', #1794, #4119 ) ;
#7612 = LINE ( 'NONE', #6609, #11596 ) ;
#7613 = LINE ( 'NONE', #8481, #10532 ) ;
#7614 = CARTESIAN_POINT ( 'NONE',  ( 37.06771335206872209, 0.000000000000000000, 0.1662919268571552145 ) ) ;
#7615 = CARTESIAN_POINT ( 'NONE',  ( 7.070602967126381699, 1.000000000000000000, 0.8999999999999916955 ) ) ;
#7616 = CARTESIAN_POINT ( 'NONE',  ( 28.49711038494233861, 2.072578233334808395, 1.800000000000000044 ) ) ;
#7617 = CARTESIAN_POINT ( 'NONE',  ( 18.31344453798659799, 0.6722386037338313747, -0.7947340252167933716 ) ) ;
#7618 = CARTESIAN_POINT ( 'NONE',  ( 19.92650741781595514, 0.8628211600346445964, -0.4041232037028950064 ) ) ;
#7619 = DIRECTION ( 'NONE',  ( 1.000000000000000000, 0.000000000000000000, 0.000000000000000000 ) ) ;
#7620 = CARTESIAN_POINT ( 'NONE',  ( 0.9999999999999978906, 0.000000000000000000, -1.000000000000000000 ) ) ;
#7621 = EDGE_LOOP ( 'NONE', ( #12397, #4726, #3877, #9425 ) ) ;
#7622 = ORIENTED_EDGE ( 'NONE', *, *, #1981, .F. ) ;
#7623 = EDGE_CURVE ( 'NONE', #4499, #9019, #8324, .T. ) ;
#7624 = ORIENTED_EDGE ( 'NONE', *, *, #2852, .T. ) ;
#7625 = EDGE_LOOP ( 'NONE', ( #9696, #8683, #4268, #1869 ) ) ;
#7626 = EDGE_CURVE ( 'NONE', #9500, #7414, #1756, .T. ) ;
#7627 = FACE_OUTER_BOUND ( 'NONE', #12010, .T. ) ;
#7628 = VERTEX_POINT ( 'NONE', #3690 ) ;
#7629 = CARTESIAN_POINT ( 'NONE',  ( 7.070602967126381699, 1.000000000000000000, 2.799999999999999822 ) ) ;
#7630 = EDGE_CURVE ( 'NONE', #7038, #4995, #5575, .T. ) ;
#7631 = DIRECTION ( 'NONE',  ( 0.000000000000000000, 0.000000000000000000, 1.000000000000000000 ) ) ;
#7632 = DIRECTION ( 'NONE',  ( 0.000000000000000000, -1.000000000000000000, -0.000000000000000000 ) ) ;
#7633 = DIRECTION ( 'NONE',  ( -0.000000000000000000, -1.000000000000000000, 0.000000000000000000 ) ) ;
#7634 = AXIS2_PLACEMENT_3D ( 'NONE', #10832, #11841, #422 ) ;
#7635 = VECTOR ( 'NONE', #7580, 1000.000000000000000 ) ;
#7636 = ORIENTED_EDGE ( 'NONE', *, *, #6946, .T. ) ;
#7637 = ORIENTED_EDGE ( 'NONE', *, *, #12106, .T. ) ;
#7638 = ORIENTED_EDGE ( 'NONE', *, *, #12371, .T. ) ;
#7639 = ORIENTED_EDGE ( 'NONE', *, *, #10563, .F. ) ;
#7640 = EDGE_CURVE ( 'NONE', #11523, #9654, #820, .T. ) ;
#7641 = PLANE ( 'NONE',  #7119 ) ;
#7642 = ORIENTED_EDGE ( 'NONE', *, *, #7827, .F. ) ;
#7643 = VECTOR ( 'NONE', #7830, 1000.000000000000000 ) ;
#7644 = FACE_OUTER_BOUND ( 'NONE', #4695, .T. ) ;
#7645 = ADVANCED_FACE ( 'NONE', ( #9335 ), #1690, .F. ) ;
#7646 = VECTOR ( 'NONE', #9985, 1000.000000000000000 ) ;
#7647 = CARTESIAN_POINT ( 'NONE',  ( 32.78241186850551969, 8.673617379884035472E-16, -5.578147948598759953 ) ) ;
#7648 = DIRECTION ( 'NONE',  ( 7.335912872304279317E-17, 0.7660444431189810111, 0.6427876096865356992 ) ) ;
#7649 = DIRECTION ( 'NONE',  ( 0.000000000000000000, -0.6427876096865358102, 0.7660444431189811221 ) ) ;
#7650 = FACE_OUTER_BOUND ( 'NONE', #4642, .T. ) ;
#7651 = CARTESIAN_POINT ( 'NONE',  ( 37.06771335206873630, 1.000000000000000000, -2.240753535442224553 ) ) ;
#7652 = CARTESIAN_POINT ( 'NONE',  ( 8.570602967126387028, 1.000000000000000000, -3.240753535442235211 ) ) ;
#7653 = VERTEX_POINT ( 'NONE', #757 ) ;
#7654 = CARTESIAN_POINT ( 'NONE',  ( 35.78241186850552680, 1.103464666456457577, -5.267169912107815044 ) ) ;
#7655 = ORIENTED_EDGE ( 'NONE', *, *, #1769, .F. ) ;
#7656 = DIRECTION ( 'NONE',  ( 7.097089222158425653E-15, -0.000000000000000000, 1.000000000000000000 ) ) ;
#7657 = ORIENTED_EDGE ( 'NONE', *, *, #9743, .F. ) ;
#7658 = VERTEX_POINT ( 'NONE', #2751 ) ;
#7659 = CARTESIAN_POINT ( 'NONE',  ( 32.78241186850552680, 0.000000000000000000, -1.000000000000000000 ) ) ;
#7660 = CARTESIAN_POINT ( 'NONE',  ( 5.785301483563182856, 1.191234876072139626, -5.242434171922443653 ) ) ;
#7661 = EDGE_CURVE ( 'NONE', #4897, #11217, #10399, .T. ) ;
#7662 = CARTESIAN_POINT ( 'NONE',  ( 7.570602967126385252, 0.000000000000000000, -1.000000000000000000 ) ) ;
#7663 = DIRECTION ( 'NONE',  ( -1.000000000000000000, 0.000000000000000000, 1.141265444721583757E-16 ) ) ;
#7664 = EDGE_CURVE ( 'NONE', #599, #7494, #4576, .T. ) ;
#7665 = FACE_OUTER_BOUND ( 'NONE', #8851, .T. ) ;
#7666 = LINE ( 'NONE', #10295, #1333 ) ;
#7667 = LINE ( 'NONE', #8605, #8586 ) ;
#7668 = ORIENTED_EDGE ( 'NONE', *, *, #8580, .F. ) ;
#7669 = VERTEX_POINT ( 'NONE', #3507 ) ;
#7670 = ORIENTED_EDGE ( 'NONE', *, *, #9324, .T. ) ;
#7671 = VERTEX_POINT ( 'NONE', #1634 ) ;
#7672 = PLANE ( 'NONE',  #9093 ) ;
#7673 = CARTESIAN_POINT ( 'NONE',  ( -1.500000000000000000, 1.000000000000000000, -0.4041232037028950064 ) ) ;
#7674 = EDGE_CURVE ( 'NONE', #2159, #4789, #10210, .T. ) ;
#7675 = LINE ( 'NONE', #5441, #2431 ) ;
#7676 = DIRECTION ( 'NONE',  ( 0.6427876096865409172, -0.000000000000000000, -0.7660444431189766812 ) ) ;
#7677 = DIRECTION ( 'NONE',  ( 0.000000000000000000, -1.000000000000000000, 0.000000000000000000 ) ) ;
#7678 = EDGE_CURVE ( 'NONE', #3120, #4179, #3634, .T. ) ;
#7679 = CARTESIAN_POINT ( 'NONE',  ( 20.90669452595437505, 1.400000000000000355, -5.120565198620423253 ) ) ;
#7680 = EDGE_CURVE ( 'NONE', #418, #5199, #11169, .T. ) ;
#7681 = CARTESIAN_POINT ( 'NONE',  ( 10.07060296712639413, 0.000000000000000000, -2.240753535442245425 ) ) ;
#7682 = CARTESIAN_POINT ( 'NONE',  ( 14.35590445068957699, 1.000000000000000000, -3.407045462299397531 ) ) ;
#7683 = PLANE ( 'NONE',  #7780 ) ;
#7684 = VERTEX_POINT ( 'NONE', #2574 ) ;
#7685 = ORIENTED_EDGE ( 'NONE', *, *, #177, .T. ) ;
#7686 = VERTEX_POINT ( 'NONE', #6389 ) ;
#7687 = VERTEX_POINT ( 'NONE', #9213 ) ;
#7688 = CARTESIAN_POINT ( 'NONE',  ( 14.35590445068956456, 1.103464666456457577, -5.267169912107815044 ) ) ;
#7689 = ORIENTED_EDGE ( 'NONE', *, *, #667, .T. ) ;
#7690 = DIRECTION ( 'NONE',  ( -1.000000000000000000, 0.000000000000000000, -1.141265444721583757E-16 ) ) ;
#7691 = PLANE ( 'NONE',  #6423 ) ;
#7692 = CARTESIAN_POINT ( 'NONE',  ( 28.49711038494233861, 1.000000000000000000, -1.000000000000000000 ) ) ;
#7693 = LINE ( 'NONE', #4634, #11871 ) ;
#7694 = EDGE_CURVE ( 'NONE', #6653, #11721, #11232, .T. ) ;
#7695 = AXIS2_PLACEMENT_3D ( 'NONE', #2888, #770, #8521 ) ;
#7696 = ORIENTED_EDGE ( 'NONE', *, *, #9700, .F. ) ;
#7697 = VERTEX_POINT ( 'NONE', #5636 ) ;
#7698 = VERTEX_POINT ( 'NONE', #2753 ) ;
#7699 = VERTEX_POINT ( 'NONE', #822 ) ;
#7700 = CARTESIAN_POINT ( 'NONE',  ( 15.49122954964335008, 1.102365630357457826, -5.215502924329154411 ) ) ;
#7701 = EDGE_LOOP ( 'NONE', ( #8489, #10881, #8507, #4628 ) ) ;
#7702 = CARTESIAN_POINT ( 'NONE',  ( 18.64120593425276695, 1.499358225474672235, 1.300000000000000044 ) ) ;
#7703 = DIRECTION ( 'NONE',  ( -0.000000000000000000, -1.000000000000000000, 0.000000000000000000 ) ) ;
#7704 = CARTESIAN_POINT ( 'NONE',  ( 33.18352650070971777, 1.399999999999323563, -5.329232319204055379 ) ) ;
#7705 = VECTOR ( 'NONE', #8805, 1000.000000000000000 ) ;
#7706 = CARTESIAN_POINT ( 'NONE',  ( 7.070602967126389693, 1.000000000000000000, -2.836630331739329769 ) ) ;
#7707 = EDGE_CURVE ( 'NONE', #4278, #6618, #7510, .T. ) ;
#7708 = DIRECTION ( 'NONE',  ( 5.626621160408424545E-15, -0.5735764363510473807, 0.8191520442889909104 ) ) ;
#7709 = EDGE_CURVE ( 'NONE', #4759, #318, #10212, .T. ) ;
#7710 = LINE ( 'NONE', #2186, #5114 ) ;
#7711 = FACE_OUTER_BOUND ( 'NONE', #5375, .T. ) ;
#7712 = EDGE_CURVE ( 'NONE', #8046, #9243, #7513, .T. ) ;
#7713 = DIRECTION ( 'NONE',  ( 0.6427876096865409172, -0.000000000000000000, -0.7660444431189766812 ) ) ;
#7714 = ORIENTED_EDGE ( 'NONE', *, *, #1501, .F. ) ;
#7715 = DIRECTION ( 'NONE',  ( 0.000000000000000000, -1.000000000000000000, -2.710505431213761085E-16 ) ) ;
#7716 = VECTOR ( 'NONE', #2263, 1000.000000000000000 ) ;
#7717 = VECTOR ( 'NONE', #6538, 1000.000000000000000 ) ;
#7718 = EDGE_LOOP ( 'NONE', ( #6286, #3560, #10194, #4076 ) ) ;
#7719 = ORIENTED_EDGE ( 'NONE', *, *, #8005, .F. ) ;
#7720 = DIRECTION ( 'NONE',  ( 7.335912872304279317E-17, 0.7660444431189810111, 0.6427876096865356992 ) ) ;
#7721 = CARTESIAN_POINT ( 'NONE',  ( 10.07060296712637282, 1.191234876072139848, -5.242434171922443653 ) ) ;
#7722 = DIRECTION ( 'NONE',  ( 1.000000000000000000, 0.000000000000000000, 0.000000000000000000 ) ) ;
#7723 = DIRECTION ( 'NONE',  ( -0.7660444431189811221, 0.000000000000000000, -0.6427876096865355882 ) ) ;
#7724 = AXIS2_PLACEMENT_3D ( 'NONE', #5060, #7761, #5002 ) ;
#7725 = AXIS2_PLACEMENT_3D ( 'NONE', #3379, #9071, #6064 ) ;
#7726 = AXIS2_PLACEMENT_3D ( 'NONE', #11083, #2427, #4373 ) ;
#7727 = EDGE_CURVE ( 'NONE', #4574, #7494, #3455, .T. ) ;
#7728 = CARTESIAN_POINT ( 'NONE',  ( 18.64120593425276695, 1.499358225474672235, 2.799999999999999822 ) ) ;
#7729 = EDGE_CURVE ( 'NONE', #1339, #4497, #3692, .T. ) ;
#7730 = PLANE ( 'NONE',  #11327 ) ;
#7731 = FACE_OUTER_BOUND ( 'NONE', #878, .T. ) ;
#7732 = ORIENTED_EDGE ( 'NONE', *, *, #6108, .F. ) ;
#7733 = ORIENTED_EDGE ( 'NONE', *, *, #11252, .F. ) ;
#7734 = ORIENTED_EDGE ( 'NONE', *, *, #5182, .F. ) ;
#7735 = VECTOR ( 'NONE', #4553, 1000.000000000000000 ) ;
#7736 = VECTOR ( 'NONE', #10618, 1000.000000000000000 ) ;
#7737 = CARTESIAN_POINT ( 'NONE',  ( 11.35590445068956456, 1.103464568314089123, -5.267165293036052631 ) ) ;
#7738 = LINE ( 'NONE', #11579, #4296 ) ;
#7739 = LINE ( 'NONE', #7673, #6322 ) ;
#7740 = DIRECTION ( 'NONE',  ( 1.000000000000000000, -0.000000000000000000, 0.000000000000000000 ) ) ;
#7741 = CARTESIAN_POINT ( 'NONE',  ( 37.82399845764867763, 0.000000000000000000, -1.000000000000000000 ) ) ;
#7742 = CARTESIAN_POINT ( 'NONE',  ( 22.92650741781595869, 0.9534028740753672793, 2.799999999999999822 ) ) ;
#7743 = CARTESIAN_POINT ( 'NONE',  ( -1.500000000000008216, 1.267942713657680631, -5.186244395641643301 ) ) ;
#7744 = VECTOR ( 'NONE', #11944, 1000.000000000000000 ) ;
#7745 = DIRECTION ( 'NONE',  ( -7.097089222158424864E-15, 0.000000000000000000, -1.000000000000000000 ) ) ;
#7746 = CARTESIAN_POINT ( 'NONE',  ( 27.22922031134830334, 1.399999999999999911, -4.852261884540960857 ) ) ;
#7747 = ADVANCED_FACE ( 'NONE', ( #11357 ), #10583, .T. ) ;
#7748 = DIRECTION ( 'NONE',  ( -4.005262847839656493E-15, -0.8191520442889909104, -0.5735764363510473807 ) ) ;
#7749 = ORIENTED_EDGE ( 'NONE', *, *, #4542, .F. ) ;
#7750 = ORIENTED_EDGE ( 'NONE', *, *, #4664, .T. ) ;
#7751 = EDGE_LOOP ( 'NONE', ( #12237, #1958, #5433, #1206 ) ) ;
#7752 = ORIENTED_EDGE ( 'NONE', *, *, #687, .F. ) ;
#7753 = EDGE_CURVE ( 'NONE', #3946, #9818, #1636, .T. ) ;
#7754 = EDGE_CURVE ( 'NONE', #4758, #5434, #6453, .T. ) ;
#7755 = DIRECTION ( 'NONE',  ( -0.000000000000000000, -0.000000000000000000, 1.000000000000000000 ) ) ;
#7756 = ORIENTED_EDGE ( 'NONE', *, *, #8927, .T. ) ;
#7757 = VECTOR ( 'NONE', #5486, 1000.000000000000000 ) ;
#7758 = LINE ( 'NONE', #5809, #2954 ) ;
#7759 = CARTESIAN_POINT ( 'NONE',  ( 38.50000000000001421, 0.4000000000000000222, -3.407045462299400196 ) ) ;
#7760 = LINE ( 'NONE', #10936, #7977 ) ;
#7761 = DIRECTION ( 'NONE',  ( -1.000000000000000000, 0.000000000000000000, 1.141265444721583757E-16 ) ) ;
#7762 = ORIENTED_EDGE ( 'NONE', *, *, #5297, .F. ) ;
#7763 = EDGE_LOOP ( 'NONE', ( #11148, #4381, #11594, #891 ) ) ;
#7764 = VERTEX_POINT ( 'NONE', #631 ) ;
#7765 = ORIENTED_EDGE ( 'NONE', *, *, #10392, .F. ) ;
#7766 = EDGE_CURVE ( 'NONE', #11940, #12345, #8508, .T. ) ;
#7767 = EDGE_CURVE ( 'NONE', #2039, #1177, #12304, .T. ) ;
#7768 = CARTESIAN_POINT ( 'NONE',  ( 20.09691127732391536, 0.7834631812238952442, -0.6072026154634236894 ) ) ;
#7769 = EDGE_LOOP ( 'NONE', ( #4855, #2622, #8960, #8062 ) ) ;
#7770 = CARTESIAN_POINT ( 'NONE',  ( 1.499999999999999778, 0.4000000000000000222, -3.007045462299395844 ) ) ;
#7771 = AXIS2_PLACEMENT_3D ( 'NONE', #9635, #8096, #5100 ) ;
#7772 = CARTESIAN_POINT ( 'NONE',  ( 24.21180890137914687, 1.000000000000000000, -4.040753535442224376 ) ) ;
#7773 = LINE ( 'NONE', #7381, #11392 ) ;
#7774 = VECTOR ( 'NONE', #8057, 1000.000000000000000 ) ;
#7775 = DIRECTION ( 'NONE',  ( 0.6427876096865409172, -0.000000000000000000, 0.7660444431189766812 ) ) ;
#7776 = DIRECTION ( 'NONE',  ( -1.000000000000000000, 0.000000000000000000, 0.000000000000000000 ) ) ;
#7777 = ORIENTED_EDGE ( 'NONE', *, *, #4997, .F. ) ;
#7778 = CARTESIAN_POINT ( 'NONE',  ( 38.91457299748616094, 0.4000000000000000222, -3.000000000000000000 ) ) ;
#7779 = ORIENTED_EDGE ( 'NONE', *, *, #12230, .F. ) ;
#7780 = AXIS2_PLACEMENT_3D ( 'NONE', #9383, #11521, #4621 ) ;
#7781 = DIRECTION ( 'NONE',  ( 0.000000000000000000, 1.000000000000000000, 0.000000000000000000 ) ) ;
#7782 = AXIS2_PLACEMENT_3D ( 'NONE', #3889, #7776, #8458 ) ;
#7783 = ORIENTED_EDGE ( 'NONE', *, *, #8242, .T. ) ;
#7784 = ORIENTED_EDGE ( 'NONE', *, *, #5881, .T. ) ;
#7785 = EDGE_CURVE ( 'NONE', #2023, #8811, #3636, .T. ) ;
#7786 = CARTESIAN_POINT ( 'NONE',  ( 35.78241186850553390, 1.000000000000000000, -0.4041232037028950064 ) ) ;
#7787 = DIRECTION ( 'NONE',  ( 7.097089222158424864E-15, 0.000000000000000000, 1.000000000000000000 ) ) ;
#7788 = FACE_OUTER_BOUND ( 'NONE', #1109, .T. ) ;
#7789 = CARTESIAN_POINT ( 'NONE',  ( 30.74397003035976894, 0.000000000000000000, -3.000000000000000000 ) ) ;
#7790 = EDGE_CURVE ( 'NONE', #1537, #4575, #4455, .T. ) ;
#7791 = VECTOR ( 'NONE', #6400, 1000.000000000000000 ) ;
#7792 = CARTESIAN_POINT ( 'NONE',  ( 38.50000000000001421, 0.000000000000000000, 0.1662919268571550480 ) ) ;
#7793 = FACE_OUTER_BOUND ( 'NONE', #7625, .T. ) ;
#7794 = DIRECTION ( 'NONE',  ( 0.000000000000000000, 1.000000000000000000, 0.000000000000000000 ) ) ;
#7795 = ORIENTED_EDGE ( 'NONE', *, *, #363, .T. ) ;
#7796 = ORIENTED_EDGE ( 'NONE', *, *, #6477, .F. ) ;
#7797 = ORIENTED_EDGE ( 'NONE', *, *, #10490, .T. ) ;
#7798 = ADVANCED_FACE ( 'NONE', ( #6511 ), #879, .T. ) ;
#7799 = CARTESIAN_POINT ( 'NONE',  ( 27.21180890137915043, 0.8628211600346445964, -0.4041232037028950064 ) ) ;
#7800 = DIRECTION ( 'NONE',  ( 0.000000000000000000, -1.000000000000000000, -0.000000000000000000 ) ) ;
#7801 = DIRECTION ( 'NONE',  ( 6.851203843408066740E-15, 0.000000000000000000, 1.000000000000000000 ) ) ;
#7802 = FACE_OUTER_BOUND ( 'NONE', #7558, .T. ) ;
#7803 = DIRECTION ( 'NONE',  ( -0.000000000000000000, -1.000000000000000000, 0.000000000000000000 ) ) ;
#7804 = EDGE_CURVE ( 'NONE', #4775, #3870, #3511, .T. ) ;
#7805 = LINE ( 'NONE', #8615, #6028 ) ;
#7806 = CARTESIAN_POINT ( 'NONE',  ( 22.68412188003802754, 1.399999999999999689, -4.945931956424544751 ) ) ;
#7807 = FACE_OUTER_BOUND ( 'NONE', #600, .T. ) ;
#7808 = DIRECTION ( 'NONE',  ( 0.000000000000000000, 1.000000000000000000, 0.000000000000000000 ) ) ;
#7809 = CARTESIAN_POINT ( 'NONE',  ( 28.47975555791758495, 1.400000000000000355, -4.852277374311898761 ) ) ;
#7810 = ORIENTED_EDGE ( 'NONE', *, *, #11017, .F. ) ;
#7811 = ORIENTED_EDGE ( 'NONE', *, *, #6586, .F. ) ;
#7812 = ORIENTED_EDGE ( 'NONE', *, *, #4160, .F. ) ;
#7813 = ORIENTED_EDGE ( 'NONE', *, *, #9343, .T. ) ;
#7814 = CARTESIAN_POINT ( 'NONE',  ( 14.35590445068957521, 2.000000000000000000, 2.799999999999999822 ) ) ;
#7815 = EDGE_LOOP ( 'NONE', ( #2875, #6003, #10995, #7076 ) ) ;
#7816 = FACE_OUTER_BOUND ( 'NONE', #1906, .T. ) ;
#7817 = CARTESIAN_POINT ( 'NONE',  ( 12.85590445068957344, 1.000000000000000000, 0.000000000000000000 ) ) ;
#7818 = EDGE_CURVE ( 'NONE', #5632, #1757, #1068, .T. ) ;
#7819 = CARTESIAN_POINT ( 'NONE',  ( 19.92650741781595514, 0.000000000000000000, 0.1662919268571571574 ) ) ;
#7820 = VERTEX_POINT ( 'NONE', #3945 ) ;
#7821 = VERTEX_POINT ( 'NONE', #9645 ) ;
#7822 = ORIENTED_EDGE ( 'NONE', *, *, #8734, .T. ) ;
#7823 = ORIENTED_EDGE ( 'NONE', *, *, #7804, .T. ) ;
#7824 = CARTESIAN_POINT ( 'NONE',  ( 25.36809400695910455, 1.000000000000000222, -2.240753535442232547 ) ) ;
#7825 = ORIENTED_EDGE ( 'NONE', *, *, #11830, .F. ) ;
#7826 = PLANE ( 'NONE',  #8636 ) ;
#7827 = EDGE_CURVE ( 'NONE', #10259, #5172, #3758, .T. ) ;
#7828 = LINE ( 'NONE', #10903, #9768 ) ;
#7829 = AXIS2_PLACEMENT_3D ( 'NONE', #10841, #5193, #1311 ) ;
#7830 = DIRECTION ( 'NONE',  ( 0.000000000000000000, 1.000000000000000000, 0.000000000000000000 ) ) ;
#7831 = VECTOR ( 'NONE', #6188, 1000.000000000000000 ) ;
#7832 = DIRECTION ( 'NONE',  ( 4.488561888120282676E-15, 0.7660444431189767922, 0.6427876096865409172 ) ) ;
#7833 = EDGE_CURVE ( 'NONE', #3053, #9267, #1008, .T. ) ;
#7834 = ADVANCED_FACE ( 'NONE', ( #2009 ), #8641, .F. ) ;
#7835 = ORIENTED_EDGE ( 'NONE', *, *, #10774, .F. ) ;
#7836 = LINE ( 'NONE', #11678, #1120 ) ;
#7837 = ORIENTED_EDGE ( 'NONE', *, *, #12210, .F. ) ;
#7838 = DIRECTION ( 'NONE',  ( 1.141265444721583757E-16, -2.710505431213761085E-16, 1.000000000000000000 ) ) ;
#7839 = AXIS2_PLACEMENT_3D ( 'NONE', #7759, #1935, #4752 ) ;
#7840 = VERTEX_POINT ( 'NONE', #3823 ) ;
#7841 = ORIENTED_EDGE ( 'NONE', *, *, #5140, .T. ) ;
#7842 = VECTOR ( 'NONE', #9154, 1000.000000000000000 ) ;
#7843 = CARTESIAN_POINT ( 'NONE',  ( 9.581758128136367958, 1.400000000000000577, -5.010998372119821909 ) ) ;
#7844 = FACE_OUTER_BOUND ( 'NONE', #10713, .T. ) ;
#7845 = PLANE ( 'NONE',  #9841 ) ;
#7846 = DIRECTION ( 'NONE',  ( 0.000000000000000000, -1.000000000000000000, 0.000000000000000000 ) ) ;
#7847 = CARTESIAN_POINT ( 'NONE',  ( 18.64120593425275985, 1.399999999999999911, -4.858578065624948650 ) ) ;
#7848 = EDGE_CURVE ( 'NONE', #5213, #9603, #8816, .T. ) ;
#7849 = CARTESIAN_POINT ( 'NONE',  ( 8.570602967126381699, 1.000000000000000000, 0.000000000000000000 ) ) ;
#7850 = LINE ( 'NONE', #6031, #11813 ) ;
#7852 = EDGE_LOOP ( 'NONE', ( #12416, #2086, #7696, #6768 ) ) ;
#7851 = VECTOR ( 'NONE', #3751, 1000.000000000000000 ) ;
#7853 = ORIENTED_EDGE ( 'NONE', *, *, #9872, .T. ) ;
#7854 = ORIENTED_EDGE ( 'NONE', *, *, #9619, .T. ) ;
#7855 = CARTESIAN_POINT ( 'NONE',  ( 22.17336706323338547, 0.000000000000000000, -1.000000000000000000 ) ) ;
#7856 = CARTESIAN_POINT ( 'NONE',  ( 18.64120593425276695, 0.000000000000000000, -1.000000000000000000 ) ) ;
#7857 = CARTESIAN_POINT ( 'NONE',  ( 14.35590445068957166, 0.4000000000000000222, 0.1662919268571577958 ) ) ;
#7858 = CARTESIAN_POINT ( 'NONE',  ( -0.7437148944200444589, 0.000000000000000000, -1.000000000000000000 ) ) ;
#7859 = CARTESIAN_POINT ( 'NONE',  ( 28.49711038494233861, 1.499358225474672235, 1.300000000000000044 ) ) ;
#7860 = CARTESIAN_POINT ( 'NONE',  ( 22.94391882778511160, 1.399999999999999911, -4.852261884540960857 ) ) ;
#7861 = LINE ( 'NONE', #2109, #5707 ) ;
#7862 = EDGE_CURVE ( 'NONE', #4108, #1541, #12367, .T. ) ;
#7863 = CARTESIAN_POINT ( 'NONE',  ( 24.19445407435439677, 1.400000000000000355, -4.852277374311898761 ) ) ;
#7864 = CARTESIAN_POINT ( 'NONE',  ( 28.88130230669501941, 1.106494308963361872, -5.409375844366641317 ) ) ;
#7865 = EDGE_LOOP ( 'NONE', ( #8932, #8621, #6100, #10506, #3186, #5651, #8494, #5022, #8825, #7507, #8509, #2081 ) ) ;
#7866 = ORIENTED_EDGE ( 'NONE', *, *, #397, .F. ) ;
#7867 = EDGE_CURVE ( 'NONE', #4408, #4050, #10592, .T. ) ;
#7868 = ORIENTED_EDGE ( 'NONE', *, *, #4539, .T. ) ;
#7869 = ORIENTED_EDGE ( 'NONE', *, *, #12072, .F. ) ;
#7870 = DIRECTION ( 'NONE',  ( 0.000000000000000000, -1.000000000000000000, 0.000000000000000000 ) ) ;
#7871 = LINE ( 'NONE', #8937, #7148 ) ;
#7872 = CARTESIAN_POINT ( 'NONE',  ( 24.21180890137914687, 0.9534028740753675013, 2.799999999999999822 ) ) ;
#7873 = LINE ( 'NONE', #6940, #9325 ) ;
#7874 = ORIENTED_EDGE ( 'NONE', *, *, #11674, .T. ) ;
#7875 = VERTEX_POINT ( 'NONE', #8701 ) ;
#7876 = EDGE_CURVE ( 'NONE', #11818, #2369, #4760, .T. ) ;
#7877 = ORIENTED_EDGE ( 'NONE', *, *, #5074, .F. ) ;
#7878 = VERTEX_POINT ( 'NONE', #69 ) ;
#7879 = DIRECTION ( 'NONE',  ( 0.000000000000000000, -1.000000000000000000, 0.000000000000000000 ) ) ;
#7880 = EDGE_LOOP ( 'NONE', ( #9150, #9852, #7563, #4062, #7294, #3233, #6857, #4566, #7810, #4252, #11043, #4496, #6695 ) ) ;
#7881 = EDGE_CURVE ( 'NONE', #5876, #6809, #10712, .T. ) ;
#7882 = CARTESIAN_POINT ( 'NONE',  ( 11.35590445068957344, 0.000000000000000000, -1.000000000000000000 ) ) ;
#7883 = DIRECTION ( 'NONE',  ( 1.000000000000000000, 0.000000000000000000, -6.982962677686266711E-15 ) ) ;
#7884 = CARTESIAN_POINT ( 'NONE',  ( 19.92650741781595514, 1.000000000000000000, -1.000000000000000000 ) ) ;
#7885 = VECTOR ( 'NONE', #10300, 1000.000000000000114 ) ;
#7886 = LINE ( 'NONE', #7706, #7643 ) ;
#7887 = DIRECTION ( 'NONE',  ( -0.000000000000000000, -0.000000000000000000, 1.000000000000000000 ) ) ;
#7888 = ORIENTED_EDGE ( 'NONE', *, *, #1044, .F. ) ;
#7889 = VERTEX_POINT ( 'NONE', #7577 ) ;
#7890 = CARTESIAN_POINT ( 'NONE',  ( 27.21180890137915043, 0.000000000000000000, 0.1662919268571563525 ) ) ;
#7891 = ADVANCED_FACE ( 'NONE', ( #2129 ), #7641, .T. ) ;
#7892 = ORIENTED_EDGE ( 'NONE', *, *, #11742, .T. ) ;
#7893 = DIRECTION ( 'NONE',  ( -1.000000000000000000, -0.000000000000000000, 1.141265444721583757E-16 ) ) ;
#7894 = ORIENTED_EDGE ( 'NONE', *, *, #10490, .F. ) ;
#7895 = ORIENTED_EDGE ( 'NONE', *, *, #763, .F. ) ;
#7896 = EDGE_CURVE ( 'NONE', #4323, #2846, #10523, .T. ) ;
#7897 = ADVANCED_FACE ( 'NONE', ( #3883 ), #1539, .T. ) ;
#7898 = CARTESIAN_POINT ( 'NONE',  ( 10.07060296712637637, 1.399999999999999911, -4.858578065624948650 ) ) ;
#7899 = LINE ( 'NONE', #5149, #12376 ) ;
#7900 = DIRECTION ( 'NONE',  ( 4.488561888120282676E-15, 0.7660444431189767922, 0.6427876096865409172 ) ) ;
#7901 = DIRECTION ( 'NONE',  ( -1.000000000000000000, -0.000000000000000000, -0.000000000000000000 ) ) ;
#7902 = B_SPLINE_CURVE_WITH_KNOTS ( 'NONE', 3,
 ( #1360, #11714, #298, #5994, #359, #3296 ),
 .UNSPECIFIED., .F., .F.,
 ( 4, 2, 4 ),
 ( 0.000000000000000000, 0.0002695394427320645602, 0.0005390788854641291204 ),
 .UNSPECIFIED. ) ;
#7903 = VECTOR ( 'NONE', #451, 1000.000000000000000 ) ;
#7905 = CARTESIAN_POINT ( 'NONE',  ( 40.06771335206872919, 1.499358225474672235, 2.799999999999999822 ) ) ;
#7904 = VECTOR ( 'NONE', #7142, 1000.000000000000000 ) ;
#7906 = AXIS2_PLACEMENT_3D ( 'NONE', #1484, #546, #611 ) ;
#7907 = CARTESIAN_POINT ( 'NONE',  ( 38.50000000000001421, 0.000000000000000000, -0.2337080731428451408 ) ) ;
#7908 = CARTESIAN_POINT ( 'NONE',  ( 29.25339549052229415, 0.3999999999999999667, -1.000000000000000000 ) ) ;
#7909 = ORIENTED_EDGE ( 'NONE', *, *, #10675, .T. ) ;
#7910 = ORIENTED_EDGE ( 'NONE', *, *, #6744, .F. ) ;
#7911 = ORIENTED_EDGE ( 'NONE', *, *, #7429, .T. ) ;
#7912 = CARTESIAN_POINT ( 'NONE',  ( 26.88404750511298147, 0.6722386037338313747, -0.7947340252167933716 ) ) ;
#7913 = DIRECTION ( 'NONE',  ( 7.097089222158425653E-15, -0.000000000000000000, 1.000000000000000000 ) ) ;
#7914 = CARTESIAN_POINT ( 'NONE',  ( 35.78241186850553390, 0.000000000000000000, 1.999999999999997335 ) ) ;
#7915 = DIRECTION ( 'NONE',  ( 0.000000000000000000, -1.000000000000000000, -0.000000000000000000 ) ) ;
#7916 = CARTESIAN_POINT ( 'NONE',  ( -1.500000000000000222, 1.000000000000000000, 0.8999999999999916955 ) ) ;
#7917 = VECTOR ( 'NONE', #886, 1000.000000000000000 ) ;
#7918 = CARTESIAN_POINT ( 'NONE',  ( 19.92650741781595514, 0.4000000000000000222, 0.1662919268571571574 ) ) ;
#7919 = DIRECTION ( 'NONE',  ( -1.000000000000000000, -0.000000000000000000, -0.000000000000000000 ) ) ;
#7920 = CARTESIAN_POINT ( 'NONE',  ( 13.20276409610700519, 0.4000000000000000222, -1.000000000000000000 ) ) ;
#7921 = CARTESIAN_POINT ( 'NONE',  ( 25.19199600951756679, 1.400000000000000355, -5.120565198620423253 ) ) ;
#7922 = VECTOR ( 'NONE', #10765, 1000.000000000000000 ) ;
#7923 = CARTESIAN_POINT ( 'NONE',  ( 31.49711038494234217, 1.000000000000000000, -2.836630331739350641 ) ) ;
#7924 = ORIENTED_EDGE ( 'NONE', *, *, #4212, .T. ) ;
#7925 = ORIENTED_EDGE ( 'NONE', *, *, #10632, .F. ) ;
#7926 = VECTOR ( 'NONE', #6430, 1000.000000000000114 ) ;
#7927 = ORIENTED_EDGE ( 'NONE', *, *, #4161, .T. ) ;
#7928 = ORIENTED_EDGE ( 'NONE', *, *, #7626, .T. ) ;
#7929 = LINE ( 'NONE', #6052, #7922 ) ;
#7930 = DIRECTION ( 'NONE',  ( 0.000000000000000000, 1.000000000000000000, 0.000000000000000000 ) ) ;
#7931 = ADVANCED_FACE ( 'NONE', ( #6245 ), #1373, .F. ) ;
#7932 = VECTOR ( 'NONE', #4150, 1000.000000000000000 ) ;
#7933 = DIRECTION ( 'NONE',  ( 1.000000000000000000, -0.000000000000000000, 1.141265444721583757E-16 ) ) ;
#7934 = ADVANCED_FACE ( 'NONE', ( #7942 ), #4254, .F. ) ;
#7935 = DIRECTION ( 'NONE',  ( -0.7660444431189811221, 0.000000000000000000, -0.6427876096865355882 ) ) ;
#7936 = LINE ( 'NONE', #5122, #10518 ) ;
#7937 = ORIENTED_EDGE ( 'NONE', *, *, #4870, .T. ) ;
#7938 = ORIENTED_EDGE ( 'NONE', *, *, #1365, .F. ) ;
#7939 = VERTEX_POINT ( 'NONE', #11026 ) ;
#7940 = ORIENTED_EDGE ( 'NONE', *, *, #3185, .T. ) ;
#7941 = VECTOR ( 'NONE', #2898, 1000.000000000000000 ) ;
#7942 = FACE_OUTER_BOUND ( 'NONE', #3854, .T. ) ;
#7943 = ORIENTED_EDGE ( 'NONE', *, *, #4469, .F. ) ;
#7944 = EDGE_CURVE ( 'NONE', #2604, #4175, #8064, .T. ) ;
#7945 = PLANE ( 'NONE',  #1429 ) ;
#7946 = DIRECTION ( 'NONE',  ( 1.000000000000000000, 0.000000000000000000, -1.141265444721583757E-16 ) ) ;
#7947 = DIRECTION ( 'NONE',  ( -6.868836133214109346E-15, 0.000000000000000000, -1.000000000000000000 ) ) ;
#7948 = EDGE_CURVE ( 'NONE', #8405, #12396, #4524, .T. ) ;
#7949 = PLANE ( 'NONE',  #8234 ) ;
#7950 = VECTOR ( 'NONE', #12029, 1000.000000000000000 ) ;
#7951 = CARTESIAN_POINT ( 'NONE',  ( 9.317462612543812028, 0.4000000000000000222, -2.240753535442239208 ) ) ;
#7952 = VERTEX_POINT ( 'NONE', #490 ) ;
#7953 = EDGE_LOOP ( 'NONE', ( #1651, #3291, #6964, #10997 ) ) ;
#7954 = CARTESIAN_POINT ( 'NONE',  ( 20.68279252339591068, 0.000000000000000000, -3.000000000000000000 ) ) ;
#7955 = ORIENTED_EDGE ( 'NONE', *, *, #10824, .T. ) ;
#7956 = CARTESIAN_POINT ( 'NONE',  ( 14.35590445068957344, 1.000000000000000000, -4.040753535442245692 ) ) ;
#7957 = CARTESIAN_POINT ( 'NONE',  ( 14.35590445068957166, 0.000000000000000000, 0.1662919268571577958 ) ) ;
#7958 = ORIENTED_EDGE ( 'NONE', *, *, #8882, .F. ) ;
#7959 = VECTOR ( 'NONE', #4225, 1000.000000000000000 ) ;
#7960 = CARTESIAN_POINT ( 'NONE',  ( 0.000000000000000000, 0.000000000000000000, 0.000000000000000000 ) ) ;
#7961 = CARTESIAN_POINT ( 'NONE',  ( 10.07060296712639058, 0.000000000000000000, -3.007045462299397176 ) ) ;
#7962 = VECTOR ( 'NONE', #3795, 1000.000000000000000 ) ;
#7963 = CARTESIAN_POINT ( 'NONE',  ( 31.49711038494233151, 1.115317123975225755, -5.263829606655360038 ) ) ;
#7964 = LINE ( 'NONE', #3269, #7348 ) ;
#7965 = EDGE_CURVE ( 'NONE', #3361, #8883, #9012, .T. ) ;
#7966 = VECTOR ( 'NONE', #3316, 1000.000000000000000 ) ;
#7968 = EDGE_CURVE ( 'NONE', #7878, #7543, #434, .T. ) ;
#7967 = DIRECTION ( 'NONE',  ( -0.000000000000000000, -0.000000000000000000, 1.000000000000000000 ) ) ;
#7969 = VECTOR ( 'NONE', #5982, 1000.000000000000000 ) ;
#7970 = DIRECTION ( 'NONE',  ( -1.000000000000000000, 0.000000000000000000, 1.141265444721583757E-16 ) ) ;
#7971 = CARTESIAN_POINT ( 'NONE',  ( 7.070602967126382588, 0.000000000000000000, -1.000000000000000000 ) ) ;
#7972 = ORIENTED_EDGE ( 'NONE', *, *, #60, .F. ) ;
#7973 = ORIENTED_EDGE ( 'NONE', *, *, #2633, .T. ) ;
#7974 = EDGE_LOOP ( 'NONE', ( #10642, #2126, #6438, #2430, #11785, #4376, #5637, #3651, #11037, #2190, #9241, #2414, #12238 ) ) ;
#7975 = LINE ( 'NONE', #3470, #702 ) ;
#7976 = DIRECTION ( 'NONE',  ( -1.000000000000000000, 0.000000000000000000, 1.141265444721583757E-16 ) ) ;
#7977 = VECTOR ( 'NONE', #5220, 1000.000000000000000 ) ;
#7978 = CARTESIAN_POINT ( 'NONE',  ( 5.785301483563191738, 1.499358225474672235, 2.799999999999999822 ) ) ;
#7979 = DIRECTION ( 'NONE',  ( 0.000000000000000000, 1.000000000000000000, 0.000000000000000000 ) ) ;
#7980 = EDGE_CURVE ( 'NONE', #11076, #9500, #10839, .T. ) ;
#7981 = CARTESIAN_POINT ( 'NONE',  ( 10.07060296712639413, 1.000000000000000000, -2.240753535442245425 ) ) ;
#7982 = DIRECTION ( 'NONE',  ( 0.5407162030609378167, 0.5407162030609377057, 0.6444004775717702138 ) ) ;
#7983 = CARTESIAN_POINT ( 'NONE',  ( 33.11017326477170286, 0.6722386037338301534, -0.7947340252167955921 ) ) ;
#7984 = EDGE_CURVE ( 'NONE', #11526, #292, #11913, .T. ) ;
#7985 = ADVANCED_FACE ( 'NONE', ( #6004 ), #2255, .F. ) ;
#7986 = CARTESIAN_POINT ( 'NONE',  ( 7.070602967126385252, 0.000000000000000000, -3.407045462299396199 ) ) ;
#7987 = VECTOR ( 'NONE', #7275, 1000.000000000000000 ) ;
#7988 = CARTESIAN_POINT ( 'NONE',  ( 28.49711038494233861, 0.000000000000000000, -1.000000000000000000 ) ) ;
#7989 = ORIENTED_EDGE ( 'NONE', *, *, #13, .T. ) ;
#7990 = ORIENTED_EDGE ( 'NONE', *, *, #12106, .F. ) ;
#7991 = ORIENTED_EDGE ( 'NONE', *, *, #6090, .F. ) ;
#7992 = ORIENTED_EDGE ( 'NONE', *, *, #6122, .F. ) ;
#7993 = CARTESIAN_POINT ( 'NONE',  ( 30.74397003035976894, 0.000000000000000000, -1.000000000000000000 ) ) ;
#7994 = CARTESIAN_POINT ( 'NONE',  ( 11.35590445068957521, 0.4000000000000000222, 0.1662919268571519393 ) ) ;
#7995 = AXIS2_PLACEMENT_3D ( 'NONE', #11994, #2325, #11865 ) ;
#7996 = CARTESIAN_POINT ( 'NONE',  ( 10.07060296712638348, 0.000000000000000000, 1.999999999999997335 ) ) ;
#7997 = DIRECTION ( 'NONE',  ( -1.141265444721583757E-16, 0.000000000000000000, 1.000000000000000000 ) ) ;
#7998 = LINE ( 'NONE', #2067, #361 ) ;
#7999 = DIRECTION ( 'NONE',  ( -0.000000000000000000, -0.000000000000000000, 1.000000000000000000 ) ) ;
#8000 = ORIENTED_EDGE ( 'NONE', *, *, #6795, .F. ) ;
#8001 = ORIENTED_EDGE ( 'NONE', *, *, #8923, .T. ) ;
#8002 = ADVANCED_FACE ( 'NONE', ( #8827 ), #3312, .F. ) ;
#8003 = ORIENTED_EDGE ( 'NONE', *, *, #2653, .T. ) ;
#8004 = VERTEX_POINT ( 'NONE', #9823 ) ;
#8005 = EDGE_CURVE ( 'NONE', #7628, #2749, #11851, .T. ) ;
#8006 = CARTESIAN_POINT ( 'NONE',  ( 28.49711038494234927, 1.000000000000000000, -2.836630331739329769 ) ) ;
#8007 =( BOUNDED_CURVE ( )  B_SPLINE_CURVE ( 3, ( #10033, #8973, #3271, #2336 ),
 .UNSPECIFIED., .F., .F. ) 
 B_SPLINE_CURVE_WITH_KNOTS ( ( 4, 4 ),
 ( 1.943323292647560097, 2.268928027592631569 ),
 .UNSPECIFIED. ) 
 CURVE ( )  GEOMETRIC_REPRESENTATION_ITEM ( )  RATIONAL_B_SPLINE_CURVE ( ( 1.000000000000000000, 0.9911846262163772625, 0.9911846262163772625, 1.000000000000000000 ) ) 
 REPRESENTATION_ITEM ( '' )  );
#8008 = DIRECTION ( 'NONE',  ( -0.7660444431189766812, 0.000000000000000000, 0.6427876096865409172 ) ) ;
#8009 = FACE_OUTER_BOUND ( 'NONE', #5955, .T. ) ;
#8010 = DIRECTION ( 'NONE',  ( -1.141265444721583757E-16, -0.000000000000000000, -1.000000000000000000 ) ) ;
#8011 = B_SPLINE_CURVE_WITH_KNOTS ( 'NONE', 3,
 ( #9620, #2108, #1047, #5919, #9744, #3920 ),
 .UNSPECIFIED., .F., .F.,
 ( 4, 2, 4 ),
 ( 0.000000000000000000, 0.0002694863184572999604, 0.0005389726369145999207 ),
 .UNSPECIFIED. ) ;
#8012 = DIRECTION ( 'NONE',  ( -0.000000000000000000, -0.000000000000000000, 1.000000000000000000 ) ) ;
#8013 = CARTESIAN_POINT ( 'NONE',  ( 10.07060296712639413, 1.000000000000000000, -2.240753535442245425 ) ) ;
#8014 = ORIENTED_EDGE ( 'NONE', *, *, #2782, .F. ) ;
#8015 = VERTEX_POINT ( 'NONE', #6948 ) ;
#8016 = ADVANCED_FACE ( 'NONE', ( #7128 ), #2309, .F. ) ;
#8017 = DIRECTION ( 'NONE',  ( 0.000000000000000000, -1.000000000000000000, 0.000000000000000000 ) ) ;
#8018 = ORIENTED_EDGE ( 'NONE', *, *, #1331, .F. ) ;
#8019 = EDGE_CURVE ( 'NONE', #3925, #8880, #9881, .T. ) ;
#8020 = CARTESIAN_POINT ( 'NONE',  ( 2.785301483563202840, 0.000000000000000000, -2.240753535442224553 ) ) ;
#8021 = ORIENTED_EDGE ( 'NONE', *, *, #2526, .F. ) ;
#8022 = LINE ( 'NONE', #2394, #8499 ) ;
#8023 = LINE ( 'NONE', #3266, #7139 ) ;
#8024 = VECTOR ( 'NONE', #911, 1000.000000000000000 ) ;
#8025 = CARTESIAN_POINT ( 'NONE',  ( 5.785301483563203284, 0.3999999999999999667, -2.240753535442245425 ) ) ;
#8026 = CARTESIAN_POINT ( 'NONE',  ( 12.11218955626952898, 0.000000000000000000, -3.000000000000000000 ) ) ;
#8027 = LINE ( 'NONE', #6080, #5317 ) ;
#8028 = DIRECTION ( 'NONE',  ( -0.000000000000000000, -0.000000000000000000, 1.000000000000000000 ) ) ;
#8029 = VECTOR ( 'NONE', #8282, 1000.000000000000000 ) ;
#8030 = FACE_OUTER_BOUND ( 'NONE', #5677, .T. ) ;
#8031 = ORIENTED_EDGE ( 'NONE', *, *, #5367, .F. ) ;
#8032 = ADVANCED_FACE ( 'NONE', ( #1306 ), #8881, .T. ) ;
#8033 = ORIENTED_EDGE ( 'NONE', *, *, #673, .F. ) ;
#8034 = ORIENTED_EDGE ( 'NONE', *, *, #11987, .T. ) ;
#8035 = CARTESIAN_POINT ( 'NONE',  ( 19.92650741781595514, 0.000000000000000000, -1.000000000000000000 ) ) ;
#8036 = CARTESIAN_POINT ( 'NONE',  ( 28.99711038494235282, 0.000000000000000000, -2.240753535442228106 ) ) ;
#8037 = EDGE_CURVE ( 'NONE', #8794, #2862, #6185, .T. ) ;
#8038 = VECTOR ( 'NONE', #7014, 1000.000000000000000 ) ;
#8039 = CARTESIAN_POINT ( 'NONE',  ( 2.785301483563184632, 1.399999999999999911, -4.858572962426980446 ) ) ;
#8040 = DIRECTION ( 'NONE',  ( 1.000000000000000000, -0.000000000000000000, -0.000000000000000000 ) ) ;
#8041 = LINE ( 'NONE', #10874, #6379 ) ;
#8042 = CARTESIAN_POINT ( 'NONE',  ( 4.285301483563190850, 0.5320888862379536954, -0.9617579545435694932 ) ) ;
#8043 = CARTESIAN_POINT ( 'NONE',  ( 14.35590445068956100, 8.673617379884035472E-16, -5.578152595329384233 ) ) ;
#8044 = LINE ( 'NONE', #8168, #11558 ) ;
#8045 = DIRECTION ( 'NONE',  ( -0.000000000000000000, -1.000000000000000000, -0.000000000000000000 ) ) ;
#8046 = VERTEX_POINT ( 'NONE', #5249 ) ;
#8047 = VERTEX_POINT ( 'NONE', #810 ) ;
#8048 = EDGE_CURVE ( 'NONE', #11940, #5243, #5565, .T. ) ;
#8049 = ORIENTED_EDGE ( 'NONE', *, *, #10737, .F. ) ;
#8050 = ORIENTED_EDGE ( 'NONE', *, *, #9460, .T. ) ;
#8051 = LINE ( 'NONE', #1606, #10984 ) ;
#8052 = CYLINDRICAL_SURFACE ( 'NONE', #6534, 1.500000000000000000 ) ;
#8053 = EDGE_CURVE ( 'NONE', #6050, #8657, #10197, .T. ) ;
#8054 = CARTESIAN_POINT ( 'NONE',  ( 7.070602967126394134, 1.000000000000000000, -2.240753535442224553 ) ) ;
#8055 = EDGE_CURVE ( 'NONE', #3075, #2023, #6496, .T. ) ;
#8056 = DIRECTION ( 'NONE',  ( 0.000000000000000000, 1.000000000000000000, 0.000000000000000000 ) ) ;
#8057 = DIRECTION ( 'NONE',  ( 0.000000000000000000, 0.000000000000000000, -1.000000000000000000 ) ) ;
#8058 = DIRECTION ( 'NONE',  ( -0.000000000000000000, -1.000000000000000000, -0.000000000000000000 ) ) ;
#8059 = DIRECTION ( 'NONE',  ( -6.868836133214109346E-15, 0.000000000000000000, -1.000000000000000000 ) ) ;
#8060 = ORIENTED_EDGE ( 'NONE', *, *, #7259, .T. ) ;
#8061 = ORIENTED_EDGE ( 'NONE', *, *, #7727, .T. ) ;
#8062 = ORIENTED_EDGE ( 'NONE', *, *, #8940, .F. ) ;
#8063 = ORIENTED_EDGE ( 'NONE', *, *, #2613, .T. ) ;
#8064 = LINE ( 'NONE', #5128, #2520 ) ;
#8065 = CARTESIAN_POINT ( 'NONE',  ( 1.500000000000003997, 0.3999999999999999667, -3.407045462299400196 ) ) ;
#8066 = LINE ( 'NONE', #9826, #9431 ) ;
#8067 = DIRECTION ( 'NONE',  ( -1.000000000000000000, -0.000000000000000000, 1.141265444721583757E-16 ) ) ;
#8068 = CARTESIAN_POINT ( 'NONE',  ( 13.60276409610700377, 0.000000000000000000, -2.240753535442240096 ) ) ;
#8069 = CARTESIAN_POINT ( 'NONE',  ( 22.92650741781594448, 0.000000000000000000, -5.578152595329384233 ) ) ;
#8070 = EDGE_LOOP ( 'NONE', ( #10257, #1301, #8894, #6418, #4515, #7940, #7762, #6619, #2541, #368, #11245, #11382, #12022 ) ) ;
#8071 = ORIENTED_EDGE ( 'NONE', *, *, #11051, .T. ) ;
#8072 = LINE ( 'NONE', #4205, #2712 ) ;
#8073 = ORIENTED_EDGE ( 'NONE', *, *, #6766, .T. ) ;
#8074 =( BOUNDED_SURFACE ( )  B_SPLINE_SURFACE ( 3, 1, ( 
 ( #3594, #7224 ),
 ( #9226, #2407 ),
 ( #8220, #713 ),
 ( #1654, #2530 ) ),
 .UNSPECIFIED., .F., .F., .F. ) 
 B_SPLINE_SURFACE_WITH_KNOTS ( ( 4, 4 ),
 ( 2, 2 ),
 ( 0.000000000000000000, 1.000000000000000000 ),
 ( 0.000000000000000000, 1.000000000000000000 ),
 .UNSPECIFIED. ) 
 GEOMETRIC_REPRESENTATION_ITEM ( )  RATIONAL_B_SPLINE_SURFACE ( (
 ( 1.000000000000000000, 1.000000000000000000),
 ( 0.9667654570425328053, 0.9667654570425328053),
 ( 0.9667654570425328053, 0.9667654570425328053),
 ( 1.000000000000000000, 1.000000000000000000) ) ) 
 REPRESENTATION_ITEM ( '' )  SURFACE ( )  );
#8075 = CARTESIAN_POINT ( 'NONE',  ( 35.78241186850552680, 1.191234876072140292, -5.242434171922442765 ) ) ;
#8076 = VERTEX_POINT ( 'NONE', #4627 ) ;
#8077 = FACE_BOUND ( 'NONE', #5435, .T. ) ;
#8078 = DIRECTION ( 'NONE',  ( -6.868836133214109346E-15, 0.000000000000000000, -1.000000000000000000 ) ) ;
#8079 = FACE_OUTER_BOUND ( 'NONE', #1117, .T. ) ;
#8080 = DIRECTION ( 'NONE',  ( 0.000000000000000000, 1.000000000000000000, 0.000000000000000000 ) ) ;
#8081 = ADVANCED_FACE ( 'NONE', ( #8251 ), #2621, .F. ) ;
#8082 = EDGE_CURVE ( 'NONE', #7840, #10825, #9197, .T. ) ;
#8083 = CARTESIAN_POINT ( 'NONE',  ( 35.78241186850554811, 0.000000000000000000, -2.240753535442245425 ) ) ;
#8084 = AXIS2_PLACEMENT_3D ( 'NONE', #952, #4773, #14 ) ;
#8085 = DIRECTION ( 'NONE',  ( 1.141265444721583757E-16, -0.000000000000000000, 1.000000000000000000 ) ) ;
#8086 = FACE_OUTER_BOUND ( 'NONE', #1552, .T. ) ;
#8087 = ORIENTED_EDGE ( 'NONE', *, *, #2389, .T. ) ;
#8088 = ORIENTED_EDGE ( 'NONE', *, *, #8534, .T. ) ;
#8089 = ORIENTED_EDGE ( 'NONE', *, *, #9810, .F. ) ;
#8090 = LINE ( 'NONE', #7095, #5504 ) ;
#8091 = DIRECTION ( 'NONE',  ( 0.000000000000000000, 1.000000000000000000, 0.000000000000000000 ) ) ;
#8092 = CARTESIAN_POINT ( 'NONE',  ( 1.500000000000000444, 1.499358225474672235, 2.799999999999999822 ) ) ;
#8093 = CARTESIAN_POINT ( 'NONE',  ( 30.50753313724700533, 1.400000000000000133, -5.098382031700256611 ) ) ;
#8094 = EDGE_CURVE ( 'NONE', #5274, #1403, #3679, .T. ) ;
#8095 = VECTOR ( 'NONE', #3457, 1000.000000000000000 ) ;
#8096 = DIRECTION ( 'NONE',  ( -0.000000000000000000, -1.000000000000000000, 0.000000000000000000 ) ) ;
#8097 = VECTOR ( 'NONE', #1335, 1000.000000000000000 ) ;
#8098 = VECTOR ( 'NONE', #8989, 1000.000000000000000 ) ;
#8099 = CARTESIAN_POINT ( 'NONE',  ( 3.541586589143146835, 0.3999999999999999667, -1.000000000000000000 ) ) ;
#8100 = EDGE_CURVE ( 'NONE', #10246, #12361, #6306, .T. ) ;
#8101 = DIRECTION ( 'NONE',  ( -1.000000000000000000, 0.000000000000000000, -1.141265444721583757E-16 ) ) ;
#8102 = DIRECTION ( 'NONE',  ( -0.000000000000000000, -0.000000000000000000, 1.000000000000000000 ) ) ;
#8103 = CARTESIAN_POINT ( 'NONE',  ( 22.92650741781595869, 0.4999999999999978351, -1.000000000000000000 ) ) ;
#8104 = ORIENTED_EDGE ( 'NONE', *, *, #9909, .F. ) ;
#8105 = ORIENTED_EDGE ( 'NONE', *, *, #12033, .F. ) ;
#8106 = ORIENTED_EDGE ( 'NONE', *, *, #1557, .T. ) ;
#8107 = EDGE_LOOP ( 'NONE', ( #4110, #5495, #1650, #5836 ) ) ;
#8108 = AXIS2_PLACEMENT_3D ( 'NONE', #10910, #9021, #10850 ) ;
#8109 = VECTOR ( 'NONE', #513, 1000.000000000000000 ) ;
#8110 = LINE ( 'NONE', #9184, #6160 ) ;
#8111 = CARTESIAN_POINT ( 'NONE',  ( 2.785301483563198843, 1.000000000000000000, -2.836630331739329769 ) ) ;
#8112 = PLANE ( 'NONE',  #10766 ) ;
#8113 = FACE_OUTER_BOUND ( 'NONE', #10697, .T. ) ;
#8114 = DIRECTION ( 'NONE',  ( 0.5407162030609332648, 0.5407162030609377057, -0.6444004775717739886 ) ) ;
#8115 = VECTOR ( 'NONE', #4822, 1000.000000000000000 ) ;
#8116 = EDGE_CURVE ( 'NONE', #1881, #9685, #12100, .T. ) ;
#8117 = LINE ( 'NONE', #1549, #1131 ) ;
#8118 = VECTOR ( 'NONE', #1533, 1000.000000000000000 ) ;
#8119 = DIRECTION ( 'NONE',  ( 0.000000000000000000, 0.000000000000000000, -1.000000000000000000 ) ) ;
#8120 = VERTEX_POINT ( 'NONE', #8190 ) ;
#8121 = ORIENTED_EDGE ( 'NONE', *, *, #9593, .F. ) ;
#8122 = EDGE_CURVE ( 'NONE', #12212, #1355, #12227, .T. ) ;
#8123 = VERTEX_POINT ( 'NONE', #2739 ) ;
#8124 = VERTEX_POINT ( 'NONE', #6437 ) ;
#8125 = DIRECTION ( 'NONE',  ( 7.211793519376912441E-15, 0.000000000000000000, 1.000000000000000000 ) ) ;
#8126 = VERTEX_POINT ( 'NONE', #2561 ) ;
#8127 = VECTOR ( 'NONE', #7001, 1000.000000000000000 ) ;
#8128 = VECTOR ( 'NONE', #5402, 1000.000000000000000 ) ;
#8129 = CARTESIAN_POINT ( 'NONE',  ( 38.50000000000001421, 0.000000000000000000, 0.1662919268571550480 ) ) ;
#8130 = B_SPLINE_CURVE_WITH_KNOTS ( 'NONE', 3,
 ( #10230, #9289, #4411, #11249, #11063, #2465 ),
 .UNSPECIFIED., .F., .F.,
 ( 4, 2, 4 ),
 ( 0.000000000000000000, 0.001513007688743852339, 0.003026015377487704678 ),
 .UNSPECIFIED. ) ;
#8131 = PLANE ( 'NONE',  #28 ) ;
#8132 = CARTESIAN_POINT ( 'NONE',  ( 39.57886851307871012, 1.400000000000000355, -5.010998372119822797 ) ) ;
#8133 = FACE_OUTER_BOUND ( 'NONE', #2060, .T. ) ;
#8134 = DIRECTION ( 'NONE',  ( 1.141265444721583757E-16, 0.000000000000000000, 1.000000000000000000 ) ) ;
#8135 = VECTOR ( 'NONE', #3399, 1000.000000000000000 ) ;
#8136 = EDGE_CURVE ( 'NONE', #9319, #9038, #6562, .T. ) ;
#8137 = ORIENTED_EDGE ( 'NONE', *, *, #4086, .T. ) ;
#8138 = ORIENTED_EDGE ( 'NONE', *, *, #6834, .T. ) ;
#8139 = ADVANCED_FACE ( 'NONE', ( #8311 ), #10389, .F. ) ;
#8140 = CARTESIAN_POINT ( 'NONE',  ( 35.78241186850554811, 0.3999999999999999667, -2.240753535442245425 ) ) ;
#8141 = ORIENTED_EDGE ( 'NONE', *, *, #6061, .F. ) ;
#8142 = CARTESIAN_POINT ( 'NONE',  ( 24.21180890137914687, 0.5351768109448618027, 2.449066664678465788 ) ) ;
#8143 = ORIENTED_EDGE ( 'NONE', *, *, #12263, .T. ) ;
#8144 = DIRECTION ( 'NONE',  ( 1.000000000000000000, -0.000000000000000000, 0.000000000000000000 ) ) ;
#8145 = CARTESIAN_POINT ( 'NONE',  ( 29.65339549052229629, 0.000000000000000000, -3.000000000000000000 ) ) ;
#8146 = STYLED_ITEM ( 'NONE', ( #10562 ), #9905 ) ;
#8147 = PLANE ( 'NONE',  #1844 ) ;
#8148 = DIRECTION ( 'NONE',  ( 1.000000000000000000, 0.000000000000000000, 0.000000000000000000 ) ) ;
#8149 = CARTESIAN_POINT ( 'NONE',  ( 33.53869697408548234, 0.000000000000000000, -1.000000000000000000 ) ) ;
#8150 = PLANE ( 'NONE',  #11937 ) ;
#8151 = CARTESIAN_POINT ( 'NONE',  ( -1.500000000000000888, 1.000000000000000000, -4.040753535442224376 ) ) ;
#8152 = AXIS2_PLACEMENT_3D ( 'NONE', #9291, #1465, #11190 ) ;
#8153 = CARTESIAN_POINT ( 'NONE',  ( 24.21180890137914687, 1.000000000000000000, -0.4041232037028950064 ) ) ;
#8154 = ORIENTED_EDGE ( 'NONE', *, *, #72, .F. ) ;
#8155 = EDGE_CURVE ( 'NONE', #4237, #1503, #10324, .T. ) ;
#8156 = VECTOR ( 'NONE', #7318, 1000.000000000000000 ) ;
#8157 = ORIENTED_EDGE ( 'NONE', *, *, #3617, .F. ) ;
#8158 = ORIENTED_EDGE ( 'NONE', *, *, #7712, .F. ) ;
#8159 = CARTESIAN_POINT ( 'NONE',  ( 3.941586589143147190, 0.000000000000000000, -1.000000000000000000 ) ) ;
#8160 = DIRECTION ( 'NONE',  ( -1.000000000000000000, 0.000000000000000000, 1.141265444721583757E-16 ) ) ;
#8161 = EDGE_CURVE ( 'NONE', #3724, #1846, #8378, .T. ) ;
#8162 = LINE ( 'NONE', #4412, #8029 ) ;
#8163 = CARTESIAN_POINT ( 'NONE',  ( 14.35590445068958232, 1.000000000000000000, -2.836630331739350641 ) ) ;
#8164 = DIRECTION ( 'NONE',  ( -1.000000000000000000, -0.000000000000000000, 1.141265444721583757E-16 ) ) ;
#8165 = VECTOR ( 'NONE', #3566, 1000.000000000000000 ) ;
#8166 = VECTOR ( 'NONE', #9018, 1000.000000000000000 ) ;
#8167 = LINE ( 'NONE', #410, #2705 ) ;
#8168 = CARTESIAN_POINT ( 'NONE',  ( 27.21180890137915043, 0.9534028740753672793, 2.799999999999999822 ) ) ;
#8169 = LINE ( 'NONE', #2603, #2387 ) ;
#8170 = VERTEX_POINT ( 'NONE', #11152 ) ;
#8171 = VERTEX_POINT ( 'NONE', #2494 ) ;
#8172 = EDGE_CURVE ( 'NONE', #675, #9164, #7376, .T. ) ;
#8173 = VERTEX_POINT ( 'NONE', #1559 ) ;
#8174 = ORIENTED_EDGE ( 'NONE', *, *, #6851, .T. ) ;
#8175 = CIRCLE ( 'NONE', #8972, 2.000000000000000000 ) ;
#8176 = EDGE_LOOP ( 'NONE', ( #4009, #8260, #9388, #1603 ) ) ;
#8177 = LINE ( 'NONE', #12027, #5963 ) ;
#8178 = CARTESIAN_POINT ( 'NONE',  ( 11.35590445068958054, 1.000000000000000000, -2.836630331739329769 ) ) ;
#8179 = EDGE_CURVE ( 'NONE', #217, #4811, #5377, .T. ) ;
#8180 = CARTESIAN_POINT ( 'NONE',  ( 38.50000000000001421, 0.4000000000000000222, -3.407045462299400196 ) ) ;
#8181 = LINE ( 'NONE', #3428, #12058 ) ;
#8182 = CARTESIAN_POINT ( 'NONE',  ( 39.13263647031961767, 1.108503113383853655, -5.505581804970429260 ) ) ;
#8183 = VECTOR ( 'NONE', #3789, 1000.000000000000000 ) ;
#8184 = CARTESIAN_POINT ( 'NONE',  ( 14.35590445068957521, 1.000000000000000000, 2.799999999999999822 ) ) ;
#8185 = CARTESIAN_POINT ( 'NONE',  ( 2.785301483563191294, 0.000000000000000000, -1.000000000000000000 ) ) ;
#8186 = EDGE_LOOP ( 'NONE', ( #7037, #10763, #1189, #2637 ) ) ;
#8187 = ORIENTED_EDGE ( 'NONE', *, *, #1307, .F. ) ;
#8188 = VERTEX_POINT ( 'NONE', #11278 ) ;
#8189 = VERTEX_POINT ( 'NONE', #9259 ) ;
#8190 = CARTESIAN_POINT ( 'NONE',  ( 27.21180890137914332, 1.399999999999999689, -4.612012738139092072 ) ) ;
#8191 = ORIENTED_EDGE ( 'NONE', *, *, #2803, .F. ) ;
#8192 = VECTOR ( 'NONE', #8203, 1000.000000000000000 ) ;
#8193 = CARTESIAN_POINT ( 'NONE',  ( 33.93869697408548092, 0.3999999999999999667, -2.240753535442232547 ) ) ;
#8194 = EDGE_CURVE ( 'NONE', #11186, #3184, #9326, .T. ) ;
#8195 = DIRECTION ( 'NONE',  ( 0.000000000000000000, 0.000000000000000000, -1.000000000000000000 ) ) ;
#8196 = CARTESIAN_POINT ( 'NONE',  ( 37.06771335206872209, 1.191276127410974883, -5.242417899579847607 ) ) ;
#8197 = PLANE ( 'NONE',  #1764 ) ;
#8198 = LINE ( 'NONE', #7319, #6012 ) ;
#8199 = EDGE_LOOP ( 'NONE', ( #3450, #9659, #3481, #3306 ) ) ;
#8200 = ORIENTED_EDGE ( 'NONE', *, *, #10876, .F. ) ;
#8201 = LINE ( 'NONE', #6072, #11935 ) ;
#8202 = ORIENTED_EDGE ( 'NONE', *, *, #10169, .T. ) ;
#8203 = DIRECTION ( 'NONE',  ( 0.000000000000000000, 1.000000000000000000, 0.000000000000000000 ) ) ;
#8204 = LINE ( 'NONE', #10796, #3382 ) ;
#8206 = ORIENTED_EDGE ( 'NONE', *, *, #3383, .T. ) ;
#8205 = EDGE_CURVE ( 'NONE', #9626, #1201, #10260, .T. ) ;
#8207 = DIRECTION ( 'NONE',  ( -1.000000000000000000, -0.000000000000000000, 1.141265444721583757E-16 ) ) ;
#8208 = ADVANCED_FACE ( 'NONE', ( #9503 ), #10577, .F. ) ;
#8209 = LINE ( 'NONE', #8025, #7842 ) ;
#8210 = DIRECTION ( 'NONE',  ( 0.000000000000000000, -1.000000000000000000, 0.000000000000000000 ) ) ;
#8211 = EDGE_CURVE ( 'NONE', #2358, #6450, #5744, .T. ) ;
#8212 = CARTESIAN_POINT ( 'NONE',  ( 10.07060296712638348, 0.000000000000000000, -0.2337080731428418934 ) ) ;
#8213 = DIRECTION ( 'NONE',  ( -0.000000000000000000, -1.000000000000000000, 0.000000000000000000 ) ) ;
#8214 = CARTESIAN_POINT ( 'NONE',  ( 24.96809400695910242, 0.3999999999999999667, -1.000000000000000000 ) ) ;
#8215 = CARTESIAN_POINT ( 'NONE',  ( 2.785301483563185965, 3.272523262990679971, -4.655872776437634641 ) ) ;
#8216 = ORIENTED_EDGE ( 'NONE', *, *, #5208, .T. ) ;
#8217 = EDGE_LOOP ( 'NONE', ( #5694, #1260, #548, #5532 ) ) ;
#8218 = ORIENTED_EDGE ( 'NONE', *, *, #8161, .F. ) ;
#8219 = CARTESIAN_POINT ( 'NONE',  ( 10.07060296712638348, 0.9534028740753672793, 2.799999999999999822 ) ) ;
#8220 = CARTESIAN_POINT ( 'NONE',  ( 9.087790991801341534, 1.115317123975225533, -5.586345496996282911 ) ) ;
#8221 = CARTESIAN_POINT ( 'NONE',  ( 38.50000000000001421, 0.4000000000000000222, 0.1662919268571550480 ) ) ;
#8222 = CARTESIAN_POINT ( 'NONE',  ( 38.50000000000001421, 0.4000000000000000222, 0.1662919268571550480 ) ) ;
#8223 = FACE_OUTER_BOUND ( 'NONE', #807, .T. ) ;
#8224 = VECTOR ( 'NONE', #3060, 1000.000000000000000 ) ;
#8225 = ADVANCED_FACE ( 'NONE', ( #9571 ), #8477, .T. ) ;
#8226 = AXIS2_PLACEMENT_3D ( 'NONE', #7131, #1374, #8886 ) ;
#8227 = CARTESIAN_POINT ( 'NONE',  ( 10.07060296712637637, 1.399999999999999911, -4.858578065624948650 ) ) ;
#8228 = DIRECTION ( 'NONE',  ( 0.000000000000000000, 3.577867169202164632E-15, 1.000000000000000000 ) ) ;
#8229 = LINE ( 'NONE', #8103, #8788 ) ;
#8230 = EDGE_LOOP ( 'NONE', ( #2189, #3434, #4015, #8698 ) ) ;
#8231 = VERTEX_POINT ( 'NONE', #4810 ) ;
#8232 = ORIENTED_EDGE ( 'NONE', *, *, #2678, .F. ) ;
#8233 = ORIENTED_EDGE ( 'NONE', *, *, #6460, .T. ) ;
#8234 = AXIS2_PLACEMENT_3D ( 'NONE', #495, #3194, #2500 ) ;
#8235 = ORIENTED_EDGE ( 'NONE', *, *, #11214, .F. ) ;
#8236 = CARTESIAN_POINT ( 'NONE',  ( 8.054798432805634789, 1.108489920217938574, -5.504954131106826409 ) ) ;
#8237 = FACE_OUTER_BOUND ( 'NONE', #6433, .T. ) ;
#8238 = AXIS2_PLACEMENT_3D ( 'NONE', #10419, #6469, #3654 ) ;
#8239 = DIRECTION ( 'NONE',  ( -1.000000000000000000, 0.000000000000000000, 0.000000000000000000 ) ) ;
#8240 = EDGE_CURVE ( 'NONE', #11611, #4419, #5807, .T. ) ;
#8241 = CARTESIAN_POINT ( 'NONE',  ( 4.285301483563198843, 1.000000000000000000, -2.836630331739339983 ) ) ;
#8242 = EDGE_CURVE ( 'NONE', #2928, #5372, #8564, .T. ) ;
#8243 = DIRECTION ( 'NONE',  ( 0.000000000000000000, 0.000000000000000000, -1.000000000000000000 ) ) ;
#8244 = CARTESIAN_POINT ( 'NONE',  ( 2.785301483563191294, 1.000000000000000000, -1.000000000000000000 ) ) ;
#8245 = EDGE_CURVE ( 'NONE', #5141, #7671, #1056, .T. ) ;
#8246 = LINE ( 'NONE', #5431, #8522 ) ;
#8247 = ORIENTED_EDGE ( 'NONE', *, *, #3116, .T. ) ;
#8248 = ORIENTED_EDGE ( 'NONE', *, *, #8155, .T. ) ;
#8249 = ORIENTED_EDGE ( 'NONE', *, *, #2435, .T. ) ;
#8250 = ORIENTED_EDGE ( 'NONE', *, *, #11674, .F. ) ;
#8251 = FACE_OUTER_BOUND ( 'NONE', #972, .T. ) ;
#8252 = VERTEX_POINT ( 'NONE', #2934 ) ;
#8253 = PLANE ( 'NONE',  #7425 ) ;
#8254 = DIRECTION ( 'NONE',  ( -1.000000000000000000, 0.000000000000000000, -1.141265444721583757E-16 ) ) ;
#8255 = CARTESIAN_POINT ( 'NONE',  ( 37.06771335206870788, 1.267942713657679743, -5.186244395641644189 ) ) ;
#8256 = CARTESIAN_POINT ( 'NONE',  ( 37.06771335206872209, 0.8628211600346445964, -0.4041232037028950064 ) ) ;
#8257 = DIRECTION ( 'NONE',  ( 0.000000000000000000, -1.000000000000000000, 0.000000000000000000 ) ) ;
#8258 = EDGE_CURVE ( 'NONE', #10226, #9880, #6754, .T. ) ;
#8259 = ORIENTED_EDGE ( 'NONE', *, *, #5487, .F. ) ;
#8260 = ORIENTED_EDGE ( 'NONE', *, *, #10831, .T. ) ;
#8261 = DIRECTION ( 'NONE',  ( -1.000000000000000000, 0.000000000000000000, -0.000000000000000000 ) ) ;
#8262 = ORIENTED_EDGE ( 'NONE', *, *, #2502, .T. ) ;
#8263 = PRODUCT_CONTEXT ( 'NONE', #11064, 'mechanical' ) ;
#8264 = DIRECTION ( 'NONE',  ( 0.000000000000000000, 1.000000000000000000, 0.000000000000000000 ) ) ;
#8265 = ORIENTED_EDGE ( 'NONE', *, *, #8469, .F. ) ;
#8266 = DIRECTION ( 'NONE',  ( -1.141265444721583757E-16, 0.000000000000000000, 1.000000000000000000 ) ) ;
#8267 = CARTESIAN_POINT ( 'NONE',  ( 2.785301483563191294, 1.000000000000000000, -0.4041232037028950064 ) ) ;
#8268 = DIRECTION ( 'NONE',  ( -1.000000000000000000, 1.355252715606880543E-16, 0.000000000000000000 ) ) ;
#8269 = DIRECTION ( 'NONE',  ( 0.000000000000000000, 1.000000000000000000, 0.000000000000000000 ) ) ;
#8270 = B_SPLINE_CURVE_WITH_KNOTS ( 'NONE', 3,
 ( #2142, #8776, #8654, #6959, #2958, #7654 ),
 .UNSPECIFIED., .F., .F.,
 ( 4, 2, 4 ),
 ( 0.000000000000000000, 0.001513007688743852339, 0.003026015377487704678 ),
 .UNSPECIFIED. ) ;
#8271 = EDGE_CURVE ( 'NONE', #4549, #8812, #5625, .T. ) ;
#8272 = DIRECTION ( 'NONE',  ( 1.084202172485504434E-16, 2.710505431213761085E-15, -1.000000000000000000 ) ) ;
#8273 = LINE ( 'NONE', #4216, #8097 ) ;
#8274 = PLANE ( 'NONE',  #9190 ) ;
#8276 = ORIENTED_EDGE ( 'NONE', *, *, #9745, .F. ) ;
#8275 = EDGE_CURVE ( 'NONE', #10522, #7575, #6359, .T. ) ;
#8277 = EDGE_CURVE ( 'NONE', #9370, #12162, #6875, .T. ) ;
#8278 = VERTEX_POINT ( 'NONE', #11407 ) ;
#8279 = EDGE_LOOP ( 'NONE', ( #8033, #1536, #4878, #9656 ) ) ;
#8280 = CARTESIAN_POINT ( 'NONE',  ( 0.5171880246749556154, 6.728843058598058429E-16, -5.900668485670308883 ) ) ;
#8281 = CARTESIAN_POINT ( 'NONE',  ( 24.69791554343313678, 1.106833761053985121, -5.425736373931110634 ) ) ;
#8282 = DIRECTION ( 'NONE',  ( 1.000000000000000000, -0.000000000000000000, -0.000000000000000000 ) ) ;
#8283 = CARTESIAN_POINT ( 'NONE',  ( 10.07060296712639413, 0.000000000000000000, -2.240753535442245425 ) ) ;
#8284 = DIRECTION ( 'NONE',  ( -1.000000000000000000, -0.000000000000000000, -0.000000000000000000 ) ) ;
#8285 = CARTESIAN_POINT ( 'NONE',  ( 28.49711038494233861, 1.499358225474672235, 1.300000000000000044 ) ) ;
#8286 = ORIENTED_EDGE ( 'NONE', *, *, #3742, .F. ) ;
#8287 = DIRECTION ( 'NONE',  ( -7.335912872304331086E-17, 0.7660444431189772363, 0.6427876096865402511 ) ) ;
#8288 = LINE ( 'NONE', #598, #7585 ) ;
#8289 = ORIENTED_EDGE ( 'NONE', *, *, #32, .F. ) ;
#8290 = ORIENTED_EDGE ( 'NONE', *, *, #2468, .T. ) ;
#8291 = ORIENTED_EDGE ( 'NONE', *, *, #11828, .F. ) ;
#8292 = VERTEX_POINT ( 'NONE', #1809 ) ;
#8293 = ORIENTED_EDGE ( 'NONE', *, *, #10401, .T. ) ;
#8294 = CYLINDRICAL_SURFACE ( 'NONE', #9163, 1.500000000000000000 ) ;
#8295 = AXIS2_PLACEMENT_3D ( 'NONE', #2043, #6982, #161 ) ;
#8296 = LINE ( 'NONE', #3425, #334 ) ;
#8297 = LINE ( 'NONE', #4427, #3752 ) ;
#8298 = VECTOR ( 'NONE', #1364, 1000.000000000000000 ) ;
#8299 = CARTESIAN_POINT ( 'NONE',  ( 28.99711038494235282, 0.4999999999999978351, -2.240753535442228106 ) ) ;
#8300 = CARTESIAN_POINT ( 'NONE',  ( 22.92650741781595869, 0.8628211600346445964, -0.4041232037028950064 ) ) ;
#8301 = CARTESIAN_POINT ( 'NONE',  ( 14.35590445068957699, 0.000000000000000000, -3.407045462299397087 ) ) ;
#8302 = AXIS2_PLACEMENT_3D ( 'NONE', #6787, #3899, #10611 ) ;
#8303 = DIRECTION ( 'NONE',  ( -1.000000000000000000, -0.000000000000000000, -0.000000000000000000 ) ) ;
#8304 = VECTOR ( 'NONE', #2646, 1000.000000000000000 ) ;
#8305 = ORIENTED_EDGE ( 'NONE', *, *, #8882, .T. ) ;
#8306 = ORIENTED_EDGE ( 'NONE', *, *, #7516, .F. ) ;
#8307 = VECTOR ( 'NONE', #10220, 1000.000000000000000 ) ;
#8308 = VERTEX_POINT ( 'NONE', #9446 ) ;
#8309 = VERTEX_POINT ( 'NONE', #2804 ) ;
#8310 = EDGE_CURVE ( 'NONE', #9067, #2369, #10451, .T. ) ;
#8311 = FACE_OUTER_BOUND ( 'NONE', #4820, .T. ) ;
#8312 = ORIENTED_EDGE ( 'NONE', *, *, #4391, .T. ) ;
#8313 = LINE ( 'NONE', #7614, #12060 ) ;
#8314 = ADVANCED_FACE ( 'NONE', ( #7627 ), #238, .T. ) ;
#8315 = VECTOR ( 'NONE', #11762, 1000.000000000000000 ) ;
#8316 = VECTOR ( 'NONE', #3439, 1000.000000000000000 ) ;
#8317 = LINE ( 'NONE', #8497, #9026 ) ;
#8318 = LINE ( 'NONE', #12168, #8165 ) ;
#8319 = AXIS2_PLACEMENT_3D ( 'NONE', #6298, #2615, #10956 ) ;
#8320 = DIRECTION ( 'NONE',  ( 0.000000000000000000, 0.000000000000000000, 1.000000000000000000 ) ) ;
#8321 = CARTESIAN_POINT ( 'NONE',  ( 31.49711038494233506, 1.000000000000000000, -1.000000000000000000 ) ) ;
#8322 = VERTEX_POINT ( 'NONE', #5177 ) ;
#8323 = ORIENTED_EDGE ( 'NONE', *, *, #5503, .T. ) ;
#8324 = LINE ( 'NONE', #11292, #5706 ) ;
#8325 = VERTEX_POINT ( 'NONE', #7993 ) ;
#8326 = VECTOR ( 'NONE', #7870, 1000.000000000000000 ) ;
#8327 = VECTOR ( 'NONE', #5285, 1000.000000000000000 ) ;
#8328 = EDGE_CURVE ( 'NONE', #1805, #6304, #4054, .T. ) ;
#8329 = CARTESIAN_POINT ( 'NONE',  ( 11.85590445068957699, 1.000000000000000000, -1.000000000000000000 ) ) ;
#8330 = ORIENTED_EDGE ( 'NONE', *, *, #1993, .T. ) ;
#8331 = DIRECTION ( 'NONE',  ( 1.000000000000000000, -0.000000000000000000, -6.982962677686266711E-15 ) ) ;
#8332 = EDGE_CURVE ( 'NONE', #4179, #10835, #420, .T. ) ;
#8333 = CARTESIAN_POINT ( 'NONE',  ( 30.74397003035977605, 0.4000000000000000222, -2.240753535442240096 ) ) ;
#8334 = DIRECTION ( 'NONE',  ( -1.000000000000000000, -0.000000000000000000, 1.141265444721583757E-16 ) ) ;
#8335 = CARTESIAN_POINT ( 'NONE',  ( 22.92650741781595158, 1.115317123975225755, -5.263829606655359150 ) ) ;
#8336 = AXIS2_PLACEMENT_3D ( 'NONE', #8845, #269, #9784 ) ;
#8337 = FACE_OUTER_BOUND ( 'NONE', #3691, .T. ) ;
#8338 = CARTESIAN_POINT ( 'NONE',  ( 27.21180890137916109, 0.3999999999999999667, -2.240753535442245425 ) ) ;
#8339 = PLANE ( 'NONE',  #6907 ) ;
#8340 = LINE ( 'NONE', #4710, #597 ) ;
#8341 = ORIENTED_EDGE ( 'NONE', *, *, #10351, .F. ) ;
#8342 = ORIENTED_EDGE ( 'NONE', *, *, #10563, .T. ) ;
#8343 = AXIS2_PLACEMENT_3D ( 'NONE', #3997, #995, #1183 ) ;
#8344 = CARTESIAN_POINT ( 'NONE',  ( 14.35590445068958232, 0.000000000000000000, -2.836630331739350641 ) ) ;
#8345 = FACE_OUTER_BOUND ( 'NONE', #4449, .T. ) ;
#8346 = EDGE_CURVE ( 'NONE', #5561, #6571, #297, .T. ) ;
#8347 = EDGE_CURVE ( 'NONE', #6958, #2403, #3176, .T. ) ;
#8348 = LINE ( 'NONE', #9290, #6641 ) ;
#8349 = CARTESIAN_POINT ( 'NONE',  ( 2.785301483563190850, -1.000000000000000000, 0.3238172648295125633 ) ) ;
#8350 = EDGE_CURVE ( 'NONE', #6512, #3081, #3295, .T. ) ;
#8351 = VECTOR ( 'NONE', #8859, 1000.000000000000000 ) ;
#8352 = LINE ( 'NONE', #2778, #11136 ) ;
#8353 = ORIENTED_EDGE ( 'NONE', *, *, #7445, .T. ) ;
#8354 = CARTESIAN_POINT ( 'NONE',  ( 5.032161128980621179, 0.000000000000000000, -3.000000000000000000 ) ) ;
#8355 = CARTESIAN_POINT ( 'NONE',  ( 11.35590445068956456, 1.103464568314089123, -5.267165293036052631 ) ) ;
#8356 = ORIENTED_EDGE ( 'NONE', *, *, #1710, .T. ) ;
#8357 = EDGE_LOOP ( 'NONE', ( #4757, #1663, #5215, #8669 ) ) ;
#8358 = ORIENTED_EDGE ( 'NONE', *, *, #10828, .T. ) ;
#8359 = FACE_OUTER_BOUND ( 'NONE', #3092, .T. ) ;
#8360 = DIRECTION ( 'NONE',  ( -1.000000000000000000, 0.000000000000000000, 6.868836133214108557E-15 ) ) ;
#8361 = LINE ( 'NONE', #10248, #6331 ) ;
#8362 = ADVANCED_FACE ( 'NONE', ( #4998 ), #11777, .F. ) ;
#8363 = VECTOR ( 'NONE', #6264, 1000.000000000000114 ) ;
#8364 = LINE ( 'NONE', #7424, #2349 ) ;
#8365 = AXIS2_PLACEMENT_3D ( 'NONE', #2789, #9373, #907 ) ;
#8366 = CARTESIAN_POINT ( 'NONE',  ( 12.51218955626952933, 0.000000000000000000, -3.000000000000000000 ) ) ;
#8367 = EDGE_CURVE ( 'NONE', #6384, #2992, #10701, .T. ) ;
#8368 = CARTESIAN_POINT ( 'NONE',  ( 32.78241186850552680, 0.4000000000000000222, 0.1662919268571556863 ) ) ;
#8369 = EDGE_CURVE ( 'NONE', #12225, #5082, #9754, .T. ) ;
#8370 = DIRECTION ( 'NONE',  ( -1.000000000000000000, -0.000000000000000000, 1.141265444721583757E-16 ) ) ;
#8371 = DIRECTION ( 'NONE',  ( -1.000000000000000000, 0.000000000000000000, 1.141265444721583757E-16 ) ) ;
#8372 = VECTOR ( 'NONE', #7410, 1000.000000000000000 ) ;
#8373 = VERTEX_POINT ( 'NONE', #10885 ) ;
#8374 = ORIENTED_EDGE ( 'NONE', *, *, #10945, .F. ) ;
#8375 = VECTOR ( 'NONE', #6706, 1000.000000000000000 ) ;
#8376 = EDGE_LOOP ( 'NONE', ( #9129, #11338, #6385, #5005 ) ) ;
#8377 = ORIENTED_EDGE ( 'NONE', *, *, #8100, .T. ) ;
#8378 = LINE ( 'NONE', #3624, #8316 ) ;
#8379 = VERTEX_POINT ( 'NONE', #478 ) ;
#8380 = DIRECTION ( 'NONE',  ( -0.000000000000000000, -1.000000000000000000, 0.000000000000000000 ) ) ;
#8381 = VECTOR ( 'NONE', #8729, 1000.000000000000000 ) ;
#8382 = LINE ( 'NONE', #3627, #4028 ) ;
#8383 = CARTESIAN_POINT ( 'NONE',  ( 17.14120593425276340, 1.000000000000000000, 0.000000000000000000 ) ) ;
#8384 = DIRECTION ( 'NONE',  ( 0.000000000000000000, 1.000000000000000000, -0.000000000000000000 ) ) ;
#8385 = CARTESIAN_POINT ( 'NONE',  ( 24.21180890137916109, 0.4999999999999978351, -2.240753535442224553 ) ) ;
#8386 = EDGE_CURVE ( 'NONE', #2023, #3482, #4297, .T. ) ;
#8387 = VERTEX_POINT ( 'NONE', #3112 ) ;
#8388 = ORIENTED_EDGE ( 'NONE', *, *, #2819, .F. ) ;
#8389 = EDGE_CURVE ( 'NONE', #9603, #4003, #11839, .T. ) ;
#8390 = CARTESIAN_POINT ( 'NONE',  ( 16.39749103983271894, 0.4000000000000000222, -3.000000000000000000 ) ) ;
#8391 = ORIENTED_EDGE ( 'NONE', *, *, #8591, .T. ) ;
#8392 = CARTESIAN_POINT ( 'NONE',  ( 13.60276409610700377, 0.000000000000000000, -3.000000000000000000 ) ) ;
#8393 = ORIENTED_EDGE ( 'NONE', *, *, #12139, .F. ) ;
#8394 = DIRECTION ( 'NONE',  ( 0.000000000000000000, 0.6427876096865402511, -0.7660444431189772363 ) ) ;
#8395 = CARTESIAN_POINT ( 'NONE',  ( 19.92650741781595514, 0.9534028740753675013, 2.799999999999999822 ) ) ;
#8396 = CARTESIAN_POINT ( 'NONE',  ( 22.92650741781594803, 1.372613645930301107, -5.038802382218242393 ) ) ;
#8397 = CARTESIAN_POINT ( 'NONE',  ( 38.50000000000001421, 0.000000000000000000, 0.1662919268571550480 ) ) ;
#8398 = FACE_OUTER_BOUND ( 'NONE', #3754, .T. ) ;
#8399 = EDGE_CURVE ( 'NONE', #7840, #10193, #1358, .T. ) ;
#8400 = DIRECTION ( 'NONE',  ( 7.097089222158425653E-15, -0.000000000000000000, 1.000000000000000000 ) ) ;
#8401 = CARTESIAN_POINT ( 'NONE',  ( 7.826888072706338129, 0.3999999999999999667, -1.000000000000000000 ) ) ;
#8402 = EDGE_CURVE ( 'NONE', #7671, #2959, #9870, .T. ) ;
#8403 = DIRECTION ( 'NONE',  ( 0.000000000000000000, 1.000000000000000000, 0.000000000000000000 ) ) ;
#8404 = DIRECTION ( 'NONE',  ( 1.000000000000000000, 0.000000000000000000, -6.982962677686266711E-15 ) ) ;
#8405 = VERTEX_POINT ( 'NONE', #4114 ) ;
#8406 = VERTEX_POINT ( 'NONE', #8111 ) ;
#8407 = DIRECTION ( 'NONE',  ( 0.000000000000000000, 3.577867169202164632E-15, 1.000000000000000000 ) ) ;
#8408 = LINE ( 'NONE', #11310, #10952 ) ;
#8409 = DIRECTION ( 'NONE',  ( 1.000000000000000000, -0.000000000000000000, -6.982962677686266711E-15 ) ) ;
#8410 = LINE ( 'NONE', #5347, #9569 ) ;
#8411 =( BOUNDED_SURFACE ( )  B_SPLINE_SURFACE ( 3, 2, ( 
 ( #906, #6668, #8421 ),
 ( #9428, #852, #221 ),
 ( #8736, #4979, #11578 ),
 ( #1161, #5791, #2978 ),
 ( #3976, #9614, #6800 ),
 ( #11637, #8797, #6035 ) ),
 .UNSPECIFIED., .F., .F., .F. ) 
 B_SPLINE_SURFACE_WITH_KNOTS ( ( 4, 2, 4 ),
 ( 3, 3 ),
 ( 0.001360458961287221635, 0.002901564996485919961, 0.004442671031684618070 ),
 ( 0.000000000000000000, 1.000000000000000000 ),
 .UNSPECIFIED. ) 
 GEOMETRIC_REPRESENTATION_ITEM ( )  RATIONAL_B_SPLINE_SURFACE ( (
 ( 1.000000000000000000, 0.7924374031725291978, 1.000000000000000000),
 ( 1.000000000000000000, 0.7956711654295673952, 1.000000000000000000),
 ( 1.000000000000000000, 0.7972631388398050412, 1.000000000000000000),
 ( 1.000000000000000000, 0.7972633761834646560, 1.000000000000000000),
 ( 1.000000000000000000, 0.7956584909370890690, 1.000000000000000000),
 ( 1.000000000000000000, 0.7924371217378710641, 1.000000000000000000) ) ) 
 REPRESENTATION_ITEM ( '' )  SURFACE ( )  );
#8412 = CARTESIAN_POINT ( 'NONE',  ( 28.49711038494234572, 0.000000000000000000, -3.007045462299398064 ) ) ;
#8413 = ORIENTED_EDGE ( 'NONE', *, *, #7500, .F. ) ;
#8414 = EDGE_CURVE ( 'NONE', #6071, #11611, #7929, .T. ) ;
#8415 = DIRECTION ( 'NONE',  ( -1.000000000000000000, 0.000000000000000000, 0.000000000000000000 ) ) ;
#8416 = CARTESIAN_POINT ( 'NONE',  ( 40.06771335206873630, 0.000000000000000000, -2.836630331739350641 ) ) ;
#8417 = ORIENTED_EDGE ( 'NONE', *, *, #6530, .T. ) ;
#8418 = EDGE_LOOP ( 'NONE', ( #7924, #2945, #755, #6617 ) ) ;
#8419 = ORIENTED_EDGE ( 'NONE', *, *, #8367, .F. ) ;
#8420 = ADVANCED_FACE ( 'NONE', ( #1295 ), #8052, .T. ) ;
#8421 = CARTESIAN_POINT ( 'NONE',  ( 11.20592806608015657, 1.102365630357457826, -5.215502924329154411 ) ) ;
#8422 = PLANE ( 'NONE',  #1370 ) ;
#8423 = CARTESIAN_POINT ( 'NONE',  ( 35.02927151392295713, 0.4000000000000000222, -1.000000000000000000 ) ) ;
#8424 = AXIS2_PLACEMENT_3D ( 'NONE', #11795, #5252, #4317 ) ;
#8425 = DIRECTION ( 'NONE',  ( 0.000000000000000000, 0.000000000000000000, 1.000000000000000000 ) ) ;
#8426 = VECTOR ( 'NONE', #12370, 1000.000000000000000 ) ;
#8427 = DIRECTION ( 'NONE',  ( -1.000000000000000000, -0.000000000000000000, 6.982962677686266711E-15 ) ) ;
#8428 = DIRECTION ( 'NONE',  ( 1.000000000000000000, -0.000000000000000000, -1.141265444721583757E-16 ) ) ;
#8429 = LINE ( 'NONE', #7487, #1115 ) ;
#8430 = LINE ( 'NONE', #7682, #6524 ) ;
#8431 = EDGE_CURVE ( 'NONE', #3468, #10195, #1181, .T. ) ;
#8432 = LINE ( 'NONE', #47, #4384 ) ;
#8434 = ORIENTED_EDGE ( 'NONE', *, *, #8136, .F. ) ;
#8433 = VECTOR ( 'NONE', #981, 1000.000000000000000 ) ;
#8435 = ORIENTED_EDGE ( 'NONE', *, *, #9774, .F. ) ;
#8436 = ORIENTED_EDGE ( 'NONE', *, *, #7395, .F. ) ;
#8437 = VECTOR ( 'NONE', #8985, 1000.000000000000000 ) ;
#8438 = VERTEX_POINT ( 'NONE', #8936 ) ;
#8439 = EDGE_CURVE ( 'NONE', #5908, #3023, #357, .T. ) ;
#8440 = ADVANCED_FACE ( 'NONE', ( #8237 ), #11267, .F. ) ;
#8441 = DIRECTION ( 'NONE',  ( 1.000000000000000000, -0.000000000000000000, -6.982962677686266711E-15 ) ) ;
#8442 = VERTEX_POINT ( 'NONE', #8423 ) ;
#8443 = DIRECTION ( 'NONE',  ( -0.000000000000000000, -0.000000000000000000, 1.000000000000000000 ) ) ;
#8444 = LINE ( 'NONE', #1623, #9816 ) ;
#8445 = CARTESIAN_POINT ( 'NONE',  ( 22.92650741781596935, 0.000000000000000000, -2.240753535442245425 ) ) ;
#8446 = VECTOR ( 'NONE', #698, 1000.000000000000000 ) ;
#8447 = LINE ( 'NONE', #7570, #10665 ) ;
#8448 = EDGE_LOOP ( 'NONE', ( #4092, #9501, #498, #5421 ) ) ;
#8449 = ORIENTED_EDGE ( 'NONE', *, *, #11950, .T. ) ;
#8450 = DIRECTION ( 'NONE',  ( 0.000000000000000000, -1.000000000000000000, 0.000000000000000000 ) ) ;
#8451 = ORIENTED_EDGE ( 'NONE', *, *, #11252, .T. ) ;
#8452 = CARTESIAN_POINT ( 'NONE',  ( 17.65839395892772856, 1.115317123975225533, -5.586345496996282023 ) ) ;
#8453 = ORIENTED_EDGE ( 'NONE', *, *, #9946, .T. ) ;
#8454 = LINE ( 'NONE', #9340, #8704 ) ;
#8455 = CARTESIAN_POINT ( 'NONE',  ( 37.56771335206872209, 0.4999999999999978351, -1.000000000000000000 ) ) ;
#8456 = CARTESIAN_POINT ( 'NONE',  ( 35.31240669273285704, 1.399999999999999911, -5.030233932064473557 ) ) ;
#8457 = LINE ( 'NONE', #767, #1051 ) ;
#8458 = DIRECTION ( 'NONE',  ( 0.000000000000000000, 0.000000000000000000, 1.000000000000000000 ) ) ;
#8459 = CARTESIAN_POINT ( 'NONE',  ( 26.45866854679657720, 0.4000000000000000222, -3.000000000000000000 ) ) ;
#8460 = CARTESIAN_POINT ( 'NONE',  ( 30.99711038494234927, 1.000000000000000000, -2.240753535442241873 ) ) ;
#8461 = CARTESIAN_POINT ( 'NONE',  ( 33.93869697408548092, 0.000000000000000000, -2.240753535442232547 ) ) ;
#8462 = VERTEX_POINT ( 'NONE', #12216 ) ;
#8463 = ORIENTED_EDGE ( 'NONE', *, *, #2884, .T. ) ;
#8464 = EDGE_CURVE ( 'NONE', #9537, #10262, #9245, .T. ) ;
#8465 = CARTESIAN_POINT ( 'NONE',  ( 0.9999999999999978906, 0.4999999999999978351, -1.000000000000000000 ) ) ;
#8466 = CARTESIAN_POINT ( 'NONE',  ( 5.785301483563203284, 0.000000000000000000, -2.240753535442245425 ) ) ;
#8467 = DIRECTION ( 'NONE',  ( -1.000000000000000000, -0.000000000000000000, 6.982962677686266711E-15 ) ) ;
#8468 = FACE_OUTER_BOUND ( 'NONE', #9214, .T. ) ;
#8469 = EDGE_CURVE ( 'NONE', #7126, #8543, #11139, .T. ) ;
#8470 = DIRECTION ( 'NONE',  ( -1.000000000000000000, -0.000000000000000000, 1.141265444721583757E-16 ) ) ;
#8471 = ORIENTED_EDGE ( 'NONE', *, *, #845, .F. ) ;
#8472 = CARTESIAN_POINT ( 'NONE',  ( 37.06771335206872209, 2.072578233334808395, 1.800000000000000044 ) ) ;
#8473 = LINE ( 'NONE', #1034, #9392 ) ;
#8474 = ORIENTED_EDGE ( 'NONE', *, *, #4915, .T. ) ;
#8475 = ORIENTED_EDGE ( 'NONE', *, *, #103, .F. ) ;
#8476 = VERTEX_POINT ( 'NONE', #9120 ) ;
#8477 =( BOUNDED_SURFACE ( )  B_SPLINE_SURFACE ( 3, 2, ( 
 ( #10641, #3745, #2061 ),
 ( #9688, #4871, #1116 ),
 ( #6683, #10510, #115 ),
 ( #926, #5682, #11529 ),
 ( #993, #4934, #1996 ),
 ( #8752, #3930, #869 ) ),
 .UNSPECIFIED., .F., .F., .F. ) 
 B_SPLINE_SURFACE_WITH_KNOTS ( ( 4, 2, 4 ),
 ( 3, 3 ),
 ( 0.001360458961287221635, 0.002901564996485919961, 0.004442671031684618070 ),
 ( 0.000000000000000000, 1.000000000000000000 ),
 .UNSPECIFIED. ) 
 GEOMETRIC_REPRESENTATION_ITEM ( )  RATIONAL_B_SPLINE_SURFACE ( (
 ( 1.000000000000000000, 0.7924374031725293088, 1.000000000000000000),
 ( 1.000000000000000000, 0.7956711654295669511, 1.000000000000000000),
 ( 1.000000000000000000, 0.7972631388398050412, 1.000000000000000000),
 ( 1.000000000000000000, 0.7972633761834646560, 1.000000000000000000),
 ( 1.000000000000000000, 0.7956584909370887360, 1.000000000000000000),
 ( 1.000000000000000000, 0.7924371217378710641, 1.000000000000000000) ) ) 
 REPRESENTATION_ITEM ( '' )  SURFACE ( )  );
#8478 = EDGE_CURVE ( 'NONE', #12257, #6895, #9306, .T. ) ;
#8479 = CARTESIAN_POINT ( 'NONE',  ( 18.64120593425277761, 1.000000000000000000, -2.240753535442245425 ) ) ;
#8480 = CARTESIAN_POINT ( 'NONE',  ( 24.21180890137915398, 1.000000000000000000, -3.407045462299398420 ) ) ;
#8481 = CARTESIAN_POINT ( 'NONE',  ( 2.785301483563193514, 0.000000000000000000, 0.1662919268571591003 ) ) ;
#8482 = LINE ( 'NONE', #1043, #6550 ) ;
#8483 = EDGE_CURVE ( 'NONE', #7529, #8578, #665, .T. ) ;
#8484 = CARTESIAN_POINT ( 'NONE',  ( 27.21180890137915753, 0.000000000000000000, -2.836630331739350641 ) ) ;
#8485 = PLANE ( 'NONE',  #8968 ) ;
#8486 = CARTESIAN_POINT ( 'NONE',  ( 21.77336706323338689, 0.4000000000000000222, -2.240753535442239208 ) ) ;
#8487 = DIRECTION ( 'NONE',  ( 0.000000000000000000, 0.000000000000000000, -1.000000000000000000 ) ) ;
#8488 = CARTESIAN_POINT ( 'NONE',  ( 9.690213652689960711, 1.106465162429486337, -5.408006954961559032 ) ) ;
#8489 = ORIENTED_EDGE ( 'NONE', *, *, #2254, .F. ) ;
#8490 = VERTEX_POINT ( 'NONE', #4486 ) ;
#8491 = AXIS2_PLACEMENT_3D ( 'NONE', #9475, #11376, #4714 ) ;
#8492 = EDGE_LOOP ( 'NONE', ( #1001, #11183, #9080, #6942 ) ) ;
#8493 = ORIENTED_EDGE ( 'NONE', *, *, #8389, .F. ) ;
#8494 = ORIENTED_EDGE ( 'NONE', *, *, #11410, .T. ) ;
#8495 = CARTESIAN_POINT ( 'NONE',  ( 39.56771335206872919, 1.000000000000000000, -1.000000000000000000 ) ) ;
#8496 = EDGE_CURVE ( 'NONE', #12138, #8292, #1669, .T. ) ;
#8497 = CARTESIAN_POINT ( 'NONE',  ( 37.06771335206872209, 0.000000000000000000, -1.000000000000000000 ) ) ;
#8498 = DIRECTION ( 'NONE',  ( -3.093406186374441444E-32, 1.000000000000000000, 2.710505431213761085E-16 ) ) ;
#8499 = VECTOR ( 'NONE', #8207, 1000.000000000000000 ) ;
#8500 = VECTOR ( 'NONE', #2353, 1000.000000000000000 ) ;
#8501 = CARTESIAN_POINT ( 'NONE',  ( 12.51218955626953111, 0.3999999999999999667, -2.240753535442232547 ) ) ;
#8502 = VECTOR ( 'NONE', #4802, 1000.000000000000000 ) ;
#8503 = EDGE_CURVE ( 'NONE', #6545, #2557, #8296, .T. ) ;
#8504 = EDGE_LOOP ( 'NONE', ( #11200, #5036, #7480, #10118 ) ) ;
#8505 = ORIENTED_EDGE ( 'NONE', *, *, #11911, .F. ) ;
#8506 = ORIENTED_EDGE ( 'NONE', *, *, #3281, .F. ) ;
#8507 = ORIENTED_EDGE ( 'NONE', *, *, #7729, .F. ) ;
#8508 = LINE ( 'NONE', #8392, #4927 ) ;
#8509 = ORIENTED_EDGE ( 'NONE', *, *, #2905, .F. ) ;
#8510 = VECTOR ( 'NONE', #9268, 1000.000000000000000 ) ;
#8511 = AXIS2_PLACEMENT_3D ( 'NONE', #2457, #1516, #3768 ) ;
#8512 = CARTESIAN_POINT ( 'NONE',  ( 13.60276409610700377, 0.4000000000000000222, -1.000000000000000000 ) ) ;
#8513 = CARTESIAN_POINT ( 'NONE',  ( 38.50000000000001421, 0.4000000000000000222, -3.407045462299400196 ) ) ;
#8514 = DIRECTION ( 'NONE',  ( 0.7660444431189722403, -0.000000000000000000, -0.6427876096865462463 ) ) ;
#8515 = LINE ( 'NONE', #8397, #8446 ) ;
#8516 = FACE_OUTER_BOUND ( 'NONE', #7054, .T. ) ;
#8517 = EDGE_CURVE ( 'NONE', #4393, #4897, #137, .T. ) ;
#8518 = EDGE_CURVE ( 'NONE', #870, #9581, #7360, .T. ) ;
#8520 = DIRECTION ( 'NONE',  ( -6.868836133214108557E-15, 0.000000000000000000, -1.000000000000000000 ) ) ;
#8519 = VECTOR ( 'NONE', #1432, 1000.000000000000000 ) ;
#8521 = DIRECTION ( 'NONE',  ( 0.000000000000000000, 0.000000000000000000, -1.000000000000000000 ) ) ;
#8522 = VECTOR ( 'NONE', #3432, 1000.000000000000000 ) ;
#8523 = CARTESIAN_POINT ( 'NONE',  ( 1.013898327040945180, 1.106833788838468502, -5.425737714157053304 ) ) ;
#8524 = ORIENTED_EDGE ( 'NONE', *, *, #3623, .T. ) ;
#8525 = DIRECTION ( 'NONE',  ( -6.982962677686266711E-15, 0.000000000000000000, -1.000000000000000000 ) ) ;
#8526 = ORIENTED_EDGE ( 'NONE', *, *, #2093, .T. ) ;
#8527 = ORIENTED_EDGE ( 'NONE', *, *, #8940, .T. ) ;
#8528 = DIRECTION ( 'NONE',  ( -0.000000000000000000, -0.000000000000000000, 1.000000000000000000 ) ) ;
#8529 = CYLINDRICAL_SURFACE ( 'NONE', #747, 2.000000000000000000 ) ;
#8530 = VECTOR ( 'NONE', #1238, 1000.000000000000000 ) ;
#8531 = CARTESIAN_POINT ( 'NONE',  ( 22.92650741781595869, 1.000000000000000000, -4.040753535442245692 ) ) ;
#8532 = DIRECTION ( 'NONE',  ( 1.000000000000000000, 0.000000000000000000, 0.000000000000000000 ) ) ;
#8533 = VECTOR ( 'NONE', #3523, 1000.000000000000000 ) ;
#8534 = EDGE_CURVE ( 'NONE', #1289, #4236, #11078, .T. ) ;
#8535 = LINE ( 'NONE', #965, #122 ) ;
#8536 = ORIENTED_EDGE ( 'NONE', *, *, #526, .F. ) ;
#8537 = EDGE_CURVE ( 'NONE', #6225, #2846, #9374, .T. ) ;
#8538 = DIRECTION ( 'NONE',  ( 0.000000000000000000, 1.000000000000000000, 0.000000000000000000 ) ) ;
#8539 = AXIS2_PLACEMENT_3D ( 'NONE', #11188, #3346, #2593 ) ;
#8540 = LINE ( 'NONE', #10553, #3190 ) ;
#8541 = ORIENTED_EDGE ( 'NONE', *, *, #5147, .T. ) ;
#8542 = EDGE_CURVE ( 'NONE', #1191, #1430, #2609, .T. ) ;
#8543 = VERTEX_POINT ( 'NONE', #10303 ) ;
#8544 = EDGE_LOOP ( 'NONE', ( #2143, #2715, #5404, #9421 ) ) ;
#8545 = ORIENTED_EDGE ( 'NONE', *, *, #10858, .F. ) ;
#8546 = FACE_OUTER_BOUND ( 'NONE', #10007, .T. ) ;
#8547 = LINE ( 'NONE', #7482, #10940 ) ;
#8548 = CARTESIAN_POINT ( 'NONE',  ( 38.56771335206872209, 1.000000000000000000, -0.4041232037028948954 ) ) ;
#8549 = FACE_OUTER_BOUND ( 'NONE', #8637, .T. ) ;
#8550 = CIRCLE ( 'NONE', #7342, 1.500000000000000000 ) ;
#8551 = DIRECTION ( 'NONE',  ( 0.000000000000000000, -1.000000000000000000, 0.000000000000000000 ) ) ;
#8552 = LINE ( 'NONE', #5556, #11184 ) ;
#8553 = CARTESIAN_POINT ( 'NONE',  ( 27.21180890137914332, 1.400000000000041878, -4.949634213632581492 ) ) ;
#8554 = EDGE_CURVE ( 'NONE', #11218, #1757, #8361, .T. ) ;
#8555 = CARTESIAN_POINT ( 'NONE',  ( 10.07060296712639058, 1.000000000000000000, -2.836630331739350641 ) ) ;
#8556 = LINE ( 'NONE', #7490, #1982 ) ;
#8557 = EDGE_LOOP ( 'NONE', ( #6452, #3709, #11625, #7075 ) ) ;
#8558 = ORIENTED_EDGE ( 'NONE', *, *, #1325, .F. ) ;
#8559 = EDGE_CURVE ( 'NONE', #726, #5722, #5485, .T. ) ;
#8560 = ORIENTED_EDGE ( 'NONE', *, *, #11285, .F. ) ;
#8561 = EDGE_LOOP ( 'NONE', ( #9222, #8471, #3658, #10318, #10907, #8671, #50, #10010, #9929, #7578, #1585, #1618 ) ) ;
#8562 = VECTOR ( 'NONE', #8148, 1000.000000000000000 ) ;
#8563 = VECTOR ( 'NONE', #12400, 1000.000000000000000 ) ;
#8564 = LINE ( 'NONE', #3871, #9725 ) ;
#8565 = ORIENTED_EDGE ( 'NONE', *, *, #8367, .T. ) ;
#8566 = CARTESIAN_POINT ( 'NONE',  ( 1.500000000000000000, 0.4999999999999978351, -1.000000000000000000 ) ) ;
#8567 = LINE ( 'NONE', #997, #841 ) ;
#8568 = PLANE ( 'NONE',  #1968 ) ;
#8569 = VECTOR ( 'NONE', #576, 1000.000000000000114 ) ;
#8570 = CARTESIAN_POINT ( 'NONE',  ( 8.226888072706339372, 1.000000000000000222, -2.240753535442232547 ) ) ;
#8571 = VECTOR ( 'NONE', #1672, 1000.000000000000000 ) ;
#8572 = VERTEX_POINT ( 'NONE', #2420 ) ;
#8573 = VERTEX_POINT ( 'NONE', #795 ) ;
#8574 = EDGE_CURVE ( 'NONE', #4759, #2201, #4612, .T. ) ;
#8575 = ORIENTED_EDGE ( 'NONE', *, *, #763, .T. ) ;
#8576 = ORIENTED_EDGE ( 'NONE', *, *, #5297, .T. ) ;
#8577 = DIRECTION ( 'NONE',  ( -1.141265444721583757E-16, 0.000000000000000000, -1.000000000000000000 ) ) ;
#8578 = VERTEX_POINT ( 'NONE', #1478 ) ;
#8579 = VECTOR ( 'NONE', #11892, 1000.000000000000000 ) ;
#8580 = EDGE_CURVE ( 'NONE', #2527, #5579, #5295, .T. ) ;
#8581 = LINE ( 'NONE', #6, #7034 ) ;
#8582 = LINE ( 'NONE', #5762, #6621 ) ;
#8583 = CARTESIAN_POINT ( 'NONE',  ( 15.64120593425275629, 1.103464568314089123, -5.267165293036052631 ) ) ;
#8584 = DIRECTION ( 'NONE',  ( -0.000000000000000000, -1.000000000000000000, 0.000000000000000000 ) ) ;
#8585 = CARTESIAN_POINT ( 'NONE',  ( 19.92650741781595514, 2.000000000000000000, 2.799999999999999822 ) ) ;
#8586 = VECTOR ( 'NONE', #847, 1000.000000000000000 ) ;
#8587 = DIRECTION ( 'NONE',  ( -0.7660444431189766812, 0.000000000000000000, 0.6427876096865409172 ) ) ;
#8588 = PLANE ( 'NONE',  #2295 ) ;
#8589 = EDGE_LOOP ( 'NONE', ( #4960, #11465, #6417, #8810 ) ) ;
#8590 = LINE ( 'NONE', #10284, #2731 ) ;
#8591 = EDGE_CURVE ( 'NONE', #2039, #10589, #7240, .T. ) ;
#8592 = ORIENTED_EDGE ( 'NONE', *, *, #5125, .F. ) ;
#8593 = CARTESIAN_POINT ( 'NONE',  ( 32.78241186850552680, 2.000000000000000000, 2.799999999999999822 ) ) ;
#8594 = ORIENTED_EDGE ( 'NONE', *, *, #10472, .T. ) ;
#8595 = ORIENTED_EDGE ( 'NONE', *, *, #4579, .T. ) ;
#8596 = EDGE_CURVE ( 'NONE', #1427, #3635, #1544, .T. ) ;
#8597 = EDGE_CURVE ( 'NONE', #5683, #7064, #976, .T. ) ;
#8598 = CARTESIAN_POINT ( 'NONE',  ( 8.825496822837433086, 1.400000000000000133, -5.120689233910753480 ) ) ;
#8599 = CARTESIAN_POINT ( 'NONE',  ( 2.785301483563193514, -2.209601386704874817E-30, -0.2337080731428410607 ) ) ;
#8600 = AXIS2_PLACEMENT_3D ( 'NONE', #10608, #11740, #6961 ) ;
#8601 = DIRECTION ( 'NONE',  ( -1.000000000000000000, 0.000000000000000000, 0.000000000000000000 ) ) ;
#8602 = DIRECTION ( 'NONE',  ( -7.097089222158424864E-15, 0.000000000000000000, -1.000000000000000000 ) ) ;
#8603 = DIRECTION ( 'NONE',  ( -1.000000000000000000, -0.000000000000000000, 1.141265444721583757E-16 ) ) ;
#8604 = CARTESIAN_POINT ( 'NONE',  ( 4.285301483563190850, 1.000000000000000000, 0.3238172648295125633 ) ) ;
#8605 = CARTESIAN_POINT ( 'NONE',  ( 38.50000000000001421, 0.000000000000000000, 0.1662919268571550480 ) ) ;
#8606 = ORIENTED_EDGE ( 'NONE', *, *, #11410, .F. ) ;
#8607 = VERTEX_POINT ( 'NONE', #1855 ) ;
#8608 = ORIENTED_EDGE ( 'NONE', *, *, #10096, .T. ) ;
#8609 = ORIENTED_EDGE ( 'NONE', *, *, #8591, .F. ) ;
#8610 = CARTESIAN_POINT ( 'NONE',  ( -1.499999999999992228, 1.000000000000000000, -2.836630331739329769 ) ) ;
#8611 = LINE ( 'NONE', #1980, #5933 ) ;
#8612 = CARTESIAN_POINT ( 'NONE',  ( 11.35590445068957699, 0.000000000000000000, -3.407045462299396643 ) ) ;
#8613 = FILL_AREA_STYLE ('',( #3917 ) ) ;
#8614 = EDGE_CURVE ( 'NONE', #2543, #8732, #8674, .T. ) ;
#8615 = CARTESIAN_POINT ( 'NONE',  ( 7.826888072706338129, 1.000000000000000000, -2.240753535442229882 ) ) ;
#8616 = CARTESIAN_POINT ( 'NONE',  ( 20.91065125439800099, 1.400000000000000133, -5.120335728133785125 ) ) ;
#8617 = DIRECTION ( 'NONE',  ( -6.868836133214109346E-15, 0.000000000000000000, -1.000000000000000000 ) ) ;
#8618 = DIRECTION ( 'NONE',  ( 0.000000000000000000, -1.000000000000000000, -0.000000000000000000 ) ) ;
#8619 = DIRECTION ( 'NONE',  ( 1.000000000000000000, 0.000000000000000000, 0.000000000000000000 ) ) ;
#8620 = ORIENTED_EDGE ( 'NONE', *, *, #8665, .F. ) ;
#8621 = ORIENTED_EDGE ( 'NONE', *, *, #7062, .T. ) ;
#8622 = ORIENTED_EDGE ( 'NONE', *, *, #8037, .T. ) ;
#8623 = ORIENTED_EDGE ( 'NONE', *, *, #11688, .F. ) ;
#8624 = VECTOR ( 'NONE', #6249, 1000.000000000000000 ) ;
#8625 = DIRECTION ( 'NONE',  ( 0.000000000000000000, 0.000000000000000000, -1.000000000000000000 ) ) ;
#8626 = ORIENTED_EDGE ( 'NONE', *, *, #9010, .T. ) ;
#8627 = VECTOR ( 'NONE', #374, 1000.000000000000000 ) ;
#8628 = EDGE_CURVE ( 'NONE', #6087, #4290, #7613, .T. ) ;
#8629 = CARTESIAN_POINT ( 'NONE',  ( 28.49711038494233861, 1.000000000000000000, 0.3238172648295121747 ) ) ;
#8630 = EDGE_CURVE ( 'NONE', #2098, #1881, #8738, .T. ) ;
#8631 = CARTESIAN_POINT ( 'NONE',  ( 22.92650741781595869, 2.000000000000000000, 1.739099631177264405 ) ) ;
#8632 = DIRECTION ( 'NONE',  ( 1.000000000000000000, -0.000000000000000000, -6.982962677686266711E-15 ) ) ;
#8633 = EDGE_CURVE ( 'NONE', #9336, #11129, #2044, .T. ) ;
#8634 = CARTESIAN_POINT ( 'NONE',  ( 31.49711038494233151, 1.267235759035801879, -5.187091293331779873 ) ) ;
#8635 = VECTOR ( 'NONE', #3749, 1000.000000000000000 ) ;
#8636 = AXIS2_PLACEMENT_3D ( 'NONE', #6771, #10595, #11615 ) ;
#8637 = EDGE_LOOP ( 'NONE', ( #1317, #5758, #5186, #12346, #3380 ) ) ;
#8638 = VERTEX_POINT ( 'NONE', #2851 ) ;
#8639 = VERTEX_POINT ( 'NONE', #6670 ) ;
#8640 = VERTEX_POINT ( 'NONE', #9675 ) ;
#8641 = PLANE ( 'NONE',  #3726 ) ;
#8642 = ORIENTED_EDGE ( 'NONE', *, *, #9883, .F. ) ;
#8643 = AXIS2_PLACEMENT_3D ( 'NONE', #7333, #5981, #10817 ) ;
#8644 = ADVANCED_FACE ( 'NONE', ( #9554 ), #4795, .F. ) ;
#8645 = LINE ( 'NONE', #8768, #11657 ) ;
#8646 = AXIS2_PLACEMENT_3D ( 'NONE', #7345, #4783, #6595 ) ;
#8647 = DIRECTION ( 'NONE',  ( -1.894180325222886620E-15, -0.9625068420560822791, -0.2712574035768015590 ) ) ;
#8648 = LINE ( 'NONE', #826, #4776 ) ;
#8649 = ADVANCED_FACE ( 'NONE', ( #1040 ), #11513, .T. ) ;
#8650 = LINE ( 'NONE', #5826, #4846 ) ;
#8651 = CARTESIAN_POINT ( 'NONE',  ( 39.56771335206872919, 0.4999999999999978351, -2.240753535442241873 ) ) ;
#8652 = DIRECTION ( 'NONE',  ( 1.141265444721583757E-16, -0.000000000000000000, 1.000000000000000000 ) ) ;
#8653 = CARTESIAN_POINT ( 'NONE',  ( 27.21180890137915043, 1.000000000000000000, 0.3238172648295121747 ) ) ;
#8654 = CARTESIAN_POINT ( 'NONE',  ( 33.76660733418479765, 1.108489920217938574, -5.504954131106829074 ) ) ;
#8655 = ORIENTED_EDGE ( 'NONE', *, *, #9349, .T. ) ;
#8656 = FACE_OUTER_BOUND ( 'NONE', #9751, .T. ) ;
#8657 = VERTEX_POINT ( 'NONE', #4674 ) ;
#8658 = ORIENTED_EDGE ( 'NONE', *, *, #4870, .F. ) ;
#8659 = CARTESIAN_POINT ( 'NONE',  ( 14.35590445068956988, 1.399999999999999689, -4.612012738139092072 ) ) ;
#8660 = FACE_OUTER_BOUND ( 'NONE', #4220, .T. ) ;
#8661 = DIRECTION ( 'NONE',  ( -6.982962677686266711E-15, 0.000000000000000000, -1.000000000000000000 ) ) ;
#8662 = CARTESIAN_POINT ( 'NONE',  ( 28.49711038494233861, 0.9534028740753675013, 2.799999999999999822 ) ) ;
#8663 = EDGE_CURVE ( 'NONE', #2070, #5889, #3667, .T. ) ;
#8664 = DIRECTION ( 'NONE',  ( -1.000000000000000000, 0.000000000000000000, 0.000000000000000000 ) ) ;
#8665 = EDGE_CURVE ( 'NONE', #7628, #10299, #98, .T. ) ;
#8666 = EDGE_CURVE ( 'NONE', #5094, #3154, #8611, .T. ) ;
#8667 = LINE ( 'NONE', #7907, #6503 ) ;
#8668 = DIRECTION ( 'NONE',  ( -1.000000000000000000, 0.000000000000000000, 0.000000000000000000 ) ) ;
#8669 = ORIENTED_EDGE ( 'NONE', *, *, #9847, .T. ) ;
#8670 = EDGE_LOOP ( 'NONE', ( #1633, #5481, #10402, #11205, #1948, #11354, #3094, #2416, #4933, #6844, #2961, #9195 ) ) ;
#8671 = ORIENTED_EDGE ( 'NONE', *, *, #867, .T. ) ;
#8672 = CARTESIAN_POINT ( 'NONE',  ( 16.79749103983272107, 0.000000000000000000, -2.240753535442232547 ) ) ;
#8673 = FACE_OUTER_BOUND ( 'NONE', #11850, .T. ) ;
#8674 = LINE ( 'NONE', #4858, #3530 ) ;
#8675 = DIRECTION ( 'NONE',  ( 1.355252715606880543E-16, 1.000000000000000000, -9.463679131915807439E-31 ) ) ;
#8676 = LINE ( 'NONE', #7098, #7959 ) ;
#8677 = CARTESIAN_POINT ( 'NONE',  ( 11.35590445068956456, 1.103464568314089123, -5.267165293036052631 ) ) ;
#8678 = DIRECTION ( 'NONE',  ( -7.097089222158424864E-15, 0.000000000000000000, -1.000000000000000000 ) ) ;
#8679 = EDGE_CURVE ( 'NONE', #4178, #2145, #9616, .T. ) ;
#8680 = CARTESIAN_POINT ( 'NONE',  ( 0.7468596454174303290, 0.4000000000000000222, -1.000000000000000000 ) ) ;
#8681 = PRODUCT ( 'BTN4manufacture', 'BTN4manufacture', '', ( #8263 ) ) ;
#8682 = CARTESIAN_POINT ( 'NONE',  ( 26.71180890137915753, 1.000000000000000000, -2.240753535442241873 ) ) ;
#8683 = ORIENTED_EDGE ( 'NONE', *, *, #1558, .T. ) ;
#8684 = ORIENTED_EDGE ( 'NONE', *, *, #2472, .T. ) ;
#8685 = B_SPLINE_CURVE_WITH_KNOTS ( 'NONE', 3,
 ( #4077, #9836, #1264, #11561, #323, #4959 ),
 .UNSPECIFIED., .F., .F.,
 ( 4, 2, 4 ),
 ( 0.000000000000000000, 0.0002694863184572999604, 0.0005389726369145999207 ),
 .UNSPECIFIED. ) ;
#8686 = VERTEX_POINT ( 'NONE', #12334 ) ;
#8687 = ORIENTED_EDGE ( 'NONE', *, *, #3892, .T. ) ;
#8688 = DIRECTION ( 'NONE',  ( -7.097089222158424864E-15, 0.000000000000000000, -1.000000000000000000 ) ) ;
#8689 = ORIENTED_EDGE ( 'NONE', *, *, #5456, .F. ) ;
#8690 = FACE_OUTER_BOUND ( 'NONE', #3559, .T. ) ;
#8691 = DIRECTION ( 'NONE',  ( -5.813595144832437787E-15, 0.5735764363510473807, -0.8191520442889909104 ) ) ;
#8692 = CARTESIAN_POINT ( 'NONE',  ( 35.28241186850553390, 0.000000000000000000, -1.000000000000000000 ) ) ;
#8693 = CARTESIAN_POINT ( 'NONE',  ( 5.032161128980621179, 0.4000000000000000222, -1.000000000000000000 ) ) ;
#8694 = VECTOR ( 'NONE', #1405, 1000.000000000000000 ) ;
#8695 = ORIENTED_EDGE ( 'NONE', *, *, #9450, .F. ) ;
#8696 = ORIENTED_EDGE ( 'NONE', *, *, #3267, .F. ) ;
#8697 = EDGE_CURVE ( 'NONE', #11149, #5958, #8547, .T. ) ;
#8698 = ORIENTED_EDGE ( 'NONE', *, *, #3600, .F. ) ;
#8699 = ORIENTED_EDGE ( 'NONE', *, *, #4181, .F. ) ;
#8700 = EDGE_CURVE ( 'NONE', #10762, #10246, #7739, .T. ) ;
#8701 = CARTESIAN_POINT ( 'NONE',  ( 7.070602967126388805, 0.000000000000000000, -3.007045462299396732 ) ) ;
#8702 = ORIENTED_EDGE ( 'NONE', *, *, #9286, .T. ) ;
#8703 = DIRECTION ( 'NONE',  ( 1.000000000000000000, -0.000000000000000000, -1.141265444721583757E-16 ) ) ;
#8704 = VECTOR ( 'NONE', #2755, 1000.000000000000000 ) ;
#8705 = CARTESIAN_POINT ( 'NONE',  ( 34.79959989318049907, 1.115317123975225533, -5.586345496996282023 ) ) ;
#8706 = CARTESIAN_POINT ( 'NONE',  ( 2.785301483563181968, 1.103464568314089123, -5.267165293036052631 ) ) ;
#8707 = VECTOR ( 'NONE', #8678, 1000.000000000000000 ) ;
#8708 = CARTESIAN_POINT ( 'NONE',  ( 33.26718336435641987, 1.399999999999999911, -5.033282760356246222 ) ) ;
#8709 = DIRECTION ( 'NONE',  ( 0.000000000000000000, 0.000000000000000000, -1.000000000000000000 ) ) ;
#8710 = ORIENTED_EDGE ( 'NONE', *, *, #8517, .F. ) ;
#8711 = ORIENTED_EDGE ( 'NONE', *, *, #5069, .T. ) ;
#8712 = EDGE_CURVE ( 'NONE', #6225, #12349, #6738, .T. ) ;
#8713 = CARTESIAN_POINT ( 'NONE',  ( 22.44040574485690342, 1.106833788838468502, -5.425737714157053304 ) ) ;
#8714 = ORIENTED_EDGE ( 'NONE', *, *, #9788, .T. ) ;
#8715 = DIRECTION ( 'NONE',  ( 0.000000000000000000, -1.000000000000000000, 0.000000000000000000 ) ) ;
#8716 = VECTOR ( 'NONE', #4451, 1000.000000000000000 ) ;
#8717 = AXIS2_PLACEMENT_3D ( 'NONE', #8790, #2154, #5967 ) ;
#8718 = EDGE_CURVE ( 'NONE', #2125, #1274, #3796, .T. ) ;
#8719 = VERTEX_POINT ( 'NONE', #2724 ) ;
#8720 = ORIENTED_EDGE ( 'NONE', *, *, #2068, .F. ) ;
#8721 = CARTESIAN_POINT ( 'NONE',  ( 21.08279252339591281, 0.000000000000000000, -1.000000000000000000 ) ) ;
#8722 = LINE ( 'NONE', #9721, #7932 ) ;
#8723 = CARTESIAN_POINT ( 'NONE',  ( 38.50000000000001421, 0.4000000000000000222, 0.1662919268571550480 ) ) ;
#8724 = CARTESIAN_POINT ( 'NONE',  ( 35.78241186850553390, 0.000000000000000000, -1.000000000000000000 ) ) ;
#8725 = VECTOR ( 'NONE', #5578, 1000.000000000000000 ) ;
#8726 = VECTOR ( 'NONE', #6927, 1000.000000000000000 ) ;
#8727 = DIRECTION ( 'NONE',  ( 0.000000000000000000, 0.7660444431189767922, -0.6427876096865409172 ) ) ;
#8728 = CARTESIAN_POINT ( 'NONE',  ( 12.85590445068957344, 1.000000000000000000, 0.8999999999999921396 ) ) ;
#8729 = DIRECTION ( 'NONE',  ( -1.000000000000000000, -0.000000000000000000, -0.000000000000000000 ) ) ;
#8730 = ORIENTED_EDGE ( 'NONE', *, *, #10404, .T. ) ;
#8731 = VERTEX_POINT ( 'NONE', #6547 ) ;
#8732 = VERTEX_POINT ( 'NONE', #10373 ) ;
#8733 = VECTOR ( 'NONE', #7096, 1000.000000000000000 ) ;
#8734 = EDGE_CURVE ( 'NONE', #8308, #3198, #1796, .T. ) ;
#8735 = AXIS2_PLACEMENT_3D ( 'NONE', #7849, #4089, #1032 ) ;
#8736 = CARTESIAN_POINT ( 'NONE',  ( 12.33609155882708741, 1.400000000000000355, -5.120565198620423253 ) ) ;
#8737 = PLANE ( 'NONE',  #9695 ) ;
#8738 = LINE ( 'NONE', #909, #3935 ) ;
#8739 = CARTESIAN_POINT ( 'NONE',  ( 24.21180890137913977, 1.115317123975225755, -5.263824959924734870 ) ) ;
#8740 = DIRECTION ( 'NONE',  ( -1.000000000000000000, -0.000000000000000000, -0.000000000000000000 ) ) ;
#8741 = FACE_OUTER_BOUND ( 'NONE', #4424, .T. ) ;
#8742 = CARTESIAN_POINT ( 'NONE',  ( 22.54611810337921085, 1.106465162429560278, -5.408006954961657620 ) ) ;
#8743 = VECTOR ( 'NONE', #8443, 1000.000000000000000 ) ;
#8744 = CARTESIAN_POINT ( 'NONE',  ( 9.317462612543812028, 0.000000000000000000, -1.000000000000000000 ) ) ;
#8745 = CARTESIAN_POINT ( 'NONE',  ( 27.33482100286270366, 1.400000000000000133, -5.141473183975624472 ) ) ;
#8746 = CARTESIAN_POINT ( 'NONE',  ( 29.47729749308075498, 1.400000000000000355, -5.120565198620423253 ) ) ;
#8747 = ORIENTED_EDGE ( 'NONE', *, *, #6058, .T. ) ;
#8748 = ORIENTED_EDGE ( 'NONE', *, *, #464, .T. ) ;
#8749 = ADVANCED_FACE ( 'NONE', ( #2790 ), #10432, .T. ) ;
#8750 = ORIENTED_EDGE ( 'NONE', *, *, #3270, .F. ) ;
#8751 = EDGE_LOOP ( 'NONE', ( #4610, #6226, #10211, #356 ) ) ;
#8752 = CARTESIAN_POINT ( 'NONE',  ( 5.802712893532347316, 1.399999999999999911, -4.852261884540959080 ) ) ;
#8753 = ORIENTED_EDGE ( 'NONE', *, *, #7848, .F. ) ;
#8754 = VECTOR ( 'NONE', #5669, 1000.000000000000114 ) ;
#8755 = EDGE_CURVE ( 'NONE', #4995, #3374, #5976, .T. ) ;
#8756 = DIRECTION ( 'NONE',  ( 1.000000000000000000, 0.000000000000000000, 0.000000000000000000 ) ) ;
#8757 = EDGE_CURVE ( 'NONE', #4419, #11745, #5913, .T. ) ;
#8758 = CARTESIAN_POINT ( 'NONE',  ( 11.35590445068957344, 0.000000000000000000, -0.4041232037028952284 ) ) ;
#8759 = DIRECTION ( 'NONE',  ( 1.000000000000000000, 0.000000000000000000, 0.000000000000000000 ) ) ;
#8760 = VECTOR ( 'NONE', #10816, 1000.000000000000000 ) ;
#8761 = ORIENTED_EDGE ( 'NONE', *, *, #5179, .T. ) ;
#8762 = VERTEX_POINT ( 'NONE', #282 ) ;
#8763 = VECTOR ( 'NONE', #12169, 1000.000000000000114 ) ;
#8764 = ORIENTED_EDGE ( 'NONE', *, *, #4609, .T. ) ;
#8765 = VERTEX_POINT ( 'NONE', #6983 ) ;
#8766 = CARTESIAN_POINT ( 'NONE',  ( 17.69648226808309488, 1.400000000000169997, -5.423430774507966845 ) ) ;
#8767 = ORIENTED_EDGE ( 'NONE', *, *, #8712, .T. ) ;
#8768 = CARTESIAN_POINT ( 'NONE',  ( 4.285301483563190850, 2.000000000000000000, 1.739099631177264182 ) ) ;
#8769 = VECTOR ( 'NONE', #2565, 1000.000000000000000 ) ;
#8770 = CARTESIAN_POINT ( 'NONE',  ( 5.785301483563190850, 1.000000000000000000, -1.000000000000000000 ) ) ;
#8771 = LINE ( 'NONE', #5884, #3373 ) ;
#8772 = VECTOR ( 'NONE', #975, 1000.000000000000000 ) ;
#8773 = CARTESIAN_POINT ( 'NONE',  ( 18.64120593425276695, 0.000000000000000000, 1.999999999999997335 ) ) ;
#8774 = DIRECTION ( 'NONE',  ( -7.335912872304331086E-17, -0.7660444431189772363, -0.6427876096865402511 ) ) ;
#8775 = VERTEX_POINT ( 'NONE', #4038 ) ;
#8776 = CARTESIAN_POINT ( 'NONE',  ( 33.26851851055952380, 1.106833761053985121, -5.425736373931110634 ) ) ;
#8777 = VERTEX_POINT ( 'NONE', #7914 ) ;
#8778 = AXIS2_PLACEMENT_3D ( 'NONE', #3350, #527, #347 ) ;
#8779 = LINE ( 'NONE', #5774, #201 ) ;
#8780 = CIRCLE ( 'NONE', #9386, 1.500000000000000000 ) ;
#8781 = VERTEX_POINT ( 'NONE', #7857 ) ;
#8782 = ORIENTED_EDGE ( 'NONE', *, *, #11716, .F. ) ;
#8783 = CARTESIAN_POINT ( 'NONE',  ( 31.49711038494233506, 0.000000000000000000, -0.2337080731428443636 ) ) ;
#8784 = CARTESIAN_POINT ( 'NONE',  ( -1.499999999999988010, 1.399999999999999911, -2.240753535442224553 ) ) ;
#8785 = CARTESIAN_POINT ( 'NONE',  ( 35.78241186850553390, 2.000000000000000000, 2.799999999999999822 ) ) ;
#8786 = LINE ( 'NONE', #11749, #6560 ) ;
#8787 = ADVANCED_FACE ( 'NONE', ( #8917 ), #2281, .T. ) ;
#8788 = VECTOR ( 'NONE', #10110, 1000.000000000000000 ) ;
#8789 = ADVANCED_FACE ( 'NONE', ( #1406 ), #3218, .T. ) ;
#8790 = CARTESIAN_POINT ( 'NONE',  ( 3.941586589143147190, 0.000000000000000000, -3.000000000000000000 ) ) ;
#8791 = CARTESIAN_POINT ( 'NONE',  ( 1.172238603733831930, 0.6722386037338314857, -0.7947340252167934826 ) ) ;
#8792 = DIRECTION ( 'NONE',  ( -1.000000000000000000, -0.000000000000000000, 1.141265444721583757E-16 ) ) ;
#8793 = VERTEX_POINT ( 'NONE', #3158 ) ;
#8794 = VERTEX_POINT ( 'NONE', #6037 ) ;
#8795 = VERTEX_POINT ( 'NONE', #4165 ) ;
#8796 = VECTOR ( 'NONE', #3262, 1000.000000000000000 ) ;
#8797 = CARTESIAN_POINT ( 'NONE',  ( 14.47891655217313023, 1.400000000000000133, -5.141473183975623584 ) ) ;
#8798 = LINE ( 'NONE', #222, #3903 ) ;
#8799 = CARTESIAN_POINT ( 'NONE',  ( 37.06771335206872209, 1.499358225474672235, 2.799999999999999822 ) ) ;
#8800 = DIRECTION ( 'NONE',  ( -0.7660444431189811221, 0.000000000000000000, -0.6427876096865355882 ) ) ;
#8801 = CARTESIAN_POINT ( 'NONE',  ( 28.98188188079320682, 1.399999999999999911, -5.033282760356246222 ) ) ;
#8802 = DIRECTION ( 'NONE',  ( -1.355252715606880543E-16, -1.000000000000000000, 0.000000000000000000 ) ) ;
#8803 = CARTESIAN_POINT ( 'NONE',  ( 10.07060296712638348, 1.499358225474672235, 2.799999999999999822 ) ) ;
#8804 = ADVANCED_FACE ( 'NONE', ( #404 ), #1163, .F. ) ;
#8805 = DIRECTION ( 'NONE',  ( 1.000000000000000000, -0.000000000000000000, -0.000000000000000000 ) ) ;
#8806 = CARTESIAN_POINT ( 'NONE',  ( 19.92650741781595514, 0.4000000000000000222, -0.2337080731428429203 ) ) ;
#8807 = EDGE_CURVE ( 'NONE', #1081, #11526, #9798, .T. ) ;
#8808 = DIRECTION ( 'NONE',  ( 0.000000000000000000, 0.6427876096865402511, -0.7660444431189772363 ) ) ;
#8809 = VERTEX_POINT ( 'NONE', #7040 ) ;
#8810 = ORIENTED_EDGE ( 'NONE', *, *, #8817, .T. ) ;
#8811 = VERTEX_POINT ( 'NONE', #8799 ) ;
#8812 = VERTEX_POINT ( 'NONE', #6919 ) ;
#8813 = DIRECTION ( 'NONE',  ( -1.000000000000000000, 0.000000000000000000, 6.982962677686266711E-15 ) ) ;
#8814 = DIRECTION ( 'NONE',  ( 1.000000000000000000, -0.000000000000000000, -6.982962677686266711E-15 ) ) ;
#8815 = DIRECTION ( 'NONE',  ( -6.982962677686266711E-15, 0.000000000000000000, -1.000000000000000000 ) ) ;
#8816 =( BOUNDED_CURVE ( )  B_SPLINE_CURVE ( 3, ( #11667, #7768, #1880, #4 ),
 .UNSPECIFIED., .F., .F. ) 
 B_SPLINE_CURVE_WITH_KNOTS ( ( 4, 4 ),
 ( 1.943323292647559208, 2.268928027592630681 ),
 .UNSPECIFIED. ) 
 CURVE ( )  GEOMETRIC_REPRESENTATION_ITEM ( )  RATIONAL_B_SPLINE_CURVE ( ( 1.000000000000000000, 0.9911846262163772625, 0.9911846262163772625, 1.000000000000000000 ) ) 
 REPRESENTATION_ITEM ( '' )  );
#8817 = EDGE_CURVE ( 'NONE', #8047, #248, #10930, .T. ) ;
#8818 = DIRECTION ( 'NONE',  ( -1.000000000000000000, 0.000000000000000000, 1.141265444721583757E-16 ) ) ;
#8819 = ADVANCED_FACE ( 'NONE', ( #162 ), #11884, .F. ) ;
#8820 = EDGE_CURVE ( 'NONE', #4709, #1846, #5217, .T. ) ;
#8822 = EDGE_LOOP ( 'NONE', ( #5256, #3125, #7813, #7220 ) ) ;
#8821 = VECTOR ( 'NONE', #1749, 1000.000000000000000 ) ;
#8823 = VERTEX_POINT ( 'NONE', #2162 ) ;
#8824 = EDGE_CURVE ( 'NONE', #3136, #3468, #9916, .T. ) ;
#8825 = ORIENTED_EDGE ( 'NONE', *, *, #2203, .T. ) ;
#8826 = ORIENTED_EDGE ( 'NONE', *, *, #11017, .T. ) ;
#8827 = FACE_OUTER_BOUND ( 'NONE', #1677, .T. ) ;
#8828 = EDGE_LOOP ( 'NONE', ( #875, #2772, #7092, #8342 ) ) ;
#8829 = PLANE ( 'NONE',  #2629 ) ;
#8830 = CARTESIAN_POINT ( 'NONE',  ( 37.06771335206872209, 0.000000000000000000, -0.4041232037028952284 ) ) ;
#8831 = CARTESIAN_POINT ( 'NONE',  ( 37.06771335206873630, 0.000000000000000000, -2.240753535442224553 ) ) ;
#8832 = VECTOR ( 'NONE', #1671, 1000.000000000000000 ) ;
#8833 = CARTESIAN_POINT ( 'NONE',  ( 22.92650741781596935, 0.3999999999999999667, -2.240753535442245425 ) ) ;
#8834 = VECTOR ( 'NONE', #6640, 1000.000000000000000 ) ;
#8835 = DIRECTION ( 'NONE',  ( 1.000000000000000000, 0.000000000000000000, 0.000000000000000000 ) ) ;
#8836 = ORIENTED_EDGE ( 'NONE', *, *, #4083, .T. ) ;
#8837 = CARTESIAN_POINT ( 'NONE',  ( 5.785301483563181968, 1.103464666456457577, -5.267169912107815044 ) ) ;
#8838 = EDGE_LOOP ( 'NONE', ( #1126, #7078, #6943, #3247, #3790 ) ) ;
#8839 = FACE_OUTER_BOUND ( 'NONE', #3824, .T. ) ;
#8840 = VECTOR ( 'NONE', #199, 1000.000000000000000 ) ;
#8841 = EDGE_LOOP ( 'NONE', ( #1500, #9753, #4562, #9111 ) ) ;
#8842 = ORIENTED_EDGE ( 'NONE', *, *, #3845, .F. ) ;
#8843 = VECTOR ( 'NONE', #7331, 1000.000000000000000 ) ;
#8844 = PLANE ( 'NONE',  #6501 ) ;
#8845 = CARTESIAN_POINT ( 'NONE',  ( 38.56772043208982836, 0.000000000000000000, -1.007180904292219514 ) ) ;
#8846 = PLANE ( 'NONE',  #6233 ) ;
#8847 = LINE ( 'NONE', #5027, #11172 ) ;
#8848 = CARTESIAN_POINT ( 'NONE',  ( 24.21180890137915398, 0.000000000000000000, -3.407045462299397975 ) ) ;
#8849 = CARTESIAN_POINT ( 'NONE',  ( -0.9999999999999978906, 1.000000000000000000, -1.000000000000000000 ) ) ;
#8850 = CARTESIAN_POINT ( 'NONE',  ( 4.285301483563190850, 1.000000000000000000, 0.000000000000000000 ) ) ;
#8851 = EDGE_LOOP ( 'NONE', ( #7825, #3490, #7438, #3037 ) ) ;
#8852 = EDGE_LOOP ( 'NONE', ( #7638, #2591, #6183, #9020 ) ) ;
#8853 = EDGE_LOOP ( 'NONE', ( #9947, #1569, #11509, #9487 ) ) ;
#8854 = CARTESIAN_POINT ( 'NONE',  ( 38.50000000000001421, 0.000000000000000000, -0.2337080731428451408 ) ) ;
#8855 = CARTESIAN_POINT ( 'NONE',  ( 28.49711038494233861, 0.000000000000000000, -1.000000000000000000 ) ) ;
#8856 = CARTESIAN_POINT ( 'NONE',  ( 4.285301483563196179, 1.399999999999999911, -3.240753535442235211 ) ) ;
#8857 = ADVANCED_FACE ( 'NONE', ( #5040 ), #6089, .F. ) ;
#8858 = CARTESIAN_POINT ( 'NONE',  ( 32.78241186850552680, 1.000000000000000000, -0.4041232037028950064 ) ) ;
#8859 = DIRECTION ( 'NONE',  ( 0.000000000000000000, 1.000000000000000000, 0.000000000000000000 ) ) ;
#8860 = CARTESIAN_POINT ( 'NONE',  ( 31.49711038494233506, 1.000000000000000000, -0.4041232037028950064 ) ) ;
#8861 = CARTESIAN_POINT ( 'NONE',  ( 19.90915259079120503, 1.400000000000000355, -4.852277374311898761 ) ) ;
#8862 = CARTESIAN_POINT ( 'NONE',  ( 11.35590445068957166, 2.072578233334808395, 1.800000000000000044 ) ) ;
#8863 = CARTESIAN_POINT ( 'NONE',  ( 5.785301483563195291, 1.000000000000000000, -3.407045462299396643 ) ) ;
#8864 = B_SPLINE_CURVE_WITH_KNOTS ( 'NONE', 3,
 ( #5345, #8281, #10999, #4348, #2652, #5409 ),
 .UNSPECIFIED., .F., .F.,
 ( 4, 2, 4 ),
 ( 0.000000000000000000, 0.001513007688743850821, 0.003026015377487701642 ),
 .UNSPECIFIED. ) ;
#8865 = CARTESIAN_POINT ( 'NONE',  ( 24.21180890137914687, 0.000000000000000000, -0.4041232037028952284 ) ) ;
#8866 = EDGE_LOOP ( 'NONE', ( #925, #1234, #10925, #538, #6543, #3991, #5740, #3744, #3557, #4818, #6478, #711 ) ) ;
#8867 = ORIENTED_EDGE ( 'NONE', *, *, #11669, .T. ) ;
#8868 = EDGE_CURVE ( 'NONE', #8931, #4359, #11154, .T. ) ;
#8869 = ORIENTED_EDGE ( 'NONE', *, *, #1307, .T. ) ;
#8870 = ORIENTED_EDGE ( 'NONE', *, *, #1588, .T. ) ;
#8871 = CARTESIAN_POINT ( 'NONE',  ( 32.78241186850551969, 2.000000000000000000, -5.468901542184338993 ) ) ;
#8872 = ADVANCED_FACE ( 'NONE', ( #11639 ), #3040, .F. ) ;
#8873 = LINE ( 'NONE', #3367, #10961 ) ;
#8874 = FACE_OUTER_BOUND ( 'NONE', #4910, .T. ) ;
#8875 = FACE_OUTER_BOUND ( 'NONE', #8230, .T. ) ;
#8876 = DIRECTION ( 'NONE',  ( 0.000000000000000000, -1.000000000000000000, 0.000000000000000000 ) ) ;
#8877 = ORIENTED_EDGE ( 'NONE', *, *, #4436, .F. ) ;
#8878 = EDGE_LOOP ( 'NONE', ( #3959, #11408, #430, #3632 ) ) ;
#8879 = ORIENTED_EDGE ( 'NONE', *, *, #373, .F. ) ;
#8880 = VERTEX_POINT ( 'NONE', #10165 ) ;
#8881 = PLANE ( 'NONE',  #4326 ) ;
#8883 = VERTEX_POINT ( 'NONE', #4471 ) ;
#8882 = EDGE_CURVE ( 'NONE', #7952, #1907, #3471, .T. ) ;
#8884 = EDGE_CURVE ( 'NONE', #3633, #12177, #7280, .T. ) ;
#8885 =( BOUNDED_SURFACE ( )  B_SPLINE_SURFACE ( 3, 1, ( 
 ( #1653, #4470 ),
 ( #5470, #2651 ),
 ( #10164, #8280 ),
 ( #7343, #9288 ) ),
 .UNSPECIFIED., .F., .F., .F. ) 
 B_SPLINE_SURFACE_WITH_KNOTS ( ( 4, 4 ),
 ( 2, 2 ),
 ( 0.000000000000000000, 1.000000000000000000 ),
 ( 0.000000000000000000, 1.000000000000000000 ),
 .UNSPECIFIED. ) 
 GEOMETRIC_REPRESENTATION_ITEM ( )  RATIONAL_B_SPLINE_SURFACE ( (
 ( 1.000000000000000000, 1.000000000000000000),
 ( 0.9667654570425328053, 0.9667654570425328053),
 ( 0.9667654570425328053, 0.9667654570425328053),
 ( 1.000000000000000000, 1.000000000000000000) ) ) 
 REPRESENTATION_ITEM ( '' )  SURFACE ( )  );
#8886 = DIRECTION ( 'NONE',  ( 0.000000000000000000, -1.000000000000000000, -2.710505431213761085E-16 ) ) ;
#8887 = EDGE_CURVE ( 'NONE', #10635, #599, #1591, .T. ) ;
#8888 = CARTESIAN_POINT ( 'NONE',  ( 7.070602967126381699, 0.9534028740753675013, 2.799999999999999822 ) ) ;
#8889 = DIRECTION ( 'NONE',  ( -3.093406186374441444E-32, 1.000000000000000000, 2.710505431213761085E-16 ) ) ;
#8890 = VECTOR ( 'NONE', #5590, 1000.000000000000114 ) ;
#8891 = DIRECTION ( 'NONE',  ( 0.000000000000000000, 1.000000000000000000, 0.000000000000000000 ) ) ;
#8892 = CARTESIAN_POINT ( 'NONE',  ( 15.64120593425275274, 0.000000000000000000, -5.578147948598760841 ) ) ;
#8893 = ORIENTED_EDGE ( 'NONE', *, *, #140, .F. ) ;
#8894 = ORIENTED_EDGE ( 'NONE', *, *, #3054, .F. ) ;
#8895 = CARTESIAN_POINT ( 'NONE',  ( 37.82399845764867763, 0.000000000000000000, -1.000000000000000000 ) ) ;
#8896 = ORIENTED_EDGE ( 'NONE', *, *, #12093, .T. ) ;
#8897 = LINE ( 'NONE', #4145, #2794 ) ;
#8898 = VECTOR ( 'NONE', #12127, 1000.000000000000000 ) ;
#8899 = FACE_OUTER_BOUND ( 'NONE', #1147, .T. ) ;
#8900 = ORIENTED_EDGE ( 'NONE', *, *, #5489, .T. ) ;
#8901 = AXIS2_PLACEMENT_3D ( 'NONE', #6553, #4678, #1737 ) ;
#8902 = CARTESIAN_POINT ( 'NONE',  ( 1.500000000000000222, 0.000000000000000000, 0.1662919268571568243 ) ) ;
#8903 = CARTESIAN_POINT ( 'NONE',  ( 1.000000000000009770, 0.000000000000000000, -2.240753535442241873 ) ) ;
#8904 = ADVANCED_FACE ( 'NONE', ( #12012 ), #6407, .F. ) ;
#8905 = CARTESIAN_POINT ( 'NONE',  ( 35.78241186850553390, 2.000000000000000000, 2.799999999999999822 ) ) ;
#8906 = DIRECTION ( 'NONE',  ( -0.000000000000000000, -0.000000000000000000, 1.000000000000000000 ) ) ;
#8907 = ADVANCED_FACE ( 'NONE', ( #7344 ), #8074, .T. ) ;
#8909 = DIRECTION ( 'NONE',  ( -1.000000000000000000, -0.000000000000000000, 1.141265444721583757E-16 ) ) ;
#8908 = VECTOR ( 'NONE', #12176, 1000.000000000000000 ) ;
#8910 = VECTOR ( 'NONE', #1612, 1000.000000000000000 ) ;
#8911 = DIRECTION ( 'NONE',  ( -1.000000000000000000, 0.000000000000000000, 1.141265444721583757E-16 ) ) ;
#8912 = LINE ( 'NONE', #6855, #2000 ) ;
#8913 = ORIENTED_EDGE ( 'NONE', *, *, #12230, .T. ) ;
#8914 = EDGE_LOOP ( 'NONE', ( #6227, #4262, #647, #1188 ) ) ;
#8915 = ORIENTED_EDGE ( 'NONE', *, *, #11602, .F. ) ;
#8916 = LINE ( 'NONE', #7279, #5294 ) ;
#8917 = FACE_OUTER_BOUND ( 'NONE', #6822, .T. ) ;
#8918 = VECTOR ( 'NONE', #10430, 1000.000000000000000 ) ;
#8919 = VECTOR ( 'NONE', #11470, 1000.000000000000000 ) ;
#8920 = CARTESIAN_POINT ( 'NONE',  ( 17.64531581809408323, 1.108515853782455984, -5.506187988402309941 ) ) ;
#8921 = FACE_OUTER_BOUND ( 'NONE', #628, .T. ) ;
#8922 = AXIS2_PLACEMENT_3D ( 'NONE', #9907, #5338, #9033 ) ;
#8923 = EDGE_CURVE ( 'NONE', #2545, #8781, #10289, .T. ) ;
#8924 = LINE ( 'NONE', #4876, #5977 ) ;
#8925 = DIRECTION ( 'NONE',  ( -0.7660444431189766812, 0.000000000000000000, 0.6427876096865409172 ) ) ;
#8926 = AXIS2_PLACEMENT_3D ( 'NONE', #8244, #2426, #6365 ) ;
#8927 = EDGE_CURVE ( 'NONE', #5910, #12144, #8864, .T. ) ;
#8928 = DIRECTION ( 'NONE',  ( -0.000000000000000000, -0.000000000000000000, 1.000000000000000000 ) ) ;
#8929 = VECTOR ( 'NONE', #1730, 1000.000000000000000 ) ;
#8930 = CARTESIAN_POINT ( 'NONE',  ( 32.78241186850554101, 0.3999999999999999667, -2.240753535442224553 ) ) ;
#8931 = VERTEX_POINT ( 'NONE', #650 ) ;
#8932 = ORIENTED_EDGE ( 'NONE', *, *, #4733, .F. ) ;
#8933 = VECTOR ( 'NONE', #4417, 1000.000000000000000 ) ;
#8934 = ORIENTED_EDGE ( 'NONE', *, *, #6375, .F. ) ;
#8935 = EDGE_LOOP ( 'NONE', ( #5743, #7249, #12070, #1112 ) ) ;
#8936 = CARTESIAN_POINT ( 'NONE',  ( 31.49711038494233506, 0.000000000000000000, 0.1662919268571558251 ) ) ;
#8937 = CARTESIAN_POINT ( 'NONE',  ( 30.34397003035976681, 0.000000000000000000, -2.240753535442237432 ) ) ;
#8938 = AXIS2_PLACEMENT_3D ( 'NONE', #1342, #223, #5160 ) ;
#8939 = DIRECTION ( 'NONE',  ( -6.982962677686266711E-15, 0.000000000000000000, -1.000000000000000000 ) ) ;
#8940 = EDGE_CURVE ( 'NONE', #3975, #11624, #12128, .T. ) ;
#8941 = PLANE ( 'NONE',  #10567 ) ;
#8942 = ADVANCED_FACE ( 'NONE', ( #8345 ), #7406, .F. ) ;
#8943 = CARTESIAN_POINT ( 'NONE',  ( 24.53957029764531583, 0.6722386037338308196, -0.7947340252167942598 ) ) ;
#8944 = ORIENTED_EDGE ( 'NONE', *, *, #7709, .F. ) ;
#8945 = ORIENTED_EDGE ( 'NONE', *, *, #4383, .T. ) ;
#8946 = EDGE_LOOP ( 'NONE', ( #5753, #6558, #1369, #11495 ) ) ;
#8947 = ORIENTED_EDGE ( 'NONE', *, *, #3202, .F. ) ;
#8948 = AXIS2_PLACEMENT_3D ( 'NONE', #4918, #9557, #11393 ) ;
#8949 = DIRECTION ( 'NONE',  ( 0.000000000000000000, 1.000000000000000000, 0.000000000000000000 ) ) ;
#8950 = CARTESIAN_POINT ( 'NONE',  ( 39.31457299748615242, 0.000000000000000000, -2.240753535442240096 ) ) ;
#8951 = LINE ( 'NONE', #4134, #11243 ) ;
#8952 = DIRECTION ( 'NONE',  ( 7.097089222158425653E-15, -0.000000000000000000, 1.000000000000000000 ) ) ;
#8953 = DIRECTION ( 'NONE',  ( 0.7660444431189766812, 0.000000000000000000, 0.6427876096865409172 ) ) ;
#8954 = VECTOR ( 'NONE', #7901, 1000.000000000000000 ) ;
#8955 = DIRECTION ( 'NONE',  ( -0.000000000000000000, -0.000000000000000000, 1.000000000000000000 ) ) ;
#8956 = EDGE_CURVE ( 'NONE', #620, #5244, #8130, .T. ) ;
#8957 = ORIENTED_EDGE ( 'NONE', *, *, #10704, .T. ) ;
#8958 = VERTEX_POINT ( 'NONE', #6468 ) ;
#8959 = CARTESIAN_POINT ( 'NONE',  ( 27.21180890137913977, 2.000000000000000000, -5.468901542184360309 ) ) ;
#8960 = ORIENTED_EDGE ( 'NONE', *, *, #1125, .F. ) ;
#8961 = CARTESIAN_POINT ( 'NONE',  ( 37.06771335206872919, 0.4000000000000000222, -3.007045462299399841 ) ) ;
#8962 = EDGE_CURVE ( 'NONE', #646, #4408, #6216, .T. ) ;
#8963 = CARTESIAN_POINT ( 'NONE',  ( 7.070602967126376370, 1.399999999999999911, -4.858572962426980446 ) ) ;
#8964 = VERTEX_POINT ( 'NONE', #7159 ) ;
#8965 = VECTOR ( 'NONE', #10529, 1000.000000000000000 ) ;
#8966 = FACE_BOUND ( 'NONE', #943, .T. ) ;
#8967 = CARTESIAN_POINT ( 'NONE',  ( 38.50000000000001421, 0.4000000000000000222, -3.007045462299399841 ) ) ;
#8968 = AXIS2_PLACEMENT_3D ( 'NONE', #12407, #3733, #11460 ) ;
#8969 = CARTESIAN_POINT ( 'NONE',  ( 30.74397003035976894, 0.000000000000000000, -2.240753535442240096 ) ) ;
#8970 = CARTESIAN_POINT ( 'NONE',  ( 38.50000000000001421, 0.000000000000000000, 0.1662919268571550480 ) ) ;
#8971 = EDGE_CURVE ( 'NONE', #11217, #9866, #10043, .T. ) ;
#8972 = AXIS2_PLACEMENT_3D ( 'NONE', #8349, #3415, #7227 ) ;
#8973 = CARTESIAN_POINT ( 'NONE',  ( 7.241006826634342808, 0.7834631812238943560, -0.6072026154634251327 ) ) ;
#8974 = CIRCLE ( 'NONE', #3387, 1.500000000000000000 ) ;
#8975 = CARTESIAN_POINT ( 'NONE',  ( 29.25339549052229415, 0.4000000000000000222, -3.000000000000000000 ) ) ;
#8976 = LINE ( 'NONE', #12122, #6791 ) ;
#8978 = ORIENTED_EDGE ( 'NONE', *, *, #7754, .F. ) ;
#8977 = ADVANCED_FACE ( 'NONE', ( #10100 ), #9101, .F. ) ;
#8979 = EDGE_CURVE ( 'NONE', #7418, #2718, #10680, .T. ) ;
#8980 = ORIENTED_EDGE ( 'NONE', *, *, #8542, .T. ) ;
#8981 = EDGE_LOOP ( 'NONE', ( #8018, #11907, #9933, #2495 ) ) ;
#8982 = LINE ( 'NONE', #10869, #8694 ) ;
#8983 = CARTESIAN_POINT ( 'NONE',  ( 27.21180890137915043, 1.000000000000000000, -0.4041232037028950064 ) ) ;
#8984 = VECTOR ( 'NONE', #3866, 1000.000000000000000 ) ;
#8985 = DIRECTION ( 'NONE',  ( -1.000000000000000000, -0.000000000000000000, 1.141265444721583757E-16 ) ) ;
#8986 = CARTESIAN_POINT ( 'NONE',  ( 15.64120593425277406, 1.000000000000000000, -2.836630331739329769 ) ) ;
#8987 = CARTESIAN_POINT ( 'NONE',  ( 16.14120593425276695, 0.4999999999999978351, -1.000000000000000000 ) ) ;
#8988 = LINE ( 'NONE', #8042, #2578 ) ;
#8989 = DIRECTION ( 'NONE',  ( -1.141265444721583757E-16, -0.000000000000000000, -1.000000000000000000 ) ) ;
#8990 = LINE ( 'NONE', #4355, #4939 ) ;
#8991 = VECTOR ( 'NONE', #10806, 1000.000000000000000 ) ;
#8992 = CARTESIAN_POINT ( 'NONE',  ( 29.43207800650409212, 1.108502809461048733, -5.505567396206785702 ) ) ;
#8993 = ORIENTED_EDGE ( 'NONE', *, *, #11035, .F. ) ;
#8994 = ORIENTED_EDGE ( 'NONE', *, *, #10469, .F. ) ;
#8995 = ORIENTED_EDGE ( 'NONE', *, *, #3323, .F. ) ;
#8996 = EDGE_LOOP ( 'NONE', ( #1236, #4111, #1144, #5418, #1709, #1441, #3056 ) ) ;
#8997 = EDGE_CURVE ( 'NONE', #7559, #9603, #4660, .T. ) ;
#8998 = PLANE ( 'NONE',  #2171 ) ;
#8999 = CARTESIAN_POINT ( 'NONE',  ( 21.42650741781595514, 0.5320888862379536954, -0.9617579545435694932 ) ) ;
#9000 = CARTESIAN_POINT ( 'NONE',  ( 27.21180890137915398, 0.000000000000000000, -3.007045462299398508 ) ) ;
#9001 = VECTOR ( 'NONE', #5892, 1000.000000000000000 ) ;
#9002 = DIRECTION ( 'NONE',  ( 0.000000000000000000, 0.000000000000000000, -1.000000000000000000 ) ) ;
#9003 = DIRECTION ( 'NONE',  ( 0.000000000000000000, -1.000000000000000000, -0.000000000000000000 ) ) ;
#9004 = DIRECTION ( 'NONE',  ( -0.000000000000000000, -1.000000000000000000, 0.000000000000000000 ) ) ;
#9005 = CARTESIAN_POINT ( 'NONE',  ( 14.35590445068957344, 1.000000000000000000, 0.3238172648295121747 ) ) ;
#9006 = ORIENTED_EDGE ( 'NONE', *, *, #7500, .T. ) ;
#9007 = EDGE_LOOP ( 'NONE', ( #3009, #1140, #7877, #7528 ) ) ;
#9008 = ORIENTED_EDGE ( 'NONE', *, *, #1630, .F. ) ;
#9009 = ORIENTED_EDGE ( 'NONE', *, *, #5125, .T. ) ;
#9010 = EDGE_CURVE ( 'NONE', #2358, #7878, #2774, .T. ) ;
#9011 = ADVANCED_FACE ( 'NONE', ( #11437 ), #8529, .T. ) ;
#9012 = LINE ( 'NONE', #7069, #5118 ) ;
#9013 = CARTESIAN_POINT ( 'NONE',  ( 10.07060296712639413, 1.399999999999999911, -2.240753535442245425 ) ) ;
#9014 = EDGE_CURVE ( 'NONE', #4020, #6032, #10357, .T. ) ;
#9015 = CARTESIAN_POINT ( 'NONE',  ( 33.53869697408548234, 0.000000000000000000, -1.000000000000000000 ) ) ;
#9016 = FACE_OUTER_BOUND ( 'NONE', #10390, .T. ) ;
#9017 = FACE_OUTER_BOUND ( 'NONE', #6352, .T. ) ;
#9018 = DIRECTION ( 'NONE',  ( -6.868836133214109346E-15, 0.000000000000000000, -1.000000000000000000 ) ) ;
#9019 = VERTEX_POINT ( 'NONE', #894 ) ;
#9020 = ORIENTED_EDGE ( 'NONE', *, *, #5245, .T. ) ;
#9021 = DIRECTION ( 'NONE',  ( -0.000000000000000000, -1.000000000000000000, 0.000000000000000000 ) ) ;
#9022 = ORIENTED_EDGE ( 'NONE', *, *, #2542, .T. ) ;
#9023 = EDGE_CURVE ( 'NONE', #10299, #1055, #11501, .T. ) ;
#9024 = FACE_OUTER_BOUND ( 'NONE', #10866, .T. ) ;
#9025 = VERTEX_POINT ( 'NONE', #10612 ) ;
#9026 = VECTOR ( 'NONE', #12167, 1000.000000000000000 ) ;
#9027 = CARTESIAN_POINT ( 'NONE',  ( 28.99711038494234217, 1.000000000000000000, -1.000000000000000000 ) ) ;
#9028 = LINE ( 'NONE', #12354, #8135 ) ;
#9029 = EDGE_CURVE ( 'NONE', #10838, #10179, #1778, .T. ) ;
#9030 = AXIS2_PLACEMENT_3D ( 'NONE', #3916, #10627, #5856 ) ;
#9031 = CARTESIAN_POINT ( 'NONE',  ( 38.50000000000001421, 0.000000000000000000, -0.2337080731428451408 ) ) ;
#9032 = CARTESIAN_POINT ( 'NONE',  ( 32.78241186850552680, 0.4000000000000000222, 0.1662919268571543818 ) ) ;
#9033 = DIRECTION ( 'NONE',  ( -6.982962677686266711E-15, 0.000000000000000000, -1.000000000000000000 ) ) ;
#9034 = VECTOR ( 'NONE', #11270, 1000.000000000000114 ) ;
#9035 = CARTESIAN_POINT ( 'NONE',  ( 8.917462612543813449, 0.4000000000000000222, -2.240753535442239208 ) ) ;
#9036 = VECTOR ( 'NONE', #2579, 1000.000000000000000 ) ;
#9037 = CARTESIAN_POINT ( 'NONE',  ( 7.070602967126373706, 1.103464568314089123, -5.267165293036052631 ) ) ;
#9038 = VERTEX_POINT ( 'NONE', #10479 ) ;
#9039 = ORIENTED_EDGE ( 'NONE', *, *, #4765, .F. ) ;
#9040 = ORIENTED_EDGE ( 'NONE', *, *, #9586, .F. ) ;
#9041 = DIRECTION ( 'NONE',  ( -7.335912872304331086E-17, -0.7660444431189772363, -0.6427876096865402511 ) ) ;
#9042 = CARTESIAN_POINT ( 'NONE',  ( -0.3437148944200442702, 1.000000000000000222, -2.240753535442232547 ) ) ;
#9043 = ADVANCED_FACE ( 'NONE', ( #5535 ), #2709, .F. ) ;
#9044 = CIRCLE ( 'NONE', #4248, 2.000000000000000000 ) ;
#9045 = LINE ( 'NONE', #465, #10250 ) ;
#9046 = DIRECTION ( 'NONE',  ( 1.141265444721583757E-16, 0.000000000000000000, -1.000000000000000000 ) ) ;
#9047 = DIRECTION ( 'NONE',  ( 0.000000000000000000, -1.000000000000000000, 0.000000000000000000 ) ) ;
#9048 = EDGE_CURVE ( 'NONE', #1069, #5449, #2456, .T. ) ;
#9049 = PLANE ( 'NONE',  #9579 ) ;
#9050 = ADVANCED_FACE ( 'NONE', ( #8660 ), #85, .F. ) ;
#9051 = CARTESIAN_POINT ( 'NONE',  ( 5.032161128980621179, 0.000000000000000000, -1.000000000000000000 ) ) ;
#9052 = DIRECTION ( 'NONE',  ( -1.355252715606880543E-16, -1.000000000000000000, -0.000000000000000000 ) ) ;
#9053 = CARTESIAN_POINT ( 'NONE',  ( 17.88806557967019373, 0.000000000000000000, -3.000000000000000000 ) ) ;
#9054 = ORIENTED_EDGE ( 'NONE', *, *, #4592, .F. ) ;
#9055 = EDGE_LOOP ( 'NONE', ( #6167, #4423, #11860, #7495, #7955, #3197, #7750, #4250, #7017, #10176, #3078, #8191 ) ) ;
#9056 = EDGE_LOOP ( 'NONE', ( #4322, #10321, #8696, #5620, #1665, #10058, #10256, #1991, #7749, #67, #1542 ) ) ;
#9057 = ORIENTED_EDGE ( 'NONE', *, *, #6404, .T. ) ;
#9058 = DIRECTION ( 'NONE',  ( -1.000000000000000000, 0.000000000000000000, 6.982962677686266711E-15 ) ) ;
#9059 = DIRECTION ( 'NONE',  ( 0.000000000000000000, 1.000000000000000000, 0.000000000000000000 ) ) ;
#9060 = DIRECTION ( 'NONE',  ( 1.000000000000000000, 0.000000000000000000, -7.097089222158424864E-15 ) ) ;
#9061 = CARTESIAN_POINT ( 'NONE',  ( 39.31457299748615952, 0.4000000000000000222, -2.240753535442240096 ) ) ;
#9062 = EDGE_CURVE ( 'NONE', #8793, #8379, #5779, .T. ) ;
#9063 = CARTESIAN_POINT ( 'NONE',  ( 31.49711038494233506, 1.399999999999999689, -4.612012738139092072 ) ) ;
#9064 = EDGE_CURVE ( 'NONE', #6133, #9613, #778, .T. ) ;
#9065 = CARTESIAN_POINT ( 'NONE',  ( 31.49711038494234927, 0.000000000000000000, -2.240753535442245425 ) ) ;
#9066 = DIRECTION ( 'NONE',  ( -1.141265444721583757E-16, 0.000000000000000000, -1.000000000000000000 ) ) ;
#9067 = VERTEX_POINT ( 'NONE', #6720 ) ;
#9068 = ORIENTED_EDGE ( 'NONE', *, *, #10500, .T. ) ;
#9069 = ORIENTED_EDGE ( 'NONE', *, *, #4065, .F. ) ;
#9070 = ORIENTED_EDGE ( 'NONE', *, *, #2053, .T. ) ;
#9071 = DIRECTION ( 'NONE',  ( 1.000000000000000000, -0.000000000000000000, 0.000000000000000000 ) ) ;
#9072 = VERTEX_POINT ( 'NONE', #4782 ) ;
#9073 = LINE ( 'NONE', #6065, #4030 ) ;
#9074 = CARTESIAN_POINT ( 'NONE',  ( 37.06771335206872209, 0.000000000000000000, 0.1662919268571552145 ) ) ;
#9075 = DIRECTION ( 'NONE',  ( -0.000000000000000000, -0.000000000000000000, 1.000000000000000000 ) ) ;
#9076 = DIRECTION ( 'NONE',  ( -1.000000000000000000, 0.000000000000000000, 0.000000000000000000 ) ) ;
#9077 = DIRECTION ( 'NONE',  ( -1.000000000000000000, 0.000000000000000000, 1.141265444721583757E-16 ) ) ;
#9078 = EDGE_CURVE ( 'NONE', #1807, #10639, #4599, .T. ) ;
#9079 = ORIENTED_EDGE ( 'NONE', *, *, #6391, .T. ) ;
#9080 = ORIENTED_EDGE ( 'NONE', *, *, #8205, .T. ) ;
#9081 = EDGE_CURVE ( 'NONE', #2575, #8292, #8408, .T. ) ;
#9082 = DIRECTION ( 'NONE',  ( 1.000000000000000000, 0.000000000000000000, 0.000000000000000000 ) ) ;
#9083 = ORIENTED_EDGE ( 'NONE', *, *, #2019, .F. ) ;
#9084 = CARTESIAN_POINT ( 'NONE',  ( 8.050790075264346868, 1.400000000000000355, -5.120565198620423253 ) ) ;
#9085 = ORIENTED_EDGE ( 'NONE', *, *, #9029, .F. ) ;
#9086 = DIRECTION ( 'NONE',  ( 0.000000000000000000, -1.000000000000000000, 0.000000000000000000 ) ) ;
#9087 = CARTESIAN_POINT ( 'NONE',  ( 40.06771335206872209, 1.399999999999999911, -4.858578065624948650 ) ) ;
#9088 = FACE_OUTER_BOUND ( 'NONE', #1009, .T. ) ;
#9089 = CARTESIAN_POINT ( 'NONE',  ( 15.64120593425276340, 0.000000000000000000, -1.000000000000000000 ) ) ;
#9090 = DIRECTION ( 'NONE',  ( 7.097089222158424864E-15, 0.000000000000000000, 1.000000000000000000 ) ) ;
#9091 = EDGE_CURVE ( 'NONE', #11315, #2252, #5596, .T. ) ;
#9092 = CARTESIAN_POINT ( 'NONE',  ( 11.35590445068957166, 2.000000000000000000, 2.799999999999999822 ) ) ;
#9093 = AXIS2_PLACEMENT_3D ( 'NONE', #9737, #5792, #2912 ) ;
#9094 = ADVANCED_FACE ( 'NONE', ( #11377 ), #6594, .F. ) ;
#9095 = DIRECTION ( 'NONE',  ( -7.335912872304331086E-17, 0.7660444431189772363, 0.6427876096865402511 ) ) ;
#9096 = DIRECTION ( 'NONE',  ( 1.000000000000000000, -0.000000000000000000, -6.982962677686266711E-15 ) ) ;
#9097 = EDGE_LOOP ( 'NONE', ( #2783, #1053, #3541, #4509 ) ) ;
#9098 = ORIENTED_EDGE ( 'NONE', *, *, #2839, .F. ) ;
#9099 = VERTEX_POINT ( 'NONE', #8903 ) ;
#9100 = DIRECTION ( 'NONE',  ( -0.000000000000000000, -0.000000000000000000, 1.000000000000000000 ) ) ;
#9101 = PLANE ( 'NONE',  #1340 ) ;
#9102 = PLANE ( 'NONE',  #6041 ) ;
#9103 = LINE ( 'NONE', #1594, #6360 ) ;
#9104 = AXIS2_PLACEMENT_3D ( 'NONE', #6202, #9086, #5265 ) ;
#9105 = DIRECTION ( 'NONE',  ( 0.000000000000000000, 0.000000000000000000, 1.000000000000000000 ) ) ;
#9106 = VECTOR ( 'NONE', #6082, 1000.000000000000000 ) ;
#9107 = VECTOR ( 'NONE', #1469, 1000.000000000000000 ) ;
#9108 = CARTESIAN_POINT ( 'NONE',  ( 7.070602967126394134, 0.3999999999999999667, -2.240753535442224553 ) ) ;
#9109 = DIRECTION ( 'NONE',  ( 1.000000000000000000, -0.000000000000000000, -1.141265444721583757E-16 ) ) ;
#9110 = LINE ( 'NONE', #6283, #4589 ) ;
#9111 = ORIENTED_EDGE ( 'NONE', *, *, #3267, .T. ) ;
#9112 = ORIENTED_EDGE ( 'NONE', *, *, #5023, .F. ) ;
#9113 = ORIENTED_EDGE ( 'NONE', *, *, #10876, .T. ) ;
#9114 = ORIENTED_EDGE ( 'NONE', *, *, #7451, .F. ) ;
#9116 = EDGE_CURVE ( 'NONE', #6930, #6882, #6945, .T. ) ;
#9115 = VECTOR ( 'NONE', #7328, 1000.000000000000000 ) ;
#9117 = VECTOR ( 'NONE', #8603, 1000.000000000000000 ) ;
#9118 = EDGE_LOOP ( 'NONE', ( #5622, #157, #8105, #144 ) ) ;
#9119 = CARTESIAN_POINT ( 'NONE',  ( 11.35590445068958054, 0.000000000000000000, -3.007045462299396732 ) ) ;
#9120 = CARTESIAN_POINT ( 'NONE',  ( 37.06771335206872209, 1.000000000000000000, 0.3238172648295121747 ) ) ;
#9121 = CARTESIAN_POINT ( 'NONE',  ( 16.14120593425277761, 0.000000000000000000, -2.240753535442228106 ) ) ;
#9122 = CARTESIAN_POINT ( 'NONE',  ( 40.06771335206872919, 0.9534028740753672793, 2.799999999999999822 ) ) ;
#9123 = CARTESIAN_POINT ( 'NONE',  ( 22.17336706323338547, 0.000000000000000000, -2.240753535442240096 ) ) ;
#9124 = AXIS2_PLACEMENT_3D ( 'NONE', #5867, #3810, #8625 ) ;
#9125 = PLANE ( 'NONE',  #2877 ) ;
#9126 = AXIS2_PLACEMENT_3D ( 'NONE', #4740, #9381, #4620 ) ;
#9127 = LINE ( 'NONE', #10129, #10128 ) ;
#9128 = EDGE_CURVE ( 'NONE', #11721, #3822, #210, .T. ) ;
#9129 = ORIENTED_EDGE ( 'NONE', *, *, #4874, .F. ) ;
#9130 = ORIENTED_EDGE ( 'NONE', *, *, #11634, .T. ) ;
#9131 = ORIENTED_EDGE ( 'NONE', *, *, #8574, .F. ) ;
#9132 = ORIENTED_EDGE ( 'NONE', *, *, #72, .T. ) ;
#9133 = EDGE_CURVE ( 'NONE', #12209, #4745, #6847, .T. ) ;
#9134 = EDGE_CURVE ( 'NONE', #7254, #4079, #5841, .T. ) ;
#9135 = CARTESIAN_POINT ( 'NONE',  ( 5.346740465184235624, 0.5614389816210439976, -0.9267798729277888503 ) ) ;
#9136 = VERTEX_POINT ( 'NONE', #1208 ) ;
#9137 = VECTOR ( 'NONE', #11326, 1000.000000000000000 ) ;
#9138 = VECTOR ( 'NONE', #29, 1000.000000000000000 ) ;
#9139 = PLANE ( 'NONE',  #9632 ) ;
#9140 = CARTESIAN_POINT ( 'NONE',  ( 0.7468596454174303290, 0.4000000000000000222, -3.000000000000000000 ) ) ;
#9141 = CARTESIAN_POINT ( 'NONE',  ( -1.500000000000000444, 1.000000000000000000, 2.799999999999999822 ) ) ;
#9142 = CARTESIAN_POINT ( 'NONE',  ( 39.31457299748615242, 0.000000000000000000, -3.000000000000000000 ) ) ;
#9143 = CARTESIAN_POINT ( 'NONE',  ( 37.82399845764867763, 0.000000000000000000, -3.000000000000000000 ) ) ;
#9144 = VECTOR ( 'NONE', #8814, 1000.000000000000000 ) ;
#9145 = ORIENTED_EDGE ( 'NONE', *, *, #12265, .F. ) ;
#9146 = VERTEX_POINT ( 'NONE', #4899 ) ;
#9147 = CARTESIAN_POINT ( 'NONE',  ( 28.93567140332130805, 0.5614389816210439976, -2.313973662514438256 ) ) ;
#9148 = ORIENTED_EDGE ( 'NONE', *, *, #4483, .F. ) ;
#9149 = DIRECTION ( 'NONE',  ( 0.000000000000000000, -0.000000000000000000, -1.000000000000000000 ) ) ;
#9150 = ORIENTED_EDGE ( 'NONE', *, *, #10737, .T. ) ;
#9151 = EDGE_CURVE ( 'NONE', #4034, #10639, #1327, .T. ) ;
#9152 = FACE_BOUND ( 'NONE', #2355, .T. ) ;
#9153 = VECTOR ( 'NONE', #3177, 1000.000000000000000 ) ;
#9154 = DIRECTION ( 'NONE',  ( 6.868836133214108557E-15, 0.000000000000000000, 1.000000000000000000 ) ) ;
#9155 = LINE ( 'NONE', #2397, #2970 ) ;
#9156 = DIRECTION ( 'NONE',  ( 0.000000000000000000, 1.000000000000000000, 0.000000000000000000 ) ) ;
#9157 = LINE ( 'NONE', #6144, #3716 ) ;
#9158 = CARTESIAN_POINT ( 'NONE',  ( 38.50000000000001421, 0.000000000000000000, -3.407045462299400196 ) ) ;
#9159 = VECTOR ( 'NONE', #6277, 1000.000000000000000 ) ;
#9160 = DIRECTION ( 'NONE',  ( 1.000000000000000000, -0.000000000000000000, 0.000000000000000000 ) ) ;
#9161 = B_SPLINE_CURVE_WITH_KNOTS ( 'NONE', 3,
 ( #3220, #2164, #345, #8920, #1042, #3159 ),
 .UNSPECIFIED., .F., .F.,
 ( 4, 2, 4 ),
 ( 0.000000000000000000, 0.001513007688743851255, 0.003026015377487702510 ),
 .UNSPECIFIED. ) ;
#9162 = ORIENTED_EDGE ( 'NONE', *, *, #19, .F. ) ;
#9163 = AXIS2_PLACEMENT_3D ( 'NONE', #9429, #5484, #731 ) ;
#9164 = VERTEX_POINT ( 'NONE', #11684 ) ;
#9165 = ORIENTED_EDGE ( 'NONE', *, *, #1872, .F. ) ;
#9166 = EDGE_CURVE ( 'NONE', #2663, #2, #7899, .T. ) ;
#9167 = CARTESIAN_POINT ( 'NONE',  ( 15.64120593425276340, 0.000000000000000000, -0.2337080731428425318 ) ) ;
#9168 = CARTESIAN_POINT ( 'NONE',  ( 31.49711038494233506, 0.4999999999999978351, -1.000000000000000000 ) ) ;
#9169 = CARTESIAN_POINT ( 'NONE',  ( 11.35590445068957521, -1.679354261915517090E-30, -0.2337080731428420599 ) ) ;
#9170 = CARTESIAN_POINT ( 'NONE',  ( 39.31457299748615242, 0.4000000000000000222, -1.000000000000000000 ) ) ;
#9171 = EDGE_CURVE ( 'NONE', #12242, #109, #9661, .T. ) ;
#9172 = FACE_OUTER_BOUND ( 'NONE', #2262, .T. ) ;
#9173 = VECTOR ( 'NONE', #8010, 1000.000000000000000 ) ;
#9174 = AXIS2_PLACEMENT_3D ( 'NONE', #10282, #1347, #409 ) ;
#9175 = DIRECTION ( 'NONE',  ( -1.141265444721583757E-16, -0.000000000000000000, -1.000000000000000000 ) ) ;
#9176 = CARTESIAN_POINT ( 'NONE',  ( 25.36809400695910455, 0.4000000000000000222, -3.000000000000000000 ) ) ;
#9177 = CARTESIAN_POINT ( 'NONE',  ( 5.614897624055232406, 0.7834631812238955773, -0.6072026154634229123 ) ) ;
#9178 = ORIENTED_EDGE ( 'NONE', *, *, #8824, .F. ) ;
#9179 = ORIENTED_EDGE ( 'NONE', *, *, #1250, .T. ) ;
#9180 = ORIENTED_EDGE ( 'NONE', *, *, #9980, .F. ) ;
#9181 = ORIENTED_EDGE ( 'NONE', *, *, #5389, .F. ) ;
#9182 = AXIS2_PLACEMENT_3D ( 'NONE', #1108, #8808, #6047 ) ;
#9183 = ORIENTED_EDGE ( 'NONE', *, *, #12409, .F. ) ;
#9184 = CARTESIAN_POINT ( 'NONE',  ( -1.500000000000005329, 3.272523262990679971, -4.655872776437634641 ) ) ;
#9185 = CARTESIAN_POINT ( 'NONE',  ( 29.25339549052229415, 0.000000000000000000, -3.000000000000000000 ) ) ;
#9186 = CARTESIAN_POINT ( 'NONE',  ( 30.34397003035976681, 0.000000000000000000, -1.000000000000000000 ) ) ;
#9187 = ADVANCED_FACE ( 'NONE', ( #9844 ), #5025, .F. ) ;
#9188 = DIRECTION ( 'NONE',  ( -0.000000000000000000, -0.000000000000000000, 1.000000000000000000 ) ) ;
#9189 = DIRECTION ( 'NONE',  ( 0.000000000000000000, -1.000000000000000000, 0.000000000000000000 ) ) ;
#9190 = AXIS2_PLACEMENT_3D ( 'NONE', #11879, #1584, #9160 ) ;
#9191 = CARTESIAN_POINT ( 'NONE',  ( 35.28241186850553390, 0.000000000000000000, -1.000000000000000000 ) ) ;
#9192 = CARTESIAN_POINT ( 'NONE',  ( 38.50000000000001421, 0.4000000000000000222, -0.2337080731428450298 ) ) ;
#9193 = ORIENTED_EDGE ( 'NONE', *, *, #10844, .T. ) ;
#9194 = ORIENTED_EDGE ( 'NONE', *, *, #1025, .T. ) ;
#9195 = ORIENTED_EDGE ( 'NONE', *, *, #5280, .T. ) ;
#9196 = ORIENTED_EDGE ( 'NONE', *, *, #5953, .T. ) ;
#9197 = LINE ( 'NONE', #11343, #5717 ) ;
#9198 = ORIENTED_EDGE ( 'NONE', *, *, #4072, .T. ) ;
#9199 = VECTOR ( 'NONE', #12191, 1000.000000000000000 ) ;
#9200 = FACE_OUTER_BOUND ( 'NONE', #7009, .T. ) ;
#9201 = EDGE_CURVE ( 'NONE', #3777, #9099, #4082, .T. ) ;
#9202 = CARTESIAN_POINT ( 'NONE',  ( 15.64120593425277761, 0.4999999999999978351, -2.240753535442224553 ) ) ;
#9203 = CARTESIAN_POINT ( 'NONE',  ( 37.06771335206871498, 1.399999999999999911, -4.858572962426980446 ) ) ;
#9204 = DIRECTION ( 'NONE',  ( -1.000000000000000000, 0.000000000000000000, 0.000000000000000000 ) ) ;
#9205 = EDGE_CURVE ( 'NONE', #12036, #12324, #11870, .T. ) ;
#9206 = FACE_OUTER_BOUND ( 'NONE', #2266, .T. ) ;
#9207 = ADVANCED_FACE ( 'NONE', ( #10857 ), #2028, .F. ) ;
#9208 = EDGE_CURVE ( 'NONE', #7875, #11668, #8023, .T. ) ;
#9209 = ORIENTED_EDGE ( 'NONE', *, *, #673, .T. ) ;
#9210 = ORIENTED_EDGE ( 'NONE', *, *, #6816, .F. ) ;
#9211 = CARTESIAN_POINT ( 'NONE',  ( 8.570602967126381699, 1.000000000000000000, 0.3238172648295125633 ) ) ;
#9212 = ORIENTED_EDGE ( 'NONE', *, *, #6685, .T. ) ;
#9213 = CARTESIAN_POINT ( 'NONE',  ( 13.85590445068958410, 0.4999999999999978351, -2.240753535442241873 ) ) ;
#9214 = EDGE_LOOP ( 'NONE', ( #6786, #5276, #10590, #8388 ) ) ;
#9215 = CARTESIAN_POINT ( 'NONE',  ( 21.42650741781595158, 1.399999999999999911, -4.612012738139083190 ) ) ;
#9216 = LINE ( 'NONE', #12183, #8843 ) ;
#9217 = CARTESIAN_POINT ( 'NONE',  ( 27.21180890137915043, -1.000000000000000000, 0.3238172648295125633 ) ) ;
#9218 = LINE ( 'NONE', #4461, #6639 ) ;
#9219 = CARTESIAN_POINT ( 'NONE',  ( -0.3437148944200444922, 0.000000000000000000, -1.000000000000000000 ) ) ;
#9220 = LINE ( 'NONE', #456, #10304 ) ;
#9221 = LINE ( 'NONE', #10924, #3595 ) ;
#9222 = ORIENTED_EDGE ( 'NONE', *, *, #550, .F. ) ;
#9223 = ORIENTED_EDGE ( 'NONE', *, *, #5280, .F. ) ;
#9224 = ORIENTED_EDGE ( 'NONE', *, *, #4521, .F. ) ;
#9225 = DIRECTION ( 'NONE',  ( 0.6427876096865409172, -0.000000000000000000, 0.7660444431189766812 ) ) ;
#9226 = CARTESIAN_POINT ( 'NONE',  ( 8.053413943350379967, 1.115317123975225533, -5.586343894839111535 ) ) ;
#9227 = CARTESIAN_POINT ( 'NONE',  ( 7.748108024234261352E-15, 1.000000000000000000, -2.836630331739339983 ) ) ;
#9228 = DIRECTION ( 'NONE',  ( -5.813595144832437787E-15, 0.5735764363510473807, -0.8191520442889909104 ) ) ;
#9229 = CARTESIAN_POINT ( 'NONE',  ( 18.64120593425276695, 0.8628211600346445964, -0.4041232037028950064 ) ) ;
#9230 = VECTOR ( 'NONE', #8427, 1000.000000000000000 ) ;
#9231 = VECTOR ( 'NONE', #252, 1000.000000000000000 ) ;
#9232 = CARTESIAN_POINT ( 'NONE',  ( 26.45866854679657720, 0.4000000000000000222, -1.000000000000000000 ) ) ;
#9233 = ORIENTED_EDGE ( 'NONE', *, *, #8537, .T. ) ;
#9234 = ADVANCED_FACE ( 'NONE', ( #7026 ), #1084, .F. ) ;
#9235 = LINE ( 'NONE', #11070, #3534 ) ;
#9236 = CARTESIAN_POINT ( 'NONE',  ( 28.49711038494233861, 0.000000000000000000, -1.000000000000000000 ) ) ;
#9237 = ORIENTED_EDGE ( 'NONE', *, *, #6567, .F. ) ;
#9238 = ORIENTED_EDGE ( 'NONE', *, *, #1290, .F. ) ;
#9239 = EDGE_CURVE ( 'NONE', #7252, #8188, #8722, .T. ) ;
#9240 = VERTEX_POINT ( 'NONE', #7961 ) ;
#9241 = ORIENTED_EDGE ( 'NONE', *, *, #2013, .T. ) ;
#9242 = AXIS2_PLACEMENT_3D ( 'NONE', #4828, #10599, #1075 ) ;
#9243 = VERTEX_POINT ( 'NONE', #147 ) ;
#9244 = LINE ( 'NONE', #4295, #967 ) ;
#9245 = LINE ( 'NONE', #11207, #10746 ) ;
#9246 = AXIS2_PLACEMENT_3D ( 'NONE', #4600, #9418, #8601 ) ;
#9247 = CARTESIAN_POINT ( 'NONE',  ( 13.60276409610700377, 0.000000000000000000, -1.000000000000000000 ) ) ;
#9248 = DIRECTION ( 'NONE',  ( -7.335912872304331086E-17, -0.7660444431189772363, -0.6427876096865402511 ) ) ;
#9249 = CARTESIAN_POINT ( 'NONE',  ( 14.35590445068956278, 0.000000000000000000, -5.578152595329384233 ) ) ;
#9250 = LINE ( 'NONE', #12032, #10915 ) ;
#9251 = ADVANCED_FACE ( 'NONE', ( #10677 ), #11809, .T. ) ;
#9252 = PLANE ( 'NONE',  #12147 ) ;
#9253 = ORIENTED_EDGE ( 'NONE', *, *, #3383, .F. ) ;
#9254 = ORIENTED_EDGE ( 'NONE', *, *, #2471, .F. ) ;
#9255 = ADVANCED_FACE ( 'NONE', ( #7844 ), #3086, .F. ) ;
#9256 = EDGE_LOOP ( 'NONE', ( #7714, #2488, #4658, #2512 ) ) ;
#9257 = ORIENTED_EDGE ( 'NONE', *, *, #3030, .F. ) ;
#9258 = VECTOR ( 'NONE', #6627, 1000.000000000000000 ) ;
#9259 = CARTESIAN_POINT ( 'NONE',  ( 18.64120593425277050, 0.000000000000000000, -3.007045462299397620 ) ) ;
#9260 = EDGE_LOOP ( 'NONE', ( #4560, #206, #9550, #10609 ) ) ;
#9261 = CARTESIAN_POINT ( 'NONE',  ( 38.56771335206872209, 1.000000000000000000, 0.3238172648295125633 ) ) ;
#9262 = CARTESIAN_POINT ( 'NONE',  ( 8.570602967126381699, 0.000000000000000000, 1.999999999999998224 ) ) ;
#9263 = CARTESIAN_POINT ( 'NONE',  ( 26.96942336360121573, 1.399999999999999689, -4.945931956424546527 ) ) ;
#9264 = CARTESIAN_POINT ( 'NONE',  ( 37.39547474833488394, 0.6722386037338301534, -0.7947340252167955921 ) ) ;
#9265 = FACE_OUTER_BOUND ( 'NONE', #11897, .T. ) ;
#9266 = EDGE_LOOP ( 'NONE', ( #1022, #4996, #758, #7657 ) ) ;
#9267 = VERTEX_POINT ( 'NONE', #2331 ) ;
#9268 = DIRECTION ( 'NONE',  ( -0.000000000000000000, -1.000000000000000000, 0.000000000000000000 ) ) ;
#9269 = ORIENTED_EDGE ( 'NONE', *, *, #12296, .F. ) ;
#9270 = EDGE_CURVE ( 'NONE', #9136, #236, #9371, .T. ) ;
#9271 = CARTESIAN_POINT ( 'NONE',  ( 24.65036991975811631, 0.5614389816210439976, -2.313973662514438256 ) ) ;
#9272 = ORIENTED_EDGE ( 'NONE', *, *, #7766, .F. ) ;
#9273 = EDGE_CURVE ( 'NONE', #3106, #8278, #4567, .T. ) ;
#9274 = DIRECTION ( 'NONE',  ( 0.000000000000000000, 0.000000000000000000, -1.000000000000000000 ) ) ;
#9275 = PLANE ( 'NONE',  #3640 ) ;
#9276 = PLANE ( 'NONE',  #2767 ) ;
#9277 = CARTESIAN_POINT ( 'NONE',  ( 7.070602967126380811, 0.4000000000000000222, -0.2337080731428414493 ) ) ;
#9278 = CARTESIAN_POINT ( 'NONE',  ( 3.253212597325237709, 0.5320888862379536954, -0.9617579545435693822 ) ) ;
#9279 = DIRECTION ( 'NONE',  ( -0.000000000000000000, -0.000000000000000000, 1.000000000000000000 ) ) ;
#9280 = CARTESIAN_POINT ( 'NONE',  ( 7.570602967126396798, 0.000000000000000000, -2.240753535442228106 ) ) ;
#9281 = EDGE_CURVE ( 'NONE', #6002, #680, #10263, .T. ) ;
#9282 = CARTESIAN_POINT ( 'NONE',  ( 39.31457299748615242, 0.000000000000000000, -2.240753535442240096 ) ) ;
#9283 = ORIENTED_EDGE ( 'NONE', *, *, #11704, .T. ) ;
#9284 = ORIENTED_EDGE ( 'NONE', *, *, #4491, .F. ) ;
#9285 = VERTEX_POINT ( 'NONE', #11345 ) ;
#9286 = EDGE_CURVE ( 'NONE', #12052, #4452, #11280, .T. ) ;
#9287 = EDGE_CURVE ( 'NONE', #2205, #8573, #5627, .T. ) ;
#9288 = CARTESIAN_POINT ( 'NONE',  ( 1.499999999999986899, 8.673617379884035472E-16, -5.578152595329384233 ) ) ;
#9289 = CARTESIAN_POINT ( 'NONE',  ( 37.55381999412271199, 1.106833761053985121, -5.425736373931110634 ) ) ;
#9290 = CARTESIAN_POINT ( 'NONE',  ( 24.21180890137914687, 1.000000000000000000, 2.799999999999999822 ) ) ;
#9291 = CARTESIAN_POINT ( 'NONE',  ( 17.14120593425276695, 1.399999999999999911, -3.240753535442235211 ) ) ;
#9292 =( BOUNDED_CURVE ( )  B_SPLINE_CURVE ( 3, ( #4172, #4987, #7983, #3102 ),
 .UNSPECIFIED., .F., .F. ) 
 B_SPLINE_CURVE_WITH_KNOTS ( ( 4, 4 ),
 ( 1.943323292647559208, 2.268928027592632013 ),
 .UNSPECIFIED. ) 
 CURVE ( )  GEOMETRIC_REPRESENTATION_ITEM ( )  RATIONAL_B_SPLINE_CURVE ( ( 1.000000000000000000, 0.9911846262163771515, 0.9911846262163771515, 1.000000000000000000 ) ) 
 REPRESENTATION_ITEM ( '' )  );
#9293 = CARTESIAN_POINT ( 'NONE',  ( 7.070602967126381699, 2.000000000000000000, 2.799999999999999822 ) ) ;
#9294 = VECTOR ( 'NONE', #6859, 1000.000000000000000 ) ;
#9295 = CARTESIAN_POINT ( 'NONE',  ( 21.42650741781595514, 2.000000000000000000, 0.000000000000000000 ) ) ;
#9296 = VERTEX_POINT ( 'NONE', #9391 ) ;
#9297 = DIRECTION ( 'NONE',  ( -1.141265444721583757E-16, -0.000000000000000000, -1.000000000000000000 ) ) ;
#9298 = DIRECTION ( 'NONE',  ( -0.000000000000000000, -0.000000000000000000, 1.000000000000000000 ) ) ;
#9299 = ORIENTED_EDGE ( 'NONE', *, *, #2489, .F. ) ;
#9300 = EDGE_CURVE ( 'NONE', #5940, #8189, #4332, .T. ) ;
#9301 = ORIENTED_EDGE ( 'NONE', *, *, #6704, .F. ) ;
#9302 = ORIENTED_EDGE ( 'NONE', *, *, #1247, .T. ) ;
#9303 = CARTESIAN_POINT ( 'NONE',  ( 28.49711038494233861, 0.000000000000000000, 1.999999999999997335 ) ) ;
#9304 = CARTESIAN_POINT ( 'NONE',  ( 24.21180890137915753, 1.000000000000000000, -2.836630331739329769 ) ) ;
#9305 = VECTOR ( 'NONE', #2161, 1000.000000000000000 ) ;
#9306 = LINE ( 'NONE', #5552, #9927 ) ;
#9307 = DIRECTION ( 'NONE',  ( -1.000000000000000000, -0.000000000000000000, -0.000000000000000000 ) ) ;
#9308 = VECTOR ( 'NONE', #10254, 1000.000000000000000 ) ;
#9309 = EDGE_CURVE ( 'NONE', #11864, #4178, #4140, .T. ) ;
#9310 = CARTESIAN_POINT ( 'NONE',  ( 1.499999999999999778, 1.000000000000000000, -4.040753535442245692 ) ) ;
#9311 = CARTESIAN_POINT ( 'NONE',  ( 37.56771335206873630, 0.4999999999999978351, -2.240753535442228106 ) ) ;
#9312 = EDGE_CURVE ( 'NONE', #9038, #3759, #9028, .T. ) ;
#9313 = CARTESIAN_POINT ( 'NONE',  ( 27.21180890137913622, 1.191234876072140292, -5.242434171922443653 ) ) ;
#9314 = DIRECTION ( 'NONE',  ( 1.894180325222886620E-15, 0.9625068420560822791, 0.2712574035768015590 ) ) ;
#9315 = VECTOR ( 'NONE', #6132, 1000.000000000000114 ) ;
#9316 = ORIENTED_EDGE ( 'NONE', *, *, #3772, .T. ) ;
#9317 = VERTEX_POINT ( 'NONE', #4270 ) ;
#9318 = VECTOR ( 'NONE', #8470, 1000.000000000000000 ) ;
#9319 = VERTEX_POINT ( 'NONE', #3748 ) ;
#9320 = ORIENTED_EDGE ( 'NONE', *, *, #12369, .T. ) ;
#9321 = DIRECTION ( 'NONE',  ( -0.000000000000000000, -1.000000000000000000, 0.000000000000000000 ) ) ;
#9322 = EDGE_LOOP ( 'NONE', ( #2662, #11164, #4909, #6591 ) ) ;
#9323 = CARTESIAN_POINT ( 'NONE',  ( 35.61200800899757724, 0.7834631812238953552, -0.6072026154634240225 ) ) ;
#9324 = EDGE_CURVE ( 'NONE', #8173, #2445, #4688, .T. ) ;
#9325 = VECTOR ( 'NONE', #1243, 1000.000000000000000 ) ;
#9326 = CIRCLE ( 'NONE', #4728, 2.000000000000000000 ) ;
#9327 = CARTESIAN_POINT ( 'NONE',  ( 35.78241186850554811, 1.399999999999999911, -2.240753535442245425 ) ) ;
#9328 = FACE_OUTER_BOUND ( 'NONE', #8828, .T. ) ;
#9329 = VECTOR ( 'NONE', #7808, 1000.000000000000000 ) ;
#9330 = EDGE_CURVE ( 'NONE', #9500, #4929, #10917, .T. ) ;
#9331 = PLANE ( 'NONE',  #11786 ) ;
#9332 = PLANE ( 'NONE',  #980 ) ;
#9333 = ORIENTED_EDGE ( 'NONE', *, *, #7132, .T. ) ;
#9334 = ORIENTED_EDGE ( 'NONE', *, *, #796, .T. ) ;
#9335 = FACE_OUTER_BOUND ( 'NONE', #9752, .T. ) ;
#9336 = VERTEX_POINT ( 'NONE', #10983 ) ;
#9337 = VECTOR ( 'NONE', #3971, 1000.000000000000000 ) ;
#9338 = CARTESIAN_POINT ( 'NONE',  ( 17.65839395892772501, 8.971790744797411896E-16, -5.900668485670307106 ) ) ;
#9339 = ORIENTED_EDGE ( 'NONE', *, *, #12265, .T. ) ;
#9340 = CARTESIAN_POINT ( 'NONE',  ( 25.71180890137914687, 2.000000000000000000, 1.739099631177264182 ) ) ;
#9341 = LINE ( 'NONE', #8395, #9629 ) ;
#9342 = PLANE ( 'NONE',  #10374 ) ;
#9343 = EDGE_CURVE ( 'NONE', #5199, #7671, #748, .T. ) ;
#9344 = PRODUCT_DEFINITION ( 'ๆ', '', #1395, #7411 ) ;
#9345 = CARTESIAN_POINT ( 'NONE',  ( 19.92650741781594803, 1.115317123975225755, -5.263824959924734870 ) ) ;
#9346 = VECTOR ( 'NONE', #9605, 1000.000000000000000 ) ;
#9347 = CARTESIAN_POINT ( 'NONE',  ( 2.785301483563190850, 1.000000000000000000, 2.799999999999999822 ) ) ;
#9349 = EDGE_CURVE ( 'NONE', #7875, #6915, #7210, .T. ) ;
#9348 = CARTESIAN_POINT ( 'NONE',  ( 15.64120593425276340, 0.000000000000000000, 0.1662919268571576570 ) ) ;
#9350 = DIRECTION ( 'NONE',  ( 0.6427876096865409172, -0.000000000000000000, 0.7660444431189766812 ) ) ;
#9351 = PLANE ( 'NONE',  #5588 ) ;
#9352 = ORIENTED_EDGE ( 'NONE', *, *, #11118, .F. ) ;
#9353 = ORIENTED_EDGE ( 'NONE', *, *, #11035, .T. ) ;
#9354 = VECTOR ( 'NONE', #10453, 1000.000000000000000 ) ;
#9355 = LINE ( 'NONE', #4533, #4895 ) ;
#9356 = DIRECTION ( 'NONE',  ( -1.355252715606880543E-16, -1.000000000000000000, 0.000000000000000000 ) ) ;
#9357 = DIRECTION ( 'NONE',  ( 5.626621160408424545E-15, -0.5735764363510473807, 0.8191520442889909104 ) ) ;
#9358 = DIRECTION ( 'NONE',  ( -7.335912872304331086E-17, 0.7660444431189772363, 0.6427876096865402511 ) ) ;
#9359 = EDGE_CURVE ( 'NONE', #6002, #11922, #2946, .T. ) ;
#9360 = VECTOR ( 'NONE', #8906, 1000.000000000000000 ) ;
#9361 = CARTESIAN_POINT ( 'NONE',  ( 18.64120593425276695, 0.9534028740753672793, 2.799999999999999822 ) ) ;
#9362 = ADVANCED_FACE ( 'NONE', ( #5205 ), #5266, .F. ) ;
#9363 = EDGE_LOOP ( 'NONE', ( #1390, #7733, #8158, #126 ) ) ;
#9364 = EDGE_CURVE ( 'NONE', #5244, #8171, #588, .T. ) ;
#9365 = DIRECTION ( 'NONE',  ( -1.000000000000000000, 0.000000000000000000, 0.000000000000000000 ) ) ;
#9366 = VECTOR ( 'NONE', #121, 1000.000000000000000 ) ;
#9367 = CARTESIAN_POINT ( 'NONE',  ( 35.02927151392295713, 0.4000000000000000222, -1.000000000000000000 ) ) ;
#9368 = ORIENTED_EDGE ( 'NONE', *, *, #526, .T. ) ;
#9369 = EDGE_LOOP ( 'NONE', ( #10352, #7989, #4531, #12084 ) ) ;
#9370 = VERTEX_POINT ( 'NONE', #507 ) ;
#9371 =( BOUNDED_CURVE ( )  B_SPLINE_CURVE ( 3, ( #2395, #812, #9323, #6203 ),
 .UNSPECIFIED., .F., .F. ) 
 B_SPLINE_CURVE_WITH_KNOTS ( ( 4, 4 ),
 ( 0.8726646259971616582, 1.198269360942234352 ),
 .UNSPECIFIED. ) 
 CURVE ( )  GEOMETRIC_REPRESENTATION_ITEM ( )  RATIONAL_B_SPLINE_CURVE ( ( 1.000000000000000000, 0.9911846262163771515, 0.9911846262163771515, 1.000000000000000000 ) ) 
 REPRESENTATION_ITEM ( '' )  );
#9372 = DIRECTION ( 'NONE',  ( -0.000000000000000000, -1.000000000000000000, 0.000000000000000000 ) ) ;
#9373 = DIRECTION ( 'NONE',  ( -0.7660444431189811221, 0.000000000000000000, -0.6427876096865355882 ) ) ;
#9374 = LINE ( 'NONE', #5361, #4937 ) ;
#9375 = VECTOR ( 'NONE', #7648, 1000.000000000000114 ) ;
#9376 = FACE_OUTER_BOUND ( 'NONE', #1158, .T. ) ;
#9377 = VECTOR ( 'NONE', #9189, 1000.000000000000000 ) ;
#9378 = LINE ( 'NONE', #4616, #10235 ) ;
#9379 = LINE ( 'NONE', #6552, #5572 ) ;
#9380 = DIRECTION ( 'NONE',  ( -0.6427876096865463573, -0.000000000000000000, -0.7660444431189722403 ) ) ;
#9381 = DIRECTION ( 'NONE',  ( -1.000000000000000000, 0.000000000000000000, -1.141265444721583757E-16 ) ) ;
#9382 = VECTOR ( 'NONE', #5986, 1000.000000000000000 ) ;
#9383 = CARTESIAN_POINT ( 'NONE',  ( 5.785301483563203284, 1.000000000000000000, -2.240753535442245425 ) ) ;
#9384 = VERTEX_POINT ( 'NONE', #2452 ) ;
#9385 = VERTEX_POINT ( 'NONE', #7441 ) ;
#9386 = AXIS2_PLACEMENT_3D ( 'NONE', #1767, #1015, #11619 ) ;
#9387 = EDGE_LOOP ( 'NONE', ( #11924, #5880, #3591, #385 ) ) ;
#9388 = ORIENTED_EDGE ( 'NONE', *, *, #9909, .T. ) ;
#9389 = DIRECTION ( 'NONE',  ( 0.000000000000000000, -1.000000000000000000, -0.000000000000000000 ) ) ;
#9390 = ORIENTED_EDGE ( 'NONE', *, *, #3454, .T. ) ;
#9391 = CARTESIAN_POINT ( 'NONE',  ( 39.31457299748615242, 0.000000000000000000, -1.000000000000000000 ) ) ;
#9392 = VECTOR ( 'NONE', #11506, 1000.000000000000000 ) ;
#9393 = CARTESIAN_POINT ( 'NONE',  ( 22.17336706323339257, 0.4000000000000000222, -2.240753535442240096 ) ) ;
#9394 = CARTESIAN_POINT ( 'NONE',  ( 28.49711038494233861, 1.000000000000000000, 2.799999999999999822 ) ) ;
#9395 = CARTESIAN_POINT ( 'NONE',  ( 35.78241186850553390, 0.000000000000000000, -0.2337080731428448355 ) ) ;
#9396 = ORIENTED_EDGE ( 'NONE', *, *, #10392, .T. ) ;
#9397 = ORIENTED_EDGE ( 'NONE', *, *, #7208, .T. ) ;
#9398 = LINE ( 'NONE', #7452, #8510 ) ;
#9399 = VERTEX_POINT ( 'NONE', #11658 ) ;
#9400 = EDGE_CURVE ( 'NONE', #12212, #5214, #2936, .T. ) ;
#9401 = CARTESIAN_POINT ( 'NONE',  ( -1.500000000000000444, 1.499358225474672235, 1.300000000000000044 ) ) ;
#9402 = ORIENTED_EDGE ( 'NONE', *, *, #3617, .T. ) ;
#9403 = CARTESIAN_POINT ( 'NONE',  ( 2.785301483563190850, 0.06443263463840748217, 0.1149657687835883013 ) ) ;
#9404 = CARTESIAN_POINT ( 'NONE',  ( 5.785301483563180192, 8.673617379884035472E-16, -5.578152595329383345 ) ) ;
#9405 = CARTESIAN_POINT ( 'NONE',  ( 33.72702821672842788, 1.399999999999831823, -5.423416779412474575 ) ) ;
#9406 = CARTESIAN_POINT ( 'NONE',  ( 2.785301483563191294, 0.8628211600346445964, -0.4041232037028950064 ) ) ;
#9407 = DIRECTION ( 'NONE',  ( 0.000000000000000000, -0.000000000000000000, -1.000000000000000000 ) ) ;
#9408 = CARTESIAN_POINT ( 'NONE',  ( 5.785301483563191738, 2.000000000000000000, 2.799999999999999822 ) ) ;
#9409 = DIRECTION ( 'NONE',  ( -6.982962677686266711E-15, 0.000000000000000000, -1.000000000000000000 ) ) ;
#9410 = EDGE_CURVE ( 'NONE', #2928, #11993, #117, .T. ) ;
#9411 = CARTESIAN_POINT ( 'NONE',  ( 20.36506843619492457, 0.5614389816210439976, -2.313973662514438256 ) ) ;
#9412 = CARTESIAN_POINT ( 'NONE',  ( 39.56771335206872919, 0.4999999999999978351, -1.000000000000000000 ) ) ;
#9413 = EDGE_CURVE ( 'NONE', #8170, #1316, #11532, .T. ) ;
#9414 = EDGE_LOOP ( 'NONE', ( #11868, #383, #1067, #6781 ) ) ;
#9415 = VERTEX_POINT ( 'NONE', #1933 ) ;
#9416 = FACE_OUTER_BOUND ( 'NONE', #6321, .T. ) ;
#9417 = CARTESIAN_POINT ( 'NONE',  ( 5.785301483563181968, 1.103464666456457577, -5.267169912107815044 ) ) ;
#9418 = DIRECTION ( 'NONE',  ( 0.000000000000000000, -0.6427876096865358102, 0.7660444431189811221 ) ) ;
#9419 = CARTESIAN_POINT ( 'NONE',  ( 4.632161128980621712, 0.000000000000000000, -2.240753535442237432 ) ) ;
#9420 = CARTESIAN_POINT ( 'NONE',  ( 14.11351891291164229, 1.400000000000000133, -4.945931956424546527 ) ) ;
#9421 = ORIENTED_EDGE ( 'NONE', *, *, #7605, .T. ) ;
#9422 = DIRECTION ( 'NONE',  ( 0.000000000000000000, 0.000000000000000000, 1.000000000000000000 ) ) ;
#9423 = LINE ( 'NONE', #4668, #4196 ) ;
#9424 = ORIENTED_EDGE ( 'NONE', *, *, #4968, .F. ) ;
#9425 = ORIENTED_EDGE ( 'NONE', *, *, #4954, .T. ) ;
#9426 = ORIENTED_EDGE ( 'NONE', *, *, #3347, .T. ) ;
#9427 = EDGE_CURVE ( 'NONE', #8004, #249, #8550, .T. ) ;
#9428 = CARTESIAN_POINT ( 'NONE',  ( 11.82940566926506598, 1.400000000000000355, -5.031499608973302173 ) ) ;
#9429 = CARTESIAN_POINT ( 'NONE',  ( 37.06771335206872209, 1.499358225474672235, 1.300000000000000044 ) ) ;
#9430 = CARTESIAN_POINT ( 'NONE',  ( 22.92650741781595869, 1.000000000000000000, -1.000000000000000000 ) ) ;
#9431 = VECTOR ( 'NONE', #6189, 1000.000000000000000 ) ;
#9432 = FACE_OUTER_BOUND ( 'NONE', #11577, .T. ) ;
#9433 = EDGE_CURVE ( 'NONE', #7306, #6949, #1059, .T. ) ;
#9434 = VECTOR ( 'NONE', #4948, 1000.000000000000000 ) ;
#9435 = CARTESIAN_POINT ( 'NONE',  ( 26.45866854679657720, 0.000000000000000000, -2.240753535442240096 ) ) ;
#9436 = DIRECTION ( 'NONE',  ( -1.000000000000000000, -0.000000000000000000, 1.141265444721583757E-16 ) ) ;
#9437 = LINE ( 'NONE', #11272, #11125 ) ;
#9438 = PLANE ( 'NONE',  #6323 ) ;
#9439 = LINE ( 'NONE', #4865, #8984 ) ;
#9441 = ORIENTED_EDGE ( 'NONE', *, *, #1735, .T. ) ;
#9440 = VECTOR ( 'NONE', #7299, 1000.000000000000000 ) ;
#9442 = VERTEX_POINT ( 'NONE', #6757 ) ;
#9443 = ORIENTED_EDGE ( 'NONE', *, *, #5616, .T. ) ;
#9444 = VECTOR ( 'NONE', #9357, 1000.000000000000114 ) ;
#9445 = VERTEX_POINT ( 'NONE', #8629 ) ;
#9446 = CARTESIAN_POINT ( 'NONE',  ( 3.941586589143147190, 0.000000000000000000, -2.240753535442232547 ) ) ;
#9447 = ORIENTED_EDGE ( 'NONE', *, *, #9081, .T. ) ;
#9448 = EDGE_CURVE ( 'NONE', #2799, #1430, #59, .T. ) ;
#9449 = CARTESIAN_POINT ( 'NONE',  ( 40.06771335206871498, 1.191234876072140292, -5.242434171922442765 ) ) ;
#9450 = EDGE_CURVE ( 'NONE', #6592, #2873, #1953, .T. ) ;
#9451 = CARTESIAN_POINT ( 'NONE',  ( 15.64120593425275629, 1.399999999999999911, -4.858572962426980446 ) ) ;
#9452 = CARTESIAN_POINT ( 'NONE',  ( 39.08490137674368015, 8.971790744797411896E-16, -5.900668485670307106 ) ) ;
#9453 = CARTESIAN_POINT ( 'NONE',  ( 27.21180890137915043, 0.4000000000000000222, 0.1662919268571563525 ) ) ;
#9454 = ORIENTED_EDGE ( 'NONE', *, *, #12335, .F. ) ;
#9455 = VERTEX_POINT ( 'NONE', #5932 ) ;
#9456 = LINE ( 'NONE', #7386, #5515 ) ;
#9457 = ORIENTED_EDGE ( 'NONE', *, *, #1981, .T. ) ;
#9458 = DIRECTION ( 'NONE',  ( -0.000000000000000000, -0.000000000000000000, 1.000000000000000000 ) ) ;
#9459 = ORIENTED_EDGE ( 'NONE', *, *, #8048, .T. ) ;
#9460 = EDGE_CURVE ( 'NONE', #10911, #2503, #1999, .T. ) ;
#9461 = CARTESIAN_POINT ( 'NONE',  ( 11.35590445068958054, 0.000000000000000000, -2.836630331739329769 ) ) ;
#9462 = DIRECTION ( 'NONE',  ( 1.141265444721583757E-16, 0.000000000000000000, -1.000000000000000000 ) ) ;
#9463 = CARTESIAN_POINT ( 'NONE',  ( 15.64120593425275629, 1.191276127410974883, -5.242417899579847607 ) ) ;
#9464 = ADVANCED_FACE ( 'NONE', ( #8690 ), #3873, .F. ) ;
#9465 = CARTESIAN_POINT ( 'NONE',  ( 22.92650741781595869, 0.000000000000000000, -1.000000000000000000 ) ) ;
#9466 = CARTESIAN_POINT ( 'NONE',  ( 10.07060296712637104, 0.000000000000000000, -5.578152595329384233 ) ) ;
#9467 = EDGE_CURVE ( 'NONE', #5878, #9626, #7758, .T. ) ;
#9468 = DIRECTION ( 'NONE',  ( 0.000000000000000000, 0.000000000000000000, -1.000000000000000000 ) ) ;
#9469 = DIRECTION ( 'NONE',  ( 0.000000000000000000, 0.000000000000000000, 1.000000000000000000 ) ) ;
#9470 = CARTESIAN_POINT ( 'NONE',  ( 15.64120593425276340, 1.000000000000000000, -1.000000000000000000 ) ) ;
#9471 = ORIENTED_EDGE ( 'NONE', *, *, #11859, .F. ) ;
#9472 = FACE_OUTER_BOUND ( 'NONE', #7358, .T. ) ;
#9473 = ORIENTED_EDGE ( 'NONE', *, *, #8194, .T. ) ;
#9474 = EDGE_LOOP ( 'NONE', ( #11881, #6302, #10353, #2606 ) ) ;
#9475 = CARTESIAN_POINT ( 'NONE',  ( 0.000000000000000000, 1.000000000000000000, 0.000000000000000000 ) ) ;
#9476 = DIRECTION ( 'NONE',  ( 0.000000000000000000, -1.000000000000000000, 0.000000000000000000 ) ) ;
#9477 = FACE_OUTER_BOUND ( 'NONE', #8176, .T. ) ;
#9478 = CARTESIAN_POINT ( 'NONE',  ( 1.623012101483557235, 1.400000000000000133, -5.141473183975623584 ) ) ;
#9479 = EDGE_CURVE ( 'NONE', #2674, #7374, #4936, .T. ) ;
#9480 = ADVANCED_FACE ( 'NONE', ( #7816 ), #6624, .F. ) ;
#9481 = LINE ( 'NONE', #12205, #7717 ) ;
#9482 = ORIENTED_EDGE ( 'NONE', *, *, #1280, .T. ) ;
#9483 = CARTESIAN_POINT ( 'NONE',  ( 24.21180890137914687, 0.06443263463840748217, 0.1149657687835883013 ) ) ;
#9484 = LINE ( 'NONE', #2659, #1194 ) ;
#9485 = ORIENTED_EDGE ( 'NONE', *, *, #11634, .F. ) ;
#9486 = EDGE_LOOP ( 'NONE', ( #921, #6682, #4640, #1741 ) ) ;
#9487 = ORIENTED_EDGE ( 'NONE', *, *, #8956, .F. ) ;
#9488 = CARTESIAN_POINT ( 'NONE',  ( 11.82381556445162119, 0.5320888862379536954, -0.9617579545435693822 ) ) ;
#9489 = CARTESIAN_POINT ( 'NONE',  ( 25.71180890137915043, 1.399999999999999911, -3.240753535442235211 ) ) ;
#9490 = FACE_OUTER_BOUND ( 'NONE', #6284, .T. ) ;
#9491 = CARTESIAN_POINT ( 'NONE',  ( 8.226888072706337596, 0.000000000000000000, -1.000000000000000000 ) ) ;
#9492 = CARTESIAN_POINT ( 'NONE',  ( -1.500000000000000000, 1.000000000000000000, -0.4041232037028950064 ) ) ;
#9493 = DIRECTION ( 'NONE',  ( 7.211793519376912441E-15, 0.000000000000000000, 1.000000000000000000 ) ) ;
#9494 = EDGE_CURVE ( 'NONE', #5722, #5287, #3813, .T. ) ;
#9495 = CARTESIAN_POINT ( 'NONE',  ( 0.7468596454174356580, 0.4000000000000000222, -2.240753535442240096 ) ) ;
#9496 = LINE ( 'NONE', #859, #4729 ) ;
#9497 = ADVANCED_FACE ( 'NONE', ( #4999 ), #10644, .F. ) ;
#9498 = CARTESIAN_POINT ( 'NONE',  ( 38.50000000000001421, 0.4000000000000000222, 0.1662919268571550480 ) ) ;
#9499 = ORIENTED_EDGE ( 'NONE', *, *, #5873, .T. ) ;
#9500 = VERTEX_POINT ( 'NONE', #928 ) ;
#9501 = ORIENTED_EDGE ( 'NONE', *, *, #5508, .T. ) ;
#9502 = VERTEX_POINT ( 'NONE', #4750 ) ;
#9503 = FACE_OUTER_BOUND ( 'NONE', #7051, .T. ) ;
#9504 = ORIENTED_EDGE ( 'NONE', *, *, #5179, .F. ) ;
#9505 = DIRECTION ( 'NONE',  ( 0.000000000000000000, 0.000000000000000000, -1.000000000000000000 ) ) ;
#9506 = CARTESIAN_POINT ( 'NONE',  ( 38.56771335206872209, 1.000000000000000000, 0.8999999999999921396 ) ) ;
#9507 = CARTESIAN_POINT ( 'NONE',  ( 10.07060296712638348, 0.000000000000000000, -0.2337080731428418934 ) ) ;
#9508 = AXIS2_PLACEMENT_3D ( 'NONE', #7960, #10403, #5639 ) ;
#9509 = EDGE_CURVE ( 'NONE', #11386, #571, #9690, .T. ) ;
#9510 = AXIS2_PLACEMENT_3D ( 'NONE', #7954, #11802, #3200 ) ;
#9511 = DIRECTION ( 'NONE',  ( -6.868836133214108557E-15, 0.000000000000000000, -1.000000000000000000 ) ) ;
#9512 = VECTOR ( 'NONE', #1229, 1000.000000000000000 ) ;
#9513 = EDGE_CURVE ( 'NONE', #2863, #11195, #182, .T. ) ;
#9514 = ORIENTED_EDGE ( 'NONE', *, *, #5367, .T. ) ;
#9515 = ORIENTED_EDGE ( 'NONE', *, *, #4663, .T. ) ;
#9516 = EDGE_CURVE ( 'NONE', #12240, #8015, #6686, .T. ) ;
#9517 = ORIENTED_EDGE ( 'NONE', *, *, #9586, .T. ) ;
#9518 = ORIENTED_EDGE ( 'NONE', *, *, #2815, .T. ) ;
#9519 = CARTESIAN_POINT ( 'NONE',  ( 15.64120593425277761, 1.399999999999999911, -2.240753535442224553 ) ) ;
#9520 = ORIENTED_EDGE ( 'NONE', *, *, #8537, .F. ) ;
#9521 = VECTOR ( 'NONE', #3665, 1000.000000000000000 ) ;
#9522 = VECTOR ( 'NONE', #1192, 1000.000000000000000 ) ;
#9523 = VECTOR ( 'NONE', #7413, 1000.000000000000000 ) ;
#9524 = LINE ( 'NONE', #1011, #3225 ) ;
#9525 = CARTESIAN_POINT ( 'NONE',  ( 32.78241186850551969, 1.115317123975225755, -5.263824959924735758 ) ) ;
#9526 = CARTESIAN_POINT ( 'NONE',  ( 35.38501984873887807, 1.400000000001064393, -5.327909680989139751 ) ) ;
#9527 = DIRECTION ( 'NONE',  ( 0.7660444431189722403, -0.000000000000000000, -0.6427876096865462463 ) ) ;
#9528 = CARTESIAN_POINT ( 'NONE',  ( 24.21180890137915398, 1.000000000000000000, -3.007045462299398064 ) ) ;
#9530 = CARTESIAN_POINT ( 'NONE',  ( 24.21180890137914687, 0.000000000000000000, 0.1662919268571566578 ) ) ;
#9529 = VECTOR ( 'NONE', #2914, 1000.000000000000000 ) ;
#9531 = CARTESIAN_POINT ( 'NONE',  ( -1.172238603733830598, 0.6722386037338301534, -0.7947340252167951480 ) ) ;
#9532 = VECTOR ( 'NONE', #8303, 1000.000000000000000 ) ;
#9533 = FACE_OUTER_BOUND ( 'NONE', #7322, .T. ) ;
#9534 = ORIENTED_EDGE ( 'NONE', *, *, #7120, .T. ) ;
#9535 = CARTESIAN_POINT ( 'NONE',  ( 38.50000000000001421, 0.000000000000000000, -0.2337080731428451408 ) ) ;
#9536 = EDGE_CURVE ( 'NONE', #7669, #12143, #1297, .T. ) ;
#9537 = VERTEX_POINT ( 'NONE', #10830 ) ;
#9538 = VERTEX_POINT ( 'NONE', #11779 ) ;
#9539 = DIRECTION ( 'NONE',  ( 1.141265444721583757E-16, -2.710505431213761085E-16, 1.000000000000000000 ) ) ;
#9540 = DIRECTION ( 'NONE',  ( -1.000000000000000000, 0.000000000000000000, 0.000000000000000000 ) ) ;
#9541 = AXIS2_PLACEMENT_3D ( 'NONE', #8145, #6439, #7499 ) ;
#9542 = PLANE ( 'NONE',  #8646 ) ;
#9543 = DIRECTION ( 'NONE',  ( 0.6427876096865409172, -0.000000000000000000, -0.7660444431189766812 ) ) ;
#9544 = PLANE ( 'NONE',  #7112 ) ;
#9545 = LINE ( 'NONE', #8604, #1508 ) ;
#9546 = VECTOR ( 'NONE', #666, 999.9999999999998863 ) ;
#9547 = CARTESIAN_POINT ( 'NONE',  ( 22.92650741781595869, 0.4000000000000000222, 0.1662919268571568243 ) ) ;
#9548 = EDGE_CURVE ( 'NONE', #1941, #2992, #2156, .T. ) ;
#9549 = VERTEX_POINT ( 'NONE', #9937 ) ;
#9550 = ORIENTED_EDGE ( 'NONE', *, *, #191, .F. ) ;
#9551 = ORIENTED_EDGE ( 'NONE', *, *, #3082, .T. ) ;
#9552 = VERTEX_POINT ( 'NONE', #11840 ) ;
#9553 = DIRECTION ( 'NONE',  ( 1.000000000000000000, 0.000000000000000000, -6.982962677686266711E-15 ) ) ;
#9554 = FACE_OUTER_BOUND ( 'NONE', #939, .T. ) ;
#9555 = ADVANCED_FACE ( 'NONE', ( #10767 ), #8112, .F. ) ;
#9556 = CARTESIAN_POINT ( 'NONE',  ( 28.49711038494235282, 0.4999999999999978351, -2.240753535442224553 ) ) ;
#9557 = DIRECTION ( 'NONE',  ( -0.7660444431189811221, 0.000000000000000000, -0.6427876096865355882 ) ) ;
#9558 = VECTOR ( 'NONE', #4873, 1000.000000000000000 ) ;
#9559 = PLANE ( 'NONE',  #634 ) ;
#9560 = DIRECTION ( 'NONE',  ( 0.000000000000000000, 0.000000000000000000, 1.000000000000000000 ) ) ;
#9561 = AXIS2_PLACEMENT_3D ( 'NONE', #364, #4187, #8818 ) ;
#9562 = PLANE ( 'NONE',  #3111 ) ;
#9563 = DIRECTION ( 'NONE',  ( 0.000000000000000000, 1.000000000000000000, 0.000000000000000000 ) ) ;
#9564 = CARTESIAN_POINT ( 'NONE',  ( 9.570602967126392357, 1.000000000000000000, -2.240753535442241873 ) ) ;
#9565 = EDGE_LOOP ( 'NONE', ( #6403, #3740, #9794, #1002 ) ) ;
#9566 = EDGE_LOOP ( 'NONE', ( #9178, #9808, #7420, #10424 ) ) ;
#9567 = ORIENTED_EDGE ( 'NONE', *, *, #11640, .F. ) ;
#9568 = ORIENTED_EDGE ( 'NONE', *, *, #11092, .F. ) ;
#9569 = VECTOR ( 'NONE', #9228, 1000.000000000000114 ) ;
#9570 = AXIS2_PLACEMENT_3D ( 'NONE', #4618, #2793, #3801 ) ;
#9571 = FACE_OUTER_BOUND ( 'NONE', #2278, .T. ) ;
#9572 = EDGE_CURVE ( 'NONE', #4375, #4866, #7871, .T. ) ;
#9573 = ORIENTED_EDGE ( 'NONE', *, *, #1010, .F. ) ;
#9574 = DIRECTION ( 'NONE',  ( 0.5407162030609378167, 0.5407162030609377057, 0.6444004775717702138 ) ) ;
#9575 = DIRECTION ( 'NONE',  ( -7.097089222158424864E-15, 0.000000000000000000, -1.000000000000000000 ) ) ;
#9576 = CARTESIAN_POINT ( 'NONE',  ( 13.60276409610700377, 0.4000000000000000222, -3.000000000000000000 ) ) ;
#9577 = VECTOR ( 'NONE', #11362, 1000.000000000000000 ) ;
#9578 = CARTESIAN_POINT ( 'NONE',  ( 31.49711038494234217, 0.3999999999999999667, -3.407045462299400196 ) ) ;
#9579 = AXIS2_PLACEMENT_3D ( 'NONE', #1644, #2644, #2348 ) ;
#9580 = EDGE_LOOP ( 'NONE', ( #12096, #992, #9083, #6197 ) ) ;
#9581 = VERTEX_POINT ( 'NONE', #10061 ) ;
#9582 = ORIENTED_EDGE ( 'NONE', *, *, #11426, .F. ) ;
#9583 = ORIENTED_EDGE ( 'NONE', *, *, #590, .T. ) ;
#9584 = DIRECTION ( 'NONE',  ( 0.6427876096865409172, -0.000000000000000000, 0.7660444431189766812 ) ) ;
#9586 = EDGE_CURVE ( 'NONE', #8462, #7498, #8873, .T. ) ;
#9585 = ORIENTED_EDGE ( 'NONE', *, *, #3817, .F. ) ;
#9587 = AXIS2_PLACEMENT_3D ( 'NONE', #1389, #388, #2207 ) ;
#9588 = DIRECTION ( 'NONE',  ( 6.868836133214108557E-15, 0.000000000000000000, 1.000000000000000000 ) ) ;
#9589 = EDGE_CURVE ( 'NONE', #2736, #2261, #7902, .T. ) ;
#9590 = EDGE_CURVE ( 'NONE', #12024, #2463, #4184, .T. ) ;
#9591 = CARTESIAN_POINT ( 'NONE',  ( 27.21180890137915043, 2.000000000000000000, 1.739099631177264405 ) ) ;
#9592 = CARTESIAN_POINT ( 'NONE',  ( 31.49711038494233506, 0.06443263463840748217, 0.1149657687835883013 ) ) ;
#9593 = EDGE_CURVE ( 'NONE', #3592, #8823, #5237, .T. ) ;
#9594 = CARTESIAN_POINT ( 'NONE',  ( 0.7468596454174303290, 0.4000000000000000222, -2.240753535442239208 ) ) ;
#9595 = LINE ( 'NONE', #12310, #8375 ) ;
#9596 = VECTOR ( 'NONE', #7232, 1000.000000000000000 ) ;
#9597 = DIRECTION ( 'NONE',  ( -0.000000000000000000, -0.000000000000000000, 1.000000000000000000 ) ) ;
#9598 = CARTESIAN_POINT ( 'NONE',  ( 37.06771335206872209, 1.000000000000000000, -1.000000000000000000 ) ) ;
#9599 = DIRECTION ( 'NONE',  ( 0.000000000000000000, -0.000000000000000000, -1.000000000000000000 ) ) ;
#9600 = ORIENTED_EDGE ( 'NONE', *, *, #7255, .F. ) ;
#9601 = LINE ( 'NONE', #1204, #7598 ) ;
#9602 = ORIENTED_EDGE ( 'NONE', *, *, #11752, .F. ) ;
#9603 = VERTEX_POINT ( 'NONE', #1420 ) ;
#9604 = DIRECTION ( 'NONE',  ( -6.982962677686266711E-15, 0.000000000000000000, -1.000000000000000000 ) ) ;
#9605 = DIRECTION ( 'NONE',  ( -1.000000000000000000, -0.000000000000000000, 1.141265444721583757E-16 ) ) ;
#9606 = DIRECTION ( 'NONE',  ( 0.000000000000000000, 0.000000000000000000, -1.000000000000000000 ) ) ;
#9607 = DIRECTION ( 'NONE',  ( -1.000000000000000000, -0.000000000000000000, 1.141265444721583757E-16 ) ) ;
#9608 = PLANE ( 'NONE',  #5516 ) ;
#9609 = LINE ( 'NONE', #8728, #1141 ) ;
#9610 = LINE ( 'NONE', #5721, #8183 ) ;
#9611 = ORIENTED_EDGE ( 'NONE', *, *, #11493, .F. ) ;
#9612 = ORIENTED_EDGE ( 'NONE', *, *, #950, .T. ) ;
#9613 = VERTEX_POINT ( 'NONE', #9000 ) ;
#9614 = CARTESIAN_POINT ( 'NONE',  ( 13.95851243092322846, 1.400000000001288880, -5.327909680985338348 ) ) ;
#9615 = CARTESIAN_POINT ( 'NONE',  ( 12.11218955626952898, 0.4000000000000000222, -2.240753535442231215 ) ) ;
#9616 = LINE ( 'NONE', #38, #7532 ) ;
#9617 = CARTESIAN_POINT ( 'NONE',  ( 21.08279252339591281, 1.000000000000000222, -2.240753535442232547 ) ) ;
#9618 = DIRECTION ( 'NONE',  ( 6.868836133214108557E-15, 0.000000000000000000, 1.000000000000000000 ) ) ;
#9619 = EDGE_CURVE ( 'NONE', #2863, #2604, #11015, .T. ) ;
#9620 = CARTESIAN_POINT ( 'NONE',  ( 19.92650741781595158, 1.399999999999999911, -4.858572962426980446 ) ) ;
#9621 = DIRECTION ( 'NONE',  ( 0.000000000000000000, -0.6427876096865358102, 0.7660444431189811221 ) ) ;
#9622 = ADVANCED_FACE ( 'NONE', ( #10886 ), #3113, .F. ) ;
#9623 = DIRECTION ( 'NONE',  ( 0.000000000000000000, -1.000000000000000000, 0.000000000000000000 ) ) ;
#9624 = DIRECTION ( 'NONE',  ( -1.000000000000000000, -0.000000000000000000, 1.141265444721583757E-16 ) ) ;
#9625 = ORIENTED_EDGE ( 'NONE', *, *, #3238, .F. ) ;
#9626 = VERTEX_POINT ( 'NONE', #1479 ) ;
#9627 = ORIENTED_EDGE ( 'NONE', *, *, #3299, .T. ) ;
#9628 = ORIENTED_EDGE ( 'NONE', *, *, #9413, .T. ) ;
#9629 = VECTOR ( 'NONE', #10340, 1000.000000000000000 ) ;
#9630 = DIRECTION ( 'NONE',  ( -1.141265444721583757E-16, -0.000000000000000000, -1.000000000000000000 ) ) ;
#9631 = ORIENTED_EDGE ( 'NONE', *, *, #2440, .F. ) ;
#9632 = AXIS2_PLACEMENT_3D ( 'NONE', #556, #4382, #10494 ) ;
#9633 = DIRECTION ( 'NONE',  ( 1.000000000000000000, 0.000000000000000000, 0.000000000000000000 ) ) ;
#9634 = CARTESIAN_POINT ( 'NONE',  ( 27.21180890137916109, 1.000000000000000000, -2.240753535442245425 ) ) ;
#9635 = CARTESIAN_POINT ( 'NONE',  ( 17.14121301427386967, 0.000000000000000000, -1.007180904292219514 ) ) ;
#9636 = ADVANCED_FACE ( 'NONE', ( #4298 ), #2297, .F. ) ;
#9637 = CARTESIAN_POINT ( 'NONE',  ( 0.000000000000000000, 2.000000000000000000, 0.000000000000000000 ) ) ;
#9638 = VECTOR ( 'NONE', #2808, 1000.000000000000114 ) ;
#9639 = EDGE_CURVE ( 'NONE', #6545, #2828, #10951, .T. ) ;
#9640 = AXIS2_PLACEMENT_3D ( 'NONE', #9031, #6204, #1578 ) ;
#9641 = ORIENTED_EDGE ( 'NONE', *, *, #949, .T. ) ;
#9642 = VERTEX_POINT ( 'NONE', #6173 ) ;
#9643 = EDGE_LOOP ( 'NONE', ( #1744, #6633, #10960, #7200 ) ) ;
#9644 = ORIENTED_EDGE ( 'NONE', *, *, #11827, .T. ) ;
#9645 = CARTESIAN_POINT ( 'NONE',  ( 38.91457299748616094, 0.4000000000000000222, -2.240753535442239208 ) ) ;
#9646 = ORIENTED_EDGE ( 'NONE', *, *, #7029, .T. ) ;
#9647 = VECTOR ( 'NONE', #2017, 1000.000000000000000 ) ;
#9648 = FACE_OUTER_BOUND ( 'NONE', #10098, .T. ) ;
#9649 = FACE_OUTER_BOUND ( 'NONE', #10620, .T. ) ;
#9650 = LINE ( 'NONE', #10662, #10170 ) ;
#9651 = PLANE ( 'NONE',  #2840 ) ;
#9652 = DIRECTION ( 'NONE',  ( 0.000000000000000000, 1.000000000000000000, 0.000000000000000000 ) ) ;
#9653 = EDGE_CURVE ( 'NONE', #1123, #1055, #9812, .T. ) ;
#9654 = VERTEX_POINT ( 'NONE', #6234 ) ;
#9655 = DIRECTION ( 'NONE',  ( -1.000000000000000000, -0.000000000000000000, -0.000000000000000000 ) ) ;
#9656 = ORIENTED_EDGE ( 'NONE', *, *, #1087, .F. ) ;
#9657 = DIRECTION ( 'NONE',  ( 1.141265444721583757E-16, 0.000000000000000000, -1.000000000000000000 ) ) ;
#9658 = ORIENTED_EDGE ( 'NONE', *, *, #6707, .F. ) ;
#9659 = ORIENTED_EDGE ( 'NONE', *, *, #7409, .T. ) ;
#9660 = CARTESIAN_POINT ( 'NONE',  ( 9.081025719431053744, 1.400000000000000133, -5.098382031700254835 ) ) ;
#9661 = LINE ( 'NONE', #8784, #148 ) ;
#9662 = CARTESIAN_POINT ( 'NONE',  ( 28.49711038494233861, -6.188600123368013716E-31, -0.2337080731428440028 ) ) ;
#9663 = DIRECTION ( 'NONE',  ( -6.868836133214109346E-15, 0.000000000000000000, -1.000000000000000000 ) ) ;
#9664 = ADVANCED_FACE ( 'NONE', ( #6053 ), #7115, .F. ) ;
#9665 = CARTESIAN_POINT ( 'NONE',  ( 38.50000000000001421, 0.000000000000000000, 0.1662919268571550480 ) ) ;
#9666 = CARTESIAN_POINT ( 'NONE',  ( 12.11218955626952898, 0.3999999999999999667, -1.000000000000000000 ) ) ;
#9667 = DIRECTION ( 'NONE',  ( -6.868836133214109346E-15, 0.000000000000000000, -1.000000000000000000 ) ) ;
#9669 = EDGE_CURVE ( 'NONE', #11471, #12223, #9998, .T. ) ;
#9668 = ORIENTED_EDGE ( 'NONE', *, *, #9014, .T. ) ;
#9670 = ADVANCED_FACE ( 'NONE', ( #3427 ), #5553, .F. ) ;
#9671 = ORIENTED_EDGE ( 'NONE', *, *, #3347, .F. ) ;
#9672 = ORIENTED_EDGE ( 'NONE', *, *, #8328, .F. ) ;
#9673 = LINE ( 'NONE', #3912, #9887 ) ;
#9674 = DIRECTION ( 'NONE',  ( -1.141265444721583757E-16, 0.000000000000000000, 1.000000000000000000 ) ) ;
#9675 = CARTESIAN_POINT ( 'NONE',  ( 22.92650741781596224, 0.3999999999999999667, -3.407045462299400196 ) ) ;
#9676 = FACE_OUTER_BOUND ( 'NONE', #8751, .T. ) ;
#9677 = LINE ( 'NONE', #6740, #2748 ) ;
#9678 = FACE_OUTER_BOUND ( 'NONE', #1867, .T. ) ;
#9679 = CARTESIAN_POINT ( 'NONE',  ( 20.40000863639134465, 1.400000000000000355, -5.031499608971774506 ) ) ;
#9680 = PLANE ( 'NONE',  #3504 ) ;
#9681 = PLANE ( 'NONE',  #2722 ) ;
#9682 = DIRECTION ( 'NONE',  ( 1.000000000000000000, -0.000000000000000000, -0.000000000000000000 ) ) ;
#9683 = EDGE_LOOP ( 'NONE', ( #5388, #6556, #12125, #7835 ) ) ;
#9684 = VERTEX_POINT ( 'NONE', #12278 ) ;
#9685 = VERTEX_POINT ( 'NONE', #2610 ) ;
#9686 = ORIENTED_EDGE ( 'NONE', *, *, #3585, .T. ) ;
#9687 = EDGE_CURVE ( 'NONE', #2527, #12413, #3485, .T. ) ;
#9688 = CARTESIAN_POINT ( 'NONE',  ( 3.258802702138145602, 1.400000000000000355, -5.031499608972940685 ) ) ;
#9689 = ORIENTED_EDGE ( 'NONE', *, *, #6281, .F. ) ;
#9690 = LINE ( 'NONE', #8566, #3152 ) ;
#9691 = EDGE_CURVE ( 'NONE', #2177, #8004, #8297, .T. ) ;
#9692 = FACE_OUTER_BOUND ( 'NONE', #4932, .T. ) ;
#9693 =( BOUNDED_CURVE ( )  B_SPLINE_CURVE ( 3, ( #857, #11271, #4677, #8300 ),
 .UNSPECIFIED., .F., .F. ) 
 B_SPLINE_CURVE_WITH_KNOTS ( ( 4, 4 ),
 ( 0.8726646259971631014, 1.198269360942234352 ),
 .UNSPECIFIED. ) 
 CURVE ( )  GEOMETRIC_REPRESENTATION_ITEM ( )  RATIONAL_B_SPLINE_CURVE ( ( 1.000000000000000000, 0.9911846262163772625, 0.9911846262163772625, 1.000000000000000000 ) ) 
 REPRESENTATION_ITEM ( '' )  );
#9694 = CARTESIAN_POINT ( 'NONE',  ( 1.500000000000000444, 0.000000000000000000, 1.999999999999997335 ) ) ;
#9695 = AXIS2_PLACEMENT_3D ( 'NONE', #97, #6737, #1098 ) ;
#9696 = ORIENTED_EDGE ( 'NONE', *, *, #8628, .F. ) ;
#9697 = ORIENTED_EDGE ( 'NONE', *, *, #3084, .T. ) ;
#9698 = ORIENTED_EDGE ( 'NONE', *, *, #2458, .T. ) ;
#9699 = VERTEX_POINT ( 'NONE', #12218 ) ;
#9700 = EDGE_CURVE ( 'NONE', #3289, #8123, #1797, .T. ) ;
#9701 = CARTESIAN_POINT ( 'NONE',  ( 18.24381391448711298, 1.400000000000840350, -5.327909680984387109 ) ) ;
#9702 = ORIENTED_EDGE ( 'NONE', *, *, #5957, .T. ) ;
#9703 = DIRECTION ( 'NONE',  ( 0.000000000000000000, 0.000000000000000000, -1.000000000000000000 ) ) ;
#9704 = ADVANCED_FACE ( 'NONE', ( #3549 ), #6291, .F. ) ;
#9705 = VECTOR ( 'NONE', #8287, 1000.000000000000000 ) ;
#9706 = CARTESIAN_POINT ( 'NONE',  ( 34.62927151392296565, 0.000000000000000000, -3.000000000000000000 ) ) ;
#9707 = DIRECTION ( 'NONE',  ( 7.097089222158425653E-15, -0.000000000000000000, 1.000000000000000000 ) ) ;
#9708 = VECTOR ( 'NONE', #11126, 1000.000000000000000 ) ;
#9709 = DIRECTION ( 'NONE',  ( -1.000000000000000000, 0.000000000000000000, 0.000000000000000000 ) ) ;
#9710 = CARTESIAN_POINT ( 'NONE',  ( 1.500000000000000444, 0.9534028740753672793, 2.799999999999999822 ) ) ;
#9711 = ORIENTED_EDGE ( 'NONE', *, *, #7222, .T. ) ;
#9712 = ORIENTED_EDGE ( 'NONE', *, *, #7727, .F. ) ;
#9713 = DIRECTION ( 'NONE',  ( -0.000000000000000000, -0.000000000000000000, 1.000000000000000000 ) ) ;
#9714 = ORIENTED_EDGE ( 'NONE', *, *, #1532, .F. ) ;
#9715 = CARTESIAN_POINT ( 'NONE',  ( 37.06771335206872919, 0.000000000000000000, -3.407045462299399752 ) ) ;
#9716 = AXIS2_PLACEMENT_3D ( 'NONE', #1831, #8403, #7589 ) ;
#9717 = VECTOR ( 'NONE', #5540, 1000.000000000000000 ) ;
#9718 = ORIENTED_EDGE ( 'NONE', *, *, #4768, .F. ) ;
#9719 = ORIENTED_EDGE ( 'NONE', *, *, #11987, .F. ) ;
#9720 = CARTESIAN_POINT ( 'NONE',  ( 38.50000000000001421, 0.4000000000000000222, -3.407045462299400196 ) ) ;
#9721 = CARTESIAN_POINT ( 'NONE',  ( 17.14120593425276340, 1.000000000000000000, 0.8999999999999921396 ) ) ;
#9722 = ADVANCED_FACE ( 'NONE', ( #9376 ), #5427, .F. ) ;
#9723 = DIRECTION ( 'NONE',  ( -6.868836133214109346E-15, 0.000000000000000000, -1.000000000000000000 ) ) ;
#9724 = CARTESIAN_POINT ( 'NONE',  ( 2.785301483563190850, 2.000000000000000000, 2.799999999999999822 ) ) ;
#9726 = EDGE_CURVE ( 'NONE', #11760, #1816, #7484, .T. ) ;
#9725 = VECTOR ( 'NONE', #7755, 1000.000000000000000 ) ;
#9727 = AXIS2_PLACEMENT_3D ( 'NONE', #1955, #7061, #2303 ) ;
#9728 = FACE_OUTER_BOUND ( 'NONE', #9977, .T. ) ;
#9729 = PLANE ( 'NONE',  #5935 ) ;
#9730 = DIRECTION ( 'NONE',  ( -1.000000000000000000, 1.355252715606880543E-16, 0.000000000000000000 ) ) ;
#9731 = ORIENTED_EDGE ( 'NONE', *, *, #7432, .F. ) ;
#9732 = ORIENTED_EDGE ( 'NONE', *, *, #966, .T. ) ;
#9733 = VERTEX_POINT ( 'NONE', #2549 ) ;
#9734 = VECTOR ( 'NONE', #1912, 1000.000000000000000 ) ;
#9735 = VECTOR ( 'NONE', #10473, 1000.000000000000114 ) ;
#9736 = FACE_OUTER_BOUND ( 'NONE', #5035, .T. ) ;
#9737 = CARTESIAN_POINT ( 'NONE',  ( 38.50000000000001421, 0.4000000000000000222, 0.1662919268571550480 ) ) ;
#9738 = DIRECTION ( 'NONE',  ( 1.000000000000000000, -0.000000000000000000, -0.000000000000000000 ) ) ;
#9739 = EDGE_CURVE ( 'NONE', #2604, #955, #3668, .T. ) ;
#9740 = DIRECTION ( 'NONE',  ( 0.000000000000000000, 0.000000000000000000, -1.000000000000000000 ) ) ;
#9741 = CARTESIAN_POINT ( 'NONE',  ( 24.21180890137914687, 2.000000000000000000, 1.739099631177264405 ) ) ;
#9742 = CARTESIAN_POINT ( 'NONE',  ( 1.500000000000000222, 0.000000000000000000, -0.2337080731428409219 ) ) ;
#9743 = EDGE_CURVE ( 'NONE', #2817, #1081, #10184, .T. ) ;
#9744 = CARTESIAN_POINT ( 'NONE',  ( 19.92650741781595158, 1.191276127410974883, -5.242417899579847607 ) ) ;
#9745 = EDGE_CURVE ( 'NONE', #1052, #12345, #10251, .T. ) ;
#9746 = VECTOR ( 'NONE', #8091, 1000.000000000000000 ) ;
#9747 = CARTESIAN_POINT ( 'NONE',  ( 2.785301483563191294, 0.000000000000000000, -1.000000000000000000 ) ) ;
#9748 = CARTESIAN_POINT ( 'NONE',  ( -0.7437148944200444589, 0.4000000000000000222, -3.000000000000000000 ) ) ;
#9749 = FACE_OUTER_BOUND ( 'NONE', #865, .T. ) ;
#9750 = ORIENTED_EDGE ( 'NONE', *, *, #3214, .T. ) ;
#9751 = EDGE_LOOP ( 'NONE', ( #988, #5875, #261, #9877, #12195 ) ) ;
#9752 = EDGE_LOOP ( 'NONE', ( #11151, #6542, #4510, #2720 ) ) ;
#9753 = ORIENTED_EDGE ( 'NONE', *, *, #2933, .T. ) ;
#9754 = LINE ( 'NONE', #9811, #735 ) ;
#9755 = PRESENTATION_LAYER_ASSIGNMENT (  '', '', ( #8146 ) ) ;
#9756 = CARTESIAN_POINT ( 'NONE',  ( 21.08279252339591281, 0.4000000000000000222, -1.000000000000000000 ) ) ;
#9757 = LINE ( 'NONE', #1185, #8635 ) ;
#9758 = LINE ( 'NONE', #3003, #6151 ) ;
#9759 = AXIS2_PLACEMENT_3D ( 'NONE', #8662, #26, #8532 ) ;
#9760 = ORIENTED_EDGE ( 'NONE', *, *, #749, .F. ) ;
#9761 = ORIENTED_EDGE ( 'NONE', *, *, #3588, .T. ) ;
#9762 = CIRCLE ( 'NONE', #3765, 2.000000000000000000 ) ;
#9763 = VERTEX_POINT ( 'NONE', #2725 ) ;
#9764 = EDGE_LOOP ( 'NONE', ( #10724, #5959, #7511, #8341 ) ) ;
#9765 = CARTESIAN_POINT ( 'NONE',  ( 37.06771335206873630, 0.4999999999999978351, -2.240753535442224553 ) ) ;
#9766 = ORIENTED_EDGE ( 'NONE', *, *, #5008, .F. ) ;
#9767 = LINE ( 'NONE', #11548, #9434 ) ;
#9768 = VECTOR ( 'NONE', #7947, 1000.000000000000000 ) ;
#9769 = FACE_OUTER_BOUND ( 'NONE', #9007, .T. ) ;
#9770 = DIRECTION ( 'NONE',  ( 4.488561888120282676E-15, 0.7660444431189767922, 0.6427876096865409172 ) ) ;
#9771 = VECTOR ( 'NONE', #9922, 1000.000000000000000 ) ;
#9772 = PLANE ( 'NONE',  #2056 ) ;
#9773 = CARTESIAN_POINT ( 'NONE',  ( -0.7437148944200444589, 0.000000000000000000, -3.000000000000000000 ) ) ;
#9774 = EDGE_CURVE ( 'NONE', #12138, #5722, #8364, .T. ) ;
#9775 = ORIENTED_EDGE ( 'NONE', *, *, #10892, .F. ) ;
#9776 = EDGE_CURVE ( 'NONE', #2545, #6016, #3612, .T. ) ;
#9777 = DIRECTION ( 'NONE',  ( 0.000000000000000000, 0.7660444431189767922, -0.6427876096865409172 ) ) ;
#9778 = ORIENTED_EDGE ( 'NONE', *, *, #2856, .T. ) ;
#9779 = VECTOR ( 'NONE', #7284, 1000.000000000000000 ) ;
#9780 = CARTESIAN_POINT ( 'NONE',  ( 24.21180890137914687, 1.499358225474672235, 2.799999999999999822 ) ) ;
#9781 = EDGE_LOOP ( 'NONE', ( #9284, #4683, #3142, #568 ) ) ;
#9782 = ORIENTED_EDGE ( 'NONE', *, *, #7246, .T. ) ;
#9783 = LINE ( 'NONE', #146, #2114 ) ;
#9784 = DIRECTION ( 'NONE',  ( 7.211793519376912441E-15, 0.000000000000000000, 1.000000000000000000 ) ) ;
#9785 = LINE ( 'NONE', #9662, #10236 ) ;
#9786 = DIRECTION ( 'NONE',  ( -0.000000000000000000, -0.000000000000000000, 1.000000000000000000 ) ) ;
#9787 = VECTOR ( 'NONE', #4722, 1000.000000000000000 ) ;
#9788 = EDGE_CURVE ( 'NONE', #5937, #4409, #11268, .T. ) ;
#9789 = CARTESIAN_POINT ( 'NONE',  ( 18.64120593425275274, 1.372613645930300441, -5.038802382218244169 ) ) ;
#9790 = EDGE_CURVE ( 'NONE', #5988, #870, #1731, .T. ) ;
#9791 = CARTESIAN_POINT ( 'NONE',  ( 5.785301483563190850, 1.000000000000000000, -1.000000000000000000 ) ) ;
#9792 = CARTESIAN_POINT ( 'NONE',  ( 4.926130775589945780E-15, 1.000000000000000000, -3.240753535442235211 ) ) ;
#9793 = ORIENTED_EDGE ( 'NONE', *, *, #7550, .T. ) ;
#9794 = ORIENTED_EDGE ( 'NONE', *, *, #3799, .F. ) ;
#9795 = VERTEX_POINT ( 'NONE', #4614 ) ;
#9796 = CARTESIAN_POINT ( 'NONE',  ( 12.85590445068957344, 0.000000000000000000, 1.999999999999998224 ) ) ;
#9797 = PLANE ( 'NONE',  #8295 ) ;
#9798 = LINE ( 'NONE', #8036, #1332 ) ;
#9799 = LINE ( 'NONE', #7858, #6030 ) ;
#9800 = CARTESIAN_POINT ( 'NONE',  ( 38.22399845764867621, 0.3999999999999999667, -2.240753535442232547 ) ) ;
#9801 = CARTESIAN_POINT ( 'NONE',  ( 28.66751424445029883, 0.7834631812238952442, -0.6072026154634236894 ) ) ;
#9802 = CARTESIAN_POINT ( 'NONE',  ( 22.92650741781595158, 1.399999999999999911, -4.858578065624948650 ) ) ;
#9803 = CARTESIAN_POINT ( 'NONE',  ( 38.50000000000001421, 0.4000000000000000222, -3.407045462299400196 ) ) ;
#9804 = CARTESIAN_POINT ( 'NONE',  ( 35.78241186850552680, 3.272523262990679971, -4.655877423168258922 ) ) ;
#9805 = EDGE_CURVE ( 'NONE', #5082, #248, #7242, .T. ) ;
#9806 = ORIENTED_EDGE ( 'NONE', *, *, #4416, .T. ) ;
#9807 = ORIENTED_EDGE ( 'NONE', *, *, #293, .F. ) ;
#9808 = ORIENTED_EDGE ( 'NONE', *, *, #3202, .T. ) ;
#9809 = EDGE_LOOP ( 'NONE', ( #11961, #8869, #3525, #11837, #3004 ) ) ;
#9810 = EDGE_CURVE ( 'NONE', #6401, #1177, #541, .T. ) ;
#9811 = CARTESIAN_POINT ( 'NONE',  ( 10.07060296712639413, 0.3999999999999999667, -2.240753535442245425 ) ) ;
#9812 = LINE ( 'NONE', #7180, #10354 ) ;
#9813 = FACE_OUTER_BOUND ( 'NONE', #9764, .T. ) ;
#9814 = PLANE ( 'NONE',  #7724 ) ;
#9815 = DIRECTION ( 'NONE',  ( -1.000000000000000000, 0.000000000000000000, 0.000000000000000000 ) ) ;
#9817 = ORIENTED_EDGE ( 'NONE', *, *, #2901, .F. ) ;
#9816 = VECTOR ( 'NONE', #3499, 1000.000000000000114 ) ;
#9818 = VERTEX_POINT ( 'NONE', #11079 ) ;
#9819 = VERTEX_POINT ( 'NONE', #9186 ) ;
#9820 = ORIENTED_EDGE ( 'NONE', *, *, #3985, .T. ) ;
#9821 = EDGE_CURVE ( 'NONE', #11076, #11978, #8482, .T. ) ;
#9822 = ADVANCED_FACE ( 'NONE', ( #10436 ), #2917, .F. ) ;
#9823 = CARTESIAN_POINT ( 'NONE',  ( 15.64120593425276340, 0.5351768109448616917, 2.449066664678465788 ) ) ;
#9824 = ORIENTED_EDGE ( 'NONE', *, *, #11177, .F. ) ;
#9825 = LINE ( 'NONE', #8950, #8627 ) ;
#9826 = CARTESIAN_POINT ( 'NONE',  ( 22.17336706323338547, 0.000000000000000000, -2.240753535442240096 ) ) ;
#9827 = DIRECTION ( 'NONE',  ( 0.000000000000000000, -1.000000000000000000, -0.000000000000000000 ) ) ;
#9828 = AXIS2_PLACEMENT_3D ( 'NONE', #118, #11473, #6688 ) ;
#9829 = CARTESIAN_POINT ( 'NONE',  ( 31.49711038494233506, 1.499358225474672235, 2.799999999999999822 ) ) ;
#9830 = AXIS2_PLACEMENT_3D ( 'NONE', #8129, #1308, #6247 ) ;
#9831 = LINE ( 'NONE', #9773, #2380 ) ;
#9832 = ORIENTED_EDGE ( 'NONE', *, *, #4083, .F. ) ;
#9833 = ORIENTED_EDGE ( 'NONE', *, *, #2856, .F. ) ;
#9834 = CARTESIAN_POINT ( 'NONE',  ( 26.45866854679657720, 0.000000000000000000, -1.000000000000000000 ) ) ;
#9835 = ORIENTED_EDGE ( 'NONE', *, *, #11442, .F. ) ;
#9836 = CARTESIAN_POINT ( 'NONE',  ( 28.49711038494232795, 1.399999999999999689, -4.949661896593934074 ) ) ;
#9837 = AXIS2_PLACEMENT_3D ( 'NONE', #10090, #6330, #5398 ) ;
#9838 = ADVANCED_FACE ( 'NONE', ( #5857 ), #1101, .F. ) ;
#9839 = FACE_OUTER_BOUND ( 'NONE', #7066, .T. ) ;
#9840 = ORIENTED_EDGE ( 'NONE', *, *, #4005, .T. ) ;
#9841 = AXIS2_PLACEMENT_3D ( 'NONE', #3964, #8661, #2967 ) ;
#9842 = ADVANCED_FACE ( 'NONE', ( #8549 ), #164, .F. ) ;
#9843 = LINE ( 'NONE', #9027, #7903 ) ;
#9844 = FACE_OUTER_BOUND ( 'NONE', #8914, .T. ) ;
#9845 = CARTESIAN_POINT ( 'NONE',  ( 14.35590445068958587, 1.000000000000000000, -2.240753535442245425 ) ) ;
#9846 = DIRECTION ( 'NONE',  ( -0.000000000000000000, -1.000000000000000000, 0.000000000000000000 ) ) ;
#9847 = EDGE_CURVE ( 'NONE', #7419, #834, #3981, .T. ) ;
#9848 = DIRECTION ( 'NONE',  ( 0.000000000000000000, -0.6427876096865358102, 0.7660444431189811221 ) ) ;
#9849 = DIRECTION ( 'NONE',  ( -0.000000000000000000, -0.000000000000000000, 1.000000000000000000 ) ) ;
#9850 = CARTESIAN_POINT ( 'NONE',  ( 22.92650741781595869, 0.5351768109448615807, 2.449066664678466232 ) ) ;
#9852 = ORIENTED_EDGE ( 'NONE', *, *, #1331, .T. ) ;
#9851 = VECTOR ( 'NONE', #5630, 1000.000000000000000 ) ;
#9853 = ORIENTED_EDGE ( 'NONE', *, *, #2093, .F. ) ;
#9854 = VERTEX_POINT ( 'NONE', #6611 ) ;
#9855 = EDGE_CURVE ( 'NONE', #3661, #3563, #9677, .T. ) ;
#9856 = DIRECTION ( 'NONE',  ( -0.000000000000000000, -0.000000000000000000, 1.000000000000000000 ) ) ;
#9857 = DIRECTION ( 'NONE',  ( 0.000000000000000000, 1.000000000000000000, 0.000000000000000000 ) ) ;
#9858 = DIRECTION ( 'NONE',  ( 0.000000000000000000, 2.710505431213761085E-15, -1.000000000000000000 ) ) ;
#9859 = CARTESIAN_POINT ( 'NONE',  ( 0.7468596454174303290, 0.000000000000000000, -1.000000000000000000 ) ) ;
#9860 = EDGE_CURVE ( 'NONE', #2558, #6653, #3798, .T. ) ;
#9861 = CARTESIAN_POINT ( 'NONE',  ( 35.28241186850553390, 0.4999999999999978351, -1.000000000000000000 ) ) ;
#9862 = CARTESIAN_POINT ( 'NONE',  ( 2.785301483563193514, 0.000000000000000000, 0.1662919268571591003 ) ) ;
#9863 = DIRECTION ( 'NONE',  ( 0.000000000000000000, -1.000000000000000000, 0.000000000000000000 ) ) ;
#9864 = CARTESIAN_POINT ( 'NONE',  ( 24.06183251676973356, 1.102365630357457826, -5.215502924329154411 ) ) ;
#9865 = CARTESIAN_POINT ( 'NONE',  ( 18.64120593425276695, 0.4000000000000000222, 0.1662919268571573239 ) ) ;
#9866 = VERTEX_POINT ( 'NONE', #7615 ) ;
#9867 = EDGE_LOOP ( 'NONE', ( #10272, #12039, #6631, #2477 ) ) ;
#9868 = ORIENTED_EDGE ( 'NONE', *, *, #3985, .F. ) ;
#9869 = ORIENTED_EDGE ( 'NONE', *, *, #8271, .F. ) ;
#9870 = LINE ( 'NONE', #6935, #8530 ) ;
#9871 = CARTESIAN_POINT ( 'NONE',  ( 38.50000000000001421, 0.4000000000000000222, 0.1662919268571550480 ) ) ;
#9872 = EDGE_CURVE ( 'NONE', #3422, #3154, #6673, .T. ) ;
#9873 = CARTESIAN_POINT ( 'NONE',  ( 28.49711038494234572, 1.000000000000000000, -3.407045462299399308 ) ) ;
#9874 = EDGE_CURVE ( 'NONE', #11835, #3007, #11642, .T. ) ;
#9875 = CARTESIAN_POINT ( 'NONE',  ( 30.34397003035976681, 0.4000000000000000222, -2.240753535442239208 ) ) ;
#9876 = LINE ( 'NONE', #1300, #5526 ) ;
#9877 = ORIENTED_EDGE ( 'NONE', *, *, #11375, .F. ) ;
#9878 = ORIENTED_EDGE ( 'NONE', *, *, #2199, .T. ) ;
#9879 = ORIENTED_EDGE ( 'NONE', *, *, #7707, .F. ) ;
#9880 = VERTEX_POINT ( 'NONE', #10691 ) ;
#9881 = LINE ( 'NONE', #10962, #2721 ) ;
#9882 = PLANE ( 'NONE',  #3840 ) ;
#9883 = EDGE_CURVE ( 'NONE', #12162, #6838, #855, .T. ) ;
#9884 = B_SPLINE_CURVE_WITH_KNOTS ( 'NONE', 3,
 ( #7599, #10358, #714, #4661, #10480, #2654 ),
 .UNSPECIFIED., .F., .F.,
 ( 4, 2, 4 ),
 ( 0.000000000000000000, 0.0002694863184573006651, 0.0005389726369146013302 ),
 .UNSPECIFIED. ) ;
#9885 = DIRECTION ( 'NONE',  ( 0.000000000000000000, -1.000000000000000000, -0.000000000000000000 ) ) ;
#9886 = LINE ( 'NONE', #1312, #3968 ) ;
#9887 = VECTOR ( 'NONE', #2102, 1000.000000000000000 ) ;
#9888 = LINE ( 'NONE', #5384, #11263 ) ;
#9889 = DIRECTION ( 'NONE',  ( 0.000000000000000000, -1.000000000000000000, 0.000000000000000000 ) ) ;
#9890 = EDGE_CURVE ( 'NONE', #2676, #11403, #2106, .T. ) ;
#9891 = ADVANCED_FACE ( 'NONE', ( #9432 ), #4675, .F. ) ;
#9892 = ORIENTED_EDGE ( 'NONE', *, *, #7674, .F. ) ;
#9893 = ORIENTED_EDGE ( 'NONE', *, *, #11442, .T. ) ;
#9894 = CARTESIAN_POINT ( 'NONE',  ( 30.74397003035976894, 0.4000000000000000222, -1.000000000000000000 ) ) ;
#9895 = ORIENTED_EDGE ( 'NONE', *, *, #10892, .T. ) ;
#9896 = AXIS2_PLACEMENT_3D ( 'NONE', #1221, #7800, #4980 ) ;
#9897 = DIRECTION ( 'NONE',  ( -1.141265444721583757E-16, -0.000000000000000000, -1.000000000000000000 ) ) ;
#9898 = ORIENTED_EDGE ( 'NONE', *, *, #12188, .T. ) ;
#9899 = AXIS2_PLACEMENT_3D ( 'NONE', #10173, #8101, #5352 ) ;
#9900 = CARTESIAN_POINT ( 'NONE',  ( 4.632161128980621712, 0.4000000000000000222, -2.240753535442239208 ) ) ;
#9901 = CARTESIAN_POINT ( 'NONE',  ( 20.42650741781596935, 1.000000000000000000, -2.240753535442228106 ) ) ;
#9902 = DIRECTION ( 'NONE',  ( -4.005262847839656493E-15, -0.8191520442889909104, -0.5735764363510473807 ) ) ;
#9903 = PLANE ( 'NONE',  #358 ) ;
#9904 = VECTOR ( 'NONE', #8331, 1000.000000000000000 ) ;
#9905 = MANIFOLD_SOLID_BREP ( '\X2\51f853f0\X0\-\X2\62c94f38\X0\2', #1294 ) ;
#9907 = CARTESIAN_POINT ( 'NONE',  ( 34.28241186850553390, 1.000000000000000000, -3.240753535442235211 ) ) ;
#9906 = VECTOR ( 'NONE', #11559, 1000.000000000000114 ) ;
#9908 = VECTOR ( 'NONE', #455, 1000.000000000000000 ) ;
#9909 = EDGE_CURVE ( 'NONE', #9415, #6895, #2165, .T. ) ;
#9910 = LINE ( 'NONE', #644, #11959 ) ;
#9911 = DIRECTION ( 'NONE',  ( 0.000000000000000000, 1.000000000000000000, 0.000000000000000000 ) ) ;
#9912 = ORIENTED_EDGE ( 'NONE', *, *, #4104, .F. ) ;
#9913 = ORIENTED_EDGE ( 'NONE', *, *, #6671, .T. ) ;
#9914 = ORIENTED_EDGE ( 'NONE', *, *, #5993, .T. ) ;
#9915 = DIRECTION ( 'NONE',  ( -1.000000000000000000, 0.000000000000000000, 0.000000000000000000 ) ) ;
#9916 = LINE ( 'NONE', #3978, #3335 ) ;
#9917 = AXIS2_PLACEMENT_3D ( 'NONE', #372, #10070, #5190 ) ;
#9918 = LINE ( 'NONE', #9169, #5045 ) ;
#9919 = DIRECTION ( 'NONE',  ( 0.000000000000000000, -0.000000000000000000, -1.000000000000000000 ) ) ;
#9920 = AXIS2_PLACEMENT_3D ( 'NONE', #1049, #8618, #46 ) ;
#9921 = DIRECTION ( 'NONE',  ( 1.000000000000000000, 0.000000000000000000, -7.097089222158424864E-15 ) ) ;
#9922 = DIRECTION ( 'NONE',  ( -1.000000000000000000, 0.000000000000000000, 6.982962677686266711E-15 ) ) ;
#9923 = CARTESIAN_POINT ( 'NONE',  ( 14.35590445068956278, 1.115317123975225755, -5.263829606655360038 ) ) ;
#9924 = EDGE_CURVE ( 'NONE', #5244, #6882, #8676, .T. ) ;
#9925 = EDGE_CURVE ( 'NONE', #6623, #3822, #10659, .T. ) ;
#9926 = CARTESIAN_POINT ( 'NONE',  ( 25.15642524960567172, 1.399999999999831823, -5.423416779412474575 ) ) ;
#9927 = VECTOR ( 'NONE', #12277, 1000.000000000000000 ) ;
#9928 = CARTESIAN_POINT ( 'NONE',  ( 16.79749103983272107, 0.4000000000000000222, -1.000000000000000000 ) ) ;
#9929 = ORIENTED_EDGE ( 'NONE', *, *, #7477, .F. ) ;
#9930 = ORIENTED_EDGE ( 'NONE', *, *, #9925, .F. ) ;
#9931 = VECTOR ( 'NONE', #6854, 1000.000000000000000 ) ;
#9932 = EDGE_CURVE ( 'NONE', #1355, #6817, #7043, .T. ) ;
#9933 = ORIENTED_EDGE ( 'NONE', *, *, #3454, .F. ) ;
#9934 = ORIENTED_EDGE ( 'NONE', *, *, #10704, .F. ) ;
#9935 = CARTESIAN_POINT ( 'NONE',  ( 29.25339549052229415, 0.000000000000000000, -1.000000000000000000 ) ) ;
#9936 = DIRECTION ( 'NONE',  ( -6.868836133214109346E-15, 0.000000000000000000, -1.000000000000000000 ) ) ;
#9937 = CARTESIAN_POINT ( 'NONE',  ( 31.02919927118029264, 0.5320888862379536954, -0.9617579545435693822 ) ) ;
#9938 = VECTOR ( 'NONE', #2211, 1000.000000000000000 ) ;
#9939 = FACE_OUTER_BOUND ( 'NONE', #138, .T. ) ;
#9940 = PLANE ( 'NONE',  #3164 ) ;
#9941 = CARTESIAN_POINT ( 'NONE',  ( 10.07060296712638170, 1.000000000000000000, 0.3238172648295121747 ) ) ;
#9942 = ADVANCED_FACE ( 'NONE', ( #2283 ), #4042, .F. ) ;
#9943 = DIRECTION ( 'NONE',  ( -1.894180325222886620E-15, -0.9625068420560822791, -0.2712574035768015590 ) ) ;
#9944 = VERTEX_POINT ( 'NONE', #9859 ) ;
#9945 = ORIENTED_EDGE ( 'NONE', *, *, #1609, .T. ) ;
#9946 = EDGE_CURVE ( 'NONE', #8231, #7821, #2227, .T. ) ;
#9947 = ORIENTED_EDGE ( 'NONE', *, *, #10844, .F. ) ;
#9948 = ORIENTED_EDGE ( 'NONE', *, *, #7483, .F. ) ;
#9949 = VECTOR ( 'NONE', #480, 999.9999999999998863 ) ;
#9950 = CARTESIAN_POINT ( 'NONE',  ( 18.76421803573632374, 1.400000000000000133, -5.141473183975624472 ) ) ;
#9951 = DIRECTION ( 'NONE',  ( -1.000000000000000000, 0.000000000000000000, 0.000000000000000000 ) ) ;
#9952 = CARTESIAN_POINT ( 'NONE',  ( 2.785301483563190850, 2.000000000000000000, 2.799999999999999822 ) ) ;
#9953 = LINE ( 'NONE', #1377, #2576 ) ;
#9954 = LINE ( 'NONE', #3318, #1244 ) ;
#9955 = AXIS2_PLACEMENT_3D ( 'NONE', #2346, #6987, #11948 ) ;
#9956 = CARTESIAN_POINT ( 'NONE',  ( 38.50000000000001421, 0.4000000000000000222, -3.407045462299400196 ) ) ;
#9957 = VERTEX_POINT ( 'NONE', #9800 ) ;
#9958 = ORIENTED_EDGE ( 'NONE', *, *, #11585, .T. ) ;
#9959 = CARTESIAN_POINT ( 'NONE',  ( 13.60276409610700377, 0.4000000000000000222, -2.240753535442239208 ) ) ;
#9960 = EDGE_CURVE ( 'NONE', #10711, #9944, #10752, .T. ) ;
#9961 = ORIENTED_EDGE ( 'NONE', *, *, #7308, .F. ) ;
#9962 = CARTESIAN_POINT ( 'NONE',  ( 35.78241186850552680, 1.372613645930300219, -5.038802382218242393 ) ) ;
#9963 = ORIENTED_EDGE ( 'NONE', *, *, #2311, .T. ) ;
#9964 = VECTOR ( 'NONE', #5948, 1000.000000000000000 ) ;
#9965 = EDGE_CURVE ( 'NONE', #10639, #6354, #1167, .T. ) ;
#9966 = ADVANCED_FACE ( 'NONE', ( #8921 ), #6922, .F. ) ;
#9967 = LINE ( 'NONE', #10086, #5109 ) ;
#9968 = DIRECTION ( 'NONE',  ( 0.000000000000000000, 1.000000000000000000, 0.000000000000000000 ) ) ;
#9969 = VECTOR ( 'NONE', #9996, 1000.000000000000000 ) ;
#9970 = DIRECTION ( 'NONE',  ( 0.000000000000000000, 1.000000000000000000, 0.000000000000000000 ) ) ;
#9971 = LINE ( 'NONE', #2213, #8954 ) ;
#9972 = VECTOR ( 'NONE', #9624, 1000.000000000000000 ) ;
#9973 = CARTESIAN_POINT ( 'NONE',  ( 37.56771335206873630, 1.000000000000000000, -2.240753535442228106 ) ) ;
#9974 = VECTOR ( 'NONE', #8955, 1000.000000000000000 ) ;
#9975 = DIRECTION ( 'NONE',  ( 1.141265444721583757E-16, -0.000000000000000000, 1.000000000000000000 ) ) ;
#9976 = CARTESIAN_POINT ( 'NONE',  ( -0.5158561634179551492, 1.400000000000000133, -5.120335728133784237 ) ) ;
#9977 = EDGE_LOOP ( 'NONE', ( #11560, #1507, #11708, #246 ) ) ;
#9978 = VERTEX_POINT ( 'NONE', #7916 ) ;
#9979 = ORIENTED_EDGE ( 'NONE', *, *, #6599, .T. ) ;
#9980 = EDGE_CURVE ( 'NONE', #12143, #2369, #1408, .T. ) ;
#9981 = ADVANCED_FACE ( 'NONE', ( #11825 ), #10872, .F. ) ;
#9982 = DIRECTION ( 'NONE',  ( 7.335912872304279317E-17, -0.7660444431189810111, -0.6427876096865356992 ) ) ;
#9983 = DIRECTION ( 'NONE',  ( -0.000000000000000000, -1.000000000000000000, 0.000000000000000000 ) ) ;
#9984 = VECTOR ( 'NONE', #3212, 1000.000000000000000 ) ;
#9985 = DIRECTION ( 'NONE',  ( -1.355252715606880543E-16, -1.000000000000000000, -0.000000000000000000 ) ) ;
#9986 = CARTESIAN_POINT ( 'NONE',  ( 11.52630831019753366, 0.7834631812238943560, -0.6072026154634254658 ) ) ;
#9987 = DIRECTION ( 'NONE',  ( 1.141265444721583757E-16, 0.000000000000000000, -1.000000000000000000 ) ) ;
#9988 = DIRECTION ( 'NONE',  ( 0.000000000000000000, 0.000000000000000000, -1.000000000000000000 ) ) ;
#9989 = CARTESIAN_POINT ( 'NONE',  ( 17.14120593425276340, 2.000000000000000000, 0.000000000000000000 ) ) ;
#9990 = PLANE ( 'NONE',  #6123 ) ;
#9991 = CARTESIAN_POINT ( 'NONE',  ( 3.285301483563205061, 0.000000000000000000, -2.240753535442228106 ) ) ;
#9992 = ORIENTED_EDGE ( 'NONE', *, *, #10637, .T. ) ;
#9993 = ORIENTED_EDGE ( 'NONE', *, *, #1070, .T. ) ;
#9994 = ORIENTED_EDGE ( 'NONE', *, *, #7965, .T. ) ;
#9995 = VERTEX_POINT ( 'NONE', #9741 ) ;
#9996 = DIRECTION ( 'NONE',  ( -6.868836133214109346E-15, 0.000000000000000000, -1.000000000000000000 ) ) ;
#9997 = CARTESIAN_POINT ( 'NONE',  ( 28.49711038494234572, 1.000000000000000000, -3.007045462299398508 ) ) ;
#9998 = LINE ( 'NONE', #608, #4755 ) ;
#9999 = EDGE_CURVE ( 'NONE', #52, #8640, #406, .T. ) ;
#10000 = PLANE ( 'NONE',  #39 ) ;
#10001 = CARTESIAN_POINT ( 'NONE',  ( 39.68732403763083028, 1.106465162429252524, -5.408006954962160329 ) ) ;
#10002 = EDGE_CURVE ( 'NONE', #7658, #8015, #3280, .T. ) ;
#10003 = LINE ( 'NONE', #11019, #12196 ) ;
#10004 = LINE ( 'NONE', #9192, #6725 ) ;
#10005 = ORIENTED_EDGE ( 'NONE', *, *, #7516, .T. ) ;
#10006 = EDGE_LOOP ( 'NONE', ( #3838, #4309, #9145, #1909, #10895, #10745, #7928, #5786, #5359, #1746, #5560, #6693 ) ) ;
#10007 = EDGE_LOOP ( 'NONE', ( #2462, #12082, #6941, #5307, #6086 ) ) ;
#10008 = ORIENTED_EDGE ( 'NONE', *, *, #11059, .F. ) ;
#10009 = CARTESIAN_POINT ( 'NONE',  ( 11.35590445068957166, 2.000000000000000000, 2.799999999999999822 ) ) ;
#10010 = ORIENTED_EDGE ( 'NONE', *, *, #6281, .T. ) ;
#10011 = ADVANCED_FACE ( 'NONE', ( #10934 ), #4099, .F. ) ;
#10012 = FACE_OUTER_BOUND ( 'NONE', #8279, .T. ) ;
#10013 = DIRECTION ( 'NONE',  ( 0.000000000000000000, -0.6427876096865358102, 0.7660444431189811221 ) ) ;
#10014 = CARTESIAN_POINT ( 'NONE',  ( 1.500000000000000222, 0.06443263463840748217, 0.1149657687835883013 ) ) ;
#10015 = EDGE_CURVE ( 'NONE', #9818, #4278, #277, .T. ) ;
#10016 = CARTESIAN_POINT ( 'NONE',  ( 5.785301483563189073, 0.000000000000000000, 0.1662919268571587950 ) ) ;
#10017 = DIRECTION ( 'NONE',  ( -6.868836133214109346E-15, 0.000000000000000000, -1.000000000000000000 ) ) ;
#10018 = ORIENTED_EDGE ( 'NONE', *, *, #10123, .F. ) ;
#10019 = ORIENTED_EDGE ( 'NONE', *, *, #9639, .F. ) ;
#10020 = LINE ( 'NONE', #11923, #10728 ) ;
#10021 = ORIENTED_EDGE ( 'NONE', *, *, #8414, .F. ) ;
#10022 = DIRECTION ( 'NONE',  ( 0.000000000000000000, 0.000000000000000000, -1.000000000000000000 ) ) ;
#10023 = LINE ( 'NONE', #3329, #2377 ) ;
#10024 = ORIENTED_EDGE ( 'NONE', *, *, #4768, .T. ) ;
#10025 = AXIS2_PLACEMENT_3D ( 'NONE', #9706, #1135, #8195 ) ;
#10026 = DIRECTION ( 'NONE',  ( -1.000000000000000000, 0.000000000000000000, 1.141265444721583757E-16 ) ) ;
#10027 = DIRECTION ( 'NONE',  ( -0.5407162030609378167, 0.5407162030609377057, 0.6444004775717702138 ) ) ;
#10028 = AXIS2_PLACEMENT_3D ( 'NONE', #11485, #2880, #9703 ) ;
#10029 = DIRECTION ( 'NONE',  ( -1.000000000000000000, -0.000000000000000000, 1.141265444721583757E-16 ) ) ;
#10030 = CARTESIAN_POINT ( 'NONE',  ( 11.35590445068958054, 1.000000000000000000, -3.007045462299397176 ) ) ;
#10031 = EDGE_CURVE ( 'NONE', #10835, #7609, #11120, .T. ) ;
#10032 = LINE ( 'NONE', #3162, #10843 ) ;
#10034 = ADVANCED_FACE ( 'NONE', ( #6409 ), #10103, .F. ) ;
#10033 = CARTESIAN_POINT ( 'NONE',  ( 7.070602967126382588, 0.8628211600346445964, -0.4041232037028950064 ) ) ;
#10035 = VECTOR ( 'NONE', #9188, 1000.000000000000000 ) ;
#10036 = FACE_OUTER_BOUND ( 'NONE', #1708, .T. ) ;
#10037 = AXIS2_PLACEMENT_3D ( 'NONE', #5598, #4716, #12320 ) ;
#10038 = CARTESIAN_POINT ( 'NONE',  ( 38.50000000000001421, 0.000000000000000000, -0.2337080731428451408 ) ) ;
#10039 = ORIENTED_EDGE ( 'NONE', *, *, #6526, .T. ) ;
#10040 = EDGE_LOOP ( 'NONE', ( #83, #1261, #10670, #10947, #3898, #9600, #7853, #4291, #2329, #9114, #3693 ) ) ;
#10041 = ORIENTED_EDGE ( 'NONE', *, *, #7167, .F. ) ;
#10042 = CARTESIAN_POINT ( 'NONE',  ( 26.45866854679657720, 0.000000000000000000, -1.000000000000000000 ) ) ;
#10043 = LINE ( 'NONE', #1462, #10545 ) ;
#10044 = VECTOR ( 'NONE', #5318, 1000.000000000000000 ) ;
#10045 = DIRECTION ( 'NONE',  ( 0.6427876096865409172, -0.000000000000000000, -0.7660444431189766812 ) ) ;
#10046 = CARTESIAN_POINT ( 'NONE',  ( -0.5198128918616884420, 1.400000000000000355, -5.120565198620423253 ) ) ;
#10047 = EDGE_CURVE ( 'NONE', #49, #3563, #4413, .T. ) ;
#10048 = PLANE ( 'NONE',  #6973 ) ;
#10049 = CARTESIAN_POINT ( 'NONE',  ( 10.07060296712638170, 0.4999999999999978351, -1.000000000000000000 ) ) ;
#10050 = EDGE_CURVE ( 'NONE', #1849, #10148, #2533, .T. ) ;
#10051 = EDGE_CURVE ( 'NONE', #4762, #5658, #2596, .T. ) ;
#10052 = CARTESIAN_POINT ( 'NONE',  ( 32.78241186850553390, 1.000000000000000000, -2.836630331739329769 ) ) ;
#10053 = CARTESIAN_POINT ( 'NONE',  ( -1.061438981621032562, 0.5614389816210439976, -2.313973662514438256 ) ) ;
#10054 = ORIENTED_EDGE ( 'NONE', *, *, #7678, .T. ) ;
#10055 = VERTEX_POINT ( 'NONE', #781 ) ;
#10056 = VERTEX_POINT ( 'NONE', #6344 ) ;
#10057 = ORIENTED_EDGE ( 'NONE', *, *, #7255, .T. ) ;
#10058 = ORIENTED_EDGE ( 'NONE', *, *, #9589, .T. ) ;
#10059 = CARTESIAN_POINT ( 'NONE',  ( 10.07060296712637282, 1.103464666456457577, -5.267169912107815044 ) ) ;
#10060 = DIRECTION ( 'NONE',  ( -0.000000000000000000, -0.000000000000000000, 1.000000000000000000 ) ) ;
#10061 = CARTESIAN_POINT ( 'NONE',  ( 11.35590445068958054, 1.000000000000000000, -2.836630331739329769 ) ) ;
#10062 = DIRECTION ( 'NONE',  ( -6.982962677686266711E-15, 0.000000000000000000, -1.000000000000000000 ) ) ;
#10063 = PLANE ( 'NONE',  #3970 ) ;
#10064 = DIRECTION ( 'NONE',  ( 0.000000000000000000, 1.000000000000000000, -0.000000000000000000 ) ) ;
#10065 = LINE ( 'NONE', #2860, #5326 ) ;
#10066 = VERTEX_POINT ( 'NONE', #8163 ) ;
#10067 = ORIENTED_EDGE ( 'NONE', *, *, #1960, .F. ) ;
#10068 = EDGE_LOOP ( 'NONE', ( #9778, #5496, #294, #12159 ) ) ;
#10069 = ORIENTED_EDGE ( 'NONE', *, *, #2068, .T. ) ;
#10070 = DIRECTION ( 'NONE',  ( 1.000000000000000000, -0.000000000000000000, 0.000000000000000000 ) ) ;
#10071 = EDGE_LOOP ( 'NONE', ( #2237, #3456, #11025, #10685, #518, #4993, #11522, #4456, #9582, #3340, #12145, #6933, #8536, #1489, #80, #12414 ) ) ;
#10072 = CYLINDRICAL_SURFACE ( 'NONE', #10846, 2.000000000000000000 ) ;
#10073 = PLANE ( 'NONE',  #10640 ) ;
#10074 = CARTESIAN_POINT ( 'NONE',  ( 28.49711038494233861, 1.499358225474672235, 2.799999999999999822 ) ) ;
#10075 = DIRECTION ( 'NONE',  ( -1.000000000000000000, 1.355252715606880543E-16, 0.000000000000000000 ) ) ;
#10076 = DIRECTION ( 'NONE',  ( -1.000000000000000000, 0.000000000000000000, 1.141265444721583757E-16 ) ) ;
#10077 = ORIENTED_EDGE ( 'NONE', *, *, #4223, .T. ) ;
#10078 = ORIENTED_EDGE ( 'NONE', *, *, #4544, .F. ) ;
#10079 = EDGE_CURVE ( 'NONE', #5320, #8686, #10167, .T. ) ;
#10080 = DIRECTION ( 'NONE',  ( 1.000000000000000000, 0.000000000000000000, 0.000000000000000000 ) ) ;
#10081 = ORIENTED_EDGE ( 'NONE', *, *, #9208, .T. ) ;
#10082 = PLANE ( 'NONE',  #12229 ) ;
#10083 = EDGE_CURVE ( 'NONE', #4209, #12177, #8410, .T. ) ;
#10084 = CARTESIAN_POINT ( 'NONE',  ( 19.92650741781595514, 1.000000000000000000, 2.799999999999999822 ) ) ;
#10085 = ORIENTED_EDGE ( 'NONE', *, *, #4033, .T. ) ;
#10086 = CARTESIAN_POINT ( 'NONE',  ( 3.941586589143147190, 0.4000000000000000222, -1.000000000000000000 ) ) ;
#10087 = VECTOR ( 'NONE', #1220, 1000.000000000000000 ) ;
#10088 = CARTESIAN_POINT ( 'NONE',  ( 34.28241186850551969, 2.000000000000000000, -5.468901542184349651 ) ) ;
#10089 = LINE ( 'NONE', #2454, #8569 ) ;
#10090 = CARTESIAN_POINT ( 'NONE',  ( 38.50000000000001421, 0.000000000000000000, -0.2337080731428451408 ) ) ;
#10091 = DIRECTION ( 'NONE',  ( 1.000000000000000000, -0.000000000000000000, -6.982962677686266711E-15 ) ) ;
#10092 = CIRCLE ( 'NONE', #11718, 2.000000000000000000 ) ;
#10093 = DIRECTION ( 'NONE',  ( -1.000000000000000000, -0.000000000000000000, 1.141265444721583757E-16 ) ) ;
#10094 = CARTESIAN_POINT ( 'NONE',  ( 14.35590445068957699, 0.3999999999999999667, -3.407045462299400196 ) ) ;
#10095 = ORIENTED_EDGE ( 'NONE', *, *, #6687, .F. ) ;
#10096 = EDGE_CURVE ( 'NONE', #10246, #533, #9103, .T. ) ;
#10097 = ORIENTED_EDGE ( 'NONE', *, *, #7833, .T. ) ;
#10098 = EDGE_LOOP ( 'NONE', ( #9254, #5455, #6755, #5678 ) ) ;
#10099 = CARTESIAN_POINT ( 'NONE',  ( 5.299199810604136474, 1.106833788838468502, -5.425737714157053304 ) ) ;
#10100 = FACE_OUTER_BOUND ( 'NONE', #2570, .T. ) ;
#10101 = ADVANCED_FACE ( 'NONE', ( #12130 ), #12262, .T. ) ;
#10102 = CARTESIAN_POINT ( 'NONE',  ( 2.785301483563179303, 1.399999999999999689, -4.949661896593932298 ) ) ;
#10103 = PLANE ( 'NONE',  #5154 ) ;
#10104 = VECTOR ( 'NONE', #7515, 1000.000000000000000 ) ;
#10105 = CARTESIAN_POINT ( 'NONE',  ( 5.285301483563200620, 0.4999999999999978351, -2.240753535442241873 ) ) ;
#10106 = VECTOR ( 'NONE', #9713, 1000.000000000000000 ) ;
#10107 = AXIS2_PLACEMENT_3D ( 'NONE', #8862, #9621, #287 ) ;
#10108 = DIRECTION ( 'NONE',  ( 0.000000000000000000, -0.000000000000000000, -1.000000000000000000 ) ) ;
#10109 = CARTESIAN_POINT ( 'NONE',  ( 19.92650741781595514, 0.5351768109448616917, 2.449066664678465788 ) ) ;
#10110 = DIRECTION ( 'NONE',  ( 1.000000000000000000, 0.000000000000000000, 0.000000000000000000 ) ) ;
#10111 = ORIENTED_EDGE ( 'NONE', *, *, #6969, .F. ) ;
#10112 = EDGE_LOOP ( 'NONE', ( #8622, #1302, #10287, #9283 ) ) ;
#10113 = EDGE_CURVE ( 'NONE', #4290, #12289, #11066, .T. ) ;
#10114 = ORIENTED_EDGE ( 'NONE', *, *, #7896, .T. ) ;
#10115 = ORIENTED_EDGE ( 'NONE', *, *, #7032, .T. ) ;
#10116 = AXIS2_PLACEMENT_3D ( 'NONE', #4892, #11621, #263 ) ;
#10117 = AXIS2_PLACEMENT_3D ( 'NONE', #12187, #10283, #8272 ) ;
#10118 = ORIENTED_EDGE ( 'NONE', *, *, #1609, .F. ) ;
#10119 = DIRECTION ( 'NONE',  ( -1.141265444721583757E-16, 0.000000000000000000, 1.000000000000000000 ) ) ;
#10120 = DIRECTION ( 'NONE',  ( 0.000000000000000000, 1.000000000000000000, 0.000000000000000000 ) ) ;
#10121 = EDGE_CURVE ( 'NONE', #8476, #3537, #2361, .T. ) ;
#10122 = CARTESIAN_POINT ( 'NONE',  ( 19.92650741781595514, 1.000000000000000000, -1.000000000000000000 ) ) ;
#10123 = EDGE_CURVE ( 'NONE', #9019, #6838, #12015, .T. ) ;
#10124 = CARTESIAN_POINT ( 'NONE',  ( 22.42650741781596935, 1.000000000000000000, -2.240753535442241873 ) ) ;
#10125 = CARTESIAN_POINT ( 'NONE',  ( 7.070602967126381699, 1.000000000000000000, 2.799999999999999822 ) ) ;
#10126 = VECTOR ( 'NONE', #5438, 1000.000000000000000 ) ;
#10127 = CARTESIAN_POINT ( 'NONE',  ( 37.06771335206871498, 2.000000000000000000, -5.468901542184338993 ) ) ;
#10128 = VECTOR ( 'NONE', #5493, 1000.000000000000000 ) ;
#10129 = CARTESIAN_POINT ( 'NONE',  ( 29.65339549052229629, 0.000000000000000000, -3.000000000000000000 ) ) ;
#10130 = ORIENTED_EDGE ( 'NONE', *, *, #10601, .F. ) ;
#10131 = EDGE_LOOP ( 'NONE', ( #10868, #10446, #11562, #12303 ) ) ;
#10132 = ORIENTED_EDGE ( 'NONE', *, *, #213, .F. ) ;
#10133 = ORIENTED_EDGE ( 'NONE', *, *, #9309, .F. ) ;
#10134 = DIRECTION ( 'NONE',  ( 1.000000000000000000, 0.000000000000000000, 0.000000000000000000 ) ) ;
#10135 = ORIENTED_EDGE ( 'NONE', *, *, #3148, .T. ) ;
#10136 = VECTOR ( 'NONE', #9936, 1000.000000000000000 ) ;
#10137 = LINE ( 'NONE', #9556, #3032 ) ;
#10138 = LINE ( 'NONE', #11282, #6833 ) ;
#10139 = DIRECTION ( 'NONE',  ( -1.000000000000000000, 0.000000000000000000, -0.000000000000000000 ) ) ;
#10140 = CARTESIAN_POINT ( 'NONE',  ( 35.78241186850553390, 0.000000000000000000, 0.1662919268571553533 ) ) ;
#10141 = CARTESIAN_POINT ( 'NONE',  ( 27.21180890137915043, 1.000000000000000000, -1.000000000000000000 ) ) ;
#10142 = VECTOR ( 'NONE', #10733, 1000.000000000000000 ) ;
#10143 = ORIENTED_EDGE ( 'NONE', *, *, #5583, .F. ) ;
#10144 = ORIENTED_EDGE ( 'NONE', *, *, #5681, .T. ) ;
#10145 = LINE ( 'NONE', #8959, #9315 ) ;
#10146 = EDGE_LOOP ( 'NONE', ( #6960, #10588, #2432, #6014 ) ) ;
#10147 = CARTESIAN_POINT ( 'NONE',  ( 28.49711038494235282, 1.399999999999999911, -2.240753535442224553 ) ) ;
#10148 = VERTEX_POINT ( 'NONE', #9170 ) ;
#10149 = PLANE ( 'NONE',  #5303 ) ;
#10150 = AXIS2_PLACEMENT_3D ( 'NONE', #1240, #2182, #4242 ) ;
#10151 = LINE ( 'NONE', #1511, #842 ) ;
#10152 = FACE_OUTER_BOUND ( 'NONE', #8186, .T. ) ;
#10153 = EDGE_CURVE ( 'NONE', #7254, #6401, #1656, .T. ) ;
#10154 = LINE ( 'NONE', #9742, #6229 ) ;
#10155 = EDGE_CURVE ( 'NONE', #4020, #3289, #593, .T. ) ;
#10156 = DIRECTION ( 'NONE',  ( 0.000000000000000000, -1.000000000000000000, 0.000000000000000000 ) ) ;
#10157 = FACE_OUTER_BOUND ( 'NONE', #1560, .T. ) ;
#10158 = AXIS2_PLACEMENT_3D ( 'NONE', #1842, #4902, #8602 ) ;
#10159 = PLANE ( 'NONE',  #2990 ) ;
#10160 = ORIENTED_EDGE ( 'NONE', *, *, #4230, .T. ) ;
#10161 = VECTOR ( 'NONE', #12280, 1000.000000000000000 ) ;
#10162 = ORIENTED_EDGE ( 'NONE', *, *, #3270, .T. ) ;
#10163 = ORIENTED_EDGE ( 'NONE', *, *, #4304, .T. ) ;
#10164 = CARTESIAN_POINT ( 'NONE',  ( 0.5171880246749578358, 1.115317123975225533, -5.586345496996282911 ) ) ;
#10165 = CARTESIAN_POINT ( 'NONE',  ( 37.82399845764867763, 0.000000000000000000, -2.240753535442229882 ) ) ;
#10166 = LINE ( 'NONE', #3348, #3246 ) ;
#10167 = LINE ( 'NONE', #2655, #10969 ) ;
#10168 =( BOUNDED_CURVE ( )  B_SPLINE_CURVE ( 3, ( #8256, #3628, #9264, #2683 ),
 .UNSPECIFIED., .F., .F. ) 
 B_SPLINE_CURVE_WITH_KNOTS ( ( 4, 4 ),
 ( 1.943323292647559208, 2.268928027592632013 ),
 .UNSPECIFIED. ) 
 CURVE ( )  GEOMETRIC_REPRESENTATION_ITEM ( )  RATIONAL_B_SPLINE_CURVE ( ( 1.000000000000000000, 0.9911846262163771515, 0.9911846262163771515, 1.000000000000000000 ) ) 
 REPRESENTATION_ITEM ( '' )  );
#10169 = EDGE_CURVE ( 'NONE', #4452, #7126, #3655, .T. ) ;
#10170 = VECTOR ( 'NONE', #3131, 1000.000000000000000 ) ;
#10171 = VECTOR ( 'NONE', #5047, 1000.000000000000000 ) ;
#10172 = ADVANCED_FACE ( 'NONE', ( #4537 ), #2814, .T. ) ;
#10173 = CARTESIAN_POINT ( 'NONE',  ( 2.785301483563190850, 1.499358225474672235, 1.300000000000000044 ) ) ;
#10174 = CARTESIAN_POINT ( 'NONE',  ( 34.28241186850552680, 1.000000000000000000, -0.4041232037028948954 ) ) ;
#10175 = DIRECTION ( 'NONE',  ( -0.000000000000000000, -0.000000000000000000, 1.000000000000000000 ) ) ;
#10176 = ORIENTED_EDGE ( 'NONE', *, *, #10311, .T. ) ;
#10177 = ORIENTED_EDGE ( 'NONE', *, *, #2366, .T. ) ;
#10178 = EDGE_LOOP ( 'NONE', ( #5467, #6472, #5173, #4435 ) ) ;
#10179 = VERTEX_POINT ( 'NONE', #6790 ) ;
#10180 = VECTOR ( 'NONE', #7169, 1000.000000000000000 ) ;
#10181 = EDGE_LOOP ( 'NONE', ( #7837, #9132, #2896, #8947 ) ) ;
#10182 = CARTESIAN_POINT ( 'NONE',  ( 11.35590445068956811, 1.399999999999999911, -4.858572962426980446 ) ) ;
#10183 = DIRECTION ( 'NONE',  ( 0.000000000000000000, 3.577867169202164632E-15, 1.000000000000000000 ) ) ;
#10184 = LINE ( 'NONE', #797, #959 ) ;
#10185 = FACE_OUTER_BOUND ( 'NONE', #4190, .T. ) ;
#10186 = CARTESIAN_POINT ( 'NONE',  ( 7.070602967126382588, 0.000000000000000000, -1.000000000000000000 ) ) ;
#10187 = EDGE_CURVE ( 'NONE', #4866, #8490, #1967, .T. ) ;
#10188 = VECTOR ( 'NONE', #6911, 1000.000000000000000 ) ;
#10189 = EDGE_CURVE ( 'NONE', #10708, #7939, #6536, .T. ) ;
#10190 = LINE ( 'NONE', #5302, #6184 ) ;
#10191 = LINE ( 'NONE', #485, #12156 ) ;
#10192 = EDGE_CURVE ( 'NONE', #2962, #8880, #963, .T. ) ;
#10193 = VERTEX_POINT ( 'NONE', #2838 ) ;
#10194 = ORIENTED_EDGE ( 'NONE', *, *, #4101, .T. ) ;
#10195 = VERTEX_POINT ( 'NONE', #5714 ) ;
#10196 = EDGE_LOOP ( 'NONE', ( #1203, #7991, #5832, #7435, #1652, #3137, #9517, #5562, #1475, #11801, #8870, #7081, #1127, #7473, #5573, #94 ) ) ;
#10197 = LINE ( 'NONE', #9135, #1923 ) ;
#10198 = ORIENTED_EDGE ( 'NONE', *, *, #5522, .F. ) ;
#10199 = VECTOR ( 'NONE', #2703, 1000.000000000000000 ) ;
#10200 = DIRECTION ( 'NONE',  ( 1.000000000000000000, -0.000000000000000000, -6.982962677686266711E-15 ) ) ;
#10201 = DIRECTION ( 'NONE',  ( 1.000000000000000000, 0.000000000000000000, -6.982962677686266711E-15 ) ) ;
#10202 = CARTESIAN_POINT ( 'NONE',  ( 12.51218955626952933, 0.000000000000000000, -1.000000000000000000 ) ) ;
#10203 = EDGE_CURVE ( 'NONE', #7699, #2540, #10359, .T. ) ;
#10204 = DIRECTION ( 'NONE',  ( 1.141265444721583757E-16, -0.000000000000000000, 1.000000000000000000 ) ) ;
#10205 = CARTESIAN_POINT ( 'NONE',  ( 7.070602967126380811, 0.000000000000000000, 0.1662919268571586284 ) ) ;
#10206 = EDGE_CURVE ( 'NONE', #6664, #4779, #4662, .T. ) ;
#10207 = ORIENTED_EDGE ( 'NONE', *, *, #3461, .F. ) ;
#10208 = ORIENTED_EDGE ( 'NONE', *, *, #7512, .T. ) ;
#10209 = ADVANCED_FACE ( 'NONE', ( #8468 ), #1780, .F. ) ;
#10210 = LINE ( 'NONE', #6451, #5914 ) ;
#10211 = ORIENTED_EDGE ( 'NONE', *, *, #11569, .F. ) ;
#10212 = LINE ( 'NONE', #4580, #3715 ) ;
#10213 = VERTEX_POINT ( 'NONE', #10420 ) ;
#10214 = PLANE ( 'NONE',  #4636 ) ;
#10215 = CARTESIAN_POINT ( 'NONE',  ( 2.785301483563182412, 1.115317123975225755, -5.263824959924734870 ) ) ;
#10216 = LINE ( 'NONE', #4520, #10981 ) ;
#10217 = PLANE ( 'NONE',  #5041 ) ;
#10218 = DIRECTION ( 'NONE',  ( -1.000000000000000000, -0.000000000000000000, -0.000000000000000000 ) ) ;
#10219 = ADVANCED_FACE ( 'NONE', ( #11568 ), #10614, .F. ) ;
#10220 = DIRECTION ( 'NONE',  ( -0.000000000000000000, -1.000000000000000000, -0.000000000000000000 ) ) ;
#10221 = LINE ( 'NONE', #8460, #12134 ) ;
#10222 = CARTESIAN_POINT ( 'NONE',  ( 22.92650741781595869, 1.499358225474672235, 2.799999999999999822 ) ) ;
#10223 = ORIENTED_EDGE ( 'NONE', *, *, #9593, .T. ) ;
#10224 = VECTOR ( 'NONE', #8647, 1000.000000000000000 ) ;
#10225 = ADVANCED_FACE ( 'NONE', ( #5843 ), #2776, .F. ) ;
#10226 = VERTEX_POINT ( 'NONE', #2968 ) ;
#10227 = ORIENTED_EDGE ( 'NONE', *, *, #2626, .F. ) ;
#10228 = VECTOR ( 'NONE', #11223, 1000.000000000000000 ) ;
#10229 = PLANE ( 'NONE',  #10292 ) ;
#10230 = CARTESIAN_POINT ( 'NONE',  ( 37.06771335206871498, 1.103464568314089123, -5.267165293036052631 ) ) ;
#10231 = EDGE_CURVE ( 'NONE', #8931, #12009, #12389, .T. ) ;
#10232 = CARTESIAN_POINT ( 'NONE',  ( 7.070602967126381699, 0.06443263463840748217, 0.1149657687835883013 ) ) ;
#10233 = DIRECTION ( 'NONE',  ( -6.868836133214109346E-15, 0.000000000000000000, -1.000000000000000000 ) ) ;
#10234 = DIRECTION ( 'NONE',  ( 0.000000000000000000, 0.000000000000000000, 1.000000000000000000 ) ) ;
#10235 = VECTOR ( 'NONE', #668, 1000.000000000000000 ) ;
#10236 = VECTOR ( 'NONE', #1966, 1000.000000000000000 ) ;
#10237 = DIRECTION ( 'NONE',  ( -1.000000000000000000, 1.355252715606880543E-16, 0.000000000000000000 ) ) ;
#10238 = ORIENTED_EDGE ( 'NONE', *, *, #9805, .T. ) ;
#10239 = CARTESIAN_POINT ( 'NONE',  ( 24.21180890137914687, 1.000000000000000000, -1.000000000000000000 ) ) ;
#10240 = CARTESIAN_POINT ( 'NONE',  ( 27.21180890137915043, 0.000000000000000000, -0.2337080731428438363 ) ) ;
#10241 = ORIENTED_EDGE ( 'NONE', *, *, #5405, .F. ) ;
#10242 = ADVANCED_FACE ( 'NONE', ( #3844 ), #2031, .F. ) ;
#10243 = ORIENTED_EDGE ( 'NONE', *, *, #10096, .F. ) ;
#10244 = ORIENTED_EDGE ( 'NONE', *, *, #10926, .T. ) ;
#10245 = VECTOR ( 'NONE', #3830, 1000.000000000000114 ) ;
#10246 = VERTEX_POINT ( 'NONE', #11503 ) ;
#10247 = CARTESIAN_POINT ( 'NONE',  ( 38.50000000000001421, 0.4000000000000000222, 0.1662919268571550480 ) ) ;
#10248 = CARTESIAN_POINT ( 'NONE',  ( 35.78241186850554101, 1.000000000000000000, -3.407045462299400196 ) ) ;
#10249 = EDGE_CURVE ( 'NONE', #5052, #3943, #5781, .T. ) ;
#10250 = VECTOR ( 'NONE', #4282, 1000.000000000000000 ) ;
#10251 = LINE ( 'NONE', #9247, #754 ) ;
#10252 = DIRECTION ( 'NONE',  ( -6.982962677686266711E-15, 0.000000000000000000, -1.000000000000000000 ) ) ;
#10253 = CARTESIAN_POINT ( 'NONE',  ( 4.632161128980621712, 0.000000000000000000, -1.000000000000000000 ) ) ;
#10254 = DIRECTION ( 'NONE',  ( 0.000000000000000000, 1.000000000000000000, 0.000000000000000000 ) ) ;
#10255 = DIRECTION ( 'NONE',  ( -0.000000000000000000, -1.000000000000000000, 0.000000000000000000 ) ) ;
#10256 = ORIENTED_EDGE ( 'NONE', *, *, #4212, .F. ) ;
#10257 = ORIENTED_EDGE ( 'NONE', *, *, #12352, .F. ) ;
#10258 = VERTEX_POINT ( 'NONE', #9419 ) ;
#10259 = VERTEX_POINT ( 'NONE', #4845 ) ;
#10260 = LINE ( 'NONE', #1931, #8919 ) ;
#10261 = EDGE_CURVE ( 'NONE', #8777, #4142, #1086, .T. ) ;
#10262 = VERTEX_POINT ( 'NONE', #3965 ) ;
#10263 = LINE ( 'NONE', #6138, #11364 ) ;
#10264 = EDGE_CURVE ( 'NONE', #7542, #4793, #11312, .T. ) ;
#10265 = DIRECTION ( 'NONE',  ( 1.445602896647339163E-16, 0.000000000000000000, -1.000000000000000000 ) ) ;
#10266 = DIRECTION ( 'NONE',  ( -0.000000000000000000, -0.000000000000000000, 1.000000000000000000 ) ) ;
#10267 = CARTESIAN_POINT ( 'NONE',  ( 37.06771335206872209, 0.000000000000000000, -1.000000000000000000 ) ) ;
#10268 = PLANE ( 'NONE',  #2220 ) ;
#10269 = EDGE_LOOP ( 'NONE', ( #10369, #5679, #4107, #11649 ) ) ;
#10270 = ORIENTED_EDGE ( 'NONE', *, *, #3077, .T. ) ;
#10271 = DIRECTION ( 'NONE',  ( -0.000000000000000000, -0.000000000000000000, 1.000000000000000000 ) ) ;
#10272 = ORIENTED_EDGE ( 'NONE', *, *, #5873, .F. ) ;
#10273 = CARTESIAN_POINT ( 'NONE',  ( 21.77336706323338689, 0.000000000000000000, -3.000000000000000000 ) ) ;
#10275 = ORIENTED_EDGE ( 'NONE', *, *, #1993, .F. ) ;
#10274 = EDGE_CURVE ( 'NONE', #3204, #5124, #8847, .T. ) ;
#10276 = LINE ( 'NONE', #9403, #2242 ) ;
#10277 = EDGE_CURVE ( 'NONE', #11061, #49, #4153, .T. ) ;
#10278 = CARTESIAN_POINT ( 'NONE',  ( 18.64120593425277050, 0.000000000000000000, -3.407045462299397531 ) ) ;
#10279 = LINE ( 'NONE', #9089, #11595 ) ;
#10280 = ADVANCED_FACE ( 'NONE', ( #1153 ), #9903, .F. ) ;
#10281 = CARTESIAN_POINT ( 'NONE',  ( 18.64120593425276695, 0.000000000000000000, -1.000000000000000000 ) ) ;
#10282 = CARTESIAN_POINT ( 'NONE',  ( 38.50000000000001421, 0.000000000000000000, -3.007045462299399841 ) ) ;
#10283 = DIRECTION ( 'NONE',  ( -1.000000000000000000, 0.000000000000000000, -1.141265444721583757E-16 ) ) ;
#10284 = CARTESIAN_POINT ( 'NONE',  ( 18.64120593425275985, 3.272523262990679971, -4.655877423168258922 ) ) ;
#10285 = PLANE ( 'NONE',  #2200 ) ;
#10286 = ORIENTED_EDGE ( 'NONE', *, *, #1626, .F. ) ;
#10287 = ORIENTED_EDGE ( 'NONE', *, *, #8271, .T. ) ;
#10288 = CARTESIAN_POINT ( 'NONE',  ( 37.06771335206871498, 1.103464568314089123, -5.267165293036052631 ) ) ;
#10289 = LINE ( 'NONE', #3412, #2342 ) ;
#10290 = CARTESIAN_POINT ( 'NONE',  ( 8.570602967126387028, 1.399999999999999911, -3.240753535442235211 ) ) ;
#10291 = CARTESIAN_POINT ( 'NONE',  ( 28.49711038494233861, 0.9534028740753675013, 2.799999999999999822 ) ) ;
#10292 = AXIS2_PLACEMENT_3D ( 'NONE', #11248, #3652, #2834 ) ;
#10293 = CARTESIAN_POINT ( 'NONE',  ( 11.35590445068957344, 1.000000000000000000, -1.000000000000000000 ) ) ;
#10294 = ORIENTED_EDGE ( 'NONE', *, *, #2318, .F. ) ;
#10295 = CARTESIAN_POINT ( 'NONE',  ( 35.78241186850554101, 1.000000000000000000, -2.836630331739350641 ) ) ;
#10296 = LINE ( 'NONE', #12270, #2787 ) ;
#10297 = ORIENTED_EDGE ( 'NONE', *, *, #7944, .F. ) ;
#10298 = VERTEX_POINT ( 'NONE', #1270 ) ;
#10299 = VERTEX_POINT ( 'NONE', #2271 ) ;
#10300 = DIRECTION ( 'NONE',  ( 5.626621160408424545E-15, -0.5735764363510473807, 0.8191520442889909104 ) ) ;
#10301 = CARTESIAN_POINT ( 'NONE',  ( 2.955705343071150182, 0.7834631812238950221, -0.6072026154634241335 ) ) ;
#10302 = AXIS2_PLACEMENT_3D ( 'NONE', #7456, #11104, #635 ) ;
#10303 = CARTESIAN_POINT ( 'NONE',  ( 31.49711038494233506, 2.000000000000000000, 1.739099631177264405 ) ) ;
#10304 = VECTOR ( 'NONE', #9095, 1000.000000000000000 ) ;
#10305 = DIRECTION ( 'NONE',  ( 0.000000000000000000, 1.000000000000000000, 0.000000000000000000 ) ) ;
#10306 = VECTOR ( 'NONE', #6280, 1000.000000000000000 ) ;
#10307 = DIRECTION ( 'NONE',  ( 4.488561888120282676E-15, 0.7660444431189767922, 0.6427876096865409172 ) ) ;
#10308 = EDGE_CURVE ( 'NONE', #10386, #8325, #3147, .T. ) ;
#10309 = CARTESIAN_POINT ( 'NONE',  ( 18.64120593425276695, 0.8628211600346445964, -0.4041232037028950064 ) ) ;
#10310 = CARTESIAN_POINT ( 'NONE',  ( 24.71180890137916109, 1.000000000000000000, -2.240753535442228106 ) ) ;
#10311 = EDGE_CURVE ( 'NONE', #5889, #9384, #7964, .T. ) ;
#10312 = CARTESIAN_POINT ( 'NONE',  ( 19.92650741781595514, 1.499358225474672235, 1.300000000000000044 ) ) ;
#10313 = VECTOR ( 'NONE', #7713, 1000.000000000000114 ) ;
#10314 = CARTESIAN_POINT ( 'NONE',  ( -1.500000000000000444, 2.000000000000000000, 1.739099631177264405 ) ) ;
#10315 = VERTEX_POINT ( 'NONE', #1210 ) ;
#10316 = ORIENTED_EDGE ( 'NONE', *, *, #1468, .T. ) ;
#10317 = AXIS2_PLACEMENT_3D ( 'NONE', #5782, #11504, #6727 ) ;
#10318 = ORIENTED_EDGE ( 'NONE', *, *, #1062, .T. ) ;
#10319 = ORIENTED_EDGE ( 'NONE', *, *, #5225, .T. ) ;
#10320 = DIRECTION ( 'NONE',  ( -1.141265444721583757E-16, -0.000000000000000000, -1.000000000000000000 ) ) ;
#10321 = ORIENTED_EDGE ( 'NONE', *, *, #9653, .F. ) ;
#10322 = CARTESIAN_POINT ( 'NONE',  ( 18.64120593425277761, 0.000000000000000000, -2.240753535442245425 ) ) ;
#10323 = VECTOR ( 'NONE', #5119, 1000.000000000000000 ) ;
#10324 = CIRCLE ( 'NONE', #919, 4.810796291701608496 ) ;
#10325 = LINE ( 'NONE', #4689, #8821 ) ;
#10326 = DIRECTION ( 'NONE',  ( 1.000000000000000000, 0.000000000000000000, -0.000000000000000000 ) ) ;
#10327 = EDGE_CURVE ( 'NONE', #4050, #2159, #10735, .T. ) ;
#10328 = PLANE ( 'NONE',  #562 ) ;
#10329 = CARTESIAN_POINT ( 'NONE',  ( 31.49711038494233151, 1.400000000000041434, -4.949634213632581492 ) ) ;
#10330 = EDGE_CURVE ( 'NONE', #6576, #306, #8786, .T. ) ;
#10331 = VERTEX_POINT ( 'NONE', #212 ) ;
#10332 = ORIENTED_EDGE ( 'NONE', *, *, #12117, .F. ) ;
#10333 = DIRECTION ( 'NONE',  ( 0.000000000000000000, 0.000000000000000000, -1.000000000000000000 ) ) ;
#10334 = ORIENTED_EDGE ( 'NONE', *, *, #10893, .F. ) ;
#10335 = VECTOR ( 'NONE', #7057, 1000.000000000000000 ) ;
#10336 = VECTOR ( 'NONE', #10093, 1000.000000000000000 ) ;
#10337 = DIRECTION ( 'NONE',  ( 1.000000000000000000, -0.000000000000000000, -1.141265444721583757E-16 ) ) ;
#10338 = ORIENTED_EDGE ( 'NONE', *, *, #5439, .F. ) ;
#10339 = DIRECTION ( 'NONE',  ( 1.000000000000000000, 0.000000000000000000, 0.000000000000000000 ) ) ;
#10340 = DIRECTION ( 'NONE',  ( -7.335912872304331086E-17, 0.7660444431189772363, 0.6427876096865402511 ) ) ;
#10341 = CARTESIAN_POINT ( 'NONE',  ( 15.64120593425275274, 1.267942713657679299, -5.186244395641643301 ) ) ;
#10342 = CARTESIAN_POINT ( 'NONE',  ( 21.94369544249090964, 8.971790744797411896E-16, -5.900668485670307106 ) ) ;
#10343 = VECTOR ( 'NONE', #10391, 1000.000000000000000 ) ;
#10344 = CARTESIAN_POINT ( 'NONE',  ( 35.34385085012657868, 0.5614389816210439976, -0.9267798729277888503 ) ) ;
#10345 = EDGE_CURVE ( 'NONE', #2403, #503, #2091, .T. ) ;
#10346 = CARTESIAN_POINT ( 'NONE',  ( 9.317462612543812028, 0.4000000000000000222, -3.000000000000000000 ) ) ;
#10347 = ADVANCED_FACE ( 'NONE', ( #271 ), #10919, .F. ) ;
#10348 = DIRECTION ( 'NONE',  ( 0.000000000000000000, 1.000000000000000000, 0.000000000000000000 ) ) ;
#10349 = CARTESIAN_POINT ( 'NONE',  ( -1.500000000000009326, 1.103464568314089123, -5.267165293036052631 ) ) ;
#10350 = LINE ( 'NONE', #5592, #9199 ) ;
#10351 = EDGE_CURVE ( 'NONE', #1974, #12271, #6850, .T. ) ;
#10352 = ORIENTED_EDGE ( 'NONE', *, *, #12178, .F. ) ;
#10353 = ORIENTED_EDGE ( 'NONE', *, *, #19, .T. ) ;
#10354 = VECTOR ( 'NONE', #4116, 1000.000000000000000 ) ;
#10355 = EDGE_CURVE ( 'NONE', #11973, #6592, #9971, .T. ) ;
#10356 = LINE ( 'NONE', #5408, #11727 ) ;
#10357 = LINE ( 'NONE', #3653, #4344 ) ;
#10358 = CARTESIAN_POINT ( 'NONE',  ( 32.78241186850551969, 1.399999999999999245, -4.949661896593934962 ) ) ;
#10359 = LINE ( 'NONE', #2900, #2756 ) ;
#10360 = VECTOR ( 'NONE', #10481, 1000.000000000000000 ) ;
#10361 = DIRECTION ( 'NONE',  ( 0.000000000000000000, -1.000000000000000000, 0.000000000000000000 ) ) ;
#10362 = ORIENTED_EDGE ( 'NONE', *, *, #10740, .F. ) ;
#10363 = VECTOR ( 'NONE', #7421, 1000.000000000000000 ) ;
#10364 = DIRECTION ( 'NONE',  ( 1.000000000000000000, 0.000000000000000000, -6.982962677686266711E-15 ) ) ;
#10365 = DIRECTION ( 'NONE',  ( -1.000000000000000000, 0.000000000000000000, 0.000000000000000000 ) ) ;
#10367 = ORIENTED_EDGE ( 'NONE', *, *, #8346, .F. ) ;
#10366 = ADVANCED_FACE ( 'NONE', ( #6971 ), #5965, .F. ) ;
#10368 = EDGE_CURVE ( 'NONE', #2415, #9384, #10802, .T. ) ;
#10369 = ORIENTED_EDGE ( 'NONE', *, *, #4002, .F. ) ;
#10370 = ORIENTED_EDGE ( 'NONE', *, *, #5567, .F. ) ;
#10371 = ORIENTED_EDGE ( 'NONE', *, *, #935, .F. ) ;
#10372 = CARTESIAN_POINT ( 'NONE',  ( 37.82399845764867763, 0.4000000000000000222, -3.000000000000000000 ) ) ;
#10373 = CARTESIAN_POINT ( 'NONE',  ( 19.92650741781596224, 0.000000000000000000, -3.407045462299397531 ) ) ;
#10374 = AXIS2_PLACEMENT_3D ( 'NONE', #12002, #6394, #2517 ) ;
#10375 = DIRECTION ( 'NONE',  ( -0.000000000000000000, -0.000000000000000000, 1.000000000000000000 ) ) ;
#10376 = VECTOR ( 'NONE', #11584, 1000.000000000000000 ) ;
#10377 = CARTESIAN_POINT ( 'NONE',  ( 11.35590445068957344, 0.000000000000000000, -1.000000000000000000 ) ) ;
#10378 = CARTESIAN_POINT ( 'NONE',  ( 28.99711038494234217, 0.4999999999999978351, -1.000000000000000000 ) ) ;
#10379 = DIRECTION ( 'NONE',  ( 1.000000000000000000, 0.000000000000000000, -6.982962677686266711E-15 ) ) ;
#10380 = CARTESIAN_POINT ( 'NONE',  ( 13.20276409610700519, 0.000000000000000000, -3.000000000000000000 ) ) ;
#10381 = VECTOR ( 'NONE', #8164, 1000.000000000000000 ) ;
#10382 = LINE ( 'NONE', #2926, #7579 ) ;
#10383 = EDGE_LOOP ( 'NONE', ( #12426, #4280, #604, #64, #10039, #1292, #5355, #1962, #9714, #10538, #4530, #720 ) ) ;
#10384 = EDGE_LOOP ( 'NONE', ( #4251, #10684, #1995, #3855 ) ) ;
#10385 = VECTOR ( 'NONE', #2138, 1000.000000000000000 ) ;
#10386 = VERTEX_POINT ( 'NONE', #7028 ) ;
#10387 = ORIENTED_EDGE ( 'NONE', *, *, #10187, .T. ) ;
#10388 = EDGE_CURVE ( 'NONE', #7593, #4891, #3088, .T. ) ;
#10389 = PLANE ( 'NONE',  #2326 ) ;
#10390 = EDGE_LOOP ( 'NONE', ( #8106, #8684, #3741, #555 ) ) ;
#10391 = DIRECTION ( 'NONE',  ( 0.5407162030609378167, 0.5407162030609377057, 0.6444004775717702138 ) ) ;
#10392 = EDGE_CURVE ( 'NONE', #6016, #10854, #1330, .T. ) ;
#10393 = VECTOR ( 'NONE', #11956, 1000.000000000000114 ) ;
#10394 = LINE ( 'NONE', #4443, #11044 ) ;
#10395 = FACE_OUTER_BOUND ( 'NONE', #4219, .T. ) ;
#10396 = CARTESIAN_POINT ( 'NONE',  ( 24.71180890137916109, 0.000000000000000000, -2.240753535442228106 ) ) ;
#10397 = VERTEX_POINT ( 'NONE', #5207 ) ;
#10398 = ORIENTED_EDGE ( 'NONE', *, *, #10050, .F. ) ;
#10399 = LINE ( 'NONE', #9211, #8908 ) ;
#10400 = EDGE_LOOP ( 'NONE', ( #145, #8526, #10297, #4439 ) ) ;
#10401 = EDGE_CURVE ( 'NONE', #10179, #4020, #4214, .T. ) ;
#10402 = ORIENTED_EDGE ( 'NONE', *, *, #8817, .F. ) ;
#10403 = DIRECTION ( 'NONE',  ( 0.000000000000000000, 1.000000000000000000, -0.000000000000000000 ) ) ;
#10404 = EDGE_CURVE ( 'NONE', #2040, #12240, #10679, .T. ) ;
#10405 = DIRECTION ( 'NONE',  ( 1.000000000000000000, -0.000000000000000000, 1.141265444721583757E-16 ) ) ;
#10406 = CARTESIAN_POINT ( 'NONE',  ( 32.63243548389610282, 1.102365630357457826, -5.215502924329152634 ) ) ;
#10407 = CARTESIAN_POINT ( 'NONE',  ( -1.500000000000011102, 2.000000000000000000, -5.468901542184338993 ) ) ;
#10408 = CARTESIAN_POINT ( 'NONE',  ( 20.42650741781596935, 0.4999999999999978351, -2.240753535442228106 ) ) ;
#10409 = CARTESIAN_POINT ( 'NONE',  ( 24.38221276088710354, 0.7834631812238952442, -0.6072026154634236894 ) ) ;
#10410 = CYLINDRICAL_SURFACE ( 'NONE', #7695, 1.500000000000000000 ) ;
#10411 = PLANE ( 'NONE',  #9716 ) ;
#10412 = ORIENTED_EDGE ( 'NONE', *, *, #6914, .T. ) ;
#10413 = DIRECTION ( 'NONE',  ( 1.000000000000000000, -0.000000000000000000, -0.000000000000000000 ) ) ;
#10414 = ORIENTED_EDGE ( 'NONE', *, *, #6374, .F. ) ;
#10415 = VERTEX_POINT ( 'NONE', #7150 ) ;
#10416 = VECTOR ( 'NONE', #5319, 1000.000000000000000 ) ;
#10417 = DIRECTION ( 'NONE',  ( -4.005262847839656493E-15, -0.8191520442889909104, -0.5735764363510473807 ) ) ;
#10418 = CARTESIAN_POINT ( 'NONE',  ( 10.07060296712637282, 1.372613645930301329, -5.038802382218244169 ) ) ;
#10419 = CARTESIAN_POINT ( 'NONE',  ( 32.78241186850552680, 1.000000000000000000, -1.000000000000000000 ) ) ;
#10420 = CARTESIAN_POINT ( 'NONE',  ( 18.64120593425276695, 1.000000000000000000, -4.040753535442245692 ) ) ;
#10421 = EDGE_CURVE ( 'NONE', #2113, #2660, #10279, .T. ) ;
#10422 = CARTESIAN_POINT ( 'NONE',  ( 13.86705961169955614, 1.400000000000000577, -5.010998372119821909 ) ) ;
#10423 = VECTOR ( 'NONE', #2869, 1000.000000000000000 ) ;
#10424 = ORIENTED_EDGE ( 'NONE', *, *, #8431, .F. ) ;
#10425 = DIRECTION ( 'NONE',  ( 1.000000000000000000, 0.000000000000000000, -6.982962677686266711E-15 ) ) ;
#10426 = CARTESIAN_POINT ( 'NONE',  ( 14.35590445068957877, 0.000000000000000000, -3.007045462299397620 ) ) ;
#10427 = ORIENTED_EDGE ( 'NONE', *, *, #8094, .T. ) ;
#10428 = VERTEX_POINT ( 'NONE', #5519 ) ;
#10429 = ORIENTED_EDGE ( 'NONE', *, *, #5904, .F. ) ;
#10430 = DIRECTION ( 'NONE',  ( -1.141265444721583757E-16, -0.000000000000000000, -1.000000000000000000 ) ) ;
#10431 = CARTESIAN_POINT ( 'NONE',  ( 5.785301483563197955, 0.3999999999999999667, -3.007045462299396732 ) ) ;
#10432 = PLANE ( 'NONE',  #5536 ) ;
#10433 = ADVANCED_FACE ( 'NONE', ( #1512 ), #9342, .F. ) ;
#10434 = AXIS2_PLACEMENT_3D ( 'NONE', #1241, #7933, #3115 ) ;
#10435 = PLANE ( 'NONE',  #12258 ) ;
#10436 = FACE_OUTER_BOUND ( 'NONE', #3881, .T. ) ;
#10437 = VECTOR ( 'NONE', #10660, 1000.000000000000000 ) ;
#10438 = CARTESIAN_POINT ( 'NONE',  ( 40.06771335206874340, 1.000000000000000000, -2.240753535442245425 ) ) ;
#10439 = EDGE_CURVE ( 'NONE', #1974, #173, #12062, .T. ) ;
#10440 = CARTESIAN_POINT ( 'NONE',  ( 18.64120593425277050, 0.3999999999999999667, -3.007045462299397620 ) ) ;
#10441 = ADVANCED_FACE ( 'NONE', ( #10152 ), #1642, .F. ) ;
#10442 = CARTESIAN_POINT ( 'NONE',  ( 7.509163985505350247, 0.5614389816210439976, -2.313973662514438256 ) ) ;
#10443 = CARTESIAN_POINT ( 'NONE',  ( 38.50000000000001421, 0.4000000000000000222, -3.407045462299400196 ) ) ;
#10444 = CARTESIAN_POINT ( 'NONE',  ( -0.9999999999999978906, 0.4999999999999978351, -1.000000000000000000 ) ) ;
#10446 = ORIENTED_EDGE ( 'NONE', *, *, #5838, .T. ) ;
#10445 = VECTOR ( 'NONE', #11856, 1000.000000000000000 ) ;
#10447 = ORIENTED_EDGE ( 'NONE', *, *, #3448, .T. ) ;
#10448 = ORIENTED_EDGE ( 'NONE', *, *, #10721, .T. ) ;
#10449 = VECTOR ( 'NONE', #4472, 1000.000000000000000 ) ;
#10450 = ORIENTED_EDGE ( 'NONE', *, *, #4651, .F. ) ;
#10451 = LINE ( 'NONE', #4746, #7522 ) ;
#10452 = VERTEX_POINT ( 'NONE', #10987 ) ;
#10453 = DIRECTION ( 'NONE',  ( 0.000000000000000000, 1.000000000000000000, 0.000000000000000000 ) ) ;
#10454 = DIRECTION ( 'NONE',  ( -0.000000000000000000, -0.000000000000000000, 1.000000000000000000 ) ) ;
#10455 = DIRECTION ( 'NONE',  ( 0.000000000000000000, 0.000000000000000000, -1.000000000000000000 ) ) ;
#10456 = CARTESIAN_POINT ( 'NONE',  ( 0.000000000000000000, 1.000000000000000000, -0.4041232037028948954 ) ) ;
#10457 = EDGE_LOOP ( 'NONE', ( #6874, #9671, #7938, #4204 ) ) ;
#10458 = EDGE_LOOP ( 'NONE', ( #3607, #8353, #8576, #1976 ) ) ;
#10459 = ORIENTED_EDGE ( 'NONE', *, *, #6897, .F. ) ;
#10460 = EDGE_LOOP ( 'NONE', ( #9057, #450, #6001, #6353 ) ) ;
#10461 = CARTESIAN_POINT ( 'NONE',  ( 30.99711038494233506, 0.000000000000000000, -1.000000000000000000 ) ) ;
#10462 = ORIENTED_EDGE ( 'NONE', *, *, #12328, .T. ) ;
#10463 = CARTESIAN_POINT ( 'NONE',  ( 13.20276409610700519, 0.000000000000000000, -2.240753535442237432 ) ) ;
#10464 = CARTESIAN_POINT ( 'NONE',  ( 17.48806557967019515, 0.000000000000000000, -1.000000000000000000 ) ) ;
#10465 = CARTESIAN_POINT ( 'NONE',  ( 15.64120593425275629, 1.399999999999999911, -4.858572962426980446 ) ) ;
#10466 = CARTESIAN_POINT ( 'NONE',  ( 28.49711038494233861, 0.4000000000000000222, 0.1662919268571539100 ) ) ;
#10467 = EDGE_CURVE ( 'NONE', #10505, #8046, #11174, .T. ) ;
#10468 = LINE ( 'NONE', #5644, #5968 ) ;
#10469 = EDGE_CURVE ( 'NONE', #1992, #7108, #6457, .T. ) ;
#10470 = CARTESIAN_POINT ( 'NONE',  ( 24.67972001514119285, 0.5320888862379536954, -0.9617579545435693822 ) ) ;
#10471 = FACE_OUTER_BOUND ( 'NONE', #5894, .T. ) ;
#10472 = EDGE_CURVE ( 'NONE', #2041, #4395, #9155, .T. ) ;
#10473 = DIRECTION ( 'NONE',  ( -0.5407162030609422576, 0.5407162030609375947, -0.6444004775717664391 ) ) ;
#10474 = ORIENTED_EDGE ( 'NONE', *, *, #4613, .T. ) ;
#10475 = DIRECTION ( 'NONE',  ( 1.000000000000000000, -0.000000000000000000, -6.982962677686266711E-15 ) ) ;
#10476 = ORIENTED_EDGE ( 'NONE', *, *, #3570, .T. ) ;
#10477 = ORIENTED_EDGE ( 'NONE', *, *, #8971, .T. ) ;
#10478 = CARTESIAN_POINT ( 'NONE',  ( 18.64120593425276695, 0.06443263463840748217, 0.1149657687835883013 ) ) ;
#10479 = CARTESIAN_POINT ( 'NONE',  ( 5.785301483563190850, 0.000000000000000000, -0.4041232037028952284 ) ) ;
#10480 = CARTESIAN_POINT ( 'NONE',  ( 32.78241186850552680, 1.191276127410974883, -5.242417899579847607 ) ) ;
#10481 = DIRECTION ( 'NONE',  ( 1.894180325222886620E-15, 0.9625068420560822791, 0.2712574035768015590 ) ) ;
#10482 = CARTESIAN_POINT ( 'NONE',  ( 35.02927151392295713, 0.000000000000000000, -3.000000000000000000 ) ) ;
#10483 = ORIENTED_EDGE ( 'NONE', *, *, #4817, .T. ) ;
#10484 = ADVANCED_FACE ( 'NONE', ( #4334 ), #1579, .F. ) ;
#10485 = CARTESIAN_POINT ( 'NONE',  ( 13.85590445068958410, 1.000000000000000000, -2.240753535442241873 ) ) ;
#10486 = DIRECTION ( 'NONE',  ( -1.141265444721583757E-16, 0.000000000000000000, -1.000000000000000000 ) ) ;
#10487 = ORIENTED_EDGE ( 'NONE', *, *, #1588, .F. ) ;
#10488 = VERTEX_POINT ( 'NONE', #11049 ) ;
#10489 = ORIENTED_EDGE ( 'NONE', *, *, #8559, .F. ) ;
#10490 = EDGE_CURVE ( 'NONE', #11745, #218, #4180, .T. ) ;
#10491 = ORIENTED_EDGE ( 'NONE', *, *, #6834, .F. ) ;
#10492 = LINE ( 'NONE', #3729, #7962 ) ;
#10493 = CARTESIAN_POINT ( 'NONE',  ( -0.9999999999999859002, 1.000000000000000000, -2.240753535442228106 ) ) ;
#10494 = DIRECTION ( 'NONE',  ( 0.000000000000000000, -0.000000000000000000, -1.000000000000000000 ) ) ;
#10495 = CARTESIAN_POINT ( 'NONE',  ( 19.92650741781594448, 2.000000000000000000, -5.468901542184338993 ) ) ;
#10496 = CARTESIAN_POINT ( 'NONE',  ( 27.21180890137915043, 1.000000000000000000, -4.040753535442245692 ) ) ;
#10497 = DIRECTION ( 'NONE',  ( 1.141265444721583757E-16, 0.000000000000000000, 1.000000000000000000 ) ) ;
#10498 = CARTESIAN_POINT ( 'NONE',  ( 15.64120593425277050, 0.000000000000000000, -3.007045462299397620 ) ) ;
#10499 = PLANE ( 'NONE',  #11349 ) ;
#10500 = EDGE_CURVE ( 'NONE', #9442, #7491, #10089, .T. ) ;
#10501 = PLANE ( 'NONE',  #5174 ) ;
#10502 = ORIENTED_EDGE ( 'NONE', *, *, #9343, .F. ) ;
#10503 = ORIENTED_EDGE ( 'NONE', *, *, #6258, .F. ) ;
#10504 = VECTOR ( 'NONE', #9674, 1000.000000000000000 ) ;
#10505 = VERTEX_POINT ( 'NONE', #2580 ) ;
#10506 = ORIENTED_EDGE ( 'NONE', *, *, #3431, .T. ) ;
#10507 = EDGE_CURVE ( 'NONE', #3620, #8572, #12184, .T. ) ;
#10508 = VECTOR ( 'NONE', #1531, 1000.000000000000000 ) ;
#10509 = ADVANCED_FACE ( 'NONE', ( #7212 ), #11933, .F. ) ;
#10510 = CARTESIAN_POINT ( 'NONE',  ( 3.729917831789482552, 1.399999999999831823, -5.423416779412474575 ) ) ;
#10511 = ORIENTED_EDGE ( 'NONE', *, *, #11369, .T. ) ;
#10512 = CARTESIAN_POINT ( 'NONE',  ( 39.62915233368977397, 0.5614389816210439976, -0.9267798729277888503 ) ) ;
#10513 = FACE_OUTER_BOUND ( 'NONE', #3909, .T. ) ;
#10514 = PLANE ( 'NONE',  #1367 ) ;
#10515 = VECTOR ( 'NONE', #2147, 1000.000000000000000 ) ;
#10516 = VECTOR ( 'NONE', #1758, 1000.000000000000000 ) ;
#10517 = CARTESIAN_POINT ( 'NONE',  ( 1.500000000000011990, 0.000000000000000000, -2.240753535442245425 ) ) ;
#10518 = VECTOR ( 'NONE', #3303, 1000.000000000000000 ) ;
#10519 = VERTEX_POINT ( 'NONE', #7393 ) ;
#10520 = ORIENTED_EDGE ( 'NONE', *, *, #2648, .T. ) ;
#10521 = ORIENTED_EDGE ( 'NONE', *, *, #9270, .F. ) ;
#10522 = VERTEX_POINT ( 'NONE', #3459 ) ;
#10523 = LINE ( 'NONE', #9519, #5523 ) ;
#10524 = EDGE_LOOP ( 'NONE', ( #3491, #5062, #1851, #8141, #2738, #10894, #2071, #4823, #10021, #8879, #12383, #6607, #2074, #12327, #6957, #849 ) ) ;
#10525 = VECTOR ( 'NONE', #2816, 1000.000000000000000 ) ;
#10526 = VECTOR ( 'NONE', #9279, 1000.000000000000000 ) ;
#10527 = CARTESIAN_POINT ( 'NONE',  ( 2.785301483563191294, 0.000000000000000000, -1.000000000000000000 ) ) ;
#10528 = PLANE ( 'NONE',  #12048 ) ;
#10529 = DIRECTION ( 'NONE',  ( -1.000000000000000000, -0.000000000000000000, -0.000000000000000000 ) ) ;
#10530 = DIRECTION ( 'NONE',  ( 0.000000000000000000, 0.000000000000000000, 1.000000000000000000 ) ) ;
#10531 = CARTESIAN_POINT ( 'NONE',  ( 25.71180890137914687, 1.000000000000000000, -0.4041232037028948954 ) ) ;
#10533 = DIRECTION ( 'NONE',  ( 0.6427876096865409172, -0.000000000000000000, 0.7660444431189766812 ) ) ;
#10532 = VECTOR ( 'NONE', #10626, 1000.000000000000000 ) ;
#10534 = CARTESIAN_POINT ( 'NONE',  ( -1.329596140492040446, 0.7834631812238950221, -0.6072026154634241335 ) ) ;
#10535 = ORIENTED_EDGE ( 'NONE', *, *, #4366, .F. ) ;
#10536 = AXIS2_PLACEMENT_3D ( 'NONE', #6708, #10891, #9815 ) ;
#10537 = CARTESIAN_POINT ( 'NONE',  ( 1.500000000000000000, 0.3999999999999999667, -0.2337080731428449742 ) ) ;
#10538 = ORIENTED_EDGE ( 'NONE', *, *, #11719, .F. ) ;
#10539 = LINE ( 'NONE', #6017, #3998 ) ;
#10540 = VERTEX_POINT ( 'NONE', #11108 ) ;
#10541 = ORIENTED_EDGE ( 'NONE', *, *, #6210, .F. ) ;
#10542 = ADVANCED_FACE ( 'NONE', ( #3518 ), #9276, .F. ) ;
#10543 = CARTESIAN_POINT ( 'NONE',  ( 3.541586589143146835, 0.000000000000000000, -2.240753535442229882 ) ) ;
#10544 = CARTESIAN_POINT ( 'NONE',  ( 10.07060296712637637, 1.400000000000041211, -4.949634213632581492 ) ) ;
#10545 = VECTOR ( 'NONE', #5279, 1000.000000000000000 ) ;
#10546 = DIRECTION ( 'NONE',  ( -0.000000000000000000, -1.000000000000000000, 0.000000000000000000 ) ) ;
#10547 = CARTESIAN_POINT ( 'NONE',  ( 38.50000000000001421, 0.000000000000000000, 0.1662919268571550480 ) ) ;
#10548 = EDGE_CURVE ( 'NONE', #4290, #850, #10216, .T. ) ;
#10549 = B_SPLINE_CURVE_WITH_KNOTS ( 'NONE', 3,
 ( #8963, #4208, #5327, #4147, #5202, #10913 ),
 .UNSPECIFIED., .F., .F.,
 ( 4, 2, 4 ),
 ( 0.000000000000000000, 0.0002694863184573004482, 0.0005389726369146008965 ),
 .UNSPECIFIED. ) ;
#10550 = LINE ( 'NONE', #9665, #9117 ) ;
#10551 = DIRECTION ( 'NONE',  ( 6.868836133214108557E-15, 0.000000000000000000, 1.000000000000000000 ) ) ;
#10552 = AXIS2_PLACEMENT_3D ( 'NONE', #4797, #4860, #101 ) ;
#10553 = CARTESIAN_POINT ( 'NONE',  ( 34.28241186850552680, 1.000000000000000000, 0.3238172648295125633 ) ) ;
#10554 = EDGE_LOOP ( 'NONE', ( #817, #1205, #3066, #1057, #2927, #8710 ) ) ;
#10555 = ORIENTED_EDGE ( 'NONE', *, *, #11969, .T. ) ;
#10556 = ORIENTED_EDGE ( 'NONE', *, *, #3461, .T. ) ;
#10557 = ADVANCED_FACE ( 'NONE', ( #11237 ), #2642, .F. ) ;
#10558 = LINE ( 'NONE', #5483, #2924 ) ;
#10559 = FACE_OUTER_BOUND ( 'NONE', #10178, .T. ) ;
#10560 = CARTESIAN_POINT ( 'NONE',  ( 5.785301483563190850, 0.000000000000000000, -1.000000000000000000 ) ) ;
#10561 = DIRECTION ( 'NONE',  ( -1.000000000000000000, 0.000000000000000000, 0.000000000000000000 ) ) ;
#10562 = PRESENTATION_STYLE_ASSIGNMENT (( #4735 ) ) ;
#10563 = EDGE_CURVE ( 'NONE', #3184, #746, #3764, .T. ) ;
#10564 = VECTOR ( 'NONE', #3160, 1000.000000000000000 ) ;
#10565 = LINE ( 'NONE', #5734, #8433 ) ;
#10566 = CARTESIAN_POINT ( 'NONE',  ( 21.93693017012062896, 1.399999999999999467, -5.098382031700254835 ) ) ;
#10567 = AXIS2_PLACEMENT_3D ( 'NONE', #11660, #3243, #11717 ) ;
#10568 = LINE ( 'NONE', #1104, #8707 ) ;
#10569 = CARTESIAN_POINT ( 'NONE',  ( 14.35590445068958054, 1.000000000000000000, -3.007045462299397620 ) ) ;
#10570 = CARTESIAN_POINT ( 'NONE',  ( 9.125879300957162599, 1.400000000000169997, -5.423430774507966845 ) ) ;
#10571 = ORIENTED_EDGE ( 'NONE', *, *, #637, .F. ) ;
#10572 = ORIENTED_EDGE ( 'NONE', *, *, #1106, .F. ) ;
#10573 = ORIENTED_EDGE ( 'NONE', *, *, #8155, .F. ) ;
#10574 = ORIENTED_EDGE ( 'NONE', *, *, #12033, .T. ) ;
#10575 = AXIS2_PLACEMENT_3D ( 'NONE', #4200, #9770, #11617 ) ;
#10576 = VECTOR ( 'NONE', #539, 1000.000000000000000 ) ;
#10577 = PLANE ( 'NONE',  #9124 ) ;
#10578 = ORIENTED_EDGE ( 'NONE', *, *, #2550, .T. ) ;
#10579 = CARTESIAN_POINT ( 'NONE',  ( 5.785301483563191738, 1.499358225474672235, 2.799999999999999822 ) ) ;
#10580 = ADVANCED_FACE ( 'NONE', ( #2758 ), #4578, .T. ) ;
#10581 = LINE ( 'NONE', #6878, #8224 ) ;
#10582 = DIRECTION ( 'NONE',  ( -1.141265444721583757E-16, -0.000000000000000000, -1.000000000000000000 ) ) ;
#10583 =( BOUNDED_SURFACE ( )  B_SPLINE_SURFACE ( 3, 1, ( 
 ( #1694, #1821 ),
 ( #6325, #7389 ),
 ( #8452, #9338 ),
 ( #692, #2636 ) ),
 .UNSPECIFIED., .F., .F., .F. ) 
 B_SPLINE_SURFACE_WITH_KNOTS ( ( 4, 4 ),
 ( 2, 2 ),
 ( 0.000000000000000000, 1.000000000000000000 ),
 ( 0.000000000000000000, 1.000000000000000000 ),
 .UNSPECIFIED. ) 
 GEOMETRIC_REPRESENTATION_ITEM ( )  RATIONAL_B_SPLINE_SURFACE ( (
 ( 1.000000000000000000, 1.000000000000000000),
 ( 0.9667654570425325833, 0.9667654570425325833),
 ( 0.9667654570425325833, 0.9667654570425325833),
 ( 1.000000000000000000, 1.000000000000000000) ) ) 
 REPRESENTATION_ITEM ( '' )  SURFACE ( )  );
#10584 = VECTOR ( 'NONE', #2797, 1000.000000000000114 ) ;
#10585 = EDGE_CURVE ( 'NONE', #12240, #8762, #8648, .T. ) ;
#10586 = LINE ( 'NONE', #8385, #11586 ) ;
#10587 = AXIS2_PLACEMENT_3D ( 'NONE', #135, #6520, #8709 ) ;
#10588 = ORIENTED_EDGE ( 'NONE', *, *, #5401, .T. ) ;
#10589 = VERTEX_POINT ( 'NONE', #6643 ) ;
#10590 = ORIENTED_EDGE ( 'NONE', *, *, #11166, .F. ) ;
#10591 = EDGE_LOOP ( 'NONE', ( #614, #12113, #9070, #3940 ) ) ;
#10592 = LINE ( 'NONE', #9765, #5325 ) ;
#10593 = ORIENTED_EDGE ( 'NONE', *, *, #4725, .T. ) ;
#10594 = CIRCLE ( 'NONE', #12013, 1.500000000000000000 ) ;
#10595 = DIRECTION ( 'NONE',  ( 0.000000000000000000, -1.000000000000000000, -0.000000000000000000 ) ) ;
#10596 = EDGE_CURVE ( 'NONE', #10195, #10298, #3887, .T. ) ;
#10597 = CARTESIAN_POINT ( 'NONE',  ( 18.64120593425276695, 0.5351768109448615807, 2.449066664678466232 ) ) ;
#10598 = CARTESIAN_POINT ( 'NONE',  ( -0.3437148944200444922, 0.000000000000000000, -2.240753535442232547 ) ) ;
#10599 = DIRECTION ( 'NONE',  ( -0.7660444431189766812, 0.000000000000000000, 0.6427876096865409172 ) ) ;
#10600 = DIRECTION ( 'NONE',  ( -1.000000000000000000, -0.000000000000000000, 1.141265444721583757E-16 ) ) ;
#10601 = EDGE_CURVE ( 'NONE', #4323, #5342, #2490, .T. ) ;
#10602 = ADVANCED_FACE ( 'NONE', ( #8 ), #1013, .F. ) ;
#10603 = AXIS2_PLACEMENT_3D ( 'NONE', #10038, #11112, #5272 ) ;
#10604 = DIRECTION ( 'NONE',  ( -7.097089222158424864E-15, 0.000000000000000000, -1.000000000000000000 ) ) ;
#10605 = FACE_OUTER_BOUND ( 'NONE', #9643, .T. ) ;
#10606 = LINE ( 'NONE', #79, #2513 ) ;
#10607 = ORIENTED_EDGE ( 'NONE', *, *, #2747, .T. ) ;
#10608 = CARTESIAN_POINT ( 'NONE',  ( 8.570602967126381699, -1.000000000000000000, 0.3238172648295125633 ) ) ;
#10609 = ORIENTED_EDGE ( 'NONE', *, *, #4617, .F. ) ;
#10610 = ORIENTED_EDGE ( 'NONE', *, *, #253, .F. ) ;
#10611 = DIRECTION ( 'NONE',  ( 0.000000000000000000, 3.577867169202164632E-15, 1.000000000000000000 ) ) ;
#10612 = CARTESIAN_POINT ( 'NONE',  ( 40.06771335206872919, 0.5351768109448615807, 2.449066664678466232 ) ) ;
#10613 = CARTESIAN_POINT ( 'NONE',  ( 38.50000000000001421, 0.000000000000000000, -3.007045462299399841 ) ) ;
#10614 = PLANE ( 'NONE',  #9759 ) ;
#10615 = EDGE_CURVE ( 'NONE', #4175, #1977, #5570, .T. ) ;
#10616 = DIRECTION ( 'NONE',  ( 0.000000000000000000, -0.000000000000000000, -1.000000000000000000 ) ) ;
#10617 = EDGE_CURVE ( 'NONE', #6413, #8543, #11425, .T. ) ;
#10618 = DIRECTION ( 'NONE',  ( -1.000000000000000000, -0.000000000000000000, -0.000000000000000000 ) ) ;
#10619 = CARTESIAN_POINT ( 'NONE',  ( 14.35590445068957521, 1.499358225474672235, 2.799999999999999822 ) ) ;
#10620 = EDGE_LOOP ( 'NONE', ( #340, #9534, #8290, #34 ) ) ;
#10621 = EDGE_CURVE ( 'NONE', #9502, #3198, #2882, .T. ) ;
#10622 = ORIENTED_EDGE ( 'NONE', *, *, #1128, .F. ) ;
#10623 = EDGE_LOOP ( 'NONE', ( #4141, #2571, #9223, #876 ) ) ;
#10624 = PLANE ( 'NONE',  #11132 ) ;
#10625 = FACE_OUTER_BOUND ( 'NONE', #10006, .T. ) ;
#10626 = DIRECTION ( 'NONE',  ( 0.000000000000000000, -1.000000000000000000, 0.000000000000000000 ) ) ;
#10627 = DIRECTION ( 'NONE',  ( 1.000000000000000000, -0.000000000000000000, 0.000000000000000000 ) ) ;
#10628 = DIRECTION ( 'NONE',  ( 0.000000000000000000, 1.000000000000000000, 0.000000000000000000 ) ) ;
#10629 = DIRECTION ( 'NONE',  ( -0.6427876096865355882, -0.000000000000000000, 0.7660444431189811221 ) ) ;
#10630 = CARTESIAN_POINT ( 'NONE',  ( -1.500000000000006439, 1.399999999999999911, -4.858572962426980446 ) ) ;
#10631 = CARTESIAN_POINT ( 'NONE',  ( 3.541586589143146835, 0.4000000000000000222, -3.000000000000000000 ) ) ;
#10632 = EDGE_CURVE ( 'NONE', #11231, #9549, #6774, .T. ) ;
#10633 = LINE ( 'NONE', #6869, #4931 ) ;
#10634 = CARTESIAN_POINT ( 'NONE',  ( 40.06771335206874340, 1.000000000000000000, -2.240753535442245425 ) ) ;
#10635 = VERTEX_POINT ( 'NONE', #10598 ) ;
#10636 = ORIENTED_EDGE ( 'NONE', *, *, #5943, .T. ) ;
#10637 = EDGE_CURVE ( 'NONE', #5232, #11481, #1293, .T. ) ;
#10638 = ORIENTED_EDGE ( 'NONE', *, *, #3817, .T. ) ;
#10639 = VERTEX_POINT ( 'NONE', #7458 ) ;
#10640 = AXIS2_PLACEMENT_3D ( 'NONE', #3253, #12044, #5132 ) ;
#10641 = CARTESIAN_POINT ( 'NONE',  ( 2.767946656538439409, 1.400000000000000355, -4.852277374311898761 ) ) ;
#10642 = ORIENTED_EDGE ( 'NONE', *, *, #4956, .T. ) ;
#10643 = VECTOR ( 'NONE', #11726, 1000.000000000000000 ) ;
#10644 = PLANE ( 'NONE',  #12171 ) ;
#10645 = LINE ( 'NONE', #6758, #1031 ) ;
#10646 = CARTESIAN_POINT ( 'NONE',  ( 24.21180890137914687, 1.000000000000000000, -1.000000000000000000 ) ) ;
#10647 = FACE_OUTER_BOUND ( 'NONE', #2222, .T. ) ;
#10648 = VECTOR ( 'NONE', #3486, 1000.000000000000000 ) ;
#10649 = VECTOR ( 'NONE', #1824, 1000.000000000000000 ) ;
#10650 = ORIENTED_EDGE ( 'NONE', *, *, #6992, .F. ) ;
#10651 = ORIENTED_EDGE ( 'NONE', *, *, #6549, .T. ) ;
#10652 = EDGE_CURVE ( 'NONE', #497, #4393, #4094, .T. ) ;
#10653 = ORIENTED_EDGE ( 'NONE', *, *, #10824, .F. ) ;
#10654 = ORIENTED_EDGE ( 'NONE', *, *, #4747, .F. ) ;
#10655 = CARTESIAN_POINT ( 'NONE',  ( 17.66091944311148865, 1.400000000000000355, -5.120578528970613164 ) ) ;
#10656 = ORIENTED_EDGE ( 'NONE', *, *, #178, .T. ) ;
#10657 = ADVANCED_FACE ( 'NONE', ( #5133 ), #3013, .F. ) ;
#10658 = VECTOR ( 'NONE', #8891, 1000.000000000000000 ) ;
#10659 =( BOUNDED_CURVE ( )  B_SPLINE_CURVE ( 3, ( #284, #9986, #346, #4167 ),
 .UNSPECIFIED., .F., .F. ) 
 B_SPLINE_CURVE_WITH_KNOTS ( ( 4, 4 ),
 ( 1.943323292647560319, 2.268928027592631569 ),
 .UNSPECIFIED. ) 
 CURVE ( )  GEOMETRIC_REPRESENTATION_ITEM ( )  RATIONAL_B_SPLINE_CURVE ( ( 1.000000000000000000, 0.9911846262163772625, 0.9911846262163772625, 1.000000000000000000 ) ) 
 REPRESENTATION_ITEM ( '' )  );
#10660 = DIRECTION ( 'NONE',  ( 0.000000000000000000, -1.000000000000000000, 0.000000000000000000 ) ) ;
#10661 = CARTESIAN_POINT ( 'NONE',  ( 22.92650741781596579, 1.000000000000000000, -2.836630331739350641 ) ) ;
#10662 = CARTESIAN_POINT ( 'NONE',  ( 38.50000000000001421, 0.000000000000000000, -3.007045462299399841 ) ) ;
#10663 = LINE ( 'NONE', #10786, #5844 ) ;
#10664 = LINE ( 'NONE', #10787, #9974 ) ;
#10665 = VECTOR ( 'NONE', #2684, 1000.000000000000000 ) ;
#10666 = ORIENTED_EDGE ( 'NONE', *, *, #4886, .T. ) ;
#10667 = ORIENTED_EDGE ( 'NONE', *, *, #89, .T. ) ;
#10668 = FACE_OUTER_BOUND ( 'NONE', #6005, .T. ) ;
#10669 = EDGE_CURVE ( 'NONE', #583, #1274, #9886, .T. ) ;
#10670 = ORIENTED_EDGE ( 'NONE', *, *, #11570, .F. ) ;
#10671 = CARTESIAN_POINT ( 'NONE',  ( 25.36809400695910455, 0.4000000000000000222, -1.000000000000000000 ) ) ;
#10672 = ORIENTED_EDGE ( 'NONE', *, *, #11898, .F. ) ;
#10673 = ORIENTED_EDGE ( 'NONE', *, *, #6723, .F. ) ;
#10674 = EDGE_CURVE ( 'NONE', #4868, #850, #11673, .T. ) ;
#10675 = EDGE_CURVE ( 'NONE', #3620, #9240, #6953, .T. ) ;
#10676 = DIRECTION ( 'NONE',  ( -1.141265444721583757E-16, -0.000000000000000000, -1.000000000000000000 ) ) ;
#10677 = FACE_OUTER_BOUND ( 'NONE', #10848, .T. ) ;
#10678 = CARTESIAN_POINT ( 'NONE',  ( 35.78241186850553390, 0.5351768109448615807, 2.449066664678466232 ) ) ;
#10679 = LINE ( 'NONE', #5899, #8562 ) ;
#10680 = B_SPLINE_CURVE_WITH_KNOTS ( 'NONE', 3,
 ( #9417, #7660, #3782, #838, #2835, #7597 ),
 .UNSPECIFIED., .F., .F.,
 ( 4, 2, 4 ),
 ( 0.000000000000000000, 0.0002695394427320638013, 0.0005390788854641276025 ),
 .UNSPECIFIED. ) ;
#10681 = CARTESIAN_POINT ( 'NONE',  ( 35.78241186850553390, 1.499358225474672235, 2.799999999999999822 ) ) ;
#10682 = CARTESIAN_POINT ( 'NONE',  ( 33.53869697408548234, 1.000000000000000000, -2.240753535442229882 ) ) ;
#10683 = LINE ( 'NONE', #2096, #5985 ) ;
#10684 = ORIENTED_EDGE ( 'NONE', *, *, #6748, .F. ) ;
#10685 = ORIENTED_EDGE ( 'NONE', *, *, #8048, .F. ) ;
#10686 = ORIENTED_EDGE ( 'NONE', *, *, #2747, .F. ) ;
#10687 = CARTESIAN_POINT ( 'NONE',  ( 19.92650741781595514, 0.000000000000000000, -1.000000000000000000 ) ) ;
#10688 = DIRECTION ( 'NONE',  ( 1.000000000000000000, 0.000000000000000000, -0.000000000000000000 ) ) ;
#10689 = DIRECTION ( 'NONE',  ( 0.000000000000000000, 0.6427876096865402511, -0.7660444431189772363 ) ) ;
#10690 = CARTESIAN_POINT ( 'NONE',  ( 1.500000000000000222, 2.000000000000000000, 1.739099631177264405 ) ) ;
#10691 = CARTESIAN_POINT ( 'NONE',  ( -1.500000000000000444, 0.5351768109448616917, 2.449066664678465788 ) ) ;
#10692 = CARTESIAN_POINT ( 'NONE',  ( 2.785301483563190850, 1.499358225474672235, 1.300000000000000044 ) ) ;
#10693 = CARTESIAN_POINT ( 'NONE',  ( 38.91457299748616094, 0.000000000000000000, -1.000000000000000000 ) ) ;
#10694 = DIRECTION ( 'NONE',  ( -6.868836133214109346E-15, 0.000000000000000000, -1.000000000000000000 ) ) ;
#10695 = DIRECTION ( 'NONE',  ( -1.141265444721583757E-16, -0.000000000000000000, -1.000000000000000000 ) ) ;
#10696 = CARTESIAN_POINT ( 'NONE',  ( 29.44172673316885636, 1.399999999999831823, -5.423416779412474575 ) ) ;
#10697 = EDGE_LOOP ( 'NONE', ( #7170, #8330, #3396, #11419 ) ) ;
#10698 = ORIENTED_EDGE ( 'NONE', *, *, #9548, .F. ) ;
#10699 = VERTEX_POINT ( 'NONE', #11730 ) ;
#10700 = ORIENTED_EDGE ( 'NONE', *, *, #1514, .F. ) ;
#10701 = LINE ( 'NONE', #11963, #10136 ) ;
#10702 = ORIENTED_EDGE ( 'NONE', *, *, #7067, .T. ) ;
#10703 = CARTESIAN_POINT ( 'NONE',  ( 5.785301483563181080, 2.000000000000000000, -5.468901542184360309 ) ) ;
#10704 = EDGE_CURVE ( 'NONE', #2527, #3894, #5071, .T. ) ;
#10705 = CARTESIAN_POINT ( 'NONE',  ( 24.96809400695910242, 0.000000000000000000, -3.000000000000000000 ) ) ;
#10706 = ADVANCED_FACE ( 'NONE', ( #3072 ), #377, .T. ) ;
#10707 = PLANE ( 'NONE',  #9561 ) ;
#10708 = VERTEX_POINT ( 'NONE', #10842 ) ;
#10709 = EDGE_LOOP ( 'NONE', ( #8826, #7973, #9333, #9482 ) ) ;
#10710 = VERTEX_POINT ( 'NONE', #1136 ) ;
#10711 = VERTEX_POINT ( 'NONE', #11854 ) ;
#10712 = LINE ( 'NONE', #10461, #129 ) ;
#10713 = EDGE_LOOP ( 'NONE', ( #3310, #4176, #3496, #11130 ) ) ;
#10714 = ADVANCED_FACE ( 'NONE', ( #314 ), #1073, .F. ) ;
#10715 = CARTESIAN_POINT ( 'NONE',  ( 18.64120593425277761, 1.000000000000000000, -2.240753535442245425 ) ) ;
#10716 = VECTOR ( 'NONE', #5711, 1000.000000000000000 ) ;
#10717 = VECTOR ( 'NONE', #2827, 1000.000000000000000 ) ;
#10718 = DIRECTION ( 'NONE',  ( -1.000000000000000000, 0.000000000000000000, 1.141265444721583757E-16 ) ) ;
#10719 = CARTESIAN_POINT ( 'NONE',  ( 40.06771335206872919, 0.000000000000000000, 1.999999999999997335 ) ) ;
#10720 = VECTOR ( 'NONE', #11256, 1000.000000000000000 ) ;
#10721 = EDGE_CURVE ( 'NONE', #52, #4484, #7828, .T. ) ;
#10722 = FACE_OUTER_BOUND ( 'NONE', #11201, .T. ) ;
#10723 = LINE ( 'NONE', #7074, #2180 ) ;
#10724 = ORIENTED_EDGE ( 'NONE', *, *, #5995, .T. ) ;
#10725 = PLANE ( 'NONE',  #10116 ) ;
#10726 = ORIENTED_EDGE ( 'NONE', *, *, #4751, .F. ) ;
#10727 = DIRECTION ( 'NONE',  ( 1.000000000000000000, -0.000000000000000000, 1.141265444721583757E-16 ) ) ;
#10728 = VECTOR ( 'NONE', #1318, 1000.000000000000000 ) ;
#10729 = VECTOR ( 'NONE', #8213, 1000.000000000000000 ) ;
#10730 = EDGE_LOOP ( 'NONE', ( #8720, #10387, #10208, #11545 ) ) ;
#10731 = VERTEX_POINT ( 'NONE', #10719 ) ;
#10732 = CARTESIAN_POINT ( 'NONE',  ( 37.06771335206872209, 0.000000000000000000, 1.999999999999997335 ) ) ;
#10733 = DIRECTION ( 'NONE',  ( -3.093406186374441444E-32, -1.000000000000000000, -2.710505431213761085E-16 ) ) ;
#10734 = PLANE ( 'NONE',  #11055 ) ;
#10735 = LINE ( 'NONE', #6142, #1963 ) ;
#10736 = AXIS2_PLACEMENT_3D ( 'NONE', #10899, #1490, #11724 ) ;
#10737 = EDGE_CURVE ( 'NONE', #1037, #3609, #2314, .T. ) ;
#10738 = VECTOR ( 'NONE', #1172, 1000.000000000000000 ) ;
#10739 = CARTESIAN_POINT ( 'NONE',  ( 18.64120593425275985, 1.400000000000041434, -4.949634213632581492 ) ) ;
#10740 = EDGE_CURVE ( 'NONE', #2749, #8406, #10784, .T. ) ;
#10741 = CARTESIAN_POINT ( 'NONE',  ( 7.070602967126387917, 0.4000000000000000222, -3.007045462299396732 ) ) ;
#10742 = PLANE ( 'NONE',  #6995 ) ;
#10743 = ORIENTED_EDGE ( 'NONE', *, *, #5799, .T. ) ;
#10744 = ORIENTED_EDGE ( 'NONE', *, *, #11333, .T. ) ;
#10745 = ORIENTED_EDGE ( 'NONE', *, *, #7980, .T. ) ;
#10746 = VECTOR ( 'NONE', #2666, 1000.000000000000000 ) ;
#10747 = VECTOR ( 'NONE', #91, 1000.000000000000000 ) ;
#10748 = CARTESIAN_POINT ( 'NONE',  ( 26.74389778761710090, 0.5320888862379536954, -0.9617579545435693822 ) ) ;
#10749 = FACE_OUTER_BOUND ( 'NONE', #8841, .T. ) ;
#10750 = CARTESIAN_POINT ( 'NONE',  ( 7.826888072706338129, 0.000000000000000000, -1.000000000000000000 ) ) ;
#10751 = LINE ( 'NONE', #9617, #5827 ) ;
#10752 = LINE ( 'NONE', #11699, #4169 ) ;
#10753 = CARTESIAN_POINT ( 'NONE',  ( 24.21180890137914687, 0.4000000000000000222, -0.2337080731428433922 ) ) ;
#10754 = LINE ( 'NONE', #4102, #1378 ) ;
#10755 = AXIS2_PLACEMENT_3D ( 'NONE', #6153, #9983, #7801 ) ;
#10756 = LINE ( 'NONE', #3921, #2514 ) ;
#10757 = EDGE_CURVE ( 'NONE', #11010, #1403, #4069, .T. ) ;
#10758 = EDGE_CURVE ( 'NONE', #8170, #3023, #9650, .T. ) ;
#10759 = CARTESIAN_POINT ( 'NONE',  ( 1.499999999999999778, 1.000000000000000000, -4.040753535442245692 ) ) ;
#10760 = DIRECTION ( 'NONE',  ( -7.097089222158424864E-15, 0.000000000000000000, -1.000000000000000000 ) ) ;
#10761 = ORIENTED_EDGE ( 'NONE', *, *, #3011, .F. ) ;
#10762 = VERTEX_POINT ( 'NONE', #2258 ) ;
#10763 = ORIENTED_EDGE ( 'NONE', *, *, #11606, .T. ) ;
#10764 = ORIENTED_EDGE ( 'NONE', *, *, #12037, .T. ) ;
#10765 = DIRECTION ( 'NONE',  ( -1.000000000000000000, -0.000000000000000000, 1.141265444721583757E-16 ) ) ;
#10766 = AXIS2_PLACEMENT_3D ( 'NONE', #5298, #5116, #11964 ) ;
#10767 = FACE_OUTER_BOUND ( 'NONE', #2127, .T. ) ;
#10768 = PLANE ( 'NONE',  #10434 ) ;
#10769 = CARTESIAN_POINT ( 'NONE',  ( 1.500000000000000222, 1.000000000000000000, 0.3238172648295121747 ) ) ;
#10770 = EDGE_CURVE ( 'NONE', #7417, #6034, #2196, .T. ) ;
#10771 = AXIS2_PLACEMENT_3D ( 'NONE', #4026, #11629, #9846 ) ;
#10772 = ORIENTED_EDGE ( 'NONE', *, *, #6741, .T. ) ;
#10773 = VERTEX_POINT ( 'NONE', #8706 ) ;
#10774 = EDGE_CURVE ( 'NONE', #955, #10055, #8771, .T. ) ;
#10775 = VECTOR ( 'NONE', #11968, 1000.000000000000000 ) ;
#10776 = ORIENTED_EDGE ( 'NONE', *, *, #1551, .F. ) ;
#10777 = ORIENTED_EDGE ( 'NONE', *, *, #8194, .F. ) ;
#10778 = EDGE_CURVE ( 'NONE', #217, #1037, #1257, .T. ) ;
#10779 = CARTESIAN_POINT ( 'NONE',  ( 16.39749103983271894, 0.000000000000000000, -3.000000000000000000 ) ) ;
#10780 = VERTEX_POINT ( 'NONE', #3949 ) ;
#10781 = CARTESIAN_POINT ( 'NONE',  ( 14.35590445068958232, 0.000000000000000000, -2.836630331739350641 ) ) ;
#10782 = AXIS2_PLACEMENT_3D ( 'NONE', #6329, #8268, #5397 ) ;
#10783 = CARTESIAN_POINT ( 'NONE',  ( 37.06771335206872209, 0.000000000000000000, -1.000000000000000000 ) ) ;
#10784 = LINE ( 'NONE', #7013, #4374 ) ;
#10785 = VECTOR ( 'NONE', #10017, 1000.000000000000000 ) ;
#10786 = CARTESIAN_POINT ( 'NONE',  ( 18.14120593425276340, 0.000000000000000000, -1.000000000000000000 ) ) ;
#10787 = CARTESIAN_POINT ( 'NONE',  ( 38.22399845764867621, 0.000000000000000000, -3.000000000000000000 ) ) ;
#10788 = ORIENTED_EDGE ( 'NONE', *, *, #12285, .F. ) ;
#10789 = ORIENTED_EDGE ( 'NONE', *, *, #5921, .T. ) ;
#10790 = EDGE_CURVE ( 'NONE', #2125, #2503, #7773, .T. ) ;
#10791 = CARTESIAN_POINT ( 'NONE',  ( 16.14120593425277761, 1.000000000000000000, -2.240753535442228106 ) ) ;
#10792 = ORIENTED_EDGE ( 'NONE', *, *, #6763, .F. ) ;
#10793 = VECTOR ( 'NONE', #11128, 999.9999999999998863 ) ;
#10794 = CYLINDRICAL_SURFACE ( 'NONE', #8600, 2.000000000000000000 ) ;
#10795 = EDGE_CURVE ( 'NONE', #4666, #5910, #11477, .T. ) ;
#10796 = CARTESIAN_POINT ( 'NONE',  ( 7.070602967126394134, 0.000000000000000000, -2.240753535442224553 ) ) ;
#10797 = ORIENTED_EDGE ( 'NONE', *, *, #2085, .T. ) ;
#10798 = VERTEX_POINT ( 'NONE', #2498 ) ;
#10799 = FACE_BOUND ( 'NONE', #2562, .T. ) ;
#10800 = DIRECTION ( 'NONE',  ( 7.097089222158425653E-15, -0.000000000000000000, 1.000000000000000000 ) ) ;
#10801 = FACE_OUTER_BOUND ( 'NONE', #2631, .T. ) ;
#10802 = LINE ( 'NONE', #5086, #5362 ) ;
#10803 = VECTOR ( 'NONE', #9298, 1000.000000000000000 ) ;
#10804 = FACE_OUTER_BOUND ( 'NONE', #9414, .T. ) ;
#10805 = DIRECTION ( 'NONE',  ( 0.000000000000000000, 1.000000000000000000, 0.000000000000000000 ) ) ;
#10806 = DIRECTION ( 'NONE',  ( 1.894180325222886620E-15, 0.9625068420560822791, 0.2712574035768015590 ) ) ;
#10807 = ORIENTED_EDGE ( 'NONE', *, *, #9091, .T. ) ;
#10808 = ADVANCED_FACE ( 'NONE', ( #5194 ), #11094, .F. ) ;
#10809 = ORIENTED_EDGE ( 'NONE', *, *, #1025, .F. ) ;
#10810 = ORIENTED_EDGE ( 'NONE', *, *, #1938, .F. ) ;
#10811 = CARTESIAN_POINT ( 'NONE',  ( 27.04140504187118665, 0.7834631812238955773, -0.6072026154634229123 ) ) ;
#10812 = CARTESIAN_POINT ( 'NONE',  ( 22.42650741781596935, 0.000000000000000000, -2.240753535442241873 ) ) ;
#10813 = CARTESIAN_POINT ( 'NONE',  ( 21.42650741781595869, 1.399999999999999911, -3.240753535442235211 ) ) ;
#10814 = EDGE_CURVE ( 'NONE', #8124, #4666, #5330, .T. ) ;
#10815 = CARTESIAN_POINT ( 'NONE',  ( 19.92650741781595514, 1.000000000000000000, 0.8999999999999916955 ) ) ;
#10816 = DIRECTION ( 'NONE',  ( -0.000000000000000000, -0.000000000000000000, 1.000000000000000000 ) ) ;
#10817 = DIRECTION ( 'NONE',  ( 0.000000000000000000, -0.000000000000000000, -1.000000000000000000 ) ) ;
#10818 = CARTESIAN_POINT ( 'NONE',  ( -1.500000000000011546, 1.399999999999999467, -4.949661896593934074 ) ) ;
#10819 = DIRECTION ( 'NONE',  ( 1.000000000000000000, -0.000000000000000000, 1.141265444721583757E-16 ) ) ;
#10820 = LINE ( 'NONE', #4105, #10738 ) ;
#10821 = FACE_OUTER_BOUND ( 'NONE', #630, .T. ) ;
#10822 = ORIENTED_EDGE ( 'NONE', *, *, #7550, .F. ) ;
#10823 = EDGE_LOOP ( 'NONE', ( #7110, #5440, #8560, #3121 ) ) ;
#10824 = EDGE_CURVE ( 'NONE', #3361, #927, #6250, .T. ) ;
#10825 = VERTEX_POINT ( 'NONE', #5253 ) ;
#10826 = ORIENTED_EDGE ( 'NONE', *, *, #10652, .T. ) ;
#10827 = DIRECTION ( 'NONE',  ( 1.000000000000000000, 0.000000000000000000, 0.000000000000000000 ) ) ;
#10828 = EDGE_CURVE ( 'NONE', #7203, #7108, #1563, .T. ) ;
#10829 = VECTOR ( 'NONE', #1440, 1000.000000000000000 ) ;
#10830 = CARTESIAN_POINT ( 'NONE',  ( 8.917462612543813449, 0.000000000000000000, -2.240753535442237432 ) ) ;
#10831 = EDGE_CURVE ( 'NONE', #8171, #9415, #256, .T. ) ;
#10832 = CARTESIAN_POINT ( 'NONE',  ( 30.34397003035976681, 0.000000000000000000, -3.000000000000000000 ) ) ;
#10833 = LINE ( 'NONE', #2245, #10323 ) ;
#10834 = FACE_OUTER_BOUND ( 'NONE', #4682, .T. ) ;
#10835 = VERTEX_POINT ( 'NONE', #3385 ) ;
#10836 = ORIENTED_EDGE ( 'NONE', *, *, #9467, .F. ) ;
#10837 = VERTEX_POINT ( 'NONE', #10074 ) ;
#10838 = VERTEX_POINT ( 'NONE', #1494 ) ;
#10839 = LINE ( 'NONE', #3189, #7314 ) ;
#10840 = CARTESIAN_POINT ( 'NONE',  ( 15.64120593425276340, 2.072578233334808395, 1.800000000000000044 ) ) ;
#10841 = CARTESIAN_POINT ( 'NONE',  ( 16.14120593425277761, 1.000000000000000000, -2.240753535442228106 ) ) ;
#10842 = CARTESIAN_POINT ( 'NONE',  ( 28.49711038494233861, 0.4000000000000000222, 0.1662919268571561859 ) ) ;
#10843 = VECTOR ( 'NONE', #9090, 1000.000000000000000 ) ;
#10844 = EDGE_CURVE ( 'NONE', #9415, #620, #3386, .T. ) ;
#10845 = CARTESIAN_POINT ( 'NONE',  ( 9.317462612543812028, 0.4000000000000000222, -1.000000000000000000 ) ) ;
#10846 = AXIS2_PLACEMENT_3D ( 'NONE', #6006, #11852, #3252 ) ;
#10847 = CARTESIAN_POINT ( 'NONE',  ( 34.28241186850552680, 2.000000000000000000, 0.000000000000000000 ) ) ;
#10848 = EDGE_LOOP ( 'NONE', ( #9775, #7925, #12427, #9585, #6490, #11388 ) ) ;
#10849 = ORIENTED_EDGE ( 'NONE', *, *, #6549, .F. ) ;
#10850 = DIRECTION ( 'NONE',  ( 7.211793519376912441E-15, 0.000000000000000000, 1.000000000000000000 ) ) ;
#10851 = VERTEX_POINT ( 'NONE', #12045 ) ;
#10852 = VECTOR ( 'NONE', #12185, 1000.000000000000000 ) ;
#10853 = CARTESIAN_POINT ( 'NONE',  ( 35.78241186850552680, 1.399999999999999911, -4.858578065624948650 ) ) ;
#10854 = VERTEX_POINT ( 'NONE', #3443 ) ;
#10855 = VECTOR ( 'NONE', #8467, 1000.000000000000000 ) ;
#10856 = CARTESIAN_POINT ( 'NONE',  ( 37.82399845764867763, 0.3999999999999999667, -1.000000000000000000 ) ) ;
#10857 = FACE_OUTER_BOUND ( 'NONE', #10730, .T. ) ;
#10858 = EDGE_CURVE ( 'NONE', #7251, #1458, #4257, .T. ) ;
#10859 = DIRECTION ( 'NONE',  ( -0.000000000000000000, -1.000000000000000000, 0.000000000000000000 ) ) ;
#10860 = DIRECTION ( 'NONE',  ( 1.000000000000000000, -0.000000000000000000, 0.000000000000000000 ) ) ;
#10861 = EDGE_CURVE ( 'NONE', #613, #10415, #7316, .T. ) ;
#10862 = EDGE_CURVE ( 'NONE', #2201, #648, #6126, .T. ) ;
#10863 = CARTESIAN_POINT ( 'NONE',  ( 34.62927151392296565, 0.4000000000000000222, -1.000000000000000000 ) ) ;
#10864 = CARTESIAN_POINT ( 'NONE',  ( 5.785301483563203284, 1.000000000000000000, -2.240753535442245425 ) ) ;
#10865 = CARTESIAN_POINT ( 'NONE',  ( 32.78241186850552680, 0.000000000000000000, -1.000000000000000000 ) ) ;
#10866 = EDGE_LOOP ( 'NONE', ( #6075, #11498, #7354, #7140 ) ) ;
#10867 = ORIENTED_EDGE ( 'NONE', *, *, #8700, .T. ) ;
#10868 = ORIENTED_EDGE ( 'NONE', *, *, #2352, .F. ) ;
#10869 = CARTESIAN_POINT ( 'NONE',  ( 37.06771335206872209, 0.5351768109448618027, 2.449066664678465788 ) ) ;
#10870 = DIRECTION ( 'NONE',  ( 0.000000000000000000, -1.000000000000000000, -0.000000000000000000 ) ) ;
#10871 = FACE_OUTER_BOUND ( 'NONE', #2128, .T. ) ;
#10872 = PLANE ( 'NONE',  #3161 ) ;
#10873 = EDGE_CURVE ( 'NONE', #3975, #11231, #8318, .T. ) ;
#10874 = CARTESIAN_POINT ( 'NONE',  ( 38.50000000000001421, 0.4000000000000000222, 0.1662919268571550480 ) ) ;
#10875 = DIRECTION ( 'NONE',  ( 1.141265444721583757E-16, -0.000000000000000000, 1.000000000000000000 ) ) ;
#10876 = EDGE_CURVE ( 'NONE', #8794, #6506, #9953, .T. ) ;
#10877 = DIRECTION ( 'NONE',  ( 0.000000000000000000, -1.000000000000000000, 0.000000000000000000 ) ) ;
#10878 = CARTESIAN_POINT ( 'NONE',  ( 33.22097288688449623, 0.5614389816210439976, -2.313973662514438256 ) ) ;
#10879 = CARTESIAN_POINT ( 'NONE',  ( 25.36809400695910455, 0.4000000000000000222, -1.000000000000000000 ) ) ;
#10880 = ORIENTED_EDGE ( 'NONE', *, *, #5057, .T. ) ;
#10881 = ORIENTED_EDGE ( 'NONE', *, *, #11088, .T. ) ;
#10882 = ORIENTED_EDGE ( 'NONE', *, *, #6460, .F. ) ;
#10883 = ORIENTED_EDGE ( 'NONE', *, *, #10617, .T. ) ;
#10884 = DIRECTION ( 'NONE',  ( -6.982962677686266711E-15, 0.000000000000000000, -1.000000000000000000 ) ) ;
#10885 = CARTESIAN_POINT ( 'NONE',  ( 14.35590445068957344, 0.000000000000000000, -0.4041232037028952284 ) ) ;
#10886 = FACE_OUTER_BOUND ( 'NONE', #11836, .T. ) ;
#10887 = LINE ( 'NONE', #5300, #4238 ) ;
#10888 = CARTESIAN_POINT ( 'NONE',  ( 21.42650741781595514, 1.000000000000000000, -0.4041232037028948954 ) ) ;
#10889 = ADVANCED_FACE ( 'NONE', ( #9016 ), #2625, .F. ) ;
#10890 = DIRECTION ( 'NONE',  ( 0.000000000000000000, 0.000000000000000000, 1.000000000000000000 ) ) ;
#10891 = DIRECTION ( 'NONE',  ( 0.000000000000000000, -0.6427876096865358102, 0.7660444431189811221 ) ) ;
#10892 = EDGE_CURVE ( 'NONE', #9549, #10699, #738, .T. ) ;
#10893 = EDGE_CURVE ( 'NONE', #1881, #6512, #4690, .T. ) ;
#10894 = ORIENTED_EDGE ( 'NONE', *, *, #10345, .F. ) ;
#10895 = ORIENTED_EDGE ( 'NONE', *, *, #4693, .T. ) ;
#10896 = EDGE_CURVE ( 'NONE', #3928, #276, #11474, .T. ) ;
#10897 = ORIENTED_EDGE ( 'NONE', *, *, #2458, .F. ) ;
#10898 = ORIENTED_EDGE ( 'NONE', *, *, #9999, .F. ) ;
#10899 = CARTESIAN_POINT ( 'NONE',  ( 28.49711038494235282, 1.000000000000000000, -2.240753535442224553 ) ) ;
#10900 = LINE ( 'NONE', #7882, #1033 ) ;
#10901 = EDGE_CURVE ( 'NONE', #2718, #3633, #11917, .T. ) ;
#10902 = FACE_OUTER_BOUND ( 'NONE', #7036, .T. ) ;
#10903 = CARTESIAN_POINT ( 'NONE',  ( 22.92650741781596935, 0.000000000000000000, -2.240753535442245425 ) ) ;
#10904 = AXIS2_PLACEMENT_3D ( 'NONE', #8459, #12312, #7588 ) ;
#10905 = PLANE ( 'NONE',  #48 ) ;
#10906 = CARTESIAN_POINT ( 'NONE',  ( 5.785301483563203284, 1.399999999999999911, -2.240753535442245425 ) ) ;
#10907 = ORIENTED_EDGE ( 'NONE', *, *, #11375, .T. ) ;
#10908 = ORIENTED_EDGE ( 'NONE', *, *, #9205, .T. ) ;
#10909 = ADVANCED_FACE ( 'NONE', ( #6626 ), #5379, .T. ) ;
#10910 = CARTESIAN_POINT ( 'NONE',  ( 21.42651449783706141, 0.000000000000000000, -1.007180904292219514 ) ) ;
#10911 = VERTEX_POINT ( 'NONE', #3816 ) ;
#10912 = AXIS2_PLACEMENT_3D ( 'NONE', #1979, #11696, #6918 ) ;
#10913 = CARTESIAN_POINT ( 'NONE',  ( 7.070602967126373706, 1.103464568314089123, -5.267165293036052631 ) ) ;
#10914 = ORIENTED_EDGE ( 'NONE', *, *, #11640, .T. ) ;
#10915 = VECTOR ( 'NONE', #484, 1000.000000000000000 ) ;
#10916 = FACE_OUTER_BOUND ( 'NONE', #8107, .T. ) ;
#10917 = LINE ( 'NONE', #12293, #10343 ) ;
#10918 = CARTESIAN_POINT ( 'NONE',  ( 31.49711038494233151, 8.673617379884035472E-16, -5.578152595329384233 ) ) ;
#10919 = PLANE ( 'NONE',  #4364 ) ;
#10921 = PLANE ( 'NONE',  #5917 ) ;
#10920 = VECTOR ( 'NONE', #7401, 1000.000000000000000 ) ;
#10922 = AXIS2_PLACEMENT_3D ( 'NONE', #2215, #272, #1089 ) ;
#10923 = LINE ( 'NONE', #4655, #10717 ) ;
#10924 = CARTESIAN_POINT ( 'NONE',  ( 24.21180890137916109, 0.000000000000000000, -2.240753535442224553 ) ) ;
#10925 = ORIENTED_EDGE ( 'NONE', *, *, #8483, .T. ) ;
#10926 = EDGE_CURVE ( 'NONE', #7574, #1052, #11283, .T. ) ;
#10927 = ORIENTED_EDGE ( 'NONE', *, *, #5442, .F. ) ;
#10928 = ORIENTED_EDGE ( 'NONE', *, *, #10896, .T. ) ;
#10929 = FACE_OUTER_BOUND ( 'NONE', #2428, .T. ) ;
#10930 = LINE ( 'NONE', #10750, #7129 ) ;
#10931 = ADVANCED_FACE ( 'NONE', ( #10395 ), #10514, .F. ) ;
#10932 = VECTOR ( 'NONE', #3057, 1000.000000000000000 ) ;
#10933 = CYLINDRICAL_SURFACE ( 'NONE', #2248, 2.000000000000000000 ) ;
#10934 = FACE_OUTER_BOUND ( 'NONE', #1615, .T. ) ;
#10935 = VECTOR ( 'NONE', #12410, 1000.000000000000114 ) ;
#10936 = CARTESIAN_POINT ( 'NONE',  ( 38.50000000000001421, 0.000000000000000000, -3.007045462299399841 ) ) ;
#10937 = FACE_OUTER_BOUND ( 'NONE', #5123, .T. ) ;
#10938 = DIRECTION ( 'NONE',  ( -1.141265444721583757E-16, -0.000000000000000000, -1.000000000000000000 ) ) ;
#10939 = LINE ( 'NONE', #3417, #7535 ) ;
#10940 = VECTOR ( 'NONE', #3859, 1000.000000000000000 ) ;
#10941 = CARTESIAN_POINT ( 'NONE',  ( 28.49711038494233861, 0.06443263463840748217, 0.1149657687835883013 ) ) ;
#10942 = EDGE_LOOP ( 'NONE', ( #5566, #11036, #5756, #1850 ) ) ;
#10943 = ORIENTED_EDGE ( 'NONE', *, *, #8700, .F. ) ;
#10944 = VECTOR ( 'NONE', #5969, 1000.000000000000000 ) ;
#10945 = EDGE_CURVE ( 'NONE', #1907, #3093, #11413, .T. ) ;
#10946 = ORIENTED_EDGE ( 'NONE', *, *, #10327, .T. ) ;
#10947 = ORIENTED_EDGE ( 'NONE', *, *, #11289, .T. ) ;
#10948 = FACE_OUTER_BOUND ( 'NONE', #2601, .T. ) ;
#10949 = DIRECTION ( 'NONE',  ( 0.000000000000000000, 0.000000000000000000, 1.000000000000000000 ) ) ;
#10950 = ADVANCED_FACE ( 'NONE', ( #1750 ), #5569, .F. ) ;
#10951 = LINE ( 'NONE', #8054, #12385 ) ;
#10952 = VECTOR ( 'NONE', #6533, 1000.000000000000000 ) ;
#10953 = LINE ( 'NONE', #11780, #3041 ) ;
#10954 = CARTESIAN_POINT ( 'NONE',  ( 39.08742686093014385, 1.400000000000000355, -5.120578528970613164 ) ) ;
#10955 = CARTESIAN_POINT ( 'NONE',  ( 31.49711038494234217, 0.000000000000000000, -2.836630331739350641 ) ) ;
#10956 = DIRECTION ( 'NONE',  ( -1.000000000000000000, 0.000000000000000000, 1.141265444721583757E-16 ) ) ;
#10957 = ORIENTED_EDGE ( 'NONE', *, *, #5616, .F. ) ;
#10958 = ORIENTED_EDGE ( 'NONE', *, *, #9273, .F. ) ;
#10959 = EDGE_LOOP ( 'NONE', ( #1404, #3806, #10143, #5576 ) ) ;
#10960 = ORIENTED_EDGE ( 'NONE', *, *, #11032, .T. ) ;
#10961 = VECTOR ( 'NONE', #6109, 1000.000000000000114 ) ;
#10962 = CARTESIAN_POINT ( 'NONE',  ( 37.82399845764867763, 1.000000000000000000, -2.240753535442229882 ) ) ;
#10963 = ADVANCED_FACE ( 'NONE', ( #4753 ), #8568, .F. ) ;
#10964 = CARTESIAN_POINT ( 'NONE',  ( 30.99711038494233506, 1.000000000000000000, -1.000000000000000000 ) ) ;
#10965 = EDGE_CURVE ( 'NONE', #125, #4994, #998, .T. ) ;
#10966 = DIRECTION ( 'NONE',  ( 7.097089222158425653E-15, -0.000000000000000000, 1.000000000000000000 ) ) ;
#10967 = CARTESIAN_POINT ( 'NONE',  ( 40.06771335206872209, 1.399999999999999911, -4.858578065624948650 ) ) ;
#10968 = LINE ( 'NONE', #11798, #3051 ) ;
#10969 = VECTOR ( 'NONE', #4601, 1000.000000000000000 ) ;
#10970 = LINE ( 'NONE', #10205, #12246 ) ;
#10971 = B_SPLINE_CURVE_WITH_KNOTS ( 'NONE', 3,
 ( #1078, #5954, #3138, #2204, #8713, #5078 ),
 .UNSPECIFIED., .F., .F.,
 ( 4, 2, 4 ),
 ( 0.000000000000000000, 0.001513007688743850821, 0.003026015377487701642 ),
 .UNSPECIFIED. ) ;
#10972 = VECTOR ( 'NONE', #5936, 1000.000000000000000 ) ;
#10973 = ORIENTED_EDGE ( 'NONE', *, *, #3814, .T. ) ;
#10974 = ORIENTED_EDGE ( 'NONE', *, *, #11533, .F. ) ;
#10975 = CARTESIAN_POINT ( 'NONE',  ( 37.06771335206872209, 1.000000000000000000, -0.4041232037028950064 ) ) ;
#10976 = VERTEX_POINT ( 'NONE', #5502 ) ;
#10977 = CARTESIAN_POINT ( 'NONE',  ( 35.78241186850551969, 0.000000000000000000, -5.578152595329384233 ) ) ;
#10978 = CARTESIAN_POINT ( 'NONE',  ( 6.920626582516964831, 1.102365630357457826, -5.215502924329154411 ) ) ;
#10980 = ADVANCED_FACE ( 'NONE', ( #9328 ), #751, .T. ) ;
#10979 = ORIENTED_EDGE ( 'NONE', *, *, #4154, .T. ) ;
#10981 = VECTOR ( 'NONE', #8334, 1000.000000000000000 ) ;
#10982 = DIRECTION ( 'NONE',  ( -1.141265444721583757E-16, 0.000000000000000000, -1.000000000000000000 ) ) ;
#10983 = CARTESIAN_POINT ( 'NONE',  ( 33.28241186850552680, 0.4999999999999978351, -1.000000000000000000 ) ) ;
#10984 = VECTOR ( 'NONE', #3424, 1000.000000000000000 ) ;
#10985 = EDGE_CURVE ( 'NONE', #4481, #10589, #3568, .T. ) ;
#10986 = CARTESIAN_POINT ( 'NONE',  ( 11.35590445068957344, 1.000000000000000000, -1.000000000000000000 ) ) ;
#10987 = CARTESIAN_POINT ( 'NONE',  ( 13.88799333692752747, 0.5320888862379536954, -0.9617579545435693822 ) ) ;
#10988 = EDGE_CURVE ( 'NONE', #4958, #10519, #7162, .T. ) ;
#10989 =( BOUNDED_CURVE ( )  B_SPLINE_CURVE ( 3, ( #11007, #2413, #9177, #4547 ),
 .UNSPECIFIED., .F., .F. ) 
 B_SPLINE_CURVE_WITH_KNOTS ( ( 4, 4 ),
 ( 0.8726646259971632125, 1.198269360942234352 ),
 .UNSPECIFIED. ) 
 CURVE ( )  GEOMETRIC_REPRESENTATION_ITEM ( )  RATIONAL_B_SPLINE_CURVE ( ( 1.000000000000000000, 0.9911846262163772625, 0.9911846262163772625, 1.000000000000000000 ) ) 
 REPRESENTATION_ITEM ( '' )  );
#10990 = VECTOR ( 'NONE', #3674, 1000.000000000000000 ) ;
#10991 = LINE ( 'NONE', #3209, #1122 ) ;
#10992 = VECTOR ( 'NONE', #2987, 1000.000000000000000 ) ;
#10993 = CARTESIAN_POINT ( 'NONE',  ( 34.62927151392296565, 0.000000000000000000, -3.000000000000000000 ) ) ;
#10994 = DIRECTION ( 'NONE',  ( -7.335912872304331086E-17, 0.7660444431189772363, 0.6427876096865402511 ) ) ;
#10995 = ORIENTED_EDGE ( 'NONE', *, *, #12102, .T. ) ;
#10996 = ORIENTED_EDGE ( 'NONE', *, *, #10330, .T. ) ;
#10997 = ORIENTED_EDGE ( 'NONE', *, *, #897, .T. ) ;
#10998 = DIRECTION ( 'NONE',  ( -1.000000000000000000, 0.000000000000000000, 0.000000000000000000 ) ) ;
#10999 = CARTESIAN_POINT ( 'NONE',  ( 25.19600436705840352, 1.108489920217938574, -5.504954131106826409 ) ) ;
#11000 = VECTOR ( 'NONE', #4031, 1000.000000000000000 ) ;
#11001 = CARTESIAN_POINT ( 'NONE',  ( 35.02927151392295713, 0.000000000000000000, -1.000000000000000000 ) ) ;
#11002 = CARTESIAN_POINT ( 'NONE',  ( 38.56771335206872209, 0.5320888862379536954, -0.9617579545435694932 ) ) ;
#11003 = DIRECTION ( 'NONE',  ( 0.6427876096865409172, -0.000000000000000000, 0.7660444431189766812 ) ) ;
#11004 = ADVANCED_FACE ( 'NONE', ( #4352 ), #10048, .F. ) ;
#11005 = LINE ( 'NONE', #10049, #9107 ) ;
#11006 = CARTESIAN_POINT ( 'NONE',  ( 38.50000000000001421, 0.4000000000000000222, -3.407045462299400196 ) ) ;
#11007 = CARTESIAN_POINT ( 'NONE',  ( 5.317390369801144878, 0.5320888862379536954, -0.9617579545435693822 ) ) ;
#11008 = ORIENTED_EDGE ( 'NONE', *, *, #11166, .T. ) ;
#11009 = ORIENTED_EDGE ( 'NONE', *, *, #10985, .T. ) ;
#11010 = VERTEX_POINT ( 'NONE', #467 ) ;
#11011 = ORIENTED_EDGE ( 'NONE', *, *, #7862, .F. ) ;
#11012 = EDGE_LOOP ( 'NONE', ( #5971, #6681, #7177, #8061 ) ) ;
#11013 = CARTESIAN_POINT ( 'NONE',  ( 31.49711038494233506, 0.5351768109448615807, 2.449066664678466232 ) ) ;
#11014 = DIRECTION ( 'NONE',  ( 1.000000000000000000, -0.000000000000000000, -6.982962677686266711E-15 ) ) ;
#11015 = LINE ( 'NONE', #7058, #5554 ) ;
#11016 = DIRECTION ( 'NONE',  ( 0.000000000000000000, 1.000000000000000000, 0.000000000000000000 ) ) ;
#11017 = EDGE_CURVE ( 'NONE', #8476, #10780, #408, .T. ) ;
#11018 = LINE ( 'NONE', #1422, #7774 ) ;
#11019 = CARTESIAN_POINT ( 'NONE',  ( 5.785301483563199731, 1.000000000000000000, -2.836630331739350641 ) ) ;
#11020 = ADVANCED_FACE ( 'NONE', ( #4284 ), #6219, .F. ) ;
#11021 = FACE_OUTER_BOUND ( 'NONE', #9056, .T. ) ;
#11022 = ORIENTED_EDGE ( 'NONE', *, *, #2964, .F. ) ;
#11023 = EDGE_LOOP ( 'NONE', ( #10097, #2308, #741, #10607, #3718, #1944, #3288, #8138, #4727, #11215, #7637, #7434, #5789 ) ) ;
#11024 = ORIENTED_EDGE ( 'NONE', *, *, #8369, .T. ) ;
#11025 = ORIENTED_EDGE ( 'NONE', *, *, #1106, .T. ) ;
#11026 = CARTESIAN_POINT ( 'NONE',  ( 28.49711038494233861, 0.000000000000000000, 0.1662919268571561859 ) ) ;
#11027 = ORIENTED_EDGE ( 'NONE', *, *, #1280, .F. ) ;
#11028 = DIRECTION ( 'NONE',  ( -0.6427876096865355882, -0.000000000000000000, 0.7660444431189811221 ) ) ;
#11029 = FACE_OUTER_BOUND ( 'NONE', #844, .T. ) ;
#11030 = CARTESIAN_POINT ( 'NONE',  ( 26.22223165368382780, 1.399999999999999689, -5.098382031700254835 ) ) ;
#11031 = DIRECTION ( 'NONE',  ( -0.000000000000000000, -1.000000000000000000, 0.000000000000000000 ) ) ;
#11032 = EDGE_CURVE ( 'NONE', #9370, #2557, #7101, .T. ) ;
#11033 = FACE_OUTER_BOUND ( 'NONE', #6269, .T. ) ;
#11034 = VECTOR ( 'NONE', #11161, 1000.000000000000000 ) ;
#11035 = EDGE_CURVE ( 'NONE', #306, #1503, #8924, .T. ) ;
#11036 = ORIENTED_EDGE ( 'NONE', *, *, #8389, .T. ) ;
#11037 = ORIENTED_EDGE ( 'NONE', *, *, #9788, .F. ) ;
#11038 = CARTESIAN_POINT ( 'NONE',  ( 2.785301483563190850, 2.000000000000000000, 1.739099631177264405 ) ) ;
#11039 = ORIENTED_EDGE ( 'NONE', *, *, #10828, .F. ) ;
#11040 = LINE ( 'NONE', #2388, #8796 ) ;
#11041 = ADVANCED_FACE ( 'NONE', ( #7045 ), #1466, .F. ) ;
#11042 = LINE ( 'NONE', #7022, #7379 ) ;
#11043 = ORIENTED_EDGE ( 'NONE', *, *, #7448, .T. ) ;
#11044 = VECTOR ( 'NONE', #1812, 1000.000000000000000 ) ;
#11045 = FACE_BOUND ( 'NONE', #5076, .T. ) ;
#11046 = CARTESIAN_POINT ( 'NONE',  ( 14.35590445068957521, 1.499358225474672235, 1.300000000000000044 ) ) ;
#11047 = VECTOR ( 'NONE', #6124, 1000.000000000000000 ) ;
#11048 = CARTESIAN_POINT ( 'NONE',  ( 29.47992136116632977, 6.728843058598058429E-16, -5.900666883513137506 ) ) ;
#11049 = CARTESIAN_POINT ( 'NONE',  ( 35.78241186850552680, 1.399999999999999911, -4.858578065624948650 ) ) ;
#11050 = CARTESIAN_POINT ( 'NONE',  ( 35.28241186850554101, 0.000000000000000000, -2.240753535442241873 ) ) ;
#11051 = EDGE_CURVE ( 'NONE', #2175, #6949, #2002, .T. ) ;
#11052 = CARTESIAN_POINT ( 'NONE',  ( 5.785301483563199731, 1.000000000000000000, -2.836630331739350641 ) ) ;
#11053 = VECTOR ( 'NONE', #5997, 1000.000000000000000 ) ;
#11054 = PLANE ( 'NONE',  #1114 ) ;
#11055 = AXIS2_PLACEMENT_3D ( 'NONE', #9845, #2151, #25 ) ;
#11056 = CARTESIAN_POINT ( 'NONE',  ( 0.5104227523046755977, 1.400000000000000133, -5.098382031700254835 ) ) ;
#11058 = ORIENTED_EDGE ( 'NONE', *, *, #11032, .F. ) ;
#11057 = ADVANCED_FACE ( 'NONE', ( #4226 ), #3937, .T. ) ;
#11059 = EDGE_CURVE ( 'NONE', #835, #7593, #4168, .T. ) ;
#11060 = VERTEX_POINT ( 'NONE', #2347 ) ;
#11061 = VERTEX_POINT ( 'NONE', #5811 ) ;
#11062 = DIRECTION ( 'NONE',  ( -1.000000000000000000, 0.000000000000000000, 6.982962677686266711E-15 ) ) ;
#11063 = CARTESIAN_POINT ( 'NONE',  ( 39.58161167910967748, 1.106833788838468502, -5.425737714157053304 ) ) ;
#11064 = APPLICATION_CONTEXT ( 'automotive_design' ) ;
#11065 = CARTESIAN_POINT ( 'NONE',  ( 14.35590445068957166, 0.4000000000000000222, -0.2337080731428450298 ) ) ;
#11066 = LINE ( 'NONE', #5412, #11582 ) ;
#11067 = LINE ( 'NONE', #9293, #2777 ) ;
#11068 = FACE_OUTER_BOUND ( 'NONE', #12418, .T. ) ;
#11069 = AXIS2_PLACEMENT_3D ( 'NONE', #12424, #7447, #7504 ) ;
#11070 = CARTESIAN_POINT ( 'NONE',  ( 25.71180890137914687, 1.000000000000000000, 0.3238172648295125633 ) ) ;
#11071 = CARTESIAN_POINT ( 'NONE',  ( 26.05866854679657862, 0.4000000000000000222, -3.000000000000000000 ) ) ;
#11072 = ORIENTED_EDGE ( 'NONE', *, *, #9860, .T. ) ;
#11073 = ORIENTED_EDGE ( 'NONE', *, *, #12193, .T. ) ;
#11074 = ORIENTED_EDGE ( 'NONE', *, *, #9116, .T. ) ;
#11075 = ORIENTED_EDGE ( 'NONE', *, *, #10585, .T. ) ;
#11076 = VERTEX_POINT ( 'NONE', #8987 ) ;
#11077 = CARTESIAN_POINT ( 'NONE',  ( 9.584501294167329988, 1.106833788838468502, -5.425737714157053304 ) ) ;
#11078 = LINE ( 'NONE', #7422, #11955 ) ;
#11079 = CARTESIAN_POINT ( 'NONE',  ( 31.49711038494233151, 1.399999999999999911, -4.858578065624948650 ) ) ;
#11080 = LINE ( 'NONE', #9122, #11254 ) ;
#11081 = CARTESIAN_POINT ( 'NONE',  ( 38.01232970029162317, 1.399999999999831823, -5.423416779412474575 ) ) ;
#11082 = FACE_OUTER_BOUND ( 'NONE', #12330, .T. ) ;
#11083 = CARTESIAN_POINT ( 'NONE',  ( 1.500000000000011990, 1.000000000000000000, -2.240753535442245425 ) ) ;
#11084 = ORIENTED_EDGE ( 'NONE', *, *, #7630, .F. ) ;
#11085 = ORIENTED_EDGE ( 'NONE', *, *, #687, .T. ) ;
#11086 = ORIENTED_EDGE ( 'NONE', *, *, #8820, .T. ) ;
#11087 = ORIENTED_EDGE ( 'NONE', *, *, #3231, .T. ) ;
#11088 = EDGE_CURVE ( 'NONE', #9267, #4497, #8041, .T. ) ;
#11089 = DIRECTION ( 'NONE',  ( -1.000000000000000000, -0.000000000000000000, 1.141265444721583757E-16 ) ) ;
#11090 = ORIENTED_EDGE ( 'NONE', *, *, #10757, .F. ) ;
#11091 = LINE ( 'NONE', #1492, #239 ) ;
#11092 = EDGE_CURVE ( 'NONE', #1193, #10854, #2065, .T. ) ;
#11093 = CARTESIAN_POINT ( 'NONE',  ( 18.39882039647483936, 1.399999999999999689, -4.945931956424546527 ) ) ;
#11094 = PLANE ( 'NONE',  #12190 ) ;
#11095 = CARTESIAN_POINT ( 'NONE',  ( 34.28241186850552680, 2.000000000000000000, 1.739099631177264182 ) ) ;
#11096 = CARTESIAN_POINT ( 'NONE',  ( 34.28241186850552680, 0.5320888862379536954, -0.9617579545435694932 ) ) ;
#11097 = ORIENTED_EDGE ( 'NONE', *, *, #32, .T. ) ;
#11098 = ORIENTED_EDGE ( 'NONE', *, *, #749, .T. ) ;
#11099 = CARTESIAN_POINT ( 'NONE',  ( 10.07060296712638170, 1.000000000000000000, -0.4041232037028950064 ) ) ;
#11100 = ORIENTED_EDGE ( 'NONE', *, *, #7605, .F. ) ;
#11101 = EDGE_CURVE ( 'NONE', #10056, #109, #1061, .T. ) ;
#11102 = DIRECTION ( 'NONE',  ( -1.141265444721583757E-16, -0.000000000000000000, -1.000000000000000000 ) ) ;
#11103 = ORIENTED_EDGE ( 'NONE', *, *, #5146, .T. ) ;
#11104 = DIRECTION ( 'NONE',  ( 1.000000000000000000, -0.000000000000000000, -1.141265444721583757E-16 ) ) ;
#11105 = AXIS2_PLACEMENT_3D ( 'NONE', #9598, #9469, #1890 ) ;
#11106 = EDGE_CURVE ( 'NONE', #5137, #11787, #7760, .T. ) ;
#11107 = CARTESIAN_POINT ( 'NONE',  ( 24.71180890137915043, 1.000000000000000000, -1.000000000000000000 ) ) ;
#11108 = CARTESIAN_POINT ( 'NONE',  ( 22.17336706323338547, 0.000000000000000000, -1.000000000000000000 ) ) ;
#11109 = CARTESIAN_POINT ( 'NONE',  ( 28.82487178120850402, 0.6722386037338308196, -0.7947340252167942598 ) ) ;
#11110 = LINE ( 'NONE', #7030, #1517 ) ;
#11111 = CARTESIAN_POINT ( 'NONE',  ( 34.62927151392296565, 0.000000000000000000, -2.240753535442237432 ) ) ;
#11112 = DIRECTION ( 'NONE',  ( 1.141265444721583757E-16, -2.710505431213761085E-16, 1.000000000000000000 ) ) ;
#11113 = ORIENTED_EDGE ( 'NONE', *, *, #5993, .F. ) ;
#11114 = ORIENTED_EDGE ( 'NONE', *, *, #7553, .T. ) ;
#11115 = ORIENTED_EDGE ( 'NONE', *, *, #9134, .F. ) ;
#11116 = LINE ( 'NONE', #4410, #7296 ) ;
#11117 = CARTESIAN_POINT ( 'NONE',  ( 38.50000000000001421, 0.000000000000000000, -0.2337080731428451408 ) ) ;
#11118 = EDGE_CURVE ( 'NONE', #6664, #2544, #11601, .T. ) ;
#11119 = CARTESIAN_POINT ( 'NONE',  ( 0.7468596454174303290, 0.000000000000000000, -3.000000000000000000 ) ) ;
#11120 = LINE ( 'NONE', #1528, #2963 ) ;
#11121 = VECTOR ( 'NONE', #5083, 1000.000000000000000 ) ;
#11122 = CARTESIAN_POINT ( 'NONE',  ( 38.50000000000001421, 0.000000000000000000, -3.407045462299400196 ) ) ;
#11124 = EDGE_CURVE ( 'NONE', #6166, #6710, #3002, .T. ) ;
#11123 = VECTOR ( 'NONE', #4511, 1000.000000000000000 ) ;
#11125 = VECTOR ( 'NONE', #9380, 999.9999999999998863 ) ;
#11126 = DIRECTION ( 'NONE',  ( -0.000000000000000000, -0.000000000000000000, 1.000000000000000000 ) ) ;
#11127 = CYLINDRICAL_SURFACE ( 'NONE', #2132, 2.000000000000000000 ) ;
#11128 = DIRECTION ( 'NONE',  ( -0.6427876096865463573, -0.000000000000000000, -0.7660444431189722403 ) ) ;
#11129 = VERTEX_POINT ( 'NONE', #9861 ) ;
#11130 = ORIENTED_EDGE ( 'NONE', *, *, #10274, .T. ) ;
#11131 = B_SPLINE_CURVE_WITH_KNOTS ( 'NONE', 3,
 ( #6268, #6147, #2588, #11056, #5155, #9976, #3273, #6209 ),
 .UNSPECIFIED., .F., .F.,
 ( 4, 2, 2, 4 ),
 ( 0.000000000000000000, 0.0007624254491577281065, 0.001524850898315456213, 0.003049701796630912426 ),
 .UNSPECIFIED. ) ;
#11132 = AXIS2_PLACEMENT_3D ( 'NONE', #2223, #4036, #1038 ) ;
#11133 = ORIENTED_EDGE ( 'NONE', *, *, #9855, .F. ) ;
#11134 = ORIENTED_EDGE ( 'NONE', *, *, #5600, .F. ) ;
#11135 = VECTOR ( 'NONE', #2433, 1000.000000000000000 ) ;
#11136 = VECTOR ( 'NONE', #5657, 1000.000000000000114 ) ;
#11137 = ORIENTED_EDGE ( 'NONE', *, *, #3219, .F. ) ;
#11138 = DIRECTION ( 'NONE',  ( 0.000000000000000000, 1.000000000000000000, 0.000000000000000000 ) ) ;
#11139 = LINE ( 'NONE', #12028, #8929 ) ;
#11140 = CARTESIAN_POINT ( 'NONE',  ( -0.9999999999999859002, 1.000000000000000000, -2.240753535442228106 ) ) ;
#11141 = LINE ( 'NONE', #10377, #8832 ) ;
#11142 = EDGE_CURVE ( 'NONE', #5937, #3155, #8175, .T. ) ;
#11143 = CARTESIAN_POINT ( 'NONE',  ( 37.45190527382259660, 1.106494308963228201, -5.409375844367115604 ) ) ;
#11144 = EDGE_CURVE ( 'NONE', #10055, #2863, #11067, .T. ) ;
#11145 = LINE ( 'NONE', #10955, #12337 ) ;
#11146 = VECTOR ( 'NONE', #1424, 1000.000000000000000 ) ;
#11147 = LINE ( 'NONE', #7369, #4327 ) ;
#11148 = ORIENTED_EDGE ( 'NONE', *, *, #9572, .F. ) ;
#11149 = VERTEX_POINT ( 'NONE', #594 ) ;
#11150 = EDGE_LOOP ( 'NONE', ( #5341, #6181, #3469, #4341 ) ) ;
#11151 = ORIENTED_EDGE ( 'NONE', *, *, #4000, .F. ) ;
#11152 = CARTESIAN_POINT ( 'NONE',  ( 32.78241186850553390, 0.000000000000000000, -3.007045462299398952 ) ) ;
#11153 = ORIENTED_EDGE ( 'NONE', *, *, #10467, .F. ) ;
#11154 = CIRCLE ( 'NONE', #10755, 4.810796291701608496 ) ;
#11155 = CARTESIAN_POINT ( 'NONE',  ( 15.64120593425276340, 0.8628211600346445964, -0.4041232037028950064 ) ) ;
#11156 = CARTESIAN_POINT ( 'NONE',  ( 26.71180890137914332, 0.000000000000000000, -1.000000000000000000 ) ) ;
#11157 = CARTESIAN_POINT ( 'NONE',  ( 25.71180890137914687, 0.000000000000000000, 1.999999999999998224 ) ) ;
#11158 = ADVANCED_FACE ( 'NONE', ( #8223 ), #653, .F. ) ;
#11159 = B_SPLINE_CURVE_WITH_KNOTS ( 'NONE', 3,
 ( #10630, #10818, #11644, #7743, #1986, #4045 ),
 .UNSPECIFIED., .F., .F.,
 ( 4, 2, 4 ),
 ( 0.000000000000000000, 0.0002694863184573001772, 0.0005389726369146003544 ),
 .UNSPECIFIED. ) ;
#11160 = CARTESIAN_POINT ( 'NONE',  ( 11.35590445068957521, 0.4000000000000000222, -0.2337080731428419489 ) ) ;
#11161 = DIRECTION ( 'NONE',  ( -0.000000000000000000, -0.000000000000000000, 1.000000000000000000 ) ) ;
#11162 = EDGE_CURVE ( 'NONE', #3058, #7174, #2535, .T. ) ;
#11163 = VECTOR ( 'NONE', #10628, 1000.000000000000000 ) ;
#11164 = ORIENTED_EDGE ( 'NONE', *, *, #9855, .T. ) ;
#11165 = ORIENTED_EDGE ( 'NONE', *, *, #2392, .T. ) ;
#11166 = EDGE_CURVE ( 'NONE', #9317, #4762, #4414, .T. ) ;
#11167 = CARTESIAN_POINT ( 'NONE',  ( 18.64120593425277406, 1.000000000000000000, -2.836630331739350641 ) ) ;
#11168 = VERTEX_POINT ( 'NONE', #10105 ) ;
#11169 = LINE ( 'NONE', #10273, #512 ) ;
#11170 = ORIENTED_EDGE ( 'NONE', *, *, #5525, .T. ) ;
#11171 = DIRECTION ( 'NONE',  ( 1.000000000000000000, -0.000000000000000000, -0.000000000000000000 ) ) ;
#11172 = VECTOR ( 'NONE', #4967, 1000.000000000000000 ) ;
#11173 = CARTESIAN_POINT ( 'NONE',  ( 5.785301483563182856, 1.115317123975225755, -5.263829606655359150 ) ) ;
#11174 = LINE ( 'NONE', #508, #7370 ) ;
#11175 = CARTESIAN_POINT ( 'NONE',  ( 18.64120593425276695, 1.000000000000000000, 0.3238172648295121747 ) ) ;
#11176 = CARTESIAN_POINT ( 'NONE',  ( 9.570602967126379923, 1.000000000000000000, -1.000000000000000000 ) ) ;
#11177 = EDGE_CURVE ( 'NONE', #8015, #5866, #2021, .T. ) ;
#11178 = DIRECTION ( 'NONE',  ( -0.000000000000000000, -0.000000000000000000, 1.000000000000000000 ) ) ;
#11179 = EDGE_CURVE ( 'NONE', #11721, #7889, #12133, .T. ) ;
#11180 = DIRECTION ( 'NONE',  ( 0.000000000000000000, 0.000000000000000000, -1.000000000000000000 ) ) ;
#11181 = VECTOR ( 'NONE', #715, 1000.000000000000000 ) ;
#11182 = CARTESIAN_POINT ( 'NONE',  ( 7.070602967126382588, 1.000000000000000000, -0.4041232037028949509 ) ) ;
#11183 = ORIENTED_EDGE ( 'NONE', *, *, #9467, .T. ) ;
#11184 = VECTOR ( 'NONE', #7486, 1000.000000000000000 ) ;
#11185 = ORIENTED_EDGE ( 'NONE', *, *, #2858, .F. ) ;
#11186 = VERTEX_POINT ( 'NONE', #9229 ) ;
#11187 = CARTESIAN_POINT ( 'NONE',  ( -0.3437148944200442702, 0.3999999999999999667, -2.240753535442232547 ) ) ;
#11188 = CARTESIAN_POINT ( 'NONE',  ( 38.50000000000001421, 0.000000000000000000, -3.007045462299399841 ) ) ;
#11189 = PLANE ( 'NONE',  #8238 ) ;
#11190 = DIRECTION ( 'NONE',  ( -6.982962677686266711E-15, 0.000000000000000000, -1.000000000000000000 ) ) ;
#11191 = CARTESIAN_POINT ( 'NONE',  ( 39.73995195580256024, 0.6722386037338304865, -0.7947340252167950370 ) ) ;
#11192 = VECTOR ( 'NONE', #62, 1000.000000000000000 ) ;
#11193 = VECTOR ( 'NONE', #2857, 1000.000000000000000 ) ;
#11194 = PLANE ( 'NONE',  #2315 ) ;
#11195 = VERTEX_POINT ( 'NONE', #7347 ) ;
#11196 = ADVANCED_FACE ( 'NONE', ( #716 ), #5349, .F. ) ;
#11197 = DIRECTION ( 'NONE',  ( -0.000000000000000000, -1.000000000000000000, -0.000000000000000000 ) ) ;
#11198 = DIRECTION ( 'NONE',  ( -0.000000000000000000, -0.000000000000000000, 1.000000000000000000 ) ) ;
#11199 = ORIENTED_EDGE ( 'NONE', *, *, #3150, .F. ) ;
#11200 = ORIENTED_EDGE ( 'NONE', *, *, #1213, .T. ) ;
#11201 = EDGE_LOOP ( 'NONE', ( #6934, #4821, #6717, #3897 ) ) ;
#11202 = VERTEX_POINT ( 'NONE', #4540 ) ;
#11203 = VECTOR ( 'NONE', #5263, 1000.000000000000000 ) ;
#11204 = ADVANCED_FACE ( 'NONE', ( #9172 ), #6411, .T. ) ;
#11205 = ORIENTED_EDGE ( 'NONE', *, *, #11986, .T. ) ;
#11206 = CARTESIAN_POINT ( 'NONE',  ( 17.48806557967019515, 0.4000000000000000222, -3.000000000000000000 ) ) ;
#11207 = CARTESIAN_POINT ( 'NONE',  ( 8.917462612543813449, 0.000000000000000000, -3.000000000000000000 ) ) ;
#11208 = CARTESIAN_POINT ( 'NONE',  ( 10.07060296712638348, 2.000000000000000000, 2.799999999999999822 ) ) ;
#11209 = CARTESIAN_POINT ( 'NONE',  ( 15.64120593425277050, 0.3999999999999999667, -3.407045462299400196 ) ) ;
#11210 = LINE ( 'NONE', #7367, #4965 ) ;
#11211 = VECTOR ( 'NONE', #4605, 1000.000000000000000 ) ;
#11212 = CARTESIAN_POINT ( 'NONE',  ( 30.74397003035976894, 0.4000000000000000222, -1.000000000000000000 ) ) ;
#11213 = LINE ( 'NONE', #6238, #7926 ) ;
#11214 = EDGE_CURVE ( 'NONE', #10179, #8123, #2469, .T. ) ;
#11215 = ORIENTED_EDGE ( 'NONE', *, *, #637, .T. ) ;
#11216 = ORIENTED_EDGE ( 'NONE', *, *, #8464, .T. ) ;
#11217 = VERTEX_POINT ( 'NONE', #1657 ) ;
#11218 = VERTEX_POINT ( 'NONE', #11806 ) ;
#11219 = ADVANCED_FACE ( 'NONE', ( #8899 ), #3263, .F. ) ;
#11220 = EDGE_CURVE ( 'NONE', #461, #12009, #10549, .T. ) ;
#11221 = DIRECTION ( 'NONE',  ( 1.000000000000000000, -0.000000000000000000, -6.982962677686266711E-15 ) ) ;
#11222 = EDGE_LOOP ( 'NONE', ( #8782, #4441, #2130, #3232 ) ) ;
#11223 = DIRECTION ( 'NONE',  ( 0.5407162030609378167, 0.5407162030609377057, 0.6444004775717702138 ) ) ;
#11224 = CARTESIAN_POINT ( 'NONE',  ( 12.51218955626952933, 0.000000000000000000, -3.000000000000000000 ) ) ;
#11225 = CARTESIAN_POINT ( 'NONE',  ( 37.06771335206871498, 1.103464568314089123, -5.267165293036052631 ) ) ;
#11226 = CARTESIAN_POINT ( 'NONE',  ( 28.49711038494233861, 0.5351768109448616917, 2.449066664678465788 ) ) ;
#11227 = DIRECTION ( 'NONE',  ( 0.000000000000000000, -1.000000000000000000, 0.000000000000000000 ) ) ;
#11228 = EDGE_LOOP ( 'NONE', ( #7125, #5863, #11576, #5802 ) ) ;
#11229 = ORIENTED_EDGE ( 'NONE', *, *, #1388, .F. ) ;
#11230 = CARTESIAN_POINT ( 'NONE',  ( 33.28241186850554101, 0.000000000000000000, -2.240753535442228106 ) ) ;
#11231 = VERTEX_POINT ( 'NONE', #6074 ) ;
#11232 = LINE ( 'NONE', #8329, #1515 ) ;
#11233 = ORIENTED_EDGE ( 'NONE', *, *, #984, .F. ) ;
#11234 = EDGE_CURVE ( 'NONE', #4237, #11996, #326, .T. ) ;
#11235 = DIRECTION ( 'NONE',  ( 7.097089222158425653E-15, -0.000000000000000000, 1.000000000000000000 ) ) ;
#11236 = PLANE ( 'NONE',  #3446 ) ;
#11237 = FACE_OUTER_BOUND ( 'NONE', #8070, .T. ) ;
#11238 = LINE ( 'NONE', #4587, #1646 ) ;
#11239 = CARTESIAN_POINT ( 'NONE',  ( 38.50000000000001421, 0.000000000000000000, -3.407045462299400196 ) ) ;
#11240 = CARTESIAN_POINT ( 'NONE',  ( 14.35590445068957344, 0.06443263463840748217, 0.1149657687835883013 ) ) ;
#11241 = CARTESIAN_POINT ( 'NONE',  ( 27.21180890137915043, 0.06443263463840748217, 0.1149657687835883013 ) ) ;
#11242 = LINE ( 'NONE', #7591, #3 ) ;
#11243 = VECTOR ( 'NONE', #10966, 1000.000000000000000 ) ;
#11244 = ORIENTED_EDGE ( 'NONE', *, *, #3116, .F. ) ;
#11245 = ORIENTED_EDGE ( 'NONE', *, *, #3799, .T. ) ;
#11246 = VECTOR ( 'NONE', #283, 1000.000000000000000 ) ;
#11247 = ADVANCED_FACE ( 'NONE', ( #570 ), #12055, .F. ) ;
#11248 = CARTESIAN_POINT ( 'NONE',  ( 1.500000000000011990, 1.000000000000000000, -2.240753535442245425 ) ) ;
#11249 = CARTESIAN_POINT ( 'NONE',  ( 39.07182323591003836, 1.108515853782455984, -5.506187988402309941 ) ) ;
#11250 = CARTESIAN_POINT ( 'NONE',  ( 29.99711038494233506, 1.399999999999999911, -4.612012738139083190 ) ) ;
#11251 = CARTESIAN_POINT ( 'NONE',  ( 38.56771335206872209, 2.000000000000000000, 0.000000000000000000 ) ) ;
#11252 = EDGE_CURVE ( 'NONE', #9243, #11725, #4397, .T. ) ;
#11253 = DIRECTION ( 'NONE',  ( 0.000000000000000000, 0.6427876096865402511, -0.7660444431189772363 ) ) ;
#11254 = VECTOR ( 'NONE', #9248, 1000.000000000000000 ) ;
#11255 = VECTOR ( 'NONE', #9970, 1000.000000000000000 ) ;
#11256 = DIRECTION ( 'NONE',  ( -7.335912872304331086E-17, -0.7660444431189772363, -0.6427876096865402511 ) ) ;
#11257 = ORIENTED_EDGE ( 'NONE', *, *, #51, .T. ) ;
#11258 = DIRECTION ( 'NONE',  ( -0.7660444431189766812, 0.000000000000000000, 0.6427876096865409172 ) ) ;
#11259 = DIRECTION ( 'NONE',  ( -0.6427876096865355882, -0.000000000000000000, 0.7660444431189811221 ) ) ;
#11260 = EDGE_LOOP ( 'NONE', ( #1113, #3276, #3248, #11880, #7783, #9689, #10085, #8434, #8154, #2810, #278, #11921, #790, #7356, #806, #938 ) ) ;
#11261 = EDGE_LOOP ( 'NONE', ( #7262, #9895, #7403, #1908, #9485 ) ) ;
#11262 = VERTEX_POINT ( 'NONE', #6259 ) ;
#11263 = VECTOR ( 'NONE', #4258, 1000.000000000000000 ) ;
#11264 = EDGE_CURVE ( 'NONE', #10854, #8781, #7206, .T. ) ;
#11265 = CARTESIAN_POINT ( 'NONE',  ( 21.08279252339591281, 0.000000000000000000, -1.000000000000000000 ) ) ;
#11266 = CARTESIAN_POINT ( 'NONE',  ( 13.85590445068957166, 0.000000000000000000, -1.000000000000000000 ) ) ;
#11267 = PLANE ( 'NONE',  #12154 ) ;
#11268 = LINE ( 'NONE', #2482, #1348 ) ;
#11269 = EDGE_CURVE ( 'NONE', #8931, #6576, #8204, .T. ) ;
#11270 = DIRECTION ( 'NONE',  ( 7.335912872304279317E-17, -0.7660444431189810111, -0.6427876096865356992 ) ) ;
#11271 = CARTESIAN_POINT ( 'NONE',  ( 22.59874602154978973, 0.6722386037338313747, -0.7947340252167933716 ) ) ;
#11272 = CARTESIAN_POINT ( 'NONE',  ( 20.42650741781596935, 0.000000000000000000, -2.240753535442228106 ) ) ;
#11273 = DIRECTION ( 'NONE',  ( 1.000000000000000000, -0.000000000000000000, -0.000000000000000000 ) ) ;
#11274 = ORIENTED_EDGE ( 'NONE', *, *, #6648, .F. ) ;
#11275 = ORIENTED_EDGE ( 'NONE', *, *, #6316, .T. ) ;
#11276 = ORIENTED_EDGE ( 'NONE', *, *, #8712, .F. ) ;
#11277 = ORIENTED_EDGE ( 'NONE', *, *, #7587, .F. ) ;
#11278 = CARTESIAN_POINT ( 'NONE',  ( 18.64120593425276695, 1.000000000000000000, 0.8999999999999916955 ) ) ;
#11279 = VERTEX_POINT ( 'NONE', #2328 ) ;
#11280 = LINE ( 'NONE', #11931, #8743 ) ;
#11281 = ADVANCED_FACE ( 'NONE', ( #9839 ), #3203, .F. ) ;
#11282 = CARTESIAN_POINT ( 'NONE',  ( 17.88806557967020083, 0.4000000000000000222, -2.240753535442240096 ) ) ;
#11283 = LINE ( 'NONE', #2744, #772 ) ;
#11284 = DIRECTION ( 'NONE',  ( -1.000000000000000000, 0.000000000000000000, -1.141265444721583757E-16 ) ) ;
#11285 = EDGE_CURVE ( 'NONE', #9285, #10488, #2033, .T. ) ;
#11286 = LINE ( 'NONE', #2809, #9851 ) ;
#11287 = EDGE_CURVE ( 'NONE', #4073, #3058, #11042, .T. ) ;
#11288 = EDGE_CURVE ( 'NONE', #3093, #10798, #1265, .T. ) ;
#11289 = EDGE_CURVE ( 'NONE', #9146, #5704, #10023, .T. ) ;
#11290 = ORIENTED_EDGE ( 'NONE', *, *, #4799, .T. ) ;
#11291 = ORIENTED_EDGE ( 'NONE', *, *, #178, .F. ) ;
#11292 = CARTESIAN_POINT ( 'NONE',  ( 9.317462612543812028, 0.000000000000000000, -2.240753535442240096 ) ) ;
#11293 = EDGE_LOOP ( 'NONE', ( #5229, #1616, #3250, #10573 ) ) ;
#11294 = CARTESIAN_POINT ( 'NONE',  ( 27.21180890137915043, 1.499358225474672235, 1.300000000000000044 ) ) ;
#11295 = ORIENTED_EDGE ( 'NONE', *, *, #3585, .F. ) ;
#11296 = PRODUCT_DEFINITION_SHAPE ( 'NONE', 'NONE',  #9344 ) ;
#11297 = LINE ( 'NONE', #5946, #8426 ) ;
#11298 = CARTESIAN_POINT ( 'NONE',  ( 38.50000000000001421, 0.000000000000000000, -3.407045462299400196 ) ) ;
#11299 = CARTESIAN_POINT ( 'NONE',  ( 38.50000000000001421, 0.4000000000000000222, -0.2337080731428450298 ) ) ;
#11300 = CARTESIAN_POINT ( 'NONE',  ( 10.07060296712639413, 0.000000000000000000, -2.240753535442245425 ) ) ;
#11301 = ADVANCED_FACE ( 'NONE', ( #9024 ), #3290, .T. ) ;
#11302 = EDGE_CURVE ( 'NONE', #319, #1427, #5801, .T. ) ;
#11303 = CARTESIAN_POINT ( 'NONE',  ( 16.79749103983272107, 0.000000000000000000, -3.000000000000000000 ) ) ;
#11304 = CARTESIAN_POINT ( 'NONE',  ( 37.06771335206872209, 0.000000000000000000, -0.2337080731428449742 ) ) ;
#11305 = DIRECTION ( 'NONE',  ( -0.000000000000000000, -1.000000000000000000, 0.000000000000000000 ) ) ;
#11306 = DIRECTION ( 'NONE',  ( 0.000000000000000000, 0.000000000000000000, -1.000000000000000000 ) ) ;
#11307 = EDGE_LOOP ( 'NONE', ( #8232, #10370, #10367, #4325, #3390, #267, #6606, #9879, #6495, #10332, #2176 ) ) ;
#11308 = ORIENTED_EDGE ( 'NONE', *, *, #12093, .F. ) ;
#11309 = DIRECTION ( 'NONE',  ( 1.000000000000000000, 0.000000000000000000, 0.000000000000000000 ) ) ;
#11310 = CARTESIAN_POINT ( 'NONE',  ( 22.92650741781596935, 0.000000000000000000, -2.240753535442245425 ) ) ;
#11311 = LINE ( 'NONE', #8531, #1246 ) ;
#11312 = LINE ( 'NONE', #9724, #9360 ) ;
#11313 = VECTOR ( 'NONE', #5278, 1000.000000000000000 ) ;
#11314 = CARTESIAN_POINT ( 'NONE',  ( 11.84067594654044875, 1.399999999999999911, -5.033282760356246222 ) ) ;
#11315 = VERTEX_POINT ( 'NONE', #6616 ) ;
#11316 = EDGE_CURVE ( 'NONE', #8438, #3289, #9439, .T. ) ;
#11317 = LINE ( 'NONE', #11572, #12336 ) ;
#11318 = DIRECTION ( 'NONE',  ( 0.000000000000000000, -1.000000000000000000, 0.000000000000000000 ) ) ;
#11319 = ORIENTED_EDGE ( 'NONE', *, *, #6914, .F. ) ;
#11320 = EDGE_CURVE ( 'NONE', #8120, #8252, #10382, .T. ) ;
#11321 = EDGE_CURVE ( 'NONE', #5704, #5387, #8556, .T. ) ;
#11322 = ORIENTED_EDGE ( 'NONE', *, *, #12018, .T. ) ;
#11323 = ORIENTED_EDGE ( 'NONE', *, *, #4921, .F. ) ;
#11324 = VERTEX_POINT ( 'NONE', #10314 ) ;
#11325 = FACE_OUTER_BOUND ( 'NONE', #3710, .T. ) ;
#11326 = DIRECTION ( 'NONE',  ( 0.000000000000000000, -1.000000000000000000, 0.000000000000000000 ) ) ;
#11327 = AXIS2_PLACEMENT_3D ( 'NONE', #5905, #4156, #8911 ) ;
#11328 = CARTESIAN_POINT ( 'NONE',  ( 37.06771335206872919, 1.000000000000000000, -3.007045462299399841 ) ) ;
#11329 = AXIS2_PLACEMENT_3D ( 'NONE', #8285, #3353, #7166 ) ;
#11330 = DIRECTION ( 'NONE',  ( -3.093406186374441444E-32, -1.000000000000000000, -2.710505431213761085E-16 ) ) ;
#11331 = CARTESIAN_POINT ( 'NONE',  ( 18.17329482049072098, 0.5320888862379536954, -0.9617579545435693822 ) ) ;
#11332 = DIRECTION ( 'NONE',  ( 0.000000000000000000, 1.000000000000000000, 0.000000000000000000 ) ) ;
#11333 = EDGE_CURVE ( 'NONE', #3689, #12361, #12344, .T. ) ;
#11334 = DIRECTION ( 'NONE',  ( -0.000000000000000000, -0.000000000000000000, 1.000000000000000000 ) ) ;
#11335 = VECTOR ( 'NONE', #3260, 1000.000000000000000 ) ;
#11336 = LINE ( 'NONE', #7555, #10584 ) ;
#11337 = ORIENTED_EDGE ( 'NONE', *, *, #4847, .T. ) ;
#11338 = ORIENTED_EDGE ( 'NONE', *, *, #8679, .T. ) ;
#11339 = VECTOR ( 'NONE', #10091, 1000.000000000000000 ) ;
#11340 = EDGE_CURVE ( 'NONE', #3081, #11523, #1050, .T. ) ;
#11341 = ORIENTED_EDGE ( 'NONE', *, *, #10155, .T. ) ;
#11342 = ORIENTED_EDGE ( 'NONE', *, *, #8399, .T. ) ;
#11343 = CARTESIAN_POINT ( 'NONE',  ( 35.78241186850553390, 1.000000000000000000, -4.040753535442245692 ) ) ;
#11344 = ORIENTED_EDGE ( 'NONE', *, *, #89, .F. ) ;
#11345 = CARTESIAN_POINT ( 'NONE',  ( 35.78241186850552680, 1.103464666456457577, -5.267169912107815044 ) ) ;
#11346 = VECTOR ( 'NONE', #12291, 1000.000000000000000 ) ;
#11347 = CARTESIAN_POINT ( 'NONE',  ( 10.07060296712638525, 0.3999999999999999667, -3.407045462299400196 ) ) ;
#11348 = CARTESIAN_POINT ( 'NONE',  ( 3.769445320145235367, 1.400000000000000133, -5.120335728133785125 ) ) ;
#11349 = AXIS2_PLACEMENT_3D ( 'NONE', #10443, #1862, #1921 ) ;
#11350 = DIRECTION ( 'NONE',  ( 1.000000000000000000, -0.000000000000000000, -6.982962677686266711E-15 ) ) ;
#11351 = ORIENTED_EDGE ( 'NONE', *, *, #9874, .F. ) ;
#11352 = ORIENTED_EDGE ( 'NONE', *, *, #10901, .T. ) ;
#11353 = DIRECTION ( 'NONE',  ( -1.355252715606880543E-16, -1.000000000000000000, -0.000000000000000000 ) ) ;
#11354 = ORIENTED_EDGE ( 'NONE', *, *, #5487, .T. ) ;
#11355 = VECTOR ( 'NONE', #11580, 1000.000000000000000 ) ;
#11356 = AXIS2_PLACEMENT_3D ( 'NONE', #8472, #4604, #9365 ) ;
#11357 = FACE_OUTER_BOUND ( 'NONE', #1666, .T. ) ;
#11358 = ORIENTED_EDGE ( 'NONE', *, *, #10617, .F. ) ;
#11359 = EDGE_CURVE ( 'NONE', #1815, #9642, #12412, .T. ) ;
#11360 = LINE ( 'NONE', #9215, #10104 ) ;
#11361 = PLANE ( 'NONE',  #6220 ) ;
#11362 = DIRECTION ( 'NONE',  ( -1.000000000000000000, 0.000000000000000000, 0.000000000000000000 ) ) ;
#11363 = CARTESIAN_POINT ( 'NONE',  ( 20.90931839403995340, 1.115317123975225533, -5.586343894839114199 ) ) ;
#11364 = VECTOR ( 'NONE', #1450, 1000.000000000000000 ) ;
#11365 = CARTESIAN_POINT ( 'NONE',  ( 24.21180890137913622, 2.000000000000000000, -5.468901542184338993 ) ) ;
#11366 = LINE ( 'NONE', #11240, #1928 ) ;
#11367 = CARTESIAN_POINT ( 'NONE',  ( 16.39749103983271894, 0.4000000000000000222, -2.240753535442231215 ) ) ;
#11368 = CARTESIAN_POINT ( 'NONE',  ( 37.06771335206872209, 1.000000000000000000, -0.4041232037028950064 ) ) ;
#11369 = EDGE_CURVE ( 'NONE', #2238, #10428, #11336, .T. ) ;
#11370 = CARTESIAN_POINT ( 'NONE',  ( 38.50000000000001421, 0.000000000000000000, -3.407045462299400196 ) ) ;
#11371 = ORIENTED_EDGE ( 'NONE', *, *, #2404, .F. ) ;
#11372 = ORIENTED_EDGE ( 'NONE', *, *, #6879, .F. ) ;
#11373 = VECTOR ( 'NONE', #7565, 1000.000000000000000 ) ;
#11374 = ADVANCED_FACE ( 'NONE', ( #3739 ), #10501, .F. ) ;
#11375 = EDGE_CURVE ( 'NONE', #9763, #1289, #861, .T. ) ;
#11376 = DIRECTION ( 'NONE',  ( 0.000000000000000000, 1.000000000000000000, -0.000000000000000000 ) ) ;
#11377 = FACE_OUTER_BOUND ( 'NONE', #818, .T. ) ;
#11378 = CARTESIAN_POINT ( 'NONE',  ( 35.78241186850554101, 0.3999999999999999667, -3.407045462299400196 ) ) ;
#11379 = CARTESIAN_POINT ( 'NONE',  ( 0.5649231182483570590, 1.108503113383854100, -5.505581804970431037 ) ) ;
#11380 = AXIS2_PLACEMENT_3D ( 'NONE', #11886, #6155, #9046 ) ;
#11381 = FACE_OUTER_BOUND ( 'NONE', #6260, .T. ) ;
#11382 = ORIENTED_EDGE ( 'NONE', *, *, #4454, .T. ) ;
#11383 = AXIS2_PLACEMENT_3D ( 'NONE', #10888, #5429, #6364 ) ;
#11384 = DIRECTION ( 'NONE',  ( -1.000000000000000000, 0.000000000000000000, 0.000000000000000000 ) ) ;
#11385 = CARTESIAN_POINT ( 'NONE',  ( 12.85590445068957344, 2.000000000000000000, 1.739099631177264182 ) ) ;
#11386 = VERTEX_POINT ( 'NONE', #10444 ) ;
#11387 = ORIENTED_EDGE ( 'NONE', *, *, #5831, .T. ) ;
#11388 = ORIENTED_EDGE ( 'NONE', *, *, #949, .F. ) ;
#11389 = LINE ( 'NONE', #6608, #7885 ) ;
#11390 = PLANE ( 'NONE',  #8365 ) ;
#11391 = DIRECTION ( 'NONE',  ( 1.000000000000000000, 0.000000000000000000, 0.000000000000000000 ) ) ;
#11392 = VECTOR ( 'NONE', #8067, 1000.000000000000000 ) ;
#11393 = DIRECTION ( 'NONE',  ( 0.000000000000000000, -1.000000000000000000, -0.000000000000000000 ) ) ;
#11394 = EDGE_CURVE ( 'NONE', #10711, #8795, #6489, .T. ) ;
#11395 = AXIS2_PLACEMENT_3D ( 'NONE', #9143, #1687, #7261 ) ;
#11396 = LINE ( 'NONE', #9435, #6628 ) ;
#11397 = CARTESIAN_POINT ( 'NONE',  ( 18.64120593425276695, 1.000000000000000000, 2.799999999999999822 ) ) ;
#11398 = CARTESIAN_POINT ( 'NONE',  ( 38.50000000000001421, 0.4000000000000000222, -3.007045462299399841 ) ) ;
#11399 =( BOUNDED_CURVE ( )  B_SPLINE_CURVE ( 3, ( #11155, #4796, #3497, #40 ),
 .UNSPECIFIED., .F., .F. ) 
 B_SPLINE_CURVE_WITH_KNOTS ( ( 4, 4 ),
 ( 1.943323292647559208, 2.268928027592630681 ),
 .UNSPECIFIED. ) 
 CURVE ( )  GEOMETRIC_REPRESENTATION_ITEM ( )  RATIONAL_B_SPLINE_CURVE ( ( 1.000000000000000000, 0.9911846262163772625, 0.9911846262163772625, 1.000000000000000000 ) ) 
 REPRESENTATION_ITEM ( '' )  );
#11400 = FACE_OUTER_BOUND ( 'NONE', #3022, .T. ) ;
#11401 = VECTOR ( 'NONE', #8284, 1000.000000000000000 ) ;
#11402 = CARTESIAN_POINT ( 'NONE',  ( 10.19361506860994027, 1.400000000000000133, -5.141473183975623584 ) ) ;
#11403 = VERTEX_POINT ( 'NONE', #4681 ) ;
#11404 = VERTEX_POINT ( 'NONE', #6678 ) ;
#11405 = EDGE_LOOP ( 'NONE', ( #6497, #11024, #10238, #6287 ) ) ;
#11406 = ORIENTED_EDGE ( 'NONE', *, *, #8346, .T. ) ;
#11407 = CARTESIAN_POINT ( 'NONE',  ( 24.67972001514119285, 0.5320888862379536954, -0.9617579545435693822 ) ) ;
#11408 = ORIENTED_EDGE ( 'NONE', *, *, #12057, .F. ) ;
#11409 = CARTESIAN_POINT ( 'NONE',  ( 10.07060296712638525, 1.000000000000000000, -3.407045462299396643 ) ) ;
#11410 = EDGE_CURVE ( 'NONE', #6838, #2276, #1925, .T. ) ;
#11411 = VECTOR ( 'NONE', #9667, 1000.000000000000000 ) ;
#11412 = CARTESIAN_POINT ( 'NONE',  ( 19.92650741781594448, 0.000000000000000000, -5.578147948598760841 ) ) ;
#11413 = LINE ( 'NONE', #9507, #7361 ) ;
#11414 = EDGE_CURVE ( 'NONE', #9866, #11262, #805, .T. ) ;
#11415 = PLANE ( 'NONE',  #5848 ) ;
#11416 = ORIENTED_EDGE ( 'NONE', *, *, #12301, .F. ) ;
#11417 = ORIENTED_EDGE ( 'NONE', *, *, #6293, .F. ) ;
#11418 = ORIENTED_EDGE ( 'NONE', *, *, #6865, .F. ) ;
#11419 = ORIENTED_EDGE ( 'NONE', *, *, #5389, .T. ) ;
#11420 = VECTOR ( 'NONE', #7656, 1000.000000000000000 ) ;
#11421 = DIRECTION ( 'NONE',  ( 0.000000000000000000, 1.000000000000000000, 0.000000000000000000 ) ) ;
#11422 = ORIENTED_EDGE ( 'NONE', *, *, #4539, .F. ) ;
#11423 = CARTESIAN_POINT ( 'NONE',  ( 14.18550059118161499, 0.7834631812238955773, -0.6072026154634229123 ) ) ;
#11424 = DIRECTION ( 'NONE',  ( 0.000000000000000000, 1.000000000000000000, 0.000000000000000000 ) ) ;
#11425 = LINE ( 'NONE', #9592, #9375 ) ;
#11426 = EDGE_CURVE ( 'NONE', #491, #9684, #8432, .T. ) ;
#11427 = CARTESIAN_POINT ( 'NONE',  ( 19.92650741781595158, 1.399999999999999689, -4.612012738139070755 ) ) ;
#11428 = LINE ( 'NONE', #8585, #11605 ) ;
#11429 = DIRECTION ( 'NONE',  ( 0.000000000000000000, -1.000000000000000000, 0.000000000000000000 ) ) ;
#11430 = LINE ( 'NONE', #1956, #11712 ) ;
#11431 = FACE_OUTER_BOUND ( 'NONE', #3423, .T. ) ;
#11432 = ORIENTED_EDGE ( 'NONE', *, *, #3181, .T. ) ;
#11433 = CARTESIAN_POINT ( 'NONE',  ( 35.78241186850554811, 1.000000000000000000, -2.240753535442245425 ) ) ;
#11434 = VERTEX_POINT ( 'NONE', #2734 ) ;
#11435 = ORIENTED_EDGE ( 'NONE', *, *, #1943, .T. ) ;
#11436 = DIRECTION ( 'NONE',  ( 1.000000000000000000, -0.000000000000000000, 0.000000000000000000 ) ) ;
#11437 = FACE_OUTER_BOUND ( 'NONE', #2006, .T. ) ;
#11438 = LINE ( 'NONE', #7407, #439 ) ;
#11439 = CARTESIAN_POINT ( 'NONE',  ( -0.5650323784375101965, 1.108502809461048288, -5.505567396206783926 ) ) ;
#11440 = ADVANCED_FACE ( 'NONE', ( #6555 ), #7683, .F. ) ;
#11442 = EDGE_CURVE ( 'NONE', #5876, #8325, #12286, .T. ) ;
#11441 = DIRECTION ( 'NONE',  ( -0.7660444431189766812, 0.000000000000000000, 0.6427876096865409172 ) ) ;
#11443 = ADVANCED_FACE ( 'NONE', ( #9749 ), #2111, .F. ) ;
#11444 = VECTOR ( 'NONE', #5443, 1000.000000000000000 ) ;
#11445 = VERTEX_POINT ( 'NONE', #170 ) ;
#11446 = EDGE_CURVE ( 'NONE', #292, #5328, #2289, .T. ) ;
#11447 = PLANE ( 'NONE',  #139 ) ;
#11448 = CARTESIAN_POINT ( 'NONE',  ( 15.64120593425276340, 0.4000000000000000222, 0.1662919268571524389 ) ) ;
#11449 = VERTEX_POINT ( 'NONE', #3169 ) ;
#11450 = ORIENTED_EDGE ( 'NONE', *, *, #8820, .F. ) ;
#11451 = ORIENTED_EDGE ( 'NONE', *, *, #550, .T. ) ;
#11452 = ORIENTED_EDGE ( 'NONE', *, *, #4273, .F. ) ;
#11453 = CARTESIAN_POINT ( 'NONE',  ( 2.785301483563191294, 0.8628211600346445964, -0.4041232037028950064 ) ) ;
#11454 = DIRECTION ( 'NONE',  ( 1.141265444721583757E-16, 0.000000000000000000, 1.000000000000000000 ) ) ;
#11455 = VECTOR ( 'NONE', #6742, 1000.000000000000000 ) ;
#11456 = LINE ( 'NONE', #2853, #2037 ) ;
#11457 = CARTESIAN_POINT ( 'NONE',  ( 11.35590445068957344, 1.000000000000000000, -0.4041232037028950064 ) ) ;
#11458 = VECTOR ( 'NONE', #11235, 1000.000000000000000 ) ;
#11459 = DIRECTION ( 'NONE',  ( -1.000000000000000000, 0.000000000000000000, 0.000000000000000000 ) ) ;
#11460 = DIRECTION ( 'NONE',  ( 0.000000000000000000, 0.000000000000000000, 1.000000000000000000 ) ) ;
#11461 = LINE ( 'NONE', #2795, #8502 ) ;
#11462 = LINE ( 'NONE', #10380, #5726 ) ;
#11463 = DIRECTION ( 'NONE',  ( 0.000000000000000000, 1.000000000000000000, 0.000000000000000000 ) ) ;
#11465 = ORIENTED_EDGE ( 'NONE', *, *, #2905, .T. ) ;
#11464 = AXIS2_PLACEMENT_3D ( 'NONE', #6835, #4889, #1952 ) ;
#11466 = ORIENTED_EDGE ( 'NONE', *, *, #6026, .T. ) ;
#11467 = VERTEX_POINT ( 'NONE', #10879 ) ;
#11468 = VECTOR ( 'NONE', #392, 1000.000000000000000 ) ;
#11469 = ORIENTED_EDGE ( 'NONE', *, *, #10770, .T. ) ;
#11470 = DIRECTION ( 'NONE',  ( 0.000000000000000000, 0.000000000000000000, -1.000000000000000000 ) ) ;
#11471 = VERTEX_POINT ( 'NONE', #5862 ) ;
#11472 = CARTESIAN_POINT ( 'NONE',  ( 35.78241186850554811, 0.000000000000000000, -2.240753535442245425 ) ) ;
#11473 = DIRECTION ( 'NONE',  ( -1.000000000000000000, 0.000000000000000000, -1.141265444721583757E-16 ) ) ;
#11474 = LINE ( 'NONE', #8445, #572 ) ;
#11475 =( BOUNDED_SURFACE ( )  B_SPLINE_SURFACE ( 3, 1, ( 
 ( #9345, #2823 ),
 ( #11363, #2582 ),
 ( #1766, #10342 ),
 ( #8335, #2760 ) ),
 .UNSPECIFIED., .F., .F., .F. ) 
 B_SPLINE_SURFACE_WITH_KNOTS ( ( 4, 4 ),
 ( 2, 2 ),
 ( 0.000000000000000000, 1.000000000000000000 ),
 ( 0.000000000000000000, 1.000000000000000000 ),
 .UNSPECIFIED. ) 
 GEOMETRIC_REPRESENTATION_ITEM ( )  RATIONAL_B_SPLINE_SURFACE ( (
 ( 1.000000000000000000, 1.000000000000000000),
 ( 0.9667654570425325833, 0.9667654570425325833),
 ( 0.9667654570425325833, 0.9667654570425325833),
 ( 1.000000000000000000, 1.000000000000000000) ) ) 
 REPRESENTATION_ITEM ( '' )  SURFACE ( )  );
#11476 = DIRECTION ( 'NONE',  ( 0.000000000000000000, 0.7660444431189767922, -0.6427876096865409172 ) ) ;
#11477 = B_SPLINE_CURVE_WITH_KNOTS ( 'NONE', 3,
 ( #6190, #5444, #3500, #7258, #4318, #2438 ),
 .UNSPECIFIED., .F., .F.,
 ( 4, 2, 4 ),
 ( 0.000000000000000000, 0.0002694863184572999604, 0.0005389726369145999207 ),
 .UNSPECIFIED. ) ;
#11478 = ORIENTED_EDGE ( 'NONE', *, *, #11480, .F. ) ;
#11479 = ORIENTED_EDGE ( 'NONE', *, *, #724, .F. ) ;
#11480 = EDGE_CURVE ( 'NONE', #5878, #249, #6870, .T. ) ;
#11481 = VERTEX_POINT ( 'NONE', #6808 ) ;
#11482 = ORIENTED_EDGE ( 'NONE', *, *, #6828, .F. ) ;
#11483 = ADVANCED_FACE ( 'NONE', ( #10821 ), #12283, .T. ) ;
#11484 = VERTEX_POINT ( 'NONE', #8865 ) ;
#11485 = CARTESIAN_POINT ( 'NONE',  ( 8.917462612543813449, 0.000000000000000000, -3.000000000000000000 ) ) ;
#11486 = CARTESIAN_POINT ( 'NONE',  ( 22.92650741781596579, 0.000000000000000000, -2.836630331739350641 ) ) ;
#11487 = CARTESIAN_POINT ( 'NONE',  ( 33.76259897664032650, 1.400000000000000355, -5.120565198620423253 ) ) ;
#11488 = LINE ( 'NONE', #134, #9647 ) ;
#11489 = DIRECTION ( 'NONE',  ( 0.000000000000000000, -1.000000000000000000, 0.000000000000000000 ) ) ;
#11490 = DIRECTION ( 'NONE',  ( 1.000000000000000000, 0.000000000000000000, -6.982962677686266711E-15 ) ) ;
#11491 = CARTESIAN_POINT ( 'NONE',  ( 28.49711038494235282, 1.000000000000000000, -2.240753535442224553 ) ) ;
#11492 = ORIENTED_EDGE ( 'NONE', *, *, #11, .T. ) ;
#11493 = EDGE_CURVE ( 'NONE', #11760, #497, #414, .T. ) ;
#11494 = DIRECTION ( 'NONE',  ( -5.813595144832437787E-15, 0.5735764363510473807, -0.8191520442889909104 ) ) ;
#11495 = ORIENTED_EDGE ( 'NONE', *, *, #8927, .F. ) ;
#11496 = CARTESIAN_POINT ( 'NONE',  ( 10.07060296712639058, 0.000000000000000000, -2.836630331739350641 ) ) ;
#11497 = EDGE_CURVE ( 'NONE', #8958, #8731, #6098, .T. ) ;
#11498 = ORIENTED_EDGE ( 'NONE', *, *, #669, .F. ) ;
#11499 = ORIENTED_EDGE ( 'NONE', *, *, #3570, .F. ) ;
#11500 = DIRECTION ( 'NONE',  ( -1.141265444721583757E-16, 0.000000000000000000, 1.000000000000000000 ) ) ;
#11501 = LINE ( 'NONE', #3712, #9346 ) ;
#11502 = FACE_OUTER_BOUND ( 'NONE', #3492, .T. ) ;
#11503 = CARTESIAN_POINT ( 'NONE',  ( -1.500000000000000000, 0.000000000000000000, -0.4041232037028952284 ) ) ;
#11504 = DIRECTION ( 'NONE',  ( -0.7660444431189811221, 0.000000000000000000, -0.6427876096865355882 ) ) ;
#11505 = LINE ( 'NONE', #4667, #504 ) ;
#11506 = DIRECTION ( 'NONE',  ( 0.000000000000000000, 1.000000000000000000, 0.000000000000000000 ) ) ;
#11507 = ORIENTED_EDGE ( 'NONE', *, *, #2199, .F. ) ;
#11508 = EDGE_LOOP ( 'NONE', ( #823, #730, #6798, #10836 ) ) ;
#11509 = ORIENTED_EDGE ( 'NONE', *, *, #9364, .F. ) ;
#11510 = ADVANCED_FACE ( 'NONE', ( #2055 ), #5106, .F. ) ;
#11511 = DIRECTION ( 'NONE',  ( -0.000000000000000000, -0.000000000000000000, 1.000000000000000000 ) ) ;
#11512 = LINE ( 'NONE', #5039, #12322 ) ;
#11513 = CYLINDRICAL_SURFACE ( 'NONE', #6121, 1.500000000000000000 ) ;
#11514 = DIRECTION ( 'NONE',  ( -6.982962677686266711E-15, 0.000000000000000000, -1.000000000000000000 ) ) ;
#11515 = SURFACE_SIDE_STYLE ('',( #912 ) ) ;
#11516 = VECTOR ( 'NONE', #7462, 1000.000000000000000 ) ;
#11517 = CARTESIAN_POINT ( 'NONE',  ( 11.35590445068956633, 1.191276127410974883, -5.242417899579847607 ) ) ;
#11518 = CARTESIAN_POINT ( 'NONE',  ( 35.78241186850553390, 0.000000000000000000, 0.1662919268571553533 ) ) ;
#11519 = LINE ( 'NONE', #10442, #4308 ) ;
#11520 = CARTESIAN_POINT ( 'NONE',  ( 7.070602967126382588, 1.000000000000000000, -0.4041232037028950064 ) ) ;
#11521 = DIRECTION ( 'NONE',  ( -1.000000000000000000, 0.000000000000000000, 6.868836133214108557E-15 ) ) ;
#11522 = ORIENTED_EDGE ( 'NONE', *, *, #7271, .T. ) ;
#11523 = VERTEX_POINT ( 'NONE', #9865 ) ;
#11524 = VECTOR ( 'NONE', #3913, 1000.000000000000000 ) ;
#11525 = EDGE_CURVE ( 'NONE', #1316, #6664, #5925, .T. ) ;
#11526 = VERTEX_POINT ( 'NONE', #232 ) ;
#11527 = ORIENTED_EDGE ( 'NONE', *, *, #2599, .T. ) ;
#11528 = VECTOR ( 'NONE', #8370, 1000.000000000000000 ) ;
#11529 = CARTESIAN_POINT ( 'NONE',  ( 4.850224601811611080, 1.108503113383854322, -5.505581804970431925 ) ) ;
#11530 = ORIENTED_EDGE ( 'NONE', *, *, #1551, .T. ) ;
#11531 = ADVANCED_FACE ( 'NONE', ( #352 ), #11707, .F. ) ;
#11532 = LINE ( 'NONE', #3059, #11373 ) ;
#11533 = EDGE_CURVE ( 'NONE', #4209, #8406, #5169, .T. ) ;
#11534 = LINE ( 'NONE', #4938, #5233 ) ;
#11535 = CARTESIAN_POINT ( 'NONE',  ( 34.28241186850552680, -1.000000000000000000, 0.3238172648295125633 ) ) ;
#11536 = VECTOR ( 'NONE', #4593, 1000.000000000000114 ) ;
#11537 = FACE_OUTER_BOUND ( 'NONE', #7385, .T. ) ;
#11538 = VECTOR ( 'NONE', #11490, 1000.000000000000000 ) ;
#11539 = VERTEX_POINT ( 'NONE', #7049 ) ;
#11540 = ORIENTED_EDGE ( 'NONE', *, *, #3892, .F. ) ;
#11541 = ORIENTED_EDGE ( 'NONE', *, *, #6355, .T. ) ;
#11542 = ORIENTED_EDGE ( 'NONE', *, *, #9691, .F. ) ;
#11543 = CARTESIAN_POINT ( 'NONE',  ( 16.11470715282836252, 1.400000000000000355, -5.031499608973017068 ) ) ;
#11544 = EDGE_CURVE ( 'NONE', #7609, #2864, #471, .T. ) ;
#11545 = ORIENTED_EDGE ( 'NONE', *, *, #10965, .F. ) ;
#11546 = VECTOR ( 'NONE', #3067, 1000.000000000000000 ) ;
#11547 = VECTOR ( 'NONE', #11273, 1000.000000000000000 ) ;
#11548 = CARTESIAN_POINT ( 'NONE',  ( 37.06771335206873630, 1.000000000000000000, -2.240753535442224553 ) ) ;
#11549 = CARTESIAN_POINT ( 'NONE',  ( 5.785301483563199731, 1.000000000000000000, -2.836630331739350641 ) ) ;
#11550 = CARTESIAN_POINT ( 'NONE',  ( 35.93244857916774748, 1.102365273526561218, -5.215486168409626977 ) ) ;
#11551 = EDGE_CURVE ( 'NONE', #8126, #8231, #2539, .T. ) ;
#11552 = CARTESIAN_POINT ( 'NONE',  ( 33.76655570508756909, 1.400000000000000355, -5.120335728133786901 ) ) ;
#11553 = DIRECTION ( 'NONE',  ( 0.000000000000000000, 1.000000000000000000, 0.000000000000000000 ) ) ;
#11554 = EDGE_CURVE ( 'NONE', #2828, #9370, #2474, .T. ) ;
#11556 = CARTESIAN_POINT ( 'NONE',  ( 2.785301483563193514, 0.4000000000000000222, 0.1662919268571591003 ) ) ;
#11555 = AXIS2_PLACEMENT_3D ( 'NONE', #7114, #6172, #10949 ) ;
#11557 = LINE ( 'NONE', #2957, #2491 ) ;
#11558 = VECTOR ( 'NONE', #11890, 1000.000000000000000 ) ;
#11559 = DIRECTION ( 'NONE',  ( 7.335912872304279317E-17, 0.7660444431189810111, 0.6427876096865356992 ) ) ;
#11560 = ORIENTED_EDGE ( 'NONE', *, *, #5492, .F. ) ;
#11561 = CARTESIAN_POINT ( 'NONE',  ( 28.49711038494232440, 1.267942713657679299, -5.186244395641643301 ) ) ;
#11562 = ORIENTED_EDGE ( 'NONE', *, *, #103, .T. ) ;
#11563 = ORIENTED_EDGE ( 'NONE', *, *, #11321, .F. ) ;
#11564 = LINE ( 'NONE', #10478, #2701 ) ;
#11565 = CARTESIAN_POINT ( 'NONE',  ( 2.785301483563190850, 2.072578233334808395, 1.800000000000000044 ) ) ;
#11566 = AXIS2_PLACEMENT_3D ( 'NONE', #11565, #5712, #961 ) ;
#11567 = CARTESIAN_POINT ( 'NONE',  ( 11.35590445068957166, 1.499358225474672235, 1.300000000000000044 ) ) ;
#11568 = FACE_OUTER_BOUND ( 'NONE', #9322, .T. ) ;
#11569 = EDGE_CURVE ( 'NONE', #2070, #339, #6350, .T. ) ;
#11570 = EDGE_CURVE ( 'NONE', #9146, #7254, #1413, .T. ) ;
#11571 = CARTESIAN_POINT ( 'NONE',  ( 8.570602967126381699, 1.000000000000000000, -0.4041232037028948954 ) ) ;
#11572 = CARTESIAN_POINT ( 'NONE',  ( -0.3437148944200444922, 0.000000000000000000, -3.000000000000000000 ) ) ;
#11573 = VECTOR ( 'NONE', #2868, 1000.000000000000000 ) ;
#11574 = LINE ( 'NONE', #10865, #8381 ) ;
#11575 = ORIENTED_EDGE ( 'NONE', *, *, #4664, .F. ) ;
#11576 = ORIENTED_EDGE ( 'NONE', *, *, #9010, .F. ) ;
#11577 = EDGE_LOOP ( 'NONE', ( #2657, #7868, #4961, #10593, #128, #6893, #7008, #5450, #1927, #1555, #9424 ) ) ;
#11578 = CARTESIAN_POINT ( 'NONE',  ( 12.29087207225132516, 1.108502809461048066, -5.505567396206783037 ) ) ;
#11579 = CARTESIAN_POINT ( 'NONE',  ( 5.785301483563189073, 0.000000000000000000, -0.2337080731428413938 ) ) ;
#11580 = DIRECTION ( 'NONE',  ( -0.000000000000000000, -1.000000000000000000, 0.000000000000000000 ) ) ;
#11581 = PLANE ( 'NONE',  #5436 ) ;
#11582 = VECTOR ( 'NONE', #7346, 1000.000000000000000 ) ;
#11583 = CARTESIAN_POINT ( 'NONE',  ( 5.285301483563189073, 0.000000000000000000, -1.000000000000000000 ) ) ;
#11584 = DIRECTION ( 'NONE',  ( 0.000000000000000000, 1.000000000000000000, 0.000000000000000000 ) ) ;
#11585 = EDGE_CURVE ( 'NONE', #7203, #6034, #9110, .T. ) ;
#11586 = VECTOR ( 'NONE', #6113, 1000.000000000000000 ) ;
#11587 = PLANE ( 'NONE',  #6094 ) ;
#11588 = DIRECTION ( 'NONE',  ( -1.894180325222886620E-15, -0.9625068420560822791, -0.2712574035768015590 ) ) ;
#11589 = EDGE_CURVE ( 'NONE', #5422, #8406, #5228, .T. ) ;
#11590 = CARTESIAN_POINT ( 'NONE',  ( 3.285301483563193514, 1.000000000000000000, -1.000000000000000000 ) ) ;
#11591 = ORIENTED_EDGE ( 'NONE', *, *, #8122, .F. ) ;
#11592 = ORIENTED_EDGE ( 'NONE', *, *, #9965, .F. ) ;
#11593 = EDGE_LOOP ( 'NONE', ( #6638, #6601, #5093, #8413 ) ) ;
#11594 = ORIENTED_EDGE ( 'NONE', *, *, #304, .T. ) ;
#11595 = VECTOR ( 'NONE', #697, 1000.000000000000000 ) ;
#11596 = VECTOR ( 'NONE', #9553, 1000.000000000000000 ) ;
#11597 = CARTESIAN_POINT ( 'NONE',  ( -1.500000000000000444, 0.5351768109448618027, 2.449066664678465788 ) ) ;
#11598 = ORIENTED_EDGE ( 'NONE', *, *, #640, .F. ) ;
#11599 = DIRECTION ( 'NONE',  ( 1.000000000000000000, 0.000000000000000000, -6.982962677686266711E-15 ) ) ;
#11600 = DIRECTION ( 'NONE',  ( 1.000000000000000000, 0.000000000000000000, 0.000000000000000000 ) ) ;
#11601 = LINE ( 'NONE', #1283, #184 ) ;
#11602 = EDGE_CURVE ( 'NONE', #12316, #8719, #5479, .T. ) ;
#11603 = VECTOR ( 'NONE', #2861, 1000.000000000000114 ) ;
#11604 = CARTESIAN_POINT ( 'NONE',  ( 25.71180890137914687, 0.5320888862379536954, -0.9617579545435694932 ) ) ;
#11605 = VECTOR ( 'NONE', #5699, 1000.000000000000000 ) ;
#11606 = EDGE_CURVE ( 'NONE', #2674, #5814, #4356, .T. ) ;
#11607 = ORIENTED_EDGE ( 'NONE', *, *, #509, .F. ) ;
#11608 = EDGE_LOOP ( 'NONE', ( #8702, #8202, #12300, #2507 ) ) ;
#11609 = EDGE_CURVE ( 'NONE', #8657, #3759, #10989, .T. ) ;
#11610 = ORIENTED_EDGE ( 'NONE', *, *, #10507, .F. ) ;
#11611 = VERTEX_POINT ( 'NONE', #10240 ) ;
#11612 = CARTESIAN_POINT ( 'NONE',  ( 16.62139304239027737, 1.400000000000000355, -5.120565198620423253 ) ) ;
#11613 = ORIENTED_EDGE ( 'NONE', *, *, #1705, .T. ) ;
#11614 = VECTOR ( 'NONE', #10365, 1000.000000000000000 ) ;
#11615 = DIRECTION ( 'NONE',  ( 0.000000000000000000, 0.000000000000000000, -1.000000000000000000 ) ) ;
#11616 = PLANE ( 'NONE',  #5426 ) ;
#11617 = DIRECTION ( 'NONE',  ( -1.000000000000000000, 0.000000000000000000, 6.982962677686266711E-15 ) ) ;
#11618 = CARTESIAN_POINT ( 'NONE',  ( 35.54002633072759920, 1.399999999999999689, -4.945931956424546527 ) ) ;
#11619 = DIRECTION ( 'NONE',  ( 0.000000000000000000, 0.000000000000000000, 1.000000000000000000 ) ) ;
#11620 = ORIENTED_EDGE ( 'NONE', *, *, #9774, .T. ) ;
#11621 = DIRECTION ( 'NONE',  ( 0.000000000000000000, 0.6427876096865402511, -0.7660444431189772363 ) ) ;
#11622 = ORIENTED_EDGE ( 'NONE', *, *, #11789, .F. ) ;
#11623 = CARTESIAN_POINT ( 'NONE',  ( 38.50000000000001421, 0.4000000000000000222, -0.2337080731428450298 ) ) ;
#11624 = VERTEX_POINT ( 'NONE', #1662 ) ;
#11625 = ORIENTED_EDGE ( 'NONE', *, *, #448, .F. ) ;
#11626 = LINE ( 'NONE', #6846, #4109 ) ;
#11627 = CARTESIAN_POINT ( 'NONE',  ( 29.99711038494233861, -1.000000000000000000, 0.3238172648295125633 ) ) ;
#11628 = CARTESIAN_POINT ( 'NONE',  ( 18.64120593425277406, 1.000000000000000000, -2.836630331739350641 ) ) ;
#11629 = DIRECTION ( 'NONE',  ( 0.7660444431189766812, 0.000000000000000000, 0.6427876096865409172 ) ) ;
#11630 = LINE ( 'NONE', #7905, #3918 ) ;
#11631 = CARTESIAN_POINT ( 'NONE',  ( 1.032088886237953806, 0.5320888862379536954, -0.9617579545435693822 ) ) ;
#11632 = DIRECTION ( 'NONE',  ( 0.000000000000000000, 1.000000000000000000, -0.000000000000000000 ) ) ;
#11633 = ORIENTED_EDGE ( 'NONE', *, *, #5953, .F. ) ;
#11634 = EDGE_CURVE ( 'NONE', #11624, #5876, #8288, .T. ) ;
#11635 = ORIENTED_EDGE ( 'NONE', *, *, #12409, .T. ) ;
#11636 = ORIENTED_EDGE ( 'NONE', *, *, #6687, .T. ) ;
#11637 = CARTESIAN_POINT ( 'NONE',  ( 14.37331586065873168, 1.399999999999999911, -4.852261884540959080 ) ) ;
#11638 = CARTESIAN_POINT ( 'NONE',  ( 35.78241186850552680, 1.399999999999999689, -4.612012738139092072 ) ) ;
#11639 = FACE_OUTER_BOUND ( 'NONE', #6449, .T. ) ;
#11640 = EDGE_CURVE ( 'NONE', #4292, #4395, #7352, .T. ) ;
#11641 = CARTESIAN_POINT ( 'NONE',  ( 13.85590445068957166, 1.000000000000000000, -1.000000000000000000 ) ) ;
#11642 = LINE ( 'NONE', #1858, #349 ) ;
#11643 = CYLINDRICAL_SURFACE ( 'NONE', #2439, 1.500000000000000000 ) ;
#11644 = CARTESIAN_POINT ( 'NONE',  ( -1.500000000000007994, 1.372383960302708150, -5.038967344092047718 ) ) ;
#11645 = DIRECTION ( 'NONE',  ( -1.141265444721583757E-16, 0.000000000000000000, 1.000000000000000000 ) ) ;
#11646 = FACE_OUTER_BOUND ( 'NONE', #9097, .T. ) ;
#11647 = CARTESIAN_POINT ( 'NONE',  ( 28.97061160351771747, 1.400000000000000355, -5.031499608971771842 ) ) ;
#11648 = EDGE_LOOP ( 'NONE', ( #11990, #11319, #8200, #6305 ) ) ;
#11649 = ORIENTED_EDGE ( 'NONE', *, *, #5248, .T. ) ;
#11650 = EDGE_CURVE ( 'NONE', #5533, #5988, #8169, .T. ) ;
#11651 = ORIENTED_EDGE ( 'NONE', *, *, #9286, .F. ) ;
#11652 = EDGE_LOOP ( 'NONE', ( #12415, #2812, #2235, #4935 ) ) ;
#11653 = AXIS2_PLACEMENT_3D ( 'NONE', #944, #6701, #3948 ) ;
#11654 = CARTESIAN_POINT ( 'NONE',  ( 14.35590445068956633, 1.372613645930301329, -5.038802382218244169 ) ) ;
#11655 = EDGE_CURVE ( 'NONE', #113, #7529, #12141, .T. ) ;
#11656 = ORIENTED_EDGE ( 'NONE', *, *, #328, .T. ) ;
#11657 = VECTOR ( 'NONE', #1195, 1000.000000000000000 ) ;
#11658 = CARTESIAN_POINT ( 'NONE',  ( 11.35590445068957521, 0.000000000000000000, -0.2337080731428420599 ) ) ;
#11659 = DIRECTION ( 'NONE',  ( 1.000000000000000000, 0.000000000000000000, -7.097089222158424864E-15 ) ) ;
#11660 = CARTESIAN_POINT ( 'NONE',  ( 30.74397003035976894, 0.000000000000000000, -3.000000000000000000 ) ) ;
#11661 = AXIS2_PLACEMENT_3D ( 'NONE', #9492, #2855, #3045 ) ;
#11662 = VECTOR ( 'NONE', #10546, 1000.000000000000000 ) ;
#11663 = ORIENTED_EDGE ( 'NONE', *, *, #2216, .F. ) ;
#11664 = ORIENTED_EDGE ( 'NONE', *, *, #9014, .F. ) ;
#11665 = ORIENTED_EDGE ( 'NONE', *, *, #10388, .F. ) ;
#11666 = ORIENTED_EDGE ( 'NONE', *, *, #9029, .T. ) ;
#11667 = CARTESIAN_POINT ( 'NONE',  ( 19.92650741781595514, 0.8628211600346445964, -0.4041232037028950064 ) ) ;
#11668 = VERTEX_POINT ( 'NONE', #4418 ) ;
#11669 = EDGE_CURVE ( 'NONE', #7559, #3650, #8229, .T. ) ;
#11670 = CARTESIAN_POINT ( 'NONE',  ( 26.45866854679657720, 0.4000000000000000222, -3.000000000000000000 ) ) ;
#11671 = EDGE_CURVE ( 'NONE', #11735, #9240, #5416, .T. ) ;
#11672 = CARTESIAN_POINT ( 'NONE',  ( 34.79959989318049907, 8.971790744797411896E-16, -5.900668485670307106 ) ) ;
#11673 = LINE ( 'NONE', #255, #9173 ) ;
#11674 = EDGE_CURVE ( 'NONE', #12052, #8775, #7106, .T. ) ;
#11675 = FACE_OUTER_BOUND ( 'NONE', #4021, .T. ) ;
#11676 = FACE_OUTER_BOUND ( 'NONE', #5594, .T. ) ;
#11677 = ORIENTED_EDGE ( 'NONE', *, *, #2891, .T. ) ;
#11678 = CARTESIAN_POINT ( 'NONE',  ( 7.070602967126381699, 0.5351768109448618027, 2.449066664678465788 ) ) ;
#11679 = ORIENTED_EDGE ( 'NONE', *, *, #10507, .T. ) ;
#11680 = CARTESIAN_POINT ( 'NONE',  ( 19.92650741781595514, 1.000000000000000000, -0.4041232037028950064 ) ) ;
#11681 = ORIENTED_EDGE ( 'NONE', *, *, #8245, .T. ) ;
#11682 = ORIENTED_EDGE ( 'NONE', *, *, #12188, .F. ) ;
#11683 = LINE ( 'NONE', #9720, #10716 ) ;
#11684 = CARTESIAN_POINT ( 'NONE',  ( 27.21180890137915043, 1.000000000000000000, 0.8999999999999916955 ) ) ;
#11685 = EDGE_CURVE ( 'NONE', #4657, #2749, #12081, .T. ) ;
#11686 = LINE ( 'NONE', #8785, #5837 ) ;
#11687 = DIRECTION ( 'NONE',  ( -1.000000000000000000, -0.000000000000000000, -0.000000000000000000 ) ) ;
#11688 = EDGE_CURVE ( 'NONE', #688, #10505, #7289, .T. ) ;
#11689 = PLANE ( 'NONE',  #2124 ) ;
#11690 = DIRECTION ( 'NONE',  ( -1.141265444721583757E-16, -0.000000000000000000, -1.000000000000000000 ) ) ;
#11691 = DIRECTION ( 'NONE',  ( 0.6427876096865409172, -0.000000000000000000, -0.7660444431189766812 ) ) ;
#11692 = ORIENTED_EDGE ( 'NONE', *, *, #2891, .F. ) ;
#11693 = ORIENTED_EDGE ( 'NONE', *, *, #11302, .T. ) ;
#11694 = ORIENTED_EDGE ( 'NONE', *, *, #4847, .F. ) ;
#11695 = DIRECTION ( 'NONE',  ( -1.000000000000000000, -0.000000000000000000, -0.000000000000000000 ) ) ;
#11696 = DIRECTION ( 'NONE',  ( -1.000000000000000000, 0.000000000000000000, 0.000000000000000000 ) ) ;
#11697 = DIRECTION ( 'NONE',  ( 0.000000000000000000, 1.000000000000000000, 0.000000000000000000 ) ) ;
#11698 = PLANE ( 'NONE',  #6836 ) ;
#11699 = CARTESIAN_POINT ( 'NONE',  ( -1.500000000000000000, 0.000000000000000000, -1.000000000000000000 ) ) ;
#11700 = CARTESIAN_POINT ( 'NONE',  ( 40.06771335206871498, 2.000000000000000000, -5.468901542184360309 ) ) ;
#11701 = EDGE_CURVE ( 'NONE', #3635, #6466, #3477, .T. ) ;
#11702 = CARTESIAN_POINT ( 'NONE',  ( 20.41127891366682334, 1.399999999999999911, -5.033282760356246222 ) ) ;
#11703 = LINE ( 'NONE', #9747, #315 ) ;
#11704 = EDGE_CURVE ( 'NONE', #8812, #8794, #5604, .T. ) ;
#11705 = CARTESIAN_POINT ( 'NONE',  ( 24.59600082313120595, 1.106494308962862272, -5.409375844366552499 ) ) ;
#11706 = APPLICATION_CONTEXT ( 'automotive_design' ) ;
#11707 = PLANE ( 'NONE',  #12004 ) ;
#11708 = ORIENTED_EDGE ( 'NONE', *, *, #7055, .F. ) ;
#11709 = ORIENTED_EDGE ( 'NONE', *, *, #10615, .F. ) ;
#11710 = ORIENTED_EDGE ( 'NONE', *, *, #8923, .F. ) ;
#11711 = ORIENTED_EDGE ( 'NONE', *, *, #11142, .F. ) ;
#11712 = VECTOR ( 'NONE', #887, 1000.000000000000000 ) ;
#11713 = CARTESIAN_POINT ( 'NONE',  ( 37.06771335206872209, 2.000000000000000000, 2.799999999999999822 ) ) ;
#11714 = CARTESIAN_POINT ( 'NONE',  ( 1.499999999999991118, 1.191234876072140292, -5.242434171922443653 ) ) ;
#11715 = LINE ( 'NONE', #3178, #1843 ) ;
#11716 = EDGE_CURVE ( 'NONE', #9552, #8811, #10594, .T. ) ;
#11717 = DIRECTION ( 'NONE',  ( 0.000000000000000000, 0.000000000000000000, 1.000000000000000000 ) ) ;
#11718 = AXIS2_PLACEMENT_3D ( 'NONE', #7596, #6532, #1590 ) ;
#11719 = EDGE_CURVE ( 'NONE', #5814, #8442, #7540, .T. ) ;
#11720 = ORIENTED_EDGE ( 'NONE', *, *, #7185, .F. ) ;
#11721 = VERTEX_POINT ( 'NONE', #1848 ) ;
#11722 = ORIENTED_EDGE ( 'NONE', *, *, #4002, .T. ) ;
#11723 = ORIENTED_EDGE ( 'NONE', *, *, #5044, .T. ) ;
#11724 = DIRECTION ( 'NONE',  ( -7.097089222158424864E-15, 0.000000000000000000, -1.000000000000000000 ) ) ;
#11725 = VERTEX_POINT ( 'NONE', #7475 ) ;
#11726 = DIRECTION ( 'NONE',  ( -6.868836133214108557E-15, 0.000000000000000000, -1.000000000000000000 ) ) ;
#11727 = VECTOR ( 'NONE', #9225, 1000.000000000000114 ) ;
#11728 = VECTOR ( 'NONE', #444, 1000.000000000000000 ) ;
#11729 = LINE ( 'NONE', #6831, #7423 ) ;
#11730 = CARTESIAN_POINT ( 'NONE',  ( 31.49711038494233506, 0.8628211600346445964, -0.4041232037028950064 ) ) ;
#11731 = VECTOR ( 'NONE', #1423, 1000.000000000000000 ) ;
#11732 = CARTESIAN_POINT ( 'NONE',  ( 4.285301483563190850, 2.000000000000000000, 0.000000000000000000 ) ) ;
#11733 = PLANE ( 'NONE',  #12204 ) ;
#11734 = EDGE_CURVE ( 'NONE', #11129, #4958, #5661, .T. ) ;
#11735 = VERTEX_POINT ( 'NONE', #1789 ) ;
#11736 = ORIENTED_EDGE ( 'NONE', *, *, #6698, .F. ) ;
#11737 = B_SPLINE_CURVE_WITH_KNOTS ( 'NONE', 3,
 ( #4362, #6289, #8236, #5360, #11077, #10059 ),
 .UNSPECIFIED., .F., .F.,
 ( 4, 2, 4 ),
 ( 0.000000000000000000, 0.001513007688743851255, 0.003026015377487702510 ),
 .UNSPECIFIED. ) ;
#11738 = DIRECTION ( 'NONE',  ( 1.000000000000000000, -0.000000000000000000, 0.000000000000000000 ) ) ;
#11739 = VERTEX_POINT ( 'NONE', #969 ) ;
#11740 = DIRECTION ( 'NONE',  ( -1.000000000000000000, 0.000000000000000000, 0.000000000000000000 ) ) ;
#11742 = EDGE_CURVE ( 'NONE', #4497, #12209, #4788, .T. ) ;
#11741 = VECTOR ( 'NONE', #6107, 1000.000000000000000 ) ;
#11743 = VECTOR ( 'NONE', #6522, 1000.000000000000000 ) ;
#11744 = EDGE_LOOP ( 'NONE', ( #7145, #880, #3311, #6635 ) ) ;
#11745 = VERTEX_POINT ( 'NONE', #3721 ) ;
#11746 = CARTESIAN_POINT ( 'NONE',  ( 24.21180890137914687, 1.000000000000000000, 0.8999999999999916955 ) ) ;
#11747 = DIRECTION ( 'NONE',  ( 1.000000000000000000, 0.000000000000000000, -6.982962677686266711E-15 ) ) ;
#11748 = DIRECTION ( 'NONE',  ( 1.000000000000000000, 0.000000000000000000, 0.000000000000000000 ) ) ;
#11749 = CARTESIAN_POINT ( 'NONE',  ( 38.50000000000001421, 0.000000000000000000, -3.407045462299400196 ) ) ;
#11750 = VECTOR ( 'NONE', #9630, 1000.000000000000000 ) ;
#11751 = VECTOR ( 'NONE', #3616, 1000.000000000000000 ) ;
#11752 = EDGE_CURVE ( 'NONE', #7939, #1005, #7667, .T. ) ;
#11753 = DIRECTION ( 'NONE',  ( 0.000000000000000000, -1.000000000000000000, 0.000000000000000000 ) ) ;
#11754 = DIRECTION ( 'NONE',  ( -1.000000000000000000, -0.000000000000000000, 1.141265444721583757E-16 ) ) ;
#11755 = CARTESIAN_POINT ( 'NONE',  ( 2.785301483563190850, 1.000000000000000000, 2.799999999999999822 ) ) ;
#11757 = EDGE_LOOP ( 'NONE', ( #9702, #12368, #3438, #11185 ) ) ;
#11756 = EDGE_CURVE ( 'NONE', #7875, #2252, #9423, .T. ) ;
#11758 = EDGE_CURVE ( 'NONE', #1620, #8719, #8473, .T. ) ;
#11759 = ORIENTED_EDGE ( 'NONE', *, *, #10368, .T. ) ;
#11760 = VERTEX_POINT ( 'NONE', #6604 ) ;
#11761 = AXIS2_PLACEMENT_3D ( 'NONE', #4097, #4981, #7976 ) ;
#11762 = DIRECTION ( 'NONE',  ( -1.000000000000000000, -0.000000000000000000, 1.141265444721583757E-16 ) ) ;
#11763 = DIRECTION ( 'NONE',  ( 1.000000000000000000, -0.000000000000000000, -0.000000000000000000 ) ) ;
#11764 = CARTESIAN_POINT ( 'NONE',  ( 9.317462612543812028, 0.4000000000000000222, -1.000000000000000000 ) ) ;
#11765 = PLANE ( 'NONE',  #9030 ) ;
#11766 = LINE ( 'NONE', #5046, #4040 ) ;
#11767 = CARTESIAN_POINT ( 'NONE',  ( 21.98178375164629372, 1.400000000000169997, -5.423430774507966845 ) ) ;
#11768 = AXIS2_PLACEMENT_3D ( 'NONE', #4211, #6967, #4024 ) ;
#11769 = LINE ( 'NONE', #10631, #6703 ) ;
#11770 = CARTESIAN_POINT ( 'NONE',  ( 26.23152241023697329, 1.400000000000000355, -5.120578528970613164 ) ) ;
#11771 = DIRECTION ( 'NONE',  ( 1.000000000000000000, 0.000000000000000000, -6.982962677686266711E-15 ) ) ;
#11772 = VERTEX_POINT ( 'NONE', #8355 ) ;
#11773 = ORIENTED_EDGE ( 'NONE', *, *, #6652, .T. ) ;
#11774 = ORIENTED_EDGE ( 'NONE', *, *, #6897, .T. ) ;
#11775 = ORIENTED_EDGE ( 'NONE', *, *, #11234, .T. ) ;
#11776 = EDGE_CURVE ( 'NONE', #11993, #11168, #12208, .T. ) ;
#11777 = PLANE ( 'NONE',  #5725 ) ;
#11778 = VECTOR ( 'NONE', #10305, 1000.000000000000000 ) ;
#11779 = CARTESIAN_POINT ( 'NONE',  ( 32.78241186850551969, 1.103464568314089123, -5.267165293036052631 ) ) ;
#11780 = CARTESIAN_POINT ( 'NONE',  ( 21.42650741781595514, 2.000000000000000000, 1.739099631177264182 ) ) ;
#11781 = DIRECTION ( 'NONE',  ( 0.000000000000000000, -1.000000000000000000, -0.000000000000000000 ) ) ;
#11782 = CARTESIAN_POINT ( 'NONE',  ( 38.50000000000001421, 0.000000000000000000, -3.407045462299400196 ) ) ;
#11783 = VECTOR ( 'NONE', #7979, 1000.000000000000000 ) ;
#11784 = EDGE_LOOP ( 'NONE', ( #11022, #5468, #1444, #8014 ) ) ;
#11785 = ORIENTED_EDGE ( 'NONE', *, *, #5456, .T. ) ;
#11786 = AXIS2_PLACEMENT_3D ( 'NONE', #4570, #8384, #8320 ) ;
#11787 = VERTEX_POINT ( 'NONE', #10426 ) ;
#11788 = ORIENTED_EDGE ( 'NONE', *, *, #816, .T. ) ;
#11789 = EDGE_CURVE ( 'NONE', #7697, #5246, #9484, .T. ) ;
#11790 = DIRECTION ( 'NONE',  ( -0.000000000000000000, -1.000000000000000000, 0.000000000000000000 ) ) ;
#11791 = EDGE_LOOP ( 'NONE', ( #7479, #12056, #8286, #11711, #11834, #233 ) ) ;
#11792 = CARTESIAN_POINT ( 'NONE',  ( 35.02927151392295713, 0.000000000000000000, -3.000000000000000000 ) ) ;
#11793 = EDGE_CURVE ( 'NONE', #6770, #6887, #3660, .T. ) ;
#11794 = VECTOR ( 'NONE', #9075, 1000.000000000000000 ) ;
#11795 = CARTESIAN_POINT ( 'NONE',  ( 4.926130775589945780E-15, 1.399999999999999911, -3.240753535442235211 ) ) ;
#11796 = CARTESIAN_POINT ( 'NONE',  ( 37.06771335206872209, 0.4000000000000000222, 0.1662919268571548814 ) ) ;
#11797 = VECTOR ( 'NONE', #2501, 1000.000000000000000 ) ;
#11798 = CARTESIAN_POINT ( 'NONE',  ( 38.50000000000001421, 0.4000000000000000222, -3.407045462299400196 ) ) ;
#11799 = LINE ( 'NONE', #3195, #1180 ) ;
#11800 = EDGE_LOOP ( 'NONE', ( #5868, #2305, #8620, #3408, #6033, #10974, #4624, #6240, #442, #7869, #11775 ) ) ;
#11801 = ORIENTED_EDGE ( 'NONE', *, *, #4648, .F. ) ;
#11802 = DIRECTION ( 'NONE',  ( 1.000000000000000000, -0.000000000000000000, 0.000000000000000000 ) ) ;
#11803 = ORIENTED_EDGE ( 'NONE', *, *, #3882, .F. ) ;
#11804 = VECTOR ( 'NONE', #449, 1000.000000000000000 ) ;
#11805 = LINE ( 'NONE', #1959, #9001 ) ;
#11806 = CARTESIAN_POINT ( 'NONE',  ( 35.78241186850554101, 0.000000000000000000, -3.407045462299399752 ) ) ;
#11807 = ORIENTED_EDGE ( 'NONE', *, *, #9359, .F. ) ;
#11808 = CARTESIAN_POINT ( 'NONE',  ( 38.50000000000001421, 0.000000000000000000, -3.007045462299399841 ) ) ;
#11809 = CYLINDRICAL_SURFACE ( 'NONE', #2538, 2.000000000000000000 ) ;
#11810 = EDGE_CURVE ( 'NONE', #4575, #489, #8540, .T. ) ;
#11811 = FACE_OUTER_BOUND ( 'NONE', #7188, .T. ) ;
#11812 = DIRECTION ( 'NONE',  ( 1.000000000000000000, -0.000000000000000000, -6.982962677686266711E-15 ) ) ;
#11813 = VECTOR ( 'NONE', #7794, 1000.000000000000000 ) ;
#11814 = PLANE ( 'NONE',  #8922 ) ;
#11815 = DIRECTION ( 'NONE',  ( -1.000000000000000000, -0.000000000000000000, 1.141265444721583757E-16 ) ) ;
#11816 = DIRECTION ( 'NONE',  ( -1.000000000000000000, -0.000000000000000000, -0.000000000000000000 ) ) ;
#11817 = ORIENTED_EDGE ( 'NONE', *, *, #3687, .T. ) ;
#11818 = VERTEX_POINT ( 'NONE', #12395 ) ;
#11819 = VERTEX_POINT ( 'NONE', #5785 ) ;
#11820 = AXIS2_PLACEMENT_3D ( 'NONE', #3079, #1080, #2960 ) ;
#11821 = CARTESIAN_POINT ( 'NONE',  ( 22.17336706323338547, 0.000000000000000000, -3.000000000000000000 ) ) ;
#11822 = DIRECTION ( 'NONE',  ( -0.6427876096865463573, -0.000000000000000000, -0.7660444431189722403 ) ) ;
#11823 = EDGE_CURVE ( 'NONE', #174, #308, #9610, .T. ) ;
#11824 = CARTESIAN_POINT ( 'NONE',  ( 27.21180890137914332, 1.115317123975225755, -5.263829606655359150 ) ) ;
#11825 = FACE_OUTER_BOUND ( 'NONE', #6494, .T. ) ;
#11826 = DIRECTION ( 'NONE',  ( 1.000000000000000000, 0.000000000000000000, -6.982962677686266711E-15 ) ) ;
#11827 = EDGE_CURVE ( 'NONE', #4108, #2545, #7604, .T. ) ;
#11828 = EDGE_CURVE ( 'NONE', #7889, #10452, #2845, .T. ) ;
#11829 = LINE ( 'NONE', #348, #9771 ) ;
#11830 = EDGE_CURVE ( 'NONE', #3578, #646, #7416, .T. ) ;
#11831 = CARTESIAN_POINT ( 'NONE',  ( 1.499999999999995337, 3.272523262990679971, -4.655877423168258922 ) ) ;
#11832 = LINE ( 'NONE', #9804, #7525 ) ;
#11833 = DIRECTION ( 'NONE',  ( -1.141265444721583757E-16, 0.000000000000000000, -1.000000000000000000 ) ) ;
#11834 = ORIENTED_EDGE ( 'NONE', *, *, #6830, .F. ) ;
#11835 = VERTEX_POINT ( 'NONE', #1905 ) ;
#11836 = EDGE_LOOP ( 'NONE', ( #9352, #3421, #2673, #7841, #2811, #8000, #11342, #9299, #11613, #11323, #9320 ) ) ;
#11837 = ORIENTED_EDGE ( 'NONE', *, *, #4693, .F. ) ;
#11838 = PLANE ( 'NONE',  #5364 ) ;
#11839 = LINE ( 'NONE', #8999, #8127 ) ;
#11840 = CARTESIAN_POINT ( 'NONE',  ( 37.06771335206872209, 0.5351768109448616917, 2.449066664678465788 ) ) ;
#11841 = DIRECTION ( 'NONE',  ( 1.000000000000000000, -0.000000000000000000, 0.000000000000000000 ) ) ;
#11842 = PLANE ( 'NONE',  #11383 ) ;
#11843 = DIRECTION ( 'NONE',  ( 0.000000000000000000, 1.000000000000000000, 0.000000000000000000 ) ) ;
#11844 = FACE_OUTER_BOUND ( 'NONE', #142, .T. ) ;
#11846 = VERTEX_POINT ( 'NONE', #6475 ) ;
#11845 = VECTOR ( 'NONE', #6441, 1000.000000000000000 ) ;
#11847 = ORIENTED_EDGE ( 'NONE', *, *, #7087, .T. ) ;
#11848 = ORIENTED_EDGE ( 'NONE', *, *, #5921, .F. ) ;
#11849 = AXIS2_PLACEMENT_3D ( 'NONE', #6455, #8394, #12243 ) ;
#11850 = EDGE_LOOP ( 'NONE', ( #9054, #11972, #11620, #371 ) ) ;
#11851 = LINE ( 'NONE', #1253, #1526 ) ;
#11852 = DIRECTION ( 'NONE',  ( -1.000000000000000000, 0.000000000000000000, 0.000000000000000000 ) ) ;
#11853 = PLANE ( 'NONE',  #1226 ) ;
#11854 = CARTESIAN_POINT ( 'NONE',  ( 0.9999999999999978906, 0.000000000000000000, -1.000000000000000000 ) ) ;
#11855 = AXIS2_PLACEMENT_3D ( 'NONE', #1859, #166, #4861 ) ;
#11856 = DIRECTION ( 'NONE',  ( 0.000000000000000000, -1.000000000000000000, 0.000000000000000000 ) ) ;
#11857 = VECTOR ( 'NONE', #4084, 1000.000000000000000 ) ;
#11858 = DIRECTION ( 'NONE',  ( 0.000000000000000000, 0.000000000000000000, -1.000000000000000000 ) ) ;
#11859 = EDGE_CURVE ( 'NONE', #6326, #4292, #10296, .T. ) ;
#11860 = ORIENTED_EDGE ( 'NONE', *, *, #5989, .T. ) ;
#11861 = ORIENTED_EDGE ( 'NONE', *, *, #7364, .T. ) ;
#11862 = EDGE_CURVE ( 'NONE', #4958, #3055, #11574, .T. ) ;
#11863 = CARTESIAN_POINT ( 'NONE',  ( 40.06771335206872919, 2.000000000000000000, 1.739099631177264405 ) ) ;
#11864 = VERTEX_POINT ( 'NONE', #10619 ) ;
#11865 = DIRECTION ( 'NONE',  ( 1.000000000000000000, 0.000000000000000000, 0.000000000000000000 ) ) ;
#11866 = VECTOR ( 'NONE', #6519, 1000.000000000000000 ) ;
#11867 = DIRECTION ( 'NONE',  ( -1.000000000000000000, 0.000000000000000000, -0.000000000000000000 ) ) ;
#11868 = ORIENTED_EDGE ( 'NONE', *, *, #4663, .F. ) ;
#11869 = FACE_BOUND ( 'NONE', #9369, .T. ) ;
#11870 = LINE ( 'NONE', #1268, #4749 ) ;
#11871 = VECTOR ( 'NONE', #1814, 1000.000000000000000 ) ;
#11872 = CARTESIAN_POINT ( 'NONE',  ( 30.51429840961730022, 1.115317123975225533, -5.586345496996282911 ) ) ;
#11873 = CARTESIAN_POINT ( 'NONE',  ( 5.032161128980621179, 0.4000000000000000222, -3.000000000000000000 ) ) ;
#11874 =( BOUNDED_CURVE ( )  B_SPLINE_CURVE ( 3, ( #4095, #10534, #9531, #2020 ),
 .UNSPECIFIED., .F., .F. ) 
 B_SPLINE_CURVE_WITH_KNOTS ( ( 4, 4 ),
 ( 1.943323292647559208, 2.268928027592631569 ),
 .UNSPECIFIED. ) 
 CURVE ( )  GEOMETRIC_REPRESENTATION_ITEM ( )  RATIONAL_B_SPLINE_CURVE ( ( 1.000000000000000000, 0.9911846262163772625, 0.9911846262163772625, 1.000000000000000000 ) ) 
 REPRESENTATION_ITEM ( '' )  );
#11875 = EDGE_CURVE ( 'NONE', #6401, #8732, #2157, .T. ) ;
#11876 = DIRECTION ( 'NONE',  ( -0.000000000000000000, -0.000000000000000000, 1.000000000000000000 ) ) ;
#11877 = ADVANCED_FACE ( 'NONE', ( #7731 ), #2275, .T. ) ;
#11878 = CARTESIAN_POINT ( 'NONE',  ( 40.06771335206872919, 1.000000000000000000, -1.000000000000000000 ) ) ;
#11879 = CARTESIAN_POINT ( 'NONE',  ( 17.14120593425276340, 1.000000000000000000, -0.4041232037028948954 ) ) ;
#11880 = ORIENTED_EDGE ( 'NONE', *, *, #9410, .F. ) ;
#11881 = ORIENTED_EDGE ( 'NONE', *, *, #8310, .T. ) ;
#11882 = ORIENTED_EDGE ( 'NONE', *, *, #7833, .F. ) ;
#11883 = CARTESIAN_POINT ( 'NONE',  ( -1.500000000000000444, 0.000000000000000000, 1.999999999999997335 ) ) ;
#11884 = PLANE ( 'NONE',  #1736 ) ;
#11885 = DIRECTION ( 'NONE',  ( -0.000000000000000000, -0.000000000000000000, 1.000000000000000000 ) ) ;
#11886 = CARTESIAN_POINT ( 'NONE',  ( -1.500000000000000000, 1.000000000000000000, -1.000000000000000000 ) ) ;
#11887 = DIRECTION ( 'NONE',  ( -1.000000000000000000, -0.000000000000000000, 6.982962677686266711E-15 ) ) ;
#11888 = CARTESIAN_POINT ( 'NONE',  ( 2.785301483563179303, 0.000000000000000000, -5.578147948598760841 ) ) ;
#11889 = DIRECTION ( 'NONE',  ( -1.000000000000000000, 0.000000000000000000, -1.141265444721583757E-16 ) ) ;
#11890 = DIRECTION ( 'NONE',  ( -7.335912872304331086E-17, -0.7660444431189772363, -0.6427876096865402511 ) ) ;
#11891 = ADVANCED_FACE ( 'NONE', ( #1216 ), #5033, .F. ) ;
#11892 = DIRECTION ( 'NONE',  ( 0.000000000000000000, 1.000000000000000000, 0.000000000000000000 ) ) ;
#11893 = EDGE_CURVE ( 'NONE', #4789, #2463, #156, .T. ) ;
#11894 = ORIENTED_EDGE ( 'NONE', *, *, #12217, .F. ) ;
#11895 = ORIENTED_EDGE ( 'NONE', *, *, #4491, .T. ) ;
#11896 = EDGE_LOOP ( 'NONE', ( #11592, #4880, #6799, #5776 ) ) ;
#11897 = EDGE_LOOP ( 'NONE', ( #487, #519, #5067, #9993, #1428, #9979, #9473, #7811, #9209, #3505, #9198, #2370, #6574 ) ) ;
#11898 = EDGE_CURVE ( 'NONE', #1894, #10851, #7850, .T. ) ;
#11899 = FACE_OUTER_BOUND ( 'NONE', #1324, .T. ) ;
#11900 = CARTESIAN_POINT ( 'NONE',  ( 19.92650741781595514, 0.4000000000000000222, 0.1662919268571529385 ) ) ;
#11901 = DIRECTION ( 'NONE',  ( 7.211793519376912441E-15, 0.000000000000000000, 1.000000000000000000 ) ) ;
#11902 = CARTESIAN_POINT ( 'NONE',  ( 11.35590445068957166, 1.000000000000000000, 2.799999999999999822 ) ) ;
#11903 = DIRECTION ( 'NONE',  ( -1.000000000000000000, 0.000000000000000000, -0.000000000000000000 ) ) ;
#11904 = CARTESIAN_POINT ( 'NONE',  ( 1.500000000000011990, 0.000000000000000000, -2.240753535442245425 ) ) ;
#11905 = CARTESIAN_POINT ( 'NONE',  ( 10.07060296712637637, 3.272523262990679971, -4.655877423168258922 ) ) ;
#11906 = ADVANCED_FACE ( 'NONE', ( #2973 ), #10742, .T. ) ;
#11907 = ORIENTED_EDGE ( 'NONE', *, *, #3780, .T. ) ;
#11908 = VERTEX_POINT ( 'NONE', #3033 ) ;
#11909 = ORIENTED_EDGE ( 'NONE', *, *, #6275, .T. ) ;
#11910 = VERTEX_POINT ( 'NONE', #275 ) ;
#11911 = EDGE_CURVE ( 'NONE', #6770, #1894, #8912, .T. ) ;
#11912 = EDGE_CURVE ( 'NONE', #10066, #12271, #10683, .T. ) ;
#11913 = LINE ( 'NONE', #8006, #11135 ) ;
#11914 = FACE_OUTER_BOUND ( 'NONE', #707, .T. ) ;
#11915 = FACE_OUTER_BOUND ( 'NONE', #8418, .T. ) ;
#11916 = CARTESIAN_POINT ( 'NONE',  ( 38.05185718865077149, 1.400000000000000355, -5.120335728133786901 ) ) ;
#11917 = B_SPLINE_CURVE_WITH_KNOTS ( 'NONE', 3,
 ( #6500, #12295, #2870, #12358, #4569, #11348, #933, #6442 ),
 .UNSPECIFIED., .F., .F.,
 ( 4, 2, 2, 4 ),
 ( 0.000000000000000000, 0.0007624254491577277812, 0.001524850898315455562, 0.003049701796630912426 ),
 .UNSPECIFIED. ) ;
#11918 = AXIS2_PLACEMENT_3D ( 'NONE', #12386, #10417, #3593 ) ;
#11919 = LINE ( 'NONE', #8068, #10445 ) ;
#11920 = CARTESIAN_POINT ( 'NONE',  ( 24.21180890137914687, 2.000000000000000000, 2.799999999999999822 ) ) ;
#11921 = ORIENTED_EDGE ( 'NONE', *, *, #11986, .F. ) ;
#11922 = VERTEX_POINT ( 'NONE', #1157 ) ;
#11923 = CARTESIAN_POINT ( 'NONE',  ( 5.032161128980621179, 0.000000000000000000, -1.000000000000000000 ) ) ;
#11924 = ORIENTED_EDGE ( 'NONE', *, *, #2932, .F. ) ;
#11925 =( NAMED_UNIT ( * ) PLANE_ANGLE_UNIT ( ) SI_UNIT ( $, .RADIAN. ) );
#11926 = VECTOR ( 'NONE', #268, 1000.000000000000000 ) ;
#11927 = ORIENTED_EDGE ( 'NONE', *, *, #4246, .T. ) ;
#11928 = VECTOR ( 'NONE', #4721, 1000.000000000000000 ) ;
#11929 = VECTOR ( 'NONE', #2671, 1000.000000000000000 ) ;
#11930 = PLANE ( 'NONE',  #7302 ) ;
#11931 = CARTESIAN_POINT ( 'NONE',  ( 28.49711038494233861, 2.000000000000000000, 2.799999999999999822 ) ) ;
#11932 = CARTESIAN_POINT ( 'NONE',  ( 10.07060296712638348, 0.5351768109448615807, 2.449066664678466232 ) ) ;
#11933 = PLANE ( 'NONE',  #176 ) ;
#11934 = EDGE_CURVE ( 'NONE', #2544, #8607, #4974, .T. ) ;
#11936 = CARTESIAN_POINT ( 'NONE',  ( 15.64120593425277761, 1.000000000000000000, -2.240753535442224553 ) ) ;
#11935 = VECTOR ( 'NONE', #6320, 1000.000000000000000 ) ;
#11937 = AXIS2_PLACEMENT_3D ( 'NONE', #2398, #336, #396 ) ;
#11938 = CARTESIAN_POINT ( 'NONE',  ( 27.21180890137915753, 1.000000000000000000, -2.836630331739350641 ) ) ;
#11939 = LINE ( 'NONE', #1457, #996 ) ;
#11940 = VERTEX_POINT ( 'NONE', #6794 ) ;
#11941 = ORIENTED_EDGE ( 'NONE', *, *, #8542, .F. ) ;
#11942 = VERTEX_POINT ( 'NONE', #7908 ) ;
#11943 = FACE_OUTER_BOUND ( 'NONE', #10131, .T. ) ;
#11944 = DIRECTION ( 'NONE',  ( -1.141265444721583757E-16, 0.000000000000000000, -1.000000000000000000 ) ) ;
#11945 = CIRCLE ( 'NONE', #725, 1.500000000000000000 ) ;
#11946 = VECTOR ( 'NONE', #7266, 1000.000000000000000 ) ;
#11947 = LINE ( 'NONE', #11119, #3631 ) ;
#11948 = DIRECTION ( 'NONE',  ( 1.000000000000000000, 0.000000000000000000, -6.982962677686266711E-15 ) ) ;
#11949 = CIRCLE ( 'NONE', #9126, 2.000000000000000000 ) ;
#11950 = EDGE_CURVE ( 'NONE', #4793, #2799, #216, .T. ) ;
#11951 = DIRECTION ( 'NONE',  ( 1.000000000000000000, -0.000000000000000000, 1.141265444721583757E-16 ) ) ;
#11952 = PLANE ( 'NONE',  #784 ) ;
#11953 = DIRECTION ( 'NONE',  ( -1.000000000000000000, -0.000000000000000000, -0.000000000000000000 ) ) ;
#11954 = CARTESIAN_POINT ( 'NONE',  ( 7.070602967126381699, 0.9534028740753675013, 2.799999999999999822 ) ) ;
#11955 = VECTOR ( 'NONE', #12150, 1000.000000000000000 ) ;
#11956 = DIRECTION ( 'NONE',  ( 7.335912872304279317E-17, -0.7660444431189810111, -0.6427876096865356992 ) ) ;
#11957 = ORIENTED_EDGE ( 'NONE', *, *, #10795, .T. ) ;
#11958 = ORIENTED_EDGE ( 'NONE', *, *, #7980, .F. ) ;
#11959 = VECTOR ( 'NONE', #581, 1000.000000000000000 ) ;
#11960 = ORIENTED_EDGE ( 'NONE', *, *, #6851, .F. ) ;
#11961 = ORIENTED_EDGE ( 'NONE', *, *, #5831, .F. ) ;
#11962 = CARTESIAN_POINT ( 'NONE',  ( 20.68279252339591068, 0.000000000000000000, -3.000000000000000000 ) ) ;
#11963 = CARTESIAN_POINT ( 'NONE',  ( 27.21180890137916109, 0.000000000000000000, -2.240753535442245425 ) ) ;
#11964 = DIRECTION ( 'NONE',  ( 1.000000000000000000, 0.000000000000000000, -6.982962677686266711E-15 ) ) ;
#11965 = EDGE_CURVE ( 'NONE', #9642, #9795, #2218, .T. ) ;
#11966 = AXIS2_PLACEMENT_3D ( 'NONE', #6861, #10689, #5471 ) ;
#11967 = DIRECTION ( 'NONE',  ( -1.000000000000000000, 0.000000000000000000, 0.000000000000000000 ) ) ;
#11968 = DIRECTION ( 'NONE',  ( -6.868836133214109346E-15, 0.000000000000000000, -1.000000000000000000 ) ) ;
#11969 = EDGE_CURVE ( 'NONE', #4481, #5342, #3153, .T. ) ;
#11970 = LINE ( 'NONE', #7121, #2306 ) ;
#11971 = DIRECTION ( 'NONE',  ( 0.7660444431189766812, 0.000000000000000000, 0.6427876096865409172 ) ) ;
#11972 = ORIENTED_EDGE ( 'NONE', *, *, #3341, .T. ) ;
#11973 = VERTEX_POINT ( 'NONE', #9850 ) ;
#11974 = ORIENTED_EDGE ( 'NONE', *, *, #8439, .T. ) ;
#11975 = EDGE_LOOP ( 'NONE', ( #7812, #4128, #7277, #12305 ) ) ;
#11976 = AXIS2_PLACEMENT_3D ( 'NONE', #7363, #8239, #8425 ) ;
#11977 = DIRECTION ( 'NONE',  ( -0.000000000000000000, -0.000000000000000000, 1.000000000000000000 ) ) ;
#11978 = VERTEX_POINT ( 'NONE', #1273 ) ;
#11979 = DIRECTION ( 'NONE',  ( -0.000000000000000000, -1.000000000000000000, 0.000000000000000000 ) ) ;
#11980 = EDGE_CURVE ( 'NONE', #1846, #11611, #5091, .T. ) ;
#11981 = DIRECTION ( 'NONE',  ( 0.000000000000000000, 0.000000000000000000, -1.000000000000000000 ) ) ;
#11982 = CARTESIAN_POINT ( 'NONE',  ( 24.69658039723002574, 1.399999999999999911, -5.033282760356247998 ) ) ;
#11983 = CARTESIAN_POINT ( 'NONE',  ( 7.070602967126380811, 0.4000000000000000222, 0.1662919268571586284 ) ) ;
#11984 = VECTOR ( 'NONE', #9607, 1000.000000000000000 ) ;
#11985 = LINE ( 'NONE', #626, #11797 ) ;
#11986 = EDGE_CURVE ( 'NONE', #8047, #1894, #4158, .T. ) ;
#11987 = EDGE_CURVE ( 'NONE', #4868, #533, #7035, .T. ) ;
#11988 = AXIS2_PLACEMENT_3D ( 'NONE', #7359, #1668, #6421 ) ;
#11989 = VECTOR ( 'NONE', #2185, 1000.000000000000000 ) ;
#11990 = ORIENTED_EDGE ( 'NONE', *, *, #5922, .F. ) ;
#11991 = ORIENTED_EDGE ( 'NONE', *, *, #11177, .T. ) ;
#11992 = CARTESIAN_POINT ( 'NONE',  ( 17.48806557967019515, 0.000000000000000000, -2.240753535442237432 ) ) ;
#11993 = VERTEX_POINT ( 'NONE', #92 ) ;
#11994 = CARTESIAN_POINT ( 'NONE',  ( 0.000000000000000000, 0.000000000000000000, 0.000000000000000000 ) ) ;
#11995 = CARTESIAN_POINT ( 'NONE',  ( 7.053248140101629815, 1.400000000000000355, -4.852277374311898761 ) ) ;
#11996 = VERTEX_POINT ( 'NONE', #3907 ) ;
#11997 = VECTOR ( 'NONE', #5642, 1000.000000000000000 ) ;
#11998 = LINE ( 'NONE', #506, #11121 ) ;
#11999 = CARTESIAN_POINT ( 'NONE',  ( 29.65339549052229629, 1.000000000000000222, -2.240753535442232547 ) ) ;
#12000 = VECTOR ( 'NONE', #7982, 1000.000000000000000 ) ;
#12001 = CARTESIAN_POINT ( 'NONE',  ( 28.49711038494233151, 1.115317123975225755, -5.263824959924734870 ) ) ;
#12002 = CARTESIAN_POINT ( 'NONE',  ( 37.06771335206872209, 1.000000000000000000, -1.000000000000000000 ) ) ;
#12003 = PLANE ( 'NONE',  #8643 ) ;
#12004 = AXIS2_PLACEMENT_3D ( 'NONE', #2174, #11833, #1352 ) ;
#12005 = LINE ( 'NONE', #11052, #9908 ) ;
#12006 = CARTESIAN_POINT ( 'NONE',  ( 5.785301483563189073, 0.000000000000000000, 0.1662919268571587950 ) ) ;
#12007 = CARTESIAN_POINT ( 'NONE',  ( 22.92650741781596935, 1.000000000000000000, -2.240753535442245425 ) ) ;
#12008 = ORIENTED_EDGE ( 'NONE', *, *, #4733, .T. ) ;
#12009 = VERTEX_POINT ( 'NONE', #9037 ) ;
#12010 = EDGE_LOOP ( 'NONE', ( #3292, #9625, #8187, #11499, #7639, #10777 ) ) ;
#12011 = PLANE ( 'NONE',  #1901 ) ;
#12012 = FACE_OUTER_BOUND ( 'NONE', #4206, .T. ) ;
#12013 = AXIS2_PLACEMENT_3D ( 'NONE', #30, #2717, #3852 ) ;
#12014 = LINE ( 'NONE', #1527, #5223 ) ;
#12015 = LINE ( 'NONE', #8283, #9159 ) ;
#12016 = DIRECTION ( 'NONE',  ( 0.000000000000000000, 1.000000000000000000, -0.000000000000000000 ) ) ;
#12017 = CARTESIAN_POINT ( 'NONE',  ( 32.78241186850552680, 0.000000000000000000, -1.000000000000000000 ) ) ;
#12018 = EDGE_CURVE ( 'NONE', #318, #6963, #11939, .T. ) ;
#12019 = DIRECTION ( 'NONE',  ( -1.141265444721583757E-16, 0.000000000000000000, 1.000000000000000000 ) ) ;
#12020 = DIRECTION ( 'NONE',  ( -0.000000000000000000, -1.000000000000000000, 0.000000000000000000 ) ) ;
#12021 = ORIENTED_EDGE ( 'NONE', *, *, #1518, .F. ) ;
#12022 = ORIENTED_EDGE ( 'NONE', *, *, #10674, .T. ) ;
#12023 = EDGE_CURVE ( 'NONE', #3759, #159, #2193, .T. ) ;
#12024 = VERTEX_POINT ( 'NONE', #3339 ) ;
#12025 = EDGE_LOOP ( 'NONE', ( #8695, #12273, #3123, #10776 ) ) ;
#12026 = ORIENTED_EDGE ( 'NONE', *, *, #11359, .T. ) ;
#12027 = CARTESIAN_POINT ( 'NONE',  ( 1.500000000000000000, 1.000000000000000000, -0.4041232037028950064 ) ) ;
#12028 = CARTESIAN_POINT ( 'NONE',  ( 31.49711038494233506, 2.000000000000000000, 2.799999999999999822 ) ) ;
#12029 = DIRECTION ( 'NONE',  ( -1.000000000000000000, -0.000000000000000000, 1.141265444721583757E-16 ) ) ;
#12030 = CARTESIAN_POINT ( 'NONE',  ( 11.35590445068957166, 2.000000000000000000, 2.799999999999999822 ) ) ;
#12031 = DIRECTION ( 'NONE',  ( -1.000000000000000000, 0.000000000000000000, 6.982962677686266711E-15 ) ) ;
#12032 = CARTESIAN_POINT ( 'NONE',  ( -1.500000000000000000, 1.000000000000000000, -1.000000000000000000 ) ) ;
#12033 = EDGE_CURVE ( 'NONE', #12413, #5820, #7154, .T. ) ;
#12034 = CARTESIAN_POINT ( 'NONE',  ( 28.49711038494234572, 0.000000000000000000, -3.407045462299398864 ) ) ;
#12035 = ORIENTED_EDGE ( 'NONE', *, *, #7497, .F. ) ;
#12036 = VERTEX_POINT ( 'NONE', #4277 ) ;
#12037 = EDGE_CURVE ( 'NONE', #3410, #3974, #9221, .T. ) ;
#12038 = ORIENTED_EDGE ( 'NONE', *, *, #10311, .F. ) ;
#12039 = ORIENTED_EDGE ( 'NONE', *, *, #1835, .T. ) ;
#12040 = AXIS2_PLACEMENT_3D ( 'NONE', #5255, #9077, #8134 ) ;
#12041 = DIRECTION ( 'NONE',  ( 7.031498681392489590E-15, 0.000000000000000000, 1.000000000000000000 ) ) ;
#12042 = ORIENTED_EDGE ( 'NONE', *, *, #11758, .F. ) ;
#12043 = CARTESIAN_POINT ( 'NONE',  ( 22.48794639943699991, 0.5614389816210439976, -0.9267798729277888503 ) ) ;
#12044 = DIRECTION ( 'NONE',  ( -1.000000000000000000, 0.000000000000000000, 1.141265444721583757E-16 ) ) ;
#12045 = CARTESIAN_POINT ( 'NONE',  ( 7.570602967126385252, 0.4999999999999978351, -1.000000000000000000 ) ) ;
#12046 = CARTESIAN_POINT ( 'NONE',  ( 12.85590445068957344, -1.000000000000000000, 0.3238172648295125633 ) ) ;
#12047 = DIRECTION ( 'NONE',  ( -1.000000000000000000, -0.000000000000000000, -0.000000000000000000 ) ) ;
#12048 = AXIS2_PLACEMENT_3D ( 'NONE', #5696, #4766, #7883 ) ;
#12049 = ORIENTED_EDGE ( 'NONE', *, *, #2964, .T. ) ;
#12050 = VERTEX_POINT ( 'NONE', #4464 ) ;
#12051 = CARTESIAN_POINT ( 'NONE',  ( 19.92650741781595158, 3.272523262990679971, -4.655872776437634641 ) ) ;
#12052 = VERTEX_POINT ( 'NONE', #7216 ) ;
#12053 = DIRECTION ( 'NONE',  ( -1.000000000000000000, 0.000000000000000000, -0.000000000000000000 ) ) ;
#12054 = ADVANCED_FACE ( 'NONE', ( #399 ), #8274, .T. ) ;
#12055 = PLANE ( 'NONE',  #6577 ) ;
#12056 = ORIENTED_EDGE ( 'NONE', *, *, #4244, .F. ) ;
#12057 = EDGE_CURVE ( 'NONE', #2261, #12242, #11131, .T. ) ;
#12058 = VECTOR ( 'NONE', #11330, 1000.000000000000000 ) ;
#12059 = PLANE ( 'NONE',  #12131 ) ;
#12060 = VECTOR ( 'NONE', #6672, 1000.000000000000000 ) ;
#12061 = LINE ( 'NONE', #5151, #5640 ) ;
#12062 = LINE ( 'NONE', #4272, #8363 ) ;
#12063 = PLANE ( 'NONE',  #4445 ) ;
#12064 = LINE ( 'NONE', #6333, #6515 ) ;
#12065 = VECTOR ( 'NONE', #8012, 1000.000000000000000 ) ;
#12066 = DIRECTION ( 'NONE',  ( -0.000000000000000000, -0.000000000000000000, 1.000000000000000000 ) ) ;
#12067 = VECTOR ( 'NONE', #1841, 1000.000000000000000 ) ;
#12068 = CARTESIAN_POINT ( 'NONE',  ( 33.53869697408548234, 0.3999999999999999667, -1.000000000000000000 ) ) ;
#12069 = ORIENTED_EDGE ( 'NONE', *, *, #7286, .T. ) ;
#12070 = ORIENTED_EDGE ( 'NONE', *, *, #10439, .F. ) ;
#12071 = VERTEX_POINT ( 'NONE', #10094 ) ;
#12072 = EDGE_CURVE ( 'NONE', #4237, #10773, #1520, .T. ) ;
#12073 = EDGE_CURVE ( 'NONE', #12289, #2004, #6336, .T. ) ;
#12074 = CARTESIAN_POINT ( 'NONE',  ( 16.39749103983271894, 0.000000000000000000, -3.000000000000000000 ) ) ;
#12075 = DIRECTION ( 'NONE',  ( 1.000000000000000000, 0.000000000000000000, 0.000000000000000000 ) ) ;
#12076 = DIRECTION ( 'NONE',  ( -1.000000000000000000, 0.000000000000000000, 6.982962677686266711E-15 ) ) ;
#12077 = DIRECTION ( 'NONE',  ( -1.000000000000000000, -0.000000000000000000, 1.141265444721583757E-16 ) ) ;
#12078 = CARTESIAN_POINT ( 'NONE',  ( 21.42650741781595514, 1.000000000000000000, 0.000000000000000000 ) ) ;
#12079 = PLANE ( 'NONE',  #6505 ) ;
#12080 = LINE ( 'NONE', #7351, #8118 ) ;
#12081 = LINE ( 'NONE', #9991, #3394 ) ;
#12082 = ORIENTED_EDGE ( 'NONE', *, *, #9270, .T. ) ;
#12083 = ORIENTED_EDGE ( 'NONE', *, *, #9433, .T. ) ;
#12084 = ORIENTED_EDGE ( 'NONE', *, *, #7680, .F. ) ;
#12085 = ORIENTED_EDGE ( 'NONE', *, *, #8386, .F. ) ;
#12086 = ORIENTED_EDGE ( 'NONE', *, *, #724, .T. ) ;
#12087 = CARTESIAN_POINT ( 'NONE',  ( 26.45866854679657720, 0.000000000000000000, -3.000000000000000000 ) ) ;
#12088 = CARTESIAN_POINT ( 'NONE',  ( 5.785301483563191738, 1.000000000000000000, 2.799999999999999822 ) ) ;
#12089 = CARTESIAN_POINT ( 'NONE',  ( 9.570602967126379923, 1.000000000000000000, -1.000000000000000000 ) ) ;
#12090 = ADVANCED_FACE ( 'NONE', ( #8086 ), #2400, .F. ) ;
#12091 = PLANE ( 'NONE',  #4838 ) ;
#12092 = DIRECTION ( 'NONE',  ( 1.000000000000000000, -0.000000000000000000, -6.982962677686266711E-15 ) ) ;
#12093 = EDGE_CURVE ( 'NONE', #8308, #10258, #8976, .T. ) ;
#12094 = LINE ( 'NONE', #3301, #8910 ) ;
#12095 = CARTESIAN_POINT ( 'NONE',  ( 15.64120593425276340, 1.000000000000000000, -0.4041232037028950064 ) ) ;
#12096 = ORIENTED_EDGE ( 'NONE', *, *, #2852, .F. ) ;
#12097 = ORIENTED_EDGE ( 'NONE', *, *, #11551, .T. ) ;
#12098 = VERTEX_POINT ( 'NONE', #12068 ) ;
#12099 = ORIENTED_EDGE ( 'NONE', *, *, #3431, .F. ) ;
#12100 = LINE ( 'NONE', #679, #6309 ) ;
#12101 = EDGE_LOOP ( 'NONE', ( #2679, #8945, #9069, #416 ) ) ;
#12102 = EDGE_CURVE ( 'NONE', #2113, #6589, #3464, .T. ) ;
#12103 = CARTESIAN_POINT ( 'NONE',  ( 25.71180890137913622, 2.000000000000000000, -5.468901542184349651 ) ) ;
#12104 = LINE ( 'NONE', #9262, #11845 ) ;
#12105 = DIRECTION ( 'NONE',  ( 7.335912872304279317E-17, 0.7660444431189810111, 0.6427876096865356992 ) ) ;
#12106 = EDGE_CURVE ( 'NONE', #10331, #11484, #3524, .T. ) ;
#12107 = DIRECTION ( 'NONE',  ( 0.000000000000000000, -0.000000000000000000, -1.000000000000000000 ) ) ;
#12108 = EDGE_LOOP ( 'NONE', ( #3466, #11352, #7127, #6858 ) ) ;
#12109 = ORIENTED_EDGE ( 'NONE', *, *, #1902, .F. ) ;
#12110 = CARTESIAN_POINT ( 'NONE',  ( -0.3437148944200444367, 0.4000000000000000222, -3.000000000000000000 ) ) ;
#12111 = EDGE_LOOP ( 'NONE', ( #2650, #2115, #12268, #11073 ) ) ;
#12112 = DIRECTION ( 'NONE',  ( 0.000000000000000000, 0.000000000000000000, -1.000000000000000000 ) ) ;
#12113 = ORIENTED_EDGE ( 'NONE', *, *, #2581, .T. ) ;
#12114 = CARTESIAN_POINT ( 'NONE',  ( 10.07060296712638170, 2.000000000000000000, 1.739099631177264405 ) ) ;
#12115 = LINE ( 'NONE', #8267, #2048 ) ;
#12116 = CARTESIAN_POINT ( 'NONE',  ( 24.96809400695910242, 0.000000000000000000, -1.000000000000000000 ) ) ;
#12117 = EDGE_CURVE ( 'NONE', #1805, #4357, #4217, .T. ) ;
#12118 = FACE_OUTER_BOUND ( 'NONE', #6373, .T. ) ;
#12120 = ADVANCED_FACE ( 'NONE', ( #7090 ), #10159, .F. ) ;
#12119 = CARTESIAN_POINT ( 'NONE',  ( 2.785301483563190850, 1.000000000000000000, 0.3238172648295121747 ) ) ;
#12121 = PLANE ( 'NONE',  #6939 ) ;
#12122 = CARTESIAN_POINT ( 'NONE',  ( 5.785301483563203284, 0.000000000000000000, -2.240753535442245425 ) ) ;
#12123 = ORIENTED_EDGE ( 'NONE', *, *, #6122, .T. ) ;
#12124 = CIRCLE ( 'NONE', #9899, 1.500000000000000000 ) ;
#12125 = ORIENTED_EDGE ( 'NONE', *, *, #1693, .F. ) ;
#12126 = EDGE_LOOP ( 'NONE', ( #3330, #389, #262, #11958 ) ) ;
#12127 = DIRECTION ( 'NONE',  ( -1.355252715606880543E-16, -1.000000000000000000, -0.000000000000000000 ) ) ;
#12128 = LINE ( 'NONE', #9168, #6129 ) ;
#12129 = DIRECTION ( 'NONE',  ( 0.000000000000000000, 0.000000000000000000, 1.000000000000000000 ) ) ;
#12130 = FACE_OUTER_BOUND ( 'NONE', #6254, .T. ) ;
#12131 = AXIS2_PLACEMENT_3D ( 'NONE', #2692, #762, #7268 ) ;
#12132 = EDGE_CURVE ( 'NONE', #10851, #821, #7337, .T. ) ;
#12133 = LINE ( 'NONE', #3535, #9779 ) ;
#12134 = VECTOR ( 'NONE', #2765, 1000.000000000000000 ) ;
#12135 = VECTOR ( 'NONE', #11178, 1000.000000000000000 ) ;
#12136 = CARTESIAN_POINT ( 'NONE',  ( 14.35590445068957166, 0.4000000000000000222, 0.1662919268571577958 ) ) ;
#12137 = ADVANCED_FACE ( 'NONE', ( #8030 ), #9351, .F. ) ;
#12138 = VERTEX_POINT ( 'NONE', #6651 ) ;
#12139 = EDGE_CURVE ( 'NONE', #6930, #12362, #3836, .T. ) ;
#12140 = CARTESIAN_POINT ( 'NONE',  ( 17.48806557967019515, 0.4000000000000000222, -1.000000000000000000 ) ) ;
#12141 = LINE ( 'NONE', #3540, #7183 ) ;
#12142 = ORIENTED_EDGE ( 'NONE', *, *, #10231, .F. ) ;
#12143 = VERTEX_POINT ( 'NONE', #1893 ) ;
#12144 = VERTEX_POINT ( 'NONE', #704 ) ;
#12145 = ORIENTED_EDGE ( 'NONE', *, *, #10203, .T. ) ;
#12146 = VECTOR ( 'NONE', #3495, 1000.000000000000114 ) ;
#12147 = AXIS2_PLACEMENT_3D ( 'NONE', #12095, #11971, #10255 ) ;
#12148 = ORIENTED_EDGE ( 'NONE', *, *, #3219, .T. ) ;
#12149 = LINE ( 'NONE', #11206, #10363 ) ;
#12150 = DIRECTION ( 'NONE',  ( -0.5407162030609378167, 0.5407162030609377057, 0.6444004775717702138 ) ) ;
#12151 = DIRECTION ( 'NONE',  ( 0.000000000000000000, -1.000000000000000000, 0.000000000000000000 ) ) ;
#12152 = LINE ( 'NONE', #2552, #10035 ) ;
#12153 = CARTESIAN_POINT ( 'NONE',  ( 1.032088886237953806, 0.5320888862379536954, -0.9617579545435693822 ) ) ;
#12154 = AXIS2_PLACEMENT_3D ( 'NONE', #1607, #5424, #2547 ) ;
#12155 = DIRECTION ( 'NONE',  ( -1.141265444721583757E-16, 0.000000000000000000, 1.000000000000000000 ) ) ;
#12156 = VECTOR ( 'NONE', #12157, 1000.000000000000000 ) ;
#12157 = DIRECTION ( 'NONE',  ( 1.000000000000000000, -0.000000000000000000, -0.000000000000000000 ) ) ;
#12158 = VERTEX_POINT ( 'NONE', #10222 ) ;
#12159 = ORIENTED_EDGE ( 'NONE', *, *, #10404, .F. ) ;
#12160 = ADVANCED_FACE ( 'NONE', ( #1706 ), #7464, .F. ) ;
#12161 = EDGE_LOOP ( 'NONE', ( #8137, #4819, #417, #6239 ) ) ;
#12162 = VERTEX_POINT ( 'NONE', #11496 ) ;
#12163 = CARTESIAN_POINT ( 'NONE',  ( 18.64120593425276695, -1.000000000000000000, 0.3238172648295125633 ) ) ;
#12164 = EDGE_LOOP ( 'NONE', ( #586, #4279, #10789, #9194 ) ) ;
#12165 = AXIS2_PLACEMENT_3D ( 'NONE', #11046, #452, #2742 ) ;
#12166 = DIRECTION ( 'NONE',  ( -4.005262847839656493E-15, -0.8191520442889909104, -0.5735764363510473807 ) ) ;
#12167 = DIRECTION ( 'NONE',  ( -1.000000000000000000, -0.000000000000000000, -0.000000000000000000 ) ) ;
#12168 = CARTESIAN_POINT ( 'NONE',  ( 28.49711038494233861, 1.000000000000000000, -0.4041232037028949509 ) ) ;
#12169 = DIRECTION ( 'NONE',  ( 7.335912872304279317E-17, 0.7660444431189810111, 0.6427876096865356992 ) ) ;
#12170 = DIRECTION ( 'NONE',  ( 0.6427876096865409172, -0.000000000000000000, 0.7660444431189766812 ) ) ;
#12171 = AXIS2_PLACEMENT_3D ( 'NONE', #2063, #5684, #8756 ) ;
#12172 = EDGE_CURVE ( 'NONE', #6589, #2041, #5529, .T. ) ;
#12173 = ORIENTED_EDGE ( 'NONE', *, *, #3300, .T. ) ;
#12174 = EDGE_LOOP ( 'NONE', ( #10898, #10448, #3924, #9992, #10067, #6999, #401, #4854, #2589, #4581, #3663 ) ) ;
#12175 = EDGE_CURVE ( 'NONE', #5633, #52, #7402, .T. ) ;
#12176 = DIRECTION ( 'NONE',  ( -1.000000000000000000, 0.000000000000000000, 0.000000000000000000 ) ) ;
#12177 = VERTEX_POINT ( 'NONE', #4656 ) ;
#12178 = EDGE_CURVE ( 'NONE', #1319, #418, #10350, .T. ) ;
#12179 = CARTESIAN_POINT ( 'NONE',  ( -0.3437148944200444367, 0.4000000000000000222, -1.000000000000000000 ) ) ;
#12180 = ORIENTED_EDGE ( 'NONE', *, *, #10249, .F. ) ;
#12181 = DIRECTION ( 'NONE',  ( 1.000000000000000000, 0.000000000000000000, -0.000000000000000000 ) ) ;
#12182 = AXIS2_PLACEMENT_3D ( 'NONE', #6596, #7723, #7534 ) ;
#12183 = CARTESIAN_POINT ( 'NONE',  ( 1.500000000000000000, 0.000000000000000000, -1.000000000000000000 ) ) ;
#12184 = LINE ( 'NONE', #10030, #7569 ) ;
#12185 = DIRECTION ( 'NONE',  ( -1.141265444721583757E-16, -0.000000000000000000, -1.000000000000000000 ) ) ;
#12186 = PLANE ( 'NONE',  #9174 ) ;
#12187 = CARTESIAN_POINT ( 'NONE',  ( -1.500000000000000222, -1.000000000000000000, 0.3238172648295125633 ) ) ;
#12188 = EDGE_CURVE ( 'NONE', #7609, #4073, #3590, .T. ) ;
#12189 = CARTESIAN_POINT ( 'NONE',  ( 35.78241186850553390, 2.000000000000000000, 1.739099631177264405 ) ) ;
#12190 = AXIS2_PLACEMENT_3D ( 'NONE', #9141, #558, #10139 ) ;
#12191 = DIRECTION ( 'NONE',  ( 1.000000000000000000, -0.000000000000000000, -6.982962677686266711E-15 ) ) ;
#12192 = VECTOR ( 'NONE', #2612, 1000.000000000000000 ) ;
#12193 = EDGE_CURVE ( 'NONE', #7491, #3075, #11242, .T. ) ;
#12194 = VERTEX_POINT ( 'NONE', #9282 ) ;
#12195 = ORIENTED_EDGE ( 'NONE', *, *, #1451, .F. ) ;
#12196 = VECTOR ( 'NONE', #9004, 1000.000000000000000 ) ;
#12197 = FACE_OUTER_BOUND ( 'NONE', #4944, .T. ) ;
#12198 = DIRECTION ( 'NONE',  ( 7.097089222158424864E-15, 0.000000000000000000, 1.000000000000000000 ) ) ;
#12199 = LINE ( 'NONE', #2837, #4645 ) ;
#12200 = CARTESIAN_POINT ( 'NONE',  ( -1.517354827024752328, 1.400000000000000355, -4.852277374311898761 ) ) ;
#12201 = CARTESIAN_POINT ( 'NONE',  ( 38.50000000000001421, 0.4000000000000000222, -0.2337080731428450298 ) ) ;
#12202 = UNCERTAINTY_MEASURE_WITH_UNIT (LENGTH_MEASURE( 1.000000000000000082E-05 ), #1320, 'distance_accuracy_value', 'NONE');
#12203 = VECTOR ( 'NONE', #2410, 1000.000000000000000 ) ;
#12204 = AXIS2_PLACEMENT_3D ( 'NONE', #8013, #2198, #5135 ) ;
#12205 = CARTESIAN_POINT ( 'NONE',  ( 28.49711038494235282, 0.3999999999999999667, -2.240753535442224553 ) ) ;
#12206 = ORIENTED_EDGE ( 'NONE', *, *, #2815, .F. ) ;
#12207 = LINE ( 'NONE', #3788, #12366 ) ;
#12208 = LINE ( 'NONE', #12326, #6388 ) ;
#12209 = VERTEX_POINT ( 'NONE', #833 ) ;
#12210 = EDGE_CURVE ( 'NONE', #6887, #3136, #1833, .T. ) ;
#12211 = ORIENTED_EDGE ( 'NONE', *, *, #220, .T. ) ;
#12212 = VERTEX_POINT ( 'NONE', #8461 ) ;
#12213 = VECTOR ( 'NONE', #582, 1000.000000000000000 ) ;
#12214 = DIRECTION ( 'NONE',  ( 1.000000000000000000, -0.000000000000000000, 0.000000000000000000 ) ) ;
#12215 = DIRECTION ( 'NONE',  ( 1.000000000000000000, 0.000000000000000000, -7.097089222158424864E-15 ) ) ;
#12216 = CARTESIAN_POINT ( 'NONE',  ( 22.42650741781595514, 0.000000000000000000, -1.000000000000000000 ) ) ;
#12217 = EDGE_CURVE ( 'NONE', #5387, #4762, #2647, .T. ) ;
#12218 = CARTESIAN_POINT ( 'NONE',  ( 9.317462612543812028, 0.000000000000000000, -1.000000000000000000 ) ) ;
#12219 = EDGE_CURVE ( 'NONE', #9317, #4360, #4777, .T. ) ;
#12220 = DIRECTION ( 'NONE',  ( -1.000000000000000000, -0.000000000000000000, 1.141265444721583757E-16 ) ) ;
#12221 = DIRECTION ( 'NONE',  ( -0.000000000000000000, -1.000000000000000000, 0.000000000000000000 ) ) ;
#12222 = DIRECTION ( 'NONE',  ( -1.000000000000000000, -0.000000000000000000, 1.141265444721583757E-16 ) ) ;
#12223 = VERTEX_POINT ( 'NONE', #8593 ) ;
#12224 = ORIENTED_EDGE ( 'NONE', *, *, #1198, .F. ) ;
#12225 = VERTEX_POINT ( 'NONE', #18 ) ;
#12226 = VERTEX_POINT ( 'NONE', #5650 ) ;
#12227 = LINE ( 'NONE', #5498, #10126 ) ;
#12228 = ORIENTED_EDGE ( 'NONE', *, *, #11359, .F. ) ;
#12229 = AXIS2_PLACEMENT_3D ( 'NONE', #446, #10022, #12053 ) ;
#12230 = EDGE_CURVE ( 'NONE', #5988, #1743, #8340, .T. ) ;
#12231 = DIRECTION ( 'NONE',  ( 6.982962736581390482E-15, 0.000000000000000000, 1.000000000000000000 ) ) ;
#12232 = ADVANCED_FACE ( 'NONE', ( #2768 ), #10285, .F. ) ;
#12233 = LINE ( 'NONE', #7501, #12255 ) ;
#12234 = CARTESIAN_POINT ( 'NONE',  ( 37.06771335206871498, 1.115317123975225755, -5.263824959924735758 ) ) ;
#12235 = FACE_OUTER_BOUND ( 'NONE', #10709, .T. ) ;
#12236 = DIRECTION ( 'NONE',  ( 0.000000000000000000, -0.000000000000000000, -1.000000000000000000 ) ) ;
#12237 = ORIENTED_EDGE ( 'NONE', *, *, #2985, .F. ) ;
#12238 = ORIENTED_EDGE ( 'NONE', *, *, #9062, .T. ) ;
#12239 = DIRECTION ( 'NONE',  ( 1.000000000000000000, 0.000000000000000000, -6.982962677686266711E-15 ) ) ;
#12240 = VERTEX_POINT ( 'NONE', #9412 ) ;
#12241 = DIRECTION ( 'NONE',  ( 0.000000000000000000, 1.000000000000000000, 0.000000000000000000 ) ) ;
#12242 = VERTEX_POINT ( 'NONE', #773 ) ;
#12243 = DIRECTION ( 'NONE',  ( 1.000000000000000000, 0.000000000000000000, 0.000000000000000000 ) ) ;
#12244 = CARTESIAN_POINT ( 'NONE',  ( 2.785301483563194846, 0.3999999999999999667, -3.407045462299400196 ) ) ;
#12245 = CARTESIAN_POINT ( 'NONE',  ( 22.92650741781595869, 1.400000000000041878, -4.949634213632581492 ) ) ;
#12246 = VECTOR ( 'NONE', #11227, 1000.000000000000000 ) ;
#12247 = EDGE_CURVE ( 'NONE', #248, #2676, #3706, .T. ) ;
#12248 = LINE ( 'NONE', #10407, #10245 ) ;
#12249 = DIRECTION ( 'NONE',  ( -1.000000000000000000, 0.000000000000000000, -0.000000000000000000 ) ) ;
#12250 = ADVANCED_FACE ( 'NONE', ( #9472 ), #890, .F. ) ;
#12251 = CARTESIAN_POINT ( 'NONE',  ( 11.35590445068957166, 0.000000000000000000, 1.999999999999997335 ) ) ;
#12252 = CARTESIAN_POINT ( 'NONE',  ( 35.78241186850553390, 0.8628211600346445964, -0.4041232037028950064 ) ) ;
#12253 = CARTESIAN_POINT ( 'NONE',  ( 1.500000000000000000, 0.8628211600346445964, -0.4041232037028950064 ) ) ;
#12254 = DIRECTION ( 'NONE',  ( 1.141265444721583757E-16, -2.710505431213761085E-16, 1.000000000000000000 ) ) ;
#12255 = VECTOR ( 'NONE', #1562, 1000.000000000000000 ) ;
#12256 = ORIENTED_EDGE ( 'NONE', *, *, #851, .T. ) ;
#12257 = VERTEX_POINT ( 'NONE', #3021 ) ;
#12258 = AXIS2_PLACEMENT_3D ( 'NONE', #3860, #2496, #681 ) ;
#12259 = LINE ( 'NONE', #1712, #1495 ) ;
#12260 = CARTESIAN_POINT ( 'NONE',  ( 27.21180890137916109, 0.000000000000000000, -2.240753535442245425 ) ) ;
#12261 = CARTESIAN_POINT ( 'NONE',  ( 12.11218955626952898, 0.000000000000000000, -2.240753535442229882 ) ) ;
#12262 = PLANE ( 'NONE',  #8152 ) ;
#12263 = EDGE_CURVE ( 'NONE', #7628, #8309, #9601, .T. ) ;
#12264 = VECTOR ( 'NONE', #4243, 1000.000000000000000 ) ;
#12265 = EDGE_CURVE ( 'NONE', #9385, #8958, #2206, .T. ) ;
#12266 = VECTOR ( 'NONE', #3696, 1000.000000000000000 ) ;
#12267 = CARTESIAN_POINT ( 'NONE',  ( 11.85590445068958765, 0.4999999999999978351, -2.240753535442228106 ) ) ;
#12268 = ORIENTED_EDGE ( 'NONE', *, *, #3932, .T. ) ;
#12269 = CARTESIAN_POINT ( 'NONE',  ( 7.070602967126382588, 0.000000000000000000, -0.4041232037028952284 ) ) ;
#12270 = CARTESIAN_POINT ( 'NONE',  ( 17.88806557967019373, 0.000000000000000000, -2.240753535442240096 ) ) ;
#12271 = VERTEX_POINT ( 'NONE', #7956 ) ;
#12272 = ORIENTED_EDGE ( 'NONE', *, *, #6947, .F. ) ;
#12273 = ORIENTED_EDGE ( 'NONE', *, *, #10355, .F. ) ;
#12274 = VECTOR ( 'NONE', #7396, 1000.000000000000000 ) ;
#12275 = ORIENTED_EDGE ( 'NONE', *, *, #12315, .F. ) ;
#12276 = LINE ( 'NONE', #10247, #8563 ) ;
#12277 = DIRECTION ( 'NONE',  ( -1.000000000000000000, -0.000000000000000000, 6.982962677686266711E-15 ) ) ;
#12278 = CARTESIAN_POINT ( 'NONE',  ( 14.35590445068957166, 0.000000000000000000, -0.2337080731428423652 ) ) ;
#12279 = CARTESIAN_POINT ( 'NONE',  ( 15.64120593425275985, 1.399999999999999689, -4.612012738139070755 ) ) ;
#12280 = DIRECTION ( 'NONE',  ( -0.000000000000000000, -0.000000000000000000, 1.000000000000000000 ) ) ;
#12281 = ADVANCED_FACE ( 'NONE', ( #4019 ), #10794, .T. ) ;
#12282 = FACE_OUTER_BOUND ( 'NONE', #2771, .T. ) ;
#12283 =( BOUNDED_SURFACE ( )  B_SPLINE_SURFACE ( 3, 2, ( 
 ( #7809, #4233, #290 ),
 ( #11647, #4928, #7864 ),
 ( #8746, #10696, #8992 ),
 ( #2991, #3990, #1232 ),
 ( #1173, #6996, #3050 ),
 ( #2233, #4991, #6929 ) ),
 .UNSPECIFIED., .F., .F., .F. ) 
 B_SPLINE_SURFACE_WITH_KNOTS ( ( 4, 2, 4 ),
 ( 3, 3 ),
 ( 0.001360458961287221635, 0.002901564996485919527, 0.004442671031684617203 ),
 ( 0.000000000000000000, 1.000000000000000000 ),
 .UNSPECIFIED. ) 
 GEOMETRIC_REPRESENTATION_ITEM ( )  RATIONAL_B_SPLINE_SURFACE ( (
 ( 1.000000000000000000, 0.7924374031725291978, 1.000000000000000000),
 ( 1.000000000000000000, 0.7956711654295673952, 1.000000000000000000),
 ( 1.000000000000000000, 0.7972631388398050412, 1.000000000000000000),
 ( 1.000000000000000000, 0.7972633761834646560, 1.000000000000000000),
 ( 1.000000000000000000, 0.7956584909370892911, 1.000000000000000000),
 ( 1.000000000000000000, 0.7924371217378710641, 1.000000000000000000) ) ) 
 REPRESENTATION_ITEM ( '' )  SURFACE ( )  );
#12284 = CARTESIAN_POINT ( 'NONE',  ( 32.78241186850552680, 1.499358225474672235, 2.799999999999999822 ) ) ;
#12285 = EDGE_CURVE ( 'NONE', #1037, #476, #5019, .T. ) ;
#12286 = LINE ( 'NONE', #7988, #9382 ) ;
#12287 = ORIENTED_EDGE ( 'NONE', *, *, #8979, .F. ) ;
#12288 = ORIENTED_EDGE ( 'NONE', *, *, #6477, .T. ) ;
#12289 = VERTEX_POINT ( 'NONE', #6841 ) ;
#12290 = EDGE_LOOP ( 'NONE', ( #11736, #4872, #8358, #3835 ) ) ;
#12291 = DIRECTION ( 'NONE',  ( -0.000000000000000000, -0.000000000000000000, 1.000000000000000000 ) ) ;
#12292 = EDGE_LOOP ( 'NONE', ( #1692, #10135, #9611, #8259 ) ) ;
#12293 = CARTESIAN_POINT ( 'NONE',  ( 18.20264491587380817, 0.5614389816210439976, -0.9267798729277888503 ) ) ;
#12294 = CARTESIAN_POINT ( 'NONE',  ( 40.06771335206872919, 1.000000000000000000, -4.040753535442245692 ) ) ;
#12295 = CARTESIAN_POINT ( 'NONE',  ( 5.542915945785264142, 1.399999999999999911, -4.945931956424546527 ) ) ;
#12296 = EDGE_CURVE ( 'NONE', #7108, #11467, #2144, .T. ) ;
#12297 = CARTESIAN_POINT ( 'NONE',  ( 22.92650741781595869, 0.000000000000000000, -0.2337080731428433644 ) ) ;
#12298 = ADVANCED_FACE ( 'NONE', ( #8839 ), #5956, .F. ) ;
#12299 = VERTEX_POINT ( 'NONE', #9780 ) ;
#12300 = ORIENTED_EDGE ( 'NONE', *, *, #8469, .T. ) ;
#12301 = EDGE_CURVE ( 'NONE', #2192, #3870, #10539, .T. ) ;
#12302 = CARTESIAN_POINT ( 'NONE',  ( 14.35590445068956811, 1.399999999999999911, -4.858578065624948650 ) ) ;
#12303 = ORIENTED_EDGE ( 'NONE', *, *, #5748, .F. ) ;
#12304 = LINE ( 'NONE', #4698, #6724 ) ;
#12305 = ORIENTED_EDGE ( 'NONE', *, *, #7327, .F. ) ;
#12306 = LINE ( 'NONE', #1697, #6711 ) ;
#12307 = CARTESIAN_POINT ( 'NONE',  ( 17.88806557967019373, 0.4000000000000000222, -1.000000000000000000 ) ) ;
#12308 = CARTESIAN_POINT ( 'NONE',  ( 33.16660379025941552, 1.106494308963228423, -5.409375844367120933 ) ) ;
#12309 = LINE ( 'NONE', #6644, #5241 ) ;
#12310 = CARTESIAN_POINT ( 'NONE',  ( 24.71180890137916109, 1.000000000000000000, -2.240753535442228106 ) ) ;
#12311 = LINE ( 'NONE', #701, #7917 ) ;
#12312 = DIRECTION ( 'NONE',  ( 0.000000000000000000, -1.000000000000000000, -0.000000000000000000 ) ) ;
#12313 = DIRECTION ( 'NONE',  ( 0.7660444431189766812, 0.000000000000000000, 0.6427876096865409172 ) ) ;
#12314 = CARTESIAN_POINT ( 'NONE',  ( 17.88806557967019373, 0.4000000000000000222, -1.000000000000000000 ) ) ;
#12315 = EDGE_CURVE ( 'NONE', #5213, #2098, #6714, .T. ) ;
#12316 = VERTEX_POINT ( 'NONE', #265 ) ;
#12317 = ORIENTED_EDGE ( 'NONE', *, *, #6526, .F. ) ;
#12318 = PLANE ( 'NONE',  #4513 ) ;
#12319 = DIRECTION ( 'NONE',  ( -6.868836133214109346E-15, 0.000000000000000000, -1.000000000000000000 ) ) ;
#12320 = DIRECTION ( 'NONE',  ( -6.982962677686266711E-15, 0.000000000000000000, -1.000000000000000000 ) ) ;
#12321 = DIRECTION ( 'NONE',  ( 1.000000000000000000, -0.000000000000000000, -6.982962677686266711E-15 ) ) ;
#12322 = VECTOR ( 'NONE', #11763, 1000.000000000000000 ) ;
#12323 = LINE ( 'NONE', #10482, #514 ) ;
#12324 = VERTEX_POINT ( 'NONE', #4836 ) ;
#12325 = DIRECTION ( 'NONE',  ( 0.000000000000000000, -1.000000000000000000, 0.000000000000000000 ) ) ;
#12326 = CARTESIAN_POINT ( 'NONE',  ( 5.285301483563200620, 1.000000000000000000, -2.240753535442241873 ) ) ;
#12327 = ORIENTED_EDGE ( 'NONE', *, *, #6671, .F. ) ;
#12328 = EDGE_CURVE ( 'NONE', #8765, #7764, #143, .T. ) ;
#12329 = ORIENTED_EDGE ( 'NONE', *, *, #11340, .F. ) ;
#12330 = EDGE_LOOP ( 'NONE', ( #11635, #6060, #9731, #9238 ) ) ;
#12331 = ORIENTED_EDGE ( 'NONE', *, *, #11810, .F. ) ;
#12332 = CARTESIAN_POINT ( 'NONE',  ( 31.49711038494234217, 0.000000000000000000, -2.836630331739350641 ) ) ;
#12333 = CIRCLE ( 'NONE', #10302, 2.000000000000000000 ) ;
#12334 = CARTESIAN_POINT ( 'NONE',  ( 1.500000000000007772, 1.000000000000000000, -2.836630331739350641 ) ) ;
#12335 = EDGE_CURVE ( 'NONE', #4278, #4357, #8685, .T. ) ;
#12336 = VECTOR ( 'NONE', #9849, 1000.000000000000000 ) ;
#12337 = VECTOR ( 'NONE', #5240, 1000.000000000000114 ) ;
#12338 = CARTESIAN_POINT ( 'NONE',  ( 27.21180890137913622, 0.000000000000000000, -5.578152595329384233 ) ) ;
#12339 = CARTESIAN_POINT ( 'NONE',  ( 14.35590445068957344, 1.000000000000000000, -1.000000000000000000 ) ) ;
#12340 = DIRECTION ( 'NONE',  ( 1.000000000000000000, -0.000000000000000000, -1.141265444721583757E-16 ) ) ;
#12341 = LINE ( 'NONE', #11520, #11751 ) ;
#12342 = CIRCLE ( 'NONE', #6081, 4.810796291701608496 ) ;
#12343 = VECTOR ( 'NONE', #7020, 1000.000000000000000 ) ;
#12344 = LINE ( 'NONE', #5739, #10990 ) ;
#12345 = VERTEX_POINT ( 'NONE', #2024 ) ;
#12346 = ORIENTED_EDGE ( 'NONE', *, *, #7694, .F. ) ;
#12347 = VECTOR ( 'NONE', #1455, 1000.000000000000000 ) ;
#12348 = ORIENTED_EDGE ( 'NONE', *, *, #9427, .T. ) ;
#12349 = VERTEX_POINT ( 'NONE', #5080 ) ;
#12350 = ADVANCED_FACE ( 'NONE', ( #8656 ), #205, .F. ) ;
#12351 = CARTESIAN_POINT ( 'NONE',  ( 14.35590445068956278, 1.191234876072139848, -5.242434171922443653 ) ) ;
#12352 = EDGE_CURVE ( 'NONE', #9455, #850, #8897, .T. ) ;
#12353 = ORIENTED_EDGE ( 'NONE', *, *, #2690, .T. ) ;
#12354 = CARTESIAN_POINT ( 'NONE',  ( 5.785301483563190850, 1.000000000000000000, -0.4041232037028950064 ) ) ;
#12356 = EDGE_CURVE ( 'NONE', #8379, #7387, #11805, .T. ) ;
#12355 = AXIS2_PLACEMENT_3D ( 'NONE', #5066, #4063, #6120 ) ;
#12357 = FACE_OUTER_BOUND ( 'NONE', #4672, .T. ) ;
#12358 = CARTESIAN_POINT ( 'NONE',  ( 4.795724235867862006, 1.400000000000000133, -5.098382031700253059 ) ) ;
#12359 = VECTOR ( 'NONE', #2989, 1000.000000000000000 ) ;
#12360 = CARTESIAN_POINT ( 'NONE',  ( 31.49711038494232440, 1.372613645930300441, -5.038802382218242393 ) ) ;
#12361 = VERTEX_POINT ( 'NONE', #6783 ) ;
#12362 = VERTEX_POINT ( 'NONE', #9715 ) ;
#12363 = ORIENTED_EDGE ( 'NONE', *, *, #9064, .T. ) ;
#12364 = ORIENTED_EDGE ( 'NONE', *, *, #6766, .F. ) ;
#12365 = VECTOR ( 'NONE', #5115, 1000.000000000000000 ) ;
#12366 = VECTOR ( 'NONE', #9297, 1000.000000000000000 ) ;
#12367 = LINE ( 'NONE', #2878, #11546 ) ;
#12369 = EDGE_CURVE ( 'NONE', #8405, #2544, #8779, .T. ) ;
#12368 = ORIENTED_EDGE ( 'NONE', *, *, #5564, .T. ) ;
#12370 = DIRECTION ( 'NONE',  ( -7.335912872304331086E-17, -0.7660444431189772363, -0.6427876096865402511 ) ) ;
#12371 = EDGE_CURVE ( 'NONE', #2849, #12071, #6896, .T. ) ;
#12372 = CARTESIAN_POINT ( 'NONE',  ( 19.92650741781595514, 0.000000000000000000, -0.4041232037028952284 ) ) ;
#12373 = DIRECTION ( 'NONE',  ( -0.000000000000000000, -1.000000000000000000, 0.000000000000000000 ) ) ;
#12374 = EDGE_CURVE ( 'NONE', #8607, #4779, #2448, .T. ) ;
#12375 = DIRECTION ( 'NONE',  ( 1.000000000000000000, -0.000000000000000000, -0.000000000000000000 ) ) ;
#12376 = VECTOR ( 'NONE', #6077, 1000.000000000000000 ) ;
#12377 = CARTESIAN_POINT ( 'NONE',  ( 12.85590445068957344, 2.000000000000000000, 0.000000000000000000 ) ) ;
#12378 = LINE ( 'NONE', #4590, #325 ) ;
#12379 = CARTESIAN_POINT ( 'NONE',  ( 11.35590445068956811, 1.399999999999999689, -4.612012738139070755 ) ) ;
#12380 = PLANE ( 'NONE',  #5305 ) ;
#12381 = ORIENTED_EDGE ( 'NONE', *, *, #4304, .F. ) ;
#12382 = CARTESIAN_POINT ( 'NONE',  ( 22.92650741781596579, 1.000000000000000000, -2.836630331739350641 ) ) ;
#12383 = ORIENTED_EDGE ( 'NONE', *, *, #3664, .T. ) ;
#12384 = ORIENTED_EDGE ( 'NONE', *, *, #12371, .F. ) ;
#12385 = VECTOR ( 'NONE', #7002, 1000.000000000000000 ) ;
#12386 = CARTESIAN_POINT ( 'NONE',  ( 8.570602967126372818, 2.000000000000000000, -5.468901542184349651 ) ) ;
#12387 = CARTESIAN_POINT ( 'NONE',  ( 25.71180890137914687, -1.000000000000000000, 0.3238172648295125633 ) ) ;
#12388 = LINE ( 'NONE', #5713, #1648 ) ;
#12389 = LINE ( 'NONE', #7600, #10360 ) ;
#12390 = VECTOR ( 'NONE', #6079, 1000.000000000000000 ) ;
#12391 = CARTESIAN_POINT ( 'NONE',  ( 12.34004828727162106, 1.400000000000000133, -5.120335728133784237 ) ) ;
#12392 = ORIENTED_EDGE ( 'NONE', *, *, #2763, .F. ) ;
#12393 = VECTOR ( 'NONE', #5181, 1000.000000000000000 ) ;
#12394 = CARTESIAN_POINT ( 'NONE',  ( 18.64120593425277761, 0.3999999999999999667, -2.240753535442245425 ) ) ;
#12395 = CARTESIAN_POINT ( 'NONE',  ( 16.14120593425277761, 0.4999999999999978351, -2.240753535442228106 ) ) ;
#12396 = VERTEX_POINT ( 'NONE', #10977 ) ;
#12397 = ORIENTED_EDGE ( 'NONE', *, *, #831, .T. ) ;
#12398 = ORIENTED_EDGE ( 'NONE', *, *, #1003, .F. ) ;
#12399 = ORIENTED_EDGE ( 'NONE', *, *, #8277, .T. ) ;
#12400 = DIRECTION ( 'NONE',  ( -1.000000000000000000, -0.000000000000000000, 1.141265444721583757E-16 ) ) ;
#12401 = DIRECTION ( 'NONE',  ( 7.097089222158424864E-15, 0.000000000000000000, 1.000000000000000000 ) ) ;
#12402 = AXIS2_PLACEMENT_3D ( 'NONE', #7692, #814, #5750 ) ;
#12403 = DIRECTION ( 'NONE',  ( 0.000000000000000000, 0.7660444431189767922, -0.6427876096865409172 ) ) ;
#12404 = VECTOR ( 'NONE', #1497, 1000.000000000000000 ) ;
#12405 = CARTESIAN_POINT ( 'NONE',  ( 37.56771335206873630, 0.000000000000000000, -2.240753535442228106 ) ) ;
#12406 = EDGE_CURVE ( 'NONE', #4265, #1066, #5142, .T. ) ;
#12407 = CARTESIAN_POINT ( 'NONE',  ( 0.7468596454174303290, 0.000000000000000000, -3.000000000000000000 ) ) ;
#12408 = CARTESIAN_POINT ( 'NONE',  ( 27.21180890137914332, 1.267235759035802767, -5.187091293331778985 ) ) ;
#12409 = EDGE_CURVE ( 'NONE', #2976, #5328, #11040, .T. ) ;
#12410 = DIRECTION ( 'NONE',  ( -0.5407162030609422576, 0.5407162030609375947, -0.6444004775717664391 ) ) ;
#12411 = AXIS2_PLACEMENT_3D ( 'NONE', #1530, #11253, #4474 ) ;
#12412 = LINE ( 'NONE', #8682, #3579 ) ;
#12413 = VERTEX_POINT ( 'NONE', #8961 ) ;
#12414 = ORIENTED_EDGE ( 'NONE', *, *, #966, .F. ) ;
#12415 = ORIENTED_EDGE ( 'NONE', *, *, #9062, .F. ) ;
#12416 = ORIENTED_EDGE ( 'NONE', *, *, #10401, .F. ) ;
#12417 = DIRECTION ( 'NONE',  ( 7.097089222158425653E-15, -0.000000000000000000, 1.000000000000000000 ) ) ;
#12418 = EDGE_LOOP ( 'NONE', ( #10319, #4437, #10651, #5662 ) ) ;
#12419 = DIRECTION ( 'NONE',  ( 1.141265444721583757E-16, 0.000000000000000000, -1.000000000000000000 ) ) ;
#12420 = VECTOR ( 'NONE', #2524, 1000.000000000000000 ) ;
#12421 = LINE ( 'NONE', #9506, #244 ) ;
#12422 = CARTESIAN_POINT ( 'NONE',  ( 31.16934898867616610, 0.6722386037338323739, -0.7947340252167918173 ) ) ;
#12423 = ADVANCED_FACE ( 'NONE', ( #569 ), #10082, .F. ) ;
#12424 = CARTESIAN_POINT ( 'NONE',  ( 3.941586589143147190, 0.4000000000000000222, -3.000000000000000000 ) ) ;
#12425 = ADVANCED_FACE ( 'NONE', ( #4266 ), #6257, .F. ) ;
#12426 = ORIENTED_EDGE ( 'NONE', *, *, #5248, .F. ) ;
#12427 = ORIENTED_EDGE ( 'NONE', *, *, #3082, .F. ) ;
ENDSEC;
END-ISO-10303-21;
