ISO-10303-21;
HEADER;
FILE_DESCRIPTION (( 'STEP AP214' ),
    '1' );
FILE_NAME ('BTN4manufacture-s.STEP',
    '2026-09-09T11:32:07',
    ( '' ),
    ( '' ),
    'SwSTEP 2.0',
    'SolidWorks 2026',
    '' );
FILE_SCHEMA (( 'AUTOMOTIVE_DESIGN' ));
ENDSEC;

DATA;
#1 = CARTESIAN_POINT ( 'NONE',  ( 15.64120593425276340, 0.000000000000000000, -1.000000000000000000 ) ) ;
#2 = ORIENTED_EDGE ( 'NONE', *, *, #3184, .F. ) ;
#3 = CARTESIAN_POINT ( 'NONE',  ( 8.050790075263897450, 1.400000000000000355, -5.120565198620423253 ) ) ;
#4 = CARTESIAN_POINT ( 'NONE',  ( 0.3468596454174303068, 0.000000000000000000, -2.240753535442237432 ) ) ;
#5 = VECTOR ( 'NONE', #1920, 1000.000000000000114 ) ;
#6 = VECTOR ( 'NONE', #5880, 1000.000000000000000 ) ;
#7 = EDGE_LOOP ( 'NONE', ( #1401, #3177, #1983, #1334 ) ) ;
#8 = VERTEX_POINT ( 'NONE', #3974 ) ;
#9 = CARTESIAN_POINT ( 'NONE',  ( -1.098885367798253521, 1.399999999999774758, -5.329232319204521673 ) ) ;
#10 = VECTOR ( 'NONE', #4208, 1000.000000000000000 ) ;
#11 = DIRECTION ( 'NONE',  ( 1.000000000000000000, 0.000000000000000000, -7.097089222158424864E-15 ) ) ;
#12 = ORIENTED_EDGE ( 'NONE', *, *, #1110, .F. ) ;
#13 = DIRECTION ( 'NONE',  ( 1.000000000000000000, 0.000000000000000000, 0.000000000000000000 ) ) ;
#14 = VECTOR ( 'NONE', #1719, 1000.000000000000000 ) ;
#15 = AXIS2_PLACEMENT_3D ( 'NONE', #735, #3536, #3132 ) ;
#16 = DIRECTION ( 'NONE',  ( 1.141265444721583757E-16, 0.000000000000000000, -1.000000000000000000 ) ) ;
#17 = ORIENTED_EDGE ( 'NONE', *, *, #1657, .F. ) ;
#18 = VECTOR ( 'NONE', #636, 1000.000000000000000 ) ;
#19 = AXIS2_PLACEMENT_3D ( 'NONE', #4554, #330, #846 ) ;
#20 = CARTESIAN_POINT ( 'NONE',  ( 11.35590445068957166, 2.000000000000000000, 2.799999999999999822 ) ) ;
#21 = CARTESIAN_POINT ( 'NONE',  ( 10.07060296712638170, 1.000000000000000000, -1.000000000000000000 ) ) ;
#22 = CARTESIAN_POINT ( 'NONE',  ( 16.62139304239027737, 1.400000000000000355, -5.120565198620423253 ) ) ;
#23 = DIRECTION ( 'NONE',  ( -1.000000000000000000, 0.000000000000000000, -0.000000000000000000 ) ) ;
#24 = EDGE_CURVE ( 'NONE', #5262, #5152, #4005, .T. ) ;
#25 = ORIENTED_EDGE ( 'NONE', *, *, #2281, .F. ) ;
#26 = EDGE_LOOP ( 'NONE', ( #3698, #2142, #181, #1175 ) ) ;
#27 = DIRECTION ( 'NONE',  ( -1.141265444721583757E-16, 0.000000000000000000, 1.000000000000000000 ) ) ;
#28 = DIRECTION ( 'NONE',  ( -7.335912872304331086E-17, 0.7660444431189772363, 0.6427876096865402511 ) ) ;
#29 = LINE ( 'NONE', #1845, #3912 ) ;
#30 = EDGE_CURVE ( 'NONE', #510, #5106, #3543, .T. ) ;
#31 =( NAMED_UNIT ( * ) PLANE_ANGLE_UNIT ( ) SI_UNIT ( $, .RADIAN. ) );
#32 = CARTESIAN_POINT ( 'NONE',  ( 14.35590445068957344, 0.000000000000000000, 0.1662919268571577958 ) ) ;
#33 = ORIENTED_EDGE ( 'NONE', *, *, #1640, .T. ) ;
#34 = EDGE_CURVE ( 'NONE', #5135, #393, #5936, .T. ) ;
#35 = EDGE_CURVE ( 'NONE', #1922, #1898, #2683, .T. ) ;
#36 = CARTESIAN_POINT ( 'NONE',  ( 9.690213652689665835, 1.106465162429382421, -5.408006954961696700 ) ) ;
#37 = ORIENTED_EDGE ( 'NONE', *, *, #3973, .T. ) ;
#38 = CARTESIAN_POINT ( 'NONE',  ( 17.50000000000000711, 0.000000000000000000, -0.2337080731428427260 ) ) ;
#39 = EDGE_CURVE ( 'NONE', #2333, #2818, #5899, .T. ) ;
#40 = ORIENTED_EDGE ( 'NONE', *, *, #5966, .F. ) ;
#41 = EDGE_CURVE ( 'NONE', #821, #4826, #4536, .T. ) ;
#42 = CARTESIAN_POINT ( 'NONE',  ( 11.35590445068956278, 2.000000000000000000, -5.468901542184338993 ) ) ;
#43 = CARTESIAN_POINT ( 'NONE',  ( 16.79749103983272107, 0.3999999999999999667, -2.240753535442232547 ) ) ;
#44 = ORIENTED_EDGE ( 'NONE', *, *, #5013, .T. ) ;
#45 = B_SPLINE_CURVE_WITH_KNOTS ( 'NONE', 3,
 ( #2129, #5903, #1674, #3547, #5448, #4105 ),
 .UNSPECIFIED., .F., .F.,
 ( 4, 2, 4 ),
 ( 1.734723475976807865E-18, 0.001513007688743852122, 0.003026015377487702510 ),
 .UNSPECIFIED. ) ;
#46 = CARTESIAN_POINT ( 'NONE',  ( 0.7468596454174303290, 0.4000000000000000222, -1.000000000000000000 ) ) ;
#47 = ORIENTED_EDGE ( 'NONE', *, *, #3229, .F. ) ;
#48 = DIRECTION ( 'NONE',  ( 0.000000000000000000, -1.000000000000000000, 0.000000000000000000 ) ) ;
#49 = VERTEX_POINT ( 'NONE', #5446 ) ;
#50 = LINE ( 'NONE', #2874, #799 ) ;
#51 = MECHANICAL_DESIGN_GEOMETRIC_PRESENTATION_REPRESENTATION (  '', ( #5667 ), #1236 ) ;
#52 = DIRECTION ( 'NONE',  ( -1.000000000000000000, -0.000000000000000000, -0.000000000000000000 ) ) ;
#53 = LINE ( 'NONE', #5239, #1556 ) ;
#54 = CARTESIAN_POINT ( 'NONE',  ( -1.500000000000000444, 1.000000000000000000, 2.799999999999999822 ) ) ;
#55 = EDGE_LOOP ( 'NONE', ( #5820, #1272, #3938, #5989 ) ) ;
#56 = AXIS2_PLACEMENT_3D ( 'NONE', #553, #2546, #2086 ) ;
#57 = ORIENTED_EDGE ( 'NONE', *, *, #3184, .T. ) ;
#58 = EDGE_CURVE ( 'NONE', #3313, #101, #4571, .T. ) ;
#59 = LINE ( 'NONE', #432, #2899 ) ;
#60 = DIRECTION ( 'NONE',  ( -0.5407162030609422576, 0.5407162030609375947, -0.6444004775717664391 ) ) ;
#61 = CARTESIAN_POINT ( 'NONE',  ( 17.88806557967019373, 0.000000000000000000, -3.000000000000000000 ) ) ;
#62 = EDGE_CURVE ( 'NONE', #3477, #4389, #5099, .T. ) ;
#63 = DIRECTION ( 'NONE',  ( 0.000000000000000000, -1.000000000000000000, 0.000000000000000000 ) ) ;
#64 = ORIENTED_EDGE ( 'NONE', *, *, #3428, .F. ) ;
#65 = LINE ( 'NONE', #5223, #5445 ) ;
#66 = DIRECTION ( 'NONE',  ( -1.000000000000000000, -0.000000000000000000, 1.141265444721583757E-16 ) ) ;
#67 = ADVANCED_FACE ( 'NONE', ( #4975 ), #3111, .F. ) ;
#68 = EDGE_CURVE ( 'NONE', #4948, #1352, #1732, .T. ) ;
#69 = ORIENTED_EDGE ( 'NONE', *, *, #848, .T. ) ;
#70 = LINE ( 'NONE', #5862, #5035 ) ;
#71 = FACE_OUTER_BOUND ( 'NONE', #5257, .T. ) ;
#72 = ORIENTED_EDGE ( 'NONE', *, *, #3980, .T. ) ;
#73 = PLANE ( 'NONE',  #109 ) ;
#74 = EDGE_LOOP ( 'NONE', ( #33, #453, #6082, #1087 ) ) ;
#75 = VECTOR ( 'NONE', #3864, 1000.000000000000000 ) ;
#76 = CARTESIAN_POINT ( 'NONE',  ( 11.85590445068957699, 0.4999999999999978351, -1.000000000000000000 ) ) ;
#77 = ORIENTED_EDGE ( 'NONE', *, *, #3489, .T. ) ;
#78 = AXIS2_PLACEMENT_3D ( 'NONE', #2525, #4008, #3517 ) ;
#79 = FACE_OUTER_BOUND ( 'NONE', #1716, .T. ) ;
#80 = B_SPLINE_CURVE_WITH_KNOTS ( 'NONE', 3,
 ( #2081, #2206, #238, #5855, #1194, #1623 ),
 .UNSPECIFIED., .F., .F.,
 ( 4, 2, 4 ),
 ( 0.000000000000000000, 0.0002695394427320645602, 0.0005390788854641291204 ),
 .UNSPECIFIED. ) ;
#81 = CARTESIAN_POINT ( 'NONE',  ( 10.07060296712639058, 0.000000000000000000, -2.836630331739350641 ) ) ;
#82 = DIRECTION ( 'NONE',  ( -1.000000000000000000, -0.000000000000000000, 1.141265444721583757E-16 ) ) ;
#83 = ORIENTED_EDGE ( 'NONE', *, *, #3762, .T. ) ;
#84 = VECTOR ( 'NONE', #4560, 1000.000000000000000 ) ;
#85 = EDGE_LOOP ( 'NONE', ( #3285, #2110, #4323, #729, #3277 ) ) ;
#86 = DIRECTION ( 'NONE',  ( 1.000000000000000000, -0.000000000000000000, -6.982962677686266711E-15 ) ) ;
#87 = PLANE ( 'NONE',  #3653 ) ;
#88 = CARTESIAN_POINT ( 'NONE',  ( 10.07060296712638170, 1.000000000000000000, -4.040753535442245692 ) ) ;
#89 = DIRECTION ( 'NONE',  ( -0.000000000000000000, -1.000000000000000000, 0.000000000000000000 ) ) ;
#90 = ORIENTED_EDGE ( 'NONE', *, *, #5434, .F. ) ;
#91 = ORIENTED_EDGE ( 'NONE', *, *, #2701, .T. ) ;
#92 = DIRECTION ( 'NONE',  ( -1.000000000000000000, -0.000000000000000000, -0.000000000000000000 ) ) ;
#93 = ORIENTED_EDGE ( 'NONE', *, *, #1526, .F. ) ;
#94 = CARTESIAN_POINT ( 'NONE',  ( 14.35590445068957344, 0.4999999999999978351, -1.000000000000000000 ) ) ;
#95 = EDGE_CURVE ( 'NONE', #5073, #1428, #2220, .T. ) ;
#96 = VERTEX_POINT ( 'NONE', #1671 ) ;
#97 = CARTESIAN_POINT ( 'NONE',  ( -1.500000000000000444, 1.000000000000000000, 2.799999999999999822 ) ) ;
#98 = ORIENTED_EDGE ( 'NONE', *, *, #2849, .T. ) ;
#99 = VERTEX_POINT ( 'NONE', #1326 ) ;
#100 = DIRECTION ( 'NONE',  ( 0.000000000000000000, 0.000000000000000000, 1.000000000000000000 ) ) ;
#101 = VERTEX_POINT ( 'NONE', #3604 ) ;
#102 = CARTESIAN_POINT ( 'NONE',  ( 2.785301483563190850, 0.5351768109448618027, 2.449066664678465788 ) ) ;
#103 = EDGE_CURVE ( 'NONE', #5152, #1918, #2711, .T. ) ;
#104 = PLANE ( 'NONE',  #5249 ) ;
#105 = ORIENTED_EDGE ( 'NONE', *, *, #5132, .F. ) ;
#106 = AXIS2_PLACEMENT_3D ( 'NONE', #4924, #2534, #727 ) ;
#107 = PLANE ( 'NONE',  #5242 ) ;
#108 = VECTOR ( 'NONE', #4261, 1000.000000000000000 ) ;
#109 = AXIS2_PLACEMENT_3D ( 'NONE', #1950, #5721, #4795 ) ;
#110 = CARTESIAN_POINT ( 'NONE',  ( 2.767946656538437633, 1.400000000000000355, -4.852277374311898761 ) ) ;
#111 = DIRECTION ( 'NONE',  ( 0.000000000000000000, -1.000000000000000000, -2.710505431213761085E-16 ) ) ;
#112 = CARTESIAN_POINT ( 'NONE',  ( 11.85590445068958765, 0.000000000000000000, -2.240753535442228106 ) ) ;
#113 = ORIENTED_EDGE ( 'NONE', *, *, #1127, .T. ) ;
#114 = EDGE_CURVE ( 'NONE', #3303, #3586, #5504, .T. ) ;
#115 = VECTOR ( 'NONE', #4023, 1000.000000000000000 ) ;
#116 = EDGE_CURVE ( 'NONE', #2319, #2417, #3635, .T. ) ;
#117 = VECTOR ( 'NONE', #3715, 1000.000000000000000 ) ;
#118 = VERTEX_POINT ( 'NONE', #1265 ) ;
#119 = LINE ( 'NONE', #3872, #5047 ) ;
#120 = DIRECTION ( 'NONE',  ( 0.000000000000000000, 0.000000000000000000, -1.000000000000000000 ) ) ;
#121 = CARTESIAN_POINT ( 'NONE',  ( 18.64120593425276695, 1.000000000000000000, -1.000000000000000000 ) ) ;
#122 = VECTOR ( 'NONE', #4958, 1000.000000000000000 ) ;
#123 = DIRECTION ( 'NONE',  ( 0.000000000000000000, 1.000000000000000000, 0.000000000000000000 ) ) ;
#124 = ORIENTED_EDGE ( 'NONE', *, *, #5570, .T. ) ;
#125 = ORIENTED_EDGE ( 'NONE', *, *, #5513, .T. ) ;
#126 = LINE ( 'NONE', #215, #5791 ) ;
#127 = VERTEX_POINT ( 'NONE', #5034 ) ;
#128 = CARTESIAN_POINT ( 'NONE',  ( 11.35590445068958587, 0.4999999999999978351, -2.240753535442224553 ) ) ;
#129 = VECTOR ( 'NONE', #5836, 1000.000000000000000 ) ;
#130 = ORIENTED_EDGE ( 'NONE', *, *, #3965, .T. ) ;
#131 = ADVANCED_FACE ( 'NONE', ( #4505 ), #2737, .F. ) ;
#132 = LINE ( 'NONE', #3885, #3707 ) ;
#133 = ORIENTED_EDGE ( 'NONE', *, *, #5119, .F. ) ;
#134 = CARTESIAN_POINT ( 'NONE',  ( 18.64120593425276695, 0.5351768109448615807, 2.449066664678466232 ) ) ;
#135 = DIRECTION ( 'NONE',  ( -0.000000000000000000, -0.000000000000000000, 1.000000000000000000 ) ) ;
#136 = ORIENTED_EDGE ( 'NONE', *, *, #5769, .T. ) ;
#137 = FACE_OUTER_BOUND ( 'NONE', #4014, .T. ) ;
#138 = CARTESIAN_POINT ( 'NONE',  ( 4.850224601811611080, 1.108503113383854322, -5.505581804970431925 ) ) ;
#139 = CARTESIAN_POINT ( 'NONE',  ( 15.64120593425277761, 0.3999999999999999667, -2.240753535442224553 ) ) ;
#140 = CARTESIAN_POINT ( 'NONE',  ( 8.570602967126381699, 1.000000000000000000, -0.4041232037028948954 ) ) ;
#141 = ORIENTED_EDGE ( 'NONE', *, *, #3314, .F. ) ;
#142 = EDGE_CURVE ( 'NONE', #3586, #2445, #2156, .T. ) ;
#143 = ADVANCED_FACE ( 'NONE', ( #4131 ), #6022, .F. ) ;
#144 = ORIENTED_EDGE ( 'NONE', *, *, #370, .T. ) ;
#145 = LINE ( 'NONE', #2667, #3057 ) ;
#146 = LINE ( 'NONE', #5854, #498 ) ;
#147 = DIRECTION ( 'NONE',  ( 0.000000000000000000, 0.000000000000000000, -1.000000000000000000 ) ) ;
#148 = EDGE_CURVE ( 'NONE', #4125, #227, #5006, .T. ) ;
#149 = VECTOR ( 'NONE', #5707, 1000.000000000000000 ) ;
#150 = EDGE_CURVE ( 'NONE', #3917, #4254, #5621, .T. ) ;
#151 = DIRECTION ( 'NONE',  ( 0.000000000000000000, 3.577867169202164632E-15, 1.000000000000000000 ) ) ;
#152 = EDGE_LOOP ( 'NONE', ( #182, #2777, #3882, #5950 ) ) ;
#153 = DIRECTION ( 'NONE',  ( 0.000000000000000000, 1.000000000000000000, 0.000000000000000000 ) ) ;
#154 = ORIENTED_EDGE ( 'NONE', *, *, #1421, .F. ) ;
#155 = EDGE_LOOP ( 'NONE', ( #1604, #235, #915, #4134, #5818, #1138, #3826, #2003, #5205, #4763, #2571, #616 ) ) ;
#156 = DIRECTION ( 'NONE',  ( -7.097089222158424864E-15, 0.000000000000000000, -1.000000000000000000 ) ) ;
#157 = ORIENTED_EDGE ( 'NONE', *, *, #5078, .F. ) ;
#158 = VERTEX_POINT ( 'NONE', #494 ) ;
#159 = DIRECTION ( 'NONE',  ( 1.000000000000000000, 0.000000000000000000, -6.982962677686266711E-15 ) ) ;
#160 = ORIENTED_EDGE ( 'NONE', *, *, #1273, .T. ) ;
#161 = CARTESIAN_POINT ( 'NONE',  ( 1.061438981621044109, 0.5614389816210439976, -0.9267798729277888503 ) ) ;
#162 = DIRECTION ( 'NONE',  ( -0.7660444431189766812, 0.000000000000000000, 0.6427876096865409172 ) ) ;
#163 = EDGE_LOOP ( 'NONE', ( #3736, #2510, #360, #811 ) ) ;
#164 = FACE_OUTER_BOUND ( 'NONE', #5312, .T. ) ;
#165 = AXIS2_PLACEMENT_3D ( 'NONE', #2447, #5878, #690 ) ;
#166 = CARTESIAN_POINT ( 'NONE',  ( 7.070602967126382588, 1.000000000000000000, -0.4041232037028949509 ) ) ;
#167 = LINE ( 'NONE', #2384, #3429 ) ;
#168 = DIRECTION ( 'NONE',  ( 1.000000000000000000, -0.000000000000000000, 0.000000000000000000 ) ) ;
#169 = VERTEX_POINT ( 'NONE', #3815 ) ;
#170 = EDGE_CURVE ( 'NONE', #5527, #2872, #463, .T. ) ;
#171 = VECTOR ( 'NONE', #1765, 1000.000000000000114 ) ;
#172 = ORIENTED_EDGE ( 'NONE', *, *, #3103, .T. ) ;
#173 = CARTESIAN_POINT ( 'NONE',  ( 18.64120593425276695, 1.000000000000000000, 0.8999999999999916955 ) ) ;
#174 = DIRECTION ( 'NONE',  ( 0.000000000000000000, -1.000000000000000000, 0.000000000000000000 ) ) ;
#175 = CARTESIAN_POINT ( 'NONE',  ( 18.64120593425277406, 1.000000000000000000, -2.836630331739350641 ) ) ;
#176 = VECTOR ( 'NONE', #5220, 1000.000000000000000 ) ;
#177 = EDGE_CURVE ( 'NONE', #4374, #1652, #5869, .T. ) ;
#178 = DIRECTION ( 'NONE',  ( -0.000000000000000000, -1.000000000000000000, 0.000000000000000000 ) ) ;
#179 = EDGE_CURVE ( 'NONE', #5645, #478, #949, .T. ) ;
#180 = LINE ( 'NONE', #209, #743 ) ;
#181 = ORIENTED_EDGE ( 'NONE', *, *, #3492, .T. ) ;
#182 = ORIENTED_EDGE ( 'NONE', *, *, #292, .F. ) ;
#183 = FACE_OUTER_BOUND ( 'NONE', #5407, .T. ) ;
#184 = PLANE ( 'NONE',  #1410 ) ;
#185 = ORIENTED_EDGE ( 'NONE', *, *, #880, .T. ) ;
#186 = ORIENTED_EDGE ( 'NONE', *, *, #2509, .F. ) ;
#187 = LINE ( 'NONE', #1607, #5695 ) ;
#188 = ORIENTED_EDGE ( 'NONE', *, *, #337, .F. ) ;
#189 = DIRECTION ( 'NONE',  ( 1.000000000000000000, 0.000000000000000000, -6.982962677686266711E-15 ) ) ;
#190 = CARTESIAN_POINT ( 'NONE',  ( 5.317390369801144878, 0.5320888862379536954, -0.9617579545435693822 ) ) ;
#191 = ORIENTED_EDGE ( 'NONE', *, *, #3213, .T. ) ;
#192 = DIRECTION ( 'NONE',  ( 0.000000000000000000, -1.000000000000000000, 0.000000000000000000 ) ) ;
#193 = LINE ( 'NONE', #2073, #3415 ) ;
#194 = DIRECTION ( 'NONE',  ( 1.000000000000000000, -0.000000000000000000, -6.982962677686266711E-15 ) ) ;
#195 = CARTESIAN_POINT ( 'NONE',  ( -1.500000000000000222, 0.06443263463840748217, 0.1149657687835883013 ) ) ;
#196 = ORIENTED_EDGE ( 'NONE', *, *, #1846, .T. ) ;
#197 = CIRCLE ( 'NONE', #3244, 2.000000000000000000 ) ;
#198 = ORIENTED_EDGE ( 'NONE', *, *, #4927, .T. ) ;
#199 = VECTOR ( 'NONE', #232, 1000.000000000000000 ) ;
#200 = CARTESIAN_POINT ( 'NONE',  ( 11.35590445068957344, 1.000000000000000000, 0.3238172648295121747 ) ) ;
#201 = FACE_OUTER_BOUND ( 'NONE', #719, .T. ) ;
#202 = EDGE_CURVE ( 'NONE', #4317, #635, #405, .T. ) ;
#203 = CARTESIAN_POINT ( 'NONE',  ( 15.64120593425276340, 0.4000000000000000222, -0.2337080731428423930 ) ) ;
#204 = VECTOR ( 'NONE', #4016, 1000.000000000000000 ) ;
#205 = CARTESIAN_POINT ( 'NONE',  ( 8.226888072706337596, 0.000000000000000000, -2.240753535442232547 ) ) ;
#206 = VECTOR ( 'NONE', #826, 1000.000000000000000 ) ;
#207 = AXIS2_PLACEMENT_3D ( 'NONE', #5955, #3071, #5492 ) ;
#208 = FACE_OUTER_BOUND ( 'NONE', #995, .T. ) ;
#209 = CARTESIAN_POINT ( 'NONE',  ( 15.64120593425276340, 0.000000000000000000, 0.1662919268571576847 ) ) ;
#210 = EDGE_CURVE ( 'NONE', #5600, #5732, #2366, .T. ) ;
#211 = ORIENTED_EDGE ( 'NONE', *, *, #5520, .T. ) ;
#212 = VECTOR ( 'NONE', #4079, 1000.000000000000000 ) ;
#213 = CARTESIAN_POINT ( 'NONE',  ( 17.14120593425276340, 0.5320888862379536954, -0.9617579545435694932 ) ) ;
#214 = ORIENTED_EDGE ( 'NONE', *, *, #3641, .F. ) ;
#215 = CARTESIAN_POINT ( 'NONE',  ( 17.88806557967019373, 0.000000000000000000, -1.000000000000000000 ) ) ;
#216 = MANIFOLD_SOLID_BREP ( '\X2\51f853f0\X0\-\X2\62c94f38\X0\2', #4880 ) ;
#217 = ORIENTED_EDGE ( 'NONE', *, *, #5056, .T. ) ;
#218 = FACE_BOUND ( 'NONE', #4022, .T. ) ;
#219 = ADVANCED_FACE ( 'NONE', ( #1012 ), #1471, .T. ) ;
#220 = EDGE_CURVE ( 'NONE', #1637, #1826, #6054, .T. ) ;
#221 = ORIENTED_EDGE ( 'NONE', *, *, #4865, .F. ) ;
#222 = ORIENTED_EDGE ( 'NONE', *, *, #2656, .F. ) ;
#223 = LINE ( 'NONE', #4410, #3219 ) ;
#224 = EDGE_LOOP ( 'NONE', ( #3793, #927, #1565, #710 ) ) ;
#225 = DIRECTION ( 'NONE',  ( 6.868836133214108557E-15, 0.000000000000000000, 1.000000000000000000 ) ) ;
#226 = LINE ( 'NONE', #722, #4250 ) ;
#227 = VERTEX_POINT ( 'NONE', #892 ) ;
#228 = VECTOR ( 'NONE', #4318, 1000.000000000000000 ) ;
#229 = ADVANCED_FACE ( 'NONE', ( #2768 ), #2793, .F. ) ;
#230 = LINE ( 'NONE', #1712, #986 ) ;
#231 = CARTESIAN_POINT ( 'NONE',  ( 7.070602967126385252, 0.000000000000000000, -3.407045462299396199 ) ) ;
#232 = DIRECTION ( 'NONE',  ( -1.000000000000000000, -0.000000000000000000, -0.000000000000000000 ) ) ;
#233 = CARTESIAN_POINT ( 'NONE',  ( 13.85590445068957166, 0.000000000000000000, -1.000000000000000000 ) ) ;
#234 = ORIENTED_EDGE ( 'NONE', *, *, #566, .F. ) ;
#235 = ORIENTED_EDGE ( 'NONE', *, *, #457, .F. ) ;
#236 = DIRECTION ( 'NONE',  ( 0.000000000000000000, 1.000000000000000000, 0.000000000000000000 ) ) ;
#237 = CARTESIAN_POINT ( 'NONE',  ( 9.317462612543812028, 0.000000000000000000, -1.000000000000000000 ) ) ;
#238 = CARTESIAN_POINT ( 'NONE',  ( 14.35590445068956988, 1.267235759035803211, -5.187091293331778985 ) ) ;
#239 = ORIENTED_EDGE ( 'NONE', *, *, #424, .F. ) ;
#240 = DIRECTION ( 'NONE',  ( -1.355252715606880543E-16, -1.000000000000000000, 0.000000000000000000 ) ) ;
#241 = EDGE_CURVE ( 'NONE', #3275, #539, #4724, .T. ) ;
#242 = CARTESIAN_POINT ( 'NONE',  ( -1.500000000000009326, 1.103464568314089123, -5.267165293036052631 ) ) ;
#243 = DIRECTION ( 'NONE',  ( 1.000000000000000000, -0.000000000000000000, 0.000000000000000000 ) ) ;
#244 = EDGE_LOOP ( 'NONE', ( #3041, #2557, #3143, #4493 ) ) ;
#245 = ORIENTED_EDGE ( 'NONE', *, *, #5900, .T. ) ;
#246 = CARTESIAN_POINT ( 'NONE',  ( -0.3437148944200444922, 0.000000000000000000, -3.000000000000000000 ) ) ;
#247 = CARTESIAN_POINT ( 'NONE',  ( 7.070602967126382588, 0.8628211600346445964, -0.4041232037028950064 ) ) ;
#248 = VECTOR ( 'NONE', #3172, 1000.000000000000000 ) ;
#249 = DIRECTION ( 'NONE',  ( 0.000000000000000000, -1.000000000000000000, 0.000000000000000000 ) ) ;
#250 = EDGE_CURVE ( 'NONE', #2835, #49, #1851, .T. ) ;
#251 = AXIS2_PLACEMENT_3D ( 'NONE', #2882, #5822, #3442 ) ;
#252 = DIRECTION ( 'NONE',  ( 0.000000000000000000, 1.000000000000000000, 0.000000000000000000 ) ) ;
#253 = ORIENTED_EDGE ( 'NONE', *, *, #925, .F. ) ;
#254 = VERTEX_POINT ( 'NONE', #977 ) ;
#255 = LINE ( 'NONE', #3947, #5302 ) ;
#256 = ORIENTED_EDGE ( 'NONE', *, *, #3530, .T. ) ;
#257 = CARTESIAN_POINT ( 'NONE',  ( 2.785301483563190850, 1.499358225474672235, 1.300000000000000044 ) ) ;
#258 = ADVANCED_FACE ( 'NONE', ( #2857 ), #4756, .F. ) ;
#259 = DIRECTION ( 'NONE',  ( 0.000000000000000000, 0.000000000000000000, -1.000000000000000000 ) ) ;
#260 = ORIENTED_EDGE ( 'NONE', *, *, #3836, .T. ) ;
#261 = EDGE_CURVE ( 'NONE', #1112, #2481, #2455, .T. ) ;
#262 = CARTESIAN_POINT ( 'NONE',  ( 10.07060296712637282, 1.372613645930301551, -5.038802382218242393 ) ) ;
#263 = CARTESIAN_POINT ( 'NONE',  ( 10.07060296712638170, 1.000000000000000000, -4.040753535442245692 ) ) ;
#264 = FACE_OUTER_BOUND ( 'NONE', #5274, .T. ) ;
#265 = CARTESIAN_POINT ( 'NONE',  ( 11.35590445068958054, 0.4000000000000000222, -3.007045462299396732 ) ) ;
#266 = ORIENTED_EDGE ( 'NONE', *, *, #4295, .F. ) ;
#267 = ORIENTED_EDGE ( 'NONE', *, *, #816, .T. ) ;
#268 = VECTOR ( 'NONE', #3399, 1000.000000000000000 ) ;
#269 = CARTESIAN_POINT ( 'NONE',  ( 7.070602967126394134, 1.000000000000000000, -2.240753535442224553 ) ) ;
#270 = DIRECTION ( 'NONE',  ( 0.000000000000000000, -1.000000000000000000, -2.710505431213761085E-16 ) ) ;
#271 = DIRECTION ( 'NONE',  ( 0.000000000000000000, 0.000000000000000000, 1.000000000000000000 ) ) ;
#272 = VERTEX_POINT ( 'NONE', #4311 ) ;
#273 = FACE_OUTER_BOUND ( 'NONE', #2184, .T. ) ;
#274 = VECTOR ( 'NONE', #2491, 1000.000000000000000 ) ;
#275 = DIRECTION ( 'NONE',  ( -1.000000000000000000, 1.355252715606880543E-16, 0.000000000000000000 ) ) ;
#276 = CARTESIAN_POINT ( 'NONE',  ( 12.11218955626952898, 0.000000000000000000, -3.000000000000000000 ) ) ;
#277 = ORIENTED_EDGE ( 'NONE', *, *, #2094, .F. ) ;
#278 = AXIS2_PLACEMENT_3D ( 'NONE', #4026, #1164, #4526 ) ;
#279 = CARTESIAN_POINT ( 'NONE',  ( 10.07060296712637637, 3.272523262990679971, -4.655877423168258922 ) ) ;
#280 = LINE ( 'NONE', #2154, #960 ) ;
#281 = LINE ( 'NONE', #4472, #5362 ) ;
#282 = AXIS2_PLACEMENT_3D ( 'NONE', #515, #543, #1032 ) ;
#283 = DIRECTION ( 'NONE',  ( -3.093406186374441444E-32, -1.000000000000000000, -2.710505431213761085E-16 ) ) ;
#284 = ORIENTED_EDGE ( 'NONE', *, *, #708, .F. ) ;
#285 = ORIENTED_EDGE ( 'NONE', *, *, #1208, .T. ) ;
#286 = DIRECTION ( 'NONE',  ( 1.000000000000000000, -0.000000000000000000, -0.000000000000000000 ) ) ;
#287 = EDGE_CURVE ( 'NONE', #3630, #5585, #673, .T. ) ;
#288 = CARTESIAN_POINT ( 'NONE',  ( 10.07060296712639413, 0.3999999999999999667, -2.240753535442245425 ) ) ;
#289 = CARTESIAN_POINT ( 'NONE',  ( 13.85590445068957166, 0.000000000000000000, -1.000000000000000000 ) ) ;
#290 = ORIENTED_EDGE ( 'NONE', *, *, #1867, .T. ) ;
#291 = CARTESIAN_POINT ( 'NONE',  ( 1.499999999999988898, 1.115317123975225755, -5.263829606655360038 ) ) ;
#292 = EDGE_CURVE ( 'NONE', #5673, #3917, #180, .T. ) ;
#293 = DIRECTION ( 'NONE',  ( 0.000000000000000000, 0.6427876096865402511, -0.7660444431189772363 ) ) ;
#294 = DIRECTION ( 'NONE',  ( -0.000000000000000000, -0.000000000000000000, 1.000000000000000000 ) ) ;
#295 = VERTEX_POINT ( 'NONE', #5406 ) ;
#296 = VERTEX_POINT ( 'NONE', #5345 ) ;
#297 = CARTESIAN_POINT ( 'NONE',  ( 17.50000000000000711, 0.000000000000000000, -3.407045462299397531 ) ) ;
#298 = FACE_OUTER_BOUND ( 'NONE', #1126, .T. ) ;
#299 = ADVANCED_FACE ( 'NONE', ( #3476 ), #2050, .F. ) ;
#300 = LINE ( 'NONE', #5060, #5216 ) ;
#301 = PLANE ( 'NONE',  #5635 ) ;
#302 = EDGE_CURVE ( 'NONE', #2648, #3168, #1105, .T. ) ;
#303 = VECTOR ( 'NONE', #5259, 1000.000000000000000 ) ;
#304 = AXIS2_PLACEMENT_3D ( 'NONE', #3093, #4987, #4705 ) ;
#305 = CARTESIAN_POINT ( 'NONE',  ( -1.500000000000011546, 1.399999999999999467, -4.949661896593934074 ) ) ;
#306 = EDGE_CURVE ( 'NONE', #5689, #2253, #4604, .T. ) ;
#307 = CARTESIAN_POINT ( 'NONE',  ( 10.07060296712637637, 1.399999999999999911, -4.858578065624948650 ) ) ;
#308 = VECTOR ( 'NONE', #4452, 1000.000000000000000 ) ;
#309 = ORIENTED_EDGE ( 'NONE', *, *, #5913, .T. ) ;
#310 = VERTEX_POINT ( 'NONE', #642 ) ;
#311 = LINE ( 'NONE', #402, #1878 ) ;
#312 = LINE ( 'NONE', #4071, #4407 ) ;
#313 = AXIS2_PLACEMENT_3D ( 'NONE', #6045, #3744, #426 ) ;
#314 = VECTOR ( 'NONE', #2700, 1000.000000000000000 ) ;
#315 = CARTESIAN_POINT ( 'NONE',  ( 1.329596140492041112, 0.7834631812238955773, -0.6072026154634229123 ) ) ;
#316 = VECTOR ( 'NONE', #965, 1000.000000000000000 ) ;
#317 = DIRECTION ( 'NONE',  ( 0.5407162030609332648, 0.5407162030609377057, -0.6444004775717739886 ) ) ;
#318 = ORIENTED_EDGE ( 'NONE', *, *, #2021, .F. ) ;
#319 = VERTEX_POINT ( 'NONE', #614 ) ;
#320 = DIRECTION ( 'NONE',  ( 0.000000000000000000, -1.000000000000000000, 0.000000000000000000 ) ) ;
#321 = ORIENTED_EDGE ( 'NONE', *, *, #1799, .T. ) ;
#322 = CARTESIAN_POINT ( 'NONE',  ( 9.317462612543812028, 0.4000000000000000222, -3.000000000000000000 ) ) ;
#323 = AXIS2_PLACEMENT_3D ( 'NONE', #4258, #1077, #1478 ) ;
#324 = CARTESIAN_POINT ( 'NONE',  ( 12.11218955626952898, 0.000000000000000000, -3.000000000000000000 ) ) ;
#325 = ORIENTED_EDGE ( 'NONE', *, *, #5201, .F. ) ;
#326 = EDGE_CURVE ( 'NONE', #1974, #1536, #1505, .T. ) ;
#327 = CARTESIAN_POINT ( 'NONE',  ( 2.785301483563191738, 0.4000000000000000222, 0.1662919268571557696 ) ) ;
#328 = FACE_OUTER_BOUND ( 'NONE', #4792, .T. ) ;
#329 = CARTESIAN_POINT ( 'NONE',  ( 17.48806557967019515, 0.4000000000000000222, -3.000000000000000000 ) ) ;
#330 = DIRECTION ( 'NONE',  ( 0.000000000000000000, 1.000000000000000000, 0.000000000000000000 ) ) ;
#331 = ORIENTED_EDGE ( 'NONE', *, *, #1613, .F. ) ;
#332 = VECTOR ( 'NONE', #1470, 1000.000000000000000 ) ;
#333 = LINE ( 'NONE', #269, #2365 ) ;
#334 = CARTESIAN_POINT ( 'NONE',  ( 11.35590445068957166, 1.000000000000000000, 2.799999999999999822 ) ) ;
#335 = DIRECTION ( 'NONE',  ( -1.000000000000000000, -0.000000000000000000, 1.141265444721583757E-16 ) ) ;
#336 = DIRECTION ( 'NONE',  ( -1.000000000000000000, 1.355252715606880543E-16, 0.000000000000000000 ) ) ;
#337 = EDGE_CURVE ( 'NONE', #3283, #4457, #2598, .T. ) ;
#338 = LINE ( 'NONE', #4030, #4611 ) ;
#339 = CARTESIAN_POINT ( 'NONE',  ( 18.64120593425275985, 3.272523262990679971, -4.655877423168258922 ) ) ;
#340 = ORIENTED_EDGE ( 'NONE', *, *, #4865, .T. ) ;
#341 = EDGE_LOOP ( 'NONE', ( #5209, #1507, #5792, #4926 ) ) ;
#342 = CARTESIAN_POINT ( 'NONE',  ( 10.07060296712638348, 1.499358225474672235, 1.300000000000000044 ) ) ;
#343 = FACE_OUTER_BOUND ( 'NONE', #413, .T. ) ;
#344 = FACE_OUTER_BOUND ( 'NONE', #2088, .T. ) ;
#345 = EDGE_CURVE ( 'NONE', #3495, #4213, #583, .T. ) ;
#346 = DIRECTION ( 'NONE',  ( -6.868836133214109346E-15, 0.000000000000000000, -1.000000000000000000 ) ) ;
#347 = VECTOR ( 'NONE', #3666, 1000.000000000000000 ) ;
#348 = ORIENTED_EDGE ( 'NONE', *, *, #345, .F. ) ;
#349 = ORIENTED_EDGE ( 'NONE', *, *, #1572, .T. ) ;
#350 = CARTESIAN_POINT ( 'NONE',  ( 7.070602967126381699, 2.072578233334808395, 1.800000000000000044 ) ) ;
#351 = ORIENTED_EDGE ( 'NONE', *, *, #942, .F. ) ;
#352 = CARTESIAN_POINT ( 'NONE',  ( 16.62401691047675811, 1.115317123975225533, -5.586343894839114199 ) ) ;
#353 = LINE ( 'NONE', #5624, #4754 ) ;
#354 = VERTEX_POINT ( 'NONE', #5374 ) ;
#355 = VECTOR ( 'NONE', #5926, 1000.000000000000000 ) ;
#356 = CARTESIAN_POINT ( 'NONE',  ( 0.5649231182489121705, 1.108503113383854100, -5.505581804970431037 ) ) ;
#357 = LINE ( 'NONE', #3092, #763 ) ;
#358 = PLANE ( 'NONE',  #3056 ) ;
#359 = DIRECTION ( 'NONE',  ( 1.000000000000000000, -0.000000000000000000, 0.000000000000000000 ) ) ;
#360 = ORIENTED_EDGE ( 'NONE', *, *, #5013, .F. ) ;
#361 = CARTESIAN_POINT ( 'NONE',  ( 18.64120593425277761, 1.000000000000000000, -2.240753535442245425 ) ) ;
#362 = DIRECTION ( 'NONE',  ( 1.141265444721583757E-16, -2.710505431213761085E-16, 1.000000000000000000 ) ) ;
#363 = LINE ( 'NONE', #6012, #2633 ) ;
#364 = PLANE ( 'NONE',  #1294 ) ;
#365 = EDGE_CURVE ( 'NONE', #272, #1872, #4884, .T. ) ;
#366 = ORIENTED_EDGE ( 'NONE', *, *, #2398, .F. ) ;
#367 = DIRECTION ( 'NONE',  ( -0.5407162030609378167, 0.5407162030609377057, 0.6444004775717702138 ) ) ;
#368 = ORIENTED_EDGE ( 'NONE', *, *, #4276, .F. ) ;
#369 = ORIENTED_EDGE ( 'NONE', *, *, #1599, .T. ) ;
#370 = EDGE_CURVE ( 'NONE', #609, #5044, #1135, .T. ) ;
#371 = LINE ( 'NONE', #1667, #3551 ) ;
#372 = CARTESIAN_POINT ( 'NONE',  ( 7.070602967126371929, 2.000000000000000000, -5.468901542184338993 ) ) ;
#373 = ADVANCED_FACE ( 'NONE', ( #3388 ), #4905, .F. ) ;
#374 =( BOUNDED_SURFACE ( )  B_SPLINE_SURFACE ( 3, 2, ( 
 ( #1842, #4187, #1439 ),
 ( #3318, #6076, #3721 ),
 ( #5615, #400, #4158 ),
 ( #6049, #3688, #1814 ),
 ( #1351, #3221, #5122 ),
 ( #4899, #3897, #1559 ) ),
 .UNSPECIFIED., .F., .F., .F. ) 
 B_SPLINE_SURFACE_WITH_KNOTS ( ( 4, 2, 4 ),
 ( 3, 3 ),
 ( 0.001360458961287221635, 0.002901564996485919527, 0.004442671031684617203 ),
 ( 0.000000000000000000, 1.000000000000000000 ),
 .UNSPECIFIED. ) 
 GEOMETRIC_REPRESENTATION_ITEM ( )  RATIONAL_B_SPLINE_SURFACE ( (
 ( 1.000000000000000000, 0.7924374031725291978, 1.000000000000000000),
 ( 1.000000000000000000, 0.7956711654295673952, 1.000000000000000000),
 ( 1.000000000000000000, 0.7972631388398050412, 1.000000000000000000),
 ( 1.000000000000000000, 0.7972633761834646560, 1.000000000000000000),
 ( 1.000000000000000000, 0.7956584909370887360, 1.000000000000000000),
 ( 1.000000000000000000, 0.7924371217378710641, 1.000000000000000000) ) ) 
 REPRESENTATION_ITEM ( '' )  SURFACE ( )  );
#375 = VECTOR ( 'NONE', #2469, 1000.000000000000000 ) ;
#376 = CARTESIAN_POINT ( 'NONE',  ( 15.64120593425277761, 0.000000000000000000, -2.240753535442224553 ) ) ;
#377 = AXIS2_PLACEMENT_3D ( 'NONE', #1206, #1262, #833 ) ;
#378 = DIRECTION ( 'NONE',  ( 0.000000000000000000, -0.000000000000000000, -1.000000000000000000 ) ) ;
#379 = ORIENTED_EDGE ( 'NONE', *, *, #1465, .T. ) ;
#380 = ORIENTED_EDGE ( 'NONE', *, *, #996, .T. ) ;
#381 = CARTESIAN_POINT ( 'NONE',  ( -1.500000000000000444, 2.072578233334808395, 1.800000000000000044 ) ) ;
#382 = EDGE_CURVE ( 'NONE', #5775, #5861, #2425, .T. ) ;
#383 = LINE ( 'NONE', #813, #414 ) ;
#384 = VECTOR ( 'NONE', #3287, 1000.000000000000000 ) ;
#385 = CYLINDRICAL_SURFACE ( 'NONE', #1296, 2.000000000000000000 ) ;
#386 = ORIENTED_EDGE ( 'NONE', *, *, #3314, .T. ) ;
#387 = ORIENTED_EDGE ( 'NONE', *, *, #4755, .T. ) ;
#388 = CARTESIAN_POINT ( 'NONE',  ( 0.5197135088584375895, 1.400000000000000355, -5.120578528970613164 ) ) ;
#389 = CARTESIAN_POINT ( 'NONE',  ( 2.785301483563202840, 1.000000000000000000, -2.240753535442224553 ) ) ;
#390 = ORIENTED_EDGE ( 'NONE', *, *, #5963, .F. ) ;
#391 = DIRECTION ( 'NONE',  ( 1.000000000000000000, -0.000000000000000000, -1.141265444721583757E-16 ) ) ;
#392 = CARTESIAN_POINT ( 'NONE',  ( 7.070602967126382588, 0.4000000000000000222, 0.1662919268571586562 ) ) ;
#393 = VERTEX_POINT ( 'NONE', #5281 ) ;
#394 = CARTESIAN_POINT ( 'NONE',  ( 18.64120593425275985, 1.399999999999999689, -4.612012738139092072 ) ) ;
#395 = LINE ( 'NONE', #5148, #3454 ) ;
#396 = CARTESIAN_POINT ( 'NONE',  ( 17.88806557967019373, 0.4000000000000000222, -3.000000000000000000 ) ) ;
#397 = CARTESIAN_POINT ( 'NONE',  ( 18.64120593425275985, 1.400000000000041211, -4.949634213632581492 ) ) ;
#398 = ORIENTED_EDGE ( 'NONE', *, *, #3037, .T. ) ;
#399 = EDGE_CURVE ( 'NONE', #1477, #2983, #5859, .T. ) ;
#400 = CARTESIAN_POINT ( 'NONE',  ( 12.30052079891518879, 1.399999999999831823, -5.423416779412474575 ) ) ;
#401 = ORIENTED_EDGE ( 'NONE', *, *, #3197, .T. ) ;
#402 = CARTESIAN_POINT ( 'NONE',  ( 18.64120593425276695, 0.4999999999999978351, -1.000000000000000000 ) ) ;
#403 = CARTESIAN_POINT ( 'NONE',  ( 17.14120593425276695, 1.399999999999999911, -3.240753535442235211 ) ) ;
#404 = CARTESIAN_POINT ( 'NONE',  ( 9.602691853364335728, 0.5320888862379536954, -0.9617579545435693822 ) ) ;
#405 = LINE ( 'NONE', #4280, #541 ) ;
#406 = VECTOR ( 'NONE', #5498, 1000.000000000000000 ) ;
#407 = CIRCLE ( 'NONE', #1973, 1.500000000000000000 ) ;
#408 = LINE ( 'NONE', #5537, #171 ) ;
#409 = FACE_OUTER_BOUND ( 'NONE', #1859, .T. ) ;
#410 = AXIS2_PLACEMENT_3D ( 'NONE', #4681, #1370, #1314 ) ;
#411 = B_SPLINE_CURVE_WITH_KNOTS ( 'NONE', 3,
 ( #2681, #4940, #3170, #4001, #803, #3632 ),
 .UNSPECIFIED., .F., .F.,
 ( 4, 2, 4 ),
 ( 0.000000000000000000, 0.0002694863184573001772, 0.0005389726369146003544 ),
 .UNSPECIFIED. ) ;
#412 = CARTESIAN_POINT ( 'NONE',  ( 17.88806557967019373, 0.4000000000000000222, -2.240753535442239208 ) ) ;
#413 = EDGE_LOOP ( 'NONE', ( #5139, #144, #837, #415, #44, #5185, #2120, #2185, #4998 ) ) ;
#414 = VECTOR ( 'NONE', #3730, 1000.000000000000114 ) ;
#415 = ORIENTED_EDGE ( 'NONE', *, *, #3710, .F. ) ;
#416 = ORIENTED_EDGE ( 'NONE', *, *, #5091, .F. ) ;
#417 = CARTESIAN_POINT ( 'NONE',  ( 2.785301483563181968, 1.103464568314089123, -5.267165293036052631 ) ) ;
#418 = AXIS2_PLACEMENT_3D ( 'NONE', #4296, #1119, #4861 ) ;
#419 = LINE ( 'NONE', #389, #5785 ) ;
#420 = ORIENTED_EDGE ( 'NONE', *, *, #1705, .T. ) ;
#421 = CARTESIAN_POINT ( 'NONE',  ( 13.60276409610700377, 0.000000000000000000, -3.000000000000000000 ) ) ;
#422 = CARTESIAN_POINT ( 'NONE',  ( 7.070602967126373706, 1.103464568314089123, -5.267165293036052631 ) ) ;
#423 = VERTEX_POINT ( 'NONE', #1629 ) ;
#424 = EDGE_CURVE ( 'NONE', #3204, #1543, #2915, .T. ) ;
#425 = CARTESIAN_POINT ( 'NONE',  ( 0.3468596454174303623, 0.000000000000000000, -1.000000000000000000 ) ) ;
#426 = DIRECTION ( 'NONE',  ( 0.000000000000000000, -0.000000000000000000, -1.000000000000000000 ) ) ;
#427 = CARTESIAN_POINT ( 'NONE',  ( 7.070602967126376370, 1.399999999999999911, -4.858572962426980446 ) ) ;
#428 = CARTESIAN_POINT ( 'NONE',  ( 7.070602967126381699, 2.000000000000000000, 2.799999999999999822 ) ) ;
#429 = AXIS2_PLACEMENT_3D ( 'NONE', #1731, #2249, #4129 ) ;
#430 = VERTEX_POINT ( 'NONE', #1998 ) ;
#431 = AXIS2_PLACEMENT_3D ( 'NONE', #4664, #5159, #3665 ) ;
#432 = CARTESIAN_POINT ( 'NONE',  ( -1.061438981621032562, 0.5614389816210439976, -2.313973662514438256 ) ) ;
#433 = EDGE_LOOP ( 'NONE', ( #2, #5742, #536, #1438 ) ) ;
#434 = DIRECTION ( 'NONE',  ( 0.000000000000000000, -1.000000000000000000, 0.000000000000000000 ) ) ;
#435 = CARTESIAN_POINT ( 'NONE',  ( 2.785301483563202840, 1.399999999999999911, -2.240753535442224553 ) ) ;
#436 = DIRECTION ( 'NONE',  ( 0.6427876096865409172, -0.000000000000000000, -0.7660444431189766812 ) ) ;
#437 = FILL_AREA_STYLE_COLOUR ( '', #5575 ) ;
#438 = ORIENTED_EDGE ( 'NONE', *, *, #3934, .F. ) ;
#439 = FACE_OUTER_BOUND ( 'NONE', #1677, .T. ) ;
#440 = FACE_OUTER_BOUND ( 'NONE', #155, .T. ) ;
#441 = EDGE_CURVE ( 'NONE', #3501, #922, #1534, .T. ) ;
#442 = ORIENTED_EDGE ( 'NONE', *, *, #3480, .F. ) ;
#443 = VERTEX_POINT ( 'NONE', #1258 ) ;
#444 = DIRECTION ( 'NONE',  ( -0.000000000000000000, -1.000000000000000000, 0.000000000000000000 ) ) ;
#445 = ADVANCED_FACE ( 'NONE', ( #1201 ), #831, .F. ) ;
#446 = EDGE_CURVE ( 'NONE', #295, #3761, #4845, .T. ) ;
#447 = CARTESIAN_POINT ( 'NONE',  ( 14.35590445068957344, -1.000000000000000000, 0.3238172648295125633 ) ) ;
#448 = VERTEX_POINT ( 'NONE', #2606 ) ;
#449 = DIRECTION ( 'NONE',  ( -0.000000000000000000, -0.000000000000000000, 1.000000000000000000 ) ) ;
#450 = EDGE_CURVE ( 'NONE', #3465, #988, #1287, .T. ) ;
#451 = VECTOR ( 'NONE', #283, 1000.000000000000000 ) ;
#452 = CARTESIAN_POINT ( 'NONE',  ( 7.070602967126382588, 0.000000000000000000, -1.000000000000000000 ) ) ;
#453 = ORIENTED_EDGE ( 'NONE', *, *, #5619, .T. ) ;
#454 = LINE ( 'NONE', #4181, #2467 ) ;
#455 = LINE ( 'NONE', #2326, #507 ) ;
#456 = DIRECTION ( 'NONE',  ( -1.000000000000000000, 0.000000000000000000, 6.868836133214108557E-15 ) ) ;
#457 = EDGE_CURVE ( 'NONE', #5716, #3168, #1698, .T. ) ;
#458 = ORIENTED_EDGE ( 'NONE', *, *, #745, .T. ) ;
#459 = CARTESIAN_POINT ( 'NONE',  ( 10.07060296712637104, 1.115317123975225755, -5.263829606655360038 ) ) ;
#460 = ORIENTED_EDGE ( 'NONE', *, *, #3946, .T. ) ;
#461 = CARTESIAN_POINT ( 'NONE',  ( 4.632161128980621712, 0.000000000000000000, -3.000000000000000000 ) ) ;
#462 = LINE ( 'NONE', #976, #4310 ) ;
#463 = LINE ( 'NONE', #4634, #1422 ) ;
#464 = ORIENTED_EDGE ( 'NONE', *, *, #446, .F. ) ;
#465 = VECTOR ( 'NONE', #4417, 1000.000000000000000 ) ;
#466 = CARTESIAN_POINT ( 'NONE',  ( 7.544104185702149579, 1.400000000000000355, -5.031499608972575643 ) ) ;
#467 = DIRECTION ( 'NONE',  ( 0.000000000000000000, 2.710505431213761085E-15, -1.000000000000000000 ) ) ;
#468 = VECTOR ( 'NONE', #5314, 1000.000000000000000 ) ;
#469 = VERTEX_POINT ( 'NONE', #2677 ) ;
#470 = ORIENTED_EDGE ( 'NONE', *, *, #5966, .T. ) ;
#471 = EDGE_CURVE ( 'NONE', #3637, #5673, #4565, .T. ) ;
#472 = CARTESIAN_POINT ( 'NONE',  ( -0.3437148944200444922, 0.000000000000000000, -2.240753535442232547 ) ) ;
#473 = VECTOR ( 'NONE', #3225, 1000.000000000000000 ) ;
#474 = LINE ( 'NONE', #2834, #4303 ) ;
#475 = ORIENTED_EDGE ( 'NONE', *, *, #1984, .T. ) ;
#476 = CARTESIAN_POINT ( 'NONE',  ( 4.632161128980621712, 0.4000000000000000222, -2.240753535442239208 ) ) ;
#477 = LINE ( 'NONE', #2348, #3363 ) ;
#478 = VERTEX_POINT ( 'NONE', #5066 ) ;
#479 = EDGE_CURVE ( 'NONE', #5038, #4188, #3598, .T. ) ;
#480 = PLANE ( 'NONE',  #897 ) ;
#481 = LINE ( 'NONE', #3310, #5045 ) ;
#482 = CARTESIAN_POINT ( 'NONE',  ( 7.070602967126388805, 0.000000000000000000, -3.007045462299395844 ) ) ;
#483 = LINE ( 'NONE', #5214, #900 ) ;
#484 = ORIENTED_EDGE ( 'NONE', *, *, #5473, .F. ) ;
#485 = EDGE_CURVE ( 'NONE', #5447, #1672, #3661, .T. ) ;
#486 = ORIENTED_EDGE ( 'NONE', *, *, #5651, .F. ) ;
#487 = EDGE_CURVE ( 'NONE', #2907, #5038, #5954, .T. ) ;
#488 = CARTESIAN_POINT ( 'NONE',  ( 14.35590445068958232, 1.000000000000000000, -2.836630331739350641 ) ) ;
#489 = DIRECTION ( 'NONE',  ( 0.000000000000000000, 1.000000000000000000, 0.000000000000000000 ) ) ;
#490 = CARTESIAN_POINT ( 'NONE',  ( 2.785301483563190850, 0.9534028740753675013, 2.799999999999999822 ) ) ;
#491 = ADVANCED_FACE ( 'NONE', ( #2211 ), #3538, .T. ) ;
#492 = APPLICATION_PROTOCOL_DEFINITION ( 'draft international standard', 'automotive_design', 1998, #4727 ) ;
#493 = EDGE_CURVE ( 'NONE', #635, #3889, #4936, .T. ) ;
#494 = CARTESIAN_POINT ( 'NONE',  ( 11.35590445068957344, 0.4000000000000000222, -0.2337080731428419211 ) ) ;
#495 = VERTEX_POINT ( 'NONE', #3074 ) ;
#496 = DIRECTION ( 'NONE',  ( 0.000000000000000000, -1.000000000000000000, 0.000000000000000000 ) ) ;
#497 = DIRECTION ( 'NONE',  ( -1.355252715606880543E-16, -1.000000000000000000, -0.000000000000000000 ) ) ;
#498 = VECTOR ( 'NONE', #637, 1000.000000000000000 ) ;
#499 = VECTOR ( 'NONE', #2101, 1000.000000000000000 ) ;
#500 = ORIENTED_EDGE ( 'NONE', *, *, #5132, .T. ) ;
#501 = ORIENTED_EDGE ( 'NONE', *, *, #4420, .T. ) ;
#502 = CARTESIAN_POINT ( 'NONE',  ( 12.11218955626952898, 0.000000000000000000, -1.000000000000000000 ) ) ;
#503 = AXIS2_PLACEMENT_3D ( 'NONE', #5363, #3921, #3340 ) ;
#504 = CARTESIAN_POINT ( 'NONE',  ( 14.35590445068957344, 0.4000000000000000222, -0.2337080731428426428 ) ) ;
#505 = ORIENTED_EDGE ( 'NONE', *, *, #2632, .T. ) ;
#506 = LINE ( 'NONE', #1896, #2167 ) ;
#507 = VECTOR ( 'NONE', #5181, 1000.000000000000000 ) ;
#508 = ADVANCED_FACE ( 'NONE', ( #4496 ), #4094, .F. ) ;
#509 = CARTESIAN_POINT ( 'NONE',  ( 7.070602967126381699, 1.000000000000000000, 0.8999999999999916955 ) ) ;
#510 = VERTEX_POINT ( 'NONE', #3997 ) ;
#511 = EDGE_CURVE ( 'NONE', #3242, #3303, #5891, .T. ) ;
#512 = VECTOR ( 'NONE', #5843, 1000.000000000000000 ) ;
#513 = DIRECTION ( 'NONE',  ( -6.868836133214109346E-15, 0.000000000000000000, -1.000000000000000000 ) ) ;
#514 = DIRECTION ( 'NONE',  ( 4.488561888120282676E-15, 0.7660444431189767922, 0.6427876096865409172 ) ) ;
#515 = CARTESIAN_POINT ( 'NONE',  ( 16.79749103983272107, 0.000000000000000000, -3.000000000000000000 ) ) ;
#516 = CARTESIAN_POINT ( 'NONE',  ( 12.85590445068957877, 1.000000000000000000, -3.240753535442235211 ) ) ;
#517 = ORIENTED_EDGE ( 'NONE', *, *, #2691, .F. ) ;
#518 = ORIENTED_EDGE ( 'NONE', *, *, #2403, .F. ) ;
#519 = LINE ( 'NONE', #1873, #2709 ) ;
#520 = CARTESIAN_POINT ( 'NONE',  ( 12.11218955626952898, 0.4000000000000000222, -3.000000000000000000 ) ) ;
#521 = CARTESIAN_POINT ( 'NONE',  ( 17.50000000000000711, 0.000000000000000000, -3.407045462299397531 ) ) ;
#522 = EDGE_CURVE ( 'NONE', #3168, #6017, #5987, .T. ) ;
#523 = EDGE_CURVE ( 'NONE', #227, #4368, #5467, .T. ) ;
#524 = CIRCLE ( 'NONE', #2774, 1.500000000000000000 ) ;
#525 = EDGE_CURVE ( 'NONE', #2581, #2417, #4530, .T. ) ;
#526 = CARTESIAN_POINT ( 'NONE',  ( 17.50000000000000711, 0.4000000000000000222, 0.1662919268571574627 ) ) ;
#527 = EDGE_LOOP ( 'NONE', ( #4542, #1464, #3434, #5839 ) ) ;
#528 = ORIENTED_EDGE ( 'NONE', *, *, #5789, .T. ) ;
#529 = EDGE_CURVE ( 'NONE', #4313, #1065, #5218, .T. ) ;
#530 = DIRECTION ( 'NONE',  ( -1.000000000000000000, -0.000000000000000000, 1.141265444721583757E-16 ) ) ;
#531 = DIRECTION ( 'NONE',  ( 1.000000000000000000, 0.000000000000000000, -7.097089222158424864E-15 ) ) ;
#532 = EDGE_LOOP ( 'NONE', ( #2468, #2649, #838, #4977 ) ) ;
#533 = LINE ( 'NONE', #42, #5 ) ;
#534 = ORIENTED_EDGE ( 'NONE', *, *, #2483, .F. ) ;
#535 = CYLINDRICAL_SURFACE ( 'NONE', #2912, 2.000000000000000000 ) ;
#536 = ORIENTED_EDGE ( 'NONE', *, *, #4665, .T. ) ;
#537 = LINE ( 'NONE', #3336, #1480 ) ;
#538 = CARTESIAN_POINT ( 'NONE',  ( 7.070602967126394134, 1.399999999999999911, -2.240753535442224553 ) ) ;
#539 = VERTEX_POINT ( 'NONE', #6108 ) ;
#540 = FACE_OUTER_BOUND ( 'NONE', #74, .T. ) ;
#541 = VECTOR ( 'NONE', #3263, 1000.000000000000000 ) ;
#542 = DIRECTION ( 'NONE',  ( -1.000000000000000000, -0.000000000000000000, 1.141265444721583757E-16 ) ) ;
#543 = DIRECTION ( 'NONE',  ( -1.000000000000000000, 1.355252715606880543E-16, 0.000000000000000000 ) ) ;
#544 = DIRECTION ( 'NONE',  ( -0.000000000000000000, -1.000000000000000000, 0.000000000000000000 ) ) ;
#545 = ORIENTED_EDGE ( 'NONE', *, *, #3578, .F. ) ;
#546 = AXIS2_PLACEMENT_3D ( 'NONE', #1594, #1130, #5794 ) ;
#547 = ORIENTED_EDGE ( 'NONE', *, *, #3568, .F. ) ;
#548 = PLANE ( 'NONE',  #2671 ) ;
#549 = DIRECTION ( 'NONE',  ( -0.000000000000000000, -1.000000000000000000, -0.000000000000000000 ) ) ;
#550 = EDGE_CURVE ( 'NONE', #1028, #4294, #974, .T. ) ;
#551 = CARTESIAN_POINT ( 'NONE',  ( 2.785301483563194846, 1.000000000000000000, -3.407045462299395755 ) ) ;
#552 = EDGE_CURVE ( 'NONE', #3808, #664, #519, .T. ) ;
#553 = CARTESIAN_POINT ( 'NONE',  ( 5.785301483563199731, 1.000000000000000000, -2.836630331739350641 ) ) ;
#554 = EDGE_CURVE ( 'NONE', #5252, #3410, #2390, .T. ) ;
#555 = DIRECTION ( 'NONE',  ( 0.000000000000000000, -1.000000000000000000, -2.710505431213761085E-16 ) ) ;
#556 = ORIENTED_EDGE ( 'NONE', *, *, #5473, .T. ) ;
#557 = DIRECTION ( 'NONE',  ( -1.000000000000000000, -0.000000000000000000, 1.141265444721583757E-16 ) ) ;
#558 = EDGE_LOOP ( 'NONE', ( #3926, #1310, #1641, #5355 ) ) ;
#559 = EDGE_CURVE ( 'NONE', #1826, #443, #4246, .T. ) ;
#560 = CARTESIAN_POINT ( 'NONE',  ( 9.317462612543812028, 0.4000000000000000222, -2.240753535442239208 ) ) ;
#561 = VERTEX_POINT ( 'NONE', #1376 ) ;
#562 = ORIENTED_EDGE ( 'NONE', *, *, #1393, .F. ) ;
#563 = LINE ( 'NONE', #5229, #2133 ) ;
#564 = ORIENTED_EDGE ( 'NONE', *, *, #4785, .F. ) ;
#565 = FACE_OUTER_BOUND ( 'NONE', #780, .T. ) ;
#566 = EDGE_CURVE ( 'NONE', #4171, #3637, #5646, .T. ) ;
#567 = VECTOR ( 'NONE', #1275, 1000.000000000000000 ) ;
#568 = DIRECTION ( 'NONE',  ( 0.000000000000000000, 0.7660444431189767922, -0.6427876096865409172 ) ) ;
#569 = ORIENTED_EDGE ( 'NONE', *, *, #3870, .F. ) ;
#570 = VECTOR ( 'NONE', #2285, 1000.000000000000000 ) ;
#571 = LINE ( 'NONE', #5814, #3452 ) ;
#572 = PLANE ( 'NONE',  #165 ) ;
#573 = PLANE ( 'NONE',  #777 ) ;
#574 = FACE_OUTER_BOUND ( 'NONE', #85, .T. ) ;
#575 = VERTEX_POINT ( 'NONE', #488 ) ;
#576 = VECTOR ( 'NONE', #3841, 1000.000000000000000 ) ;
#577 = EDGE_LOOP ( 'NONE', ( #4498, #386, #2703, #815 ) ) ;
#578 = LINE ( 'NONE', #1499, #3458 ) ;
#579 = DIRECTION ( 'NONE',  ( -1.141265444721583757E-16, -0.000000000000000000, -1.000000000000000000 ) ) ;
#580 = DIRECTION ( 'NONE',  ( 0.000000000000000000, -1.000000000000000000, -0.000000000000000000 ) ) ;
#581 = DIRECTION ( 'NONE',  ( 1.000000000000000000, 0.000000000000000000, 0.000000000000000000 ) ) ;
#582 = EDGE_CURVE ( 'NONE', #5289, #5447, #2788, .T. ) ;
#583 = LINE ( 'NONE', #1563, #3402 ) ;
#584 = ORIENTED_EDGE ( 'NONE', *, *, #4481, .T. ) ;
#585 = DIRECTION ( 'NONE',  ( 0.000000000000000000, 0.000000000000000000, 1.000000000000000000 ) ) ;
#586 = ORIENTED_EDGE ( 'NONE', *, *, #3262, .T. ) ;
#587 = FACE_OUTER_BOUND ( 'NONE', #4736, .T. ) ;
#588 = ORIENTED_EDGE ( 'NONE', *, *, #5830, .T. ) ;
#589 = ORIENTED_EDGE ( 'NONE', *, *, #5050, .T. ) ;
#590 = CARTESIAN_POINT ( 'NONE',  ( -1.500000000000000000, 1.000000000000000000, -0.4041232037028949509 ) ) ;
#591 = EDGE_LOOP ( 'NONE', ( #2475, #3183, #4301, #3009, #5714, #2044, #2586, #588, #2284, #5724, #2800, #1840 ) ) ;
#592 = LINE ( 'NONE', #1980, #3245 ) ;
#593 = CARTESIAN_POINT ( 'NONE',  ( 16.39749103983271894, 0.000000000000000000, -1.000000000000000000 ) ) ;
#594 = VERTEX_POINT ( 'NONE', #5674 ) ;
#595 = VECTOR ( 'NONE', #434, 1000.000000000000000 ) ;
#596 = ADVANCED_FACE ( 'NONE', ( #2274 ), #4415, .T. ) ;
#597 = VECTOR ( 'NONE', #5946, 1000.000000000000000 ) ;
#598 = CARTESIAN_POINT ( 'NONE',  ( 7.241006826634342808, 0.7834631812238943560, -0.6072026154634251327 ) ) ;
#599 = AXIS2_PLACEMENT_3D ( 'NONE', #21, #1869, #6071 ) ;
#600 =( BOUNDED_SURFACE ( )  B_SPLINE_SURFACE ( 3, 2, ( 
 ( #110, #1588, #1461 ),
 ( #1095, #4832, #2478 ),
 ( #1552, #4893, #2968 ),
 ( #2903, #5364, #138 ),
 ( #3436, #2996, #1955 ),
 ( #4298, #4364, #4800 ) ),
 .UNSPECIFIED., .F., .F., .F. ) 
 B_SPLINE_SURFACE_WITH_KNOTS ( ( 4, 2, 4 ),
 ( 3, 3 ),
 ( 0.001360458961287221635, 0.002901564996485919527, 0.004442671031684617203 ),
 ( 0.000000000000000000, 1.000000000000000000 ),
 .UNSPECIFIED. ) 
 GEOMETRIC_REPRESENTATION_ITEM ( )  RATIONAL_B_SPLINE_SURFACE ( (
 ( 1.000000000000000000, 0.7924374031725291978, 1.000000000000000000),
 ( 1.000000000000000000, 0.7956711654295673952, 1.000000000000000000),
 ( 1.000000000000000000, 0.7972631388398050412, 1.000000000000000000),
 ( 1.000000000000000000, 0.7972633761834646560, 1.000000000000000000),
 ( 1.000000000000000000, 0.7956584909370890690, 1.000000000000000000),
 ( 1.000000000000000000, 0.7924371217378710641, 1.000000000000000000) ) ) 
 REPRESENTATION_ITEM ( '' )  SURFACE ( )  );
#601 = VECTOR ( 'NONE', #1390, 1000.000000000000000 ) ;
#602 = CARTESIAN_POINT ( 'NONE',  ( 0.7468596454174303290, 0.000000000000000000, -1.000000000000000000 ) ) ;
#603 = CARTESIAN_POINT ( 'NONE',  ( 14.35590445068958232, 1.000000000000000000, -2.836630331739350641 ) ) ;
#604 = LINE ( 'NONE', #4867, #2077 ) ;
#605 = EDGE_LOOP ( 'NONE', ( #2152, #4994, #4263, #3886 ) ) ;
#606 = EDGE_CURVE ( 'NONE', #1967, #5560, #944, .T. ) ;
#607 = VECTOR ( 'NONE', #4329, 1000.000000000000000 ) ;
#608 = VECTOR ( 'NONE', #5691, 1000.000000000000000 ) ;
#609 = VERTEX_POINT ( 'NONE', #2359 ) ;
#610 = DIRECTION ( 'NONE',  ( 1.355252715606880543E-16, 1.000000000000000000, -9.463679131915807439E-31 ) ) ;
#611 = CARTESIAN_POINT ( 'NONE',  ( 2.785301483563180192, 2.000000000000000000, -5.468901542184338993 ) ) ;
#612 = LINE ( 'NONE', #2488, #5012 ) ;
#613 = AXIS2_PLACEMENT_3D ( 'NONE', #1768, #3642, #2257 ) ;
#614 = CARTESIAN_POINT ( 'NONE',  ( -0.9999999999999859002, 0.4999999999999978351, -2.240753535442228106 ) ) ;
#615 = ORIENTED_EDGE ( 'NONE', *, *, #566, .T. ) ;
#616 = ORIENTED_EDGE ( 'NONE', *, *, #969, .T. ) ;
#617 = PLANE ( 'NONE',  #5994 ) ;
#618 = ORIENTED_EDGE ( 'NONE', *, *, #2174, .F. ) ;
#619 = DIRECTION ( 'NONE',  ( -7.097089222158424864E-15, 0.000000000000000000, -1.000000000000000000 ) ) ;
#620 = ORIENTED_EDGE ( 'NONE', *, *, #4805, .F. ) ;
#621 = ORIENTED_EDGE ( 'NONE', *, *, #2237, .T. ) ;
#622 = DIRECTION ( 'NONE',  ( -1.141265444721583757E-16, 0.000000000000000000, -1.000000000000000000 ) ) ;
#623 = EDGE_CURVE ( 'NONE', #4627, #5804, #3284, .T. ) ;
#624 = ORIENTED_EDGE ( 'NONE', *, *, #2208, .T. ) ;
#625 = DIRECTION ( 'NONE',  ( -6.868836133214108557E-15, 0.000000000000000000, -1.000000000000000000 ) ) ;
#626 = CARTESIAN_POINT ( 'NONE',  ( 5.785301483563185521, 1.400000000000041211, -4.949634213632581492 ) ) ;
#627 = ORIENTED_EDGE ( 'NONE', *, *, #3821, .F. ) ;
#628 = EDGE_CURVE ( 'NONE', #319, #3889, #59, .T. ) ;
#629 = CARTESIAN_POINT ( 'NONE',  ( 7.398364363392551546, 0.6722386037338298204, -0.7947340252167955921 ) ) ;
#630 = ADVANCED_FACE ( 'NONE', ( #4720 ), #374, .T. ) ;
#631 = CARTESIAN_POINT ( 'NONE',  ( 16.14120593425277761, 0.000000000000000000, -2.240753535442228106 ) ) ;
#632 = PLANE ( 'NONE',  #282 ) ;
#633 = ORIENTED_EDGE ( 'NONE', *, *, #1647, .T. ) ;
#634 = VECTOR ( 'NONE', #1762, 1000.000000000000000 ) ;
#635 = VERTEX_POINT ( 'NONE', #3472 ) ;
#636 = DIRECTION ( 'NONE',  ( -1.000000000000000000, -0.000000000000000000, -0.000000000000000000 ) ) ;
#637 = DIRECTION ( 'NONE',  ( -0.000000000000000000, -1.000000000000000000, -0.000000000000000000 ) ) ;
#638 = ADVANCED_FACE ( 'NONE', ( #1467 ), #5304, .T. ) ;
#639 = CARTESIAN_POINT ( 'NONE',  ( 17.50000000000000711, 0.4000000000000000222, -0.2337080731428426150 ) ) ;
#640 = DIRECTION ( 'NONE',  ( 0.000000000000000000, -1.000000000000000000, -0.000000000000000000 ) ) ;
#641 = VECTOR ( 'NONE', #317, 1000.000000000000000 ) ;
#642 = CARTESIAN_POINT ( 'NONE',  ( 18.64120593425276695, 2.000000000000000000, 1.739099631177264405 ) ) ;
#643 = ORIENTED_EDGE ( 'NONE', *, *, #1123, .F. ) ;
#644 = ORIENTED_EDGE ( 'NONE', *, *, #3264, .T. ) ;
#645 = B_SPLINE_CURVE_WITH_KNOTS ( 'NONE', 3,
 ( #1218, #3091, #689, #5390, #3488, #4550 ),
 .UNSPECIFIED., .F., .F.,
 ( 4, 2, 4 ),
 ( 0.000000000000000000, 0.0002694863184573001772, 0.0005389726369146003544 ),
 .UNSPECIFIED. ) ;
#646 = FACE_OUTER_BOUND ( 'NONE', #2396, .T. ) ;
#647 = PLANE ( 'NONE',  #822 ) ;
#648 = ORIENTED_EDGE ( 'NONE', *, *, #2325, .F. ) ;
#649 = EDGE_LOOP ( 'NONE', ( #2830, #6058, #624, #5825 ) ) ;
#650 = DIRECTION ( 'NONE',  ( -0.000000000000000000, -0.000000000000000000, 1.000000000000000000 ) ) ;
#651 = VERTEX_POINT ( 'NONE', #4393 ) ;
#652 = DIRECTION ( 'NONE',  ( -1.000000000000000000, 0.000000000000000000, 6.982962677686266711E-15 ) ) ;
#653 = DIRECTION ( 'NONE',  ( 0.000000000000000000, 1.000000000000000000, 0.000000000000000000 ) ) ;
#654 = EDGE_LOOP ( 'NONE', ( #4255, #130, #4608, #217, #2225, #5395, #4122, #930, #2787, #260, #1853, #3239 ) ) ;
#655 = EDGE_CURVE ( 'NONE', #4797, #1042, #4776, .T. ) ;
#656 = CARTESIAN_POINT ( 'NONE',  ( 10.07060296712637282, 1.191234876072140292, -5.242434171922443653 ) ) ;
#657 = VECTOR ( 'NONE', #4612, 1000.000000000000000 ) ;
#658 = LINE ( 'NONE', #631, #2625 ) ;
#659 = CARTESIAN_POINT ( 'NONE',  ( 17.50000000000000711, 0.000000000000000000, -0.2337080731428427260 ) ) ;
#660 = DIRECTION ( 'NONE',  ( 0.000000000000000000, 0.000000000000000000, 1.000000000000000000 ) ) ;
#661 = VERTEX_POINT ( 'NONE', #1961 ) ;
#662 = EDGE_CURVE ( 'NONE', #5222, #2907, #2511, .T. ) ;
#663 = AXIS2_PLACEMENT_3D ( 'NONE', #1729, #5499, #3541 ) ;
#664 = VERTEX_POINT ( 'NONE', #2452 ) ;
#665 = LINE ( 'NONE', #5765, #807 ) ;
#666 = DIRECTION ( 'NONE',  ( 0.000000000000000000, 0.000000000000000000, 1.000000000000000000 ) ) ;
#667 = DIRECTION ( 'NONE',  ( -1.141265444721583757E-16, 0.000000000000000000, 1.000000000000000000 ) ) ;
#668 = EDGE_LOOP ( 'NONE', ( #3913, #3729, #379, #3301 ) ) ;
#669 = VECTOR ( 'NONE', #4965, 1000.000000000000114 ) ;
#670 = DIRECTION ( 'NONE',  ( 0.000000000000000000, 1.000000000000000000, 0.000000000000000000 ) ) ;
#671 = ADVANCED_FACE ( 'NONE', ( #1038 ), #3383, .F. ) ;
#672 = ADVANCED_FACE ( 'NONE', ( #5337 ), #548, .F. ) ;
#673 = LINE ( 'NONE', #1041, #3984 ) ;
#674 = ORIENTED_EDGE ( 'NONE', *, *, #4097, .F. ) ;
#675 = VERTEX_POINT ( 'NONE', #2018 ) ;
#676 = DIRECTION ( 'NONE',  ( 1.000000000000000000, -0.000000000000000000, -1.141265444721583757E-16 ) ) ;
#677 = ORIENTED_EDGE ( 'NONE', *, *, #1123, .T. ) ;
#678 = CARTESIAN_POINT ( 'NONE',  ( 8.570602967126381699, 1.000000000000000000, 0.000000000000000000 ) ) ;
#679 = VERTEX_POINT ( 'NONE', #2974 ) ;
#680 = FACE_OUTER_BOUND ( 'NONE', #1411, .T. ) ;
#681 = EDGE_CURVE ( 'NONE', #983, #1076, #4872, .T. ) ;
#682 = ORIENTED_EDGE ( 'NONE', *, *, #220, .T. ) ;
#683 = VERTEX_POINT ( 'NONE', #2941 ) ;
#684 = FACE_OUTER_BOUND ( 'NONE', #4222, .T. ) ;
#685 = EDGE_LOOP ( 'NONE', ( #1170, #2498, #4327, #5883 ) ) ;
#686 = PLANE ( 'NONE',  #4740 ) ;
#687 = LINE ( 'NONE', #4479, #1985 ) ;
#688 = VERTEX_POINT ( 'NONE', #173 ) ;
#689 = CARTESIAN_POINT ( 'NONE',  ( 11.35590445068956633, 1.372383960302708372, -5.038967344092047718 ) ) ;
#690 = DIRECTION ( 'NONE',  ( 1.000000000000000000, 0.000000000000000000, 0.000000000000000000 ) ) ;
#691 = CARTESIAN_POINT ( 'NONE',  ( 0.000000000000000000, 1.000000000000000000, -0.4041232037028948954 ) ) ;
#692 = DIRECTION ( 'NONE',  ( 1.894180325222886620E-15, 0.9625068420560822791, 0.2712574035768015590 ) ) ;
#693 = EDGE_CURVE ( 'NONE', #2928, #4457, #1993, .T. ) ;
#694 = ORIENTED_EDGE ( 'NONE', *, *, #2482, .F. ) ;
#695 = CIRCLE ( 'NONE', #1284, 1.500000000000000000 ) ;
#696 = ORIENTED_EDGE ( 'NONE', *, *, #4360, .T. ) ;
#697 = VECTOR ( 'NONE', #449, 1000.000000000000000 ) ;
#698 = LINE ( 'NONE', #5429, #4652 ) ;
#699 = FACE_OUTER_BOUND ( 'NONE', #3112, .T. ) ;
#700 = CARTESIAN_POINT ( 'NONE',  ( 5.785301483563190850, 0.000000000000000000, 0.1662919268571587950 ) ) ;
#701 = ORIENTED_EDGE ( 'NONE', *, *, #3063, .T. ) ;
#702 = VECTOR ( 'NONE', #2692, 1000.000000000000000 ) ;
#703 = PLANE ( 'NONE',  #2765 ) ;
#704 = EDGE_CURVE ( 'NONE', #3303, #1637, #578, .T. ) ;
#705 = VECTOR ( 'NONE', #5972, 1000.000000000000000 ) ;
#706 = DIRECTION ( 'NONE',  ( 1.141265444721583757E-16, 0.000000000000000000, 1.000000000000000000 ) ) ;
#707 = CARTESIAN_POINT ( 'NONE',  ( 9.828217429348454104, 1.400000000000000133, -4.945931956424546527 ) ) ;
#708 = EDGE_CURVE ( 'NONE', #1826, #3879, #665, .T. ) ;
#709 = ORIENTED_EDGE ( 'NONE', *, *, #2666, .T. ) ;
#710 = ORIENTED_EDGE ( 'NONE', *, *, #2219, .F. ) ;
#711 = AXIS2_PLACEMENT_3D ( 'NONE', #759, #1651, #1744 ) ;
#712 = DIRECTION ( 'NONE',  ( 1.894180325222886620E-15, 0.9625068420560822791, 0.2712574035768015590 ) ) ;
#713 = DIRECTION ( 'NONE',  ( 1.000000000000000000, -0.000000000000000000, -0.000000000000000000 ) ) ;
#714 = EDGE_CURVE ( 'NONE', #3439, #6017, #2046, .T. ) ;
#715 = APPLICATION_CONTEXT ( 'automotive_design' ) ;
#716 = DIRECTION ( 'NONE',  ( 1.000000000000000000, -0.000000000000000000, 0.000000000000000000 ) ) ;
#717 = ORIENTED_EDGE ( 'NONE', *, *, #4309, .F. ) ;
#718 = ORIENTED_EDGE ( 'NONE', *, *, #6112, .F. ) ;
#719 = EDGE_LOOP ( 'NONE', ( #1535, #2789, #5756, #5482, #3830, #4312, #198 ) ) ;
#720 = DIRECTION ( 'NONE',  ( -1.000000000000000000, 0.000000000000000000, 0.000000000000000000 ) ) ;
#721 = LINE ( 'NONE', #161, #4942 ) ;
#722 = CARTESIAN_POINT ( 'NONE',  ( 18.64120593425276695, 1.499358225474672235, 2.799999999999999822 ) ) ;
#723 = ORIENTED_EDGE ( 'NONE', *, *, #4279, .T. ) ;
#724 = AXIS2_PLACEMENT_3D ( 'NONE', #4818, #2863, #4760 ) ;
#725 = LINE ( 'NONE', #3587, #2069 ) ;
#726 = LINE ( 'NONE', #5424, #5500 ) ;
#727 = DIRECTION ( 'NONE',  ( 0.000000000000000000, 0.000000000000000000, -1.000000000000000000 ) ) ;
#728 = LINE ( 'NONE', #4020, #5639 ) ;
#729 = ORIENTED_EDGE ( 'NONE', *, *, #3530, .F. ) ;
#730 = VERTEX_POINT ( 'NONE', #4369 ) ;
#731 = LINE ( 'NONE', #4459, #5934 ) ;
#732 = DIRECTION ( 'NONE',  ( 0.000000000000000000, 0.000000000000000000, 1.000000000000000000 ) ) ;
#733 = CARTESIAN_POINT ( 'NONE',  ( 10.07060296712638170, 0.4000000000000000222, 0.1662919268571582954 ) ) ;
#734 = ORIENTED_EDGE ( 'NONE', *, *, #1158, .F. ) ;
#735 = CARTESIAN_POINT ( 'NONE',  ( 8.917462612543813449, 0.000000000000000000, -3.000000000000000000 ) ) ;
#736 = DIRECTION ( 'NONE',  ( 0.000000000000000000, 0.000000000000000000, -1.000000000000000000 ) ) ;
#737 = EDGE_CURVE ( 'NONE', #3637, #2599, #3927, .T. ) ;
#738 = CARTESIAN_POINT ( 'NONE',  ( 7.555374462977257011, 1.399999999999999911, -5.033282760356246222 ) ) ;
#739 = VERTEX_POINT ( 'NONE', #1006 ) ;
#740 = ORIENTED_EDGE ( 'NONE', *, *, #4564, .F. ) ;
#741 = DIRECTION ( 'NONE',  ( -1.000000000000000000, -0.000000000000000000, 1.141265444721583757E-16 ) ) ;
#742 = CARTESIAN_POINT ( 'NONE',  ( -1.500000000000000000, 0.000000000000000000, -0.4041232037028952284 ) ) ;
#743 = VECTOR ( 'NONE', #3447, 1000.000000000000000 ) ;
#744 = CARTESIAN_POINT ( 'NONE',  ( 0.000000000000000000, 0.000000000000000000, 0.000000000000000000 ) ) ;
#745 = EDGE_CURVE ( 'NONE', #1543, #448, #6034, .T. ) ;
#746 = CARTESIAN_POINT ( 'NONE',  ( 10.07060296712639058, 1.000000000000000000, -2.836630331739350641 ) ) ;
#747 = ORIENTED_EDGE ( 'NONE', *, *, #6055, .F. ) ;
#748 = ORIENTED_EDGE ( 'NONE', *, *, #2808, .F. ) ;
#749 = CARTESIAN_POINT ( 'NONE',  ( 16.39749103983271894, 0.4000000000000000222, -2.240753535442231215 ) ) ;
#750 = VERTEX_POINT ( 'NONE', #200 ) ;
#751 = CARTESIAN_POINT ( 'NONE',  ( 15.64120593425276340, 1.499358225474672235, 2.799999999999999822 ) ) ;
#752 = LINE ( 'NONE', #324, #2570 ) ;
#753 = VERTEX_POINT ( 'NONE', #3809 ) ;
#754 = EDGE_CURVE ( 'NONE', #1862, #3204, #119, .T. ) ;
#755 = LINE ( 'NONE', #2993, #2171 ) ;
#756 = EDGE_CURVE ( 'NONE', #3191, #2772, #4839, .T. ) ;
#757 = LINE ( 'NONE', #2107, #5404 ) ;
#758 = DIRECTION ( 'NONE',  ( 1.000000000000000000, -0.000000000000000000, 0.000000000000000000 ) ) ;
#759 = CARTESIAN_POINT ( 'NONE',  ( 17.14120593425277050, 1.000000000000000000, -2.836630331739339983 ) ) ;
#760 = ORIENTED_EDGE ( 'NONE', *, *, #2986, .T. ) ;
#761 = EDGE_CURVE ( 'NONE', #96, #2980, #145, .T. ) ;
#762 = ORIENTED_EDGE ( 'NONE', *, *, #3895, .F. ) ;
#763 = VECTOR ( 'NONE', #3556, 1000.000000000000114 ) ;
#764 = FACE_OUTER_BOUND ( 'NONE', #4376, .T. ) ;
#765 = PLANE ( 'NONE',  #5931 ) ;
#766 = CARTESIAN_POINT ( 'NONE',  ( 5.285301483563189073, 0.4999999999999978351, -1.000000000000000000 ) ) ;
#767 = CARTESIAN_POINT ( 'NONE',  ( 11.35590445068956811, 1.399999999999999911, -4.858572962426980446 ) ) ;
#768 = AXIS2_PLACEMENT_3D ( 'NONE', #1168, #3039, #706 ) ;
#769 = DIRECTION ( 'NONE',  ( -1.355252715606880543E-16, -1.000000000000000000, 0.000000000000000000 ) ) ;
#770 = DIRECTION ( 'NONE',  ( 0.000000000000000000, 0.000000000000000000, 1.000000000000000000 ) ) ;
#771 = ORIENTED_EDGE ( 'NONE', *, *, #1908, .F. ) ;
#772 = VECTOR ( 'NONE', #3714, 1000.000000000000000 ) ;
#773 = FACE_OUTER_BOUND ( 'NONE', #2549, .T. ) ;
#774 = CARTESIAN_POINT ( 'NONE',  ( 4.285301483563190850, 0.000000000000000000, 1.999999999999998224 ) ) ;
#775 = DIRECTION ( 'NONE',  ( -1.000000000000000000, 0.000000000000000000, 1.141265444721583757E-16 ) ) ;
#776 = EDGE_CURVE ( 'NONE', #510, #4822, #3129, .T. ) ;
#777 = AXIS2_PLACEMENT_3D ( 'NONE', #2448, #4331, #111 ) ;
#778 = DIRECTION ( 'NONE',  ( 1.000000000000000000, -0.000000000000000000, -0.000000000000000000 ) ) ;
#779 = ORIENTED_EDGE ( 'NONE', *, *, #3455, .T. ) ;
#780 = EDGE_LOOP ( 'NONE', ( #3236, #4059, #5346, #3335 ) ) ;
#781 = DIRECTION ( 'NONE',  ( -1.000000000000000000, 0.000000000000000000, -0.000000000000000000 ) ) ;
#782 = CARTESIAN_POINT ( 'NONE',  ( 1.257614462222071516, 1.400000000000000133, -4.945931956424546527 ) ) ;
#783 = CARTESIAN_POINT ( 'NONE',  ( 13.11079830640061950, 1.400000000000000133, -5.120689233910754368 ) ) ;
#784 = CARTESIAN_POINT ( 'NONE',  ( 13.85590445068957166, 0.4999999999999978351, -1.000000000000000000 ) ) ;
#785 = CARTESIAN_POINT ( 'NONE',  ( 14.35590445068957344, 0.06443263463840748217, 0.1149657687835883013 ) ) ;
#786 = CARTESIAN_POINT ( 'NONE',  ( 0.9999999999999978906, 1.000000000000000000, -1.000000000000000000 ) ) ;
#787 = EDGE_CURVE ( 'NONE', #2984, #2955, #4586, .T. ) ;
#788 = CARTESIAN_POINT ( 'NONE',  ( -1.172238603733830598, 0.6722386037338301534, -0.7947340252167951480 ) ) ;
#789 = ORIENTED_EDGE ( 'NONE', *, *, #5306, .F. ) ;
#790 = DIRECTION ( 'NONE',  ( 1.000000000000000000, -0.000000000000000000, -6.982962677686266711E-15 ) ) ;
#791 = CARTESIAN_POINT ( 'NONE',  ( 14.02814305442340448, 0.6722386037338313747, -0.7947340252167933716 ) ) ;
#792 = ADVANCED_FACE ( 'NONE', ( #764 ), #3032, .F. ) ;
#793 = CARTESIAN_POINT ( 'NONE',  ( 18.14120593425276340, 0.000000000000000000, -1.000000000000000000 ) ) ;
#794 = DIRECTION ( 'NONE',  ( -1.000000000000000000, 0.000000000000000000, 6.982962677686266711E-15 ) ) ;
#795 = VECTOR ( 'NONE', #3033, 1000.000000000000000 ) ;
#796 = VECTOR ( 'NONE', #5605, 1000.000000000000000 ) ;
#797 = DIRECTION ( 'NONE',  ( -6.868836133214109346E-15, 0.000000000000000000, -1.000000000000000000 ) ) ;
#798 = CARTESIAN_POINT ( 'NONE',  ( 11.35590445068957344, 1.000000000000000000, -0.4041232037028949509 ) ) ;
#799 = VECTOR ( 'NONE', #4362, 1000.000000000000000 ) ;
#800 = ORIENTED_EDGE ( 'NONE', *, *, #2055, .T. ) ;
#801 = ORIENTED_EDGE ( 'NONE', *, *, #4214, .F. ) ;
#802 = CARTESIAN_POINT ( 'NONE',  ( 9.570602967126379923, 1.000000000000000000, -1.000000000000000000 ) ) ;
#803 = CARTESIAN_POINT ( 'NONE',  ( 7.070602967126372818, 1.191276127410975105, -5.242417899579847607 ) ) ;
#804 = VECTOR ( 'NONE', #2352, 1000.000000000000114 ) ;
#805 = AXIS2_PLACEMENT_3D ( 'NONE', #1180, #4044, #1709 ) ;
#806 = DIRECTION ( 'NONE',  ( 0.000000000000000000, -1.000000000000000000, 0.000000000000000000 ) ) ;
#807 = VECTOR ( 'NONE', #86, 1000.000000000000000 ) ;
#808 = AXIS2_PLACEMENT_3D ( 'NONE', #5973, #653, #4920 ) ;
#809 = DIRECTION ( 'NONE',  ( 0.000000000000000000, 1.000000000000000000, 0.000000000000000000 ) ) ;
#810 = ORIENTED_EDGE ( 'NONE', *, *, #5092, .F. ) ;
#811 = ORIENTED_EDGE ( 'NONE', *, *, #5172, .F. ) ;
#812 = DIRECTION ( 'NONE',  ( 0.000000000000000000, -0.6427876096865358102, 0.7660444431189811221 ) ) ;
#813 = CARTESIAN_POINT ( 'NONE',  ( 11.79446546906854110, 0.5614389816210439976, -2.313973662514438256 ) ) ;
#814 = CARTESIAN_POINT ( 'NONE',  ( -0.5158045343207456890, 1.108489920217938574, -5.504954131106829074 ) ) ;
#815 = ORIENTED_EDGE ( 'NONE', *, *, #1793, .F. ) ;
#816 = EDGE_CURVE ( 'NONE', #296, #4103, #333, .T. ) ;
#817 = CARTESIAN_POINT ( 'NONE',  ( 13.20276409610700519, 0.4000000000000000222, -1.000000000000000000 ) ) ;
#818 = CARTESIAN_POINT ( 'NONE',  ( 12.51218955626952933, 0.000000000000000000, -1.000000000000000000 ) ) ;
#819 = FACE_OUTER_BOUND ( 'NONE', #4411, .T. ) ;
#820 = CARTESIAN_POINT ( 'NONE',  ( 18.64120593425277406, 0.000000000000000000, -2.836630331739350641 ) ) ;
#821 = VERTEX_POINT ( 'NONE', #1747 ) ;
#822 = AXIS2_PLACEMENT_3D ( 'NONE', #2092, #716, #4912 ) ;
#823 = EDGE_CURVE ( 'NONE', #1423, #609, #4523, .T. ) ;
#824 = EDGE_CURVE ( 'NONE', #1018, #2643, #698, .T. ) ;
#825 = LINE ( 'NONE', #1252, #1391 ) ;
#826 = DIRECTION ( 'NONE',  ( -6.868836133214109346E-15, 0.000000000000000000, -1.000000000000000000 ) ) ;
#827 = CARTESIAN_POINT ( 'NONE',  ( 10.07060296712638880, 1.000000000000000000, -3.007045462299396732 ) ) ;
#828 = DIRECTION ( 'NONE',  ( 6.868836133214108557E-15, 0.000000000000000000, 1.000000000000000000 ) ) ;
#829 = CARTESIAN_POINT ( 'NONE',  ( 15.64120593425275629, 1.103464568314089123, -5.267165293036052631 ) ) ;
#830 = EDGE_CURVE ( 'NONE', #2096, #2052, #3067, .T. ) ;
#831 = PLANE ( 'NONE',  #1824 ) ;
#832 = DIRECTION ( 'NONE',  ( -0.000000000000000000, -0.000000000000000000, 1.000000000000000000 ) ) ;
#833 = DIRECTION ( 'NONE',  ( 1.141265444721583757E-16, 0.000000000000000000, -1.000000000000000000 ) ) ;
#834 = PLANE ( 'NONE',  #2093 ) ;
#835 = CARTESIAN_POINT ( 'NONE',  ( 1.500000000000007772, 1.000000000000000000, -2.836630331739350641 ) ) ;
#836 =( BOUNDED_CURVE ( )  B_SPLINE_CURVE ( 3, ( #1156, #3155, #788, #2568 ),
 .UNSPECIFIED., .F., .F. ) 
 B_SPLINE_CURVE_WITH_KNOTS ( ( 4, 4 ),
 ( 1.943323292647559208, 2.268928027592631569 ),
 .UNSPECIFIED. ) 
 CURVE ( )  GEOMETRIC_REPRESENTATION_ITEM ( )  RATIONAL_B_SPLINE_CURVE ( ( 1.000000000000000000, 0.9911846262163772625, 0.9911846262163772625, 1.000000000000000000 ) ) 
 REPRESENTATION_ITEM ( '' )  );
#837 = ORIENTED_EDGE ( 'NONE', *, *, #1540, .F. ) ;
#838 = ORIENTED_EDGE ( 'NONE', *, *, #5996, .F. ) ;
#839 = CARTESIAN_POINT ( 'NONE',  ( 5.785301483563203284, 0.3999999999999999667, -2.240753535442245425 ) ) ;
#840 = DIRECTION ( 'NONE',  ( 0.000000000000000000, 1.000000000000000000, 0.000000000000000000 ) ) ;
#841 = CARTESIAN_POINT ( 'NONE',  ( 18.64120593425276695, 1.000000000000000000, -0.4041232037028950064 ) ) ;
#842 = VECTOR ( 'NONE', #1320, 999.9999999999998863 ) ;
#843 = LINE ( 'NONE', #2717, #4537 ) ;
#844 = CARTESIAN_POINT ( 'NONE',  ( 5.785301483563197955, 1.000000000000000000, -3.007045462299396288 ) ) ;
#845 = CARTESIAN_POINT ( 'NONE',  ( -0.7437148944200444589, 0.3999999999999999667, -1.000000000000000000 ) ) ;
#846 = DIRECTION ( 'NONE',  ( -6.982962677686266711E-15, 0.000000000000000000, -1.000000000000000000 ) ) ;
#847 = ORIENTED_EDGE ( 'NONE', *, *, #1984, .F. ) ;
#848 = EDGE_CURVE ( 'NONE', #1428, #2202, #1621, .T. ) ;
#849 = LINE ( 'NONE', #5211, #10 ) ;
#850 = DIRECTION ( 'NONE',  ( 0.6427876096865409172, -0.000000000000000000, -0.7660444431189766812 ) ) ;
#851 = CARTESIAN_POINT ( 'NONE',  ( 16.02539785600545841, 1.106494308963290374, -5.409375844366664410 ) ) ;
#852 = CARTESIAN_POINT ( 'NONE',  ( 2.785301483563191294, 1.000000000000000000, -0.4041232037028949509 ) ) ;
#853 = EDGE_LOOP ( 'NONE', ( #2867, #1557, #221, #3686 ) ) ;
#854 = DIRECTION ( 'NONE',  ( -0.5407162030609422576, 0.5407162030609375947, -0.6444004775717664391 ) ) ;
#855 = EDGE_LOOP ( 'NONE', ( #4794, #3483, #1020, #718 ) ) ;
#856 = DIRECTION ( 'NONE',  ( -0.000000000000000000, -1.000000000000000000, 0.000000000000000000 ) ) ;
#857 = CARTESIAN_POINT ( 'NONE',  ( -0.7437148944200442369, 1.000000000000000000, -2.240753535442229882 ) ) ;
#858 = EDGE_CURVE ( 'NONE', #127, #5106, #731, .T. ) ;
#859 = AXIS2_PLACEMENT_3D ( 'NONE', #2293, #3208, #5109 ) ;
#860 = EDGE_CURVE ( 'NONE', #2121, #2742, #4961, .T. ) ;
#861 = DIRECTION ( 'NONE',  ( 0.000000000000000000, 1.000000000000000000, -0.000000000000000000 ) ) ;
#862 = VECTOR ( 'NONE', #4036, 1000.000000000000000 ) ;
#863 = DIRECTION ( 'NONE',  ( 0.5407162030609332648, 0.5407162030609377057, -0.6444004775717739886 ) ) ;
#864 = CARTESIAN_POINT ( 'NONE',  ( 5.785301483563191738, 1.000000000000000000, 0.8999999999999916955 ) ) ;
#865 = ADVANCED_FACE ( 'NONE', ( #5057 ), #3563, .F. ) ;
#866 = CARTESIAN_POINT ( 'NONE',  ( 14.35590445068958587, 0.000000000000000000, -2.240753535442245425 ) ) ;
#867 = VECTOR ( 'NONE', #5612, 1000.000000000000114 ) ;
#868 = LINE ( 'NONE', #4640, #5941 ) ;
#869 = ORIENTED_EDGE ( 'NONE', *, *, #5443, .T. ) ;
#870 = ORIENTED_EDGE ( 'NONE', *, *, #830, .T. ) ;
#871 = ORIENTED_EDGE ( 'NONE', *, *, #1532, .F. ) ;
#872 = CARTESIAN_POINT ( 'NONE',  ( 17.50000000000000711, 0.000000000000000000, -3.007045462299397620 ) ) ;
#873 = DIRECTION ( 'NONE',  ( 1.141265444721583757E-16, 0.000000000000000000, 1.000000000000000000 ) ) ;
#874 = ORIENTED_EDGE ( 'NONE', *, *, #4185, .F. ) ;
#875 = FACE_OUTER_BOUND ( 'NONE', #3357, .T. ) ;
#876 = CARTESIAN_POINT ( 'NONE',  ( 8.226888072706337596, 0.000000000000000000, -1.000000000000000000 ) ) ;
#877 = ORIENTED_EDGE ( 'NONE', *, *, #2174, .T. ) ;
#878 = CARTESIAN_POINT ( 'NONE',  ( 14.35590445068957521, 0.000000000000000000, 1.999999999999997335 ) ) ;
#879 = LINE ( 'NONE', #1988, #75 ) ;
#880 = EDGE_CURVE ( 'NONE', #3806, #1177, #3533, .T. ) ;
#881 = CARTESIAN_POINT ( 'NONE',  ( 16.57617355581451335, 1.108502809461047400, -5.505567396206781261 ) ) ;
#882 = DIRECTION ( 'NONE',  ( -0.000000000000000000, -1.000000000000000000, 0.000000000000000000 ) ) ;
#883 = ORIENTED_EDGE ( 'NONE', *, *, #210, .F. ) ;
#884 = CARTESIAN_POINT ( 'NONE',  ( 8.053413943350379967, 1.115317123975225533, -5.586343894839111535 ) ) ;
#885 = ORIENTED_EDGE ( 'NONE', *, *, #4295, .T. ) ;
#886 = DIRECTION ( 'NONE',  ( 0.000000000000000000, 2.710505431213761085E-15, -1.000000000000000000 ) ) ;
#887 = EDGE_CURVE ( 'NONE', #3461, #4374, #825, .T. ) ;
#888 = DIRECTION ( 'NONE',  ( 1.000000000000000000, -0.000000000000000000, -6.982962677686266711E-15 ) ) ;
#889 = VECTOR ( 'NONE', #3061, 1000.000000000000000 ) ;
#890 = DIRECTION ( 'NONE',  ( -1.000000000000000000, 0.000000000000000000, 0.000000000000000000 ) ) ;
#891 = EDGE_CURVE ( 'NONE', #1341, #5644, #4929, .T. ) ;
#892 = CARTESIAN_POINT ( 'NONE',  ( 1.500000000000000222, 1.000000000000000000, 0.8999999999999916955 ) ) ;
#893 = VECTOR ( 'NONE', #6051, 1000.000000000000000 ) ;
#894 = ADVANCED_FACE ( 'NONE', ( #1224 ), #3098, .F. ) ;
#895 = VECTOR ( 'NONE', #4184, 1000.000000000000000 ) ;
#896 = DIRECTION ( 'NONE',  ( 7.097089222158425653E-15, -0.000000000000000000, 1.000000000000000000 ) ) ;
#897 = AXIS2_PLACEMENT_3D ( 'NONE', #2752, #4118, #3278 ) ;
#898 = ORIENTED_EDGE ( 'NONE', *, *, #5830, .F. ) ;
#899 = CARTESIAN_POINT ( 'NONE',  ( 0.7468596454174303290, 0.000000000000000000, -3.000000000000000000 ) ) ;
#900 = VECTOR ( 'NONE', #4743, 1000.000000000000114 ) ;
#901 = ORIENTED_EDGE ( 'NONE', *, *, #302, .T. ) ;
#902 = EDGE_LOOP ( 'NONE', ( #3920, #4659, #4006, #2946, #4642, #6089, #458, #4506, #3404, #2878, #1298, #349, #1437 ) ) ;
#903 = ADVANCED_FACE ( 'NONE', ( #1718 ), #4088, .F. ) ;
#904 = CARTESIAN_POINT ( 'NONE',  ( -1.649976384609416868, 1.102365630357457826, -5.215502924329154411 ) ) ;
#905 = VECTOR ( 'NONE', #5911, 1000.000000000000000 ) ;
#906 = DIRECTION ( 'NONE',  ( 1.000000000000000000, -0.000000000000000000, -6.982962677686266711E-15 ) ) ;
#907 = VERTEX_POINT ( 'NONE', #3623 ) ;
#908 = LINE ( 'NONE', #3181, #2854 ) ;
#909 = DIRECTION ( 'NONE',  ( 0.000000000000000000, 0.7660444431189767922, -0.6427876096865409172 ) ) ;
#910 = EDGE_LOOP ( 'NONE', ( #4567, #2375, #4539, #2273 ) ) ;
#911 = CARTESIAN_POINT ( 'NONE',  ( 11.35590445068957344, 0.000000000000000000, -0.4041232037028952284 ) ) ;
#912 = FACE_OUTER_BOUND ( 'NONE', #902, .T. ) ;
#913 = CARTESIAN_POINT ( 'NONE',  ( 18.17120075848106353, 1.399999999999999911, -5.030233932061595858 ) ) ;
#914 = DIRECTION ( 'NONE',  ( -6.982962677686266711E-15, 0.000000000000000000, -1.000000000000000000 ) ) ;
#915 = ORIENTED_EDGE ( 'NONE', *, *, #6030, .F. ) ;
#916 = CARTESIAN_POINT ( 'NONE',  ( 14.35590445068958587, 0.000000000000000000, -2.240753535442245425 ) ) ;
#917 = VERTEX_POINT ( 'NONE', #1280 ) ;
#918 = LINE ( 'NONE', #520, #2659 ) ;
#919 = LINE ( 'NONE', #2791, #3024 ) ;
#920 = EDGE_CURVE ( 'NONE', #3975, #1823, #2697, .T. ) ;
#921 = ORIENTED_EDGE ( 'NONE', *, *, #4670, .F. ) ;
#922 = VERTEX_POINT ( 'NONE', #1405 ) ;
#923 = CARTESIAN_POINT ( 'NONE',  ( 2.785301483563191294, 1.000000000000000000, -1.000000000000000000 ) ) ;
#924 = DIRECTION ( 'NONE',  ( 0.000000000000000000, -1.000000000000000000, -0.000000000000000000 ) ) ;
#925 = EDGE_CURVE ( 'NONE', #8, #821, #4654, .T. ) ;
#926 = EDGE_LOOP ( 'NONE', ( #5841, #113, #500, #5746 ) ) ;
#927 = ORIENTED_EDGE ( 'NONE', *, *, #1531, .T. ) ;
#928 = LINE ( 'NONE', #2802, #4390 ) ;
#929 = CARTESIAN_POINT ( 'NONE',  ( 5.785301483563190850, 1.000000000000000000, -1.000000000000000000 ) ) ;
#930 = ORIENTED_EDGE ( 'NONE', *, *, #5925, .T. ) ;
#931 = LINE ( 'NONE', #2346, #1683 ) ;
#932 = CARTESIAN_POINT ( 'NONE',  ( 2.785301483563190850, 2.000000000000000000, 2.799999999999999822 ) ) ;
#933 = EDGE_LOOP ( 'NONE', ( #5561, #1472, #1418, #1787 ) ) ;
#934 = EDGE_CURVE ( 'NONE', #3599, #3461, #5666, .T. ) ;
#935 = EDGE_CURVE ( 'NONE', #2526, #1362, #5640, .T. ) ;
#936 = CARTESIAN_POINT ( 'NONE',  ( 1.500000000000007772, 1.000000000000000000, -2.836630331739350641 ) ) ;
#937 = UNCERTAINTY_MEASURE_WITH_UNIT (LENGTH_MEASURE( 1.000000000000000082E-05 ), #5190, 'distance_accuracy_value', 'NONE');
#938 = DIRECTION ( 'NONE',  ( -0.000000000000000000, -1.000000000000000000, 0.000000000000000000 ) ) ;
#939 = DIRECTION ( 'NONE',  ( 1.000000000000000000, -0.000000000000000000, -6.982962677686266711E-15 ) ) ;
#940 = CARTESIAN_POINT ( 'NONE',  ( 13.37309247536453150, 1.115317123975225533, -5.586345496996282911 ) ) ;
#941 = ORIENTED_EDGE ( 'NONE', *, *, #2537, .F. ) ;
#942 = EDGE_CURVE ( 'NONE', #2662, #1991, #4711, .T. ) ;
#943 = ORIENTED_EDGE ( 'NONE', *, *, #4170, .T. ) ;
#944 = LINE ( 'NONE', #3193, #2410 ) ;
#945 = ORIENTED_EDGE ( 'NONE', *, *, #5311, .T. ) ;
#946 = DIRECTION ( 'NONE',  ( 0.000000000000000000, -1.000000000000000000, 0.000000000000000000 ) ) ;
#947 = CARTESIAN_POINT ( 'NONE',  ( 2.785301483563197511, 0.000000000000000000, -3.007045462299395844 ) ) ;
#948 = APPLICATION_PROTOCOL_DEFINITION ( 'draft international standard', 'automotive_design', 1998, #715 ) ;
#949 = LINE ( 'NONE', #4192, #2209 ) ;
#950 = ORIENTED_EDGE ( 'NONE', *, *, #887, .F. ) ;
#951 = VECTOR ( 'NONE', #2199, 1000.000000000000114 ) ;
#952 = ADVANCED_FACE ( 'NONE', ( #4618 ), #480, .F. ) ;
#953 = CARTESIAN_POINT ( 'NONE',  ( 2.785301483563181968, 1.103464568314089123, -5.267165293036052631 ) ) ;
#954 = ORIENTED_EDGE ( 'NONE', *, *, #858, .T. ) ;
#955 = LINE ( 'NONE', #3851, #1311 ) ;
#956 = VECTOR ( 'NONE', #2091, 1000.000000000000000 ) ;
#957 = ORIENTED_EDGE ( 'NONE', *, *, #787, .F. ) ;
#958 = ORIENTED_EDGE ( 'NONE', *, *, #3560, .F. ) ;
#959 = DIRECTION ( 'NONE',  ( -0.000000000000000000, -1.000000000000000000, -0.000000000000000000 ) ) ;
#960 = VECTOR ( 'NONE', #5930, 1000.000000000000000 ) ;
#961 = LINE ( 'NONE', #5138, #3316 ) ;
#962 = ORIENTED_EDGE ( 'NONE', *, *, #1451, .T. ) ;
#963 = CARTESIAN_POINT ( 'NONE',  ( 15.64120593425276340, 1.000000000000000000, -0.4041232037028949509 ) ) ;
#964 = ORIENTED_EDGE ( 'NONE', *, *, #3229, .T. ) ;
#965 = DIRECTION ( 'NONE',  ( -1.355252715606880543E-16, -1.000000000000000000, -0.000000000000000000 ) ) ;
#966 = ORIENTED_EDGE ( 'NONE', *, *, #3197, .F. ) ;
#967 = ADVANCED_FACE ( 'NONE', ( #3186 ), #1433, .F. ) ;
#968 = LINE ( 'NONE', #2723, #1195 ) ;
#969 = EDGE_CURVE ( 'NONE', #5287, #6017, #3309, .T. ) ;
#970 = DIRECTION ( 'NONE',  ( -0.000000000000000000, -0.000000000000000000, 1.000000000000000000 ) ) ;
#971 = LINE ( 'NONE', #3218, #3159 ) ;
#972 = ORIENTED_EDGE ( 'NONE', *, *, #2880, .F. ) ;
#973 = VERTEX_POINT ( 'NONE', #20 ) ;
#974 = LINE ( 'NONE', #4751, #1925 ) ;
#975 = CARTESIAN_POINT ( 'NONE',  ( -1.500000000000000000, 0.8628211600346445964, -0.4041232037028950064 ) ) ;
#976 = CARTESIAN_POINT ( 'NONE',  ( 14.35590445068957521, 1.000000000000000000, 2.799999999999999822 ) ) ;
#977 = CARTESIAN_POINT ( 'NONE',  ( 17.48806557967019515, 0.000000000000000000, -2.240753535442237432 ) ) ;
#978 = ORIENTED_EDGE ( 'NONE', *, *, #4748, .F. ) ;
#979 = CARTESIAN_POINT ( 'NONE',  ( 9.673210947360779244, 1.400000000000840350, -5.327909680986449459 ) ) ;
#980 = PLANE ( 'NONE',  #3269 ) ;
#981 = VECTOR ( 'NONE', #4673, 1000.000000000000000 ) ;
#982 = VECTOR ( 'NONE', #3052, 1000.000000000000000 ) ;
#983 = VERTEX_POINT ( 'NONE', #425 ) ;
#984 = ORIENTED_EDGE ( 'NONE', *, *, #62, .F. ) ;
#985 = DIRECTION ( 'NONE',  ( 0.000000000000000000, -1.000000000000000000, 0.000000000000000000 ) ) ;
#986 = VECTOR ( 'NONE', #2105, 1000.000000000000000 ) ;
#987 = CARTESIAN_POINT ( 'NONE',  ( 17.14120593425276340, -1.000000000000000000, 0.3238172648295125633 ) ) ;
#988 = VERTEX_POINT ( 'NONE', #2783 ) ;
#989 = DIRECTION ( 'NONE',  ( -1.141265444721583757E-16, 0.000000000000000000, 1.000000000000000000 ) ) ;
#990 = ORIENTED_EDGE ( 'NONE', *, *, #623, .F. ) ;
#991 = VECTOR ( 'NONE', #4089, 1000.000000000000000 ) ;
#992 =( BOUNDED_SURFACE ( )  B_SPLINE_SURFACE ( 3, 2, ( 
 ( #4228, #5137, #904 ),
 ( #2746, #9, #1893 ),
 ( #3770, #5629, #4111 ),
 ( #388, #5049, #356 ),
 ( #3179, #5107, #4199 ),
 ( #5079, #1860, #3271 ) ),
 .UNSPECIFIED., .F., .F., .F. ) 
 B_SPLINE_SURFACE_WITH_KNOTS ( ( 4, 2, 4 ),
 ( 3, 3 ),
 ( 0.001360458961287221635, 0.002901564996485919527, 0.004442671031684617203 ),
 ( 0.000000000000000000, 1.000000000000000000 ),
 .UNSPECIFIED. ) 
 GEOMETRIC_REPRESENTATION_ITEM ( )  RATIONAL_B_SPLINE_SURFACE ( (
 ( 1.000000000000000000, 0.7924374031725293088, 1.000000000000000000),
 ( 1.000000000000000000, 0.7956711654295669511, 1.000000000000000000),
 ( 1.000000000000000000, 0.7972631388398050412, 1.000000000000000000),
 ( 1.000000000000000000, 0.7972633761834646560, 1.000000000000000000),
 ( 1.000000000000000000, 0.7956584909370890690, 1.000000000000000000),
 ( 1.000000000000000000, 0.7924371217378710641, 1.000000000000000000) ) ) 
 REPRESENTATION_ITEM ( '' )  SURFACE ( )  );
#993 = VECTOR ( 'NONE', #1625, 1000.000000000000000 ) ;
#994 = DIRECTION ( 'NONE',  ( 0.000000000000000000, -0.000000000000000000, -1.000000000000000000 ) ) ;
#995 = EDGE_LOOP ( 'NONE', ( #2801, #5569, #2679, #2313 ) ) ;
#996 = EDGE_CURVE ( 'NONE', #5810, #1473, #4745, .T. ) ;
#997 = CIRCLE ( 'NONE', #3261, 2.000000000000000000 ) ;
#998 = LINE ( 'NONE', #2382, #5630 ) ;
#999 = CARTESIAN_POINT ( 'NONE',  ( 5.785301483563195291, 0.000000000000000000, -3.407045462299395755 ) ) ;
#1000 = CARTESIAN_POINT ( 'NONE',  ( 8.917462612543813449, 0.4000000000000000222, -2.240753535442239208 ) ) ;
#1001 = CARTESIAN_POINT ( 'NONE',  ( 7.070602967126382588, 1.000000000000000000, -0.4041232037028950064 ) ) ;
#1002 = ORIENTED_EDGE ( 'NONE', *, *, #30, .T. ) ;
#1003 = ADVANCED_FACE ( 'NONE', ( #5610 ), #1899, .F. ) ;
#1004 = EDGE_CURVE ( 'NONE', #3292, #3566, #849, .T. ) ;
#1005 = ORIENTED_EDGE ( 'NONE', *, *, #1841, .F. ) ;
#1006 = CARTESIAN_POINT ( 'NONE',  ( 10.07060296712638348, 0.5351768109448615807, 2.449066664678466232 ) ) ;
#1007 = CARTESIAN_POINT ( 'NONE',  ( 4.285301483563190850, 1.000000000000000000, 0.8999999999999921396 ) ) ;
#1008 = DIRECTION ( 'NONE',  ( -1.141265444721583757E-16, -0.000000000000000000, -1.000000000000000000 ) ) ;
#1009 = SHAPE_DEFINITION_REPRESENTATION ( #4974, #4669 ) ;
#1010 = VECTOR ( 'NONE', #6079, 1000.000000000000000 ) ;
#1011 = EDGE_CURVE ( 'NONE', #2835, #5252, #968, .T. ) ;
#1012 = FACE_OUTER_BOUND ( 'NONE', #4594, .T. ) ;
#1013 = EDGE_CURVE ( 'NONE', #2744, #2869, #6010, .T. ) ;
#1014 = ORIENTED_EDGE ( 'NONE', *, *, #5085, .F. ) ;
#1015 = ORIENTED_EDGE ( 'NONE', *, *, #2218, .F. ) ;
#1016 = CARTESIAN_POINT ( 'NONE',  ( 3.270072979414067049, 1.400000000000000133, -5.033282760356247998 ) ) ;
#1017 = ORIENTED_EDGE ( 'NONE', *, *, #3260, .F. ) ;
#1018 = VERTEX_POINT ( 'NONE', #394 ) ;
#1019 = CARTESIAN_POINT ( 'NONE',  ( 17.50000000000000711, 0.4000000000000000222, -3.007045462299397620 ) ) ;
#1020 = ORIENTED_EDGE ( 'NONE', *, *, #5838, .F. ) ;
#1021 = CARTESIAN_POINT ( 'NONE',  ( 1.500000000000000444, 0.5351768109448615807, 2.449066664678466232 ) ) ;
#1022 = VERTEX_POINT ( 'NONE', #5554 ) ;
#1023 = CARTESIAN_POINT ( 'NONE',  ( 17.48806557967019515, 0.000000000000000000, -1.000000000000000000 ) ) ;
#1024 = ORIENTED_EDGE ( 'NONE', *, *, #2651, .F. ) ;
#1025 = CARTESIAN_POINT ( 'NONE',  ( 3.541586589143146835, 0.000000000000000000, -3.000000000000000000 ) ) ;
#1026 = ORIENTED_EDGE ( 'NONE', *, *, #5803, .F. ) ;
#1027 = FACE_OUTER_BOUND ( 'NONE', #341, .T. ) ;
#1028 = VERTEX_POINT ( 'NONE', #911 ) ;
#1029 = DIRECTION ( 'NONE',  ( 0.000000000000000000, -1.000000000000000000, 0.000000000000000000 ) ) ;
#1030 = VECTOR ( 'NONE', #1911, 1000.000000000000000 ) ;
#1031 = CARTESIAN_POINT ( 'NONE',  ( 1.499999999999994005, 1.399999999999999911, -4.858578065624948650 ) ) ;
#1032 = DIRECTION ( 'NONE',  ( -1.355252715606880543E-16, -1.000000000000000000, 0.000000000000000000 ) ) ;
#1033 = FACE_OUTER_BOUND ( 'NONE', #3871, .T. ) ;
#1034 = EDGE_CURVE ( 'NONE', #6107, #2096, #2267, .T. ) ;
#1035 = ORIENTED_EDGE ( 'NONE', *, *, #2771, .T. ) ;
#1036 = AXIS2_PLACEMENT_3D ( 'NONE', #2888, #3876, #3504 ) ;
#1037 = VERTEX_POINT ( 'NONE', #1835 ) ;
#1038 = FACE_OUTER_BOUND ( 'NONE', #2712, .T. ) ;
#1039 = CARTESIAN_POINT ( 'NONE',  ( -1.499999999999988010, 1.000000000000000000, -2.240753535442224553 ) ) ;
#1040 = FACE_OUTER_BOUND ( 'NONE', #3935, .T. ) ;
#1041 = CARTESIAN_POINT ( 'NONE',  ( 5.346740465184235624, 0.5614389816210439976, -0.9267798729277888503 ) ) ;
#1042 = VERTEX_POINT ( 'NONE', #878 ) ;
#1043 = ORIENTED_EDGE ( 'NONE', *, *, #3387, .T. ) ;
#1044 = CARTESIAN_POINT ( 'NONE',  ( 7.070602967126378147, 1.399999999999999689, -4.612012738139070755 ) ) ;
#1045 = EDGE_CURVE ( 'NONE', #4294, #1862, #454, .T. ) ;
#1046 = ORIENTED_EDGE ( 'NONE', *, *, #5206, .F. ) ;
#1047 = FACE_OUTER_BOUND ( 'NONE', #5920, .T. ) ;
#1048 = VECTOR ( 'NONE', #1452, 1000.000000000000000 ) ;
#1049 = ORIENTED_EDGE ( 'NONE', *, *, #5065, .T. ) ;
#1050 = EDGE_CURVE ( 'NONE', #4636, #3501, #6069, .T. ) ;
#1051 = ORIENTED_EDGE ( 'NONE', *, *, #1533, .F. ) ;
#1052 = CARTESIAN_POINT ( 'NONE',  ( 2.785301483563198843, 0.000000000000000000, -2.836630331739329769 ) ) ;
#1053 = ORIENTED_EDGE ( 'NONE', *, *, #2259, .T. ) ;
#1054 = LINE ( 'NONE', #4264, #3743 ) ;
#1055 = VECTOR ( 'NONE', #4471, 1000.000000000000000 ) ;
#1056 = DIRECTION ( 'NONE',  ( 1.000000000000000000, 0.000000000000000000, -6.982962677686266711E-15 ) ) ;
#1057 = ORIENTED_EDGE ( 'NONE', *, *, #2356, .F. ) ;
#1058 = AXIS2_PLACEMENT_3D ( 'NONE', #4090, #4425, #3625 ) ;
#1059 = CARTESIAN_POINT ( 'NONE',  ( -0.5171890237760057296, 6.728843058598058429E-16, -5.900666883513137506 ) ) ;
#1060 = CARTESIAN_POINT ( 'NONE',  ( 10.07060296712638170, 0.06443263463840748217, 0.1149657687835883013 ) ) ;
#1061 = DIRECTION ( 'NONE',  ( 1.000000000000000000, -0.000000000000000000, -0.000000000000000000 ) ) ;
#1062 = CARTESIAN_POINT ( 'NONE',  ( 1.500000000000007772, 1.000000000000000000, -2.836630331739350641 ) ) ;
#1063 = VERTEX_POINT ( 'NONE', #3243 ) ;
#1064 = VECTOR ( 'NONE', #4742, 1000.000000000000000 ) ;
#1065 = VERTEX_POINT ( 'NONE', #5147 ) ;
#1066 = DIRECTION ( 'NONE',  ( -1.000000000000000000, 0.000000000000000000, 1.141265444721583757E-16 ) ) ;
#1067 = CARTESIAN_POINT ( 'NONE',  ( 16.62534977083481635, 1.400000000000000355, -5.120335728133785125 ) ) ;
#1068 = DIRECTION ( 'NONE',  ( -6.868836133214108557E-15, 0.000000000000000000, -1.000000000000000000 ) ) ;
#1069 = DIRECTION ( 'NONE',  ( -1.000000000000000000, 0.000000000000000000, 1.141265444721583757E-16 ) ) ;
#1070 = EDGE_CURVE ( 'NONE', #3908, #4171, #6100, .T. ) ;
#1071 = DIRECTION ( 'NONE',  ( -0.000000000000000000, -0.000000000000000000, 1.000000000000000000 ) ) ;
#1072 = VERTEX_POINT ( 'NONE', #5726 ) ;
#1073 = ORIENTED_EDGE ( 'NONE', *, *, #2701, .F. ) ;
#1074 = ORIENTED_EDGE ( 'NONE', *, *, #2138, .T. ) ;
#1075 = CARTESIAN_POINT ( 'NONE',  ( 7.070602967126382588, 0.000000000000000000, -0.4041232037028950064 ) ) ;
#1076 = VERTEX_POINT ( 'NONE', #4385 ) ;
#1077 = DIRECTION ( 'NONE',  ( 1.000000000000000000, -0.000000000000000000, 1.141265444721583757E-16 ) ) ;
#1078 = EDGE_CURVE ( 'NONE', #3915, #4902, #5268, .T. ) ;
#1079 = ADVANCED_FACE ( 'NONE', ( #164 ), #5328, .F. ) ;
#1080 = ADVANCED_FACE ( 'NONE', ( #5784 ), #1121, .F. ) ;
#1081 = ORIENTED_EDGE ( 'NONE', *, *, #5004, .F. ) ;
#1082 = EDGE_LOOP ( 'NONE', ( #3297, #1455, #1409, #6039 ) ) ;
#1083 = CARTESIAN_POINT ( 'NONE',  ( 17.14120593425275985, 1.399999999999999911, -4.612012738139083190 ) ) ;
#1084 = VERTEX_POINT ( 'NONE', #2446 ) ;
#1085 = DIRECTION ( 'NONE',  ( -1.141265444721583757E-16, 0.000000000000000000, 1.000000000000000000 ) ) ;
#1086 = CARTESIAN_POINT ( 'NONE',  ( 0.9999999999999978906, 1.000000000000000000, -1.000000000000000000 ) ) ;
#1087 = ORIENTED_EDGE ( 'NONE', *, *, #2216, .F. ) ;
#1088 = VECTOR ( 'NONE', #3349, 1000.000000000000000 ) ;
#1089 = VECTOR ( 'NONE', #3827, 1000.000000000000000 ) ;
#1090 = ADVANCED_FACE ( 'NONE', ( #1551 ), #107, .F. ) ;
#1091 = AXIS2_PLACEMENT_3D ( 'NONE', #4991, #2635, #4060 ) ;
#1092 = DIRECTION ( 'NONE',  ( -1.000000000000000000, 0.000000000000000000, 0.000000000000000000 ) ) ;
#1093 = AXIS2_PLACEMENT_3D ( 'NONE', #2573, #4491, #4559 ) ;
#1094 = VECTOR ( 'NONE', #178, 1000.000000000000000 ) ;
#1095 = CARTESIAN_POINT ( 'NONE',  ( 3.258802702138357432, 1.400000000000000355, -5.031499608972357152 ) ) ;
#1096 = DIRECTION ( 'NONE',  ( -7.335912872304331086E-17, -0.7660444431189772363, -0.6427876096865402511 ) ) ;
#1097 = CARTESIAN_POINT ( 'NONE',  ( 11.52630831019753366, 0.7834631812238943560, -0.6072026154634254658 ) ) ;
#1098 = ORIENTED_EDGE ( 'NONE', *, *, #1504, .F. ) ;
#1099 = AXIS2_PLACEMENT_3D ( 'NONE', #2444, #4326, #3053 ) ;
#1100 = ORIENTED_EDGE ( 'NONE', *, *, #471, .F. ) ;
#1101 = CARTESIAN_POINT ( 'NONE',  ( 14.35590445068957521, 0.9534028740753672793, 2.799999999999999822 ) ) ;
#1102 = CARTESIAN_POINT ( 'NONE',  ( 5.785301483563180192, 0.000000000000000000, -5.578152595329384233 ) ) ;
#1103 = CARTESIAN_POINT ( 'NONE',  ( 18.14120593425277761, 0.4999999999999978351, -2.240753535442241873 ) ) ;
#1104 = CARTESIAN_POINT ( 'NONE',  ( 1.500000000000011990, 0.3999999999999999667, -2.240753535442245425 ) ) ;
#1105 = LINE ( 'NONE', #4400, #2111 ) ;
#1106 = ORIENTED_EDGE ( 'NONE', *, *, #5422, .T. ) ;
#1107 = VERTEX_POINT ( 'NONE', #5235 ) ;
#1108 = PLANE ( 'NONE',  #5210 ) ;
#1109 = CARTESIAN_POINT ( 'NONE',  ( 15.64120593425277761, 0.4999999999999978351, -2.240753535442224553 ) ) ;
#1110 = EDGE_CURVE ( 'NONE', #3317, #4566, #2519, .T. ) ;
#1111 = AXIS2_PLACEMENT_3D ( 'NONE', #2792, #5592, #3228 ) ;
#1112 = VERTEX_POINT ( 'NONE', #2967 ) ;
#1113 = ORIENTED_EDGE ( 'NONE', *, *, #887, .T. ) ;
#1114 = VERTEX_POINT ( 'NONE', #2935 ) ;
#1115 = LINE ( 'NONE', #1948, #5595 ) ;
#1116 = ORIENTED_EDGE ( 'NONE', *, *, #4870, .F. ) ;
#1117 = CARTESIAN_POINT ( 'NONE',  ( -1.500000000000006439, 1.399999999999999911, -4.858572962426980446 ) ) ;
#1118 = ADVANCED_FACE ( 'NONE', ( #2502 ), #1986, .F. ) ;
#1119 = DIRECTION ( 'NONE',  ( -0.000000000000000000, -1.000000000000000000, 0.000000000000000000 ) ) ;
#1120 = ORIENTED_EDGE ( 'NONE', *, *, #1770, .T. ) ;
#1121 = PLANE ( 'NONE',  #1485 ) ;
#1122 = CARTESIAN_POINT ( 'NONE',  ( 5.785301483563190850, 0.4999999999999978351, -1.000000000000000000 ) ) ;
#1123 = EDGE_CURVE ( 'NONE', #1974, #4980, #998, .T. ) ;
#1124 = LINE ( 'NONE', #2074, #2460 ) ;
#1125 = PLANE ( 'NONE',  #2665 ) ;
#1126 = EDGE_LOOP ( 'NONE', ( #5469, #3382, #564, #3100 ) ) ;
#1127 = EDGE_CURVE ( 'NONE', #4602, #575, #571, .T. ) ;
#1128 = EDGE_CURVE ( 'NONE', #5170, #4188, #4738, .T. ) ;
#1129 = ORIENTED_EDGE ( 'NONE', *, *, #5550, .T. ) ;
#1130 = DIRECTION ( 'NONE',  ( 4.488561888120282676E-15, 0.7660444431189767922, 0.6427876096865409172 ) ) ;
#1131 = PLANE ( 'NONE',  #5819 ) ;
#1132 = EDGE_CURVE ( 'NONE', #2820, #118, #4267, .T. ) ;
#1133 = DIRECTION ( 'NONE',  ( -0.7660444431189811221, 0.000000000000000000, -0.6427876096865355882 ) ) ;
#1134 = CARTESIAN_POINT ( 'NONE',  ( 7.070602967126382588, 0.000000000000000000, -0.4041232037028952284 ) ) ;
#1135 = CIRCLE ( 'NONE', #1036, 1.500000000000000000 ) ;
#1136 = CARTESIAN_POINT ( 'NONE',  ( 5.785301483563191738, -1.000000000000000000, 0.3238172648295125633 ) ) ;
#1137 = ORIENTED_EDGE ( 'NONE', *, *, #5914, .T. ) ;
#1138 = ORIENTED_EDGE ( 'NONE', *, *, #2299, .T. ) ;
#1139 = DIRECTION ( 'NONE',  ( 1.000000000000000000, 0.000000000000000000, 0.000000000000000000 ) ) ;
#1140 = CARTESIAN_POINT ( 'NONE',  ( 4.632161128980621712, 0.000000000000000000, -2.240753535442237432 ) ) ;
#1141 = ORIENTED_EDGE ( 'NONE', *, *, #4420, .F. ) ;
#1142 = DIRECTION ( 'NONE',  ( -0.000000000000000000, -0.000000000000000000, 1.000000000000000000 ) ) ;
#1143 = ORIENTED_EDGE ( 'NONE', *, *, #4354, .F. ) ;
#1144 = EDGE_CURVE ( 'NONE', #3390, #3396, #50, .T. ) ;
#1145 = EDGE_LOOP ( 'NONE', ( #1150, #1232, #3701, #4139 ) ) ;
#1146 = CYLINDRICAL_SURFACE ( 'NONE', #1256, 1.500000000000000000 ) ;
#1147 = ORIENTED_EDGE ( 'NONE', *, *, #4281, .T. ) ;
#1148 = CYLINDRICAL_SURFACE ( 'NONE', #5237, 1.500000000000000000 ) ;
#1149 = CARTESIAN_POINT ( 'NONE',  ( 2.785301483563191738, 0.4000000000000000222, 0.1662919268571591280 ) ) ;
#1150 = ORIENTED_EDGE ( 'NONE', *, *, #2886, .F. ) ;
#1151 = ADVANCED_FACE ( 'NONE', ( #137 ), #4798, .F. ) ;
#1152 = DIRECTION ( 'NONE',  ( 1.000000000000000000, -0.000000000000000000, -6.982962677686266711E-15 ) ) ;
#1153 = VECTOR ( 'NONE', #4353, 1000.000000000000000 ) ;
#1154 = DIRECTION ( 'NONE',  ( 7.335912872304279317E-17, -0.7660444431189810111, -0.6427876096865356992 ) ) ;
#1155 = CARTESIAN_POINT ( 'NONE',  ( 15.64120593425276340, 1.499358225474672235, 1.300000000000000044 ) ) ;
#1156 = CARTESIAN_POINT ( 'NONE',  ( -1.500000000000000000, 0.8628211600346445964, -0.4041232037028950064 ) ) ;
#1157 = ORIENTED_EDGE ( 'NONE', *, *, #3306, .T. ) ;
#1158 = EDGE_CURVE ( 'NONE', #4432, #5716, #1521, .T. ) ;
#1159 = AXIS2_PLACEMENT_3D ( 'NONE', #3051, #4950, #720 ) ;
#1160 = ADVANCED_FACE ( 'NONE', ( #540 ), #1669, .T. ) ;
#1161 = VERTEX_POINT ( 'NONE', #784 ) ;
#1162 = CARTESIAN_POINT ( 'NONE',  ( 4.285301483563190850, 2.000000000000000000, 0.000000000000000000 ) ) ;
#1163 = PLANE ( 'NONE',  #3749 ) ;
#1164 = DIRECTION ( 'NONE',  ( 0.000000000000000000, 0.000000000000000000, 1.000000000000000000 ) ) ;
#1165 = ORIENTED_EDGE ( 'NONE', *, *, #1849, .F. ) ;
#1166 = VECTOR ( 'NONE', #5523, 1000.000000000000000 ) ;
#1167 = DIRECTION ( 'NONE',  ( 4.488561888120282676E-15, 0.7660444431189767922, 0.6427876096865409172 ) ) ;
#1168 = CARTESIAN_POINT ( 'NONE',  ( 14.35590445068957344, 1.000000000000000000, -1.000000000000000000 ) ) ;
#1169 = CARTESIAN_POINT ( 'NONE',  ( 17.64531581809408323, 1.108515853782455984, -5.506187988402309941 ) ) ;
#1170 = ORIENTED_EDGE ( 'NONE', *, *, #3710, .T. ) ;
#1171 = CARTESIAN_POINT ( 'NONE',  ( 18.64120593425276695, 2.000000000000000000, 2.799999999999999822 ) ) ;
#1172 = ORIENTED_EDGE ( 'NONE', *, *, #326, .T. ) ;
#1173 = DIRECTION ( 'NONE',  ( 7.335912872304279317E-17, -0.7660444431189810111, -0.6427876096865356992 ) ) ;
#1174 = FACE_BOUND ( 'NONE', #3877, .T. ) ;
#1175 = ORIENTED_EDGE ( 'NONE', *, *, #5197, .T. ) ;
#1176 = VERTEX_POINT ( 'NONE', #5847 ) ;
#1177 = VERTEX_POINT ( 'NONE', #4052 ) ;
#1178 = FACE_OUTER_BOUND ( 'NONE', #3738, .T. ) ;
#1179 = ORIENTED_EDGE ( 'NONE', *, *, #2424, .F. ) ;
#1180 = CARTESIAN_POINT ( 'NONE',  ( 17.50000000000000711, 0.000000000000000000, -3.407045462299397531 ) ) ;
#1181 = DIRECTION ( 'NONE',  ( 0.000000000000000000, -1.000000000000000000, 0.000000000000000000 ) ) ;
#1182 = ORIENTED_EDGE ( 'NONE', *, *, #5389, .F. ) ;
#1183 = CARTESIAN_POINT ( 'NONE',  ( 10.07060296712639413, 0.000000000000000000, -2.240753535442245425 ) ) ;
#1184 = CARTESIAN_POINT ( 'NONE',  ( 7.070602967126371041, 0.000000000000000000, -5.578147948598760841 ) ) ;
#1185 = CARTESIAN_POINT ( 'NONE',  ( 2.785301483563190850, 0.06443263463840748217, 0.1149657687835883013 ) ) ;
#1186 = DIRECTION ( 'NONE',  ( 5.626621160408424545E-15, -0.5735764363510473807, 0.8191520442889909104 ) ) ;
#1187 = ORIENTED_EDGE ( 'NONE', *, *, #3605, .F. ) ;
#1188 = EDGE_CURVE ( 'NONE', #4389, #2643, #755, .T. ) ;
#1189 = VECTOR ( 'NONE', #1378, 1000.000000000000000 ) ;
#1190 = ORIENTED_EDGE ( 'NONE', *, *, #3162, .F. ) ;
#1191 = VECTOR ( 'NONE', #4889, 1000.000000000000000 ) ;
#1192 = DIRECTION ( 'NONE',  ( 0.000000000000000000, -1.000000000000000000, 0.000000000000000000 ) ) ;
#1193 = DIRECTION ( 'NONE',  ( 1.000000000000000000, 0.000000000000000000, -6.982962677686266711E-15 ) ) ;
#1194 = CARTESIAN_POINT ( 'NONE',  ( 14.35590445068956988, 1.400000000000041211, -4.949634213632581492 ) ) ;
#1195 = VECTOR ( 'NONE', #2841, 1000.000000000000000 ) ;
#1196 = DIRECTION ( 'NONE',  ( -3.093406186374441444E-32, -1.000000000000000000, -2.710505431213761085E-16 ) ) ;
#1197 = ADVANCED_FACE ( 'NONE', ( #5877 ), #5423, .F. ) ;
#1198 =( BOUNDED_CURVE ( )  B_SPLINE_CURVE ( 3, ( #404, #5993, #4162, #5620 ),
 .UNSPECIFIED., .F., .F. ) 
 B_SPLINE_CURVE_WITH_KNOTS ( ( 4, 4 ),
 ( 0.8726646259971631014, 1.198269360942234352 ),
 .UNSPECIFIED. ) 
 CURVE ( )  GEOMETRIC_REPRESENTATION_ITEM ( )  RATIONAL_B_SPLINE_CURVE ( ( 1.000000000000000000, 0.9911846262163772625, 0.9911846262163772625, 1.000000000000000000 ) ) 
 REPRESENTATION_ITEM ( '' )  );
#1199 = VECTOR ( 'NONE', #530, 1000.000000000000000 ) ;
#1200 = CARTESIAN_POINT ( 'NONE',  ( 7.070602967126387917, 0.4000000000000000222, -3.007045462299396288 ) ) ;
#1201 = FACE_OUTER_BOUND ( 'NONE', #3048, .T. ) ;
#1202 = EDGE_LOOP ( 'NONE', ( #1999, #4069, #1179, #3982 ) ) ;
#1203 = VERTEX_POINT ( 'NONE', #4482 ) ;
#1204 = CIRCLE ( 'NONE', #1099, 1.500000000000000000 ) ;
#1205 = LINE ( 'NONE', #4499, #4144 ) ;
#1206 = CARTESIAN_POINT ( 'NONE',  ( -1.500000000000000000, 1.000000000000000000, -1.000000000000000000 ) ) ;
#1207 = FACE_BOUND ( 'NONE', #55, .T. ) ;
#1208 = EDGE_CURVE ( 'NONE', #1114, #295, #4631, .T. ) ;
#1209 = EDGE_CURVE ( 'NONE', #2538, #5193, #2163, .T. ) ;
#1210 = CARTESIAN_POINT ( 'NONE',  ( 12.51218955626952933, 0.000000000000000000, -1.000000000000000000 ) ) ;
#1211 = ORIENTED_EDGE ( 'NONE', *, *, #4361, .T. ) ;
#1212 = CARTESIAN_POINT ( 'NONE',  ( 15.64120593425276340, 1.000000000000000000, 2.799999999999999822 ) ) ;
#1213 = VECTOR ( 'NONE', #3362, 999.9999999999998863 ) ;
#1214 = ORIENTED_EDGE ( 'NONE', *, *, #3765, .F. ) ;
#1215 = DIRECTION ( 'NONE',  ( -0.000000000000000000, -1.000000000000000000, -0.000000000000000000 ) ) ;
#1216 = CARTESIAN_POINT ( 'NONE',  ( 4.285301483563190850, 1.000000000000000000, 0.3238172648295125633 ) ) ;
#1217 = ORIENTED_EDGE ( 'NONE', *, *, #2735, .T. ) ;
#1218 = CARTESIAN_POINT ( 'NONE',  ( 11.35590445068956811, 1.399999999999999911, -4.858572962426980446 ) ) ;
#1219 = CARTESIAN_POINT ( 'NONE',  ( 12.51218955626952933, 0.4000000000000000222, -3.000000000000000000 ) ) ;
#1220 = CARTESIAN_POINT ( 'NONE',  ( 15.64120593425275629, 1.399999999999999911, -4.858572962426980446 ) ) ;
#1221 = DIRECTION ( 'NONE',  ( -1.000000000000000000, -0.000000000000000000, -0.000000000000000000 ) ) ;
#1222 = ORIENTED_EDGE ( 'NONE', *, *, #2873, .F. ) ;
#1223 = EDGE_LOOP ( 'NONE', ( #40, #2893, #331, #4823 ) ) ;
#1224 = FACE_OUTER_BOUND ( 'NONE', #5067, .T. ) ;
#1225 = LINE ( 'NONE', #334, #991 ) ;
#1226 = EDGE_CURVE ( 'NONE', #4783, #3283, #4922, .T. ) ;
#1227 = FACE_OUTER_BOUND ( 'NONE', #5528, .T. ) ;
#1228 = VERTEX_POINT ( 'NONE', #2564 ) ;
#1229 = CARTESIAN_POINT ( 'NONE',  ( 7.070602967126381699, 0.9534028740753675013, 2.799999999999999822 ) ) ;
#1230 = PLANE ( 'NONE',  #3812 ) ;
#1231 = CARTESIAN_POINT ( 'NONE',  ( 1.500000000000000222, 0.06443263463840748217, 0.1149657687835883013 ) ) ;
#1232 = ORIENTED_EDGE ( 'NONE', *, *, #4483, .T. ) ;
#1233 = EDGE_LOOP ( 'NONE', ( #5764, #5415, #4172, #5912 ) ) ;
#1234 = DIRECTION ( 'NONE',  ( -1.355252715606880543E-16, -1.000000000000000000, 0.000000000000000000 ) ) ;
#1235 = LINE ( 'NONE', #5411, #2728 ) ;
#1236 =( GEOMETRIC_REPRESENTATION_CONTEXT ( 3 ) GLOBAL_UNCERTAINTY_ASSIGNED_CONTEXT ( ( #4268 ) ) GLOBAL_UNIT_ASSIGNED_CONTEXT ( ( #5161, #5128, #2310 ) ) REPRESENTATION_CONTEXT ( 'NONE', 'WORKASPACE' ) );
#1237 = CARTESIAN_POINT ( 'NONE',  ( 0.7468596454174303290, 0.000000000000000000, -2.240753535442240096 ) ) ;
#1238 = DIRECTION ( 'NONE',  ( 1.000000000000000000, 0.000000000000000000, -6.982962677686266711E-15 ) ) ;
#1239 = EDGE_CURVE ( 'NONE', #2696, #3599, #5514, .T. ) ;
#1240 = ORIENTED_EDGE ( 'NONE', *, *, #4679, .F. ) ;
#1241 = ORIENTED_EDGE ( 'NONE', *, *, #737, .F. ) ;
#1242 = DIRECTION ( 'NONE',  ( 0.000000000000000000, 0.000000000000000000, -1.000000000000000000 ) ) ;
#1243 = DIRECTION ( 'NONE',  ( 0.000000000000000000, 0.000000000000000000, -1.000000000000000000 ) ) ;
#1244 = CARTESIAN_POINT ( 'NONE',  ( 18.14120593425276340, 1.000000000000000000, -1.000000000000000000 ) ) ;
#1245 = EDGE_CURVE ( 'NONE', #3194, #4042, #5944, .T. ) ;
#1246 = DIRECTION ( 'NONE',  ( 0.000000000000000000, 0.6427876096865402511, -0.7660444431189772363 ) ) ;
#1247 = LINE ( 'NONE', #1219, #567 ) ;
#1248 = LINE ( 'NONE', #1185, #2562 ) ;
#1249 = LINE ( 'NONE', #4518, #5547 ) ;
#1250 = ORIENTED_EDGE ( 'NONE', *, *, #5701, .T. ) ;
#1251 = VECTOR ( 'NONE', #2012, 1000.000000000000000 ) ;
#1252 = CARTESIAN_POINT ( 'NONE',  ( 10.07060296712638525, 1.000000000000000000, -3.407045462299396643 ) ) ;
#1253 = CARTESIAN_POINT ( 'NONE',  ( 1.500000000000000444, 1.499358225474672235, 2.799999999999999822 ) ) ;
#1254 = CARTESIAN_POINT ( 'NONE',  ( 5.785301483563191738, 0.9534028740753672793, 2.799999999999999822 ) ) ;
#1255 = DIRECTION ( 'NONE',  ( -6.868836133214109346E-15, 0.000000000000000000, -1.000000000000000000 ) ) ;
#1256 = AXIS2_PLACEMENT_3D ( 'NONE', #5383, #1735, #2556 ) ;
#1257 = LINE ( 'NONE', #2182, #1847 ) ;
#1258 = CARTESIAN_POINT ( 'NONE',  ( 7.070602967126389693, 0.000000000000000000, -2.836630331739329769 ) ) ;
#1259 = ORIENTED_EDGE ( 'NONE', *, *, #441, .F. ) ;
#1260 = VECTOR ( 'NONE', #667, 1000.000000000000000 ) ;
#1261 = FACE_OUTER_BOUND ( 'NONE', #5292, .T. ) ;
#1262 = DIRECTION ( 'NONE',  ( 1.000000000000000000, -0.000000000000000000, 1.141265444721583757E-16 ) ) ;
#1263 = FACE_OUTER_BOUND ( 'NONE', #5969, .T. ) ;
#1264 = EDGE_CURVE ( 'NONE', #1063, #5527, #3953, .T. ) ;
#1265 = CARTESIAN_POINT ( 'NONE',  ( 16.39749103983271894, 0.000000000000000000, -2.240753535442229882 ) ) ;
#1266 = ORIENTED_EDGE ( 'NONE', *, *, #2394, .T. ) ;
#1267 = EDGE_LOOP ( 'NONE', ( #869, #1748, #2520, #4314, #4595 ) ) ;
#1268 = LINE ( 'NONE', #4917, #2627 ) ;
#1269 = DIRECTION ( 'NONE',  ( 2.168404344971008868E-16, 2.710505431213761085E-15, -1.000000000000000000 ) ) ;
#1270 = EDGE_CURVE ( 'NONE', #4856, #3242, #3120, .T. ) ;
#1271 = DIRECTION ( 'NONE',  ( 1.000000000000000000, 0.000000000000000000, -6.982962677686266711E-15 ) ) ;
#1272 = ORIENTED_EDGE ( 'NONE', *, *, #5799, .T. ) ;
#1273 = EDGE_CURVE ( 'NONE', #4851, #679, #645, .T. ) ;
#1274 = CARTESIAN_POINT ( 'NONE',  ( 17.88806557967019373, 0.4000000000000000222, -3.000000000000000000 ) ) ;
#1275 = DIRECTION ( 'NONE',  ( -0.000000000000000000, -0.000000000000000000, 1.000000000000000000 ) ) ;
#1276 = CARTESIAN_POINT ( 'NONE',  ( -0.3437148944200444367, 0.4000000000000000222, -3.000000000000000000 ) ) ;
#1277 = CARTESIAN_POINT ( 'NONE',  ( 10.07060296712637104, 2.000000000000000000, -5.468901542184360309 ) ) ;
#1278 = ORIENTED_EDGE ( 'NONE', *, *, #5652, .T. ) ;
#1279 = EDGE_CURVE ( 'NONE', #4774, #2643, #5017, .T. ) ;
#1280 = CARTESIAN_POINT ( 'NONE',  ( 10.07060296712638170, 0.4000000000000000222, 0.1662919268571582954 ) ) ;
#1281 = FACE_OUTER_BOUND ( 'NONE', #3392, .T. ) ;
#1282 = CARTESIAN_POINT ( 'NONE',  ( 17.88806557967019373, 0.000000000000000000, -1.000000000000000000 ) ) ;
#1283 = FACE_OUTER_BOUND ( 'NONE', #4619, .T. ) ;
#1284 = AXIS2_PLACEMENT_3D ( 'NONE', #342, #3663, #4568 ) ;
#1285 = VECTOR ( 'NONE', #5010, 1000.000000000000000 ) ;
#1286 = LINE ( 'NONE', #4093, #4809 ) ;
#1287 = LINE ( 'NONE', #2704, #1332 ) ;
#1288 = VECTOR ( 'NONE', #1152, 1000.000000000000000 ) ;
#1289 = ORIENTED_EDGE ( 'NONE', *, *, #1128, .F. ) ;
#1290 = VERTEX_POINT ( 'NONE', #5453 ) ;
#1291 = DIRECTION ( 'NONE',  ( -0.000000000000000000, -1.000000000000000000, 0.000000000000000000 ) ) ;
#1292 = CARTESIAN_POINT ( 'NONE',  ( 14.35590445068957344, 0.000000000000000000, 0.1662919268571577958 ) ) ;
#1293 = VECTOR ( 'NONE', #4182, 1000.000000000000000 ) ;
#1294 = AXIS2_PLACEMENT_3D ( 'NONE', #1661, #3036, #4590 ) ;
#1295 = CARTESIAN_POINT ( 'NONE',  ( 3.541586589143146835, 0.000000000000000000, -1.000000000000000000 ) ) ;
#1296 = AXIS2_PLACEMENT_3D ( 'NONE', #2228, #5043, #2314 ) ;
#1297 = CARTESIAN_POINT ( 'NONE',  ( 5.785301483563190850, 0.000000000000000000, -0.2337080731428413938 ) ) ;
#1298 = ORIENTED_EDGE ( 'NONE', *, *, #1908, .T. ) ;
#1299 = LINE ( 'NONE', #3638, #4012 ) ;
#1300 = EDGE_CURVE ( 'NONE', #3410, #4989, #725, .T. ) ;
#1301 = ORIENTED_EDGE ( 'NONE', *, *, #3644, .F. ) ;
#1302 = FACE_OUTER_BOUND ( 'NONE', #3733, .T. ) ;
#1303 = CARTESIAN_POINT ( 'NONE',  ( 2.785301483563191294, 1.000000000000000000, -1.000000000000000000 ) ) ;
#1304 = ORIENTED_EDGE ( 'NONE', *, *, #1805, .F. ) ;
#1305 = DIRECTION ( 'NONE',  ( -1.141265444721583757E-16, 0.000000000000000000, -1.000000000000000000 ) ) ;
#1306 = EDGE_CURVE ( 'NONE', #158, #354, #230, .T. ) ;
#1307 = DIRECTION ( 'NONE',  ( 0.5407162030609332648, 0.5407162030609377057, -0.6444004775717739886 ) ) ;
#1308 = CARTESIAN_POINT ( 'NONE',  ( 1.032088886237953806, 0.5320888862379536954, -0.9617579545435693822 ) ) ;
#1309 = PLANE ( 'NONE',  #2864 ) ;
#1310 = ORIENTED_EDGE ( 'NONE', *, *, #4234, .T. ) ;
#1311 = VECTOR ( 'NONE', #4852, 1000.000000000000000 ) ;
#1312 = EDGE_CURVE ( 'NONE', #5568, #4613, #3985, .T. ) ;
#1313 = ADVANCED_FACE ( 'NONE', ( #5908 ), #1679, .F. ) ;
#1314 = DIRECTION ( 'NONE',  ( 0.000000000000000000, 0.000000000000000000, -1.000000000000000000 ) ) ;
#1315 = LINE ( 'NONE', #5885, #5342 ) ;
#1316 = CARTESIAN_POINT ( 'NONE',  ( 17.69648226808309488, 1.400000000000169997, -5.423430774507966845 ) ) ;
#1317 = CARTESIAN_POINT ( 'NONE',  ( 2.785301483563198843, 1.000000000000000000, -2.836630331739329769 ) ) ;
#1318 = ORIENTED_EDGE ( 'NONE', *, *, #2739, .T. ) ;
#1319 = EDGE_CURVE ( 'NONE', #5222, #4188, #2563, .T. ) ;
#1320 = DIRECTION ( 'NONE',  ( -0.6427876096865463573, -0.000000000000000000, -0.7660444431189722403 ) ) ;
#1321 = ORIENTED_EDGE ( 'NONE', *, *, #4443, .T. ) ;
#1322 = PLANE ( 'NONE',  #3647 ) ;
#1323 = DIRECTION ( 'NONE',  ( -1.000000000000000000, -0.000000000000000000, 1.141265444721583757E-16 ) ) ;
#1324 = B_SPLINE_CURVE_WITH_KNOTS ( 'NONE', 3,
 ( #3462, #782, #1609, #5874, #4919, #3484, #4981, #1117 ),
 .UNSPECIFIED., .F., .F.,
 ( 4, 2, 2, 4 ),
 ( 0.000000000000000000, 0.0007624254491577281065, 0.001524850898315456213, 0.003049701796630912426 ),
 .UNSPECIFIED. ) ;
#1325 = LINE ( 'NONE', #2887, #332 ) ;
#1326 = CARTESIAN_POINT ( 'NONE',  ( -0.3437148944200442702, 0.3999999999999999667, -2.240753535442232547 ) ) ;
#1327 = ORIENTED_EDGE ( 'NONE', *, *, #1013, .T. ) ;
#1328 = DIRECTION ( 'NONE',  ( -1.141265444721583757E-16, -0.000000000000000000, -1.000000000000000000 ) ) ;
#1329 = FACE_OUTER_BOUND ( 'NONE', #1638, .T. ) ;
#1330 = DIRECTION ( 'NONE',  ( 1.000000000000000000, 0.000000000000000000, 0.000000000000000000 ) ) ;
#1331 = VERTEX_POINT ( 'NONE', #5601 ) ;
#1332 = VECTOR ( 'NONE', #5436, 1000.000000000000000 ) ;
#1333 = EDGE_CURVE ( 'NONE', #5683, #2078, #2317, .T. ) ;
#1334 = ORIENTED_EDGE ( 'NONE', *, *, #1647, .F. ) ;
#1335 = ORIENTED_EDGE ( 'NONE', *, *, #1887, .T. ) ;
#1336 = CARTESIAN_POINT ( 'NONE',  ( 2.785301483563183300, 1.372383960302707928, -5.038967344092047718 ) ) ;
#1337 = LINE ( 'NONE', #4175, #1349 ) ;
#1338 = EDGE_LOOP ( 'NONE', ( #1633, #3370, #3359, #3816 ) ) ;
#1339 = LINE ( 'NONE', #1402, #2949 ) ;
#1340 = DIRECTION ( 'NONE',  ( -6.982962677686266711E-15, 0.000000000000000000, -1.000000000000000000 ) ) ;
#1341 = VERTEX_POINT ( 'NONE', #472 ) ;
#1342 = EDGE_CURVE ( 'NONE', #661, #5193, #1398, .T. ) ;
#1343 = CARTESIAN_POINT ( 'NONE',  ( 17.50000000000000711, 0.000000000000000000, -3.407045462299397531 ) ) ;
#1344 = CARTESIAN_POINT ( 'NONE',  ( 5.285301483563200620, 0.000000000000000000, -2.240753535442241873 ) ) ;
#1345 = CARTESIAN_POINT ( 'NONE',  ( 17.66091944311148865, 1.400000000000000355, -5.120578528970613164 ) ) ;
#1346 = DIRECTION ( 'NONE',  ( -1.000000000000000000, 0.000000000000000000, 6.982962677686266711E-15 ) ) ;
#1347 = EDGE_CURVE ( 'NONE', #2846, #2835, #5171, .T. ) ;
#1348 = EDGE_CURVE ( 'NONE', #1228, #3381, #928, .T. ) ;
#1349 = VECTOR ( 'NONE', #5080, 1000.000000000000000 ) ;
#1350 = ORIENTED_EDGE ( 'NONE', *, *, #1451, .F. ) ;
#1351 = CARTESIAN_POINT ( 'NONE',  ( 13.88589927491814713, 1.399999999999999911, -5.030233932062368574 ) ) ;
#1352 = VERTEX_POINT ( 'NONE', #817 ) ;
#1353 = CARTESIAN_POINT ( 'NONE',  ( 10.07060296712638170, 0.4999999999999978351, -1.000000000000000000 ) ) ;
#1354 = LINE ( 'NONE', #857, #2148 ) ;
#1355 = AXIS2_PLACEMENT_3D ( 'NONE', #4515, #293, #2657 ) ;
#1356 = CARTESIAN_POINT ( 'NONE',  ( 11.35590445068957344, 0.000000000000000000, 0.1662919268571581566 ) ) ;
#1357 = AXIS2_PLACEMENT_3D ( 'NONE', #2254, #5100, #5039 ) ;
#1358 = CARTESIAN_POINT ( 'NONE',  ( 0.000000000000000000, 1.000000000000000000, 0.8999999999999921396 ) ) ;
#1359 = PLANE ( 'NONE',  #5046 ) ;
#1360 = VECTOR ( 'NONE', #1790, 1000.000000000000000 ) ;
#1361 = CARTESIAN_POINT ( 'NONE',  ( -1.013893357946012763, 1.106833761053985121, -5.425736373931110634 ) ) ;
#1362 = VERTEX_POINT ( 'NONE', #4173 ) ;
#1363 = VERTEX_POINT ( 'NONE', #2229 ) ;
#1364 = FACE_OUTER_BOUND ( 'NONE', #3968, .T. ) ;
#1365 = FACE_OUTER_BOUND ( 'NONE', #2848, .T. ) ;
#1366 = ORIENTED_EDGE ( 'NONE', *, *, #1531, .F. ) ;
#1367 = DIRECTION ( 'NONE',  ( 0.000000000000000000, 0.6427876096865402511, -0.7660444431189772363 ) ) ;
#1368 = DIRECTION ( 'NONE',  ( 0.000000000000000000, 1.000000000000000000, 0.000000000000000000 ) ) ;
#1369 = EDGE_LOOP ( 'NONE', ( #2958, #5614, #5396, #1784 ) ) ;
#1370 = DIRECTION ( 'NONE',  ( 1.000000000000000000, -0.000000000000000000, 0.000000000000000000 ) ) ;
#1371 = PLANE ( 'NONE',  #3249 ) ;
#1372 = PLANE ( 'NONE',  #1850 ) ;
#1373 = DIRECTION ( 'NONE',  ( -0.5407162030609378167, 0.5407162030609377057, 0.6444004775717702138 ) ) ;
#1374 = ADVANCED_FACE ( 'NONE', ( #1364 ), #1801, .F. ) ;
#1375 = ORIENTED_EDGE ( 'NONE', *, *, #3952, .F. ) ;
#1376 = CARTESIAN_POINT ( 'NONE',  ( 10.07060296712638170, 1.000000000000000000, 0.8999999999999916955 ) ) ;
#1377 = ORIENTED_EDGE ( 'NONE', *, *, #4214, .T. ) ;
#1378 = DIRECTION ( 'NONE',  ( 0.000000000000000000, -1.000000000000000000, 0.000000000000000000 ) ) ;
#1379 = CARTESIAN_POINT ( 'NONE',  ( 10.07060296712638525, 0.000000000000000000, -3.407045462299396199 ) ) ;
#1380 = EDGE_CURVE ( 'NONE', #5679, #5653, #3153, .T. ) ;
#1381 = AXIS2_PLACEMENT_3D ( 'NONE', #2733, #1789, #2187 ) ;
#1382 = VECTOR ( 'NONE', #1863, 1000.000000000000000 ) ;
#1383 = DIRECTION ( 'NONE',  ( 0.000000000000000000, -0.6427876096865358102, 0.7660444431189811221 ) ) ;
#1384 = VECTOR ( 'NONE', #3655, 1000.000000000000000 ) ;
#1385 = DIRECTION ( 'NONE',  ( 6.868836133214108557E-15, 0.000000000000000000, 1.000000000000000000 ) ) ;
#1386 = AXIS2_PLACEMENT_3D ( 'NONE', #3279, #5611, #2383 ) ;
#1387 = VECTOR ( 'NONE', #670, 1000.000000000000000 ) ;
#1388 = VERTEX_POINT ( 'NONE', #2343 ) ;
#1389 = ADVANCED_FACE ( 'NONE', ( #3734 ), #992, .T. ) ;
#1390 = DIRECTION ( 'NONE',  ( -6.868836133214109346E-15, 0.000000000000000000, -1.000000000000000000 ) ) ;
#1391 = VECTOR ( 'NONE', #3959, 1000.000000000000000 ) ;
#1392 = CARTESIAN_POINT ( 'NONE',  ( 14.35590445068956278, 0.000000000000000000, -5.578152595329384233 ) ) ;
#1393 = EDGE_CURVE ( 'NONE', #4774, #3273, #843, .T. ) ;
#1394 = AXIS2_PLACEMENT_3D ( 'NONE', #5294, #4767, #1457 ) ;
#1395 = ORIENTED_EDGE ( 'NONE', *, *, #5361, .F. ) ;
#1396 = ORIENTED_EDGE ( 'NONE', *, *, #5206, .T. ) ;
#1397 = EDGE_CURVE ( 'NONE', #5748, #2103, #2616, .T. ) ;
#1398 = LINE ( 'NONE', #2775, #5733 ) ;
#1399 = VECTOR ( 'NONE', #4668, 1000.000000000000000 ) ;
#1400 = CARTESIAN_POINT ( 'NONE',  ( 14.35590445068958054, 0.3999999999999999667, -3.007045462299397176 ) ) ;
#1401 = ORIENTED_EDGE ( 'NONE', *, *, #2010, .T. ) ;
#1402 = CARTESIAN_POINT ( 'NONE',  ( 7.826888072706338129, 1.000000000000000000, -2.240753535442229882 ) ) ;
#1403 = CARTESIAN_POINT ( 'NONE',  ( 4.632161128980621712, 0.000000000000000000, -1.000000000000000000 ) ) ;
#1404 = ORIENTED_EDGE ( 'NONE', *, *, #1730, .T. ) ;
#1405 = CARTESIAN_POINT ( 'NONE',  ( 7.070602967126381699, 2.000000000000000000, 2.799999999999999822 ) ) ;
#1406 = LINE ( 'NONE', #3187, #4048 ) ;
#1407 = CARTESIAN_POINT ( 'NONE',  ( 16.58582228247927759, 1.399999999999831823, -5.423416779412474575 ) ) ;
#1408 = DIRECTION ( 'NONE',  ( 0.000000000000000000, 1.000000000000000000, 0.000000000000000000 ) ) ;
#1409 = ORIENTED_EDGE ( 'NONE', *, *, #969, .F. ) ;
#1410 = AXIS2_PLACEMENT_3D ( 'NONE', #2058, #249, #3939 ) ;
#1411 = EDGE_LOOP ( 'NONE', ( #277, #2461, #2826, #475, #4497, #1301, #2263, #4132, #5008, #1891, #2341, #3212, #740, #3550, #747, #4259, #1289, #4304, #1190, #2614, #3085, #4907, #4488, #3516, #5807, #1745, #3251, #1250, #5487, #2255, #318, #5476, #3673, #2355, #25, #3022, #4193, #420, #2223, #696, #5458, #3849, #966, #1711, #4878, #962, #5692, #5745 ) ) ;
#1412 = EDGE_CURVE ( 'NONE', #5477, #1363, #2292, .T. ) ;
#1413 = CARTESIAN_POINT ( 'NONE',  ( 7.070602967126374594, 1.115317123975225755, -5.263824959924734870 ) ) ;
#1414 = ORIENTED_EDGE ( 'NONE', *, *, #4029, .F. ) ;
#1415 = LINE ( 'NONE', #461, #2853 ) ;
#1416 = LINE ( 'NONE', #3725, #384 ) ;
#1417 = DIRECTION ( 'NONE',  ( -0.000000000000000000, -1.000000000000000000, 0.000000000000000000 ) ) ;
#1418 = ORIENTED_EDGE ( 'NONE', *, *, #3380, .F. ) ;
#1419 = CARTESIAN_POINT ( 'NONE',  ( 3.271408125617179863, 1.106833761053985343, -5.425736373931111522 ) ) ;
#1420 = CARTESIAN_POINT ( 'NONE',  ( 5.785301483563199731, 1.000000000000000000, -2.836630331739350641 ) ) ;
#1421 = EDGE_CURVE ( 'NONE', #2381, #3487, #4909, .T. ) ;
#1422 = VECTOR ( 'NONE', #3694, 1000.000000000000000 ) ;
#1423 = VERTEX_POINT ( 'NONE', #1021 ) ;
#1424 = DIRECTION ( 'NONE',  ( 1.000000000000000000, -0.000000000000000000, -0.000000000000000000 ) ) ;
#1425 = DIRECTION ( 'NONE',  ( 1.000000000000000000, -0.000000000000000000, -0.000000000000000000 ) ) ;
#1426 = ORIENTED_EDGE ( 'NONE', *, *, #2250, .T. ) ;
#1427 = DIRECTION ( 'NONE',  ( 0.000000000000000000, 0.000000000000000000, -1.000000000000000000 ) ) ;
#1428 = VERTEX_POINT ( 'NONE', #5228 ) ;
#1429 = VECTOR ( 'NONE', #1664, 1000.000000000000000 ) ;
#1430 = LINE ( 'NONE', #1897, #2473 ) ;
#1431 = VERTEX_POINT ( 'NONE', #560 ) ;
#1432 = EDGE_CURVE ( 'NONE', #2100, #1423, #1581, .T. ) ;
#1433 = PLANE ( 'NONE',  #2275 ) ;
#1434 = DIRECTION ( 'NONE',  ( 7.335912872304279317E-17, -0.7660444431189810111, -0.6427876096865356992 ) ) ;
#1435 = FACE_OUTER_BOUND ( 'NONE', #5783, .T. ) ;
#1436 = FACE_OUTER_BOUND ( 'NONE', #926, .T. ) ;
#1437 = ORIENTED_EDGE ( 'NONE', *, *, #3680, .T. ) ;
#1438 = ORIENTED_EDGE ( 'NONE', *, *, #1645, .F. ) ;
#1439 = CARTESIAN_POINT ( 'NONE',  ( 11.20592806608015657, 1.102365630357457826, -5.215502924329154411 ) ) ;
#1440 = CARTESIAN_POINT ( 'NONE',  ( 2.785301483563190850, 1.499358225474672235, 2.799999999999999822 ) ) ;
#1441 = CARTESIAN_POINT ( 'NONE',  ( 5.285301483563189073, 1.000000000000000000, -1.000000000000000000 ) ) ;
#1442 = ORIENTED_EDGE ( 'NONE', *, *, #3485, .F. ) ;
#1443 = CARTESIAN_POINT ( 'NONE',  ( 10.19361506860994027, 1.400000000000000133, -5.141473183975623584 ) ) ;
#1444 = CARTESIAN_POINT ( 'NONE',  ( 1.500000000000000000, 0.3999999999999999667, -0.2337080731428425873 ) ) ;
#1445 = ADVANCED_FACE ( 'NONE', ( #5659 ), #4939, .F. ) ;
#1446 = VECTOR ( 'NONE', #4428, 1000.000000000000114 ) ;
#1447 = ORIENTED_EDGE ( 'NONE', *, *, #5532, .T. ) ;
#1448 = ORIENTED_EDGE ( 'NONE', *, *, #1777, .F. ) ;
#1449 = CARTESIAN_POINT ( 'NONE',  ( -0.9999999999999859002, 0.000000000000000000, -2.240753535442228106 ) ) ;
#1450 = VECTOR ( 'NONE', #6046, 1000.000000000000000 ) ;
#1451 = EDGE_CURVE ( 'NONE', #2349, #635, #3299, .T. ) ;
#1452 = DIRECTION ( 'NONE',  ( -3.093406186374441444E-32, -1.000000000000000000, -2.710505431213761085E-16 ) ) ;
#1453 = ORIENTED_EDGE ( 'NONE', *, *, #5983, .F. ) ;
#1454 = CARTESIAN_POINT ( 'NONE',  ( 8.570602967126388805, 1.000000000000000000, -2.836630331739339983 ) ) ;
#1455 = ORIENTED_EDGE ( 'NONE', *, *, #714, .T. ) ;
#1456 = EDGE_CURVE ( 'NONE', #4442, #688, #70, .T. ) ;
#1457 = DIRECTION ( 'NONE',  ( -6.982962677686266711E-15, 0.000000000000000000, -1.000000000000000000 ) ) ;
#1458 = ORIENTED_EDGE ( 'NONE', *, *, #4635, .F. ) ;
#1459 = CARTESIAN_POINT ( 'NONE',  ( 15.64120593425277761, 1.000000000000000000, -2.240753535442224553 ) ) ;
#1460 =( BOUNDED_CURVE ( )  B_SPLINE_CURVE ( 3, ( #4707, #3679, #5576, #2780 ),
 .UNSPECIFIED., .F., .F. ) 
 B_SPLINE_CURVE_WITH_KNOTS ( ( 4, 4 ),
 ( 1.943323292647559208, 2.268928027592630681 ),
 .UNSPECIFIED. ) 
 CURVE ( )  GEOMETRIC_REPRESENTATION_ITEM ( )  RATIONAL_B_SPLINE_CURVE ( ( 1.000000000000000000, 0.9911846262163772625, 0.9911846262163772625, 1.000000000000000000 ) ) 
 REPRESENTATION_ITEM ( '' )  );
#1461 = CARTESIAN_POINT ( 'NONE',  ( 2.635325098953773093, 1.102365630357457826, -5.215502924329154411 ) ) ;
#1462 = LINE ( 'NONE', #5730, #1856 ) ;
#1463 = CARTESIAN_POINT ( 'NONE',  ( 13.85590445068958410, 0.4999999999999978351, -2.240753535442241873 ) ) ;
#1464 = ORIENTED_EDGE ( 'NONE', *, *, #2146, .T. ) ;
#1465 = EDGE_CURVE ( 'NONE', #2430, #3495, #2894, .T. ) ;
#1466 = ORIENTED_EDGE ( 'NONE', *, *, #5234, .T. ) ;
#1467 = FACE_OUTER_BOUND ( 'NONE', #4575, .T. ) ;
#1468 = CARTESIAN_POINT ( 'NONE',  ( 4.285301483563190850, 0.5320888862379536954, -0.9617579545435694932 ) ) ;
#1469 = LINE ( 'NONE', #5824, #2245 ) ;
#1470 = DIRECTION ( 'NONE',  ( -0.000000000000000000, -0.000000000000000000, 1.000000000000000000 ) ) ;
#1471 = PLANE ( 'NONE',  #4278 ) ;
#1472 = ORIENTED_EDGE ( 'NONE', *, *, #4276, .T. ) ;
#1473 = VERTEX_POINT ( 'NONE', #1975 ) ;
#1474 = ORIENTED_EDGE ( 'NONE', *, *, #1333, .F. ) ;
#1475 = ORIENTED_EDGE ( 'NONE', *, *, #3264, .F. ) ;
#1476 = CARTESIAN_POINT ( 'NONE',  ( 9.570602967126379923, 1.000000000000000000, -1.000000000000000000 ) ) ;
#1477 = VERTEX_POINT ( 'NONE', #502 ) ;
#1478 = DIRECTION ( 'NONE',  ( 1.141265444721583757E-16, 0.000000000000000000, -1.000000000000000000 ) ) ;
#1479 = VECTOR ( 'NONE', #4160, 1000.000000000000000 ) ;
#1480 = VECTOR ( 'NONE', #1923, 1000.000000000000000 ) ;
#1481 = ORIENTED_EDGE ( 'NONE', *, *, #1158, .T. ) ;
#1482 = EDGE_CURVE ( 'NONE', #1852, #679, #5200, .T. ) ;
#1483 = LINE ( 'NONE', #3794, #303 ) ;
#1484 = ORIENTED_EDGE ( 'NONE', *, *, #210, .T. ) ;
#1485 = AXIS2_PLACEMENT_3D ( 'NONE', #3467, #1029, #2902 ) ;
#1486 = LINE ( 'NONE', #1023, #4501 ) ;
#1487 = VERTEX_POINT ( 'NONE', #3332 ) ;
#1488 = CARTESIAN_POINT ( 'NONE',  ( 15.64120593425277406, 1.000000000000000000, -2.836630331739329769 ) ) ;
#1489 = AXIS2_PLACEMENT_3D ( 'NONE', #5596, #6085, #3640 ) ;
#1490 = CARTESIAN_POINT ( 'NONE',  ( 0.3468596454174303068, 0.4000000000000000222, -3.000000000000000000 ) ) ;
#1491 = ORIENTED_EDGE ( 'NONE', *, *, #3466, .F. ) ;
#1492 = AXIS2_PLACEMENT_3D ( 'NONE', #1086, #162, #48 ) ;
#1493 = DIRECTION ( 'NONE',  ( 7.097089222158425653E-15, -0.000000000000000000, 1.000000000000000000 ) ) ;
#1494 = DIRECTION ( 'NONE',  ( -0.6427876096865463573, -0.000000000000000000, -0.7660444431189722403 ) ) ;
#1495 = FACE_OUTER_BOUND ( 'NONE', #3767, .T. ) ;
#1496 = DIRECTION ( 'NONE',  ( -0.000000000000000000, -1.000000000000000000, 0.000000000000000000 ) ) ;
#1497 = ORIENTED_EDGE ( 'NONE', *, *, #4679, .T. ) ;
#1498 = EDGE_LOOP ( 'NONE', ( #3958, #3029, #369, #5511 ) ) ;
#1499 = CARTESIAN_POINT ( 'NONE',  ( 7.070602967126394134, 0.4999999999999978351, -2.240753535442224553 ) ) ;
#1500 = CARTESIAN_POINT ( 'NONE',  ( 11.85590445068958765, 0.000000000000000000, -2.240753535442228106 ) ) ;
#1501 = DIRECTION ( 'NONE',  ( 1.000000000000000000, -0.000000000000000000, -6.982962677686266711E-15 ) ) ;
#1502 = PRODUCT_CONTEXT ( 'NONE', #4727, 'mechanical' ) ;
#1503 = VECTOR ( 'NONE', #557, 1000.000000000000000 ) ;
#1504 = EDGE_CURVE ( 'NONE', #5679, #4937, #4470, .T. ) ;
#1505 = LINE ( 'NONE', #2516, #5280 ) ;
#1506 = ORIENTED_EDGE ( 'NONE', *, *, #1270, .F. ) ;
#1507 = ORIENTED_EDGE ( 'NONE', *, *, #1761, .T. ) ;
#1508 = ORIENTED_EDGE ( 'NONE', *, *, #6003, .T. ) ;
#1509 = CARTESIAN_POINT ( 'NONE',  ( 17.50000000000000711, 0.000000000000000000, -0.2337080731428427260 ) ) ;
#1510 = ORIENTED_EDGE ( 'NONE', *, *, #3821, .T. ) ;
#1511 = CARTESIAN_POINT ( 'NONE',  ( 9.602691853364335728, 0.5320888862379536954, -0.9617579545435693822 ) ) ;
#1512 = ORIENTED_EDGE ( 'NONE', *, *, #848, .F. ) ;
#1513 = DIRECTION ( 'NONE',  ( -4.005262847839656493E-15, -0.8191520442889909104, -0.5735764363510473807 ) ) ;
#1514 = ORIENTED_EDGE ( 'NONE', *, *, #2028, .T. ) ;
#1515 = ORIENTED_EDGE ( 'NONE', *, *, #5591, .F. ) ;
#1516 = CARTESIAN_POINT ( 'NONE',  ( 0.000000000000000000, 1.000000000000000000, 0.3238172648295125633 ) ) ;
#1517 = VERTEX_POINT ( 'NONE', #2404 ) ;
#1518 = CARTESIAN_POINT ( 'NONE',  ( 10.07060296712639413, 1.399999999999999911, -2.240753535442245425 ) ) ;
#1519 = CARTESIAN_POINT ( 'NONE',  ( 5.785301483563181968, 1.103464666456457577, -5.267169912107815044 ) ) ;
#1520 = ORIENTED_EDGE ( 'NONE', *, *, #4361, .F. ) ;
#1521 = LINE ( 'NONE', #1928, #4051 ) ;
#1522 = CARTESIAN_POINT ( 'NONE',  ( 17.88806557967019373, 0.000000000000000000, -2.240753535442240096 ) ) ;
#1523 = DIRECTION ( 'NONE',  ( 0.000000000000000000, -1.000000000000000000, -0.000000000000000000 ) ) ;
#1524 = CARTESIAN_POINT ( 'NONE',  ( 17.88806557967020083, 0.4000000000000000222, -2.240753535442240096 ) ) ;
#1525 = EDGE_LOOP ( 'NONE', ( #6074, #2555, #4033, #1766 ) ) ;
#1526 = EDGE_CURVE ( 'NONE', #5477, #310, #5409, .T. ) ;
#1527 = ORIENTED_EDGE ( 'NONE', *, *, #5361, .T. ) ;
#1528 = DIRECTION ( 'NONE',  ( -1.141265444721583757E-16, -0.000000000000000000, -1.000000000000000000 ) ) ;
#1529 = DIRECTION ( 'NONE',  ( 0.000000000000000000, -1.000000000000000000, -0.000000000000000000 ) ) ;
#1530 = FACE_OUTER_BOUND ( 'NONE', #558, .T. ) ;
#1531 = EDGE_CURVE ( 'NONE', #1341, #1076, #5717, .T. ) ;
#1532 = EDGE_CURVE ( 'NONE', #651, #1331, #3397, .T. ) ;
#1533 = EDGE_CURVE ( 'NONE', #5645, #4602, #1483, .T. ) ;
#1534 = LINE ( 'NONE', #2945, #3986 ) ;
#1535 = ORIENTED_EDGE ( 'NONE', *, *, #1209, .F. ) ;
#1536 = VERTEX_POINT ( 'NONE', #3969 ) ;
#1537 = LINE ( 'NONE', #4850, #3321 ) ;
#1538 = ORIENTED_EDGE ( 'NONE', *, *, #5808, .F. ) ;
#1539 = LINE ( 'NONE', #3820, #5160 ) ;
#1540 = EDGE_CURVE ( 'NONE', #5226, #5044, #2122, .T. ) ;
#1541 = VECTOR ( 'NONE', #1810, 1000.000000000000000 ) ;
#1542 = ORIENTED_EDGE ( 'NONE', *, *, #4719, .F. ) ;
#1543 = VERTEX_POINT ( 'NONE', #2438 ) ;
#1544 = DIRECTION ( 'NONE',  ( 0.000000000000000000, 1.000000000000000000, 0.000000000000000000 ) ) ;
#1545 = ORIENTED_EDGE ( 'NONE', *, *, #2656, .T. ) ;
#1546 = LINE ( 'NONE', #102, #5923 ) ;
#1547 = AXIS2_PLACEMENT_3D ( 'NONE', #381, #812, #5566 ) ;
#1548 = DIRECTION ( 'NONE',  ( 1.000000000000000000, -0.000000000000000000, 0.000000000000000000 ) ) ;
#1549 = ORIENTED_EDGE ( 'NONE', *, *, #1777, .T. ) ;
#1550 = VECTOR ( 'NONE', #4589, 1000.000000000000000 ) ;
#1551 = FACE_OUTER_BOUND ( 'NONE', #3695, .T. ) ;
#1552 = CARTESIAN_POINT ( 'NONE',  ( 3.765488591701607657, 1.400000000000000355, -5.120565198620423253 ) ) ;
#1553 = CARTESIAN_POINT ( 'NONE',  ( 15.64120593425276340, 1.499358225474672235, 1.300000000000000044 ) ) ;
#1554 = CARTESIAN_POINT ( 'NONE',  ( 5.285301483563189073, 0.000000000000000000, -1.000000000000000000 ) ) ;
#1555 = VERTEX_POINT ( 'NONE', #2833 ) ;
#1556 = VECTOR ( 'NONE', #1061, 1000.000000000000000 ) ;
#1557 = ORIENTED_EDGE ( 'NONE', *, *, #529, .F. ) ;
#1558 = VERTEX_POINT ( 'NONE', #2866 ) ;
#1559 = CARTESIAN_POINT ( 'NONE',  ( 14.50594116135179590, 1.102365273526561218, -5.215486168409626977 ) ) ;
#1560 = CARTESIAN_POINT ( 'NONE',  ( 14.35590445068957699, 0.3999999999999999667, -3.407045462299397531 ) ) ;
#1561 = EDGE_CURVE ( 'NONE', #5645, #5856, #533, .T. ) ;
#1562 = DIRECTION ( 'NONE',  ( 7.097089222158425653E-15, -0.000000000000000000, 1.000000000000000000 ) ) ;
#1563 = CARTESIAN_POINT ( 'NONE',  ( -0.7437148944200444589, 0.000000000000000000, -1.000000000000000000 ) ) ;
#1564 = EDGE_CURVE ( 'NONE', #3607, #5496, #4762, .T. ) ;
#1565 = ORIENTED_EDGE ( 'NONE', *, *, #681, .F. ) ;
#1566 = FACE_OUTER_BOUND ( 'NONE', #4761, .T. ) ;
#1567 = ORIENTED_EDGE ( 'NONE', *, *, #3699, .T. ) ;
#1568 = VERTEX_POINT ( 'NONE', #3823 ) ;
#1569 = DIRECTION ( 'NONE',  ( 0.000000000000000000, 0.000000000000000000, -1.000000000000000000 ) ) ;
#1570 = ADVANCED_FACE ( 'NONE', ( #4320 ), #3855, .F. ) ;
#1571 = ORIENTED_EDGE ( 'NONE', *, *, #1270, .T. ) ;
#1572 = EDGE_CURVE ( 'NONE', #423, #739, #695, .T. ) ;
#1573 = EDGE_LOOP ( 'NONE', ( #2347, #37, #4775, #5980 ) ) ;
#1574 = ORIENTED_EDGE ( 'NONE', *, *, #5470, .F. ) ;
#1575 = CARTESIAN_POINT ( 'NONE',  ( 15.64120593425276340, 0.000000000000000000, -1.000000000000000000 ) ) ;
#1576 = ORIENTED_EDGE ( 'NONE', *, *, #2759, .F. ) ;
#1577 = CARTESIAN_POINT ( 'NONE',  ( 3.541586589143146835, 0.4000000000000000222, -2.240753535442231215 ) ) ;
#1578 = EDGE_CURVE ( 'NONE', #2983, #2319, #5438, .T. ) ;
#1579 = LINE ( 'NONE', #3464, #3463 ) ;
#1580 = EDGE_LOOP ( 'NONE', ( #3674, #2642, #3423, #3016 ) ) ;
#1581 = CIRCLE ( 'NONE', #5534, 1.500000000000000000 ) ;
#1582 = AXIS2_PLACEMENT_3D ( 'NONE', #1155, #3027, #1650 ) ;
#1583 = ADVANCED_FACE ( 'NONE', ( #2246 ), #5471, .F. ) ;
#1584 = VECTOR ( 'NONE', #3712, 1000.000000000000000 ) ;
#1585 = CARTESIAN_POINT ( 'NONE',  ( 14.35590445068957521, 1.499358225474672235, 2.799999999999999822 ) ) ;
#1586 = VECTOR ( 'NONE', #970, 1000.000000000000000 ) ;
#1587 = VECTOR ( 'NONE', #1854, 1000.000000000000000 ) ;
#1588 = CARTESIAN_POINT ( 'NONE',  ( 2.662349020418070200, 1.400000000000000355, -5.141489476468492192 ) ) ;
#1589 = CARTESIAN_POINT ( 'NONE',  ( 2.785301483563180192, 8.673617379884035472E-16, -5.578147948598759065 ) ) ;
#1590 = DIRECTION ( 'NONE',  ( -0.000000000000000000, -1.000000000000000000, 0.000000000000000000 ) ) ;
#1591 = ORIENTED_EDGE ( 'NONE', *, *, #5327, .T. ) ;
#1592 = VECTOR ( 'NONE', #3116, 1000.000000000000000 ) ;
#1593 = ORIENTED_EDGE ( 'NONE', *, *, #4206, .F. ) ;
#1594 = CARTESIAN_POINT ( 'NONE',  ( 12.85590445068958054, 1.000000000000000000, -2.836630331739339983 ) ) ;
#1595 = CARTESIAN_POINT ( 'NONE',  ( 11.35590445068957166, 1.000000000000000000, 2.799999999999999822 ) ) ;
#1596 = PLANE ( 'NONE',  #1757 ) ;
#1597 = EDGE_LOOP ( 'NONE', ( #1366, #2861, #3580, #5388 ) ) ;
#1598 = LINE ( 'NONE', #3932, #4653 ) ;
#1599 = EDGE_CURVE ( 'NONE', #1114, #5863, #3078, .T. ) ;
#1600 = DIRECTION ( 'NONE',  ( 0.000000000000000000, 1.000000000000000000, 0.000000000000000000 ) ) ;
#1601 = ORIENTED_EDGE ( 'NONE', *, *, #1761, .F. ) ;
#1602 = VERTEX_POINT ( 'NONE', #3107 ) ;
#1603 = CARTESIAN_POINT ( 'NONE',  ( -0.7437148944200444589, 0.4000000000000000222, -3.000000000000000000 ) ) ;
#1604 = ORIENTED_EDGE ( 'NONE', *, *, #522, .F. ) ;
#1605 = DIRECTION ( 'NONE',  ( -1.141265444721583757E-16, 0.000000000000000000, -1.000000000000000000 ) ) ;
#1606 = VERTEX_POINT ( 'NONE', #3169 ) ;
#1607 = CARTESIAN_POINT ( 'NONE',  ( 8.226888072706337596, 0.4000000000000000222, -3.000000000000000000 ) ) ;
#1608 = ORIENTED_EDGE ( 'NONE', *, *, #5586, .F. ) ;
#1609 = CARTESIAN_POINT ( 'NONE',  ( 1.011155161009985815, 1.400000000000000577, -5.010998372119821909 ) ) ;
#1610 = CARTESIAN_POINT ( 'NONE',  ( 18.64120593425276695, 0.000000000000000000, 1.999999999999997335 ) ) ;
#1611 = ORIENTED_EDGE ( 'NONE', *, *, #5837, .F. ) ;
#1612 = ADVANCED_FACE ( 'NONE', ( #773 ), #1322, .F. ) ;
#1613 = EDGE_CURVE ( 'NONE', #3566, #917, #5000, .T. ) ;
#1614 = DIRECTION ( 'NONE',  ( 1.000000000000000000, -0.000000000000000000, -6.982962677686266711E-15 ) ) ;
#1615 = LINE ( 'NONE', #2693, #4706 ) ;
#1616 = CYLINDRICAL_SURFACE ( 'NONE', #1582, 1.500000000000000000 ) ;
#1617 = CARTESIAN_POINT ( 'NONE',  ( 1.500000000000003997, 0.000000000000000000, -3.407045462299395311 ) ) ;
#1618 = ORIENTED_EDGE ( 'NONE', *, *, #4869, .F. ) ;
#1619 = AXIS2_PLACEMENT_3D ( 'NONE', #4693, #5191, #4253 ) ;
#1620 = ORIENTED_EDGE ( 'NONE', *, *, #5701, .F. ) ;
#1621 = LINE ( 'NONE', #2572, #1976 ) ;
#1622 = DIRECTION ( 'NONE',  ( -5.813595144832437787E-15, 0.5735764363510473807, -0.8191520442889909104 ) ) ;
#1623 = CARTESIAN_POINT ( 'NONE',  ( 14.35590445068956811, 1.399999999999999911, -4.858578065624948650 ) ) ;
#1624 = ORIENTED_EDGE ( 'NONE', *, *, #4633, .T. ) ;
#1625 = DIRECTION ( 'NONE',  ( 7.097089222158424864E-15, 0.000000000000000000, 1.000000000000000000 ) ) ;
#1626 =( BOUNDED_CURVE ( )  B_SPLINE_CURVE ( 3, ( #5331, #1097, #3924, #5817 ),
 .UNSPECIFIED., .F., .F. ) 
 B_SPLINE_CURVE_WITH_KNOTS ( ( 4, 4 ),
 ( 1.943323292647560319, 2.268928027592631569 ),
 .UNSPECIFIED. ) 
 CURVE ( )  GEOMETRIC_REPRESENTATION_ITEM ( )  RATIONAL_B_SPLINE_CURVE ( ( 1.000000000000000000, 0.9911846262163772625, 0.9911846262163772625, 1.000000000000000000 ) ) 
 REPRESENTATION_ITEM ( '' )  );
#1627 = VECTOR ( 'NONE', #1934, 1000.000000000000000 ) ;
#1628 = FACE_OUTER_BOUND ( 'NONE', #2748, .T. ) ;
#1629 = CARTESIAN_POINT ( 'NONE',  ( 10.07060296712638348, 1.499358225474672235, 2.799999999999999822 ) ) ;
#1630 = ORIENTED_EDGE ( 'NONE', *, *, #1572, .F. ) ;
#1631 = ORIENTED_EDGE ( 'NONE', *, *, #2624, .T. ) ;
#1632 = CARTESIAN_POINT ( 'NONE',  ( 2.785301483563191294, 1.000000000000000000, -0.4041232037028950064 ) ) ;
#1633 = ORIENTED_EDGE ( 'NONE', *, *, #3680, .F. ) ;
#1634 = DIRECTION ( 'NONE',  ( 1.084202172485504434E-16, 2.710505431213761085E-15, -1.000000000000000000 ) ) ;
#1635 = FACE_BOUND ( 'NONE', #1573, .T. ) ;
#1636 = ORIENTED_EDGE ( 'NONE', *, *, #3900, .F. ) ;
#1637 = VERTEX_POINT ( 'NONE', #4000 ) ;
#1638 = EDGE_LOOP ( 'NONE', ( #196, #1843, #2451, #2490 ) ) ;
#1639 = LINE ( 'NONE', #3144, #2823 ) ;
#1640 = EDGE_CURVE ( 'NONE', #4317, #1487, #371, .T. ) ;
#1641 = ORIENTED_EDGE ( 'NONE', *, *, #4123, .T. ) ;
#1642 = CARTESIAN_POINT ( 'NONE',  ( 18.64120593425277406, 1.000000000000000000, -2.836630331739350641 ) ) ;
#1643 = LINE ( 'NONE', #2102, #1592 ) ;
#1644 = ORIENTED_EDGE ( 'NONE', *, *, #365, .F. ) ;
#1645 = EDGE_CURVE ( 'NONE', #4106, #5233, #4533, .T. ) ;
#1646 = CARTESIAN_POINT ( 'NONE',  ( 10.07060296712637637, 1.399999999999999911, -4.858578065624948650 ) ) ;
#1647 = EDGE_CURVE ( 'NONE', #973, #5568, #2153, .T. ) ;
#1648 = VECTOR ( 'NONE', #5392, 1000.000000000000000 ) ;
#1649 = DIRECTION ( 'NONE',  ( 5.626621160408424545E-15, -0.5735764363510473807, 0.8191520442889909104 ) ) ;
#1650 = DIRECTION ( 'NONE',  ( 0.000000000000000000, 0.000000000000000000, -1.000000000000000000 ) ) ;
#1651 = DIRECTION ( 'NONE',  ( 4.488561888120282676E-15, 0.7660444431189767922, 0.6427876096865409172 ) ) ;
#1652 = VERTEX_POINT ( 'NONE', #4098 ) ;
#1653 = VECTOR ( 'NONE', #1723, 1000.000000000000000 ) ;
#1654 = ORIENTED_EDGE ( 'NONE', *, *, #1279, .T. ) ;
#1655 = DIRECTION ( 'NONE',  ( -1.000000000000000000, 0.000000000000000000, 0.000000000000000000 ) ) ;
#1656 = LINE ( 'NONE', #2205, #5543 ) ;
#1657 = EDGE_CURVE ( 'NONE', #1823, #5657, #311, .T. ) ;
#1658 = LINE ( 'NONE', #2147, #4510 ) ;
#1659 = ORIENTED_EDGE ( 'NONE', *, *, #2537, .T. ) ;
#1660 = AXIS2_PLACEMENT_3D ( 'NONE', #175, #1133, #580 ) ;
#1661 = CARTESIAN_POINT ( 'NONE',  ( 11.35590445068957344, 1.000000000000000000, -1.000000000000000000 ) ) ;
#1662 = ADVANCED_FACE ( 'NONE', ( #1758 ), #5096, .F. ) ;
#1663 = CARTESIAN_POINT ( 'NONE',  ( 2.785301483563190850, 2.000000000000000000, 1.739099631177264405 ) ) ;
#1664 = DIRECTION ( 'NONE',  ( 1.000000000000000000, -0.000000000000000000, -0.000000000000000000 ) ) ;
#1665 = ORIENTED_EDGE ( 'NONE', *, *, #1561, .F. ) ;
#1666 = VERTEX_POINT ( 'NONE', #6018 ) ;
#1667 = CARTESIAN_POINT ( 'NONE',  ( -1.500000000000005329, 3.272523262990679971, -4.655872776437634641 ) ) ;
#1668 = LINE ( 'NONE', #4128, #3520 ) ;
#1669 =( BOUNDED_SURFACE ( )  B_SPLINE_SURFACE ( 3, 1, ( 
 ( #1954, #3405 ),
 ( #5296, #1059 ),
 ( #2070, #1741 ),
 ( #291, #4956 ) ),
 .UNSPECIFIED., .F., .F., .F. ) 
 B_SPLINE_SURFACE_WITH_KNOTS ( ( 4, 4 ),
 ( 2, 2 ),
 ( 0.000000000000000000, 1.000000000000000000 ),
 ( 0.000000000000000000, 1.000000000000000000 ),
 .UNSPECIFIED. ) 
 GEOMETRIC_REPRESENTATION_ITEM ( )  RATIONAL_B_SPLINE_SURFACE ( (
 ( 1.000000000000000000, 1.000000000000000000),
 ( 0.9667654570425328053, 0.9667654570425328053),
 ( 0.9667654570425328053, 0.9667654570425328053),
 ( 1.000000000000000000, 1.000000000000000000) ) ) 
 REPRESENTATION_ITEM ( '' )  SURFACE ( )  );
#1670 = LINE ( 'NONE', #4438, #3768 ) ;
#1671 = CARTESIAN_POINT ( 'NONE',  ( 5.785301483563191738, 2.000000000000000000, 1.739099631177264405 ) ) ;
#1672 = VERTEX_POINT ( 'NONE', #4035 ) ;
#1673 = ORIENTED_EDGE ( 'NONE', *, *, #4503, .T. ) ;
#1674 = CARTESIAN_POINT ( 'NONE',  ( 12.34009991636882653, 1.108489920217938574, -5.504954131106829074 ) ) ;
#1675 = LINE ( 'NONE', #1642, #5821 ) ;
#1676 = CARTESIAN_POINT ( 'NONE',  ( 17.88806557967019373, 0.000000000000000000, -3.000000000000000000 ) ) ;
#1677 = EDGE_LOOP ( 'NONE', ( #2690, #2428, #1017, #4546 ) ) ;
#1678 = EDGE_CURVE ( 'NONE', #2358, #1666, #5031, .T. ) ;
#1679 = PLANE ( 'NONE',  #1786 ) ;
#1680 = CARTESIAN_POINT ( 'NONE',  ( 3.541586589143146835, 0.000000000000000000, -2.240753535442229882 ) ) ;
#1681 = DIRECTION ( 'NONE',  ( 7.335912872304279317E-17, -0.7660444431189810111, -0.6427876096865356992 ) ) ;
#1682 = VECTOR ( 'NONE', #5247, 1000.000000000000000 ) ;
#1683 = VECTOR ( 'NONE', #4676, 1000.000000000000000 ) ;
#1684 = CARTESIAN_POINT ( 'NONE',  ( 2.785301483563191294, 0.000000000000000000, -1.000000000000000000 ) ) ;
#1685 = EDGE_LOOP ( 'NONE', ( #4321, #2418, #5735, #2387 ) ) ;
#1686 = VECTOR ( 'NONE', #60, 1000.000000000000114 ) ;
#1687 = ORIENTED_EDGE ( 'NONE', *, *, #2403, .T. ) ;
#1688 = VECTOR ( 'NONE', #4464, 1000.000000000000000 ) ;
#1689 = DIRECTION ( 'NONE',  ( 0.000000000000000000, 0.000000000000000000, 1.000000000000000000 ) ) ;
#1690 = DIRECTION ( 'NONE',  ( 1.000000000000000000, -0.000000000000000000, 0.000000000000000000 ) ) ;
#1691 = LINE ( 'NONE', #793, #669 ) ;
#1692 = ORIENTED_EDGE ( 'NONE', *, *, #2043, .F. ) ;
#1693 = VECTOR ( 'NONE', #4235, 1000.000000000000000 ) ;
#1694 = PLANE ( 'NONE',  #15 ) ;
#1695 = AXIS2_PLACEMENT_3D ( 'NONE', #3438, #1590, #4581 ) ;
#1696 = ADVANCED_FACE ( 'NONE', ( #3600 ), #3540, .F. ) ;
#1697 = CARTESIAN_POINT ( 'NONE',  ( 18.64120593425276695, 0.06443263463840748217, 0.1149657687835883013 ) ) ;
#1698 = LINE ( 'NONE', #4032, #1429 ) ;
#1699 = ORIENTED_EDGE ( 'NONE', *, *, #3270, .T. ) ;
#1700 = ORIENTED_EDGE ( 'NONE', *, *, #655, .T. ) ;
#1701 = VECTOR ( 'NONE', #5083, 1000.000000000000000 ) ;
#1702 = LINE ( 'NONE', #4070, #406 ) ;
#1703 = LINE ( 'NONE', #774, #5898 ) ;
#1704 = CARTESIAN_POINT ( 'NONE',  ( 5.785301483563191738, 0.5351768109448615807, 2.449066664678466232 ) ) ;
#1705 = EDGE_CURVE ( 'NONE', #2872, #1331, #1205, .T. ) ;
#1706 = DIRECTION ( 'NONE',  ( -6.868836133214109346E-15, 0.000000000000000000, -1.000000000000000000 ) ) ;
#1707 = ORIENTED_EDGE ( 'NONE', *, *, #942, .T. ) ;
#1708 = PLANE ( 'NONE',  #5503 ) ;
#1709 = DIRECTION ( 'NONE',  ( 1.000000000000000000, 0.000000000000000000, -1.141265444721583757E-16 ) ) ;
#1710 = PLANE ( 'NONE',  #4551 ) ;
#1711 = ORIENTED_EDGE ( 'NONE', *, *, #1465, .F. ) ;
#1712 = CARTESIAN_POINT ( 'NONE',  ( 17.50000000000000711, 0.4000000000000000222, -0.2337080731428426150 ) ) ;
#1713 = DIRECTION ( 'NONE',  ( -1.141265444721583757E-16, 0.000000000000000000, 1.000000000000000000 ) ) ;
#1714 = LINE ( 'NONE', #3589, #2068 ) ;
#1715 = CARTESIAN_POINT ( 'NONE',  ( 15.64120593425275274, 0.000000000000000000, -5.578147948598760841 ) ) ;
#1716 = EDGE_LOOP ( 'NONE', ( #1833, #4027, #4729, #4701 ) ) ;
#1717 = VERTEX_POINT ( 'NONE', #5929 ) ;
#1718 = FACE_OUTER_BOUND ( 'NONE', #3147, .T. ) ;
#1719 = DIRECTION ( 'NONE',  ( -1.000000000000000000, -0.000000000000000000, 1.141265444721583757E-16 ) ) ;
#1720 = CARTESIAN_POINT ( 'NONE',  ( 16.11470715282842292, 1.400000000000000355, -5.031499608972908710 ) ) ;
#1721 = LINE ( 'NONE', #5026, #314 ) ;
#1722 = EDGE_CURVE ( 'NONE', #5015, #1290, #1702, .T. ) ;
#1723 = DIRECTION ( 'NONE',  ( -1.000000000000000000, -0.000000000000000000, 1.141265444721583757E-16 ) ) ;
#1724 = CARTESIAN_POINT ( 'NONE',  ( 18.64120593425276695, 1.000000000000000000, -1.000000000000000000 ) ) ;
#1725 = ORIENTED_EDGE ( 'NONE', *, *, #552, .T. ) ;
#1726 = EDGE_LOOP ( 'NONE', ( #2045, #1113, #5215, #3135 ) ) ;
#1727 = ADVANCED_FACE ( 'NONE', ( #1261 ), #3137, .F. ) ;
#1728 = CARTESIAN_POINT ( 'NONE',  ( 16.14120593425277761, 1.000000000000000000, -2.240753535442228106 ) ) ;
#1729 = CARTESIAN_POINT ( 'NONE',  ( 7.070602967126381699, -1.000000000000000000, 0.3238172648295125633 ) ) ;
#1730 = EDGE_CURVE ( 'NONE', #2751, #5192, #3286, .T. ) ;
#1731 = CARTESIAN_POINT ( 'NONE',  ( 17.50000000000000711, 0.4000000000000000222, 0.1662919268571574627 ) ) ;
#1732 = LINE ( 'NONE', #4074, #4087 ) ;
#1733 = EDGE_LOOP ( 'NONE', ( #3035, #470, #2501, #1404, #2031, #3400, #4380, #1699, #1593, #3822, #4824, #3095, #1514 ) ) ;
#1734 = ORIENTED_EDGE ( 'NONE', *, *, #511, .T. ) ;
#1735 = DIRECTION ( 'NONE',  ( 1.000000000000000000, 0.000000000000000000, 0.000000000000000000 ) ) ;
#1736 = EDGE_LOOP ( 'NONE', ( #2442, #5245, #1165, #4447 ) ) ;
#1737 = EDGE_CURVE ( 'NONE', #1037, #5287, #1415, .T. ) ;
#1738 = FACE_OUTER_BOUND ( 'NONE', #5959, .T. ) ;
#1739 = LINE ( 'NONE', #3612, #2373 ) ;
#1740 = VERTEX_POINT ( 'NONE', #3255 ) ;
#1741 = CARTESIAN_POINT ( 'NONE',  ( 0.5171880246749556154, 6.728843058598058429E-16, -5.900668485670308883 ) ) ;
#1742 = LINE ( 'NONE', #3123, #3512 ) ;
#1743 = PLANE ( 'NONE',  #4336 ) ;
#1744 = DIRECTION ( 'NONE',  ( -1.000000000000000000, 0.000000000000000000, 6.982962677686266711E-15 ) ) ;
#1745 = ORIENTED_EDGE ( 'NONE', *, *, #2104, .T. ) ;
#1746 = CIRCLE ( 'NONE', #859, 2.000000000000000000 ) ;
#1747 = CARTESIAN_POINT ( 'NONE',  ( 1.500000000000007772, 1.000000000000000000, -2.836630331739350641 ) ) ;
#1748 = ORIENTED_EDGE ( 'NONE', *, *, #4869, .T. ) ;
#1749 = CARTESIAN_POINT ( 'NONE',  ( 0.3468596454174303068, 0.000000000000000000, -3.000000000000000000 ) ) ;
#1750 = CARTESIAN_POINT ( 'NONE',  ( 7.070602967126382588, 0.4000000000000000222, -0.2337080731428414215 ) ) ;
#1751 = CARTESIAN_POINT ( 'NONE',  ( 12.51218955626952933, 0.000000000000000000, -3.000000000000000000 ) ) ;
#1752 = AXIS2_PLACEMENT_3D ( 'NONE', #1968, #5377, #1634 ) ;
#1753 = LINE ( 'NONE', #1697, #3420 ) ;
#1754 = EDGE_CURVE ( 'NONE', #5316, #4999, #2391, .T. ) ;
#1755 = DIRECTION ( 'NONE',  ( -1.000000000000000000, 0.000000000000000000, 1.141265444721583757E-16 ) ) ;
#1756 = ORIENTED_EDGE ( 'NONE', *, *, #1421, .T. ) ;
#1757 = AXIS2_PLACEMENT_3D ( 'NONE', #3350, #2422, #4841 ) ;
#1758 = FACE_OUTER_BOUND ( 'NONE', #605, .T. ) ;
#1759 = FACE_OUTER_BOUND ( 'NONE', #1145, .T. ) ;
#1760 = LINE ( 'NONE', #3693, #1010 ) ;
#1761 = EDGE_CURVE ( 'NONE', #5653, #5585, #4218, .T. ) ;
#1762 = DIRECTION ( 'NONE',  ( -1.141265444721583757E-16, -0.000000000000000000, -1.000000000000000000 ) ) ;
#1763 = EDGE_LOOP ( 'NONE', ( #1448, #1631, #3506, #5700 ) ) ;
#1764 = ORIENTED_EDGE ( 'NONE', *, *, #1013, .F. ) ;
#1765 = DIRECTION ( 'NONE',  ( -0.6427876096865355882, -0.000000000000000000, 0.7660444431189811221 ) ) ;
#1766 = ORIENTED_EDGE ( 'NONE', *, *, #5619, .F. ) ;
#1767 = CARTESIAN_POINT ( 'NONE',  ( 17.65839395892772501, 8.971790744797411896E-16, -5.900668485670307106 ) ) ;
#1768 = CARTESIAN_POINT ( 'NONE',  ( 17.50000000000000711, 0.000000000000000000, -3.007045462299397620 ) ) ;
#1769 = ORIENTED_EDGE ( 'NONE', *, *, #3119, .T. ) ;
#1770 = EDGE_CURVE ( 'NONE', #2607, #1536, #5705, .T. ) ;
#1771 = EDGE_CURVE ( 'NONE', #739, #3345, #2883, .T. ) ;
#1772 = DIRECTION ( 'NONE',  ( -0.000000000000000000, -1.000000000000000000, 0.000000000000000000 ) ) ;
#1773 = CARTESIAN_POINT ( 'NONE',  ( 18.64120593425276695, 1.000000000000000000, -4.040753535442245692 ) ) ;
#1774 = DIRECTION ( 'NONE',  ( -1.000000000000000000, 0.000000000000000000, 6.868836133214108557E-15 ) ) ;
#1775 = CARTESIAN_POINT ( 'NONE',  ( 7.556709609180368048, 1.106833761053985121, -5.425736373931110634 ) ) ;
#1776 = ORIENTED_EDGE ( 'NONE', *, *, #522, .T. ) ;
#1777 = EDGE_CURVE ( 'NONE', #2772, #393, #5124, .T. ) ;
#1778 = CARTESIAN_POINT ( 'NONE',  ( 5.785301483563186409, 3.272523262990679971, -4.655877423168258922 ) ) ;
#1779 = CARTESIAN_POINT ( 'NONE',  ( 17.50000000000000711, 0.000000000000000000, -0.2337080731428427260 ) ) ;
#1780 = CARTESIAN_POINT ( 'NONE',  ( 18.26081661981603332, 1.106465162429560278, -5.408006954961652291 ) ) ;
#1781 = CARTESIAN_POINT ( 'NONE',  ( 5.785301483563199731, 0.000000000000000000, -2.836630331739350641 ) ) ;
#1782 = VECTOR ( 'NONE', #2609, 1000.000000000000000 ) ;
#1783 = VECTOR ( 'NONE', #189, 1000.000000000000000 ) ;
#1784 = ORIENTED_EDGE ( 'NONE', *, *, #1050, .F. ) ;
#1785 = DIRECTION ( 'NONE',  ( 0.000000000000000000, 1.000000000000000000, -0.000000000000000000 ) ) ;
#1786 = AXIS2_PLACEMENT_3D ( 'NONE', #3554, #4985, #444 ) ;
#1787 = ORIENTED_EDGE ( 'NONE', *, *, #3334, .F. ) ;
#1788 = ORIENTED_EDGE ( 'NONE', *, *, #35, .F. ) ;
#1789 = DIRECTION ( 'NONE',  ( 1.141265444721583757E-16, -0.000000000000000000, 1.000000000000000000 ) ) ;
#1790 = DIRECTION ( 'NONE',  ( 1.000000000000000000, -0.000000000000000000, -0.000000000000000000 ) ) ;
#1791 = VECTOR ( 'NONE', #2877, 999.9999999999998863 ) ;
#1792 = DIRECTION ( 'NONE',  ( 0.000000000000000000, -1.000000000000000000, -0.000000000000000000 ) ) ;
#1793 = EDGE_CURVE ( 'NONE', #1431, #2096, #3690, .T. ) ;
#1794 = VECTOR ( 'NONE', #2321, 1000.000000000000000 ) ;
#1795 = CARTESIAN_POINT ( 'NONE',  ( 17.50000000000000711, 0.4000000000000000222, -3.407045462299397531 ) ) ;
#1796 = FACE_OUTER_BOUND ( 'NONE', #163, .T. ) ;
#1797 = DIRECTION ( 'NONE',  ( 0.000000000000000000, 0.000000000000000000, 1.000000000000000000 ) ) ;
#1798 = CARTESIAN_POINT ( 'NONE',  ( 1.499999999999991118, 1.103464666456457577, -5.267169912107815044 ) ) ;
#1799 = EDGE_CURVE ( 'NONE', #983, #5968, #3724, .T. ) ;
#1800 = EDGE_LOOP ( 'NONE', ( #5184, #3054, #4728, #4572 ) ) ;
#1801 = PLANE ( 'NONE',  #2756 ) ;
#1802 = EDGE_CURVE ( 'NONE', #5496, #1946, #1907, .T. ) ;
#1803 = FACE_OUTER_BOUND ( 'NONE', #1800, .T. ) ;
#1804 = DIRECTION ( 'NONE',  ( 0.000000000000000000, 0.000000000000000000, 1.000000000000000000 ) ) ;
#1805 = EDGE_CURVE ( 'NONE', #730, #2526, #5617, .T. ) ;
#1806 = CARTESIAN_POINT ( 'NONE',  ( 11.85590445068957699, 0.000000000000000000, -1.000000000000000000 ) ) ;
#1807 = ORIENTED_EDGE ( 'NONE', *, *, #4234, .F. ) ;
#1808 = VECTOR ( 'NONE', #3602, 1000.000000000000000 ) ;
#1809 = CARTESIAN_POINT ( 'NONE',  ( 9.317462612543812028, 0.4000000000000000222, -1.000000000000000000 ) ) ;
#1810 = DIRECTION ( 'NONE',  ( 1.000000000000000000, 0.000000000000000000, 0.000000000000000000 ) ) ;
#1811 = CARTESIAN_POINT ( 'NONE',  ( 1.500000000000000000, 0.000000000000000000, -0.4041232037028952284 ) ) ;
#1812 = CARTESIAN_POINT ( 'NONE',  ( 5.785301483563203284, 0.3999999999999999667, -2.240753535442245425 ) ) ;
#1813 = ORIENTED_EDGE ( 'NONE', *, *, #3485, .T. ) ;
#1814 = CARTESIAN_POINT ( 'NONE',  ( 13.42082756893866957, 1.108503113383854322, -5.505581804970431925 ) ) ;
#1815 = ORIENTED_EDGE ( 'NONE', *, *, #3605, .T. ) ;
#1816 = DIRECTION ( 'NONE',  ( -0.000000000000000000, -0.000000000000000000, 1.000000000000000000 ) ) ;
#1817 = CARTESIAN_POINT ( 'NONE',  ( 10.07060296712638880, 0.000000000000000000, -3.007045462299396732 ) ) ;
#1818 = DIRECTION ( 'NONE',  ( 0.000000000000000000, 1.000000000000000000, 0.000000000000000000 ) ) ;
#1819 = SURFACE_STYLE_FILL_AREA ( #2283 ) ;
#1820 = VECTOR ( 'NONE', #346, 1000.000000000000000 ) ;
#1821 = CARTESIAN_POINT ( 'NONE',  ( 16.62401691047675456, 8.971790744797411896E-16, -5.900666883513138394 ) ) ;
#1822 = DIRECTION ( 'NONE',  ( 0.000000000000000000, 1.000000000000000000, 0.000000000000000000 ) ) ;
#1823 = VERTEX_POINT ( 'NONE', #6077 ) ;
#1824 = AXIS2_PLACEMENT_3D ( 'NONE', #1724, #1755, #3628 ) ;
#1825 = VERTEX_POINT ( 'NONE', #975 ) ;
#1826 = VERTEX_POINT ( 'NONE', #2821 ) ;
#1827 = EDGE_CURVE ( 'NONE', #4021, #2928, #2277, .T. ) ;
#1828 = CARTESIAN_POINT ( 'NONE',  ( 18.64120593425276695, 1.000000000000000000, 2.799999999999999822 ) ) ;
#1829 = CARTESIAN_POINT ( 'NONE',  ( -1.500000000000006439, 1.399999999999999911, -4.858572962426980446 ) ) ;
#1830 = ORIENTED_EDGE ( 'NONE', *, *, #6105, .T. ) ;
#1831 = CARTESIAN_POINT ( 'NONE',  ( 11.35590445068957344, 1.000000000000000000, -1.000000000000000000 ) ) ;
#1832 = PLANE ( 'NONE',  #2961 ) ;
#1833 = ORIENTED_EDGE ( 'NONE', *, *, #1397, .F. ) ;
#1834 = EDGE_CURVE ( 'NONE', #469, #4627, #1875, .T. ) ;
#1835 = CARTESIAN_POINT ( 'NONE',  ( 4.632161128980621712, 0.000000000000000000, -2.240753535442237432 ) ) ;
#1836 = LINE ( 'NONE', #4269, #4243 ) ;
#1837 = CARTESIAN_POINT ( 'NONE',  ( 16.79749103983272107, 0.000000000000000000, -1.000000000000000000 ) ) ;
#1838 = CARTESIAN_POINT ( 'NONE',  ( 18.64120593425275629, 1.103464666456457577, -5.267169912107815044 ) ) ;
#1839 = VECTOR ( 'NONE', #2896, 1000.000000000000000 ) ;
#1840 = ORIENTED_EDGE ( 'NONE', *, *, #4137, .F. ) ;
#1841 = EDGE_CURVE ( 'NONE', #1979, #2983, #918, .T. ) ;
#1842 = CARTESIAN_POINT ( 'NONE',  ( 11.33854962366482333, 1.400000000000000355, -4.852277374311898761 ) ) ;
#1843 = ORIENTED_EDGE ( 'NONE', *, *, #4384, .F. ) ;
#1844 = CARTESIAN_POINT ( 'NONE',  ( 16.79749103983272107, 0.4000000000000000222, -3.000000000000000000 ) ) ;
#1845 = CARTESIAN_POINT ( 'NONE',  ( 10.07060296712639413, 0.000000000000000000, -2.240753535442245425 ) ) ;
#1846 = EDGE_CURVE ( 'NONE', #1637, #4103, #3319, .T. ) ;
#1847 = VECTOR ( 'NONE', #2210, 1000.000000000000000 ) ;
#1848 = LINE ( 'NONE', #376, #1808 ) ;
#1849 = EDGE_CURVE ( 'NONE', #3779, #3267, #3810, .T. ) ;
#1850 = AXIS2_PLACEMENT_3D ( 'NONE', #396, #5149, #3778 ) ;
#1851 = LINE ( 'NONE', #3787, #5082 ) ;
#1852 = VERTEX_POINT ( 'NONE', #4722 ) ;
#1853 = ORIENTED_EDGE ( 'NONE', *, *, #1132, .F. ) ;
#1854 = DIRECTION ( 'NONE',  ( -1.000000000000000000, -0.000000000000000000, -0.000000000000000000 ) ) ;
#1855 = EDGE_LOOP ( 'NONE', ( #1644, #368, #801, #4463 ) ) ;
#1856 = VECTOR ( 'NONE', #3923, 1000.000000000000000 ) ;
#1857 = PLANE ( 'NONE',  #2186 ) ;
#1858 = ORIENTED_EDGE ( 'NONE', *, *, #2944, .F. ) ;
#1859 = EDGE_LOOP ( 'NONE', ( #5369, #4351, #5536, #4169, #3305, #5720, #5938, #5230, #157, #2608, #4233, #3015, #2191 ) ) ;
#1860 = CARTESIAN_POINT ( 'NONE',  ( 1.623012101483557235, 1.400000000000000133, -5.141473183975623584 ) ) ;
#1861 = CARTESIAN_POINT ( 'NONE',  ( -1.032088886237953806, 0.5320888862379536954, -0.9617579545435693822 ) ) ;
#1862 = VERTEX_POINT ( 'NONE', #3783 ) ;
#1863 = DIRECTION ( 'NONE',  ( -0.000000000000000000, -0.000000000000000000, 1.000000000000000000 ) ) ;
#1864 = VERTEX_POINT ( 'NONE', #4752 ) ;
#1865 = CARTESIAN_POINT ( 'NONE',  ( 15.64120593425276340, 1.000000000000000000, -1.000000000000000000 ) ) ;
#1866 = ORIENTED_EDGE ( 'NONE', *, *, #693, .T. ) ;
#1867 = EDGE_CURVE ( 'NONE', #5751, #4075, #197, .T. ) ;
#1868 = CARTESIAN_POINT ( 'NONE',  ( 8.570602967126381699, 2.000000000000000000, 1.739099631177264182 ) ) ;
#1869 = DIRECTION ( 'NONE',  ( -1.000000000000000000, 0.000000000000000000, 1.141265444721583757E-16 ) ) ;
#1870 = DIRECTION ( 'NONE',  ( -1.000000000000000000, -0.000000000000000000, 1.141265444721583757E-16 ) ) ;
#1871 = CARTESIAN_POINT ( 'NONE',  ( 14.35590445068957521, 1.499358225474672235, 2.799999999999999822 ) ) ;
#1872 = VERTEX_POINT ( 'NONE', #1440 ) ;
#1873 = CARTESIAN_POINT ( 'NONE',  ( 1.500000000000000000, 1.000000000000000000, -0.4041232037028950064 ) ) ;
#1874 = ORIENTED_EDGE ( 'NONE', *, *, #5777, .F. ) ;
#1875 = LINE ( 'NONE', #1353, #893 ) ;
#1876 = CARTESIAN_POINT ( 'NONE',  ( 13.85590445068958410, 0.000000000000000000, -2.240753535442241873 ) ) ;
#1877 = EDGE_CURVE ( 'NONE', #2056, #1028, #4662, .T. ) ;
#1878 = VECTOR ( 'NONE', #5990, 1000.000000000000000 ) ;
#1879 = EDGE_CURVE ( 'NONE', #3662, #1331, #2307, .T. ) ;
#1880 = VECTOR ( 'NONE', #4894, 1000.000000000000000 ) ;
#1881 = CARTESIAN_POINT ( 'NONE',  ( 5.285301483563200620, 1.000000000000000000, -2.240753535442241873 ) ) ;
#1882 = VECTOR ( 'NONE', #5460, 1000.000000000000000 ) ;
#1883 = DIRECTION ( 'NONE',  ( -1.141265444721583757E-16, 0.000000000000000000, 1.000000000000000000 ) ) ;
#1884 = VECTOR ( 'NONE', #5555, 1000.000000000000000 ) ;
#1885 = VECTOR ( 'NONE', #1957, 1000.000000000000114 ) ;
#1886 = ORIENTED_EDGE ( 'NONE', *, *, #4466, .T. ) ;
#1887 = EDGE_CURVE ( 'NONE', #4948, #2417, #3960, .T. ) ;
#1888 = LINE ( 'NONE', #2862, #2279 ) ;
#1889 = CARTESIAN_POINT ( 'NONE',  ( 11.35590445068957166, 1.000000000000000000, -4.040753535442224376 ) ) ;
#1890 = AXIS2_PLACEMENT_3D ( 'NONE', #3304, #909, #359 ) ;
#1891 = ORIENTED_EDGE ( 'NONE', *, *, #934, .F. ) ;
#1892 = ORIENTED_EDGE ( 'NONE', *, *, #681, .T. ) ;
#1893 = CARTESIAN_POINT ( 'NONE',  ( -1.115808078247449986, 1.106494308963108741, -5.409375844366662633 ) ) ;
#1894 = CARTESIAN_POINT ( 'NONE',  ( 10.07060296712639413, 0.000000000000000000, -2.240753535442245425 ) ) ;
#1895 = EDGE_LOOP ( 'NONE', ( #5552, #800, #351, #5488, #3431, #1266, #5463, #1949, #501, #1024, #4392 ) ) ;
#1896 = CARTESIAN_POINT ( 'NONE',  ( 5.785301483563191738, 1.000000000000000000, 2.799999999999999822 ) ) ;
#1897 = CARTESIAN_POINT ( 'NONE',  ( 15.64120593425276340, 0.000000000000000000, -1.000000000000000000 ) ) ;
#1898 = VERTEX_POINT ( 'NONE', #1560 ) ;
#1899 = PLANE ( 'NONE',  #410 ) ;
#1900 = DIRECTION ( 'NONE',  ( -1.000000000000000000, 0.000000000000000000, 6.982962677686266711E-15 ) ) ;
#1901 = CARTESIAN_POINT ( 'NONE',  ( 18.64120593425277761, 1.000000000000000000, -2.240753535442245425 ) ) ;
#1902 = DIRECTION ( 'NONE',  ( 0.000000000000000000, 0.000000000000000000, 1.000000000000000000 ) ) ;
#1903 = VERTEX_POINT ( 'NONE', #1500 ) ;
#1904 = VECTOR ( 'NONE', #4726, 1000.000000000000000 ) ;
#1905 = ORIENTED_EDGE ( 'NONE', *, *, #5234, .F. ) ;
#1906 = CARTESIAN_POINT ( 'NONE',  ( 9.087790991801339757, 6.728843058598058429E-16, -5.900668485670308883 ) ) ;
#1907 = LINE ( 'NONE', #2790, #2362 ) ;
#1908 = EDGE_CURVE ( 'NONE', #5021, #423, #2486, .T. ) ;
#1909 = DIRECTION ( 'NONE',  ( -1.000000000000000000, 0.000000000000000000, 0.000000000000000000 ) ) ;
#1910 = EDGE_CURVE ( 'NONE', #3066, #4095, #4623, .T. ) ;
#1911 = DIRECTION ( 'NONE',  ( 0.000000000000000000, 1.000000000000000000, 0.000000000000000000 ) ) ;
#1912 = ADVANCED_FACE ( 'NONE', ( #201 ), #1131, .F. ) ;
#1913 = ORIENTED_EDGE ( 'NONE', *, *, #3466, .T. ) ;
#1914 = CARTESIAN_POINT ( 'NONE',  ( 10.08801437709553994, 1.399999999999999911, -4.852261884540959080 ) ) ;
#1915 = CARTESIAN_POINT ( 'NONE',  ( 2.785301483563184632, 1.399999999999999911, -4.858572962426980446 ) ) ;
#1916 = AXIS2_PLACEMENT_3D ( 'NONE', #4038, #3579, #1238 ) ;
#1917 = ORIENTED_EDGE ( 'NONE', *, *, #5837, .T. ) ;
#1918 = VERTEX_POINT ( 'NONE', #4807 ) ;
#1919 = EDGE_CURVE ( 'NONE', #49, #5732, #146, .T. ) ;
#1920 = DIRECTION ( 'NONE',  ( -5.813595144832437787E-15, 0.5735764363510473807, -0.8191520442889909104 ) ) ;
#1921 = LINE ( 'NONE', #5686, #1048 ) ;
#1922 = VERTEX_POINT ( 'NONE', #2019 ) ;
#1923 = DIRECTION ( 'NONE',  ( 0.000000000000000000, -1.000000000000000000, 0.000000000000000000 ) ) ;
#1924 = ORIENTED_EDGE ( 'NONE', *, *, #485, .F. ) ;
#1925 = VECTOR ( 'NONE', #27, 1000.000000000000000 ) ;
#1926 = CARTESIAN_POINT ( 'NONE',  ( 2.785301483563190850, 2.000000000000000000, 2.799999999999999822 ) ) ;
#1927 = ORIENTED_EDGE ( 'NONE', *, *, #3716, .F. ) ;
#1928 = CARTESIAN_POINT ( 'NONE',  ( 3.541586589143146835, 0.4000000000000000222, -3.000000000000000000 ) ) ;
#1929 = LINE ( 'NONE', #5697, #1541 ) ;
#1930 = CARTESIAN_POINT ( 'NONE',  ( 15.64120593425276340, 0.000000000000000000, -0.4041232037028952284 ) ) ;
#1931 = CARTESIAN_POINT ( 'NONE',  ( 7.070602967126385252, 0.3999999999999999667, -3.407045462299397531 ) ) ;
#1932 = ORIENTED_EDGE ( 'NONE', *, *, #737, .T. ) ;
#1933 = ORIENTED_EDGE ( 'NONE', *, *, #860, .F. ) ;
#1934 = DIRECTION ( 'NONE',  ( 0.000000000000000000, 1.000000000000000000, 0.000000000000000000 ) ) ;
#1935 = CARTESIAN_POINT ( 'NONE',  ( 9.317462612543812028, 0.4000000000000000222, -3.000000000000000000 ) ) ;
#1936 = LINE ( 'NONE', #1963, #3622 ) ;
#1937 = EDGE_CURVE ( 'NONE', #127, #1558, #3898, .T. ) ;
#1938 = CARTESIAN_POINT ( 'NONE',  ( 7.570602967126396798, 1.000000000000000000, -2.240753535442228106 ) ) ;
#1939 = ORIENTED_EDGE ( 'NONE', *, *, #485, .T. ) ;
#1940 = VECTOR ( 'NONE', #1154, 1000.000000000000114 ) ;
#1941 = DIRECTION ( 'NONE',  ( -1.000000000000000000, -0.000000000000000000, 1.141265444721583757E-16 ) ) ;
#1942 = EDGE_LOOP ( 'NONE', ( #3000, #2407, #1665, #4197 ) ) ;
#1943 = LINE ( 'NONE', #128, #5650 ) ;
#1944 = ADVANCED_FACE ( 'NONE', ( #5795 ), #2512, .F. ) ;
#1945 = VECTOR ( 'NONE', #2188, 1000.000000000000114 ) ;
#1946 = VERTEX_POINT ( 'NONE', #4306 ) ;
#1947 = DIRECTION ( 'NONE',  ( -1.000000000000000000, -0.000000000000000000, -0.000000000000000000 ) ) ;
#1948 = CARTESIAN_POINT ( 'NONE',  ( 9.570602967126379923, 0.000000000000000000, -1.000000000000000000 ) ) ;
#1949 = ORIENTED_EDGE ( 'NONE', *, *, #776, .T. ) ;
#1950 = CARTESIAN_POINT ( 'NONE',  ( 17.14120593425276695, 1.000000000000000000, -3.240753535442235211 ) ) ;
#1951 = DIRECTION ( 'NONE',  ( 7.097089222158424864E-15, 0.000000000000000000, 1.000000000000000000 ) ) ;
#1952 = ORIENTED_EDGE ( 'NONE', *, *, #261, .T. ) ;
#1953 = EDGE_CURVE ( 'NONE', #561, #448, #4338, .T. ) ;
#1954 = CARTESIAN_POINT ( 'NONE',  ( -1.500000000000009104, 1.115317123975225755, -5.263824959924734870 ) ) ;
#1955 = CARTESIAN_POINT ( 'NONE',  ( 5.404912169126916410, 1.106465162429485227, -5.408006954961505741 ) ) ;
#1956 = CARTESIAN_POINT ( 'NONE',  ( 15.64120593425276340, 0.000000000000000000, 0.1662919268571576847 ) ) ;
#1957 = DIRECTION ( 'NONE',  ( 7.335912872304279317E-17, -0.7660444431189810111, -0.6427876096865356992 ) ) ;
#1958 = ORIENTED_EDGE ( 'NONE', *, *, #4712, .T. ) ;
#1959 = ADVANCED_FACE ( 'NONE', ( #5823 ), #87, .F. ) ;
#1960 = ORIENTED_EDGE ( 'NONE', *, *, #2739, .F. ) ;
#1961 = CARTESIAN_POINT ( 'NONE',  ( 1.499999999999996003, 1.399999999999999689, -4.612012738139092072 ) ) ;
#1962 = DIRECTION ( 'NONE',  ( 0.000000000000000000, 0.000000000000000000, -1.000000000000000000 ) ) ;
#1963 = CARTESIAN_POINT ( 'NONE',  ( 7.070602967126382588, 1.000000000000000000, -1.000000000000000000 ) ) ;
#1964 = DIRECTION ( 'NONE',  ( 0.000000000000000000, 0.000000000000000000, -1.000000000000000000 ) ) ;
#1965 = ORIENTED_EDGE ( 'NONE', *, *, #2666, .F. ) ;
#1966 = VERTEX_POINT ( 'NONE', #5338 ) ;
#1967 = VERTEX_POINT ( 'NONE', #2080 ) ;
#1968 = CARTESIAN_POINT ( 'NONE',  ( -1.500000000000000222, -1.000000000000000000, 0.3238172648295125633 ) ) ;
#1969 = EDGE_CURVE ( 'NONE', #1966, #1918, #3473, .T. ) ;
#1970 = ORIENTED_EDGE ( 'NONE', *, *, #2916, .F. ) ;
#1971 = DIRECTION ( 'NONE',  ( -6.982962677686266711E-15, 0.000000000000000000, -1.000000000000000000 ) ) ;
#1972 = VECTOR ( 'NONE', #3754, 1000.000000000000000 ) ;
#1973 = AXIS2_PLACEMENT_3D ( 'NONE', #2719, #391, #3678 ) ;
#1974 = VERTEX_POINT ( 'NONE', #2975 ) ;
#1975 = CARTESIAN_POINT ( 'NONE',  ( 18.64120593425276695, 1.000000000000000000, 0.3238172648295121747 ) ) ;
#1976 = VECTOR ( 'NONE', #5397, 1000.000000000000000 ) ;
#1977 = CARTESIAN_POINT ( 'NONE',  ( 17.14120593425275629, 2.000000000000000000, -5.468901542184349651 ) ) ;
#1978 = ADVANCED_FACE ( 'NONE', ( #5398 ), #1163, .F. ) ;
#1979 = VERTEX_POINT ( 'NONE', #3928 ) ;
#1980 = CARTESIAN_POINT ( 'NONE',  ( 1.500000000000000444, 1.000000000000000000, 2.799999999999999822 ) ) ;
#1981 = VECTOR ( 'NONE', #4528, 1000.000000000000000 ) ;
#1982 = LINE ( 'NONE', #1490, #5935 ) ;
#1983 = ORIENTED_EDGE ( 'NONE', *, *, #3347, .F. ) ;
#1984 = EDGE_CURVE ( 'NONE', #3806, #1991, #2173, .T. ) ;
#1985 = VECTOR ( 'NONE', #3021, 1000.000000000000000 ) ;
#1986 = PLANE ( 'NONE',  #503 ) ;
#1987 = EDGE_CURVE ( 'NONE', #3630, #3722, #4424, .T. ) ;
#1988 = CARTESIAN_POINT ( 'NONE',  ( -1.500000000000000444, 2.000000000000000000, 2.799999999999999822 ) ) ;
#1989 = LINE ( 'NONE', #4833, #4217 ) ;
#1990 = DIRECTION ( 'NONE',  ( 0.7660444431189722403, -0.000000000000000000, -0.6427876096865462463 ) ) ;
#1991 = VERTEX_POINT ( 'NONE', #1102 ) ;
#1992 = ORIENTED_EDGE ( 'NONE', *, *, #1754, .T. ) ;
#1993 = LINE ( 'NONE', #2420, #5638 ) ;
#1994 = CARTESIAN_POINT ( 'NONE',  ( 4.285308563584294461, 0.000000000000000000, -1.007180904292219514 ) ) ;
#1995 = AXIS2_PLACEMENT_3D ( 'NONE', #3288, #2423, #581 ) ;
#1996 = ADVANCED_FACE ( 'NONE', ( #298 ), #3130, .F. ) ;
#1997 = LINE ( 'NONE', #88, #5509 ) ;
#1998 = CARTESIAN_POINT ( 'NONE',  ( 11.35590445068957344, 1.000000000000000000, 0.8999999999999916955 ) ) ;
#1999 = ORIENTED_EDGE ( 'NONE', *, *, #2849, .F. ) ;
#2000 = ORIENTED_EDGE ( 'NONE', *, *, #4256, .F. ) ;
#2001 = CARTESIAN_POINT ( 'NONE',  ( 17.50000000000000711, 0.4000000000000000222, -3.007045462299397620 ) ) ;
#2002 = DIRECTION ( 'NONE',  ( -1.000000000000000000, -0.000000000000000000, 1.141265444721583757E-16 ) ) ;
#2003 = ORIENTED_EDGE ( 'NONE', *, *, #5201, .T. ) ;
#2004 = ORIENTED_EDGE ( 'NONE', *, *, #1245, .F. ) ;
#2005 = LINE ( 'NONE', #1516, #268 ) ;
#2006 = ORIENTED_EDGE ( 'NONE', *, *, #823, .F. ) ;
#2007 = CARTESIAN_POINT ( 'NONE',  ( 11.35590445068957344, 0.000000000000000000, -1.000000000000000000 ) ) ;
#2008 = DIRECTION ( 'NONE',  ( 1.000000000000000000, 0.000000000000000000, -6.982962677686266711E-15 ) ) ;
#2009 = ORIENTED_EDGE ( 'NONE', *, *, #1937, .T. ) ;
#2010 = EDGE_CURVE ( 'NONE', #973, #3915, #1225, .T. ) ;
#2011 = DIRECTION ( 'NONE',  ( -1.000000000000000000, 0.000000000000000000, 1.141265444721583757E-16 ) ) ;
#2012 = DIRECTION ( 'NONE',  ( 0.000000000000000000, 1.000000000000000000, 0.000000000000000000 ) ) ;
#2013 = FACE_OUTER_BOUND ( 'NONE', #2591, .T. ) ;
#2014 = CARTESIAN_POINT ( 'NONE',  ( 7.070602967126382588, 0.000000000000000000, 0.1662919268571586562 ) ) ;
#2015 = ORIENTED_EDGE ( 'NONE', *, *, #1969, .T. ) ;
#2016 = EDGE_CURVE ( 'NONE', #1864, #2202, #3785, .T. ) ;
#2017 = ORIENTED_EDGE ( 'NONE', *, *, #3801, .T. ) ;
#2018 = CARTESIAN_POINT ( 'NONE',  ( 5.285301483563200620, 0.4999999999999978351, -2.240753535442241873 ) ) ;
#2019 = CARTESIAN_POINT ( 'NONE',  ( 14.35590445068957699, 0.000000000000000000, -3.407045462299396643 ) ) ;
#2020 = CARTESIAN_POINT ( 'NONE',  ( 11.35590445068957699, 0.000000000000000000, -3.407045462299396199 ) ) ;
#2021 = EDGE_CURVE ( 'NONE', #907, #3566, #1315, .T. ) ;
#2022 = DIRECTION ( 'NONE',  ( -1.000000000000000000, 0.000000000000000000, -1.141265444721583757E-16 ) ) ;
#2023 = EDGE_CURVE ( 'NONE', #5037, #510, #1656, .T. ) ;
#2024 = ORIENTED_EDGE ( 'NONE', *, *, #2592, .F. ) ;
#2025 = ORIENTED_EDGE ( 'NONE', *, *, #1834, .F. ) ;
#2026 = CARTESIAN_POINT ( 'NONE',  ( 4.795724235867862006, 1.400000000000000133, -5.098382031700253059 ) ) ;
#2027 = CARTESIAN_POINT ( 'NONE',  ( 13.60276409610700377, 0.000000000000000000, -1.000000000000000000 ) ) ;
#2028 = EDGE_CURVE ( 'NONE', #4294, #158, #5024, .T. ) ;
#2029 = VECTOR ( 'NONE', #5516, 1000.000000000000000 ) ;
#2030 = ORIENTED_EDGE ( 'NONE', *, *, #4073, .F. ) ;
#2031 = ORIENTED_EDGE ( 'NONE', *, *, #5879, .T. ) ;
#2032 = DIRECTION ( 'NONE',  ( -1.000000000000000000, 0.000000000000000000, 1.141265444721583757E-16 ) ) ;
#2033 = ORIENTED_EDGE ( 'NONE', *, *, #1319, .F. ) ;
#2034 = CARTESIAN_POINT ( 'NONE',  ( 14.35590445068958232, 0.000000000000000000, -2.836630331739350641 ) ) ;
#2035 = CIRCLE ( 'NONE', #663, 2.000000000000000000 ) ;
#2036 = FACE_OUTER_BOUND ( 'NONE', #5687, .T. ) ;
#2037 = ORIENTED_EDGE ( 'NONE', *, *, #337, .T. ) ;
#2038 = AXIS2_PLACEMENT_3D ( 'NONE', #403, #2852, #5590 ) ;
#2039 = CARTESIAN_POINT ( 'NONE',  ( 7.070602967126382588, 0.8628211600346445964, -0.4041232037028950064 ) ) ;
#2040 = CARTESIAN_POINT ( 'NONE',  ( 8.226888072706339372, 0.3999999999999999667, -2.240753535442232547 ) ) ;
#2041 = CARTESIAN_POINT ( 'NONE',  ( 1.500000000000011990, 0.000000000000000000, -2.240753535442245425 ) ) ;
#2042 = DIRECTION ( 'NONE',  ( 0.7660444431189766812, 0.000000000000000000, 0.6427876096865409172 ) ) ;
#2043 = EDGE_CURVE ( 'NONE', #5968, #4288, #4930, .T. ) ;
#2044 = ORIENTED_EDGE ( 'NONE', *, *, #554, .T. ) ;
#2045 = ORIENTED_EDGE ( 'NONE', *, *, #934, .T. ) ;
#2046 = LINE ( 'NONE', #2539, #2371 ) ;
#2047 = DIRECTION ( 'NONE',  ( 1.000000000000000000, 0.000000000000000000, -0.000000000000000000 ) ) ;
#2048 = DIRECTION ( 'NONE',  ( 1.000000000000000000, 0.000000000000000000, 0.000000000000000000 ) ) ;
#2049 = CARTESIAN_POINT ( 'NONE',  ( 5.299199810604134697, 1.106833788838468280, -5.425737714157051528 ) ) ;
#2050 = PLANE ( 'NONE',  #4779 ) ;
#2051 = ADVANCED_FACE ( 'NONE', ( #699 ), #5058, .F. ) ;
#2052 = VERTEX_POINT ( 'NONE', #237 ) ;
#2053 = ORIENTED_EDGE ( 'NONE', *, *, #5512, .F. ) ;
#2054 = PLANE ( 'NONE',  #4403 ) ;
#2055 = EDGE_CURVE ( 'NONE', #2333, #1991, #2178, .T. ) ;
#2056 = VERTEX_POINT ( 'NONE', #2114 ) ;
#2057 = ORIENTED_EDGE ( 'NONE', *, *, #1805, .T. ) ;
#2058 = CARTESIAN_POINT ( 'NONE',  ( 17.50000000000000711, 0.4000000000000000222, 0.1662919268571574627 ) ) ;
#2059 = ORIENTED_EDGE ( 'NONE', *, *, #5004, .T. ) ;
#2060 = ADVANCED_FACE ( 'NONE', ( #3099 ), #2145, .F. ) ;
#2061 = ORIENTED_EDGE ( 'NONE', *, *, #1226, .F. ) ;
#2062 = DIRECTION ( 'NONE',  ( -0.7660444431189766812, 0.000000000000000000, 0.6427876096865409172 ) ) ;
#2063 = ORIENTED_EDGE ( 'NONE', *, *, #5553, .T. ) ;
#2064 = LINE ( 'NONE', #3918, #1285 ) ;
#2065 = LINE ( 'NONE', #4013, #3065 ) ;
#2066 = ORIENTED_EDGE ( 'NONE', *, *, #2592, .T. ) ;
#2067 = VECTOR ( 'NONE', #579, 1000.000000000000000 ) ;
#2068 = VECTOR ( 'NONE', #294, 1000.000000000000000 ) ;
#2069 = VECTOR ( 'NONE', #2198, 1000.000000000000000 ) ;
#2070 = CARTESIAN_POINT ( 'NONE',  ( 0.5171880246749578358, 1.115317123975225533, -5.586345496996282911 ) ) ;
#2071 = VECTOR ( 'NONE', #174, 1000.000000000000000 ) ;
#2072 = AXIS2_PLACEMENT_3D ( 'NONE', #3866, #4834, #4802 ) ;
#2073 = CARTESIAN_POINT ( 'NONE',  ( 11.35590445068958054, 1.000000000000000000, -3.007045462299396732 ) ) ;
#2074 = CARTESIAN_POINT ( 'NONE',  ( 15.64120593425276340, 0.000000000000000000, -0.4041232037028950064 ) ) ;
#2075 = CARTESIAN_POINT ( 'NONE',  ( 5.785301483563190850, 0.4000000000000000222, -0.2337080731428426428 ) ) ;
#2076 = VERTEX_POINT ( 'NONE', #3993 ) ;
#2077 = VECTOR ( 'NONE', #5731, 1000.000000000000000 ) ;
#2078 = VERTEX_POINT ( 'NONE', #4024 ) ;
#2079 = DIRECTION ( 'NONE',  ( 7.097089222158425653E-15, -0.000000000000000000, 1.000000000000000000 ) ) ;
#2080 = CARTESIAN_POINT ( 'NONE',  ( 7.826888072706338129, 0.3999999999999999667, -1.000000000000000000 ) ) ;
#2081 = CARTESIAN_POINT ( 'NONE',  ( 14.35590445068956456, 1.103464666456457577, -5.267169912107815044 ) ) ;
#2082 = ORIENTED_EDGE ( 'NONE', *, *, #1799, .F. ) ;
#2083 = LINE ( 'NONE', #2339, #1094 ) ;
#2084 = DIRECTION ( 'NONE',  ( -1.141265444721583757E-16, 0.000000000000000000, -1.000000000000000000 ) ) ;
#2085 = EDGE_CURVE ( 'NONE', #3381, #4602, #5918, .T. ) ;
#2086 = DIRECTION ( 'NONE',  ( 0.000000000000000000, -1.000000000000000000, -0.000000000000000000 ) ) ;
#2087 = ORIENTED_EDGE ( 'NONE', *, *, #1208, .F. ) ;
#2088 = EDGE_LOOP ( 'NONE', ( #694, #2457, #6042, #2195 ) ) ;
#2089 = CARTESIAN_POINT ( 'NONE',  ( 1.500000000000000222, 0.000000000000000000, 0.1662919268571592668 ) ) ;
#2090 = ORIENTED_EDGE ( 'NONE', *, *, #623, .T. ) ;
#2091 = DIRECTION ( 'NONE',  ( 0.000000000000000000, 1.000000000000000000, 2.710505431213761085E-16 ) ) ;
#2092 = CARTESIAN_POINT ( 'NONE',  ( 4.632161128980621712, 0.000000000000000000, -3.000000000000000000 ) ) ;
#2093 = AXIS2_PLACEMENT_3D ( 'NONE', #5098, #1383, #3259 ) ;
#2094 = EDGE_CURVE ( 'NONE', #5169, #4837, #2668, .T. ) ;
#2095 = ADVANCED_FACE ( 'NONE', ( #5522 ), #765, .F. ) ;
#2096 = VERTEX_POINT ( 'NONE', #3068 ) ;
#2097 = VERTEX_POINT ( 'NONE', #2636 ) ;
#2098 = ORIENTED_EDGE ( 'NONE', *, *, #4220, .T. ) ;
#2099 = DIRECTION ( 'NONE',  ( -0.7660444431189811221, 0.000000000000000000, -0.6427876096865355882 ) ) ;
#2100 = VERTEX_POINT ( 'NONE', #1253 ) ;
#2101 = DIRECTION ( 'NONE',  ( -0.000000000000000000, -1.000000000000000000, 0.000000000000000000 ) ) ;
#2102 = CARTESIAN_POINT ( 'NONE',  ( 15.64120593425276340, 0.9534028740753675013, 2.799999999999999822 ) ) ;
#2103 = VERTEX_POINT ( 'NONE', #4962 ) ;
#2104 = EDGE_CURVE ( 'NONE', #3917, #3275, #4524, .T. ) ;
#2105 = DIRECTION ( 'NONE',  ( -1.000000000000000000, -0.000000000000000000, 1.141265444721583757E-16 ) ) ;
#2106 = ADVANCED_FACE ( 'NONE', ( #1281 ), #5490, .F. ) ;
#2107 = CARTESIAN_POINT ( 'NONE',  ( 13.85590445068957166, 1.000000000000000000, -1.000000000000000000 ) ) ;
#2108 = FACE_OUTER_BOUND ( 'NONE', #5255, .T. ) ;
#2109 = DIRECTION ( 'NONE',  ( 0.6427876096865409172, -0.000000000000000000, 0.7660444431189766812 ) ) ;
#2110 = ORIENTED_EDGE ( 'NONE', *, *, #1110, .T. ) ;
#2111 = VECTOR ( 'NONE', #1071, 1000.000000000000000 ) ;
#2112 = ORIENTED_EDGE ( 'NONE', *, *, #704, .F. ) ;
#2113 = CARTESIAN_POINT ( 'NONE',  ( 5.785301483563199731, 1.000000000000000000, -2.836630331739350641 ) ) ;
#2114 = CARTESIAN_POINT ( 'NONE',  ( 11.35590445068957344, 0.8628211600346445964, -0.4041232037028950064 ) ) ;
#2115 = DIRECTION ( 'NONE',  ( -7.335912872304331086E-17, -0.7660444431189772363, -0.6427876096865402511 ) ) ;
#2116 = DIRECTION ( 'NONE',  ( -1.000000000000000000, 1.355252715606880543E-16, 0.000000000000000000 ) ) ;
#2117 = VECTOR ( 'NONE', #5704, 1000.000000000000000 ) ;
#2118 = LINE ( 'NONE', #2890, #956 ) ;
#2119 = CARTESIAN_POINT ( 'NONE',  ( -1.499999999999992228, 1.000000000000000000, -2.836630331739329769 ) ) ;
#2120 = ORIENTED_EDGE ( 'NONE', *, *, #3140, .T. ) ;
#2121 = VERTEX_POINT ( 'NONE', #4655 ) ;
#2122 = LINE ( 'NONE', #97, #5727 ) ;
#2123 = DIRECTION ( 'NONE',  ( 1.355252715606880543E-16, 1.000000000000000000, -9.463679131915807439E-31 ) ) ;
#2124 = LINE ( 'NONE', #3479, #129 ) ;
#2125 = EDGE_CURVE ( 'NONE', #5170, #4646, #3713, .T. ) ;
#2126 = DIRECTION ( 'NONE',  ( 0.000000000000000000, 1.000000000000000000, 0.000000000000000000 ) ) ;
#2127 = VERTEX_POINT ( 'NONE', #1344 ) ;
#2128 = ORIENTED_EDGE ( 'NONE', *, *, #5915, .T. ) ;
#2129 = CARTESIAN_POINT ( 'NONE',  ( 11.35590445068956456, 1.103464568314089123, -5.267165293036052631 ) ) ;
#2130 = DIRECTION ( 'NONE',  ( 0.5407162030609378167, 0.5407162030609377057, 0.6444004775717702138 ) ) ;
#2131 = CARTESIAN_POINT ( 'NONE',  ( -1.500000000000000000, 1.000000000000000000, -0.4041232037028950064 ) ) ;
#2132 = ORIENTED_EDGE ( 'NONE', *, *, #370, .F. ) ;
#2133 = VECTOR ( 'NONE', #3367, 1000.000000000000000 ) ;
#2134 = CARTESIAN_POINT ( 'NONE',  ( -1.499999999999988010, 1.399999999999999911, -2.240753535442224553 ) ) ;
#2135 = VECTOR ( 'NONE', #4446, 1000.000000000000000 ) ;
#2136 = LINE ( 'NONE', #3588, #951 ) ;
#2137 = DIRECTION ( 'NONE',  ( -1.000000000000000000, 0.000000000000000000, 0.000000000000000000 ) ) ;
#2138 = EDGE_CURVE ( 'NONE', #4856, #2052, #3803, .T. ) ;
#2139 = PLANE ( 'NONE',  #4449 ) ;
#2140 = ORIENTED_EDGE ( 'NONE', *, *, #2816, .T. ) ;
#2141 = AXIS2_PLACEMENT_3D ( 'NONE', #4562, #275, #769 ) ;
#2142 = ORIENTED_EDGE ( 'NONE', *, *, #1456, .T. ) ;
#2143 = ADVANCED_FACE ( 'NONE', ( #2843 ), #1371, .T. ) ;
#2144 = CARTESIAN_POINT ( 'NONE',  ( 9.317462612543812028, 0.000000000000000000, -1.000000000000000000 ) ) ;
#2145 = PLANE ( 'NONE',  #2367 ) ;
#2146 = EDGE_CURVE ( 'NONE', #5044, #2100, #395, .T. ) ;
#2147 = CARTESIAN_POINT ( 'NONE',  ( 10.07060296712638348, 0.9534028740753672793, 2.799999999999999822 ) ) ;
#2148 = VECTOR ( 'NONE', #3196, 1000.000000000000000 ) ;
#2149 = PLANE ( 'NONE',  #5829 ) ;
#2150 = CARTESIAN_POINT ( 'NONE',  ( 18.64120593425276695, 0.000000000000000000, -1.000000000000000000 ) ) ;
#2151 = CARTESIAN_POINT ( 'NONE',  ( 9.570602967126392357, 1.000000000000000000, -2.240753535442241873 ) ) ;
#2152 = ORIENTED_EDGE ( 'NONE', *, *, #5996, .T. ) ;
#2153 = LINE ( 'NONE', #4628, #4941 ) ;
#2154 = CARTESIAN_POINT ( 'NONE',  ( 7.826888072706338129, 0.000000000000000000, -1.000000000000000000 ) ) ;
#2155 = CARTESIAN_POINT ( 'NONE',  ( 11.35590445068956811, 1.399999999999999689, -4.612012738139070755 ) ) ;
#2156 = LINE ( 'NONE', #2251, #3395 ) ;
#2157 = ORIENTED_EDGE ( 'NONE', *, *, #2691, .T. ) ;
#2158 = ORIENTED_EDGE ( 'NONE', *, *, #3934, .T. ) ;
#2159 = PLANE ( 'NONE',  #1159 ) ;
#2160 = CARTESIAN_POINT ( 'NONE',  ( 1.500000000000000000, 0.000000000000000000, -1.000000000000000000 ) ) ;
#2161 = DIRECTION ( 'NONE',  ( 0.000000000000000000, -1.000000000000000000, 0.000000000000000000 ) ) ;
#2162 = ADVANCED_FACE ( 'NONE', ( #912 ), #2812, .F. ) ;
#2163 = LINE ( 'NONE', #2134, #204 ) ;
#2164 = CARTESIAN_POINT ( 'NONE',  ( 12.85590445068957344, 1.000000000000000000, 0.8999999999999921396 ) ) ;
#2165 = DIRECTION ( 'NONE',  ( 0.000000000000000000, 0.7660444431189767922, -0.6427876096865409172 ) ) ;
#2166 = VECTOR ( 'NONE', #3507, 1000.000000000000000 ) ;
#2167 = VECTOR ( 'NONE', #2929, 1000.000000000000000 ) ;
#2168 = CARTESIAN_POINT ( 'NONE',  ( -1.500000000000005107, 1.399999999999999689, -4.612012738139070755 ) ) ;
#2169 = ORIENTED_EDGE ( 'NONE', *, *, #2482, .T. ) ;
#2170 = ADVANCED_FACE ( 'NONE', ( #6101 ), #3777, .F. ) ;
#2171 = VECTOR ( 'NONE', #5483, 1000.000000000000000 ) ;
#2172 = EDGE_CURVE ( 'NONE', #4914, #5604, #1406, .T. ) ;
#2173 = CIRCLE ( 'NONE', #4440, 4.810796291701608496 ) ;
#2174 = EDGE_CURVE ( 'NONE', #2928, #96, #2784, .T. ) ;
#2175 = ORIENTED_EDGE ( 'NONE', *, *, #4256, .T. ) ;
#2176 = VECTOR ( 'NONE', #3445, 1000.000000000000000 ) ;
#2177 = CARTESIAN_POINT ( 'NONE',  ( 17.50000000000000711, 0.4000000000000000222, -3.007045462299397620 ) ) ;
#2178 = LINE ( 'NONE', #4992, #5634 ) ;
#2179 = CARTESIAN_POINT ( 'NONE',  ( 15.51825347110764142, 1.400000000000000355, -5.141489476468491304 ) ) ;
#2180 = LINE ( 'NONE', #2239, #3358 ) ;
#2181 = VECTOR ( 'NONE', #2809, 1000.000000000000000 ) ;
#2182 = CARTESIAN_POINT ( 'NONE',  ( 5.785301483563203284, 1.399999999999999911, -2.240753535442245425 ) ) ;
#2183 = CARTESIAN_POINT ( 'NONE',  ( 17.14120593425276340, 1.000000000000000000, 0.000000000000000000 ) ) ;
#2184 = EDGE_LOOP ( 'NONE', ( #4765, #5774, #5998, #141 ) ) ;
#2185 = ORIENTED_EDGE ( 'NONE', *, *, #5579, .T. ) ;
#2186 = AXIS2_PLACEMENT_3D ( 'NONE', #5166, #924, #2372 ) ;
#2187 = DIRECTION ( 'NONE',  ( 1.000000000000000000, 0.000000000000000000, -1.141265444721583757E-16 ) ) ;
#2188 = DIRECTION ( 'NONE',  ( -5.813595144832437787E-15, 0.5735764363510473807, -0.8191520442889909104 ) ) ;
#2189 = DIRECTION ( 'NONE',  ( 0.000000000000000000, -1.000000000000000000, 0.000000000000000000 ) ) ;
#2190 = CARTESIAN_POINT ( 'NONE',  ( 5.785301483563190850, 0.4000000000000000222, 0.1662919268571587950 ) ) ;
#2191 = ORIENTED_EDGE ( 'NONE', *, *, #5694, .T. ) ;
#2192 = ORIENTED_EDGE ( 'NONE', *, *, #5591, .T. ) ;
#2193 = CARTESIAN_POINT ( 'NONE',  ( -0.3437148944200444367, 0.4000000000000000222, -1.000000000000000000 ) ) ;
#2194 =( GEOMETRIC_REPRESENTATION_CONTEXT ( 3 ) GLOBAL_UNCERTAINTY_ASSIGNED_CONTEXT ( ( #937 ) ) GLOBAL_UNIT_ASSIGNED_CONTEXT ( ( #5190, #31, #3354 ) ) REPRESENTATION_CONTEXT ( 'NONE', 'WORKASPACE' ) );
#2195 = ORIENTED_EDGE ( 'NONE', *, *, #2574, .T. ) ;
#2196 = FACE_OUTER_BOUND ( 'NONE', #5948, .T. ) ;
#2197 = LINE ( 'NONE', #3981, #4953 ) ;
#2198 = DIRECTION ( 'NONE',  ( 0.000000000000000000, 1.000000000000000000, 0.000000000000000000 ) ) ;
#2199 = DIRECTION ( 'NONE',  ( -0.5407162030609422576, 0.5407162030609375947, -0.6444004775717664391 ) ) ;
#2200 = CARTESIAN_POINT ( 'NONE',  ( 15.64120593425277050, 0.000000000000000000, -3.407045462299397087 ) ) ;
#2201 = PLANE ( 'NONE',  #711 ) ;
#2202 = VERTEX_POINT ( 'NONE', #2268 ) ;
#2203 = ADVANCED_FACE ( 'NONE', ( #2301 ), #5641, .F. ) ;
#2204 = DIRECTION ( 'NONE',  ( 1.000000000000000000, -0.000000000000000000, -6.982962677686266711E-15 ) ) ;
#2205 = CARTESIAN_POINT ( 'NONE',  ( 5.785301483563199731, 1.000000000000000000, -2.836630331739350641 ) ) ;
#2206 = CARTESIAN_POINT ( 'NONE',  ( 14.35590445068956278, 1.191234876072140292, -5.242434171922443653 ) ) ;
#2207 = CARTESIAN_POINT ( 'NONE',  ( 9.317462612543812028, 0.000000000000000000, -2.240753535442240096 ) ) ;
#2208 = EDGE_CURVE ( 'NONE', #5233, #3031, #5116, .T. ) ;
#2209 = VECTOR ( 'NONE', #5593, 1000.000000000000000 ) ;
#2210 = DIRECTION ( 'NONE',  ( -6.868836133214108557E-15, 0.000000000000000000, -1.000000000000000000 ) ) ;
#2211 = FACE_OUTER_BOUND ( 'NONE', #26, .T. ) ;
#2212 = ORIENTED_EDGE ( 'NONE', *, *, #1226, .T. ) ;
#2213 = DIRECTION ( 'NONE',  ( 1.000000000000000000, 0.000000000000000000, 0.000000000000000000 ) ) ;
#2214 = LINE ( 'NONE', #5472, #5408 ) ;
#2215 = AXIS2_PLACEMENT_3D ( 'NONE', #4373, #2022, #1964 ) ;
#2216 = EDGE_CURVE ( 'NONE', #4317, #4837, #2664, .T. ) ;
#2217 = PLANE ( 'NONE',  #5258 ) ;
#2218 = EDGE_CURVE ( 'NONE', #3313, #3050, #1836, .T. ) ;
#2219 = EDGE_CURVE ( 'NONE', #5644, #983, #2753, .T. ) ;
#2220 = LINE ( 'NONE', #5995, #634 ) ;
#2221 = PRODUCT_RELATED_PRODUCT_CATEGORY ( 'part', '', ( #4527 ) ) ;
#2222 = EDGE_LOOP ( 'NONE', ( #4480, #3361, #3838, #5272, #4116, #5354, #1259, #3573, #3346, #5336, #4469, #5594, #5901 ) ) ;
#2223 = ORIENTED_EDGE ( 'NONE', *, *, #1879, .F. ) ;
#2224 = DIRECTION ( 'NONE',  ( -1.000000000000000000, 0.000000000000000000, 0.000000000000000000 ) ) ;
#2225 = ORIENTED_EDGE ( 'NONE', *, *, #4635, .T. ) ;
#2226 = EDGE_CURVE ( 'NONE', #1555, #3894, #455, .T. ) ;
#2227 = CARTESIAN_POINT ( 'NONE',  ( 17.65839395892772856, 1.115317123975225533, -5.586345496996282023 ) ) ;
#2228 = CARTESIAN_POINT ( 'NONE',  ( 8.570602967126381699, -1.000000000000000000, 0.3238172648295125633 ) ) ;
#2229 = CARTESIAN_POINT ( 'NONE',  ( 18.64120593425276695, 1.499358225474672235, 2.799999999999999822 ) ) ;
#2230 = DIRECTION ( 'NONE',  ( -0.000000000000000000, -0.000000000000000000, 1.000000000000000000 ) ) ;
#2231 = PLANE ( 'NONE',  #5535 ) ;
#2232 = CARTESIAN_POINT ( 'NONE',  ( 13.60276409610700377, 0.000000000000000000, -2.240753535442240096 ) ) ;
#2233 = ORIENTED_EDGE ( 'NONE', *, *, #3641, .T. ) ;
#2234 = VECTOR ( 'NONE', #1425, 1000.000000000000000 ) ;
#2235 = DIRECTION ( 'NONE',  ( -0.000000000000000000, -0.000000000000000000, 1.000000000000000000 ) ) ;
#2236 = CARTESIAN_POINT ( 'NONE',  ( 13.88799333692752747, 0.5320888862379536954, -0.9617579545435693822 ) ) ;
#2237 = EDGE_CURVE ( 'NONE', #2837, #4442, #4620, .T. ) ;
#2238 = LINE ( 'NONE', #4120, #3523 ) ;
#2239 = CARTESIAN_POINT ( 'NONE',  ( 10.07060296712638170, 0.000000000000000000, -0.2337080731428418934 ) ) ;
#2240 = CIRCLE ( 'NONE', #1752, 2.000000000000000000 ) ;
#2241 = ORIENTED_EDGE ( 'NONE', *, *, #935, .F. ) ;
#2242 = CARTESIAN_POINT ( 'NONE',  ( 16.12731257630675330, 1.106833761053985121, -5.425736373931110634 ) ) ;
#2243 = ORIENTED_EDGE ( 'NONE', *, *, #2808, .T. ) ;
#2244 = ORIENTED_EDGE ( 'NONE', *, *, #2386, .T. ) ;
#2245 = VECTOR ( 'NONE', #4778, 1000.000000000000000 ) ;
#2246 = FACE_OUTER_BOUND ( 'NONE', #3621, .T. ) ;
#2247 = EDGE_CURVE ( 'NONE', #5163, #3677, #481, .T. ) ;
#2248 = CARTESIAN_POINT ( 'NONE',  ( 8.226888072706337596, 0.4000000000000000222, -3.000000000000000000 ) ) ;
#2249 = DIRECTION ( 'NONE',  ( 0.000000000000000000, -1.000000000000000000, 0.000000000000000000 ) ) ;
#2250 = EDGE_CURVE ( 'NONE', #5367, #561, #1929, .T. ) ;
#2251 = CARTESIAN_POINT ( 'NONE',  ( 10.07060296712639413, 1.000000000000000000, -2.240753535442245425 ) ) ;
#2252 = EDGE_CURVE ( 'NONE', #5226, #2587, #879, .T. ) ;
#2253 = VERTEX_POINT ( 'NONE', #1031 ) ;
#2254 = CARTESIAN_POINT ( 'NONE',  ( -0.7437148944200444589, 0.000000000000000000, -3.000000000000000000 ) ) ;
#2255 = ORIENTED_EDGE ( 'NONE', *, *, #1004, .T. ) ;
#2256 = DIRECTION ( 'NONE',  ( -6.982962677686266711E-15, 0.000000000000000000, -1.000000000000000000 ) ) ;
#2257 = DIRECTION ( 'NONE',  ( -1.000000000000000000, 0.000000000000000000, 1.141265444721583757E-16 ) ) ;
#2258 = ORIENTED_EDGE ( 'NONE', *, *, #41, .F. ) ;
#2259 = EDGE_CURVE ( 'NONE', #1028, #5289, #3406, .T. ) ;
#2260 = ORIENTED_EDGE ( 'NONE', *, *, #2759, .T. ) ;
#2261 = CARTESIAN_POINT ( 'NONE',  ( 2.785301483563184632, 1.399999999999999911, -4.858572962426980446 ) ) ;
#2262 = DIRECTION ( 'NONE',  ( 7.097089222158425653E-15, -0.000000000000000000, 1.000000000000000000 ) ) ;
#2263 = ORIENTED_EDGE ( 'NONE', *, *, #4522, .F. ) ;
#2264 = LINE ( 'NONE', #4143, #3648 ) ;
#2265 = CARTESIAN_POINT ( 'NONE',  ( -0.9999999999999978906, 0.4999999999999978351, -1.000000000000000000 ) ) ;
#2266 = VERTEX_POINT ( 'NONE', #1522 ) ;
#2267 = LINE ( 'NONE', #1809, #3253 ) ;
#2268 = CARTESIAN_POINT ( 'NONE',  ( 14.35590445068957344, 0.8628211600346445964, -0.4041232037028950064 ) ) ;
#2269 = CARTESIAN_POINT ( 'NONE',  ( 18.79124264491498408, 1.102365273526561218, -5.215486168409628753 ) ) ;
#2270 = DIRECTION ( 'NONE',  ( 1.000000000000000000, -0.000000000000000000, -1.141265444721583757E-16 ) ) ;
#2271 = AXIS2_PLACEMENT_3D ( 'NONE', #5961, #2644, #1234 ) ;
#2272 = VECTOR ( 'NONE', #5811, 1000.000000000000114 ) ;
#2273 = ORIENTED_EDGE ( 'NONE', *, *, #2393, .T. ) ;
#2274 = FACE_OUTER_BOUND ( 'NONE', #1498, .T. ) ;
#2275 = AXIS2_PLACEMENT_3D ( 'NONE', #361, #5180, #2351 ) ;
#2276 = ORIENTED_EDGE ( 'NONE', *, *, #4805, .T. ) ;
#2277 = LINE ( 'NONE', #1007, #1088 ) ;
#2278 = PLANE ( 'NONE',  #2038 ) ;
#2279 = VECTOR ( 'NONE', #3763, 1000.000000000000000 ) ;
#2280 = CARTESIAN_POINT ( 'NONE',  ( 0.3468596454174303068, 0.4000000000000000222, -1.000000000000000000 ) ) ;
#2281 = EDGE_CURVE ( 'NONE', #1606, #1290, #2533, .T. ) ;
#2282 = VECTOR ( 'NONE', #1186, 1000.000000000000114 ) ;
#2283 = FILL_AREA_STYLE ('',( #437 ) ) ;
#2284 = ORIENTED_EDGE ( 'NONE', *, *, #4401, .T. ) ;
#2285 = DIRECTION ( 'NONE',  ( 6.868836133214108557E-15, 0.000000000000000000, 1.000000000000000000 ) ) ;
#2286 = CARTESIAN_POINT ( 'NONE',  ( 7.070602967126394134, 0.3999999999999999667, -2.240753535442224553 ) ) ;
#2287 = DIRECTION ( 'NONE',  ( -3.093406186374441444E-32, 1.000000000000000000, 2.710505431213761085E-16 ) ) ;
#2288 = ORIENTED_EDGE ( 'NONE', *, *, #3901, .T. ) ;
#2289 = EDGE_CURVE ( 'NONE', #4288, #3396, #5298, .T. ) ;
#2290 = ORIENTED_EDGE ( 'NONE', *, *, #103, .T. ) ;
#2291 = VERTEX_POINT ( 'NONE', #2040 ) ;
#2292 = LINE ( 'NONE', #1828, #981 ) ;
#2293 = CARTESIAN_POINT ( 'NONE',  ( 1.500000000000000222, -1.000000000000000000, 0.3238172648295125633 ) ) ;
#2294 = ORIENTED_EDGE ( 'NONE', *, *, #704, .T. ) ;
#2295 = DIRECTION ( 'NONE',  ( 0.000000000000000000, 0.000000000000000000, 1.000000000000000000 ) ) ;
#2296 = FACE_OUTER_BOUND ( 'NONE', #2716, .T. ) ;
#2297 = ORIENTED_EDGE ( 'NONE', *, *, #1953, .T. ) ;
#2298 = VECTOR ( 'NONE', #5805, 1000.000000000000000 ) ;
#2299 = EDGE_CURVE ( 'NONE', #1946, #3630, #3342, .T. ) ;
#2300 = CARTESIAN_POINT ( 'NONE',  ( 7.070602967126382588, 0.000000000000000000, -1.000000000000000000 ) ) ;
#2301 = FACE_OUTER_BOUND ( 'NONE', #5217, .T. ) ;
#2302 = DIRECTION ( 'NONE',  ( 0.000000000000000000, 0.000000000000000000, -1.000000000000000000 ) ) ;
#2303 = CARTESIAN_POINT ( 'NONE',  ( 18.64120593425275985, 1.399999999999999911, -4.858578065624948650 ) ) ;
#2304 = ORIENTED_EDGE ( 'NONE', *, *, #1846, .F. ) ;
#2305 = CARTESIAN_POINT ( 'NONE',  ( 9.632041948747426474, 0.5614389816210439976, -0.9267798729277888503 ) ) ;
#2306 = ORIENTED_EDGE ( 'NONE', *, *, #3232, .F. ) ;
#2307 = LINE ( 'NONE', #4370, #795 ) ;
#2308 = DIRECTION ( 'NONE',  ( -6.868836133214109346E-15, 0.000000000000000000, -1.000000000000000000 ) ) ;
#2309 = DIRECTION ( 'NONE',  ( -0.5407162030609422576, 0.5407162030609375947, -0.6444004775717664391 ) ) ;
#2310 =( NAMED_UNIT ( * ) SI_UNIT ( $, .STERADIAN. ) SOLID_ANGLE_UNIT ( ) );
#2311 = EDGE_CURVE ( 'NONE', #561, #4636, #5786, .T. ) ;
#2312 = FACE_OUTER_BOUND ( 'NONE', #577, .T. ) ;
#2313 = ORIENTED_EDGE ( 'NONE', *, *, #1705, .F. ) ;
#2314 = DIRECTION ( 'NONE',  ( 0.000000000000000000, 0.000000000000000000, 1.000000000000000000 ) ) ;
#2315 = ORIENTED_EDGE ( 'NONE', *, *, #3514, .F. ) ;
#2316 = VERTEX_POINT ( 'NONE', #2414 ) ;
#2317 = LINE ( 'NONE', #1274, #702 ) ;
#2318 = LINE ( 'NONE', #6062, #2522 ) ;
#2319 = VERTEX_POINT ( 'NONE', #5238 ) ;
#2320 = DIRECTION ( 'NONE',  ( -1.000000000000000000, 0.000000000000000000, 0.000000000000000000 ) ) ;
#2321 = DIRECTION ( 'NONE',  ( -1.000000000000000000, -0.000000000000000000, -0.000000000000000000 ) ) ;
#2322 = ORIENTED_EDGE ( 'NONE', *, *, #2226, .T. ) ;
#2323 = ADVANCED_FACE ( 'NONE', ( #79 ), #600, .T. ) ;
#2324 = DIRECTION ( 'NONE',  ( -1.000000000000000000, -0.000000000000000000, 1.141265444721583757E-16 ) ) ;
#2325 = EDGE_CURVE ( 'NONE', #1974, #4430, #5815, .T. ) ;
#2326 = CARTESIAN_POINT ( 'NONE',  ( 14.35590445068957344, 1.000000000000000000, -1.000000000000000000 ) ) ;
#2327 = CARTESIAN_POINT ( 'NONE',  ( 18.76421803573632374, 1.400000000000000133, -5.141473183975624472 ) ) ;
#2328 = CARTESIAN_POINT ( 'NONE',  ( 11.35590445068956456, 8.673617379884035472E-16, -5.578147948598759065 ) ) ;
#2329 = VECTOR ( 'NONE', #4645, 1000.000000000000000 ) ;
#2330 = ORIENTED_EDGE ( 'NONE', *, *, #3425, .F. ) ;
#2331 = EDGE_CURVE ( 'NONE', #1666, #4980, #658, .T. ) ;
#2332 = DIRECTION ( 'NONE',  ( -3.093406186374441444E-32, 1.000000000000000000, 2.710505431213761085E-16 ) ) ;
#2333 = VERTEX_POINT ( 'NONE', #999 ) ;
#2334 = DIRECTION ( 'NONE',  ( -1.000000000000000000, -0.000000000000000000, -0.000000000000000000 ) ) ;
#2335 = DIRECTION ( 'NONE',  ( 0.000000000000000000, -1.000000000000000000, 0.000000000000000000 ) ) ;
#2336 = VECTOR ( 'NONE', #153, 1000.000000000000000 ) ;
#2337 = VECTOR ( 'NONE', #5277, 1000.000000000000000 ) ;
#2338 = SURFACE_SIDE_STYLE ('',( #1819 ) ) ;
#2339 = CARTESIAN_POINT ( 'NONE',  ( 18.64120593425277406, 1.000000000000000000, -2.836630331739350641 ) ) ;
#2340 = CARTESIAN_POINT ( 'NONE',  ( 2.785301483563191294, 0.8628211600346445964, -0.4041232037028950064 ) ) ;
#2341 = ORIENTED_EDGE ( 'NONE', *, *, #5267, .F. ) ;
#2342 = ORIENTED_EDGE ( 'NONE', *, *, #5092, .T. ) ;
#2343 = CARTESIAN_POINT ( 'NONE',  ( -1.500000000000000444, 2.000000000000000000, 1.739099631177264405 ) ) ;
#2344 = DIRECTION ( 'NONE',  ( -1.000000000000000000, 0.000000000000000000, 6.982962677686266711E-15 ) ) ;
#2345 = VERTEX_POINT ( 'NONE', #2504 ) ;
#2346 = CARTESIAN_POINT ( 'NONE',  ( 14.35590445068958587, 0.3999999999999999667, -2.240753535442245425 ) ) ;
#2347 = ORIENTED_EDGE ( 'NONE', *, *, #3965, .F. ) ;
#2348 = CARTESIAN_POINT ( 'NONE',  ( 11.35590445068958587, 0.000000000000000000, -2.240753535442224553 ) ) ;
#2349 = VERTEX_POINT ( 'NONE', #4386 ) ;
#2350 = EDGE_CURVE ( 'NONE', #469, #4566, #3832, .T. ) ;
#2351 = DIRECTION ( 'NONE',  ( -1.000000000000000000, 0.000000000000000000, 6.982962677686266711E-15 ) ) ;
#2352 = DIRECTION ( 'NONE',  ( -0.6427876096865355882, -0.000000000000000000, 0.7660444431189811221 ) ) ;
#2353 = LINE ( 'NONE', #2699, #6001 ) ;
#2354 = FACE_OUTER_BOUND ( 'NONE', #527, .T. ) ;
#2355 = ORIENTED_EDGE ( 'NONE', *, *, #1722, .T. ) ;
#2356 = EDGE_CURVE ( 'NONE', #1228, #5174, #193, .T. ) ;
#2357 = EDGE_CURVE ( 'NONE', #3609, #5152, #4770, .T. ) ;
#2358 = VERTEX_POINT ( 'NONE', #3375 ) ;
#2359 = CARTESIAN_POINT ( 'NONE',  ( -1.500000000000000444, 0.5351768109448616917, 2.449066664678465788 ) ) ;
#2360 = DIRECTION ( 'NONE',  ( 1.000000000000000000, -0.000000000000000000, -0.000000000000000000 ) ) ;
#2361 = DIRECTION ( 'NONE',  ( 1.141265444721583757E-16, -0.000000000000000000, 1.000000000000000000 ) ) ;
#2362 = VECTOR ( 'NONE', #5188, 1000.000000000000000 ) ;
#2363 = VECTOR ( 'NONE', #5231, 1000.000000000000000 ) ;
#2364 = ADVANCED_FACE ( 'NONE', ( #5269 ), #572, .F. ) ;
#2365 = VECTOR ( 'NONE', #2079, 1000.000000000000000 ) ;
#2366 = LINE ( 'NONE', #3324, #2702 ) ;
#2367 = AXIS2_PLACEMENT_3D ( 'NONE', #1749, #1690, #4061 ) ;
#2368 = AXIS2_PLACEMENT_3D ( 'NONE', #5041, #5076, #4167 ) ;
#2369 = ORIENTED_EDGE ( 'NONE', *, *, #3583, .T. ) ;
#2370 = CARTESIAN_POINT ( 'NONE',  ( 5.785301483563181968, 1.103464666456457577, -5.267169912107815044 ) ) ;
#2371 = VECTOR ( 'NONE', #5737, 1000.000000000000000 ) ;
#2372 = DIRECTION ( 'NONE',  ( 0.000000000000000000, 0.000000000000000000, -1.000000000000000000 ) ) ;
#2373 = VECTOR ( 'NONE', #5510, 1000.000000000000000 ) ;
#2374 = ORIENTED_EDGE ( 'NONE', *, *, #1300, .F. ) ;
#2375 = ORIENTED_EDGE ( 'NONE', *, *, #39, .T. ) ;
#2376 = DIRECTION ( 'NONE',  ( -0.6427876096865463573, -0.000000000000000000, -0.7660444431189722403 ) ) ;
#2377 = CARTESIAN_POINT ( 'NONE',  ( 1.000000000000009770, 1.000000000000000000, -2.240753535442241873 ) ) ;
#2378 = ORIENTED_EDGE ( 'NONE', *, *, #4206, .T. ) ;
#2379 = CARTESIAN_POINT ( 'NONE',  ( 12.51218955626952933, 0.4000000000000000222, -3.000000000000000000 ) ) ;
#2380 = FACE_OUTER_BOUND ( 'NONE', #2705, .T. ) ;
#2381 = VERTEX_POINT ( 'NONE', #5848 ) ;
#2382 = CARTESIAN_POINT ( 'NONE',  ( 15.64120593425277761, 0.000000000000000000, -2.240753535442224553 ) ) ;
#2383 = DIRECTION ( 'NONE',  ( 0.000000000000000000, 0.000000000000000000, -1.000000000000000000 ) ) ;
#2384 = CARTESIAN_POINT ( 'NONE',  ( 17.48806557967019515, 0.000000000000000000, -2.240753535442237432 ) ) ;
#2385 = CARTESIAN_POINT ( 'NONE',  ( 15.64120593425276340, 1.000000000000000000, -1.000000000000000000 ) ) ;
#2386 = EDGE_CURVE ( 'NONE', #5585, #3283, #3511, .T. ) ;
#2387 = ORIENTED_EDGE ( 'NONE', *, *, #3756, .F. ) ;
#2388 = AXIS2_PLACEMENT_3D ( 'NONE', #4349, #531, #619 ) ;
#2389 = ORIENTED_EDGE ( 'NONE', *, *, #2356, .T. ) ;
#2390 = LINE ( 'NONE', #916, #3490 ) ;
#2391 = LINE ( 'NONE', #4275, #1479 ) ;
#2392 = FACE_OUTER_BOUND ( 'NONE', #2395, .T. ) ;
#2393 = EDGE_CURVE ( 'NONE', #4898, #2439, #4054, .T. ) ;
#2394 = EDGE_CURVE ( 'NONE', #3173, #5106, #3149, .T. ) ;
#2395 = EDGE_LOOP ( 'NONE', ( #3508, #2244, #2061, #1081, #4789 ) ) ;
#2396 = EDGE_LOOP ( 'NONE', ( #4858, #3331, #172, #442 ) ) ;
#2397 = EDGE_CURVE ( 'NONE', #4750, #2319, #1247, .T. ) ;
#2398 = EDGE_CURVE ( 'NONE', #988, #4698, #726, .T. ) ;
#2399 = DIRECTION ( 'NONE',  ( -1.000000000000000000, 0.000000000000000000, 6.982962677686266711E-15 ) ) ;
#2400 = CARTESIAN_POINT ( 'NONE',  ( 0.7468596454174303290, 0.4000000000000000222, -2.240753535442239208 ) ) ;
#2401 = AXIS2_PLACEMENT_3D ( 'NONE', #526, #63, #4429 ) ;
#2402 = VERTEX_POINT ( 'NONE', #1184 ) ;
#2403 = EDGE_CURVE ( 'NONE', #430, #1555, #4082, .T. ) ;
#2404 = CARTESIAN_POINT ( 'NONE',  ( 10.07060296712637815, 1.399999999999999689, -4.612012738139092072 ) ) ;
#2405 = ORIENTED_EDGE ( 'NONE', *, *, #3178, .F. ) ;
#2406 = CARTESIAN_POINT ( 'NONE',  ( -1.499999999999988010, 0.4999999999999978351, -2.240753535442224553 ) ) ;
#2407 = ORIENTED_EDGE ( 'NONE', *, *, #2880, .T. ) ;
#2408 = CARTESIAN_POINT ( 'NONE',  ( 8.917462612543813449, 0.000000000000000000, -1.000000000000000000 ) ) ;
#2409 = ORIENTED_EDGE ( 'NONE', *, *, #35, .T. ) ;
#2410 = VECTOR ( 'NONE', #5094, 1000.000000000000000 ) ;
#2411 = DIRECTION ( 'NONE',  ( 0.000000000000000000, 1.000000000000000000, 0.000000000000000000 ) ) ;
#2412 = ORIENTED_EDGE ( 'NONE', *, *, #3389, .T. ) ;
#2413 = DIRECTION ( 'NONE',  ( 0.000000000000000000, -0.6427876096865358102, 0.7660444431189811221 ) ) ;
#2414 = CARTESIAN_POINT ( 'NONE',  ( 17.48806557967019515, 0.000000000000000000, -1.000000000000000000 ) ) ;
#2415 = DIRECTION ( 'NONE',  ( -1.000000000000000000, 0.000000000000000000, -1.141265444721583757E-16 ) ) ;
#2416 = LINE ( 'NONE', #1524, #5343 ) ;
#2417 = VERTEX_POINT ( 'NONE', #818 ) ;
#2418 = ORIENTED_EDGE ( 'NONE', *, *, #2357, .T. ) ;
#2419 = EDGE_CURVE ( 'NONE', #1555, #4613, #4552, .T. ) ;
#2420 = CARTESIAN_POINT ( 'NONE',  ( 5.785301483563190850, 1.000000000000000000, -1.000000000000000000 ) ) ;
#2421 = CARTESIAN_POINT ( 'NONE',  ( 17.65162868655744433, 1.399999999999999689, -5.098382031700254835 ) ) ;
#2422 = DIRECTION ( 'NONE',  ( 1.000000000000000000, -0.000000000000000000, 0.000000000000000000 ) ) ;
#2423 = DIRECTION ( 'NONE',  ( 0.000000000000000000, 0.000000000000000000, 1.000000000000000000 ) ) ;
#2424 = EDGE_CURVE ( 'NONE', #101, #609, #1615, .T. ) ;
#2425 = LINE ( 'NONE', #3845, #5672 ) ;
#2426 = ORIENTED_EDGE ( 'NONE', *, *, #5279, .F. ) ;
#2427 = ORIENTED_EDGE ( 'NONE', *, *, #5326, .T. ) ;
#2428 = ORIENTED_EDGE ( 'NONE', *, *, #4334, .T. ) ;
#2429 = AXIS2_PLACEMENT_3D ( 'NONE', #929, #2776, #873 ) ;
#2430 = VERTEX_POINT ( 'NONE', #3987 ) ;
#2431 = CARTESIAN_POINT ( 'NONE',  ( 15.64120593425277050, 0.3999999999999999667, -3.407045462299397531 ) ) ;
#2432 = ORIENTED_EDGE ( 'NONE', *, *, #5777, .T. ) ;
#2433 = LINE ( 'NONE', #4788, #2879 ) ;
#2434 = EDGE_CURVE ( 'NONE', #1966, #3609, #3491, .T. ) ;
#2435 = VECTOR ( 'NONE', #286, 1000.000000000000000 ) ;
#2436 = EDGE_CURVE ( 'NONE', #5178, #4125, #1742, .T. ) ;
#2437 = VERTEX_POINT ( 'NONE', #4453 ) ;
#2438 = CARTESIAN_POINT ( 'NONE',  ( 10.07060296712638170, 0.8628211600346445964, -0.4041232037028950064 ) ) ;
#2439 = VERTEX_POINT ( 'NONE', #231 ) ;
#2440 = VECTOR ( 'NONE', #888, 1000.000000000000000 ) ;
#2441 = DIRECTION ( 'NONE',  ( -4.005262847839656493E-15, -0.8191520442889909104, -0.5735764363510473807 ) ) ;
#2442 = ORIENTED_EDGE ( 'NONE', *, *, #787, .T. ) ;
#2443 = CARTESIAN_POINT ( 'NONE',  ( 10.07060296712638525, 0.3999999999999999667, -3.407045462299397531 ) ) ;
#2444 = CARTESIAN_POINT ( 'NONE',  ( 7.070602967126381699, 1.499358225474672235, 1.300000000000000044 ) ) ;
#2445 = VERTEX_POINT ( 'NONE', #263 ) ;
#2446 = CARTESIAN_POINT ( 'NONE',  ( 5.785301483563185521, 1.399999999999999911, -4.858578065624948650 ) ) ;
#2447 = CARTESIAN_POINT ( 'NONE',  ( -1.500000000000000444, 0.9534028740753675013, 2.799999999999999822 ) ) ;
#2448 = CARTESIAN_POINT ( 'NONE',  ( 17.50000000000000711, 0.000000000000000000, -0.2337080731428427260 ) ) ;
#2449 = CARTESIAN_POINT ( 'NONE',  ( -1.500000000000000444, 1.499358225474672235, 2.799999999999999822 ) ) ;
#2450 = ORIENTED_EDGE ( 'NONE', *, *, #2138, .F. ) ;
#2451 = ORIENTED_EDGE ( 'NONE', *, *, #559, .F. ) ;
#2452 = CARTESIAN_POINT ( 'NONE',  ( 1.500000000000000000, 0.8628211600346445964, -0.4041232037028950064 ) ) ;
#2453 = DIRECTION ( 'NONE',  ( -1.000000000000000000, -0.000000000000000000, 1.141265444721583757E-16 ) ) ;
#2454 = CARTESIAN_POINT ( 'NONE',  ( 10.07060296712639058, 1.000000000000000000, -2.836630331739350641 ) ) ;
#2455 = LINE ( 'NONE', #5310, #5865 ) ;
#2456 = ORIENTED_EDGE ( 'NONE', *, *, #745, .F. ) ;
#2457 = ORIENTED_EDGE ( 'NONE', *, *, #1342, .T. ) ;
#2458 = CARTESIAN_POINT ( 'NONE',  ( 4.540195339274238684, 1.399999999999999911, -5.120689233910753480 ) ) ;
#2459 = VECTOR ( 'NONE', #2851, 1000.000000000000000 ) ;
#2460 = VECTOR ( 'NONE', #4055, 1000.000000000000114 ) ;
#2461 = ORIENTED_EDGE ( 'NONE', *, *, #3828, .F. ) ;
#2462 = FACE_OUTER_BOUND ( 'NONE', #6097, .T. ) ;
#2463 = EDGE_CURVE ( 'NONE', #3449, #5037, #2136, .T. ) ;
#2464 = AXIS2_PLACEMENT_3D ( 'NONE', #1779, #5430, #270 ) ;
#2465 = AXIS2_PLACEMENT_3D ( 'NONE', #54, #6103, #23 ) ;
#2466 = ORIENTED_EDGE ( 'NONE', *, *, #4621, .F. ) ;
#2467 = VECTOR ( 'NONE', #2324, 1000.000000000000000 ) ;
#2468 = ORIENTED_EDGE ( 'NONE', *, *, #62, .T. ) ;
#2469 = DIRECTION ( 'NONE',  ( -1.000000000000000000, -0.000000000000000000, -0.000000000000000000 ) ) ;
#2470 = ORIENTED_EDGE ( 'NONE', *, *, #68, .F. ) ;
#2471 = LINE ( 'NONE', #3797, #1089 ) ;
#2472 = EDGE_CURVE ( 'NONE', #3501, #5367, #4018, .T. ) ;
#2473 = VECTOR ( 'NONE', #4735, 1000.000000000000000 ) ;
#2474 = CARTESIAN_POINT ( 'NONE',  ( 5.785301483563184632, 1.372613645930301107, -5.038802382218242393 ) ) ;
#2475 = ORIENTED_EDGE ( 'NONE', *, *, #3307, .F. ) ;
#2476 = AXIS2_PLACEMENT_3D ( 'NONE', #1303, #5567, #3731 ) ;
#2477 = CARTESIAN_POINT ( 'NONE',  ( 16.39749103983271894, 1.000000000000000000, -2.240753535442229882 ) ) ;
#2478 = CARTESIAN_POINT ( 'NONE',  ( 3.169493405315430223, 1.106494308963269724, -5.409375844366504538 ) ) ;
#2479 = LINE ( 'NONE', #4365, #597 ) ;
#2480 = CARTESIAN_POINT ( 'NONE',  ( 18.64120593425275629, 1.103464666456457577, -5.267169912107815044 ) ) ;
#2481 = VERTEX_POINT ( 'NONE', #1680 ) ;
#2482 = EDGE_CURVE ( 'NONE', #661, #3205, #357, .T. ) ;
#2483 = EDGE_CURVE ( 'NONE', #2846, #1352, #5018, .T. ) ;
#2484 = EDGE_LOOP ( 'NONE', ( #871, #390, #6067, #1673, #1725, #1659, #1858, #4734, #3529, #1147, #4915, #98, #3398 ) ) ;
#2485 = DIRECTION ( 'NONE',  ( -1.141265444721583757E-16, 0.000000000000000000, -1.000000000000000000 ) ) ;
#2486 = LINE ( 'NONE', #5738, #4236 ) ;
#2487 = EDGE_CURVE ( 'NONE', #1161, #5600, #757, .T. ) ;
#2488 = CARTESIAN_POINT ( 'NONE',  ( 7.570602967126385252, 1.000000000000000000, -1.000000000000000000 ) ) ;
#2489 = DIRECTION ( 'NONE',  ( -1.000000000000000000, -0.000000000000000000, 1.141265444721583757E-16 ) ) ;
#2490 = ORIENTED_EDGE ( 'NONE', *, *, #220, .F. ) ;
#2491 = DIRECTION ( 'NONE',  ( -0.000000000000000000, -0.000000000000000000, 1.000000000000000000 ) ) ;
#2492 = ORIENTED_EDGE ( 'NONE', *, *, #5273, .F. ) ;
#2493 = ORIENTED_EDGE ( 'NONE', *, *, #4564, .T. ) ;
#2494 = CARTESIAN_POINT ( 'NONE',  ( 3.285301483563205061, 0.000000000000000000, -2.240753535442228106 ) ) ;
#2495 = ORIENTED_EDGE ( 'NONE', *, *, #5179, .T. ) ;
#2496 = ADVANCED_FACE ( 'NONE', ( #5484 ), #2628, .F. ) ;
#2497 = FACE_OUTER_BOUND ( 'NONE', #4367, .T. ) ;
#2498 = ORIENTED_EDGE ( 'NONE', *, *, #2252, .T. ) ;
#2499 = CARTESIAN_POINT ( 'NONE',  ( 8.570602967126378147, 1.399999999999999911, -4.612012738139083190 ) ) ;
#2500 = CARTESIAN_POINT ( 'NONE',  ( 5.785301483563182856, 1.191234876072140292, -5.242434171922443653 ) ) ;
#2501 = ORIENTED_EDGE ( 'NONE', *, *, #4363, .T. ) ;
#2502 = FACE_OUTER_BOUND ( 'NONE', #1895, .T. ) ;
#2503 = VECTOR ( 'NONE', #778, 1000.000000000000000 ) ;
#2504 = CARTESIAN_POINT ( 'NONE',  ( 17.48806557967019515, 0.4000000000000000222, -1.000000000000000000 ) ) ;
#2505 = CARTESIAN_POINT ( 'NONE',  ( -1.499999999999992228, 1.000000000000000000, -2.836630331739329769 ) ) ;
#2506 = CARTESIAN_POINT ( 'NONE',  ( 11.85590445068958765, 1.000000000000000000, -2.240753535442228106 ) ) ;
#2507 = ORIENTED_EDGE ( 'NONE', *, *, #4680, .F. ) ;
#2508 = ADVANCED_FACE ( 'NONE', ( #328 ), #5977, .F. ) ;
#2509 = EDGE_CURVE ( 'NONE', #2202, #3894, #4203, .T. ) ;
#2510 = ORIENTED_EDGE ( 'NONE', *, *, #148, .F. ) ;
#2511 = LINE ( 'NONE', #2908, #2117 ) ;
#2512 = PLANE ( 'NONE',  #4739 ) ;
#2513 = PLANE ( 'NONE',  #1660 ) ;
#2514 = DIRECTION ( 'NONE',  ( 0.000000000000000000, 0.000000000000000000, -1.000000000000000000 ) ) ;
#2515 = EDGE_CURVE ( 'NONE', #4989, #575, #5202, .T. ) ;
#2516 = CARTESIAN_POINT ( 'NONE',  ( 17.50000000000000711, 0.000000000000000000, -3.007045462299397620 ) ) ;
#2517 = ORIENTED_EDGE ( 'NONE', *, *, #1144, .T. ) ;
#2518 = CARTESIAN_POINT ( 'NONE',  ( 16.39749103983271894, 0.4000000000000000222, -3.000000000000000000 ) ) ;
#2519 =( BOUNDED_CURVE ( )  B_SPLINE_CURVE ( 3, ( #2039, #598, #629, #3435 ),
 .UNSPECIFIED., .F., .F. ) 
 B_SPLINE_CURVE_WITH_KNOTS ( ( 4, 4 ),
 ( 1.943323292647560097, 2.268928027592631569 ),
 .UNSPECIFIED. ) 
 CURVE ( )  GEOMETRIC_REPRESENTATION_ITEM ( )  RATIONAL_B_SPLINE_CURVE ( ( 1.000000000000000000, 0.9911846262163772625, 0.9911846262163772625, 1.000000000000000000 ) ) 
 REPRESENTATION_ITEM ( '' )  );
#2520 = ORIENTED_EDGE ( 'NONE', *, *, #5652, .F. ) ;
#2521 = PLANE ( 'NONE',  #3961 ) ;
#2522 = VECTOR ( 'NONE', #3703, 1000.000000000000000 ) ;
#2523 = ORIENTED_EDGE ( 'NONE', *, *, #5494, .F. ) ;
#2524 = ORIENTED_EDGE ( 'NONE', *, *, #1841, .T. ) ;
#2525 = CARTESIAN_POINT ( 'NONE',  ( 0.000000000000000000, 1.000000000000000000, 0.000000000000000000 ) ) ;
#2526 = VERTEX_POINT ( 'NONE', #4113 ) ;
#2527 = DIRECTION ( 'NONE',  ( -1.141265444721583757E-16, -0.000000000000000000, -1.000000000000000000 ) ) ;
#2528 = VECTOR ( 'NONE', #3878, 1000.000000000000000 ) ;
#2529 = CARTESIAN_POINT ( 'NONE',  ( 14.11351891291164229, 1.400000000000000133, -4.945931956424546527 ) ) ;
#2530 = VERTEX_POINT ( 'NONE', #5603 ) ;
#2531 = VECTOR ( 'NONE', #5557, 1000.000000000000000 ) ;
#2532 = CARTESIAN_POINT ( 'NONE',  ( 5.785301483563190850, 1.000000000000000000, -0.4041232037028950064 ) ) ;
#2533 = LINE ( 'NONE', #3954, #3214 ) ;
#2534 = DIRECTION ( 'NONE',  ( 1.000000000000000000, -0.000000000000000000, 0.000000000000000000 ) ) ;
#2535 = DIRECTION ( 'NONE',  ( 0.6427876096865409172, -0.000000000000000000, 0.7660444431189766812 ) ) ;
#2536 = ORIENTED_EDGE ( 'NONE', *, *, #582, .F. ) ;
#2537 = EDGE_CURVE ( 'NONE', #664, #4345, #1746, .T. ) ;
#2538 = VERTEX_POINT ( 'NONE', #1829 ) ;
#2539 = CARTESIAN_POINT ( 'NONE',  ( 3.941586589143147190, 0.000000000000000000, -3.000000000000000000 ) ) ;
#2540 = DIRECTION ( 'NONE',  ( -1.000000000000000000, -0.000000000000000000, -0.000000000000000000 ) ) ;
#2541 = CARTESIAN_POINT ( 'NONE',  ( 18.17329482049072098, 0.5320888862379536954, -0.9617579545435693822 ) ) ;
#2542 = ORIENTED_EDGE ( 'NONE', *, *, #1245, .T. ) ;
#2543 = ADVANCED_FACE ( 'NONE', ( #1365 ), #3735, .F. ) ;
#2544 = LINE ( 'NONE', #1104, #4844 ) ;
#2545 = EDGE_CURVE ( 'NONE', #3449, #1112, #2318, .T. ) ;
#2546 = DIRECTION ( 'NONE',  ( -0.7660444431189811221, 0.000000000000000000, -0.6427876096865355882 ) ) ;
#2547 = VERTEX_POINT ( 'NONE', #1861 ) ;
#2548 = CARTESIAN_POINT ( 'NONE',  ( 13.60276409610700377, 0.4000000000000000222, -3.000000000000000000 ) ) ;
#2549 = EDGE_LOOP ( 'NONE', ( #1608, #5628, #4352, #556, #3105, #5421, #709, #2576, #4451, #3546, #3235, #1240 ) ) ;
#2550 = CARTESIAN_POINT ( 'NONE',  ( 2.785301483563184632, 1.399999999999999911, -4.858572962426980446 ) ) ;
#2551 = ORIENTED_EDGE ( 'NONE', *, *, #450, .F. ) ;
#2552 = FACE_BOUND ( 'NONE', #4159, .T. ) ;
#2553 = ADVANCED_FACE ( 'NONE', ( #1803 ), #3238, .T. ) ;
#2554 = ORIENTED_EDGE ( 'NONE', *, *, #3870, .T. ) ;
#2555 = ORIENTED_EDGE ( 'NONE', *, *, #4443, .F. ) ;
#2556 = DIRECTION ( 'NONE',  ( 0.000000000000000000, 0.000000000000000000, -1.000000000000000000 ) ) ;
#2557 = ORIENTED_EDGE ( 'NONE', *, *, #3307, .T. ) ;
#2558 = DIRECTION ( 'NONE',  ( -1.000000000000000000, 0.000000000000000000, 6.868836133214108557E-15 ) ) ;
#2559 = CARTESIAN_POINT ( 'NONE',  ( 13.86705961169955614, 1.400000000000000577, -5.010998372119821909 ) ) ;
#2560 = ORIENTED_EDGE ( 'NONE', *, *, #4050, .T. ) ;
#2561 = AXIS2_PLACEMENT_3D ( 'NONE', #5750, #1513, #5376 ) ;
#2562 = VECTOR ( 'NONE', #1681, 1000.000000000000114 ) ;
#2563 = CIRCLE ( 'NONE', #6029, 4.810796291701608496 ) ;
#2564 = CARTESIAN_POINT ( 'NONE',  ( 11.35590445068958054, 0.000000000000000000, -3.007045462299396732 ) ) ;
#2565 = AXIS2_PLACEMENT_3D ( 'NONE', #140, #4388, #168 ) ;
#2566 = CARTESIAN_POINT ( 'NONE',  ( 5.317390369801144878, 0.5320888862379536954, -0.9617579545435693822 ) ) ;
#2567 = DIRECTION ( 'NONE',  ( 7.097089222158425653E-15, -0.000000000000000000, 1.000000000000000000 ) ) ;
#2568 = CARTESIAN_POINT ( 'NONE',  ( -1.032088886237953806, 0.5320888862379536954, -0.9617579545435693822 ) ) ;
#2569 = ORIENTED_EDGE ( 'NONE', *, *, #552, .F. ) ;
#2570 = VECTOR ( 'NONE', #2989, 1000.000000000000000 ) ;
#2571 = ORIENTED_EDGE ( 'NONE', *, *, #4665, .F. ) ;
#2572 = CARTESIAN_POINT ( 'NONE',  ( 14.35590445068957344, 1.000000000000000000, -0.4041232037028950064 ) ) ;
#2573 = CARTESIAN_POINT ( 'NONE',  ( 7.070602967126381699, 1.000000000000000000, 2.799999999999999822 ) ) ;
#2574 = EDGE_CURVE ( 'NONE', #1107, #3205, #961, .T. ) ;
#2575 = CARTESIAN_POINT ( 'NONE',  ( 1.500000000000000444, 0.000000000000000000, 1.999999999999997335 ) ) ;
#2576 = ORIENTED_EDGE ( 'NONE', *, *, #2743, .T. ) ;
#2577 = FACE_OUTER_BOUND ( 'NONE', #244, .T. ) ;
#2578 = CARTESIAN_POINT ( 'NONE',  ( 1.500000000000011990, 0.000000000000000000, -2.240753535442245425 ) ) ;
#2579 = CARTESIAN_POINT ( 'NONE',  ( 15.64120593425275629, 1.103464568314089123, -5.267165293036052631 ) ) ;
#2580 = ORIENTED_EDGE ( 'NONE', *, *, #3075, .F. ) ;
#2581 = VERTEX_POINT ( 'NONE', #4229 ) ;
#2582 = CARTESIAN_POINT ( 'NONE',  ( 11.35590445068956811, 3.272523262990679971, -4.655872776437634641 ) ) ;
#2583 = LINE ( 'NONE', #2610, #1055 ) ;
#2584 = PLANE ( 'NONE',  #3082 ) ;
#2585 = ORIENTED_EDGE ( 'NONE', *, *, #5468, .F. ) ;
#2586 = ORIENTED_EDGE ( 'NONE', *, *, #1300, .T. ) ;
#2587 = VERTEX_POINT ( 'NONE', #3272 ) ;
#2588 = LINE ( 'NONE', #2193, #2435 ) ;
#2589 = LINE ( 'NONE', #4952, #3154 ) ;
#2590 = DIRECTION ( 'NONE',  ( -0.000000000000000000, -0.000000000000000000, 1.000000000000000000 ) ) ;
#2591 = EDGE_LOOP ( 'NONE', ( #5264, #4970, #5401, #2374 ) ) ;
#2592 = EDGE_CURVE ( 'NONE', #2547, #4201, #4674, .T. ) ;
#2593 = DIRECTION ( 'NONE',  ( 0.000000000000000000, 0.000000000000000000, -1.000000000000000000 ) ) ;
#2594 = DIRECTION ( 'NONE',  ( -7.335912872304331086E-17, 0.7660444431189772363, 0.6427876096865402511 ) ) ;
#2595 = DIRECTION ( 'NONE',  ( -1.000000000000000000, 0.000000000000000000, 1.141265444721583757E-16 ) ) ;
#2596 = CARTESIAN_POINT ( 'NONE',  ( 14.35590445068956988, 1.399999999999999689, -4.612012738139092072 ) ) ;
#2597 = ORIENTED_EDGE ( 'NONE', *, *, #559, .T. ) ;
#2598 = CIRCLE ( 'NONE', #6065, 2.000000000000000000 ) ;
#2599 = VERTEX_POINT ( 'NONE', #504 ) ;
#2600 = DIRECTION ( 'NONE',  ( -1.000000000000000000, -0.000000000000000000, 1.141265444721583757E-16 ) ) ;
#2601 = DIRECTION ( 'NONE',  ( 0.5407162030609378167, 0.5407162030609377057, 0.6444004775717702138 ) ) ;
#2602 = EDGE_LOOP ( 'NONE', ( #2889, #3539, #3976, #416 ) ) ;
#2603 = PLANE ( 'NONE',  #3059 ) ;
#2604 = VECTOR ( 'NONE', #4593, 1000.000000000000000 ) ;
#2605 = CARTESIAN_POINT ( 'NONE',  ( -1.500000000000008216, 1.267942713657680631, -5.186244395641643301 ) ) ;
#2606 = CARTESIAN_POINT ( 'NONE',  ( 10.07060296712638170, 1.000000000000000000, 0.3238172648295121747 ) ) ;
#2607 = VERTEX_POINT ( 'NONE', #1400 ) ;
#2608 = ORIENTED_EDGE ( 'NONE', *, *, #4598, .T. ) ;
#2609 = DIRECTION ( 'NONE',  ( 1.000000000000000000, -0.000000000000000000, -0.000000000000000000 ) ) ;
#2610 = CARTESIAN_POINT ( 'NONE',  ( 8.917462612543813449, 0.4000000000000000222, -3.000000000000000000 ) ) ;
#2611 = LINE ( 'NONE', #3013, #2298 ) ;
#2612 = EDGE_CURVE ( 'NONE', #3609, #5313, #5173, .T. ) ;
#2613 = CARTESIAN_POINT ( 'NONE',  ( 5.785301483563195291, 1.000000000000000000, -3.407045462299396199 ) ) ;
#2614 = ORIENTED_EDGE ( 'NONE', *, *, #3578, .T. ) ;
#2615 = ORIENTED_EDGE ( 'NONE', *, *, #2855, .F. ) ;
#2616 = B_SPLINE_CURVE_WITH_KNOTS ( 'NONE', 3,
 ( #2261, #6061, #1336, #3702, #3207, #417 ),
 .UNSPECIFIED., .F., .F.,
 ( 4, 2, 4 ),
 ( 0.000000000000000000, 0.0002694863184573001772, 0.0005389726369146003544 ),
 .UNSPECIFIED. ) ;
#2617 = DIRECTION ( 'NONE',  ( 0.000000000000000000, 1.000000000000000000, 0.000000000000000000 ) ) ;
#2618 = ORIENTED_EDGE ( 'NONE', *, *, #4719, .T. ) ;
#2619 = LINE ( 'NONE', #4448, #1191 ) ;
#2620 = EDGE_CURVE ( 'NONE', #5974, #2846, #5548, .T. ) ;
#2621 = EDGE_CURVE ( 'NONE', #3586, #3925, #1337, .T. ) ;
#2622 = LINE ( 'NONE', #4511, #512 ) ;
#2623 = ORIENTED_EDGE ( 'NONE', *, *, #3765, .T. ) ;
#2624 = EDGE_CURVE ( 'NONE', #2772, #2820, #474, .T. ) ;
#2625 = VECTOR ( 'NONE', #1494, 999.9999999999998863 ) ;
#2626 = DIRECTION ( 'NONE',  ( 1.000000000000000000, 0.000000000000000000, 0.000000000000000000 ) ) ;
#2627 = VECTOR ( 'NONE', #4508, 1000.000000000000000 ) ;
#2628 = PLANE ( 'NONE',  #1355 ) ;
#2629 = CARTESIAN_POINT ( 'NONE',  ( 15.64120593425276340, 0.8628211600346445964, -0.4041232037028950064 ) ) ;
#2630 = CARTESIAN_POINT ( 'NONE',  ( 11.35590445068957344, 0.000000000000000000, -1.000000000000000000 ) ) ;
#2631 = ORIENTED_EDGE ( 'NONE', *, *, #2393, .F. ) ;
#2632 = EDGE_CURVE ( 'NONE', #4677, #683, #6005, .T. ) ;
#2633 = VECTOR ( 'NONE', #2302, 1000.000000000000000 ) ;
#2634 = ORIENTED_EDGE ( 'NONE', *, *, #3836, .F. ) ;
#2635 = DIRECTION ( 'NONE',  ( 0.7660444431189766812, 0.000000000000000000, 0.6427876096865409172 ) ) ;
#2636 = CARTESIAN_POINT ( 'NONE',  ( 14.35590445068958232, 0.000000000000000000, -2.836630331739350641 ) ) ;
#2637 = CARTESIAN_POINT ( 'NONE',  ( 12.85590445068957344, 0.5320888862379536954, -0.9617579545435694932 ) ) ;
#2638 = AXIS2_PLACEMENT_3D ( 'NONE', #1553, #2415, #5816 ) ;
#2639 = CARTESIAN_POINT ( 'NONE',  ( 14.35590445068957521, 0.5351768109448615807, 2.449066664678466232 ) ) ;
#2640 = FACE_OUTER_BOUND ( 'NONE', #1597, .T. ) ;
#2641 = CARTESIAN_POINT ( 'NONE',  ( 8.825496822837433086, 1.400000000000000133, -5.120689233910753480 ) ) ;
#2642 = ORIENTED_EDGE ( 'NONE', *, *, #4874, .F. ) ;
#2643 = VERTEX_POINT ( 'NONE', #1773 ) ;
#2644 = DIRECTION ( 'NONE',  ( -1.000000000000000000, 1.355252715606880543E-16, 0.000000000000000000 ) ) ;
#2645 = DIRECTION ( 'NONE',  ( -1.000000000000000000, 0.000000000000000000, 0.000000000000000000 ) ) ;
#2646 = CARTESIAN_POINT ( 'NONE',  ( 1.032088886237953806, 0.5320888862379536954, -0.9617579545435693822 ) ) ;
#2647 = CARTESIAN_POINT ( 'NONE',  ( 16.79749103983272107, 0.4000000000000000222, -1.000000000000000000 ) ) ;
#2648 = VERTEX_POINT ( 'NONE', #3300 ) ;
#2649 = ORIENTED_EDGE ( 'NONE', *, *, #4391, .F. ) ;
#2650 = FACE_OUTER_BOUND ( 'NONE', #5753, .T. ) ;
#2651 = EDGE_CURVE ( 'NONE', #2955, #3267, #3645, .T. ) ;
#2652 = LINE ( 'NONE', #288, #4151 ) ;
#2653 = DIRECTION ( 'NONE',  ( 1.000000000000000000, -0.000000000000000000, -0.000000000000000000 ) ) ;
#2654 = ORIENTED_EDGE ( 'NONE', *, *, #4163, .F. ) ;
#2655 = CARTESIAN_POINT ( 'NONE',  ( 10.07060296712637282, 1.103464666456457577, -5.267169912107815044 ) ) ;
#2656 = EDGE_CURVE ( 'NONE', #127, #5037, #419, .T. ) ;
#2657 = DIRECTION ( 'NONE',  ( 1.000000000000000000, 0.000000000000000000, 0.000000000000000000 ) ) ;
#2658 = DIRECTION ( 'NONE',  ( 0.000000000000000000, -1.000000000000000000, 0.000000000000000000 ) ) ;
#2659 = VECTOR ( 'NONE', #4690, 1000.000000000000000 ) ;
#2660 = AXIS2_PLACEMENT_3D ( 'NONE', #691, #2165, #758 ) ;
#2661 = LINE ( 'NONE', #1684, #3561 ) ;
#2662 = VERTEX_POINT ( 'NONE', #4141 ) ;
#2663 = VECTOR ( 'NONE', #236, 1000.000000000000000 ) ;
#2664 = CIRCLE ( 'NONE', #4843, 4.810796291701608496 ) ;
#2665 = AXIS2_PLACEMENT_3D ( 'NONE', #2506, #1990, #1496 ) ;
#2666 = EDGE_CURVE ( 'NONE', #753, #8, #6038, .T. ) ;
#2667 = CARTESIAN_POINT ( 'NONE',  ( 4.285301483563190850, 2.000000000000000000, 1.739099631177264182 ) ) ;
#2668 = LINE ( 'NONE', #5461, #206 ) ;
#2669 = EDGE_CURVE ( 'NONE', #5266, #3975, #4322, .T. ) ;
#2670 = DIRECTION ( 'NONE',  ( -0.000000000000000000, -0.000000000000000000, 1.000000000000000000 ) ) ;
#2671 = AXIS2_PLACEMENT_3D ( 'NONE', #3839, #2485, #1066 ) ;
#2672 = DIRECTION ( 'NONE',  ( -1.355252715606880543E-16, -1.000000000000000000, 0.000000000000000000 ) ) ;
#2673 = EDGE_CURVE ( 'NONE', #1018, #3066, #563, .T. ) ;
#2674 = VECTOR ( 'NONE', #2411, 1000.000000000000000 ) ;
#2675 = LINE ( 'NONE', #4495, #5005 ) ;
#2676 = ADVANCED_FACE ( 'NONE', ( #2497 ), #535, .T. ) ;
#2677 = CARTESIAN_POINT ( 'NONE',  ( 7.570602967126385252, 0.4999999999999978351, -1.000000000000000000 ) ) ;
#2678 = ORIENTED_EDGE ( 'NONE', *, *, #3296, .F. ) ;
#2679 = ORIENTED_EDGE ( 'NONE', *, *, #1532, .T. ) ;
#2680 = DIRECTION ( 'NONE',  ( -0.7660444431189766812, 0.000000000000000000, 0.6427876096865409172 ) ) ;
#2681 = CARTESIAN_POINT ( 'NONE',  ( 7.070602967126376370, 1.399999999999999911, -4.858572962426980446 ) ) ;
#2682 = CARTESIAN_POINT ( 'NONE',  ( 3.941586589143147190, 0.000000000000000000, -1.000000000000000000 ) ) ;
#2683 = LINE ( 'NONE', #3200, #5975 ) ;
#2684 = EDGE_LOOP ( 'NONE', ( #5997, #4803, #2623, #1474 ) ) ;
#2685 = ORIENTED_EDGE ( 'NONE', *, *, #2094, .T. ) ;
#2686 = FACE_OUTER_BOUND ( 'NONE', #1369, .T. ) ;
#2687 = AXIS2_PLACEMENT_3D ( 'NONE', #6020, #1792, #3199 ) ;
#2688 = DIRECTION ( 'NONE',  ( 0.000000000000000000, 0.000000000000000000, -1.000000000000000000 ) ) ;
#2689 = DIRECTION ( 'NONE',  ( -1.000000000000000000, 0.000000000000000000, -1.141265444721583757E-16 ) ) ;
#2690 = ORIENTED_EDGE ( 'NONE', *, *, #5129, .F. ) ;
#2691 = EDGE_CURVE ( 'NONE', #2316, #2345, #1486, .T. ) ;
#2692 = DIRECTION ( 'NONE',  ( -0.000000000000000000, -0.000000000000000000, 1.000000000000000000 ) ) ;
#2693 = CARTESIAN_POINT ( 'NONE',  ( -1.500000000000000444, 0.9534028740753675013, 2.799999999999999822 ) ) ;
#2694 = LINE ( 'NONE', #4177, #796 ) ;
#2695 = DIRECTION ( 'NONE',  ( -1.000000000000000000, 0.000000000000000000, 6.982962677686266711E-15 ) ) ;
#2696 = VERTEX_POINT ( 'NONE', #5809 ) ;
#2697 = LINE ( 'NONE', #3497, #2663 ) ;
#2698 = CARTESIAN_POINT ( 'NONE',  ( 9.317462612543812028, 0.000000000000000000, -3.000000000000000000 ) ) ;
#2699 = CARTESIAN_POINT ( 'NONE',  ( 1.499999999999999778, 0.000000000000000000, -3.407045462299395755 ) ) ;
#2700 = DIRECTION ( 'NONE',  ( -0.000000000000000000, -0.000000000000000000, 1.000000000000000000 ) ) ;
#2701 = EDGE_CURVE ( 'NONE', #3853, #3204, #1115, .T. ) ;
#2702 = VECTOR ( 'NONE', #3760, 1000.000000000000000 ) ;
#2703 = ORIENTED_EDGE ( 'NONE', *, *, #1034, .T. ) ;
#2704 = CARTESIAN_POINT ( 'NONE',  ( 2.785301483563197511, 1.000000000000000000, -3.007045462299395844 ) ) ;
#2705 = EDGE_LOOP ( 'NONE', ( #4555, #309, #2569, #5110, #5332 ) ) ;
#2706 = EDGE_CURVE ( 'NONE', #1018, #3273, #3825, .T. ) ;
#2707 = CARTESIAN_POINT ( 'NONE',  ( 4.632161128980621712, 0.4000000000000000222, -3.000000000000000000 ) ) ;
#2708 = LINE ( 'NONE', #3108, #4504 ) ;
#2709 = VECTOR ( 'NONE', #3782, 1000.000000000000000 ) ;
#2710 = CARTESIAN_POINT ( 'NONE',  ( 0.000000000000000000, 2.000000000000000000, 0.000000000000000000 ) ) ;
#2711 = LINE ( 'NONE', #1297, #451 ) ;
#2712 = EDGE_LOOP ( 'NONE', ( #1217, #4104, #957, #3709 ) ) ;
#2713 = DIRECTION ( 'NONE',  ( 6.868836133214108557E-15, 0.000000000000000000, 1.000000000000000000 ) ) ;
#2714 = CARTESIAN_POINT ( 'NONE',  ( 4.926130775589945780E-15, 1.000000000000000000, -3.240753535442235211 ) ) ;
#2715 = CARTESIAN_POINT ( 'NONE',  ( 1.013898327040945180, 1.106833788838468502, -5.425737714157053304 ) ) ;
#2716 = EDGE_LOOP ( 'NONE', ( #5437, #3294, #4888, #2063, #3440, #133, #5055, #621, #5876, #290, #885, #3005, #615 ) ) ;
#2717 = CARTESIAN_POINT ( 'NONE',  ( 15.64120593425275274, 2.000000000000000000, -5.468901542184338993 ) ) ;
#2718 = DIRECTION ( 'NONE',  ( 0.000000000000000000, 3.577867169202164632E-15, 1.000000000000000000 ) ) ;
#2719 = CARTESIAN_POINT ( 'NONE',  ( 5.785301483563191738, 1.499358225474672235, 1.300000000000000044 ) ) ;
#2720 = CARTESIAN_POINT ( 'NONE',  ( 16.39749103983271894, 0.000000000000000000, -1.000000000000000000 ) ) ;
#2721 = ORIENTED_EDGE ( 'NONE', *, *, #3756, .T. ) ;
#2722 = AXIS2_PLACEMENT_3D ( 'NONE', #447, #5660, #2718 ) ;
#2723 = CARTESIAN_POINT ( 'NONE',  ( 13.60276409610700377, 0.000000000000000000, -2.240753535442240096 ) ) ;
#2724 = CARTESIAN_POINT ( 'NONE',  ( 7.080021103316466732E-06, 0.000000000000000000, -1.007180904292219514 ) ) ;
#2725 = LINE ( 'NONE', #3280, #2531 ) ;
#2726 = CARTESIAN_POINT ( 'NONE',  ( -0.3437148944200444367, 0.4000000000000000222, -1.000000000000000000 ) ) ;
#2727 = ADVANCED_FACE ( 'NONE', ( #71 ), #5752, .F. ) ;
#2728 = VECTOR ( 'NONE', #1173, 1000.000000000000114 ) ;
#2729 = VERTEX_POINT ( 'NONE', #1052 ) ;
#2730 = EDGE_LOOP ( 'NONE', ( #958, #5225, #5029, #4426 ) ) ;
#2731 = VECTOR ( 'NONE', #1870, 1000.000000000000000 ) ;
#2732 = ADVANCED_FACE ( 'NONE', ( #4793 ), #4379, .F. ) ;
#2733 = CARTESIAN_POINT ( 'NONE',  ( 17.50000000000000711, 0.000000000000000000, -3.407045462299397531 ) ) ;
#2734 = CARTESIAN_POINT ( 'NONE',  ( 0.7468596454174303290, 0.000000000000000000, -1.000000000000000000 ) ) ;
#2735 = EDGE_CURVE ( 'NONE', #4898, #2818, #2868, .T. ) ;
#2736 = CARTESIAN_POINT ( 'NONE',  ( 2.785301483563191294, 0.000000000000000000, -0.4041232037028950064 ) ) ;
#2737 = PLANE ( 'NONE',  #4084 ) ;
#2738 = LINE ( 'NONE', #4603, #3906 ) ;
#2739 = EDGE_CURVE ( 'NONE', #4345, #5178, #2005, .T. ) ;
#2740 = LINE ( 'NONE', #4606, #3848 ) ;
#2741 = CARTESIAN_POINT ( 'NONE',  ( 3.253212597325237709, 0.5320888862379536954, -0.9617579545435693822 ) ) ;
#2742 = VERTEX_POINT ( 'NONE', #4262 ) ;
#2743 = EDGE_CURVE ( 'NONE', #8, #319, #3795, .T. ) ;
#2744 = VERTEX_POINT ( 'NONE', #3460 ) ;
#2745 = EDGE_LOOP ( 'NONE', ( #4871, #5928, #1481, #5007 ) ) ;
#2746 = CARTESIAN_POINT ( 'NONE',  ( -1.026498781424638684, 1.400000000000000355, -5.031499608973089011 ) ) ;
#2747 = CARTESIAN_POINT ( 'NONE',  ( 0.000000000000000000, 0.5320888862379536954, -0.9617579545435694932 ) ) ;
#2748 = EDGE_LOOP ( 'NONE', ( #1035, #4196, #5505, #5416, #3471, #69, #5176, #5960, #3545, #3867, #5627, #2233, #1700 ) ) ;
#2749 = CARTESIAN_POINT ( 'NONE',  ( 11.35590445068957166, 2.000000000000000000, 2.799999999999999822 ) ) ;
#2750 = CARTESIAN_POINT ( 'NONE',  ( 4.632161128980621712, 0.4000000000000000222, -1.000000000000000000 ) ) ;
#2751 = VERTEX_POINT ( 'NONE', #4825 ) ;
#2752 = CARTESIAN_POINT ( 'NONE',  ( 11.35590445068957166, 0.9534028740753675013, 2.799999999999999822 ) ) ;
#2753 = LINE ( 'NONE', #4682, #1586 ) ;
#2754 = LINE ( 'NONE', #6072, #867 ) ;
#2755 = DIRECTION ( 'NONE',  ( 1.000000000000000000, -0.000000000000000000, -6.982962677686266711E-15 ) ) ;
#2756 = AXIS2_PLACEMENT_3D ( 'NONE', #872, #1305, #3675 ) ;
#2757 = VECTOR ( 'NONE', #4381, 1000.000000000000000 ) ;
#2758 = ORIENTED_EDGE ( 'NONE', *, *, #5197, .F. ) ;
#2759 = EDGE_CURVE ( 'NONE', #5316, #2547, #4857, .T. ) ;
#2760 = CARTESIAN_POINT ( 'NONE',  ( 9.087790991801341534, 1.115317123975225533, -5.586345496996282911 ) ) ;
#2761 = VECTOR ( 'NONE', #2204, 1000.000000000000000 ) ;
#2762 = ORIENTED_EDGE ( 'NONE', *, *, #4289, .T. ) ;
#2763 = CARTESIAN_POINT ( 'NONE',  ( 7.070602967126381699, 0.5351768109448618027, 2.449066664678465788 ) ) ;
#2764 = CARTESIAN_POINT ( 'NONE',  ( 0.7468596454174303290, 0.000000000000000000, -3.000000000000000000 ) ) ;
#2765 = AXIS2_PLACEMENT_3D ( 'NONE', #4063, #336, #2672 ) ;
#2766 = PLANE ( 'NONE',  #431 ) ;
#2767 = VECTOR ( 'NONE', #2109, 1000.000000000000114 ) ;
#2768 = FACE_OUTER_BOUND ( 'NONE', #4906, .T. ) ;
#2769 = DIRECTION ( 'NONE',  ( -1.000000000000000000, 0.000000000000000000, -1.141265444721583757E-16 ) ) ;
#2770 = CARTESIAN_POINT ( 'NONE',  ( 3.541586589143146835, 0.3999999999999999667, -1.000000000000000000 ) ) ;
#2771 = EDGE_CURVE ( 'NONE', #1042, #3275, #132, .T. ) ;
#2772 = VERTEX_POINT ( 'NONE', #43 ) ;
#2773 = ORIENTED_EDGE ( 'NONE', *, *, #5900, .F. ) ;
#2774 = AXIS2_PLACEMENT_3D ( 'NONE', #4037, #5351, #1569 ) ;
#2775 = CARTESIAN_POINT ( 'NONE',  ( -4.649321058275973867E-15, 1.399999999999999911, -4.612012738139083190 ) ) ;
#2776 = DIRECTION ( 'NONE',  ( -1.000000000000000000, 0.000000000000000000, 1.141265444721583757E-16 ) ) ;
#2777 = ORIENTED_EDGE ( 'NONE', *, *, #5677, .T. ) ;
#2778 = DIRECTION ( 'NONE',  ( -0.6427876096865355882, -0.000000000000000000, 0.7660444431189811221 ) ) ;
#2779 = ORIENTED_EDGE ( 'NONE', *, *, #4097, .T. ) ;
#2780 = CARTESIAN_POINT ( 'NONE',  ( 16.10911704801480937, 0.5320888862379536954, -0.9617579545435693822 ) ) ;
#2781 = ORIENTED_EDGE ( 'NONE', *, *, #1599, .F. ) ;
#2782 = ADVANCED_FACE ( 'NONE', ( #3430 ), #5779, .F. ) ;
#2783 = CARTESIAN_POINT ( 'NONE',  ( 2.785301483563197067, 0.4000000000000000222, -3.007045462299395844 ) ) ;
#2784 = LINE ( 'NONE', #4238, #4547 ) ;
#2785 = CARTESIAN_POINT ( 'NONE',  ( 18.24381391448711298, 1.400000000000840350, -5.327909680984387109 ) ) ;
#2786 = CARTESIAN_POINT ( 'NONE',  ( 11.35590445068956633, 1.115317123975225755, -5.263824959924734870 ) ) ;
#2787 = ORIENTED_EDGE ( 'NONE', *, *, #1678, .T. ) ;
#2788 = LINE ( 'NONE', #4626, #1627 ) ;
#2789 = ORIENTED_EDGE ( 'NONE', *, *, #2994, .T. ) ;
#2790 = CARTESIAN_POINT ( 'NONE',  ( 3.285301483563193514, 1.000000000000000000, -1.000000000000000000 ) ) ;
#2791 = CARTESIAN_POINT ( 'NONE',  ( 9.317462612543812028, 0.000000000000000000, -2.240753535442240096 ) ) ;
#2792 = CARTESIAN_POINT ( 'NONE',  ( -1.063294359585128556E-14, 2.000000000000000000, -5.468901542184349651 ) ) ;
#2793 = PLANE ( 'NONE',  #1619 ) ;
#2794 = VECTOR ( 'NONE', #863, 1000.000000000000000 ) ;
#2795 = ORIENTED_EDGE ( 'NONE', *, *, #5949, .F. ) ;
#2796 = ORIENTED_EDGE ( 'NONE', *, *, #3453, .F. ) ;
#2797 = EDGE_LOOP ( 'NONE', ( #3581, #2906, #1350, #4592 ) ) ;
#2798 = LINE ( 'NONE', #5077, #4058 ) ;
#2799 = EDGE_CURVE ( 'NONE', #2599, #5073, #1921, .T. ) ;
#2800 = ORIENTED_EDGE ( 'NONE', *, *, #4279, .F. ) ;
#2801 = ORIENTED_EDGE ( 'NONE', *, *, #170, .F. ) ;
#2802 = CARTESIAN_POINT ( 'NONE',  ( 11.35590445068958587, 0.000000000000000000, -2.240753535442224553 ) ) ;
#2803 = ADVANCED_FACE ( 'NONE', ( #3333 ), #4764, .F. ) ;
#2804 = ADVANCED_FACE ( 'NONE', ( #5478 ), #5009, .T. ) ;
#2805 = CARTESIAN_POINT ( 'NONE',  ( 14.35590445068958232, 1.000000000000000000, -2.836630331739350641 ) ) ;
#2806 = ORIENTED_EDGE ( 'NONE', *, *, #2398, .T. ) ;
#2807 = FACE_OUTER_BOUND ( 'NONE', #1338, .T. ) ;
#2808 = EDGE_CURVE ( 'NONE', #4430, #2607, #255, .T. ) ;
#2809 = DIRECTION ( 'NONE',  ( 1.000000000000000000, 0.000000000000000000, 0.000000000000000000 ) ) ;
#2810 = ORIENTED_EDGE ( 'NONE', *, *, #4406, .F. ) ;
#2811 = CARTESIAN_POINT ( 'NONE',  ( 5.032161128980621179, 0.000000000000000000, -3.000000000000000000 ) ) ;
#2812 = PLANE ( 'NONE',  #599 ) ;
#2813 = CARTESIAN_POINT ( 'NONE',  ( 9.570602967126379923, 0.000000000000000000, -1.000000000000000000 ) ) ;
#2814 = CARTESIAN_POINT ( 'NONE',  ( 13.37309247536452972, 6.728843058598058429E-16, -5.900668485670308883 ) ) ;
#2815 = EDGE_LOOP ( 'NONE', ( #2762, #3909, #4643, #4718 ) ) ;
#2816 = EDGE_CURVE ( 'NONE', #4213, #4949, #2588, .T. ) ;
#2817 = VECTOR ( 'NONE', #3891, 1000.000000000000000 ) ;
#2818 = VERTEX_POINT ( 'NONE', #4043 ) ;
#2819 = DIRECTION ( 'NONE',  ( 0.5407162030609378167, 0.5407162030609377057, 0.6444004775717702138 ) ) ;
#2820 = VERTEX_POINT ( 'NONE', #749 ) ;
#2821 = CARTESIAN_POINT ( 'NONE',  ( 7.570602967126396798, 0.000000000000000000, -2.240753535442228106 ) ) ;
#2822 = FACE_OUTER_BOUND ( 'NONE', #4186, .T. ) ;
#2823 = VECTOR ( 'NONE', #650, 1000.000000000000000 ) ;
#2824 = VECTOR ( 'NONE', #1562, 1000.000000000000000 ) ;
#2825 = CARTESIAN_POINT ( 'NONE',  ( 10.07060296712639413, 0.3999999999999999667, -2.240753535442245425 ) ) ;
#2826 = ORIENTED_EDGE ( 'NONE', *, *, #880, .F. ) ;
#2827 = CARTESIAN_POINT ( 'NONE',  ( 9.125879300957615570, 1.400000000000169997, -5.423430774507966845 ) ) ;
#2828 = ORIENTED_EDGE ( 'NONE', *, *, #4073, .T. ) ;
#2829 = CARTESIAN_POINT ( 'NONE',  ( 17.50000000000000711, 0.4000000000000000222, 0.1662919268571574627 ) ) ;
#2830 = ORIENTED_EDGE ( 'NONE', *, *, #4481, .F. ) ;
#2831 = ORIENTED_EDGE ( 'NONE', *, *, #2023, .T. ) ;
#2832 = ADVANCED_FACE ( 'NONE', ( #3114 ), #1708, .F. ) ;
#2833 = CARTESIAN_POINT ( 'NONE',  ( 14.35590445068957344, 1.000000000000000000, 0.8999999999999916955 ) ) ;
#2834 = CARTESIAN_POINT ( 'NONE',  ( 18.64120593425277761, 0.3999999999999999667, -2.240753535442245425 ) ) ;
#2835 = VERTEX_POINT ( 'NONE', #4477 ) ;
#2836 = DIRECTION ( 'NONE',  ( 4.488561888120282676E-15, 0.7660444431189767922, 0.6427876096865409172 ) ) ;
#2837 = VERTEX_POINT ( 'NONE', #4077 ) ;
#2838 = CARTESIAN_POINT ( 'NONE',  ( 9.074712850967694422, 1.108515853782455984, -5.506187988402309941 ) ) ;
#2839 = ORIENTED_EDGE ( 'NONE', *, *, #1188, .F. ) ;
#2840 = ADVANCED_FACE ( 'NONE', ( #2650 ), #1146, .T. ) ;
#2841 = DIRECTION ( 'NONE',  ( 0.000000000000000000, -1.000000000000000000, 0.000000000000000000 ) ) ;
#2842 = PRODUCT_DEFINITION_CONTEXT ( 'detailed design', #715, 'design' ) ;
#2843 = FACE_OUTER_BOUND ( 'NONE', #3883, .T. ) ;
#2844 = CARTESIAN_POINT ( 'NONE',  ( 7.826888072706338129, 0.000000000000000000, -2.240753535442229882 ) ) ;
#2845 = CARTESIAN_POINT ( 'NONE',  ( 18.64120593425275985, 1.191234876072140292, -5.242434171922443653 ) ) ;
#2846 = VERTEX_POINT ( 'NONE', #3582 ) ;
#2847 = ADVANCED_FACE ( 'NONE', ( #684 ), #5970, .F. ) ;
#2848 = EDGE_LOOP ( 'NONE', ( #4315, #1567, #3230, #2290, #77, #2212, #2037, #3513, #877, #3562, #6059, #1377, #4147 ) ) ;
#2849 = EDGE_CURVE ( 'NONE', #1423, #3662, #223, .T. ) ;
#2850 = DIRECTION ( 'NONE',  ( -1.000000000000000000, -0.000000000000000000, -0.000000000000000000 ) ) ;
#2851 = DIRECTION ( 'NONE',  ( -1.000000000000000000, -0.000000000000000000, 1.141265444721583757E-16 ) ) ;
#2852 = DIRECTION ( 'NONE',  ( 0.000000000000000000, 1.000000000000000000, 0.000000000000000000 ) ) ;
#2853 = VECTOR ( 'NONE', #1816, 1000.000000000000000 ) ;
#2854 = VECTOR ( 'NONE', #3274, 1000.000000000000000 ) ;
#2855 = EDGE_CURVE ( 'NONE', #539, #2599, #4541, .T. ) ;
#2856 = AXIS2_PLACEMENT_3D ( 'NONE', #3863, #5758, #2011 ) ;
#2857 = FACE_OUTER_BOUND ( 'NONE', #1685, .T. ) ;
#2858 = VECTOR ( 'NONE', #5982, 1000.000000000000000 ) ;
#2859 = ORIENTED_EDGE ( 'NONE', *, *, #935, .T. ) ;
#2860 = AXIS2_PLACEMENT_3D ( 'NONE', #322, #4667, #2688 ) ;
#2861 = ORIENTED_EDGE ( 'NONE', *, *, #5586, .T. ) ;
#2862 = CARTESIAN_POINT ( 'NONE',  ( 15.64120593425276340, 2.000000000000000000, 2.799999999999999822 ) ) ;
#2863 = DIRECTION ( 'NONE',  ( -6.982962677686266711E-15, 0.000000000000000000, -1.000000000000000000 ) ) ;
#2864 = AXIS2_PLACEMENT_3D ( 'NONE', #4650, #1368, #1340 ) ;
#2865 = EDGE_LOOP ( 'NONE', ( #2881, #1624, #1707, #847 ) ) ;
#2866 = CARTESIAN_POINT ( 'NONE',  ( 2.785301483563186409, 1.399999999999999689, -4.612012738139070755 ) ) ;
#2867 = ORIENTED_EDGE ( 'NONE', *, *, #3911, .F. ) ;
#2868 = LINE ( 'NONE', #3857, #3014 ) ;
#2869 = VERTEX_POINT ( 'NONE', #3017 ) ;
#2870 = CARTESIAN_POINT ( 'NONE',  ( 1.500000000000000222, 2.000000000000000000, 1.739099631177264405 ) ) ;
#2871 = PLANE ( 'NONE',  #1394 ) ;
#2872 = VERTEX_POINT ( 'NONE', #5872 ) ;
#2873 = EDGE_CURVE ( 'NONE', #4273, #6107, #5507, .T. ) ;
#2874 = CARTESIAN_POINT ( 'NONE',  ( -1.500000000000000000, 0.000000000000000000, -1.000000000000000000 ) ) ;
#2875 = DIRECTION ( 'NONE',  ( 0.000000000000000000, 1.000000000000000000, 0.000000000000000000 ) ) ;
#2876 = DIRECTION ( 'NONE',  ( 0.000000000000000000, 1.000000000000000000, -0.000000000000000000 ) ) ;
#2877 = DIRECTION ( 'NONE',  ( -0.6427876096865463573, -0.000000000000000000, -0.7660444431189722403 ) ) ;
#2878 = ORIENTED_EDGE ( 'NONE', *, *, #3781, .F. ) ;
#2879 = VECTOR ( 'NONE', #156, 1000.000000000000000 ) ;
#2880 = EDGE_CURVE ( 'NONE', #5113, #5856, #1268, .T. ) ;
#2881 = ORIENTED_EDGE ( 'NONE', *, *, #5867, .T. ) ;
#2882 = CARTESIAN_POINT ( 'NONE',  ( 17.50000000000000711, 0.4000000000000000222, -3.407045462299397531 ) ) ;
#2883 = LINE ( 'NONE', #2763, #4648 ) ;
#2884 = LINE ( 'NONE', #5307, #4015 ) ;
#2885 = EDGE_CURVE ( 'NONE', #5974, #4948, #1639, .T. ) ;
#2886 = EDGE_CURVE ( 'NONE', #2291, #5560, #187, .T. ) ;
#2887 = CARTESIAN_POINT ( 'NONE',  ( 17.48806557967019515, 0.000000000000000000, -3.000000000000000000 ) ) ;
#2888 = CARTESIAN_POINT ( 'NONE',  ( -1.500000000000000222, 1.499358225474672235, 1.300000000000000044 ) ) ;
#2889 = ORIENTED_EDGE ( 'NONE', *, *, #1482, .T. ) ;
#2890 = CARTESIAN_POINT ( 'NONE',  ( 1.500000000000000222, 0.000000000000000000, -0.2337080731428409219 ) ) ;
#2891 = ORIENTED_EDGE ( 'NONE', *, *, #3075, .T. ) ;
#2892 = CARTESIAN_POINT ( 'NONE',  ( 7.070602967126381699, 1.499358225474672235, 2.799999999999999822 ) ) ;
#2893 = ORIENTED_EDGE ( 'NONE', *, *, #5546, .T. ) ;
#2894 = LINE ( 'NONE', #3010, #3742 ) ;
#2895 = ORIENTED_EDGE ( 'NONE', *, *, #5579, .F. ) ;
#2896 = DIRECTION ( 'NONE',  ( -1.000000000000000000, -0.000000000000000000, 6.982962677686266711E-15 ) ) ;
#2897 = ORIENTED_EDGE ( 'NONE', *, *, #1771, .F. ) ;
#2898 = DIRECTION ( 'NONE',  ( -1.000000000000000000, -0.000000000000000000, -0.000000000000000000 ) ) ;
#2899 = VECTOR ( 'NONE', #854, 1000.000000000000114 ) ;
#2900 = PLANE ( 'NONE',  #1492 ) ;
#2901 = ORIENTED_EDGE ( 'NONE', *, *, #3577, .F. ) ;
#2902 = DIRECTION ( 'NONE',  ( 0.000000000000000000, -0.000000000000000000, -1.000000000000000000 ) ) ;
#2903 = CARTESIAN_POINT ( 'NONE',  ( 4.805014992421013709, 1.400000000000000355, -5.120578528970613164 ) ) ;
#2904 = FACE_OUTER_BOUND ( 'NONE', #2865, .T. ) ;
#2905 = LINE ( 'NONE', #1062, #6033 ) ;
#2906 = ORIENTED_EDGE ( 'NONE', *, *, #493, .F. ) ;
#2907 = VERTEX_POINT ( 'NONE', #5417 ) ;
#2908 = CARTESIAN_POINT ( 'NONE',  ( 15.64120593425275985, 3.272523262990679971, -4.655872776437634641 ) ) ;
#2909 = DIRECTION ( 'NONE',  ( 1.000000000000000000, 0.000000000000000000, -7.097089222158424864E-15 ) ) ;
#2910 = ADVANCED_FACE ( 'NONE', ( #1178 ), #2159, .F. ) ;
#2911 = CYLINDRICAL_SURFACE ( 'NONE', #4212, 1.500000000000000000 ) ;
#2912 = AXIS2_PLACEMENT_3D ( 'NONE', #987, #3916, #100 ) ;
#2913 = LINE ( 'NONE', #1881, #3862 ) ;
#2914 = VECTOR ( 'NONE', #3237, 1000.000000000000000 ) ;
#2915 = LINE ( 'NONE', #4812, #5283 ) ;
#2916 = EDGE_CURVE ( 'NONE', #679, #4914, #45, .T. ) ;
#2917 = ORIENTED_EDGE ( 'NONE', *, *, #2621, .F. ) ;
#2918 = EDGE_LOOP ( 'NONE', ( #4978, #2015, #3018, #5334 ) ) ;
#2919 = AXIS2_PLACEMENT_3D ( 'NONE', #350, #3201, #2224 ) ;
#2920 = DIRECTION ( 'NONE',  ( 0.000000000000000000, 0.7660444431189767922, -0.6427876096865409172 ) ) ;
#2921 = PLANE ( 'NONE',  #724 ) ;
#2922 = VECTOR ( 'NONE', #1008, 1000.000000000000000 ) ;
#2923 = ORIENTED_EDGE ( 'NONE', *, *, #1919, .T. ) ;
#2924 = EDGE_CURVE ( 'NONE', #5689, #4837, #2738, .T. ) ;
#2925 = ORIENTED_EDGE ( 'NONE', *, *, #1657, .T. ) ;
#2926 = AXIS2_PLACEMENT_3D ( 'NONE', #5431, #3994, #271 ) ;
#2927 = DIRECTION ( 'NONE',  ( 0.6427876096865409172, -0.000000000000000000, 0.7660444431189766812 ) ) ;
#2928 = VERTEX_POINT ( 'NONE', #864 ) ;
#2929 = DIRECTION ( 'NONE',  ( -0.000000000000000000, -1.000000000000000000, -0.000000000000000000 ) ) ;
#2930 = ADVANCED_FACE ( 'NONE', ( #2686 ), #4637, .F. ) ;
#2931 = LINE ( 'NONE', #538, #4849 ) ;
#2932 = ORIENTED_EDGE ( 'NONE', *, *, #4591, .F. ) ;
#2933 = EDGE_CURVE ( 'NONE', #4822, #2127, #408, .T. ) ;
#2934 = EDGE_CURVE ( 'NONE', #1898, #2607, #4133, .T. ) ;
#2935 = CARTESIAN_POINT ( 'NONE',  ( 10.07060296712637282, 1.103464666456457577, -5.267169912107815044 ) ) ;
#2936 = DIRECTION ( 'NONE',  ( 7.335912872304279317E-17, 0.7660444431189810111, 0.6427876096865356992 ) ) ;
#2937 = CARTESIAN_POINT ( 'NONE',  ( 5.785301483563182856, 1.115317123975225755, -5.263829606655359150 ) ) ;
#2938 = CARTESIAN_POINT ( 'NONE',  ( 14.35590445068957344, 0.000000000000000000, -0.2337080731428423652 ) ) ;
#2939 = ORIENTED_EDGE ( 'NONE', *, *, #1578, .T. ) ;
#2940 = ORIENTED_EDGE ( 'NONE', *, *, #4976, .F. ) ;
#2941 = CARTESIAN_POINT ( 'NONE',  ( 8.917462612543813449, 0.000000000000000000, -2.240753535442237432 ) ) ;
#2942 = CARTESIAN_POINT ( 'NONE',  ( 16.12597743010364226, 1.399999999999999911, -5.033282760356247110 ) ) ;
#2943 = DIRECTION ( 'NONE',  ( -1.141265444721583757E-16, 0.000000000000000000, 1.000000000000000000 ) ) ;
#2944 = EDGE_CURVE ( 'NONE', #227, #4345, #1299, .T. ) ;
#2945 = CARTESIAN_POINT ( 'NONE',  ( 7.070602967126381699, 2.000000000000000000, 2.799999999999999822 ) ) ;
#2946 = ORIENTED_EDGE ( 'NONE', *, *, #4785, .T. ) ;
#2947 = CARTESIAN_POINT ( 'NONE',  ( 18.64120593425277761, 0.000000000000000000, -2.240753535442245425 ) ) ;
#2948 = VECTOR ( 'NONE', #4791, 1000.000000000000000 ) ;
#2949 = VECTOR ( 'NONE', #3210, 1000.000000000000000 ) ;
#2950 = ORIENTED_EDGE ( 'NONE', *, *, #4709, .T. ) ;
#2951 = FACE_OUTER_BOUND ( 'NONE', #4226, .T. ) ;
#2952 = VECTOR ( 'NONE', #3616, 1000.000000000000000 ) ;
#2953 = VECTOR ( 'NONE', #3564, 1000.000000000000000 ) ;
#2954 = CIRCLE ( 'NONE', #3555, 1.500000000000000000 ) ;
#2955 = VERTEX_POINT ( 'NONE', #4574 ) ;
#2956 = ORIENTED_EDGE ( 'NONE', *, *, #2397, .F. ) ;
#2957 = CARTESIAN_POINT ( 'NONE',  ( 17.50000000000000711, 0.000000000000000000, 0.1662919268571574627 ) ) ;
#2958 = ORIENTED_EDGE ( 'NONE', *, *, #2311, .F. ) ;
#2959 = LINE ( 'NONE', #1518, #3353 ) ;
#2960 = ADVANCED_FACE ( 'NONE', ( #3174 ), #4165, .F. ) ;
#2961 = AXIS2_PLACEMENT_3D ( 'NONE', #5606, #5143, #3211 ) ;
#2962 = DIRECTION ( 'NONE',  ( -0.000000000000000000, -1.000000000000000000, 0.000000000000000000 ) ) ;
#2963 = EDGE_LOOP ( 'NONE', ( #3650, #2192, #901, #1776 ) ) ;
#2964 = EDGE_CURVE ( 'NONE', #2818, #2955, #5074, .T. ) ;
#2965 = VECTOR ( 'NONE', #1822, 1000.000000000000000 ) ;
#2966 = ADVANCED_FACE ( 'NONE', ( #1796 ), #3667, .F. ) ;
#2967 = CARTESIAN_POINT ( 'NONE',  ( 3.285301483563205061, 0.000000000000000000, -2.240753535442228106 ) ) ;
#2968 = CARTESIAN_POINT ( 'NONE',  ( 3.720269105125618037, 1.108502809461048066, -5.505567396206783037 ) ) ;
#2969 = PLANE ( 'NONE',  #3128 ) ;
#2970 = CARTESIAN_POINT ( 'NONE',  ( 14.35590445068956278, 1.115317123975225755, -5.263829606655360038 ) ) ;
#2971 = ORIENTED_EDGE ( 'NONE', *, *, #1128, .T. ) ;
#2972 = EDGE_CURVE ( 'NONE', #821, #3205, #5890, .T. ) ;
#2973 = ORIENTED_EDGE ( 'NONE', *, *, #177, .T. ) ;
#2974 = CARTESIAN_POINT ( 'NONE',  ( 11.35590445068956456, 1.103464568314089123, -5.267165293036052631 ) ) ;
#2975 = CARTESIAN_POINT ( 'NONE',  ( 15.64120593425277050, 0.000000000000000000, -3.007045462299397620 ) ) ;
#2976 = CARTESIAN_POINT ( 'NONE',  ( 13.60276409610700377, 0.000000000000000000, -3.000000000000000000 ) ) ;
#2977 = CARTESIAN_POINT ( 'NONE',  ( -0.3437148944200444367, 0.4000000000000000222, -3.000000000000000000 ) ) ;
#2978 = CARTESIAN_POINT ( 'NONE',  ( 1.499999999999994005, 1.399999999999999911, -4.858578065624948650 ) ) ;
#2979 = ORIENTED_EDGE ( 'NONE', *, *, #1312, .T. ) ;
#2980 = VERTEX_POINT ( 'NONE', #1663 ) ;
#2981 = LINE ( 'NONE', #1140, #2336 ) ;
#2982 = DIRECTION ( 'NONE',  ( 1.894180325222886620E-15, 0.9625068420560822791, 0.2712574035768015590 ) ) ;
#2983 = VERTEX_POINT ( 'NONE', #4968 ) ;
#2984 = VERTEX_POINT ( 'NONE', #1200 ) ;
#2985 = DIRECTION ( 'NONE',  ( 0.7660444431189766812, 0.000000000000000000, 0.6427876096865409172 ) ) ;
#2986 = EDGE_CURVE ( 'NONE', #4042, #1922, #3166, .T. ) ;
#2987 = ORIENTED_EDGE ( 'NONE', *, *, #3455, .F. ) ;
#2988 = CARTESIAN_POINT ( 'NONE',  ( 5.785301483563191738, 1.000000000000000000, 0.3238172648295121747 ) ) ;
#2989 = DIRECTION ( 'NONE',  ( -0.000000000000000000, -0.000000000000000000, 1.000000000000000000 ) ) ;
#2990 = ORIENTED_EDGE ( 'NONE', *, *, #5913, .F. ) ;
#2991 = PRESENTATION_LAYER_ASSIGNMENT (  '', '', ( #5667 ) ) ;
#2992 = ADVANCED_FACE ( 'NONE', ( #2640 ), #3597, .F. ) ;
#2993 = CARTESIAN_POINT ( 'NONE',  ( 18.64120593425277761, 1.000000000000000000, -2.240753535442245425 ) ) ;
#2994 = EDGE_CURVE ( 'NONE', #2538, #1487, #5352, .T. ) ;
#2995 = VECTOR ( 'NONE', #3040, 1000.000000000000000 ) ;
#2996 = CARTESIAN_POINT ( 'NONE',  ( 5.387909463797615039, 1.400000000000840350, -5.327909680985109198 ) ) ;
#2997 = CARTESIAN_POINT ( 'NONE',  ( 16.14120593425276695, 0.000000000000000000, -1.000000000000000000 ) ) ;
#2998 = FACE_OUTER_BOUND ( 'NONE', #4651, .T. ) ;
#2999 = ORIENTED_EDGE ( 'NONE', *, *, #1132, .T. ) ;
#3000 = ORIENTED_EDGE ( 'NONE', *, *, #3837, .F. ) ;
#3001 = CARTESIAN_POINT ( 'NONE',  ( -1.500000000000000000, 0.000000000000000000, -1.000000000000000000 ) ) ;
#3002 = CARTESIAN_POINT ( 'NONE',  ( 18.15236109526275499, 1.399999999999999467, -5.010998372119820132 ) ) ;
#3003 = EDGE_CURVE ( 'NONE', #3390, #3808, #5466, .T. ) ;
#3004 = LINE ( 'NONE', #3874, #4913 ) ;
#3005 = ORIENTED_EDGE ( 'NONE', *, *, #1070, .T. ) ;
#3006 = CARTESIAN_POINT ( 'NONE',  ( 8.015219315351997054, 1.399999999999831823, -5.423416779412474575 ) ) ;
#3007 = CARTESIAN_POINT ( 'NONE',  ( 1.499999999999991118, 1.103464666456457577, -5.267169912107815044 ) ) ;
#3008 = ORIENTED_EDGE ( 'NONE', *, *, #2933, .T. ) ;
#3009 = ORIENTED_EDGE ( 'NONE', *, *, #1347, .T. ) ;
#3010 = CARTESIAN_POINT ( 'NONE',  ( -0.7437148944200444589, 0.000000000000000000, -3.000000000000000000 ) ) ;
#3011 = CARTESIAN_POINT ( 'NONE',  ( 3.941586589143147190, 0.4000000000000000222, -1.000000000000000000 ) ) ;
#3012 = ORIENTED_EDGE ( 'NONE', *, *, #4945, .F. ) ;
#3013 = CARTESIAN_POINT ( 'NONE',  ( 7.070602967126381699, 1.000000000000000000, 2.799999999999999822 ) ) ;
#3014 = VECTOR ( 'NONE', #5718, 1000.000000000000000 ) ;
#3015 = ORIENTED_EDGE ( 'NONE', *, *, #5273, .T. ) ;
#3016 = ORIENTED_EDGE ( 'NONE', *, *, #2545, .F. ) ;
#3017 = CARTESIAN_POINT ( 'NONE',  ( 7.570602967126385252, 0.000000000000000000, -1.000000000000000000 ) ) ;
#3018 = ORIENTED_EDGE ( 'NONE', *, *, #103, .F. ) ;
#3019 = LINE ( 'NONE', #5386, #499 ) ;
#3020 = VECTOR ( 'NONE', #3907, 1000.000000000000000 ) ;
#3021 = DIRECTION ( 'NONE',  ( -1.000000000000000000, -0.000000000000000000, 1.141265444721583757E-16 ) ) ;
#3022 = ORIENTED_EDGE ( 'NONE', *, *, #3334, .T. ) ;
#3023 = EDGE_CURVE ( 'NONE', #3173, #1084, #1257, .T. ) ;
#3024 = VECTOR ( 'NONE', #2335, 1000.000000000000000 ) ;
#3025 = CARTESIAN_POINT ( 'NONE',  ( 15.64120593425277050, 1.000000000000000000, -3.407045462299397531 ) ) ;
#3026 = CARTESIAN_POINT ( 'NONE',  ( 5.785301483563190850, 0.8628211600346445964, -0.4041232037028950064 ) ) ;
#3027 = DIRECTION ( 'NONE',  ( 1.000000000000000000, 0.000000000000000000, 0.000000000000000000 ) ) ;
#3028 = LINE ( 'NONE', #1277, #2282 ) ;
#3029 = ORIENTED_EDGE ( 'NONE', *, *, #5278, .T. ) ;
#3030 = EDGE_CURVE ( 'NONE', #5497, #1717, #4066, .T. ) ;
#3031 = VERTEX_POINT ( 'NONE', #5957 ) ;
#3032 = PLANE ( 'NONE',  #5145 ) ;
#3033 = DIRECTION ( 'NONE',  ( -1.141265444721583757E-16, -0.000000000000000000, -1.000000000000000000 ) ) ;
#3034 = DIRECTION ( 'NONE',  ( -7.335912872304331086E-17, -0.7660444431189772363, -0.6427876096865402511 ) ) ;
#3035 = ORIENTED_EDGE ( 'NONE', *, *, #3560, .T. ) ;
#3036 = DIRECTION ( 'NONE',  ( 0.000000000000000000, 0.000000000000000000, 1.000000000000000000 ) ) ;
#3037 = EDGE_CURVE ( 'NONE', #1072, #5477, #338, .T. ) ;
#3038 = EDGE_CURVE ( 'NONE', #4826, #753, #2675, .T. ) ;
#3039 = DIRECTION ( 'NONE',  ( -1.000000000000000000, 0.000000000000000000, 1.141265444721583757E-16 ) ) ;
#3040 = DIRECTION ( 'NONE',  ( 0.000000000000000000, 1.000000000000000000, 0.000000000000000000 ) ) ;
#3041 = ORIENTED_EDGE ( 'NONE', *, *, #525, .F. ) ;
#3042 = ORIENTED_EDGE ( 'NONE', *, *, #3262, .F. ) ;
#3043 = CARTESIAN_POINT ( 'NONE',  ( 1.500000000000000444, 1.499358225474672235, 1.300000000000000044 ) ) ;
#3044 = ORIENTED_EDGE ( 'NONE', *, *, #4685, .F. ) ;
#3045 = CARTESIAN_POINT ( 'NONE',  ( 5.785301483563191738, 1.499358225474672235, 2.799999999999999822 ) ) ;
#3046 = FACE_BOUND ( 'NONE', #224, .T. ) ;
#3047 = EDGE_CURVE ( 'NONE', #2530, #96, #1286, .T. ) ;
#3048 = EDGE_LOOP ( 'NONE', ( #4694, #340, #2158, #3766, #1278, #380, #5459, #701, #93 ) ) ;
#3049 = ORIENTED_EDGE ( 'NONE', *, *, #1348, .F. ) ;
#3050 = VERTEX_POINT ( 'NONE', #4935 ) ;
#3051 = CARTESIAN_POINT ( 'NONE',  ( 2.785301483563190850, 2.072578233334808395, 1.800000000000000044 ) ) ;
#3052 = DIRECTION ( 'NONE',  ( 0.000000000000000000, 1.000000000000000000, 0.000000000000000000 ) ) ;
#3053 = DIRECTION ( 'NONE',  ( 0.000000000000000000, 0.000000000000000000, -1.000000000000000000 ) ) ;
#3054 = ORIENTED_EDGE ( 'NONE', *, *, #3152, .T. ) ;
#3055 = VECTOR ( 'NONE', #1424, 1000.000000000000000 ) ;
#3056 = AXIS2_PLACEMENT_3D ( 'NONE', #6094, #1774, #5549 ) ;
#3057 = VECTOR ( 'NONE', #1655, 1000.000000000000000 ) ;
#3058 = CARTESIAN_POINT ( 'NONE',  ( 18.64120593425276695, 1.000000000000000000, -4.040753535442245692 ) ) ;
#3059 = AXIS2_PLACEMENT_3D ( 'NONE', #5464, #5061, #828 ) ;
#3060 = DIRECTION ( 'NONE',  ( 7.335912872304279317E-17, 0.7660444431189810111, 0.6427876096865356992 ) ) ;
#3061 = DIRECTION ( 'NONE',  ( -1.000000000000000000, -0.000000000000000000, 1.141265444721583757E-16 ) ) ;
#3062 = CARTESIAN_POINT ( 'NONE',  ( 7.070602967126378147, 3.272523262990679971, -4.655872776437634641 ) ) ;
#3063 = EDGE_CURVE ( 'NONE', #688, #310, #1753, .T. ) ;
#3064 = ORIENTED_EDGE ( 'NONE', *, *, #114, .T. ) ;
#3065 = VECTOR ( 'NONE', #3950, 1000.000000000000000 ) ;
#3066 = VERTEX_POINT ( 'NONE', #5435 ) ;
#3067 = LINE ( 'NONE', #2144, #115 ) ;
#3068 = CARTESIAN_POINT ( 'NONE',  ( 9.317462612543812028, 0.4000000000000000222, -1.000000000000000000 ) ) ;
#3069 = LINE ( 'NONE', #733, #4617 ) ;
#3070 = ORIENTED_EDGE ( 'NONE', *, *, #3718, .F. ) ;
#3071 = DIRECTION ( 'NONE',  ( 1.000000000000000000, -0.000000000000000000, 1.141265444721583757E-16 ) ) ;
#3072 = EDGE_CURVE ( 'NONE', #2349, #2430, #3073, .T. ) ;
#3073 = LINE ( 'NONE', #2578, #6087 ) ;
#3074 = CARTESIAN_POINT ( 'NONE',  ( 14.35590445068956811, 1.399999999999999911, -4.858578065624948650 ) ) ;
#3075 = EDGE_CURVE ( 'NONE', #4095, #2907, #4302, .T. ) ;
#3076 = ORIENTED_EDGE ( 'NONE', *, *, #582, .T. ) ;
#3077 = EDGE_LOOP ( 'NONE', ( #4704, #518, #4476, #620 ) ) ;
#3078 = LINE ( 'NONE', #279, #5922 ) ;
#3079 = LINE ( 'NONE', #372, #1945 ) ;
#3080 = ADVANCED_FACE ( 'NONE', ( #208 ), #1230, .F. ) ;
#3081 = DIRECTION ( 'NONE',  ( -1.000000000000000000, 0.000000000000000000, -0.000000000000000000 ) ) ;
#3082 = AXIS2_PLACEMENT_3D ( 'NONE', #744, #861, #4101 ) ;
#3083 = CARTESIAN_POINT ( 'NONE',  ( 5.785301483563203284, 1.000000000000000000, -2.240753535442245425 ) ) ;
#3084 = ORIENTED_EDGE ( 'NONE', *, *, #5129, .T. ) ;
#3085 = ORIENTED_EDGE ( 'NONE', *, *, #2247, .F. ) ;
#3086 = DIRECTION ( 'NONE',  ( -1.000000000000000000, -0.000000000000000000, 1.141265444721583757E-16 ) ) ;
#3087 = ADVANCED_FACE ( 'NONE', ( #1628 ), #5405, .F. ) ;
#3088 = CARTESIAN_POINT ( 'NONE',  ( 15.64120593425276340, 1.000000000000000000, 0.8999999999999916955 ) ) ;
#3089 = CARTESIAN_POINT ( 'NONE',  ( 14.35590445068957521, 2.000000000000000000, 2.799999999999999822 ) ) ;
#3090 = ORIENTED_EDGE ( 'NONE', *, *, #4031, .F. ) ;
#3091 = CARTESIAN_POINT ( 'NONE',  ( 11.35590445068956100, 1.399999999999999689, -4.949661896593934074 ) ) ;
#3092 = CARTESIAN_POINT ( 'NONE',  ( 1.499999999999989786, 2.000000000000000000, -5.468901542184360309 ) ) ;
#3093 = CARTESIAN_POINT ( 'NONE',  ( 8.570602967126381699, 2.000000000000000000, 0.000000000000000000 ) ) ;
#3094 = LINE ( 'NONE', #2630, #3659 ) ;
#3095 = ORIENTED_EDGE ( 'NONE', *, *, #550, .T. ) ;
#3096 = VECTOR ( 'NONE', #2126, 1000.000000000000000 ) ;
#3097 = EDGE_LOOP ( 'NONE', ( #438, #5203, #4814, #3325 ) ) ;
#3098 = PLANE ( 'NONE',  #1091 ) ;
#3099 = FACE_OUTER_BOUND ( 'NONE', #3643, .T. ) ;
#3100 = ORIENTED_EDGE ( 'NONE', *, *, #1306, .F. ) ;
#3101 = CARTESIAN_POINT ( 'NONE',  ( 7.070602967126388805, 1.000000000000000000, -3.007045462299396288 ) ) ;
#3102 = CARTESIAN_POINT ( 'NONE',  ( 17.50000000000000711, 0.000000000000000000, 0.1662919268571574627 ) ) ;
#3103 = EDGE_CURVE ( 'NONE', #4891, #5780, #2118, .T. ) ;
#3104 = DIRECTION ( 'NONE',  ( 7.335912872304279317E-17, 0.7660444431189810111, 0.6427876096865356992 ) ) ;
#3105 = ORIENTED_EDGE ( 'NONE', *, *, #382, .T. ) ;
#3106 = ORIENTED_EDGE ( 'NONE', *, *, #3387, .F. ) ;
#3107 = CARTESIAN_POINT ( 'NONE',  ( 7.070602967126381699, 1.000000000000000000, 0.3238172648295121747 ) ) ;
#3108 = CARTESIAN_POINT ( 'NONE',  ( 12.51218955626953111, 1.000000000000000222, -2.240753535442232547 ) ) ;
#3109 = CARTESIAN_POINT ( 'NONE',  ( 10.07060296712637104, 0.000000000000000000, -5.578152595329384233 ) ) ;
#3110 = EDGE_CURVE ( 'NONE', #1203, #4213, #3478, .T. ) ;
#3111 = PLANE ( 'NONE',  #4580 ) ;
#3112 = EDGE_LOOP ( 'NONE', ( #2128, #2554, #771, #5778 ) ) ;
#3113 = ORIENTED_EDGE ( 'NONE', *, *, #2944, .T. ) ;
#3114 = FACE_OUTER_BOUND ( 'NONE', #1267, .T. ) ;
#3115 = LINE ( 'NONE', #3979, #982 ) ;
#3116 = DIRECTION ( 'NONE',  ( -7.335912872304331086E-17, 0.7660444431189772363, 0.6427876096865402511 ) ) ;
#3117 = ORIENTED_EDGE ( 'NONE', *, *, #3634, .F. ) ;
#3118 = VECTOR ( 'NONE', #2936, 1000.000000000000114 ) ;
#3119 = EDGE_CURVE ( 'NONE', #4695, #2869, #3450, .T. ) ;
#3120 = LINE ( 'NONE', #1183, #3940 ) ;
#3121 = ADVANCED_FACE ( 'NONE', ( #1566 ), #617, .T. ) ;
#3122 = VECTOR ( 'NONE', #92, 1000.000000000000000 ) ;
#3123 = CARTESIAN_POINT ( 'NONE',  ( -1.500000000000000000, 1.000000000000000000, -1.000000000000000000 ) ) ;
#3124 = CARTESIAN_POINT ( 'NONE',  ( 2.785301483563202840, 0.000000000000000000, -2.240753535442224553 ) ) ;
#3125 = CARTESIAN_POINT ( 'NONE',  ( -1.500000000000000444, 2.000000000000000000, 2.799999999999999822 ) ) ;
#3126 = ORIENTED_EDGE ( 'NONE', *, *, #1722, .F. ) ;
#3127 = ADVANCED_FACE ( 'NONE', ( #183 ), #2054, .T. ) ;
#3128 = AXIS2_PLACEMENT_3D ( 'NONE', #5760, #2876, #3407 ) ;
#3129 = LINE ( 'NONE', #2113, #3748 ) ;
#3130 = PLANE ( 'NONE',  #2464 ) ;
#3131 = DIRECTION ( 'NONE',  ( 0.000000000000000000, -1.000000000000000000, 0.000000000000000000 ) ) ;
#3132 = DIRECTION ( 'NONE',  ( 0.000000000000000000, 0.000000000000000000, -1.000000000000000000 ) ) ;
#3133 = CARTESIAN_POINT ( 'NONE',  ( -1.500000000000009326, 1.191276127410975105, -5.242417899579847607 ) ) ;
#3134 = CARTESIAN_POINT ( 'NONE',  ( 8.054746803708429326, 1.400000000000000133, -5.120335728133786901 ) ) ;
#3135 = ORIENTED_EDGE ( 'NONE', *, *, #1239, .T. ) ;
#3136 = ORIENTED_EDGE ( 'NONE', *, *, #2816, .F. ) ;
#3137 = PLANE ( 'NONE',  #4340 ) ;
#3138 = DIRECTION ( 'NONE',  ( -1.000000000000000000, 0.000000000000000000, 0.000000000000000000 ) ) ;
#3139 = FACE_OUTER_BOUND ( 'NONE', #3077, .T. ) ;
#3140 = EDGE_CURVE ( 'NONE', #5178, #1825, #2240, .T. ) ;
#3141 = DIRECTION ( 'NONE',  ( -1.141265444721583757E-16, 0.000000000000000000, 1.000000000000000000 ) ) ;
#3142 = EDGE_LOOP ( 'NONE', ( #3753, #3818, #12, #2306, #2405, #2456 ) ) ;
#3143 = ORIENTED_EDGE ( 'NONE', *, *, #2397, .T. ) ;
#3144 = CARTESIAN_POINT ( 'NONE',  ( 13.20276409610700519, 0.000000000000000000, -3.000000000000000000 ) ) ;
#3145 = PLANE ( 'NONE',  #2860 ) ;
#3146 = DIRECTION ( 'NONE',  ( -1.141265444721583757E-16, 0.000000000000000000, 1.000000000000000000 ) ) ;
#3147 = EDGE_LOOP ( 'NONE', ( #3931, #1026, #1057, #3660, #3391, #1051, #3364, #2507, #160, #3448, #3222 ) ) ;
#3148 = CARTESIAN_POINT ( 'NONE',  ( 3.113062879829360696, 0.6722386037338301534, -0.7947340252167951480 ) ) ;
#3149 = LINE ( 'NONE', #5454, #6084 ) ;
#3150 = LINE ( 'NONE', #4114, #697 ) ;
#3151 = VECTOR ( 'NONE', #3195, 1000.000000000000000 ) ;
#3152 = EDGE_CURVE ( 'NONE', #1084, #5748, #5048, .T. ) ;
#3153 =( BOUNDED_CURVE ( )  B_SPLINE_CURVE ( 3, ( #4610, #5571, #3148, #4702 ),
 .UNSPECIFIED., .F., .F. ) 
 B_SPLINE_CURVE_WITH_KNOTS ( ( 4, 4 ),
 ( 1.943323292647559208, 2.268928027592631569 ),
 .UNSPECIFIED. ) 
 CURVE ( )  GEOMETRIC_REPRESENTATION_ITEM ( )  RATIONAL_B_SPLINE_CURVE ( ( 1.000000000000000000, 0.9911846262163772625, 0.9911846262163772625, 1.000000000000000000 ) ) 
 REPRESENTATION_ITEM ( '' )  );
#3154 = VECTOR ( 'NONE', #1215, 1000.000000000000000 ) ;
#3155 = CARTESIAN_POINT ( 'NONE',  ( -1.329596140492040446, 0.7834631812238950221, -0.6072026154634241335 ) ) ;
#3156 = ORIENTED_EDGE ( 'NONE', *, *, #1050, .T. ) ;
#3157 = VECTOR ( 'NONE', #5696, 1000.000000000000000 ) ;
#3158 = VECTOR ( 'NONE', #2453, 1000.000000000000000 ) ;
#3159 = VECTOR ( 'NONE', #882, 1000.000000000000000 ) ;
#3160 = DIRECTION ( 'NONE',  ( 0.000000000000000000, -0.000000000000000000, -1.000000000000000000 ) ) ;
#3161 = CARTESIAN_POINT ( 'NONE',  ( 17.50000000000000711, 0.000000000000000000, -0.2337080731428427260 ) ) ;
#3162 = EDGE_CURVE ( 'NONE', #2266, #4646, #3971, .T. ) ;
#3163 = CARTESIAN_POINT ( 'NONE',  ( 17.50000000000000711, 0.000000000000000000, -3.407045462299397531 ) ) ;
#3164 = PLANE ( 'NONE',  #207 ) ;
#3165 = AXIS2_PLACEMENT_3D ( 'NONE', #5232, #3337, #994 ) ;
#3166 = LINE ( 'NONE', #3966, #1653 ) ;
#3167 = DIRECTION ( 'NONE',  ( -1.141265444721583757E-16, 0.000000000000000000, 1.000000000000000000 ) ) ;
#3168 = VERTEX_POINT ( 'NONE', #3011 ) ;
#3169 = CARTESIAN_POINT ( 'NONE',  ( 5.785301483563191738, 0.000000000000000000, 1.999999999999997335 ) ) ;
#3170 = CARTESIAN_POINT ( 'NONE',  ( 7.070602967126376370, 1.372383960302708150, -5.038967344092047718 ) ) ;
#3171 = LINE ( 'NONE', #5964, #4359 ) ;
#3172 = DIRECTION ( 'NONE',  ( -1.355252715606880543E-16, -1.000000000000000000, -0.000000000000000000 ) ) ;
#3173 = VERTEX_POINT ( 'NONE', #5254 ) ;
#3174 = FACE_OUTER_BOUND ( 'NONE', #668, .T. ) ;
#3175 = PLANE ( 'NONE',  #5734 ) ;
#3176 = FACE_OUTER_BOUND ( 'NONE', #5871, .T. ) ;
#3177 = ORIENTED_EDGE ( 'NONE', *, *, #1078, .T. ) ;
#3178 = EDGE_CURVE ( 'NONE', #448, #1602, #4375, .T. ) ;
#3179 = CARTESIAN_POINT ( 'NONE',  ( 1.029994824228749106, 1.399999999999999911, -5.030233932062242452 ) ) ;
#3180 = CARTESIAN_POINT ( 'NONE',  ( 2.785301483563202840, 1.000000000000000000, -2.240753535442224553 ) ) ;
#3181 = CARTESIAN_POINT ( 'NONE',  ( 1.499999999999999778, 0.000000000000000000, -3.007045462299395844 ) ) ;
#3182 = CARTESIAN_POINT ( 'NONE',  ( 5.785301483563190850, 0.4000000000000000222, 0.1662919268571587950 ) ) ;
#3183 = ORIENTED_EDGE ( 'NONE', *, *, #4309, .T. ) ;
#3184 = EDGE_CURVE ( 'NONE', #1037, #4106, #2981, .T. ) ;
#3185 = EDGE_CURVE ( 'NONE', #2078, #3677, #126, .T. ) ;
#3186 = FACE_OUTER_BOUND ( 'NONE', #654, .T. ) ;
#3187 = CARTESIAN_POINT ( 'NONE',  ( 14.35590445068956811, 3.272523262990679971, -4.655877423168258922 ) ) ;
#3188 = CARTESIAN_POINT ( 'NONE',  ( 17.70612905250185776, 1.108503113383854766, -5.505581804970433701 ) ) ;
#3189 = CARTESIAN_POINT ( 'NONE',  ( 1.500000000000000000, 0.000000000000000000, -0.2337080731428420599 ) ) ;
#3190 = B_SPLINE_CURVE_WITH_KNOTS ( 'NONE', 3,
 ( #5597, #1361, #814, #4225, #2715, #3203 ),
 .UNSPECIFIED., .F., .F.,
 ( 4, 2, 4 ),
 ( 4.336808689942017736E-19, 0.001513007688743851472, 0.003026015377487702510 ),
 .UNSPECIFIED. ) ;
#3191 = VERTEX_POINT ( 'NONE', #4404 ) ;
#3192 = ADVANCED_FACE ( 'NONE', ( #646 ), #1108, .F. ) ;
#3193 = CARTESIAN_POINT ( 'NONE',  ( 8.226888072706337596, 0.4000000000000000222, -1.000000000000000000 ) ) ;
#3194 = VERTEX_POINT ( 'NONE', #2431 ) ;
#3195 = DIRECTION ( 'NONE',  ( 0.000000000000000000, 1.000000000000000000, 0.000000000000000000 ) ) ;
#3196 = DIRECTION ( 'NONE',  ( 0.000000000000000000, -1.000000000000000000, 0.000000000000000000 ) ) ;
#3197 = EDGE_CURVE ( 'NONE', #3495, #3050, #4433, .T. ) ;
#3198 = VECTOR ( 'NONE', #3252, 1000.000000000000000 ) ;
#3199 = DIRECTION ( 'NONE',  ( 0.000000000000000000, 0.000000000000000000, -1.000000000000000000 ) ) ;
#3200 = CARTESIAN_POINT ( 'NONE',  ( 14.35590445068957699, 1.000000000000000000, -3.407045462299397087 ) ) ;
#3201 = DIRECTION ( 'NONE',  ( 0.000000000000000000, -0.6427876096865358102, 0.7660444431189811221 ) ) ;
#3202 = CARTESIAN_POINT ( 'NONE',  ( 7.570602967126396798, 1.000000000000000000, -2.240753535442228106 ) ) ;
#3203 = CARTESIAN_POINT ( 'NONE',  ( 1.499999999999991118, 1.103464666456457577, -5.267169912107815044 ) ) ;
#3204 = VERTEX_POINT ( 'NONE', #3393 ) ;
#3205 = VERTEX_POINT ( 'NONE', #5286 ) ;
#3206 = VERTEX_POINT ( 'NONE', #1044 ) ;
#3207 = CARTESIAN_POINT ( 'NONE',  ( 2.785301483563181968, 1.191276127410975105, -5.242417899579847607 ) ) ;
#3208 = DIRECTION ( 'NONE',  ( 1.000000000000000000, -0.000000000000000000, -1.141265444721583757E-16 ) ) ;
#3209 = EDGE_LOOP ( 'NONE', ( #1815, #4348, #1512, #5347, #5427 ) ) ;
#3210 = DIRECTION ( 'NONE',  ( 0.000000000000000000, -1.000000000000000000, 0.000000000000000000 ) ) ;
#3211 = DIRECTION ( 'NONE',  ( 0.000000000000000000, -0.000000000000000000, -1.000000000000000000 ) ) ;
#3212 = ORIENTED_EDGE ( 'NONE', *, *, #5091, .T. ) ;
#3213 = EDGE_CURVE ( 'NONE', #988, #2742, #4879, .T. ) ;
#3214 = VECTOR ( 'NONE', #5329, 1000.000000000000000 ) ;
#3215 = CARTESIAN_POINT ( 'NONE',  ( 18.64120593425276695, -1.000000000000000000, 0.3238172648295125633 ) ) ;
#3216 = DIRECTION ( 'NONE',  ( 1.000000000000000000, -0.000000000000000000, -0.000000000000000000 ) ) ;
#3217 = CARTESIAN_POINT ( 'NONE',  ( 18.65861734422191986, 1.399999999999999911, -4.852261884540960857 ) ) ;
#3218 = CARTESIAN_POINT ( 'NONE',  ( 14.35590445068958232, 1.000000000000000000, -2.836630331739350641 ) ) ;
#3219 = VECTOR ( 'NONE', #3482, 1000.000000000000000 ) ;
#3220 = ORIENTED_EDGE ( 'NONE', *, *, #1412, .F. ) ;
#3221 = CARTESIAN_POINT ( 'NONE',  ( 13.95851243092391236, 1.400000000001008660, -5.327909680986309127 ) ) ;
#3222 = ORIENTED_EDGE ( 'NONE', *, *, #5267, .T. ) ;
#3223 = VECTOR ( 'NONE', #5189, 1000.000000000000000 ) ;
#3224 = CARTESIAN_POINT ( 'NONE',  ( 17.50000000000000711, 0.000000000000000000, -3.007045462299397620 ) ) ;
#3225 = DIRECTION ( 'NONE',  ( 0.000000000000000000, 1.000000000000000000, 0.000000000000000000 ) ) ;
#3226 = EDGE_CURVE ( 'NONE', #2820, #5135, #5802, .T. ) ;
#3227 = EDGE_CURVE ( 'NONE', #319, #2349, #1537, .T. ) ;
#3228 = DIRECTION ( 'NONE',  ( 1.000000000000000000, 0.000000000000000000, -6.982962677686266711E-15 ) ) ;
#3229 = EDGE_CURVE ( 'NONE', #4432, #2481, #6019, .T. ) ;
#3230 = ORIENTED_EDGE ( 'NONE', *, *, #24, .T. ) ;
#3231 = PRODUCT_DEFINITION ( 'ๆ', '', #4067, #2842 ) ;
#3232 = EDGE_CURVE ( 'NONE', #1602, #3317, #2035, .T. ) ;
#3233 = PLANE ( 'NONE',  #4946 ) ;
#3234 = CARTESIAN_POINT ( 'NONE',  ( 12.85590445068957344, 0.000000000000000000, 1.999999999999998224 ) ) ;
#3235 = ORIENTED_EDGE ( 'NONE', *, *, #3417, .F. ) ;
#3236 = ORIENTED_EDGE ( 'NONE', *, *, #3952, .T. ) ;
#3237 = DIRECTION ( 'NONE',  ( 1.000000000000000000, 0.000000000000000000, -6.982962677686266711E-15 ) ) ;
#3238 = PLANE ( 'NONE',  #4002 ) ;
#3239 = ORIENTED_EDGE ( 'NONE', *, *, #2624, .F. ) ;
#3240 = DIRECTION ( 'NONE',  ( -0.000000000000000000, -0.000000000000000000, 1.000000000000000000 ) ) ;
#3241 = LINE ( 'NONE', #452, #1794 ) ;
#3242 = VERTEX_POINT ( 'NONE', #5991 ) ;
#3243 = CARTESIAN_POINT ( 'NONE',  ( 2.785301483563191738, 0.4000000000000000222, -0.2337080731428409497 ) ) ;
#3244 = AXIS2_PLACEMENT_3D ( 'NONE', #4189, #5675, #886 ) ;
#3245 = VECTOR ( 'NONE', #5781, 1000.000000000000000 ) ;
#3246 = DIRECTION ( 'NONE',  ( -0.000000000000000000, -0.000000000000000000, 1.000000000000000000 ) ) ;
#3247 = DIRECTION ( 'NONE',  ( 0.000000000000000000, 0.000000000000000000, 1.000000000000000000 ) ) ;
#3248 = CARTESIAN_POINT ( 'NONE',  ( 15.64120593425277406, 0.000000000000000000, -2.836630331739329769 ) ) ;
#3249 = AXIS2_PLACEMENT_3D ( 'NONE', #5088, #514, #1900 ) ;
#3250 = VECTOR ( 'NONE', #2527, 1000.000000000000000 ) ;
#3251 = ORIENTED_EDGE ( 'NONE', *, *, #2771, .F. ) ;
#3252 = DIRECTION ( 'NONE',  ( -0.000000000000000000, -0.000000000000000000, 1.000000000000000000 ) ) ;
#3253 = VECTOR ( 'NONE', #3681, 1000.000000000000000 ) ;
#3254 = ORIENTED_EDGE ( 'NONE', *, *, #4755, .F. ) ;
#3255 = CARTESIAN_POINT ( 'NONE',  ( 12.11218955626952898, 0.000000000000000000, -2.240753535442229882 ) ) ;
#3256 = ADVANCED_FACE ( 'NONE', ( #343 ), #5439, .F. ) ;
#3257 = LINE ( 'NONE', #4691, #473 ) ;
#3258 = VECTOR ( 'NONE', #135, 1000.000000000000000 ) ;
#3259 = DIRECTION ( 'NONE',  ( -1.000000000000000000, 0.000000000000000000, 0.000000000000000000 ) ) ;
#3260 = EDGE_CURVE ( 'NONE', #296, #3206, #3079, .T. ) ;
#3261 = AXIS2_PLACEMENT_3D ( 'NONE', #4699, #2689, #467 ) ;
#3262 = EDGE_CURVE ( 'NONE', #4677, #2291, #2214, .T. ) ;
#3263 = DIRECTION ( 'NONE',  ( 7.097089222158425653E-15, -0.000000000000000000, 1.000000000000000000 ) ) ;
#3264 = EDGE_CURVE ( 'NONE', #3761, #1568, #411, .T. ) ;
#3265 = DIRECTION ( 'NONE',  ( 1.141265444721583757E-16, 0.000000000000000000, -1.000000000000000000 ) ) ;
#3266 = PLANE ( 'NONE',  #2476 ) ;
#3267 = VERTEX_POINT ( 'NONE', #4972 ) ;
#3268 = ORIENTED_EDGE ( 'NONE', *, *, #1127, .F. ) ;
#3269 = AXIS2_PLACEMENT_3D ( 'NONE', #5681, #1971, #5288 ) ;
#3270 = EDGE_CURVE ( 'NONE', #5284, #430, #1235, .T. ) ;
#3271 = CARTESIAN_POINT ( 'NONE',  ( 1.650036710662221573, 1.102365273526561218, -5.215486168409626977 ) ) ;
#3272 = CARTESIAN_POINT ( 'NONE',  ( 1.500000000000000444, 2.000000000000000000, 2.799999999999999822 ) ) ;
#3273 = VERTEX_POINT ( 'NONE', #4597 ) ;
#3274 = DIRECTION ( 'NONE',  ( -0.000000000000000000, -1.000000000000000000, -0.000000000000000000 ) ) ;
#3275 = VERTEX_POINT ( 'NONE', #1292 ) ;
#3276 = LINE ( 'NONE', #4615, #5151 ) ;
#3277 = ORIENTED_EDGE ( 'NONE', *, *, #3119, .F. ) ;
#3278 = DIRECTION ( 'NONE',  ( 1.000000000000000000, 0.000000000000000000, 0.000000000000000000 ) ) ;
#3279 = CARTESIAN_POINT ( 'NONE',  ( 13.20276409610700519, 0.000000000000000000, -3.000000000000000000 ) ) ;
#3280 = CARTESIAN_POINT ( 'NONE',  ( 17.88806557967019373, 0.4000000000000000222, -1.000000000000000000 ) ) ;
#3281 = PLANE ( 'NONE',  #2465 ) ;
#3282 = EDGE_LOOP ( 'NONE', ( #3419, #5410, #2923, #1442 ) ) ;
#3283 = VERTEX_POINT ( 'NONE', #4500 ) ;
#3284 = LINE ( 'NONE', #2305, #5868 ) ;
#3285 = ORIENTED_EDGE ( 'NONE', *, *, #3611, .F. ) ;
#3286 = LINE ( 'NONE', #6110, #6023 ) ;
#3287 = DIRECTION ( 'NONE',  ( -6.868836133214108557E-15, 0.000000000000000000, -1.000000000000000000 ) ) ;
#3288 = CARTESIAN_POINT ( 'NONE',  ( 0.000000000000000000, 0.000000000000000000, 0.000000000000000000 ) ) ;
#3289 = EDGE_CURVE ( 'NONE', #5497, #4254, #1668, .T. ) ;
#3290 = CARTESIAN_POINT ( 'NONE',  ( 4.926130775589945780E-15, 1.399999999999999911, -3.240753535442235211 ) ) ;
#3291 = VECTOR ( 'NONE', #3141, 1000.000000000000000 ) ;
#3292 = VERTEX_POINT ( 'NONE', #5032 ) ;
#3293 = LINE ( 'NONE', #4876, #1199 ) ;
#3294 = ORIENTED_EDGE ( 'NONE', *, *, #292, .T. ) ;
#3295 = LINE ( 'NONE', #38, #3379 ) ;
#3296 = EDGE_CURVE ( 'NONE', #3050, #5316, #3575, .T. ) ;
#3297 = ORIENTED_EDGE ( 'NONE', *, *, #3389, .F. ) ;
#3298 = ORIENTED_EDGE ( 'NONE', *, *, #1264, .F. ) ;
#3299 = LINE ( 'NONE', #1449, #4434 ) ;
#3300 = CARTESIAN_POINT ( 'NONE',  ( 3.941586589143147190, 0.3999999999999999667, -2.240753535442232547 ) ) ;
#3301 = ORIENTED_EDGE ( 'NONE', *, *, #345, .T. ) ;
#3302 = FACE_OUTER_BOUND ( 'NONE', #5241, .T. ) ;
#3303 = VERTEX_POINT ( 'NONE', #5070 ) ;
#3304 = CARTESIAN_POINT ( 'NONE',  ( 17.14120593425276340, 1.000000000000000000, -0.4041232037028948954 ) ) ;
#3305 = ORIENTED_EDGE ( 'NONE', *, *, #365, .T. ) ;
#3306 = EDGE_CURVE ( 'NONE', #1872, #169, #4099, .T. ) ;
#3307 = EDGE_CURVE ( 'NONE', #2581, #4750, #2708, .T. ) ;
#3308 = ADVANCED_FACE ( 'NONE', ( #1759 ), #5530, .F. ) ;
#3309 = LINE ( 'NONE', #5087, #1693 ) ;
#3310 = CARTESIAN_POINT ( 'NONE',  ( 15.64120593425276340, 0.000000000000000000, -1.000000000000000000 ) ) ;
#3311 = DIRECTION ( 'NONE',  ( -1.000000000000000000, 0.000000000000000000, 0.000000000000000000 ) ) ;
#3312 = CARTESIAN_POINT ( 'NONE',  ( 2.785301483563190850, 2.000000000000000000, 2.799999999999999822 ) ) ;
#3313 = VERTEX_POINT ( 'NONE', #742 ) ;
#3314 = EDGE_CURVE ( 'NONE', #3880, #6107, #2583, .T. ) ;
#3315 =( BOUNDED_CURVE ( )  B_SPLINE_CURVE ( 3, ( #6073, #3684, #6047, #5643 ),
 .UNSPECIFIED., .F., .F. ) 
 B_SPLINE_CURVE_WITH_KNOTS ( ( 4, 4 ),
 ( 0.8726646259971631014, 1.198269360942234352 ),
 .UNSPECIFIED. ) 
 CURVE ( )  GEOMETRIC_REPRESENTATION_ITEM ( )  RATIONAL_B_SPLINE_CURVE ( ( 1.000000000000000000, 0.9911846262163772625, 0.9911846262163772625, 1.000000000000000000 ) ) 
 REPRESENTATION_ITEM ( '' )  );
#3316 = VECTOR ( 'NONE', #906, 1000.000000000000000 ) ;
#3317 = VERTEX_POINT ( 'NONE', #247 ) ;
#3318 = CARTESIAN_POINT ( 'NONE',  ( 11.82940566926485992, 1.400000000000000355, -5.031499608973888371 ) ) ;
#3319 = LINE ( 'NONE', #5589, #1686 ) ;
#3320 = FACE_OUTER_BOUND ( 'NONE', #4784, .T. ) ;
#3321 = VECTOR ( 'NONE', #3509, 1000.000000000000000 ) ;
#3322 = CARTESIAN_POINT ( 'NONE',  ( 1.500000000000000000, 1.000000000000000000, -1.000000000000000000 ) ) ;
#3323 = AXIS2_PLACEMENT_3D ( 'NONE', #6102, #3311, #3247 ) ;
#3324 = CARTESIAN_POINT ( 'NONE',  ( 11.35590445068957344, 0.000000000000000000, -1.000000000000000000 ) ) ;
#3325 = ORIENTED_EDGE ( 'NONE', *, *, #3289, .F. ) ;
#3326 = EDGE_LOOP ( 'NONE', ( #1958, #4286, #748, #3914 ) ) ;
#3327 = EDGE_CURVE ( 'NONE', #2744, #1967, #280, .T. ) ;
#3328 = CARTESIAN_POINT ( 'NONE',  ( 10.22063967778860416, 1.102365273526561218, -5.215486168409626977 ) ) ;
#3329 = LINE ( 'NONE', #2494, #1213 ) ;
#3330 = ORIENTED_EDGE ( 'NONE', *, *, #3226, .F. ) ;
#3331 = ORIENTED_EDGE ( 'NONE', *, *, #5728, .T. ) ;
#3332 = CARTESIAN_POINT ( 'NONE',  ( -1.500000000000009326, 1.103464568314089123, -5.267165293036052631 ) ) ;
#3333 = FACE_OUTER_BOUND ( 'NONE', #5870, .T. ) ;
#3334 = EDGE_CURVE ( 'NONE', #1606, #1176, #1703, .T. ) ;
#3335 = ORIENTED_EDGE ( 'NONE', *, *, #1279, .F. ) ;
#3336 = CARTESIAN_POINT ( 'NONE',  ( 15.64120593425276340, 1.000000000000000000, -0.4041232037028950064 ) ) ;
#3337 = DIRECTION ( 'NONE',  ( 0.000000000000000000, -1.000000000000000000, 0.000000000000000000 ) ) ;
#3338 = ORIENTED_EDGE ( 'NONE', *, *, #177, .F. ) ;
#3339 = EDGE_CURVE ( 'NONE', #2696, #4374, #312, .T. ) ;
#3340 = DIRECTION ( 'NONE',  ( 6.868836133214108557E-15, 0.000000000000000000, 1.000000000000000000 ) ) ;
#3341 = ADVANCED_FACE ( 'NONE', ( #3691 ), #4277, .F. ) ;
#3342 = LINE ( 'NONE', #1122, #3903 ) ;
#3343 = CARTESIAN_POINT ( 'NONE',  ( 18.64120593425276695, 0.9534028740753672793, 2.799999999999999822 ) ) ;
#3344 = CARTESIAN_POINT ( 'NONE',  ( 0.9999999999999978906, 0.4999999999999978351, -1.000000000000000000 ) ) ;
#3345 = VERTEX_POINT ( 'NONE', #4249 ) ;
#3346 = ORIENTED_EDGE ( 'NONE', *, *, #3583, .F. ) ;
#3347 = EDGE_CURVE ( 'NONE', #5568, #4902, #462, .T. ) ;
#3348 = DIRECTION ( 'NONE',  ( -1.000000000000000000, 0.000000000000000000, 6.982962677686266711E-15 ) ) ;
#3349 = DIRECTION ( 'NONE',  ( 1.000000000000000000, 0.000000000000000000, 0.000000000000000000 ) ) ;
#3350 = CARTESIAN_POINT ( 'NONE',  ( 7.826888072706338129, 0.000000000000000000, -3.000000000000000000 ) ) ;
#3351 = VECTOR ( 'NONE', #985, 1000.000000000000000 ) ;
#3352 =( BOUNDED_CURVE ( )  B_SPLINE_CURVE ( 3, ( #2646, #4535, #315, #5442 ),
 .UNSPECIFIED., .F., .F. ) 
 B_SPLINE_CURVE_WITH_KNOTS ( ( 4, 4 ),
 ( 0.8726646259971632125, 1.198269360942234352 ),
 .UNSPECIFIED. ) 
 CURVE ( )  GEOMETRIC_REPRESENTATION_ITEM ( )  RATIONAL_B_SPLINE_CURVE ( ( 1.000000000000000000, 0.9911846262163772625, 0.9911846262163772625, 1.000000000000000000 ) ) 
 REPRESENTATION_ITEM ( '' )  );
#3353 = VECTOR ( 'NONE', #625, 1000.000000000000000 ) ;
#3354 =( NAMED_UNIT ( * ) SI_UNIT ( $, .STERADIAN. ) SOLID_ANGLE_UNIT ( ) );
#3355 = AXIS2_PLACEMENT_3D ( 'NONE', #297, #5521, #5951 ) ;
#3356 = SURFACE_STYLE_USAGE ( .BOTH. , #2338 ) ;
#3357 = EDGE_LOOP ( 'NONE', ( #950, #460, #2781, #285, #4521, #3084, #5187, #5712, #5162, #1927, #3338 ) ) ;
#3358 = VECTOR ( 'NONE', #1196, 1000.000000000000000 ) ;
#3359 = ORIENTED_EDGE ( 'NONE', *, *, #4819, .F. ) ;
#3360 = VECTOR ( 'NONE', #610, 1000.000000000000000 ) ;
#3361 = ORIENTED_EDGE ( 'NONE', *, *, #4185, .T. ) ;
#3362 = DIRECTION ( 'NONE',  ( -0.6427876096865463573, -0.000000000000000000, -0.7660444431189722403 ) ) ;
#3363 = VECTOR ( 'NONE', #4115, 1000.000000000000000 ) ;
#3364 = ORIENTED_EDGE ( 'NONE', *, *, #1561, .T. ) ;
#3365 = DIRECTION ( 'NONE',  ( 0.000000000000000000, 0.000000000000000000, -1.000000000000000000 ) ) ;
#3366 = ORIENTED_EDGE ( 'NONE', *, *, #1969, .F. ) ;
#3367 = DIRECTION ( 'NONE',  ( -6.868836133214108557E-15, 0.000000000000000000, -1.000000000000000000 ) ) ;
#3368 = ORIENTED_EDGE ( 'NONE', *, *, #4874, .T. ) ;
#3369 = DIRECTION ( 'NONE',  ( 0.000000000000000000, -1.000000000000000000, 0.000000000000000000 ) ) ;
#3370 = ORIENTED_EDGE ( 'NONE', *, *, #1771, .T. ) ;
#3371 = CARTESIAN_POINT ( 'NONE',  ( 18.64120593425276695, 2.000000000000000000, 2.799999999999999822 ) ) ;
#3372 = ORIENTED_EDGE ( 'NONE', *, *, #1877, .F. ) ;
#3373 = ADVANCED_FACE ( 'NONE', ( #3320 ), #2278, .T. ) ;
#3374 = DIRECTION ( 'NONE',  ( 1.000000000000000000, -0.000000000000000000, -0.000000000000000000 ) ) ;
#3375 = CARTESIAN_POINT ( 'NONE',  ( 16.14120593425277761, 0.4999999999999978351, -2.240753535442228106 ) ) ;
#3376 = CARTESIAN_POINT ( 'NONE',  ( 14.35590445068957344, 1.000000000000000000, 0.3238172648295121747 ) ) ;
#3377 = CARTESIAN_POINT ( 'NONE',  ( 14.35590445068956100, 8.673617379884035472E-16, -5.578152595329384233 ) ) ;
#3378 = ORIENTED_EDGE ( 'NONE', *, *, #487, .F. ) ;
#3379 = VECTOR ( 'NONE', #2002, 1000.000000000000000 ) ;
#3380 = EDGE_CURVE ( 'NONE', #1176, #272, #4663, .T. ) ;
#3381 = VERTEX_POINT ( 'NONE', #3664 ) ;
#3382 = ORIENTED_EDGE ( 'NONE', *, *, #1045, .T. ) ;
#3383 = PLANE ( 'NONE',  #251 ) ;
#3384 = CARTESIAN_POINT ( 'NONE',  ( 18.39882039647483936, 1.399999999999999689, -4.945931956424546527 ) ) ;
#3385 = CARTESIAN_POINT ( 'NONE',  ( 2.785301483563191738, 0.000000000000000000, -0.2337080731428410330 ) ) ;
#3386 = DIRECTION ( 'NONE',  ( 1.141265444721583757E-16, 0.000000000000000000, 1.000000000000000000 ) ) ;
#3387 = EDGE_CURVE ( 'NONE', #1352, #49, #4630, .T. ) ;
#3388 = FACE_OUTER_BOUND ( 'NONE', #855, .T. ) ;
#3389 = EDGE_CURVE ( 'NONE', #3439, #1037, #3784, .T. ) ;
#3390 = VERTEX_POINT ( 'NONE', #4161 ) ;
#3391 = ORIENTED_EDGE ( 'NONE', *, *, #2085, .T. ) ;
#3392 = EDGE_LOOP ( 'NONE', ( #234, #2560, #4700, #1241 ) ) ;
#3393 = CARTESIAN_POINT ( 'NONE',  ( 10.07060296712638170, 0.000000000000000000, -0.4041232037028952284 ) ) ;
#3394 = CARTESIAN_POINT ( 'NONE',  ( 15.64120593425276340, 1.000000000000000000, 0.3238172648295121747 ) ) ;
#3395 = VECTOR ( 'NONE', #1706, 1000.000000000000000 ) ;
#3396 = VERTEX_POINT ( 'NONE', #2734 ) ;
#3397 = LINE ( 'NONE', #2089, #2948 ) ;
#3398 = ORIENTED_EDGE ( 'NONE', *, *, #1879, .T. ) ;
#3399 = DIRECTION ( 'NONE',  ( -1.000000000000000000, 0.000000000000000000, 0.000000000000000000 ) ) ;
#3400 = ORIENTED_EDGE ( 'NONE', *, *, #2010, .F. ) ;
#3401 = LINE ( 'NONE', #5688, #4237 ) ;
#3402 = VECTOR ( 'NONE', #1600, 1000.000000000000000 ) ;
#3403 = FACE_OUTER_BOUND ( 'NONE', #4716, .T. ) ;
#3404 = ORIENTED_EDGE ( 'NONE', *, *, #2311, .T. ) ;
#3405 = CARTESIAN_POINT ( 'NONE',  ( -1.500000000000011324, 8.673617379884035472E-16, -5.578147948598759065 ) ) ;
#3406 = LINE ( 'NONE', #3922, #5207 ) ;
#3407 = DIRECTION ( 'NONE',  ( 0.000000000000000000, 0.000000000000000000, 1.000000000000000000 ) ) ;
#3408 = DIRECTION ( 'NONE',  ( 1.000000000000000000, 0.000000000000000000, -6.982962677686266711E-15 ) ) ;
#3409 = ADVANCED_FACE ( 'NONE', ( #2822 ), #4753, .F. ) ;
#3410 = VERTEX_POINT ( 'NONE', #1876 ) ;
#3411 = VERTEX_POINT ( 'NONE', #1817 ) ;
#3412 = CARTESIAN_POINT ( 'NONE',  ( 16.79749103983272107, 1.000000000000000222, -2.240753535442232547 ) ) ;
#3413 = CARTESIAN_POINT ( 'NONE',  ( 5.285301483563189073, 1.000000000000000000, -1.000000000000000000 ) ) ;
#3414 = CARTESIAN_POINT ( 'NONE',  ( 11.35590445068957344, 0.4000000000000000222, 0.1662919268571567410 ) ) ;
#3415 = VECTOR ( 'NONE', #2875, 1000.000000000000000 ) ;
#3416 = DIRECTION ( 'NONE',  ( 1.000000000000000000, -0.000000000000000000, -6.982962677686266711E-15 ) ) ;
#3417 = EDGE_CURVE ( 'NONE', #1203, #2430, #1354, .T. ) ;
#3418 = ORIENTED_EDGE ( 'NONE', *, *, #4934, .F. ) ;
#3419 = ORIENTED_EDGE ( 'NONE', *, *, #1011, .F. ) ;
#3420 = VECTOR ( 'NONE', #4465, 1000.000000000000114 ) ;
#3421 = CARTESIAN_POINT ( 'NONE',  ( 3.769445320145235367, 1.400000000000000133, -5.120335728133785125 ) ) ;
#3422 = ADVANCED_FACE ( 'NONE', ( #2392 ), #3755, .F. ) ;
#3423 = ORIENTED_EDGE ( 'NONE', *, *, #5789, .F. ) ;
#3424 = FACE_OUTER_BOUND ( 'NONE', #2222, .T. ) ;
#3425 = EDGE_CURVE ( 'NONE', #5644, #4086, #3257, .T. ) ;
#3426 = AXIS2_PLACEMENT_3D ( 'NONE', #521, #2361, #6052 ) ;
#3427 = ORIENTED_EDGE ( 'NONE', *, *, #3762, .F. ) ;
#3428 = EDGE_CURVE ( 'NONE', #2526, #2127, #5125, .T. ) ;
#3429 = VECTOR ( 'NONE', #5787, 1000.000000000000000 ) ;
#3430 = FACE_OUTER_BOUND ( 'NONE', #152, .T. ) ;
#3431 = ORIENTED_EDGE ( 'NONE', *, *, #3023, .F. ) ;
#3432 = DIRECTION ( 'NONE',  ( 1.000000000000000000, -0.000000000000000000, -6.982962677686266711E-15 ) ) ;
#3433 = PLANE ( 'NONE',  #3165 ) ;
#3434 = ORIENTED_EDGE ( 'NONE', *, *, #4281, .F. ) ;
#3435 = CARTESIAN_POINT ( 'NONE',  ( 7.538514080888429447, 0.5320888862379536954, -0.9617579545435693822 ) ) ;
#3436 = CARTESIAN_POINT ( 'NONE',  ( 5.315296307791903985, 1.399999999999999911, -5.030233932060881763 ) ) ;
#3437 = CARTESIAN_POINT ( 'NONE',  ( 3.768112459787188229, 1.115317123975225533, -5.586343894839114199 ) ) ;
#3438 = CARTESIAN_POINT ( 'NONE',  ( 12.85591153071067794, 0.000000000000000000, -1.007180904292219514 ) ) ;
#3439 = VERTEX_POINT ( 'NONE', #5618 ) ;
#3440 = ORIENTED_EDGE ( 'NONE', *, *, #3911, .T. ) ;
#3441 = ORIENTED_EDGE ( 'NONE', *, *, #5059, .F. ) ;
#3442 = DIRECTION ( 'NONE',  ( 0.000000000000000000, -0.000000000000000000, -1.000000000000000000 ) ) ;
#3443 = CARTESIAN_POINT ( 'NONE',  ( 10.07060296712638170, 1.000000000000000000, -1.000000000000000000 ) ) ;
#3444 = LINE ( 'NONE', #5339, #5114 ) ;
#3445 = DIRECTION ( 'NONE',  ( 0.000000000000000000, -1.000000000000000000, 0.000000000000000000 ) ) ;
#3446 = EDGE_CURVE ( 'NONE', #5748, #1558, #5097, .T. ) ;
#3447 = DIRECTION ( 'NONE',  ( 0.000000000000000000, -1.000000000000000000, 0.000000000000000000 ) ) ;
#3448 = ORIENTED_EDGE ( 'NONE', *, *, #1482, .F. ) ;
#3449 = VERTEX_POINT ( 'NONE', #4723 ) ;
#3450 = LINE ( 'NONE', #1075, #4908 ) ;
#3451 = VECTOR ( 'NONE', #832, 1000.000000000000000 ) ;
#3452 = VECTOR ( 'NONE', #4863, 1000.000000000000000 ) ;
#3453 = EDGE_CURVE ( 'NONE', #3925, #3411, #29, .T. ) ;
#3454 = VECTOR ( 'NONE', #3216, 1000.000000000000000 ) ;
#3455 = EDGE_CURVE ( 'NONE', #5113, #495, #1416, .T. ) ;
#3456 = VECTOR ( 'NONE', #5888, 1000.000000000000000 ) ;
#3457 = ORIENTED_EDGE ( 'NONE', *, *, #662, .T. ) ;
#3458 = VECTOR ( 'NONE', #3348, 1000.000000000000000 ) ;
#3459 = ORIENTED_EDGE ( 'NONE', *, *, #3869, .F. ) ;
#3460 = CARTESIAN_POINT ( 'NONE',  ( 7.826888072706338129, 0.000000000000000000, -1.000000000000000000 ) ) ;
#3461 = VERTEX_POINT ( 'NONE', #1379 ) ;
#3462 = CARTESIAN_POINT ( 'NONE',  ( 1.499999999999994005, 1.399999999999999911, -4.858578065624948650 ) ) ;
#3463 = VECTOR ( 'NONE', #3799, 1000.000000000000000 ) ;
#3464 = CARTESIAN_POINT ( 'NONE',  ( 15.64120593425277761, 1.399999999999999911, -2.240753535442224553 ) ) ;
#3465 = VERTEX_POINT ( 'NONE', #947 ) ;
#3466 = EDGE_CURVE ( 'NONE', #1431, #4856, #919, .T. ) ;
#3467 = CARTESIAN_POINT ( 'NONE',  ( 17.50000000000000711, 0.4000000000000000222, 0.1662919268571574627 ) ) ;
#3468 = CARTESIAN_POINT ( 'NONE',  ( 11.35590445068957166, 1.499358225474672235, 2.799999999999999822 ) ) ;
#3469 = PLANE ( 'NONE',  #2565 ) ;
#3470 = ORIENTED_EDGE ( 'NONE', *, *, #4009, .F. ) ;
#3471 = ORIENTED_EDGE ( 'NONE', *, *, #95, .T. ) ;
#3472 = CARTESIAN_POINT ( 'NONE',  ( -1.499999999999992228, 0.000000000000000000, -2.836630331739329769 ) ) ;
#3473 = LINE ( 'NONE', #5371, #3158 ) ;
#3474 = DIRECTION ( 'NONE',  ( -1.000000000000000000, -0.000000000000000000, 1.141265444721583757E-16 ) ) ;
#3475 = CARTESIAN_POINT ( 'NONE',  ( 9.600597791354960719, 1.399999999999999911, -5.030233932062366797 ) ) ;
#3476 = FACE_OUTER_BOUND ( 'NONE', #3835, .T. ) ;
#3477 = VERTEX_POINT ( 'NONE', #1103 ) ;
#3478 = LINE ( 'NONE', #1603, #274 ) ;
#3479 = CARTESIAN_POINT ( 'NONE',  ( 0.7468596454174303290, 0.4000000000000000222, -3.000000000000000000 ) ) ;
#3480 = EDGE_CURVE ( 'NONE', #1063, #5780, #4339, .T. ) ;
#3481 = VERTEX_POINT ( 'NONE', #3385 ) ;
#3482 = DIRECTION ( 'NONE',  ( -7.335912872304331086E-17, -0.7660444431189772363, -0.6427876096865402511 ) ) ;
#3483 = ORIENTED_EDGE ( 'NONE', *, *, #776, .F. ) ;
#3484 = CARTESIAN_POINT ( 'NONE',  ( -0.5158561634179551492, 1.400000000000000133, -5.120335728133784237 ) ) ;
#3485 = EDGE_CURVE ( 'NONE', #5252, #5732, #4875, .T. ) ;
#3486 = CARTESIAN_POINT ( 'NONE',  ( 12.34004828727162106, 1.400000000000000133, -5.120335728133784237 ) ) ;
#3487 = VERTEX_POINT ( 'NONE', #2541 ) ;
#3488 = CARTESIAN_POINT ( 'NONE',  ( 11.35590445068956633, 1.191276127410975105, -5.242417899579847607 ) ) ;
#3489 = EDGE_CURVE ( 'NONE', #1918, #4783, #1469, .T. ) ;
#3490 = VECTOR ( 'NONE', #5587, 1000.000000000000000 ) ;
#3491 = LINE ( 'NONE', #4578, #3614 ) ;
#3492 = EDGE_CURVE ( 'NONE', #688, #1473, #5739, .T. ) ;
#3493 = CARTESIAN_POINT ( 'NONE',  ( 18.64120593425277761, 0.000000000000000000, -2.240753535442245425 ) ) ;
#3494 = LINE ( 'NONE', #5947, #4350 ) ;
#3495 = VERTEX_POINT ( 'NONE', #5372 ) ;
#3496 = EDGE_LOOP ( 'NONE', ( #1458, #4582, #4414, #545 ) ) ;
#3497 = CARTESIAN_POINT ( 'NONE',  ( 16.14120593425276695, 1.000000000000000000, -1.000000000000000000 ) ) ;
#3498 = CARTESIAN_POINT ( 'NONE',  ( 17.39609978996381656, 1.399999999999999689, -5.120689233910754368 ) ) ;
#3499 = EDGE_CURVE ( 'NONE', #2872, #1176, #3004, .T. ) ;
#3500 = PLANE ( 'NONE',  #278 ) ;
#3501 = VERTEX_POINT ( 'NONE', #3930 ) ;
#3502 = CARTESIAN_POINT ( 'NONE',  ( 18.14120593425277761, 0.000000000000000000, -2.240753535442241873 ) ) ;
#3503 = CARTESIAN_POINT ( 'NONE',  ( 15.64120593425275629, 1.399999999999999911, -4.858572962426980446 ) ) ;
#3504 = DIRECTION ( 'NONE',  ( 1.445602896647339163E-16, 0.000000000000000000, -1.000000000000000000 ) ) ;
#3505 = ORIENTED_EDGE ( 'NONE', *, *, #4670, .T. ) ;
#3506 = ORIENTED_EDGE ( 'NONE', *, *, #3226, .T. ) ;
#3507 = DIRECTION ( 'NONE',  ( 0.000000000000000000, 0.000000000000000000, -1.000000000000000000 ) ) ;
#3508 = ORIENTED_EDGE ( 'NONE', *, *, #287, .T. ) ;
#3509 = DIRECTION ( 'NONE',  ( -0.000000000000000000, -1.000000000000000000, 0.000000000000000000 ) ) ;
#3510 = FACE_BOUND ( 'NONE', #1082, .T. ) ;
#3511 =( BOUNDED_CURVE ( )  B_SPLINE_CURVE ( 3, ( #2566, #5945, #3618, #3026 ),
 .UNSPECIFIED., .F., .F. ) 
 B_SPLINE_CURVE_WITH_KNOTS ( ( 4, 4 ),
 ( 0.8726646259971632125, 1.198269360942234352 ),
 .UNSPECIFIED. ) 
 CURVE ( )  GEOMETRIC_REPRESENTATION_ITEM ( )  RATIONAL_B_SPLINE_CURVE ( ( 1.000000000000000000, 0.9911846262163772625, 0.9911846262163772625, 1.000000000000000000 ) ) 
 REPRESENTATION_ITEM ( '' )  );
#3512 = VECTOR ( 'NONE', #1713, 1000.000000000000000 ) ;
#3513 = ORIENTED_EDGE ( 'NONE', *, *, #693, .F. ) ;
#3514 = EDGE_CURVE ( 'NONE', #4698, #1177, #3811, .T. ) ;
#3515 = ORIENTED_EDGE ( 'NONE', *, *, #3446, .F. ) ;
#3516 = ORIENTED_EDGE ( 'NONE', *, *, #3289, .T. ) ;
#3517 = DIRECTION ( 'NONE',  ( 0.000000000000000000, 0.000000000000000000, 1.000000000000000000 ) ) ;
#3518 = ORIENTED_EDGE ( 'NONE', *, *, #5963, .T. ) ;
#3519 = CARTESIAN_POINT ( 'NONE',  ( 1.500000000000011990, 1.000000000000000000, -2.240753535442245425 ) ) ;
#3520 = VECTOR ( 'NONE', #3138, 1000.000000000000000 ) ;
#3521 = FACE_OUTER_BOUND ( 'NONE', #1763, .T. ) ;
#3522 = ORIENTED_EDGE ( 'NONE', *, *, #1273, .F. ) ;
#3523 = VECTOR ( 'NONE', #939, 1000.000000000000000 ) ;
#3524 = ADVANCED_FACE ( 'NONE', ( #1530 ), #1596, .F. ) ;
#3525 = CARTESIAN_POINT ( 'NONE',  ( 14.35590445068957521, 2.000000000000000000, 2.799999999999999822 ) ) ;
#3526 = CARTESIAN_POINT ( 'NONE',  ( 7.070602967126385252, 1.000000000000000000, -3.407045462299396643 ) ) ;
#3527 = LINE ( 'NONE', #5425, #4040 ) ;
#3528 = LINE ( 'NONE', #233, #2767 ) ;
#3529 = ORIENTED_EDGE ( 'NONE', *, *, #5578, .F. ) ;
#3530 = EDGE_CURVE ( 'NONE', #2869, #469, #612, .T. ) ;
#3531 = ADVANCED_FACE ( 'NONE', ( #4307 ), #2513, .F. ) ;
#3532 = ORIENTED_EDGE ( 'NONE', *, *, #5119, .T. ) ;
#3533 = LINE ( 'NONE', #4558, #1882 ) ;
#3534 = CARTESIAN_POINT ( 'NONE',  ( 14.35590445068957344, 0.8628211600346445964, -0.4041232037028950064 ) ) ;
#3535 = DIRECTION ( 'NONE',  ( 0.000000000000000000, 1.000000000000000000, 0.000000000000000000 ) ) ;
#3536 = DIRECTION ( 'NONE',  ( 1.000000000000000000, -0.000000000000000000, 0.000000000000000000 ) ) ;
#3537 = DIRECTION ( 'NONE',  ( -0.6427876096865355882, -0.000000000000000000, 0.7660444431189811221 ) ) ;
#3538 = PLANE ( 'NONE',  #6068 ) ;
#3539 = ORIENTED_EDGE ( 'NONE', *, *, #2916, .T. ) ;
#3540 = PLANE ( 'NONE',  #1381 ) ;
#3541 = DIRECTION ( 'NONE',  ( 0.000000000000000000, 2.710505431213761085E-15, -1.000000000000000000 ) ) ;
#3542 = FACE_BOUND ( 'NONE', #3948, .T. ) ;
#3543 = LINE ( 'NONE', #3083, #1820 ) ;
#3544 = VECTOR ( 'NONE', #2658, 1000.000000000000000 ) ;
#3545 = ORIENTED_EDGE ( 'NONE', *, *, #2419, .T. ) ;
#3546 = ORIENTED_EDGE ( 'NONE', *, *, #3072, .T. ) ;
#3547 = CARTESIAN_POINT ( 'NONE',  ( 13.36001433453089149, 1.108515853782455984, -5.506187988402309941 ) ) ;
#3548 = CARTESIAN_POINT ( 'NONE',  ( 15.64120593425277050, 0.4000000000000000222, -3.007045462299397620 ) ) ;
#3549 = DIRECTION ( 'NONE',  ( 0.000000000000000000, 0.000000000000000000, 1.000000000000000000 ) ) ;
#3550 = ORIENTED_EDGE ( 'NONE', *, *, #2986, .F. ) ;
#3551 = VECTOR ( 'NONE', #4971, 1000.000000000000000 ) ;
#3552 = AXIS2_PLACEMENT_3D ( 'NONE', #3705, #1367, #13 ) ;
#3553 = VECTOR ( 'NONE', #1689, 1000.000000000000000 ) ;
#3554 = CARTESIAN_POINT ( 'NONE',  ( -0.9999999999999859002, 1.000000000000000000, -2.240753535442228106 ) ) ;
#3555 = AXIS2_PLACEMENT_3D ( 'NONE', #3746, #2270, #1902 ) ;
#3556 = DIRECTION ( 'NONE',  ( 5.626621160408424545E-15, -0.5735764363510473807, 0.8191520442889909104 ) ) ;
#3557 = LINE ( 'NONE', #3124, #5626 ) ;
#3558 = CARTESIAN_POINT ( 'NONE',  ( 5.785301483563190850, 1.000000000000000000, -4.040753535442245692 ) ) ;
#3559 = ORIENTED_EDGE ( 'NONE', *, *, #5443, .F. ) ;
#3560 = EDGE_CURVE ( 'NONE', #158, #594, #4901, .T. ) ;
#3561 = VECTOR ( 'NONE', #1221, 1000.000000000000000 ) ;
#3562 = ORIENTED_EDGE ( 'NONE', *, *, #3047, .F. ) ;
#3563 = PLANE ( 'NONE',  #3355 ) ;
#3564 = DIRECTION ( 'NONE',  ( 0.000000000000000000, 1.000000000000000000, 0.000000000000000000 ) ) ;
#3565 = DIRECTION ( 'NONE',  ( -1.141265444721583757E-16, 0.000000000000000000, -1.000000000000000000 ) ) ;
#3566 = VERTEX_POINT ( 'NONE', #5248 ) ;
#3567 = FACE_OUTER_BOUND ( 'NONE', #1733, .T. ) ;
#3568 = EDGE_CURVE ( 'NONE', #661, #2253, #2884, .T. ) ;
#3569 = CARTESIAN_POINT ( 'NONE',  ( 15.64120593425275274, 1.267942713657679965, -5.186244395641643301 ) ) ;
#3570 = AXIS2_PLACEMENT_3D ( 'NONE', #4632, #890, #6053 ) ;
#3571 = DIRECTION ( 'NONE',  ( -1.355252715606880543E-16, -1.000000000000000000, -0.000000000000000000 ) ) ;
#3572 = ORIENTED_EDGE ( 'NONE', *, *, #4483, .F. ) ;
#3573 = ORIENTED_EDGE ( 'NONE', *, *, #2472, .T. ) ;
#3574 = CARTESIAN_POINT ( 'NONE',  ( 10.07060296712638170, 0.000000000000000000, 0.1662919268571582954 ) ) ;
#3575 = LINE ( 'NONE', #4569, #862 ) ;
#3576 = CARTESIAN_POINT ( 'NONE',  ( 17.50000000000000711, 0.000000000000000000, 0.1662919268571574627 ) ) ;
#3577 = EDGE_CURVE ( 'NONE', #296, #2445, #1997, .T. ) ;
#3578 = EDGE_CURVE ( 'NONE', #2266, #3677, #4372, .T. ) ;
#3579 = DIRECTION ( 'NONE',  ( -4.005262847839656493E-15, -0.8191520442889909104, -0.5735764363510473807 ) ) ;
#3580 = ORIENTED_EDGE ( 'NONE', *, *, #4163, .T. ) ;
#3581 = ORIENTED_EDGE ( 'NONE', *, *, #628, .T. ) ;
#3582 = CARTESIAN_POINT ( 'NONE',  ( 13.20276409610700519, 0.4000000000000000222, -2.240753535442239208 ) ) ;
#3583 = EDGE_CURVE ( 'NONE', #1602, #5367, #1936, .T. ) ;
#3584 = PLANE ( 'NONE',  #2368 ) ;
#3585 = DIRECTION ( 'NONE',  ( -1.000000000000000000, 0.000000000000000000, 0.000000000000000000 ) ) ;
#3586 = VERTEX_POINT ( 'NONE', #2454 ) ;
#3587 = CARTESIAN_POINT ( 'NONE',  ( 13.85590445068958410, 1.000000000000000000, -2.240753535442241873 ) ) ;
#3588 = CARTESIAN_POINT ( 'NONE',  ( 3.223862501942158953, 0.5614389816210439976, -2.313973662514438256 ) ) ;
#3589 = CARTESIAN_POINT ( 'NONE',  ( 16.79749103983272107, 0.000000000000000000, -3.000000000000000000 ) ) ;
#3590 = FACE_OUTER_BOUND ( 'NONE', #4744, .T. ) ;
#3591 = ORIENTED_EDGE ( 'NONE', *, *, #2146, .F. ) ;
#3592 = CARTESIAN_POINT ( 'NONE',  ( -1.500000000000000444, 0.5351768109448618027, 2.449066664678465788 ) ) ;
#3593 = DIRECTION ( 'NONE',  ( -1.000000000000000000, 0.000000000000000000, 0.000000000000000000 ) ) ;
#3594 = ADVANCED_FACE ( 'NONE', ( #1040 ), #2911, .T. ) ;
#3595 = CARTESIAN_POINT ( 'NONE',  ( 16.04232056645441062, 1.399999999999605338, -5.329232319203633494 ) ) ;
#3596 = CARTESIAN_POINT ( 'NONE',  ( 15.64120593425276340, 1.000000000000000000, -4.040753535442224376 ) ) ;
#3597 = PLANE ( 'NONE',  #2141 ) ;
#3598 = LINE ( 'NONE', #339, #2604 ) ;
#3599 = VERTEX_POINT ( 'NONE', #2020 ) ;
#3600 = FACE_OUTER_BOUND ( 'NONE', #5375, .T. ) ;
#3601 = CARTESIAN_POINT ( 'NONE',  ( 3.541586589143146835, 1.000000000000000000, -2.240753535442229882 ) ) ;
#3602 = DIRECTION ( 'NONE',  ( 7.097089222158425653E-15, -0.000000000000000000, 1.000000000000000000 ) ) ;
#3603 = EDGE_CURVE ( 'NONE', #3779, #443, #3899, .T. ) ;
#3604 = CARTESIAN_POINT ( 'NONE',  ( -1.500000000000000444, 0.000000000000000000, 1.999999999999997335 ) ) ;
#3605 = EDGE_CURVE ( 'NONE', #1161, #1864, #3444, .T. ) ;
#3606 = ORIENTED_EDGE ( 'NONE', *, *, #2023, .F. ) ;
#3607 = VERTEX_POINT ( 'NONE', #4492 ) ;
#3608 = DIRECTION ( 'NONE',  ( 0.000000000000000000, -1.000000000000000000, -0.000000000000000000 ) ) ;
#3609 = VERTEX_POINT ( 'NONE', #1750 ) ;
#3610 = CARTESIAN_POINT ( 'NONE',  ( 11.35590445068958054, 1.000000000000000000, -2.836630331739329769 ) ) ;
#3611 = EDGE_CURVE ( 'NONE', #3317, #4695, #5984, .T. ) ;
#3612 = CARTESIAN_POINT ( 'NONE',  ( 1.500000000000000444, 2.000000000000000000, 2.799999999999999822 ) ) ;
#3613 = ORIENTED_EDGE ( 'NONE', *, *, #4598, .F. ) ;
#3614 = VECTOR ( 'NONE', #4485, 1000.000000000000000 ) ;
#3615 = ADVANCED_FACE ( 'NONE', ( #5400 ), #5887, .F. ) ;
#3616 = DIRECTION ( 'NONE',  ( 0.000000000000000000, -1.000000000000000000, 0.000000000000000000 ) ) ;
#3617 = VECTOR ( 'NONE', #797, 1000.000000000000000 ) ;
#3618 = CARTESIAN_POINT ( 'NONE',  ( 5.614897624055232406, 0.7834631812238955773, -0.6072026154634229123 ) ) ;
#3619 = LINE ( 'NONE', #5633, #6025 ) ;
#3620 = DIRECTION ( 'NONE',  ( -1.000000000000000000, 0.000000000000000000, 0.000000000000000000 ) ) ;
#3621 = EDGE_LOOP ( 'NONE', ( #5350, #586, #5506, #1466 ) ) ;
#3622 = VECTOR ( 'NONE', #5706, 1000.000000000000000 ) ;
#3623 = CARTESIAN_POINT ( 'NONE',  ( 10.07060296712638348, 0.000000000000000000, 1.999999999999997335 ) ) ;
#3624 = CARTESIAN_POINT ( 'NONE',  ( 11.35590445068958054, 1.000000000000000000, -2.836630331739329769 ) ) ;
#3625 = DIRECTION ( 'NONE',  ( -0.000000000000000000, -1.000000000000000000, 0.000000000000000000 ) ) ;
#3626 = FACE_OUTER_BOUND ( 'NONE', #3998, .T. ) ;
#3627 = CARTESIAN_POINT ( 'NONE',  ( 15.64120593425275274, 1.399999999999999467, -4.949661896593934074 ) ) ;
#3628 = DIRECTION ( 'NONE',  ( 1.141265444721583757E-16, 0.000000000000000000, 1.000000000000000000 ) ) ;
#3629 = ORIENTED_EDGE ( 'NONE', *, *, #2706, .F. ) ;
#3630 = VERTEX_POINT ( 'NONE', #766 ) ;
#3631 = CARTESIAN_POINT ( 'NONE',  ( 16.14120593425277761, 1.000000000000000000, -2.240753535442228106 ) ) ;
#3632 = CARTESIAN_POINT ( 'NONE',  ( 7.070602967126373706, 1.103464568314089123, -5.267165293036052631 ) ) ;
#3633 = LINE ( 'NONE', #1295, #4666 ) ;
#3634 = EDGE_CURVE ( 'NONE', #1672, #1864, #5919, .T. ) ;
#3635 = LINE ( 'NONE', #1210, #248 ) ;
#3636 = ORIENTED_EDGE ( 'NONE', *, *, #2043, .T. ) ;
#3637 = VERTEX_POINT ( 'NONE', #203 ) ;
#3638 = CARTESIAN_POINT ( 'NONE',  ( 1.500000000000000000, 1.000000000000000000, -1.000000000000000000 ) ) ;
#3639 = EDGE_LOOP ( 'NONE', ( #4835, #2806, #83, #4076 ) ) ;
#3640 = DIRECTION ( 'NONE',  ( 1.000000000000000000, 0.000000000000000000, -6.982962677686266711E-15 ) ) ;
#3641 = EDGE_CURVE ( 'NONE', #4902, #4797, #4717, .T. ) ;
#3642 = DIRECTION ( 'NONE',  ( -1.141265444721583757E-16, 0.000000000000000000, -1.000000000000000000 ) ) ;
#3643 = EDGE_LOOP ( 'NONE', ( #2330, #4955, #321, #1182 ) ) ;
#3644 = EDGE_CURVE ( 'NONE', #2439, #2333, #5491, .T. ) ;
#3645 = LINE ( 'NONE', #844, #2329 ) ;
#3646 = DIRECTION ( 'NONE',  ( -1.000000000000000000, 0.000000000000000000, 0.000000000000000000 ) ) ;
#3647 = AXIS2_PLACEMENT_3D ( 'NONE', #5069, #4127, #5895 ) ;
#3648 = VECTOR ( 'NONE', #5574, 1000.000000000000000 ) ;
#3649 = CARTESIAN_POINT ( 'NONE',  ( 9.584501294167329988, 1.106833788838468502, -5.425737714157053304 ) ) ;
#3650 = ORIENTED_EDGE ( 'NONE', *, *, #714, .F. ) ;
#3651 = EDGE_CURVE ( 'NONE', #5906, #1606, #5025, .T. ) ;
#3652 = VECTOR ( 'NONE', #3374, 1000.000000000000000 ) ;
#3653 = AXIS2_PLACEMENT_3D ( 'NONE', #1595, #1962, #3840 ) ;
#3654 = AXIS2_PLACEMENT_3D ( 'NONE', #5699, #5300, #660 ) ;
#3655 = DIRECTION ( 'NONE',  ( -1.000000000000000000, -0.000000000000000000, -0.000000000000000000 ) ) ;
#3656 = CARTESIAN_POINT ( 'NONE',  ( 11.35590445068957344, -3.801236636382513983E-31, -0.2337080731428420322 ) ) ;
#3657 = LINE ( 'NONE', #4154, #1450 ) ;
#3658 = CARTESIAN_POINT ( 'NONE',  ( 1.500000000000007772, 0.000000000000000000, -2.836630331739350641 ) ) ;
#3659 = VECTOR ( 'NONE', #4056, 1000.000000000000000 ) ;
#3660 = ORIENTED_EDGE ( 'NONE', *, *, #1348, .T. ) ;
#3661 = LINE ( 'NONE', #798, #3692 ) ;
#3662 = VERTEX_POINT ( 'NONE', #2575 ) ;
#3663 = DIRECTION ( 'NONE',  ( 1.000000000000000000, -0.000000000000000000, -1.141265444721583757E-16 ) ) ;
#3664 = CARTESIAN_POINT ( 'NONE',  ( 11.35590445068958054, 0.000000000000000000, -2.836630331739329769 ) ) ;
#3665 = DIRECTION ( 'NONE',  ( 0.000000000000000000, 0.000000000000000000, -1.000000000000000000 ) ) ;
#3666 = DIRECTION ( 'NONE',  ( -0.000000000000000000, -1.000000000000000000, 0.000000000000000000 ) ) ;
#3667 = PLANE ( 'NONE',  #1547 ) ;
#3668 = ADVANCED_FACE ( 'NONE', ( #5953 ), #3500, .F. ) ;
#3669 = VECTOR ( 'NONE', #5379, 1000.000000000000000 ) ;
#3670 = DIRECTION ( 'NONE',  ( 1.000000000000000000, -0.000000000000000000, 1.141265444721583757E-16 ) ) ;
#3671 = CARTESIAN_POINT ( 'NONE',  ( 7.070602967126381699, 1.499358225474672235, 1.300000000000000044 ) ) ;
#3672 = ORIENTED_EDGE ( 'NONE', *, *, #3634, .T. ) ;
#3673 = ORIENTED_EDGE ( 'NONE', *, *, #4325, .F. ) ;
#3674 = ORIENTED_EDGE ( 'NONE', *, *, #2463, .T. ) ;
#3675 = DIRECTION ( 'NONE',  ( -1.000000000000000000, 0.000000000000000000, 1.141265444721583757E-16 ) ) ;
#3676 = DIRECTION ( 'NONE',  ( -1.141265444721583757E-16, 0.000000000000000000, 1.000000000000000000 ) ) ;
#3677 = VERTEX_POINT ( 'NONE', #1282 ) ;
#3678 = DIRECTION ( 'NONE',  ( 0.000000000000000000, 0.000000000000000000, 1.000000000000000000 ) ) ;
#3679 = CARTESIAN_POINT ( 'NONE',  ( 15.81160979376072717, 0.7834631812238952442, -0.6072026154634236894 ) ) ;
#3680 = EDGE_CURVE ( 'NONE', #739, #907, #1658, .T. ) ;
#3681 = DIRECTION ( 'NONE',  ( 1.000000000000000000, -0.000000000000000000, -0.000000000000000000 ) ) ;
#3682 = CARTESIAN_POINT ( 'NONE',  ( 9.317462612543812028, 0.000000000000000000, -3.000000000000000000 ) ) ;
#3683 = LINE ( 'NONE', #1837, #772 ) ;
#3684 = CARTESIAN_POINT ( 'NONE',  ( 18.31344453798659799, 0.6722386037338313747, -0.7947340252167933716 ) ) ;
#3685 = VECTOR ( 'NONE', #1385, 1000.000000000000000 ) ;
#3686 = ORIENTED_EDGE ( 'NONE', *, *, #5520, .F. ) ;
#3687 = EDGE_CURVE ( 'NONE', #5163, #1717, #1691, .T. ) ;
#3688 = CARTESIAN_POINT ( 'NONE',  ( 13.41118078452080731, 1.400000000000169997, -5.423430774507966845 ) ) ;
#3689 = ORIENTED_EDGE ( 'NONE', *, *, #3063, .F. ) ;
#3690 = LINE ( 'NONE', #1935, #1682 ) ;
#3691 = FACE_OUTER_BOUND ( 'NONE', #3751, .T. ) ;
#3692 = VECTOR ( 'NONE', #367, 1000.000000000000000 ) ;
#3693 = CARTESIAN_POINT ( 'NONE',  ( 8.570602967126381699, 0.000000000000000000, 1.999999999999998224 ) ) ;
#3694 = DIRECTION ( 'NONE',  ( 0.000000000000000000, -1.000000000000000000, 0.000000000000000000 ) ) ;
#3695 = EDGE_LOOP ( 'NONE', ( #3689, #4402, #4080, #674 ) ) ;
#3696 = CARTESIAN_POINT ( 'NONE',  ( 7.538514080888429447, 0.5320888862379536954, -0.9617579545435693822 ) ) ;
#3697 = LINE ( 'NONE', #3234, #3759 ) ;
#3698 = ORIENTED_EDGE ( 'NONE', *, *, #4932, .T. ) ;
#3699 = EDGE_CURVE ( 'NONE', #1290, #5262, #4931, .T. ) ;
#3700 = ORIENTED_EDGE ( 'NONE', *, *, #3339, .T. ) ;
#3701 = ORIENTED_EDGE ( 'NONE', *, *, #4821, .T. ) ;
#3702 = CARTESIAN_POINT ( 'NONE',  ( 2.785301483563181524, 1.267942713657680631, -5.186244395641643301 ) ) ;
#3703 = DIRECTION ( 'NONE',  ( -0.000000000000000000, -1.000000000000000000, 0.000000000000000000 ) ) ;
#3704 = ORIENTED_EDGE ( 'NONE', *, *, #1034, .F. ) ;
#3705 = CARTESIAN_POINT ( 'NONE',  ( 7.070602967126381699, 0.9534028740753675013, 2.799999999999999822 ) ) ;
#3706 = ORIENTED_EDGE ( 'NONE', *, *, #2016, .F. ) ;
#3707 = VECTOR ( 'NONE', #5356, 1000.000000000000000 ) ;
#3708 = LINE ( 'NONE', #876, #316 ) ;
#3709 = ORIENTED_EDGE ( 'NONE', *, *, #4621, .T. ) ;
#3710 = EDGE_CURVE ( 'NONE', #1388, #5226, #300, .T. ) ;
#3711 = VECTOR ( 'NONE', #713, 1000.000000000000000 ) ;
#3712 = DIRECTION ( 'NONE',  ( -1.000000000000000000, 0.000000000000000000, 0.000000000000000000 ) ) ;
#3713 = LINE ( 'NONE', #4209, #804 ) ;
#3714 = DIRECTION ( 'NONE',  ( -1.355252715606880543E-16, -1.000000000000000000, -0.000000000000000000 ) ) ;
#3715 = DIRECTION ( 'NONE',  ( 1.000000000000000000, 0.000000000000000000, 0.000000000000000000 ) ) ;
#3716 = EDGE_CURVE ( 'NONE', #1652, #3411, #4462, .T. ) ;
#3717 = VECTOR ( 'NONE', #4219, 1000.000000000000000 ) ;
#3718 = EDGE_CURVE ( 'NONE', #4914, #495, #80, .T. ) ;
#3719 = EDGE_CURVE ( 'NONE', #917, #354, #3069, .T. ) ;
#3720 = ORIENTED_EDGE ( 'NONE', *, *, #3980, .F. ) ;
#3721 = CARTESIAN_POINT ( 'NONE',  ( 11.74009637244224180, 1.106494308963042572, -5.409375844366725694 ) ) ;
#3722 = VERTEX_POINT ( 'NONE', #5462 ) ;
#3723 = AXIS2_PLACEMENT_3D ( 'NONE', #603, #3892, #1523 ) ;
#3724 = LINE ( 'NONE', #5647, #5440 ) ;
#3725 = CARTESIAN_POINT ( 'NONE',  ( 14.35590445068958587, 1.399999999999999911, -2.240753535442245425 ) ) ;
#3726 = LINE ( 'NONE', #2736, #4461 ) ;
#3727 = ADVANCED_FACE ( 'NONE', ( #1227 ), #4150, .T. ) ;
#3728 = ORIENTED_EDGE ( 'NONE', *, *, #1793, .T. ) ;
#3729 = ORIENTED_EDGE ( 'NONE', *, *, #3417, .T. ) ;
#3730 = DIRECTION ( 'NONE',  ( -0.5407162030609422576, 0.5407162030609375947, -0.6444004775717664391 ) ) ;
#3731 = DIRECTION ( 'NONE',  ( 1.000000000000000000, 0.000000000000000000, -0.000000000000000000 ) ) ;
#3732 = ORIENTED_EDGE ( 'NONE', *, *, #399, .T. ) ;
#3733 = EDGE_LOOP ( 'NONE', ( #1886, #1049, #3957, #5325 ) ) ;
#3734 = FACE_OUTER_BOUND ( 'NONE', #1525, .T. ) ;
#3735 = PLANE ( 'NONE',  #2429 ) ;
#3736 = ORIENTED_EDGE ( 'NONE', *, *, #523, .F. ) ;
#3737 = DIRECTION ( 'NONE',  ( -1.141265444721583757E-16, 0.000000000000000000, 1.000000000000000000 ) ) ;
#3738 = EDGE_LOOP ( 'NONE', ( #618, #4176, #5671, #5988 ) ) ;
#3739 = LINE ( 'NONE', #932, #2181 ) ;
#3740 = ORIENTED_EDGE ( 'NONE', *, *, #4137, .T. ) ;
#3741 = CARTESIAN_POINT ( 'NONE',  ( 15.64120593425276340, 0.000000000000000000, -1.000000000000000000 ) ) ;
#3742 = VECTOR ( 'NONE', #4431, 1000.000000000000000 ) ;
#3743 = VECTOR ( 'NONE', #3369, 1000.000000000000000 ) ;
#3744 = DIRECTION ( 'NONE',  ( 0.000000000000000000, -1.000000000000000000, 0.000000000000000000 ) ) ;
#3745 = DIRECTION ( 'NONE',  ( 6.868836133214108557E-15, 0.000000000000000000, 1.000000000000000000 ) ) ;
#3746 = CARTESIAN_POINT ( 'NONE',  ( 18.64120593425276695, 1.499358225474672235, 1.300000000000000044 ) ) ;
#3747 = ADVANCED_FACE ( 'NONE', ( #4656 ), #4683, .F. ) ;
#3748 = VECTOR ( 'NONE', #5489, 1000.000000000000000 ) ;
#3749 = AXIS2_PLACEMENT_3D ( 'NONE', #4900, #1529, #120 ) ;
#3750 = VECTOR ( 'NONE', #2535, 1000.000000000000114 ) ;
#3751 = EDGE_LOOP ( 'NONE', ( #4272, #245, #5165, #6088 ) ) ;
#3752 = CARTESIAN_POINT ( 'NONE',  ( 15.64120593425276340, 0.5351768109448618027, 2.449066664678465788 ) ) ;
#3753 = ORIENTED_EDGE ( 'NONE', *, *, #6003, .F. ) ;
#3754 = DIRECTION ( 'NONE',  ( -0.000000000000000000, -0.000000000000000000, 1.000000000000000000 ) ) ;
#3755 = PLANE ( 'NONE',  #6091 ) ;
#3756 = EDGE_CURVE ( 'NONE', #5313, #5262, #4239, .T. ) ;
#3757 = VECTOR ( 'NONE', #2008, 1000.000000000000000 ) ;
#3758 = DIRECTION ( 'NONE',  ( 0.000000000000000000, 1.000000000000000000, 0.000000000000000000 ) ) ;
#3759 = VECTOR ( 'NONE', #5131, 1000.000000000000000 ) ;
#3760 = DIRECTION ( 'NONE',  ( -1.000000000000000000, -0.000000000000000000, -0.000000000000000000 ) ) ;
#3761 = VERTEX_POINT ( 'NONE', #427 ) ;
#3762 = EDGE_CURVE ( 'NONE', #4698, #2121, #5642, .T. ) ;
#3763 = DIRECTION ( 'NONE',  ( -0.000000000000000000, -0.000000000000000000, 1.000000000000000000 ) ) ;
#3764 = FACE_OUTER_BOUND ( 'NONE', #3142, .T. ) ;
#3765 = EDGE_CURVE ( 'NONE', #2345, #2078, #2725, .T. ) ;
#3766 = ORIENTED_EDGE ( 'NONE', *, *, #3030, .T. ) ;
#3767 = EDGE_LOOP ( 'NONE', ( #2378, #1687, #2322, #1137 ) ) ;
#3768 = VECTOR ( 'NONE', #5412, 1000.000000000000000 ) ;
#3769 = ADVANCED_FACE ( 'NONE', ( #4622 ), #1372, .F. ) ;
#3770 = CARTESIAN_POINT ( 'NONE',  ( -0.5198128918621991446, 1.400000000000000355, -5.120565198620423253 ) ) ;
#3771 = CARTESIAN_POINT ( 'NONE',  ( 13.20276409610700519, 0.000000000000000000, -2.240753535442237432 ) ) ;
#3772 = ORIENTED_EDGE ( 'NONE', *, *, #3038, .T. ) ;
#3773 = LINE ( 'NONE', #1025, #2363 ) ;
#3774 = FACE_OUTER_BOUND ( 'NONE', #5301, .T. ) ;
#3775 = ORIENTED_EDGE ( 'NONE', *, *, #3489, .F. ) ;
#3776 = DIRECTION ( 'NONE',  ( 0.5407162030609332648, 0.5407162030609377057, -0.6444004775717739886 ) ) ;
#3777 = PLANE ( 'NONE',  #313 ) ;
#3778 = DIRECTION ( 'NONE',  ( 0.000000000000000000, 0.000000000000000000, -1.000000000000000000 ) ) ;
#3779 = VERTEX_POINT ( 'NONE', #482 ) ;
#3780 = VERTEX_POINT ( 'NONE', #5213 ) ;
#3781 = EDGE_CURVE ( 'NONE', #5021, #4636, #363, .T. ) ;
#3782 = DIRECTION ( 'NONE',  ( 0.000000000000000000, 1.000000000000000000, 0.000000000000000000 ) ) ;
#3783 = CARTESIAN_POINT ( 'NONE',  ( 10.07060296712638170, 0.000000000000000000, -0.2337080731428418934 ) ) ;
#3784 = LINE ( 'NONE', #6111, #3717 ) ;
#3785 =( BOUNDED_CURVE ( )  B_SPLINE_CURVE ( 3, ( #2236, #791, #4588, #3534 ),
 .UNSPECIFIED., .F., .F. ) 
 B_SPLINE_CURVE_WITH_KNOTS ( ( 4, 4 ),
 ( 0.8726646259971631014, 1.198269360942234352 ),
 .UNSPECIFIED. ) 
 CURVE ( )  GEOMETRIC_REPRESENTATION_ITEM ( )  RATIONAL_B_SPLINE_CURVE ( ( 1.000000000000000000, 0.9911846262163772625, 0.9911846262163772625, 1.000000000000000000 ) ) 
 REPRESENTATION_ITEM ( '' )  );
#3786 = VECTOR ( 'NONE', #5533, 1000.000000000000000 ) ;
#3787 = CARTESIAN_POINT ( 'NONE',  ( 13.60276409610700377, 0.4000000000000000222, -3.000000000000000000 ) ) ;
#3788 = VECTOR ( 'NONE', #3104, 1000.000000000000114 ) ;
#3789 = EDGE_LOOP ( 'NONE', ( #1917, #5195, #3441, #2389 ) ) ;
#3790 = CARTESIAN_POINT ( 'NONE',  ( 18.64120593425275629, 8.673617379884035472E-16, -5.578152595329383345 ) ) ;
#3791 = PLANE ( 'NONE',  #323 ) ;
#3792 = EDGE_CURVE ( 'NONE', #5169, #2121, #2353, .T. ) ;
#3793 = ORIENTED_EDGE ( 'NONE', *, *, #891, .F. ) ;
#3794 = CARTESIAN_POINT ( 'NONE',  ( 11.35590445068958587, 1.000000000000000000, -2.240753535442224553 ) ) ;
#3795 = LINE ( 'NONE', #2406, #3807 ) ;
#3796 = ORIENTED_EDGE ( 'NONE', *, *, #4685, .T. ) ;
#3797 = CARTESIAN_POINT ( 'NONE',  ( 0.000000000000000000, 0.000000000000000000, 1.999999999999998224 ) ) ;
#3798 = ORIENTED_EDGE ( 'NONE', *, *, #4897, .T. ) ;
#3799 = DIRECTION ( 'NONE',  ( 7.097089222158424864E-15, 0.000000000000000000, 1.000000000000000000 ) ) ;
#3800 = ORIENTED_EDGE ( 'NONE', *, *, #2436, .T. ) ;
#3801 = EDGE_CURVE ( 'NONE', #3031, #1362, #3657, .T. ) ;
#3802 = DIRECTION ( 'NONE',  ( 1.000000000000000000, 0.000000000000000000, -7.097089222158424864E-15 ) ) ;
#3803 = LINE ( 'NONE', #3682, #5828 ) ;
#3804 = LINE ( 'NONE', #139, #4513 ) ;
#3805 = LINE ( 'NONE', #195, #1885 ) ;
#3806 = VERTEX_POINT ( 'NONE', #5669 ) ;
#3807 = VECTOR ( 'NONE', #5291, 1000.000000000000000 ) ;
#3808 = VERTEX_POINT ( 'NONE', #1811 ) ;
#3809 = CARTESIAN_POINT ( 'NONE',  ( 1.000000000000009770, 0.000000000000000000, -2.240753535442241873 ) ) ;
#3810 = LINE ( 'NONE', #3224, #2459 ) ;
#3811 = LINE ( 'NONE', #551, #4810 ) ;
#3812 = AXIS2_PLACEMENT_3D ( 'NONE', #3102, #2084, #4996 ) ;
#3813 = PLANE ( 'NONE',  #4563 ) ;
#3814 = VECTOR ( 'NONE', #3131, 1000.000000000000000 ) ;
#3815 = CARTESIAN_POINT ( 'NONE',  ( 5.785301483563191738, 1.499358225474672235, 2.799999999999999822 ) ) ;
#3816 = ORIENTED_EDGE ( 'NONE', *, *, #5971, .F. ) ;
#3817 = ORIENTED_EDGE ( 'NONE', *, *, #1078, .F. ) ;
#3818 = ORIENTED_EDGE ( 'NONE', *, *, #5326, .F. ) ;
#3819 = LINE ( 'NONE', #1476, #2176 ) ;
#3820 = CARTESIAN_POINT ( 'NONE',  ( 8.226888072706337596, 0.000000000000000000, -3.000000000000000000 ) ) ;
#3821 = EDGE_CURVE ( 'NONE', #393, #5144, #3683, .T. ) ;
#3822 = ORIENTED_EDGE ( 'NONE', *, *, #5651, .T. ) ;
#3823 = CARTESIAN_POINT ( 'NONE',  ( 7.070602967126373706, 1.103464568314089123, -5.267165293036052631 ) ) ;
#3824 = ADVANCED_FACE ( 'NONE', ( #1435 ), #4210, .F. ) ;
#3825 = LINE ( 'NONE', #1083, #1839 ) ;
#3826 = ORIENTED_EDGE ( 'NONE', *, *, #1987, .T. ) ;
#3827 = DIRECTION ( 'NONE',  ( -1.000000000000000000, 0.000000000000000000, 0.000000000000000000 ) ) ;
#3828 = EDGE_CURVE ( 'NONE', #1177, #5169, #5583, .T. ) ;
#3829 = CARTESIAN_POINT ( 'NONE',  ( 18.20264491587380817, 0.5614389816210439976, -0.9267798729277888503 ) ) ;
#3830 = ORIENTED_EDGE ( 'NONE', *, *, #493, .T. ) ;
#3831 = DIRECTION ( 'NONE',  ( -7.097089222158424864E-15, 0.000000000000000000, -1.000000000000000000 ) ) ;
#3832 = LINE ( 'NONE', #166, #465 ) ;
#3833 = FACE_OUTER_BOUND ( 'NONE', #2918, .T. ) ;
#3834 = DIRECTION ( 'NONE',  ( 1.000000000000000000, 0.000000000000000000, -6.982962677686266711E-15 ) ) ;
#3835 = EDGE_LOOP ( 'NONE', ( #2895, #2342, #1576, #2678, #1015 ) ) ;
#3836 = EDGE_CURVE ( 'NONE', #1666, #118, #2238, .T. ) ;
#3837 = EDGE_CURVE ( 'NONE', #5113, #478, #2754, .T. ) ;
#3838 = ORIENTED_EDGE ( 'NONE', *, *, #4325, .T. ) ;
#3839 = CARTESIAN_POINT ( 'NONE',  ( 17.50000000000000711, 0.000000000000000000, -3.007045462299397620 ) ) ;
#3840 = DIRECTION ( 'NONE',  ( -1.000000000000000000, 0.000000000000000000, -0.000000000000000000 ) ) ;
#3841 = DIRECTION ( 'NONE',  ( -0.000000000000000000, -0.000000000000000000, 1.000000000000000000 ) ) ;
#3842 = VECTOR ( 'NONE', #2360, 1000.000000000000000 ) ;
#3843 = VECTOR ( 'NONE', #989, 1000.000000000000000 ) ;
#3844 = VECTOR ( 'NONE', #5581, 1000.000000000000000 ) ;
#3845 = CARTESIAN_POINT ( 'NONE',  ( 0.7468596454174303290, 0.000000000000000000, -2.240753535442240096 ) ) ;
#3846 = ORIENTED_EDGE ( 'NONE', *, *, #1209, .T. ) ;
#3847 = ORIENTED_EDGE ( 'NONE', *, *, #3837, .T. ) ;
#3848 = VECTOR ( 'NONE', #896, 1000.000000000000000 ) ;
#3849 = ORIENTED_EDGE ( 'NONE', *, *, #2218, .T. ) ;
#3850 = CARTESIAN_POINT ( 'NONE',  ( 5.785301483563185521, 1.399999999999999911, -4.858578065624948650 ) ) ;
#3851 = CARTESIAN_POINT ( 'NONE',  ( 4.285301483563187297, 1.399999999999999911, -4.612012738139083190 ) ) ;
#3852 = VECTOR ( 'NONE', #1181, 1000.000000000000000 ) ;
#3853 = VERTEX_POINT ( 'NONE', #2813 ) ;
#3854 = ADVANCED_FACE ( 'NONE', ( #1495 ), #2969, .T. ) ;
#3855 = PLANE ( 'NONE',  #2561 ) ;
#3856 = ORIENTED_EDGE ( 'NONE', *, *, #1754, .F. ) ;
#3857 = CARTESIAN_POINT ( 'NONE',  ( 17.50000000000000711, 0.4000000000000000222, -3.407045462299397531 ) ) ;
#3858 = ORIENTED_EDGE ( 'NONE', *, *, #858, .F. ) ;
#3859 = CARTESIAN_POINT ( 'NONE',  ( 11.35590445068957344, 0.000000000000000000, -0.2337080731428420322 ) ) ;
#3860 = LINE ( 'NONE', #593, #2674 ) ;
#3861 = ORIENTED_EDGE ( 'NONE', *, *, #4123, .F. ) ;
#3862 = VECTOR ( 'NONE', #3758, 1000.000000000000000 ) ;
#3863 = CARTESIAN_POINT ( 'NONE',  ( 17.50000000000000711, 0.000000000000000000, -3.007045462299397620 ) ) ;
#3864 = DIRECTION ( 'NONE',  ( 1.000000000000000000, 0.000000000000000000, 0.000000000000000000 ) ) ;
#3865 = DIRECTION ( 'NONE',  ( -6.868836133214109346E-15, 0.000000000000000000, -1.000000000000000000 ) ) ;
#3866 = CARTESIAN_POINT ( 'NONE',  ( 17.50000000000000711, 0.4000000000000000222, -3.407045462299397531 ) ) ;
#3867 = ORIENTED_EDGE ( 'NONE', *, *, #1312, .F. ) ;
#3868 = VECTOR ( 'NONE', #497, 1000.000000000000000 ) ;
#3869 = EDGE_CURVE ( 'NONE', #5861, #753, #4299, .T. ) ;
#3870 = EDGE_CURVE ( 'NONE', #5800, #423, #53, .T. ) ;
#3871 = EDGE_LOOP ( 'NONE', ( #4297, #2427, #990, #2025 ) ) ;
#3872 = CARTESIAN_POINT ( 'NONE',  ( 10.07060296712638170, 0.000000000000000000, -1.000000000000000000 ) ) ;
#3873 = DIRECTION ( 'NONE',  ( 7.031498681392489590E-15, 0.000000000000000000, 1.000000000000000000 ) ) ;
#3874 = CARTESIAN_POINT ( 'NONE',  ( 2.785301483563191294, 0.000000000000000000, -1.000000000000000000 ) ) ;
#3875 = ADVANCED_FACE ( 'NONE', ( #4866 ), #632, .F. ) ;
#3876 = DIRECTION ( 'NONE',  ( -1.000000000000000000, 0.000000000000000000, -1.141265444721583757E-16 ) ) ;
#3877 = EDGE_LOOP ( 'NONE', ( #3505, #2030, #3772, #3459, #5852, #5678, #4421, #5743, #4721, #2492, #4896, #4096, #1520, #5317, #528, #3720 ) ) ;
#3878 = DIRECTION ( 'NONE',  ( -1.000000000000000000, -0.000000000000000000, 1.141265444721583757E-16 ) ) ;
#3879 = VERTEX_POINT ( 'NONE', #2844 ) ;
#3880 = VERTEX_POINT ( 'NONE', #1000 ) ;
#3881 = CARTESIAN_POINT ( 'NONE',  ( 11.85590445068958765, 0.4999999999999978351, -2.240753535442228106 ) ) ;
#3882 = ORIENTED_EDGE ( 'NONE', *, *, #241, .F. ) ;
#3883 = EDGE_LOOP ( 'NONE', ( #4573, #5378, #5790, #6024 ) ) ;
#3884 = ORIENTED_EDGE ( 'NONE', *, *, #1937, .F. ) ;
#3885 = CARTESIAN_POINT ( 'NONE',  ( 14.35590445068957344, 0.000000000000000000, -1.000000000000000000 ) ) ;
#3886 = ORIENTED_EDGE ( 'NONE', *, *, #1678, .F. ) ;
#3887 = DIRECTION ( 'NONE',  ( 0.000000000000000000, -1.000000000000000000, -0.000000000000000000 ) ) ;
#3888 = PLANE ( 'NONE',  #5740 ) ;
#3889 = VERTEX_POINT ( 'NONE', #2505 ) ;
#3890 = CARTESIAN_POINT ( 'NONE',  ( 18.64120593425277761, 0.000000000000000000, -2.240753535442245425 ) ) ;
#3891 = DIRECTION ( 'NONE',  ( -0.000000000000000000, -1.000000000000000000, -0.000000000000000000 ) ) ;
#3892 = DIRECTION ( 'NONE',  ( -0.7660444431189811221, 0.000000000000000000, -0.6427876096865355882 ) ) ;
#3893 = LINE ( 'NONE', #112, #1791 ) ;
#3894 = VERTEX_POINT ( 'NONE', #3376 ) ;
#3895 = EDGE_CURVE ( 'NONE', #4430, #3194, #3804, .T. ) ;
#3896 = ORIENTED_EDGE ( 'NONE', *, *, #41, .T. ) ;
#3897 = CARTESIAN_POINT ( 'NONE',  ( 14.47891655217313023, 1.400000000000000133, -5.141473183975623584 ) ) ;
#3898 = LINE ( 'NONE', #611, #3937 ) ;
#3899 = LINE ( 'NONE', #5796, #2824 ) ;
#3900 = EDGE_CURVE ( 'NONE', #254, #3780, #167, .T. ) ;
#3901 = EDGE_CURVE ( 'NONE', #4980, #4283, #1462, .T. ) ;
#3902 = ADVANCED_FACE ( 'NONE', ( #2013 ), #5270, .F. ) ;
#3903 = VECTOR ( 'NONE', #4330, 1000.000000000000000 ) ;
#3904 = CARTESIAN_POINT ( 'NONE',  ( 12.11218955626952898, 0.000000000000000000, -1.000000000000000000 ) ) ;
#3905 = EDGE_LOOP ( 'NONE', ( #2654, #1497, #5121, #2140 ) ) ;
#3906 = VECTOR ( 'NONE', #5999, 1000.000000000000000 ) ;
#3907 = DIRECTION ( 'NONE',  ( 1.000000000000000000, -0.000000000000000000, -6.982962677686266711E-15 ) ) ;
#3908 = VERTEX_POINT ( 'NONE', #1930 ) ;
#3909 = ORIENTED_EDGE ( 'NONE', *, *, #446, .T. ) ;
#3910 = CARTESIAN_POINT ( 'NONE',  ( 12.85590445068957344, 1.000000000000000000, 0.3238172648295125633 ) ) ;
#3911 = EDGE_CURVE ( 'NONE', #1065, #4445, #5309, .T. ) ;
#3912 = VECTOR ( 'NONE', #2308, 1000.000000000000000 ) ;
#3913 = ORIENTED_EDGE ( 'NONE', *, *, #3110, .F. ) ;
#3914 = ORIENTED_EDGE ( 'NONE', *, *, #3895, .T. ) ;
#3915 = VERTEX_POINT ( 'NONE', #3468 ) ;
#3916 = DIRECTION ( 'NONE',  ( -1.000000000000000000, 0.000000000000000000, 0.000000000000000000 ) ) ;
#3917 = VERTEX_POINT ( 'NONE', #1956 ) ;
#3918 = CARTESIAN_POINT ( 'NONE',  ( 5.785301483563203284, 0.000000000000000000, -2.240753535442245425 ) ) ;
#3919 = CARTESIAN_POINT ( 'NONE',  ( 5.785301483563183744, 1.267235759035802767, -5.187091293331778985 ) ) ;
#3920 = ORIENTED_EDGE ( 'NONE', *, *, #2021, .T. ) ;
#3921 = DIRECTION ( 'NONE',  ( -1.000000000000000000, 0.000000000000000000, 6.868836133214108557E-15 ) ) ;
#3922 = CARTESIAN_POINT ( 'NONE',  ( 11.35590445068957344, 0.000000000000000000, -0.4041232037028950064 ) ) ;
#3923 = DIRECTION ( 'NONE',  ( 0.000000000000000000, 1.000000000000000000, 0.000000000000000000 ) ) ;
#3924 = CARTESIAN_POINT ( 'NONE',  ( 11.68366584695574240, 0.6722386037338298204, -0.7947340252167957031 ) ) ;
#3925 = VERTEX_POINT ( 'NONE', #81 ) ;
#3926 = ORIENTED_EDGE ( 'NONE', *, *, #4821, .F. ) ;
#3927 = LINE ( 'NONE', #5246, #4247 ) ;
#3928 = CARTESIAN_POINT ( 'NONE',  ( 12.11218955626952898, 0.4000000000000000222, -2.240753535442231215 ) ) ;
#3929 = ADVANCED_FACE ( 'NONE', ( #2904 ), #4584, .T. ) ;
#3930 = CARTESIAN_POINT ( 'NONE',  ( 7.070602967126381699, 2.000000000000000000, 1.739099631177264405 ) ) ;
#3931 = ORIENTED_EDGE ( 'NONE', *, *, #1239, .F. ) ;
#3932 = CARTESIAN_POINT ( 'NONE',  ( 17.88806557967019373, 0.000000000000000000, -2.240753535442240096 ) ) ;
#3933 = CARTESIAN_POINT ( 'NONE',  ( -1.500000000000000000, 1.000000000000000000, -0.4041232037028950064 ) ) ;
#3934 = EDGE_CURVE ( 'NONE', #4313, #5497, #4270, .T. ) ;
#3935 = EDGE_LOOP ( 'NONE', ( #4816, #2932, #214, #3817 ) ) ;
#3936 = CARTESIAN_POINT ( 'NONE',  ( 5.542915945785264142, 1.399999999999999911, -4.945931956424546527 ) ) ;
#3937 = VECTOR ( 'NONE', #1622, 1000.000000000000114 ) ;
#3938 = ORIENTED_EDGE ( 'NONE', *, *, #5311, .F. ) ;
#3939 = DIRECTION ( 'NONE',  ( 0.000000000000000000, -0.000000000000000000, -1.000000000000000000 ) ) ;
#3940 = VECTOR ( 'NONE', #1614, 1000.000000000000000 ) ;
#3941 = VECTOR ( 'NONE', #1434, 1000.000000000000114 ) ;
#3942 =( BOUNDED_SURFACE ( )  B_SPLINE_SURFACE ( 3, 1, ( 
 ( #2786, #2328 ),
 ( #4211, #5183 ),
 ( #940, #2814 ),
 ( #2970, #3377 ) ),
 .UNSPECIFIED., .F., .F., .F. ) 
 B_SPLINE_SURFACE_WITH_KNOTS ( ( 4, 4 ),
 ( 2, 2 ),
 ( 0.000000000000000000, 1.000000000000000000 ),
 ( 0.000000000000000000, 1.000000000000000000 ),
 .UNSPECIFIED. ) 
 GEOMETRIC_REPRESENTATION_ITEM ( )  RATIONAL_B_SPLINE_SURFACE ( (
 ( 1.000000000000000000, 1.000000000000000000),
 ( 0.9667654570425328053, 0.9667654570425328053),
 ( 0.9667654570425328053, 0.9667654570425328053),
 ( 1.000000000000000000, 1.000000000000000000) ) ) 
 REPRESENTATION_ITEM ( '' )  SURFACE ( )  );
#3943 = VECTOR ( 'NONE', #5613, 1000.000000000000000 ) ;
#3944 = ADVANCED_FACE ( 'NONE', ( #3833 ), #573, .F. ) ;
#3945 = ORIENTED_EDGE ( 'NONE', *, *, #142, .T. ) ;
#3946 = EDGE_CURVE ( 'NONE', #3461, #5863, #1989, .T. ) ;
#3947 = CARTESIAN_POINT ( 'NONE',  ( 17.50000000000000711, 0.4000000000000000222, -3.007045462299397620 ) ) ;
#3948 = EDGE_LOOP ( 'NONE', ( #717, #4918, #6095, #5198 ) ) ;
#3949 = FACE_OUTER_BOUND ( 'NONE', #1726, .T. ) ;
#3950 = DIRECTION ( 'NONE',  ( 1.355252715606880543E-16, 1.000000000000000000, -9.463679131915807439E-31 ) ) ;
#3951 = ORIENTED_EDGE ( 'NONE', *, *, #4174, .T. ) ;
#3952 = EDGE_CURVE ( 'NONE', #4774, #4283, #2479, .T. ) ;
#3953 = LINE ( 'NONE', #327, #308 ) ;
#3954 = CARTESIAN_POINT ( 'NONE',  ( 5.785301483563190850, 0.000000000000000000, -1.000000000000000000 ) ) ;
#3955 = LINE ( 'NONE', #3988, #6 ) ;
#3956 = DIRECTION ( 'NONE',  ( -1.000000000000000000, 0.000000000000000000, 6.982962677686266711E-15 ) ) ;
#3957 = ORIENTED_EDGE ( 'NONE', *, *, #2972, .T. ) ;
#3958 = ORIENTED_EDGE ( 'NONE', *, *, #5168, .T. ) ;
#3959 = DIRECTION ( 'NONE',  ( 0.000000000000000000, 1.000000000000000000, 0.000000000000000000 ) ) ;
#3960 = LINE ( 'NONE', #5276, #4039 ) ;
#3961 = AXIS2_PLACEMENT_3D ( 'NONE', #5474, #5866, #3081 ) ;
#3962 = CARTESIAN_POINT ( 'NONE',  ( 7.070602967126382588, 1.000000000000000000, -0.4041232037028950064 ) ) ;
#3963 = ORIENTED_EDGE ( 'NONE', *, *, #5949, .T. ) ;
#3964 = CARTESIAN_POINT ( 'NONE',  ( 10.07060296712638170, 2.000000000000000000, 1.739099631177264405 ) ) ;
#3965 = EDGE_CURVE ( 'NONE', #3191, #254, #4516, .T. ) ;
#3966 = CARTESIAN_POINT ( 'NONE',  ( 17.50000000000000711, 0.000000000000000000, -3.407045462299397531 ) ) ;
#3967 = DIRECTION ( 'NONE',  ( 0.000000000000000000, -1.000000000000000000, 0.000000000000000000 ) ) ;
#3968 = EDGE_LOOP ( 'NONE', ( #2243, #1120, #5927, #4409 ) ) ;
#3969 = CARTESIAN_POINT ( 'NONE',  ( 14.35590445068958054, 0.000000000000000000, -3.007045462299397176 ) ) ;
#3970 = ORIENTED_EDGE ( 'NONE', *, *, #2934, .F. ) ;
#3971 = LINE ( 'NONE', #2947, #3020 ) ;
#3972 = FACE_BOUND ( 'NONE', #4532, .T. ) ;
#3973 = EDGE_CURVE ( 'NONE', #3191, #5144, #1714, .T. ) ;
#3974 = CARTESIAN_POINT ( 'NONE',  ( 1.000000000000009770, 0.4999999999999978351, -2.240753535442241873 ) ) ;
#3975 = VERTEX_POINT ( 'NONE', #2997 ) ;
#3976 = ORIENTED_EDGE ( 'NONE', *, *, #2172, .T. ) ;
#3977 = DIRECTION ( 'NONE',  ( -0.000000000000000000, -0.000000000000000000, 1.000000000000000000 ) ) ;
#3978 = ORIENTED_EDGE ( 'NONE', *, *, #3296, .T. ) ;
#3979 = CARTESIAN_POINT ( 'NONE',  ( 7.070602967126389693, 1.000000000000000000, -2.836630331739329769 ) ) ;
#3980 = EDGE_CURVE ( 'NONE', #3465, #2729, #3557, .T. ) ;
#3981 = CARTESIAN_POINT ( 'NONE',  ( 5.032161128980621179, 0.4000000000000000222, -3.000000000000000000 ) ) ;
#3982 = ORIENTED_EDGE ( 'NONE', *, *, #4360, .F. ) ;
#3983 = EDGE_CURVE ( 'NONE', #2980, #4021, #1248, .T. ) ;
#3984 = VECTOR ( 'NONE', #4877, 1000.000000000000000 ) ;
#3985 = LINE ( 'NONE', #3525, #4439 ) ;
#3986 = VECTOR ( 'NONE', #4969, 1000.000000000000000 ) ;
#3987 = CARTESIAN_POINT ( 'NONE',  ( -0.7437148944200442369, 0.000000000000000000, -2.240753535442229882 ) ) ;
#3988 = CARTESIAN_POINT ( 'NONE',  ( 1.500000000000011990, 0.000000000000000000, -2.240753535442245425 ) ) ;
#3989 = DIRECTION ( 'NONE',  ( -6.982962677686266711E-15, 0.000000000000000000, -1.000000000000000000 ) ) ;
#3990 = ORIENTED_EDGE ( 'NONE', *, *, #1380, .F. ) ;
#3991 = ORIENTED_EDGE ( 'NONE', *, *, #3718, .T. ) ;
#3992 = DIRECTION ( 'NONE',  ( 5.626621160408424545E-15, -0.5735764363510473807, 0.8191520442889909104 ) ) ;
#3993 = CARTESIAN_POINT ( 'NONE',  ( 7.070602967126381699, 0.000000000000000000, 1.999999999999997335 ) ) ;
#3994 = DIRECTION ( 'NONE',  ( 1.000000000000000000, -0.000000000000000000, -1.141265444721583757E-16 ) ) ;
#3995 = LINE ( 'NONE', #5433, #4346 ) ;
#3996 = DIRECTION ( 'NONE',  ( -1.141265444721583757E-16, -0.000000000000000000, -1.000000000000000000 ) ) ;
#3997 = CARTESIAN_POINT ( 'NONE',  ( 5.785301483563199731, 1.000000000000000000, -2.836630331739350641 ) ) ;
#3998 = EDGE_LOOP ( 'NONE', ( #4661, #5736, #5418, #1396, #3076, #2432, #5432, #1484, #5762, #3106, #2470, #1335 ) ) ;
#3999 = ORIENTED_EDGE ( 'NONE', *, *, #2463, .F. ) ;
#4000 = CARTESIAN_POINT ( 'NONE',  ( 7.570602967126396798, 0.4999999999999978351, -2.240753535442228106 ) ) ;
#4001 = CARTESIAN_POINT ( 'NONE',  ( 7.070602967126374594, 1.267942713657680631, -5.186244395641643301 ) ) ;
#4002 = AXIS2_PLACEMENT_3D ( 'NONE', #5572, #5631, #6092 ) ;
#4003 = LINE ( 'NONE', #3910, #4166 ) ;
#4004 = VECTOR ( 'NONE', #2230, 1000.000000000000000 ) ;
#4005 = LINE ( 'NONE', #2190, #3786 ) ;
#4006 = ORIENTED_EDGE ( 'NONE', *, *, #3719, .T. ) ;
#4007 = ORIENTED_EDGE ( 'NONE', *, *, #1045, .F. ) ;
#4008 = DIRECTION ( 'NONE',  ( 0.000000000000000000, 1.000000000000000000, -0.000000000000000000 ) ) ;
#4009 = EDGE_CURVE ( 'NONE', #3853, #2052, #5393, .T. ) ;
#4010 = ORIENTED_EDGE ( 'NONE', *, *, #3037, .F. ) ;
#4011 = LINE ( 'NONE', #2160, #3250 ) ;
#4012 = VECTOR ( 'NONE', #1328, 1000.000000000000000 ) ;
#4013 = CARTESIAN_POINT ( 'NONE',  ( -0.3437148944200442702, 1.000000000000000222, -2.240753535442232547 ) ) ;
#4014 = EDGE_LOOP ( 'NONE', ( #921, #4475, #191, #3951 ) ) ;
#4015 = VECTOR ( 'NONE', #1068, 1000.000000000000000 ) ;
#4016 = DIRECTION ( 'NONE',  ( 7.097089222158424864E-15, 0.000000000000000000, 1.000000000000000000 ) ) ;
#4017 = ADVANCED_FACE ( 'NONE', ( #264 ), #4455, .T. ) ;
#4018 = LINE ( 'NONE', #5909, #1940 ) ;
#4019 = FACE_OUTER_BOUND ( 'NONE', #6009, .T. ) ;
#4020 = CARTESIAN_POINT ( 'NONE',  ( 17.14120593425276340, 1.000000000000000000, 0.3238172648295125633 ) ) ;
#4021 = VERTEX_POINT ( 'NONE', #5456 ) ;
#4022 = EDGE_LOOP ( 'NONE', ( #5414, #1141, #3008, #64, #2859, #325, #2059, #3775, #3366, #6063, #1769, #1764, #3861, #284, #2597, #5616 ) ) ;
#4023 = DIRECTION ( 'NONE',  ( -0.000000000000000000, -1.000000000000000000, -0.000000000000000000 ) ) ;
#4024 = CARTESIAN_POINT ( 'NONE',  ( 17.88806557967019373, 0.4000000000000000222, -1.000000000000000000 ) ) ;
#4025 = EDGE_CURVE ( 'NONE', #4999, #3390, #5485, .T. ) ;
#4026 = CARTESIAN_POINT ( 'NONE',  ( -1.500000000000000000, 1.000000000000000000, -1.000000000000000000 ) ) ;
#4027 = ORIENTED_EDGE ( 'NONE', *, *, #3152, .F. ) ;
#4028 = CARTESIAN_POINT ( 'NONE',  ( 4.285301483563198843, 1.000000000000000000, -2.836630331739339983 ) ) ;
#4029 = EDGE_CURVE ( 'NONE', #3780, #2345, #4553, .T. ) ;
#4030 = CARTESIAN_POINT ( 'NONE',  ( 15.64120593425276340, 2.000000000000000000, 2.799999999999999822 ) ) ;
#4031 = EDGE_CURVE ( 'NONE', #3908, #3975, #1124, .T. ) ;
#4032 = CARTESIAN_POINT ( 'NONE',  ( 3.941586589143147190, 0.4000000000000000222, -1.000000000000000000 ) ) ;
#4033 = ORIENTED_EDGE ( 'NONE', *, *, #306, .F. ) ;
#4034 = ORIENTED_EDGE ( 'NONE', *, *, #4712, .F. ) ;
#4035 = CARTESIAN_POINT ( 'NONE',  ( 11.82381556445162119, 0.5320888862379536954, -0.9617579545435693822 ) ) ;
#4036 = DIRECTION ( 'NONE',  ( 0.000000000000000000, 1.000000000000000000, 0.000000000000000000 ) ) ;
#4037 = CARTESIAN_POINT ( 'NONE',  ( 11.35590445068957344, 1.499358225474672235, 1.300000000000000044 ) ) ;
#4038 = CARTESIAN_POINT ( 'NONE',  ( 12.85590445068956278, 2.000000000000000000, -5.468901542184349651 ) ) ;
#4039 = VECTOR ( 'NONE', #2540, 1000.000000000000000 ) ;
#4040 = VECTOR ( 'NONE', #2137, 1000.000000000000000 ) ;
#4041 = ORIENTED_EDGE ( 'NONE', *, *, #306, .T. ) ;
#4042 = VERTEX_POINT ( 'NONE', #2200 ) ;
#4043 = CARTESIAN_POINT ( 'NONE',  ( 5.785301483563195291, 0.3999999999999999667, -3.407045462299397531 ) ) ;
#4044 = DIRECTION ( 'NONE',  ( 1.141265444721583757E-16, -0.000000000000000000, 1.000000000000000000 ) ) ;
#4045 = VECTOR ( 'NONE', #513, 1000.000000000000000 ) ;
#4046 = CARTESIAN_POINT ( 'NONE',  ( 8.226888072706337596, 0.4000000000000000222, -1.000000000000000000 ) ) ;
#4047 = ORIENTED_EDGE ( 'NONE', *, *, #4522, .T. ) ;
#4048 = VECTOR ( 'NONE', #5582, 1000.000000000000000 ) ;
#4049 = CIRCLE ( 'NONE', #5544, 2.000000000000000000 ) ;
#4050 = EDGE_CURVE ( 'NONE', #4171, #5073, #4083, .T. ) ;
#4051 = VECTOR ( 'NONE', #4769, 1000.000000000000000 ) ;
#4052 = CARTESIAN_POINT ( 'NONE',  ( 2.785301483563194846, 0.000000000000000000, -3.407045462299395311 ) ) ;
#4053 = CIRCLE ( 'NONE', #418, 4.810796291701608496 ) ;
#4054 = LINE ( 'NONE', #3526, #2029 ) ;
#4055 = DIRECTION ( 'NONE',  ( 0.6427876096865409172, -0.000000000000000000, -0.7660444431189766812 ) ) ;
#4056 = DIRECTION ( 'NONE',  ( -1.000000000000000000, -0.000000000000000000, -0.000000000000000000 ) ) ;
#4057 = ORIENTED_EDGE ( 'NONE', *, *, #4525, .F. ) ;
#4058 = VECTOR ( 'NONE', #4136, 1000.000000000000000 ) ;
#4059 = ORIENTED_EDGE ( 'NONE', *, *, #4391, .T. ) ;
#4060 = DIRECTION ( 'NONE',  ( -0.000000000000000000, -1.000000000000000000, 0.000000000000000000 ) ) ;
#4061 = DIRECTION ( 'NONE',  ( 0.000000000000000000, 0.000000000000000000, -1.000000000000000000 ) ) ;
#4062 = CARTESIAN_POINT ( 'NONE',  ( 15.49122954964334475, 1.102365630357457826, -5.215502924329152634 ) ) ;
#4063 = CARTESIAN_POINT ( 'NONE',  ( 3.941586589143147190, 0.000000000000000000, -3.000000000000000000 ) ) ;
#4064 = ADVANCED_FACE ( 'NONE', ( #4486 ), #4957, .F. ) ;
#4065 = ADVANCED_FACE ( 'NONE', ( #2108 ), #1743, .F. ) ;
#4066 = LINE ( 'NONE', #2150, #4112 ) ;
#4067 = PRODUCT_DEFINITION_FORMATION_WITH_SPECIFIED_SOURCE ( 'ไป', '', #4527, .NOT_KNOWN. ) ;
#4068 = DIRECTION ( 'NONE',  ( 0.000000000000000000, 0.000000000000000000, -1.000000000000000000 ) ) ;
#4069 = ORIENTED_EDGE ( 'NONE', *, *, #823, .T. ) ;
#4070 = CARTESIAN_POINT ( 'NONE',  ( 17.50000000000000711, 0.000000000000000000, 0.1662919268571574627 ) ) ;
#4071 = CARTESIAN_POINT ( 'NONE',  ( 17.50000000000000711, 0.4000000000000000222, -3.407045462299397531 ) ) ;
#4072 = DIRECTION ( 'NONE',  ( 0.000000000000000000, -0.000000000000000000, -1.000000000000000000 ) ) ;
#4073 = EDGE_CURVE ( 'NONE', #4826, #2437, #3955, .T. ) ;
#4074 = CARTESIAN_POINT ( 'NONE',  ( 13.20276409610700519, 0.000000000000000000, -1.000000000000000000 ) ) ;
#4075 = VERTEX_POINT ( 'NONE', #2629 ) ;
#4076 = ORIENTED_EDGE ( 'NONE', *, *, #860, .T. ) ;
#4077 = CARTESIAN_POINT ( 'NONE',  ( 15.64120593425276340, 2.000000000000000000, 1.739099631177264405 ) ) ;
#4078 = LINE ( 'NONE', #2286, #705 ) ;
#4079 = DIRECTION ( 'NONE',  ( -1.000000000000000000, 0.000000000000000000, 0.000000000000000000 ) ) ;
#4080 = ORIENTED_EDGE ( 'NONE', *, *, #2237, .F. ) ;
#4081 = CARTESIAN_POINT ( 'NONE',  ( 2.785301483563190850, 0.9534028740753675013, 2.799999999999999822 ) ) ;
#4082 = LINE ( 'NONE', #2164, #1648 ) ;
#4083 = LINE ( 'NONE', #659, #889 ) ;
#4084 = AXIS2_PLACEMENT_3D ( 'NONE', #1795, #4601, #378 ) ;
#4085 = CARTESIAN_POINT ( 'NONE',  ( 16.39749103983271894, 0.3999999999999999667, -1.000000000000000000 ) ) ;
#4086 = VERTEX_POINT ( 'NONE', #5849 ) ;
#4087 = VECTOR ( 'NONE', #252, 1000.000000000000000 ) ;
#4088 = PLANE ( 'NONE',  #5826 ) ;
#4089 = DIRECTION ( 'NONE',  ( -0.000000000000000000, -1.000000000000000000, -0.000000000000000000 ) ) ;
#4090 = CARTESIAN_POINT ( 'NONE',  ( 3.285301483563205061, 1.000000000000000000, -2.240753535442228106 ) ) ;
#4091 = LINE ( 'NONE', #428, #117 ) ;
#4092 = ADVANCED_FACE ( 'NONE', ( #5978 ), #1616, .T. ) ;
#4093 = CARTESIAN_POINT ( 'NONE',  ( 5.785301483563191738, 2.000000000000000000, 2.799999999999999822 ) ) ;
#4094 = PLANE ( 'NONE',  #5580 ) ;
#4095 = VERTEX_POINT ( 'NONE', #1220 ) ;
#4096 = ORIENTED_EDGE ( 'NONE', *, *, #1564, .F. ) ;
#4097 = EDGE_CURVE ( 'NONE', #310, #2837, #3527, .T. ) ;
#4098 = CARTESIAN_POINT ( 'NONE',  ( 10.07060296712638880, 0.3999999999999999667, -3.007045462299396732 ) ) ;
#4099 = LINE ( 'NONE', #3045, #3711 ) ;
#4100 = ADVANCED_FACE ( 'NONE', ( #4019 ), #5910, .F. ) ;
#4101 = DIRECTION ( 'NONE',  ( 0.000000000000000000, 0.000000000000000000, 1.000000000000000000 ) ) ;
#4102 = CARTESIAN_POINT ( 'NONE',  ( 18.64120593425277406, 1.000000000000000000, -2.836630331739350641 ) ) ;
#4103 = VERTEX_POINT ( 'NONE', #5140 ) ;
#4104 = ORIENTED_EDGE ( 'NONE', *, *, #2964, .T. ) ;
#4105 = CARTESIAN_POINT ( 'NONE',  ( 14.35590445068956456, 1.103464666456457577, -5.267169912107815044 ) ) ;
#4106 = VERTEX_POINT ( 'NONE', #476 ) ;
#4107 = ADVANCED_FACE ( 'NONE', ( #5175 ), #2231, .F. ) ;
#4108 = PLANE ( 'NONE',  #4749 ) ;
#4109 = CARTESIAN_POINT ( 'NONE',  ( 7.070602967126382588, 0.000000000000000000, -1.000000000000000000 ) ) ;
#4110 = VECTOR ( 'NONE', #4731, 1000.000000000000000 ) ;
#4111 = CARTESIAN_POINT ( 'NONE',  ( -0.5650323784380651970, 1.108502809461048288, -5.505567396206783926 ) ) ;
#4112 = VECTOR ( 'NONE', #3996, 1000.000000000000000 ) ;
#4113 = CARTESIAN_POINT ( 'NONE',  ( 5.032161128980621179, 0.000000000000000000, -2.240753535442240096 ) ) ;
#4114 = CARTESIAN_POINT ( 'NONE',  ( 7.826888072706338129, 0.000000000000000000, -3.000000000000000000 ) ) ;
#4115 = DIRECTION ( 'NONE',  ( 7.097089222158425653E-15, -0.000000000000000000, 1.000000000000000000 ) ) ;
#4116 = ORIENTED_EDGE ( 'NONE', *, *, #5494, .T. ) ;
#4117 = VECTOR ( 'NONE', #3535, 1000.000000000000000 ) ;
#4118 = DIRECTION ( 'NONE',  ( 0.000000000000000000, 0.6427876096865402511, -0.7660444431189772363 ) ) ;
#4119 = DIRECTION ( 'NONE',  ( -1.141265444721583757E-16, -0.000000000000000000, -1.000000000000000000 ) ) ;
#4120 = CARTESIAN_POINT ( 'NONE',  ( 18.64120593425277761, 0.000000000000000000, -2.240753535442245425 ) ) ;
#4121 = LINE ( 'NONE', #5524, #1688 ) ;
#4122 = ORIENTED_EDGE ( 'NONE', *, *, #5306, .T. ) ;
#4123 = EDGE_CURVE ( 'NONE', #3879, #2744, #3150, .T. ) ;
#4124 = CARTESIAN_POINT ( 'NONE',  ( 18.15510426129371524, 1.106833788838468502, -5.425737714157053304 ) ) ;
#4125 = VERTEX_POINT ( 'NONE', #6064 ) ;
#4126 = ORIENTED_EDGE ( 'NONE', *, *, #148, .T. ) ;
#4127 = DIRECTION ( 'NONE',  ( -6.982962677686266711E-15, 0.000000000000000000, -1.000000000000000000 ) ) ;
#4128 = CARTESIAN_POINT ( 'NONE',  ( 17.14120593425276340, 0.000000000000000000, 1.999999999999998224 ) ) ;
#4129 = DIRECTION ( 'NONE',  ( 0.000000000000000000, -0.000000000000000000, -1.000000000000000000 ) ) ;
#4130 = EDGE_CURVE ( 'NONE', #683, #4273, #6040, .T. ) ;
#4131 = FACE_OUTER_BOUND ( 'NONE', #1942, .T. ) ;
#4132 = ORIENTED_EDGE ( 'NONE', *, *, #5399, .T. ) ;
#4133 = LINE ( 'NONE', #6026, #570 ) ;
#4134 = ORIENTED_EDGE ( 'NONE', *, *, #1564, .T. ) ;
#4135 = DIRECTION ( 'NONE',  ( 0.7660444431189722403, -0.000000000000000000, -0.6427876096865462463 ) ) ;
#4136 = DIRECTION ( 'NONE',  ( -1.000000000000000000, -0.000000000000000000, 1.141265444721583757E-16 ) ) ;
#4137 = EDGE_CURVE ( 'NONE', #4750, #1979, #931, .T. ) ;
#4138 = EDGE_CURVE ( 'NONE', #5284, #973, #4579, .T. ) ;
#4139 = ORIENTED_EDGE ( 'NONE', *, *, #606, .T. ) ;
#4140 = DIRECTION ( 'NONE',  ( -1.000000000000000000, -0.000000000000000000, 6.982962677686266711E-15 ) ) ;
#4141 = CARTESIAN_POINT ( 'NONE',  ( 5.785301483563181968, 1.103464666456457577, -5.267169912107815044 ) ) ;
#4142 = ORIENTED_EDGE ( 'NONE', *, *, #1432, .F. ) ;
#4143 = CARTESIAN_POINT ( 'NONE',  ( 8.917462612543813449, 0.000000000000000000, -2.240753535442237432 ) ) ;
#4144 = VECTOR ( 'NONE', #741, 1000.000000000000000 ) ;
#4145 = VECTOR ( 'NONE', #3737, 1000.000000000000000 ) ;
#4146 = PLANE ( 'NONE',  #5146 ) ;
#4147 = ORIENTED_EDGE ( 'NONE', *, *, #3651, .T. ) ;
#4148 = ADVANCED_FACE ( 'NONE', ( #2807 ), #4231, .F. ) ;
#4149 = VECTOR ( 'NONE', #4490, 1000.000000000000000 ) ;
#4150 =( BOUNDED_SURFACE ( )  B_SPLINE_SURFACE ( 3, 2, ( 
 ( #4993, #2179, #4062 ),
 ( #1720, #3595, #851 ),
 ( #22, #1407, #881 ),
 ( #1345, #1316, #3188 ),
 ( #913, #2785, #1780 ),
 ( #3217, #2327, #2269 ) ),
 .UNSPECIFIED., .F., .F., .F. ) 
 B_SPLINE_SURFACE_WITH_KNOTS ( ( 4, 2, 4 ),
 ( 3, 3 ),
 ( 0.001360458961287221635, 0.002901564996485919527, 0.004442671031684617203 ),
 ( 0.000000000000000000, 1.000000000000000000 ),
 .UNSPECIFIED. ) 
 GEOMETRIC_REPRESENTATION_ITEM ( )  RATIONAL_B_SPLINE_SURFACE ( (
 ( 1.000000000000000000, 0.7924374031725291978, 1.000000000000000000),
 ( 1.000000000000000000, 0.7956711654295673952, 1.000000000000000000),
 ( 1.000000000000000000, 0.7972631388398050412, 1.000000000000000000),
 ( 1.000000000000000000, 0.7972633761834646560, 1.000000000000000000),
 ( 1.000000000000000000, 0.7956584909370887360, 1.000000000000000000),
 ( 1.000000000000000000, 0.7924371217378710641, 1.000000000000000000) ) ) 
 REPRESENTATION_ITEM ( '' )  SURFACE ( )  );
#4151 = VECTOR ( 'NONE', #652, 1000.000000000000000 ) ;
#4152 = DIRECTION ( 'NONE',  ( -1.894180325222886620E-15, -0.9625068420560822791, -0.2712574035768015590 ) ) ;
#4153 = DIRECTION ( 'NONE',  ( 6.982962736581390482E-15, 0.000000000000000000, 1.000000000000000000 ) ) ;
#4154 = CARTESIAN_POINT ( 'NONE',  ( 5.032161128980621179, 0.000000000000000000, -1.000000000000000000 ) ) ;
#4155 = LINE ( 'NONE', #2385, #895 ) ;
#4156 = CIRCLE ( 'NONE', #1695, 4.810796291701608496 ) ;
#4157 = ORIENTED_EDGE ( 'NONE', *, *, #1770, .F. ) ;
#4158 = CARTESIAN_POINT ( 'NONE',  ( 12.29087207225132516, 1.108502809461048066, -5.505567396206783037 ) ) ;
#4159 = EDGE_LOOP ( 'NONE', ( #643, #1172, #3254, #6093, #4960, #1813, #883, #2495, #4512, #4885, #4675, #4990, #6048, #2795, #2634, #5943 ) ) ;
#4160 = DIRECTION ( 'NONE',  ( 1.000000000000000000, 0.000000000000000000, 0.000000000000000000 ) ) ;
#4161 = CARTESIAN_POINT ( 'NONE',  ( 0.9999999999999978906, 0.000000000000000000, -1.000000000000000000 ) ) ;
#4162 = CARTESIAN_POINT ( 'NONE',  ( 9.900199107618423255, 0.7834631812238955773, -0.6072026154634229123 ) ) ;
#4163 = EDGE_CURVE ( 'NONE', #99, #4949, #4614, .T. ) ;
#4164 = DIRECTION ( 'NONE',  ( 0.000000000000000000, 1.000000000000000000, 0.000000000000000000 ) ) ;
#4165 = PLANE ( 'NONE',  #1357 ) ;
#4166 = VECTOR ( 'NONE', #5897, 1000.000000000000000 ) ;
#4167 = DIRECTION ( 'NONE',  ( 0.000000000000000000, 0.000000000000000000, 1.000000000000000000 ) ) ;
#4168 = CYLINDRICAL_SURFACE ( 'NONE', #4854, 1.500000000000000000 ) ;
#4169 = ORIENTED_EDGE ( 'NONE', *, *, #3380, .T. ) ;
#4170 = EDGE_CURVE ( 'NONE', #3925, #3242, #3619, .T. ) ;
#4171 = VERTEX_POINT ( 'NONE', #5053 ) ;
#4172 = ORIENTED_EDGE ( 'NONE', *, *, #5050, .F. ) ;
#4173 = CARTESIAN_POINT ( 'NONE',  ( 5.032161128980621179, 0.000000000000000000, -1.000000000000000000 ) ) ;
#4174 = EDGE_CURVE ( 'NONE', #2742, #2437, #908, .T. ) ;
#4175 = CARTESIAN_POINT ( 'NONE',  ( 10.07060296712639058, 1.000000000000000000, -2.836630331739350641 ) ) ;
#4176 = ORIENTED_EDGE ( 'NONE', *, *, #1827, .F. ) ;
#4177 = CARTESIAN_POINT ( 'NONE',  ( 7.070602967126382588, 0.000000000000000000, 0.1662919268571586562 ) ) ;
#4178 = ADVANCED_FACE ( 'NONE', ( #819 ), #5517, .T. ) ;
#4179 = FACE_OUTER_BOUND ( 'NONE', #4358, .T. ) ;
#4180 = EDGE_LOOP ( 'NONE', ( #1545, #2831, #1002, #3858 ) ) ;
#4181 = CARTESIAN_POINT ( 'NONE',  ( 17.50000000000000711, 0.000000000000000000, -0.2337080731428427260 ) ) ;
#4182 = DIRECTION ( 'NONE',  ( 1.000000000000000000, -0.000000000000000000, -0.000000000000000000 ) ) ;
#4183 = DIRECTION ( 'NONE',  ( -1.000000000000000000, -0.000000000000000000, 1.141265444721583757E-16 ) ) ;
#4184 = DIRECTION ( 'NONE',  ( -1.141265444721583757E-16, 0.000000000000000000, 1.000000000000000000 ) ) ;
#4185 = EDGE_CURVE ( 'NONE', #5313, #5015, #2694, .T. ) ;
#4186 = EDGE_LOOP ( 'NONE', ( #3427, #5538, #4266, #4804 ) ) ;
#4187 = CARTESIAN_POINT ( 'NONE',  ( 11.23295198754445146, 1.400000000000000355, -5.141489476468492192 ) ) ;
#4188 = VERTEX_POINT ( 'NONE', #4202 ) ;
#4189 = CARTESIAN_POINT ( 'NONE',  ( 15.64120593425276340, -1.000000000000000000, 0.3238172648295125633 ) ) ;
#4190 = DIRECTION ( 'NONE',  ( 0.000000000000000000, 0.000000000000000000, 1.000000000000000000 ) ) ;
#4191 = PLANE ( 'NONE',  #1111 ) ;
#4192 = CARTESIAN_POINT ( 'NONE',  ( 14.35590445068957344, 1.000000000000000000, -4.040753535442245692 ) ) ;
#4193 = ORIENTED_EDGE ( 'NONE', *, *, #3499, .F. ) ;
#4194 = CARTESIAN_POINT ( 'NONE',  ( 14.35590445068957344, 2.000000000000000000, 1.739099631177264405 ) ) ;
#4195 = LINE ( 'NONE', #899, #1399 ) ;
#4196 = ORIENTED_EDGE ( 'NONE', *, *, #241, .T. ) ;
#4197 = ORIENTED_EDGE ( 'NONE', *, *, #179, .T. ) ;
#4198 = ADVANCED_FACE ( 'NONE', ( #875 ), #358, .F. ) ;
#4199 = CARTESIAN_POINT ( 'NONE',  ( 1.119610685563409369, 1.106465162429356441, -5.408006954961657620 ) ) ;
#4200 = DIRECTION ( 'NONE',  ( -7.097089222158424864E-15, 0.000000000000000000, -1.000000000000000000 ) ) ;
#4201 = VERTEX_POINT ( 'NONE', #1308 ) ;
#4202 = CARTESIAN_POINT ( 'NONE',  ( 18.64120593425275274, 0.000000000000000000, -5.578152595329384233 ) ) ;
#4203 = CIRCLE ( 'NONE', #2722, 2.000000000000000000 ) ;
#4204 = DIRECTION ( 'NONE',  ( 1.000000000000000000, -0.000000000000000000, 1.141265444721583757E-16 ) ) ;
#4205 = ORIENTED_EDGE ( 'NONE', *, *, #487, .T. ) ;
#4206 = EDGE_CURVE ( 'NONE', #750, #430, #5081, .T. ) ;
#4207 = VECTOR ( 'NONE', #5864, 1000.000000000000000 ) ;
#4208 = DIRECTION ( 'NONE',  ( -1.000000000000000000, -0.000000000000000000, 1.141265444721583757E-16 ) ) ;
#4209 = CARTESIAN_POINT ( 'NONE',  ( 18.64120593425277406, 0.000000000000000000, -2.836630331739350641 ) ) ;
#4210 = PLANE ( 'NONE',  #3323 ) ;
#4211 = CARTESIAN_POINT ( 'NONE',  ( 12.33871542691357170, 1.115317123975225533, -5.586343894839111535 ) ) ;
#4212 = AXIS2_PLACEMENT_3D ( 'NONE', #4808, #2048, #147 ) ;
#4213 = VERTEX_POINT ( 'NONE', #845 ) ;
#4214 = EDGE_CURVE ( 'NONE', #169, #5906, #407, .T. ) ;
#4215 = CARTESIAN_POINT ( 'NONE',  ( 10.07060296712636926, 8.673617379884035472E-16, -5.578152595329384233 ) ) ;
#4216 = ORIENTED_EDGE ( 'NONE', *, *, #754, .F. ) ;
#4217 = VECTOR ( 'NONE', #3865, 1000.000000000000000 ) ;
#4218 = LINE ( 'NONE', #1468, #3842 ) ;
#4219 = DIRECTION ( 'NONE',  ( 1.000000000000000000, -0.000000000000000000, -6.982962677686266711E-15 ) ) ;
#4220 = EDGE_CURVE ( 'NONE', #683, #3880, #2264, .T. ) ;
#4221 = PRESENTATION_STYLE_ASSIGNMENT (( #3356 ) ) ;
#4222 = EDGE_LOOP ( 'NONE', ( #3532, #211, #3220, #4010 ) ) ;
#4223 = ORIENTED_EDGE ( 'NONE', *, *, #824, .T. ) ;
#4224 = CARTESIAN_POINT ( 'NONE',  ( 7.471717599328739468, 1.399999999999718359, -5.329232319203520696 ) ) ;
#4225 = CARTESIAN_POINT ( 'NONE',  ( 0.5041098838413153871, 1.108515853782455984, -5.506187988402309941 ) ) ;
#4226 = EDGE_LOOP ( 'NONE', ( #3042, #505, #2098, #5892, #1913, #1571, #1734, #2294, #682, #5428, #1807, #3572 ) ) ;
#4227 = ORIENTED_EDGE ( 'NONE', *, *, #3428, .T. ) ;
#4228 = CARTESIAN_POINT ( 'NONE',  ( -1.517354827024752328, 1.400000000000000355, -4.852277374311898761 ) ) ;
#4229 = CARTESIAN_POINT ( 'NONE',  ( 12.51218955626952933, 0.000000000000000000, -2.240753535442232547 ) ) ;
#4230 = ORIENTED_EDGE ( 'NONE', *, *, #4384, .T. ) ;
#4231 = PLANE ( 'NONE',  #3552 ) ;
#4232 = DIRECTION ( 'NONE',  ( 0.000000000000000000, 1.000000000000000000, 0.000000000000000000 ) ) ;
#4233 = ORIENTED_EDGE ( 'NONE', *, *, #1504, .T. ) ;
#4234 = EDGE_CURVE ( 'NONE', #4813, #3879, #1339, .T. ) ;
#4235 = DIRECTION ( 'NONE',  ( -1.000000000000000000, -0.000000000000000000, -0.000000000000000000 ) ) ;
#4236 = VECTOR ( 'NONE', #549, 1000.000000000000000 ) ;
#4237 = VECTOR ( 'NONE', #1085, 1000.000000000000000 ) ;
#4238 = CARTESIAN_POINT ( 'NONE',  ( 5.785301483563191738, 0.06443263463840748217, 0.1149657687835883013 ) ) ;
#4239 = LINE ( 'NONE', #4714, #2731 ) ;
#4240 = CARTESIAN_POINT ( 'NONE',  ( 14.35590445068958587, 0.000000000000000000, -2.240753535442245425 ) ) ;
#4241 = ORIENTED_EDGE ( 'NONE', *, *, #2972, .F. ) ;
#4242 = AXIS2_PLACEMENT_3D ( 'NONE', #4081, #1246, #2626 ) ;
#4243 = VECTOR ( 'NONE', #850, 1000.000000000000114 ) ;
#4244 = AXIS2_PLACEMENT_3D ( 'NONE', #516, #1408, #914 ) ;
#4245 = ORIENTED_EDGE ( 'NONE', *, *, #5389, .T. ) ;
#4246 = LINE ( 'NONE', #4660, #842 ) ;
#4247 = VECTOR ( 'NONE', #5275, 1000.000000000000000 ) ;
#4248 = DIRECTION ( 'NONE',  ( 0.000000000000000000, -1.000000000000000000, 0.000000000000000000 ) ) ;
#4249 = CARTESIAN_POINT ( 'NONE',  ( 7.070602967126381699, 0.5351768109448616917, 2.449066664678465788 ) ) ;
#4250 = VECTOR ( 'NONE', #2653, 1000.000000000000000 ) ;
#4251 = ADVANCED_FACE ( 'NONE', ( #4827 ), #5662, .F. ) ;
#4252 = FACE_OUTER_BOUND ( 'NONE', #2484, .T. ) ;
#4253 = DIRECTION ( 'NONE',  ( 0.000000000000000000, -1.000000000000000000, -0.000000000000000000 ) ) ;
#4254 = VERTEX_POINT ( 'NONE', #5754 ) ;
#4255 = ORIENTED_EDGE ( 'NONE', *, *, #756, .F. ) ;
#4256 = EDGE_CURVE ( 'NONE', #1823, #2381, #5322, .T. ) ;
#4257 = CARTESIAN_POINT ( 'NONE',  ( 7.454794888879068715, 1.106494308963237749, -5.409375844366677732 ) ) ;
#4258 = CARTESIAN_POINT ( 'NONE',  ( 7.070602967126382588, 1.000000000000000000, -1.000000000000000000 ) ) ;
#4259 = ORIENTED_EDGE ( 'NONE', *, *, #1319, .T. ) ;
#4260 = VECTOR ( 'NONE', #806, 1000.000000000000000 ) ;
#4261 = DIRECTION ( 'NONE',  ( -0.000000000000000000, -0.000000000000000000, 1.000000000000000000 ) ) ;
#4262 = CARTESIAN_POINT ( 'NONE',  ( 1.499999999999999778, 0.4000000000000000222, -3.007045462299395844 ) ) ;
#4263 = ORIENTED_EDGE ( 'NONE', *, *, #2331, .F. ) ;
#4264 = CARTESIAN_POINT ( 'NONE',  ( 12.11218955626952898, 1.000000000000000000, -2.240753535442229882 ) ) ;
#4265 = LINE ( 'NONE', #1926, #3258 ) ;
#4266 = ORIENTED_EDGE ( 'NONE', *, *, #3828, .T. ) ;
#4267 = LINE ( 'NONE', #2477, #607 ) ;
#4268 = UNCERTAINTY_MEASURE_WITH_UNIT (LENGTH_MEASURE( 1.000000000000000082E-05 ), #5161, 'distance_accuracy_value', 'NONE');
#4269 = CARTESIAN_POINT ( 'NONE',  ( -1.500000000000000000, 0.000000000000000000, -0.4041232037028950064 ) ) ;
#4270 = LINE ( 'NONE', #3343, #6098 ) ;
#4271 = LINE ( 'NONE', #852, #4341 ) ;
#4272 = ORIENTED_EDGE ( 'NONE', *, *, #382, .F. ) ;
#4273 = VERTEX_POINT ( 'NONE', #2408 ) ;
#4274 = CARTESIAN_POINT ( 'NONE',  ( 7.070602967126371929, 8.673617379884035472E-16, -5.578147948598759065 ) ) ;
#4275 = CARTESIAN_POINT ( 'NONE',  ( 1.500000000000000000, 0.4999999999999978351, -1.000000000000000000 ) ) ;
#4276 = EDGE_CURVE ( 'NONE', #5906, #272, #1546, .T. ) ;
#4277 = PLANE ( 'NONE',  #5702 ) ;
#4278 = AXIS2_PLACEMENT_3D ( 'NONE', #3290, #4164, #6080 ) ;
#4279 = EDGE_CURVE ( 'NONE', #1979, #1740, #1054, .T. ) ;
#4280 = CARTESIAN_POINT ( 'NONE',  ( -1.499999999999988010, 0.000000000000000000, -2.240753535442224553 ) ) ;
#4281 = EDGE_CURVE ( 'NONE', #2587, #2100, #592, .T. ) ;
#4282 = VECTOR ( 'NONE', #2332, 1000.000000000000000 ) ;
#4283 = VERTEX_POINT ( 'NONE', #1488 ) ;
#4284 = ORIENTED_EDGE ( 'NONE', *, *, #5327, .F. ) ;
#4285 = CARTESIAN_POINT ( 'NONE',  ( 9.090316475985106948, 1.400000000000000355, -5.120578528970613164 ) ) ;
#4286 = ORIENTED_EDGE ( 'NONE', *, *, #2934, .T. ) ;
#4287 = LINE ( 'NONE', #2829, #4964 ) ;
#4288 = VERTEX_POINT ( 'NONE', #46 ) ;
#4289 = EDGE_CURVE ( 'NONE', #1517, #295, #2959, .T. ) ;
#4290 = CARTESIAN_POINT ( 'NONE',  ( 2.785301483563191294, 0.000000000000000000, -1.000000000000000000 ) ) ;
#4291 = CARTESIAN_POINT ( 'NONE',  ( 10.07060296712639058, 1.000000000000000000, -2.836630331739350641 ) ) ;
#4292 = ORIENTED_EDGE ( 'NONE', *, *, #5470, .T. ) ;
#4293 = CARTESIAN_POINT ( 'NONE',  ( 14.35590445068958587, 0.000000000000000000, -2.240753535442245425 ) ) ;
#4294 = VERTEX_POINT ( 'NONE', #3859 ) ;
#4295 = EDGE_CURVE ( 'NONE', #4075, #3908, #537, .T. ) ;
#4296 = CARTESIAN_POINT ( 'NONE',  ( 8.570610047147486199, 0.000000000000000000, -1.007180904292219514 ) ) ;
#4297 = ORIENTED_EDGE ( 'NONE', *, *, #2350, .T. ) ;
#4298 = CARTESIAN_POINT ( 'NONE',  ( 5.802712893532347316, 1.399999999999999911, -4.852261884540959080 ) ) ;
#4299 = LINE ( 'NONE', #2041, #1064 ) ;
#4300 = CARTESIAN_POINT ( 'NONE',  ( 17.50000000000000711, 0.000000000000000000, -3.007045462299397620 ) ) ;
#4301 = ORIENTED_EDGE ( 'NONE', *, *, #2620, .T. ) ;
#4302 = B_SPLINE_CURVE_WITH_KNOTS ( 'NONE', 3,
 ( #3503, #3627, #5525, #3569, #5064, #829 ),
 .UNSPECIFIED., .F., .F.,
 ( 4, 2, 4 ),
 ( 0.000000000000000000, 0.0002694863184573001772, 0.0005389726369146003544 ),
 .UNSPECIFIED. ) ;
#4303 = VECTOR ( 'NONE', #2344, 1000.000000000000000 ) ;
#4304 = ORIENTED_EDGE ( 'NONE', *, *, #2125, .T. ) ;
#4305 = DIRECTION ( 'NONE',  ( -7.335912872304331086E-17, -0.7660444431189772363, -0.6427876096865402511 ) ) ;
#4306 = CARTESIAN_POINT ( 'NONE',  ( 3.285301483563193514, 0.4999999999999978351, -1.000000000000000000 ) ) ;
#4307 = FACE_OUTER_BOUND ( 'NONE', #4855, .T. ) ;
#4308 = AXIS2_PLACEMENT_3D ( 'NONE', #2248, #5962, #4534 ) ;
#4309 = EDGE_CURVE ( 'NONE', #2581, #5974, #5263, .T. ) ;
#4310 = VECTOR ( 'NONE', #6078, 1000.000000000000000 ) ;
#4311 = CARTESIAN_POINT ( 'NONE',  ( 2.785301483563190850, 0.5351768109448616917, 2.449066664678465788 ) ) ;
#4312 = ORIENTED_EDGE ( 'NONE', *, *, #4466, .F. ) ;
#4313 = VERTEX_POINT ( 'NONE', #134 ) ;
#4314 = ORIENTED_EDGE ( 'NONE', *, *, #3687, .F. ) ;
#4315 = ORIENTED_EDGE ( 'NONE', *, *, #2281, .T. ) ;
#4316 = CARTESIAN_POINT ( 'NONE',  ( -1.500000000000000000, 0.000000000000000000, -1.000000000000000000 ) ) ;
#4317 = VERTEX_POINT ( 'NONE', #4324 ) ;
#4318 = DIRECTION ( 'NONE',  ( 0.5407162030609332648, 0.5407162030609377057, -0.6444004775717739886 ) ) ;
#4319 = ORIENTED_EDGE ( 'NONE', *, *, #441, .T. ) ;
#4320 = FACE_OUTER_BOUND ( 'NONE', #5684, .T. ) ;
#4321 = ORIENTED_EDGE ( 'NONE', *, *, #2612, .F. ) ;
#4322 = LINE ( 'NONE', #1575, #375 ) ;
#4323 = ORIENTED_EDGE ( 'NONE', *, *, #2350, .F. ) ;
#4324 = CARTESIAN_POINT ( 'NONE',  ( -1.500000000000011546, 0.000000000000000000, -5.578147948598760841 ) ) ;
#4325 = EDGE_CURVE ( 'NONE', #5015, #2076, #3401, .T. ) ;
#4326 = DIRECTION ( 'NONE',  ( -1.000000000000000000, 0.000000000000000000, -1.141265444721583757E-16 ) ) ;
#4327 = ORIENTED_EDGE ( 'NONE', *, *, #5578, .T. ) ;
#4328 = ADVANCED_FACE ( 'NONE', ( #3302 ), #5293, .T. ) ;
#4329 = DIRECTION ( 'NONE',  ( 0.000000000000000000, -1.000000000000000000, 0.000000000000000000 ) ) ;
#4330 = DIRECTION ( 'NONE',  ( 1.000000000000000000, 0.000000000000000000, 0.000000000000000000 ) ) ;
#4331 = DIRECTION ( 'NONE',  ( 1.141265444721583757E-16, -2.710505431213761085E-16, 1.000000000000000000 ) ) ;
#4332 = CARTESIAN_POINT ( 'NONE',  ( 8.226888072706337596, 0.000000000000000000, -1.000000000000000000 ) ) ;
#4333 = EDGE_LOOP ( 'NONE', ( #5285, #4641, #1043, #6014 ) ) ;
#4334 = EDGE_CURVE ( 'NONE', #1517, #3206, #4733, .T. ) ;
#4335 = ORIENTED_EDGE ( 'NONE', *, *, #3178, .T. ) ;
#4336 = AXIS2_PLACEMENT_3D ( 'NONE', #4418, #5365, #2595 ) ;
#4337 = DIRECTION ( 'NONE',  ( 1.000000000000000000, -0.000000000000000000, -1.141265444721583757E-16 ) ) ;
#4338 = LINE ( 'NONE', #3443, #2067 ) ;
#4339 = LINE ( 'NONE', #639, #5308 ) ;
#4340 = AXIS2_PLACEMENT_3D ( 'NONE', #802, #2680, #946 ) ;
#4341 = VECTOR ( 'NONE', #1373, 1000.000000000000000 ) ;
#4342 = VECTOR ( 'NONE', #4152, 1000.000000000000000 ) ;
#4343 = CARTESIAN_POINT ( 'NONE',  ( 1.499999999999992006, 1.267235759035802989, -5.187091293331778985 ) ) ;
#4344 = ORIENTED_EDGE ( 'NONE', *, *, #3260, .T. ) ;
#4345 = VERTEX_POINT ( 'NONE', #5204 ) ;
#4346 = VECTOR ( 'NONE', #1255, 1000.000000000000000 ) ;
#4347 = DIRECTION ( 'NONE',  ( 0.000000000000000000, 1.000000000000000000, -0.000000000000000000 ) ) ;
#4348 = ORIENTED_EDGE ( 'NONE', *, *, #2016, .T. ) ;
#4349 = CARTESIAN_POINT ( 'NONE',  ( 7.070602967126394134, 1.000000000000000000, -2.240753535442224553 ) ) ;
#4350 = VECTOR ( 'NONE', #4487, 1000.000000000000000 ) ;
#4351 = ORIENTED_EDGE ( 'NONE', *, *, #170, .T. ) ;
#4352 = ORIENTED_EDGE ( 'NONE', *, *, #3425, .T. ) ;
#4353 = DIRECTION ( 'NONE',  ( -0.5407162030609378167, 0.5407162030609377057, 0.6444004775717702138 ) ) ;
#4354 = EDGE_CURVE ( 'NONE', #2530, #169, #506, .T. ) ;
#4355 = ORIENTED_EDGE ( 'NONE', *, *, #1526, .T. ) ;
#4356 = LINE ( 'NONE', #2007, #3843 ) ;
#4357 = LINE ( 'NONE', #5265, #5051 ) ;
#4358 = EDGE_LOOP ( 'NONE', ( #5851, #633, #2979, #2276 ) ) ;
#4359 = VECTOR ( 'NONE', #2309, 1000.000000000000114 ) ;
#4360 = EDGE_CURVE ( 'NONE', #3662, #101, #2471, .T. ) ;
#4361 = EDGE_CURVE ( 'NONE', #2481, #3607, #3773, .T. ) ;
#4362 = DIRECTION ( 'NONE',  ( -1.000000000000000000, -0.000000000000000000, -0.000000000000000000 ) ) ;
#4363 = EDGE_CURVE ( 'NONE', #3292, #2751, #4356, .T. ) ;
#4364 = CARTESIAN_POINT ( 'NONE',  ( 5.908313585046748528, 1.400000000000000133, -5.141473183975623584 ) ) ;
#4365 = CARTESIAN_POINT ( 'NONE',  ( 15.64120593425277761, 1.000000000000000000, -2.240753535442224553 ) ) ;
#4366 = PLANE ( 'NONE',  #4441 ) ;
#4367 = EDGE_LOOP ( 'NONE', ( #1618, #154, #2426, #4848, #2758, #6050 ) ) ;
#4368 = VERTEX_POINT ( 'NONE', #2870 ) ;
#4369 = CARTESIAN_POINT ( 'NONE',  ( 5.032161128980621179, 0.4000000000000000222, -2.240753535442239208 ) ) ;
#4370 = CARTESIAN_POINT ( 'NONE',  ( 1.500000000000000000, 0.000000000000000000, -1.000000000000000000 ) ) ;
#4371 = ADVANCED_FACE ( 'NONE', ( #565 ), #73, .T. ) ;
#4372 = LINE ( 'NONE', #61, #2337 ) ;
#4373 = CARTESIAN_POINT ( 'NONE',  ( 2.785301483563190850, 1.499358225474672235, 1.300000000000000044 ) ) ;
#4374 = VERTEX_POINT ( 'NONE', #2443 ) ;
#4375 = LINE ( 'NONE', #5773, #4207 ) ;
#4376 = EDGE_LOOP ( 'NONE', ( #1106, #1591, #4787, #5665 ) ) ;
#4377 = DIRECTION ( 'NONE',  ( -0.000000000000000000, -0.000000000000000000, 1.000000000000000000 ) ) ;
#4378 = ORIENTED_EDGE ( 'NONE', *, *, #5078, .T. ) ;
#4379 = PLANE ( 'NONE',  #5690 ) ;
#4380 = ORIENTED_EDGE ( 'NONE', *, *, #4138, .F. ) ;
#4381 = DIRECTION ( 'NONE',  ( -1.000000000000000000, -0.000000000000000000, 6.982962677686266711E-15 ) ) ;
#4382 = CARTESIAN_POINT ( 'NONE',  ( 15.64120593425276340, 1.000000000000000000, -0.4041232037028950064 ) ) ;
#4383 = ORIENTED_EDGE ( 'NONE', *, *, #830, .F. ) ;
#4384 = EDGE_CURVE ( 'NONE', #443, #4103, #3115, .T. ) ;
#4385 = CARTESIAN_POINT ( 'NONE',  ( -0.3437148944200444922, 0.000000000000000000, -1.000000000000000000 ) ) ;
#4386 = CARTESIAN_POINT ( 'NONE',  ( -0.9999999999999859002, 0.000000000000000000, -2.240753535442228106 ) ) ;
#4387 = DIRECTION ( 'NONE',  ( -7.097089222158424864E-15, 0.000000000000000000, -1.000000000000000000 ) ) ;
#4388 = DIRECTION ( 'NONE',  ( 0.000000000000000000, 0.7660444431189767922, -0.6427876096865409172 ) ) ;
#4389 = VERTEX_POINT ( 'NONE', #5904 ) ;
#4390 = VECTOR ( 'NONE', #6036, 1000.000000000000000 ) ;
#4391 = EDGE_CURVE ( 'NONE', #4283, #4389, #1675, .T. ) ;
#4392 = ORIENTED_EDGE ( 'NONE', *, *, #2964, .F. ) ;
#4393 = CARTESIAN_POINT ( 'NONE',  ( 1.500000000000000222, 0.4000000000000000222, 0.1662919268571592668 ) ) ;
#4394 = DIRECTION ( 'NONE',  ( -0.000000000000000000, -1.000000000000000000, 0.000000000000000000 ) ) ;
#4395 = DIRECTION ( 'NONE',  ( 0.000000000000000000, 1.000000000000000000, 0.000000000000000000 ) ) ;
#4396 = FACE_OUTER_BOUND ( 'NONE', #3905, .T. ) ;
#4397 = AXIS2_PLACEMENT_3D ( 'NONE', #3180, #11, #4200 ) ;
#4398 = EDGE_CURVE ( 'NONE', #4916, #1872, #2589, .T. ) ;
#4399 = ADVANCED_FACE ( 'NONE', ( #4478 ), #1148, .T. ) ;
#4400 = CARTESIAN_POINT ( 'NONE',  ( 3.941586589143147190, 0.4000000000000000222, -3.000000000000000000 ) ) ;
#4401 = EDGE_CURVE ( 'NONE', #5772, #1903, #3019, .T. ) ;
#4402 = ORIENTED_EDGE ( 'NONE', *, *, #1456, .F. ) ;
#4403 = AXIS2_PLACEMENT_3D ( 'NONE', #678, #4347, #585 ) ;
#4404 = CARTESIAN_POINT ( 'NONE',  ( 16.79749103983272107, 0.000000000000000000, -2.240753535442232547 ) ) ;
#4405 = FACE_OUTER_BOUND ( 'NONE', #5353, .T. ) ;
#4406 = EDGE_CURVE ( 'NONE', #4999, #4201, #721, .T. ) ;
#4407 = VECTOR ( 'NONE', #1323, 1000.000000000000000 ) ;
#4408 = EDGE_LOOP ( 'NONE', ( #627, #4966, #1395, #5319, #5303, #2925, #1447, #4616, #4519, #1214, #517, #4959 ) ) ;
#4409 = ORIENTED_EDGE ( 'NONE', *, *, #2325, .T. ) ;
#4410 = CARTESIAN_POINT ( 'NONE',  ( 1.500000000000000444, 0.9534028740753672793, 2.799999999999999822 ) ) ;
#4411 = EDGE_LOOP ( 'NONE', ( #5068, #1601, #3990, #3613, #4587, #188 ) ) ;
#4412 = LINE ( 'NONE', #5842, #1783 ) ;
#4413 = LINE ( 'NONE', #2131, #5834 ) ;
#4414 = ORIENTED_EDGE ( 'NONE', *, *, #3185, .T. ) ;
#4415 =( BOUNDED_SURFACE ( )  B_SPLINE_SURFACE ( 3, 1, ( 
 ( #1413, #4274 ),
 ( #884, #4688 ),
 ( #2760, #1906 ),
 ( #459, #4215 ) ),
 .UNSPECIFIED., .F., .F., .F. ) 
 B_SPLINE_SURFACE_WITH_KNOTS ( ( 4, 4 ),
 ( 2, 2 ),
 ( 0.000000000000000000, 1.000000000000000000 ),
 ( 0.000000000000000000, 1.000000000000000000 ),
 .UNSPECIFIED. ) 
 GEOMETRIC_REPRESENTATION_ITEM ( )  RATIONAL_B_SPLINE_SURFACE ( (
 ( 1.000000000000000000, 1.000000000000000000),
 ( 0.9667654570425328053, 0.9667654570425328053),
 ( 0.9667654570425328053, 0.9667654570425328053),
 ( 1.000000000000000000, 1.000000000000000000) ) ) 
 REPRESENTATION_ITEM ( '' )  SURFACE ( )  );
#4416 = CARTESIAN_POINT ( 'NONE',  ( 10.07060296712637459, 1.267235759035803211, -5.187091293331778985 ) ) ;
#4417 = DIRECTION ( 'NONE',  ( -0.5407162030609378167, 0.5407162030609377057, 0.6444004775717702138 ) ) ;
#4418 = CARTESIAN_POINT ( 'NONE',  ( 17.50000000000000711, 0.000000000000000000, 0.1662919268571574627 ) ) ;
#4419 = CARTESIAN_POINT ( 'NONE',  ( 2.785301483563198843, 1.000000000000000000, -2.836630331739329769 ) ) ;
#4420 = EDGE_CURVE ( 'NONE', #4822, #3267, #2064, .T. ) ;
#4421 = ORIENTED_EDGE ( 'NONE', *, *, #3003, .T. ) ;
#4422 = ORIENTED_EDGE ( 'NONE', *, *, #1802, .F. ) ;
#4423 = CARTESIAN_POINT ( 'NONE',  ( 10.07060296712638170, -1.000000000000000000, 0.3238172648295125633 ) ) ;
#4424 = LINE ( 'NONE', #3413, #2071 ) ;
#4425 = DIRECTION ( 'NONE',  ( 0.7660444431189722403, -0.000000000000000000, -0.6427876096865462463 ) ) ;
#4426 = ORIENTED_EDGE ( 'NONE', *, *, #5546, .F. ) ;
#4427 = CARTESIAN_POINT ( 'NONE',  ( 3.769496949242444384, 1.108489920217938351, -5.504954131106829074 ) ) ;
#4428 = DIRECTION ( 'NONE',  ( 0.6427876096865409172, -0.000000000000000000, 0.7660444431189766812 ) ) ;
#4429 = DIRECTION ( 'NONE',  ( 0.000000000000000000, -0.000000000000000000, -1.000000000000000000 ) ) ;
#4430 = VERTEX_POINT ( 'NONE', #3548 ) ;
#4431 = DIRECTION ( 'NONE',  ( -0.000000000000000000, -0.000000000000000000, 1.000000000000000000 ) ) ;
#4432 = VERTEX_POINT ( 'NONE', #1577 ) ;
#4433 = LINE ( 'NONE', #4316, #3122 ) ;
#4434 = VECTOR ( 'NONE', #2376, 999.9999999999998863 ) ;
#4435 = EDGE_CURVE ( 'NONE', #2097, #3410, #5449, .T. ) ;
#4436 = VECTOR ( 'NONE', #3432, 1000.000000000000000 ) ;
#4437 = ORIENTED_EDGE ( 'NONE', *, *, #68, .T. ) ;
#4438 = CARTESIAN_POINT ( 'NONE',  ( 16.39749103983271894, 0.000000000000000000, -3.000000000000000000 ) ) ;
#4439 = VECTOR ( 'NONE', #2593, 1000.000000000000000 ) ;
#4440 = AXIS2_PLACEMENT_3D ( 'NONE', #1994, #4394, #3873 ) ;
#4441 = AXIS2_PLACEMENT_3D ( 'NONE', #1001, #2042, #544 ) ;
#4442 = VERTEX_POINT ( 'NONE', #3088 ) ;
#4443 = EDGE_CURVE ( 'NONE', #2253, #2538, #1324, .T. ) ;
#4444 = AXIS2_PLACEMENT_3D ( 'NONE', #4423, #4337, #5370 ) ;
#4445 = VERTEX_POINT ( 'NONE', #751 ) ;
#4446 = DIRECTION ( 'NONE',  ( -1.141265444721583757E-16, 0.000000000000000000, -1.000000000000000000 ) ) ;
#4447 = ORIENTED_EDGE ( 'NONE', *, *, #4748, .T. ) ;
#4448 = CARTESIAN_POINT ( 'NONE',  ( -1.499999999999988010, 1.000000000000000000, -2.240753535442224553 ) ) ;
#4449 = AXIS2_PLACEMENT_3D ( 'NONE', #5979, #3989, #2695 ) ;
#4450 = CARTESIAN_POINT ( 'NONE',  ( 11.35590445068956811, 1.399999999999999911, -4.858572962426980446 ) ) ;
#4451 = ORIENTED_EDGE ( 'NONE', *, *, #3227, .T. ) ;
#4452 = DIRECTION ( 'NONE',  ( -1.141265444721583757E-16, 0.000000000000000000, 1.000000000000000000 ) ) ;
#4453 = CARTESIAN_POINT ( 'NONE',  ( 1.500000000000006661, 0.000000000000000000, -3.007045462299395844 ) ) ;
#4454 = B_SPLINE_CURVE_WITH_KNOTS ( 'NONE', 3,
 ( #422, #1775, #5636, #2838, #3649, #5551 ),
 .UNSPECIFIED., .F., .F.,
 ( 4, 2, 4 ),
 ( 0.000000000000000000, 0.001513007688743851255, 0.003026015377487702510 ),
 .UNSPECIFIED. ) ;
#4455 = PLANE ( 'NONE',  #2660 ) ;
#4456 = CARTESIAN_POINT ( 'NONE',  ( 14.35590445068958587, 1.000000000000000000, -2.240753535442245425 ) ) ;
#4457 = VERTEX_POINT ( 'NONE', #2988 ) ;
#4458 = EDGE_LOOP ( 'NONE', ( #484, #4245, #3636, #2773 ) ) ;
#4459 = CARTESIAN_POINT ( 'NONE',  ( 5.785301483563190850, 1.000000000000000000, -4.040753535442245692 ) ) ;
#4460 = CARTESIAN_POINT ( 'NONE',  ( 0.7468596454174303290, 0.4000000000000000222, -1.000000000000000000 ) ) ;
#4461 = VECTOR ( 'NONE', #436, 1000.000000000000114 ) ;
#4462 = LINE ( 'NONE', #827, #84 ) ;
#4463 = ORIENTED_EDGE ( 'NONE', *, *, #3306, .F. ) ;
#4464 = DIRECTION ( 'NONE',  ( -1.000000000000000000, 0.000000000000000000, 0.000000000000000000 ) ) ;
#4465 = DIRECTION ( 'NONE',  ( 7.335912872304279317E-17, 0.7660444431189810111, 0.6427876096865356992 ) ) ;
#4466 = EDGE_CURVE ( 'NONE', #1107, #3889, #2619, .T. ) ;
#4467 = CARTESIAN_POINT ( 'NONE',  ( 9.081025719431053744, 1.400000000000000133, -5.098382031700254835 ) ) ;
#4468 = ORIENTED_EDGE ( 'NONE', *, *, #2924, .F. ) ;
#4469 = ORIENTED_EDGE ( 'NONE', *, *, #3611, .T. ) ;
#4470 = LINE ( 'NONE', #1632, #3351 ) ;
#4471 = DIRECTION ( 'NONE',  ( -0.000000000000000000, -0.000000000000000000, 1.000000000000000000 ) ) ;
#4472 = CARTESIAN_POINT ( 'NONE',  ( 2.785301483563185965, 3.272523262990679971, -4.655872776437634641 ) ) ;
#4473 = ADVANCED_FACE ( 'NONE', ( #4509 ), #686, .F. ) ;
#4474 = EDGE_LOOP ( 'NONE', ( #1005, #723, #4531, #3732 ) ) ;
#4475 = ORIENTED_EDGE ( 'NONE', *, *, #450, .T. ) ;
#4476 = ORIENTED_EDGE ( 'NONE', *, *, #3270, .F. ) ;
#4477 = CARTESIAN_POINT ( 'NONE',  ( 13.60276409610700377, 0.4000000000000000222, -2.240753535442239208 ) ) ;
#4478 = FACE_OUTER_BOUND ( 'NONE', #1855, .T. ) ;
#4479 = CARTESIAN_POINT ( 'NONE',  ( 17.50000000000000711, 0.4000000000000000222, 0.1662919268571574627 ) ) ;
#4480 = ORIENTED_EDGE ( 'NONE', *, *, #2612, .T. ) ;
#4481 = EDGE_CURVE ( 'NONE', #4106, #730, #4412, .T. ) ;
#4482 = CARTESIAN_POINT ( 'NONE',  ( -0.7437148944200444589, 0.4000000000000000222, -2.240753535442231215 ) ) ;
#4483 = EDGE_CURVE ( 'NONE', #2291, #4813, #2652, .T. ) ;
#4484 = VECTOR ( 'NONE', #5798, 1000.000000000000000 ) ;
#4485 = DIRECTION ( 'NONE',  ( -3.093406186374441444E-32, 1.000000000000000000, 2.710505431213761085E-16 ) ) ;
#4486 = FACE_OUTER_BOUND ( 'NONE', #4938, .T. ) ;
#4487 = DIRECTION ( 'NONE',  ( -1.000000000000000000, 0.000000000000000000, 0.000000000000000000 ) ) ;
#4488 = ORIENTED_EDGE ( 'NONE', *, *, #3030, .F. ) ;
#4489 = EDGE_LOOP ( 'NONE', ( #4625, #5801, #5722, #4223, #2839, #3796, #2971 ) ) ;
#4490 = DIRECTION ( 'NONE',  ( -1.000000000000000000, -0.000000000000000000, -0.000000000000000000 ) ) ;
#4491 = DIRECTION ( 'NONE',  ( 0.000000000000000000, 0.000000000000000000, -1.000000000000000000 ) ) ;
#4492 = CARTESIAN_POINT ( 'NONE',  ( 3.541586589143146835, 0.000000000000000000, -1.000000000000000000 ) ) ;
#4493 = ORIENTED_EDGE ( 'NONE', *, *, #116, .T. ) ;
#4494 = FACE_OUTER_BOUND ( 'NONE', #4639, .T. ) ;
#4495 = CARTESIAN_POINT ( 'NONE',  ( 1.500000000000007772, 0.000000000000000000, -2.836630331739350641 ) ) ;
#4496 = FACE_OUTER_BOUND ( 'NONE', #4474, .T. ) ;
#4497 = ORIENTED_EDGE ( 'NONE', *, *, #2055, .F. ) ;
#4498 = ORIENTED_EDGE ( 'NONE', *, *, #5622, .F. ) ;
#4499 = CARTESIAN_POINT ( 'NONE',  ( 17.50000000000000711, 0.000000000000000000, 0.1662919268571574627 ) ) ;
#4500 = CARTESIAN_POINT ( 'NONE',  ( 5.785301483563190850, 0.8628211600346445964, -0.4041232037028950064 ) ) ;
#4501 = VECTOR ( 'NONE', #1544, 1000.000000000000000 ) ;
#4502 = LINE ( 'NONE', #4973, #5749 ) ;
#4503 = EDGE_CURVE ( 'NONE', #4891, #3808, #4011, .T. ) ;
#4504 = VECTOR ( 'NONE', #5896, 1000.000000000000000 ) ;
#4505 = FACE_OUTER_BOUND ( 'NONE', #3639, .T. ) ;
#4506 = ORIENTED_EDGE ( 'NONE', *, *, #1953, .F. ) ;
#4507 = EDGE_LOOP ( 'NONE', ( #2956, #3740, #2524, #2939 ) ) ;
#4508 = DIRECTION ( 'NONE',  ( -1.000000000000000000, -0.000000000000000000, 6.982962677686266711E-15 ) ) ;
#4509 = FACE_OUTER_BOUND ( 'NONE', #4768, .T. ) ;
#4510 = VECTOR ( 'NONE', #3034, 1000.000000000000000 ) ;
#4511 = CARTESIAN_POINT ( 'NONE',  ( 3.941586589143147190, 1.000000000000000222, -2.240753535442232547 ) ) ;
#4512 = ORIENTED_EDGE ( 'NONE', *, *, #95, .F. ) ;
#4513 = VECTOR ( 'NONE', #4387, 1000.000000000000000 ) ;
#4514 = CARTESIAN_POINT ( 'NONE',  ( 10.07060296712637637, 1.400000000000041211, -4.949634213632581492 ) ) ;
#4515 = CARTESIAN_POINT ( 'NONE',  ( 15.64120593425276340, 0.9534028740753675013, 2.799999999999999822 ) ) ;
#4516 = LINE ( 'NONE', #3493, #5335 ) ;
#4517 = ADVANCED_FACE ( 'NONE', ( #3949 ), #5419, .F. ) ;
#4518 = CARTESIAN_POINT ( 'NONE',  ( 2.785301483563202840, 0.4999999999999978351, -2.240753535442224553 ) ) ;
#4519 = ORIENTED_EDGE ( 'NONE', *, *, #3185, .F. ) ;
#4520 = ADVANCED_FACE ( 'NONE', ( #5480 ), #3584, .T. ) ;
#4521 = ORIENTED_EDGE ( 'NONE', *, *, #4289, .F. ) ;
#4522 = EDGE_CURVE ( 'NONE', #2402, #2439, #2740, .T. ) ;
#4523 = LINE ( 'NONE', #3592, #4149 ) ;
#4524 = LINE ( 'NONE', #5952, #14 ) ;
#4525 = EDGE_CURVE ( 'NONE', #5772, #4602, #383, .T. ) ;
#4526 = DIRECTION ( 'NONE',  ( 1.000000000000000000, 0.000000000000000000, -0.000000000000000000 ) ) ;
#4527 = PRODUCT ( 'BTN4manufacture-s', 'BTN4manufacture-s', '', ( #1502 ) ) ;
#4528 = DIRECTION ( 'NONE',  ( -7.335912872304331086E-17, 0.7660444431189772363, 0.6427876096865402511 ) ) ;
#4529 = CARTESIAN_POINT ( 'NONE',  ( 1.500000000000011990, 1.000000000000000000, -2.240753535442245425 ) ) ;
#4530 = LINE ( 'NONE', #5186, #3198 ) ;
#4531 = ORIENTED_EDGE ( 'NONE', *, *, #5512, .T. ) ;
#4532 = EDGE_LOOP ( 'NONE', ( #5095, #2796, #943, #1506, #1074, #3470, #91, #4216, #4007, #5573, #1053, #1046, #2053, #2940, #589, #3049 ) ) ;
#4533 = LINE ( 'NONE', #2707, #3451 ) ;
#4534 = DIRECTION ( 'NONE',  ( 0.000000000000000000, 0.000000000000000000, -1.000000000000000000 ) ) ;
#4535 = CARTESIAN_POINT ( 'NONE',  ( 1.172238603733831930, 0.6722386037338314857, -0.7947340252167934826 ) ) ;
#4536 = LINE ( 'NONE', #835, #347 ) ;
#4537 = VECTOR ( 'NONE', #4644, 1000.000000000000114 ) ;
#4538 = VECTOR ( 'NONE', #4766, 1000.000000000000000 ) ;
#4539 = ORIENTED_EDGE ( 'NONE', *, *, #2735, .F. ) ;
#4540 = ORIENTED_EDGE ( 'NONE', *, *, #4174, .F. ) ;
#4541 = LINE ( 'NONE', #4979, #2135 ) ;
#4542 = ORIENTED_EDGE ( 'NONE', *, *, #1540, .T. ) ;
#4543 = CARTESIAN_POINT ( 'NONE',  ( 7.070602967126382588, 1.000000000000000000, -1.000000000000000000 ) ) ;
#4544 = VECTOR ( 'NONE', #3776, 1000.000000000000000 ) ;
#4545 = CARTESIAN_POINT ( 'NONE',  ( 16.79749103983272107, 0.4000000000000000222, -3.000000000000000000 ) ) ;
#4546 = ORIENTED_EDGE ( 'NONE', *, *, #3577, .T. ) ;
#4547 = VECTOR ( 'NONE', #4741, 1000.000000000000114 ) ;
#4548 = AXIS2_PLACEMENT_3D ( 'NONE', #2977, #640, #2514 ) ;
#4549 = ADVANCED_FACE ( 'NONE', ( #439 ), #5539, .F. ) ;
#4550 = CARTESIAN_POINT ( 'NONE',  ( 11.35590445068956456, 1.103464568314089123, -5.267165293036052631 ) ) ;
#4551 = AXIS2_PLACEMENT_3D ( 'NONE', #1676, #3585, #3549 ) ;
#4552 = LINE ( 'NONE', #785, #5104 ) ;
#4553 = LINE ( 'NONE', #329, #1880 ) ;
#4554 = CARTESIAN_POINT ( 'NONE',  ( 12.85590445068957877, 1.399999999999999911, -3.240753535442235211 ) ) ;
#4555 = ORIENTED_EDGE ( 'NONE', *, *, #4406, .T. ) ;
#4556 = ADVANCED_FACE ( 'NONE', ( #1302 ), #3175, .T. ) ;
#4557 = ADVANCED_FACE ( 'NONE', ( #1329 ), #3233, .F. ) ;
#4558 = CARTESIAN_POINT ( 'NONE',  ( 2.785301483563202840, 0.000000000000000000, -2.240753535442224553 ) ) ;
#4559 = DIRECTION ( 'NONE',  ( -1.000000000000000000, 0.000000000000000000, -0.000000000000000000 ) ) ;
#4560 = DIRECTION ( 'NONE',  ( 0.000000000000000000, -1.000000000000000000, 0.000000000000000000 ) ) ;
#4561 = LINE ( 'NONE', #1229, #1981 ) ;
#4562 = CARTESIAN_POINT ( 'NONE',  ( -0.3437148944200444922, 0.000000000000000000, -3.000000000000000000 ) ) ;
#4563 = AXIS2_PLACEMENT_3D ( 'NONE', #3322, #1069, #3386 ) ;
#4564 = EDGE_CURVE ( 'NONE', #1922, #5604, #4638, .T. ) ;
#4565 = LINE ( 'NONE', #4997, #5086 ) ;
#4566 = VERTEX_POINT ( 'NONE', #3696 ) ;
#4567 = ORIENTED_EDGE ( 'NONE', *, *, #3644, .T. ) ;
#4568 = DIRECTION ( 'NONE',  ( 0.000000000000000000, 0.000000000000000000, 1.000000000000000000 ) ) ;
#4569 = CARTESIAN_POINT ( 'NONE',  ( -0.9999999999999978906, 1.000000000000000000, -1.000000000000000000 ) ) ;
#4570 = FACE_OUTER_BOUND ( 'NONE', #6016, .T. ) ;
#4571 = LINE ( 'NONE', #5967, #3291 ) ;
#4572 = ORIENTED_EDGE ( 'NONE', *, *, #5769, .F. ) ;
#4573 = ORIENTED_EDGE ( 'NONE', *, *, #925, .T. ) ;
#4574 = CARTESIAN_POINT ( 'NONE',  ( 5.785301483563197955, 0.3999999999999999667, -3.007045462299396288 ) ) ;
#4575 = EDGE_LOOP ( 'NONE', ( #5893, #3268, #4057, #898 ) ) ;
#4576 = CARTESIAN_POINT ( 'NONE',  ( 15.64120593425275274, 8.673617379884035472E-16, -5.578147948598759065 ) ) ;
#4577 = LINE ( 'NONE', #841, #2965 ) ;
#4578 = CARTESIAN_POINT ( 'NONE',  ( 7.070602967126382588, -6.452472260329303059E-31, -0.2337080731428415326 ) ) ;
#4579 = LINE ( 'NONE', #2749, #4649 ) ;
#4580 = AXIS2_PLACEMENT_3D ( 'NONE', #5565, #5072, #5475 ) ;
#4581 = DIRECTION ( 'NONE',  ( 6.851203843408066740E-15, 0.000000000000000000, 1.000000000000000000 ) ) ;
#4582 = ORIENTED_EDGE ( 'NONE', *, *, #1333, .T. ) ;
#4583 = ADVANCED_FACE ( 'NONE', ( #409 ), #4108, .F. ) ;
#4584 =( BOUNDED_SURFACE ( )  B_SPLINE_SURFACE ( 3, 1, ( 
 ( #5299, #1589 ),
 ( #3437, #5330 ),
 ( #4801, #4771 ),
 ( #2937, #5698 ) ),
 .UNSPECIFIED., .F., .F., .F. ) 
 B_SPLINE_SURFACE_WITH_KNOTS ( ( 4, 4 ),
 ( 2, 2 ),
 ( 0.000000000000000000, 1.000000000000000000 ),
 ( 0.000000000000000000, 1.000000000000000000 ),
 .UNSPECIFIED. ) 
 GEOMETRIC_REPRESENTATION_ITEM ( )  RATIONAL_B_SPLINE_SURFACE ( (
 ( 1.000000000000000000, 1.000000000000000000),
 ( 0.9667654570425325833, 0.9667654570425325833),
 ( 0.9667654570425325833, 0.9667654570425325833),
 ( 1.000000000000000000, 1.000000000000000000) ) ) 
 REPRESENTATION_ITEM ( '' )  SURFACE ( )  );
#4585 = VECTOR ( 'NONE', #2850, 1000.000000000000000 ) ;
#4586 = LINE ( 'NONE', #2177, #4944 ) ;
#4587 = ORIENTED_EDGE ( 'NONE', *, *, #5570, .F. ) ;
#4588 = CARTESIAN_POINT ( 'NONE',  ( 14.18550059118161499, 0.7834631812238955773, -0.6072026154634229123 ) ) ;
#4589 = DIRECTION ( 'NONE',  ( -1.000000000000000000, -0.000000000000000000, 1.141265444721583757E-16 ) ) ;
#4590 = DIRECTION ( 'NONE',  ( 1.000000000000000000, 0.000000000000000000, -0.000000000000000000 ) ) ;
#4591 = EDGE_CURVE ( 'NONE', #4797, #5192, #6028, .T. ) ;
#4592 = ORIENTED_EDGE ( 'NONE', *, *, #3227, .F. ) ;
#4593 = DIRECTION ( 'NONE',  ( -1.894180325222886620E-15, -0.9625068420560822791, -0.2712574035768015590 ) ) ;
#4594 = EDGE_LOOP ( 'NONE', ( #4758, #1321, #3846, #5253 ) ) ;
#4595 = ORIENTED_EDGE ( 'NONE', *, *, #5532, .F. ) ;
#4596 = DIRECTION ( 'NONE',  ( -1.894180325222886620E-15, -0.9625068420560822791, -0.2712574035768015590 ) ) ;
#4597 = CARTESIAN_POINT ( 'NONE',  ( 15.64120593425275985, 1.399999999999999689, -4.612012738139070755 ) ) ;
#4598 = EDGE_CURVE ( 'NONE', #1022, #5679, #4049, .T. ) ;
#4599 = FACE_OUTER_BOUND ( 'NONE', #2730, .T. ) ;
#4600 = ADVANCED_FACE ( 'NONE', ( #2196 ), #1359, .F. ) ;
#4601 = DIRECTION ( 'NONE',  ( 0.000000000000000000, -1.000000000000000000, 0.000000000000000000 ) ) ;
#4602 = VERTEX_POINT ( 'NONE', #3610 ) ;
#4603 = CARTESIAN_POINT ( 'NONE',  ( 1.499999999999995337, 3.272523262990679971, -4.655877423168258922 ) ) ;
#4604 = B_SPLINE_CURVE_WITH_KNOTS ( 'NONE', 3,
 ( #3007, #5770, #4343, #4846, #5741, #2978 ),
 .UNSPECIFIED., .F., .F.,
 ( 4, 2, 4 ),
 ( 0.000000000000000000, 0.0002695394427320645602, 0.0005390788854641291204 ),
 .UNSPECIFIED. ) ;
#4605 = ADVANCED_FACE ( 'NONE', ( #2312 ), #3145, .F. ) ;
#4606 = CARTESIAN_POINT ( 'NONE',  ( 7.070602967126394134, 0.000000000000000000, -2.240753535442224553 ) ) ;
#4607 = CARTESIAN_POINT ( 'NONE',  ( 18.14120593425276340, 0.4999999999999978351, -1.000000000000000000 ) ) ;
#4608 = ORIENTED_EDGE ( 'NONE', *, *, #3900, .T. ) ;
#4609 = AXIS2_PLACEMENT_3D ( 'NONE', #2957, #622, #2032 ) ;
#4610 = CARTESIAN_POINT ( 'NONE',  ( 2.785301483563191294, 0.8628211600346445964, -0.4041232037028950064 ) ) ;
#4611 = VECTOR ( 'NONE', #5027, 1000.000000000000000 ) ;
#4612 = DIRECTION ( 'NONE',  ( 0.000000000000000000, 1.000000000000000000, 0.000000000000000000 ) ) ;
#4613 = VERTEX_POINT ( 'NONE', #4194 ) ;
#4614 = LINE ( 'NONE', #1276, #1382 ) ;
#4615 = CARTESIAN_POINT ( 'NONE',  ( 18.14120593425277761, 1.000000000000000000, -2.240753535442241873 ) ) ;
#4616 = ORIENTED_EDGE ( 'NONE', *, *, #2247, .T. ) ;
#4617 = VECTOR ( 'NONE', #3565, 1000.000000000000000 ) ;
#4618 = FACE_OUTER_BOUND ( 'NONE', #4862, .T. ) ;
#4619 = EDGE_LOOP ( 'NONE', ( #1788, #2493, #5542, #3991, #2987, #3847, #105, #3798, #387, #4157, #3970 ) ) ;
#4620 = LINE ( 'NONE', #4713, #3941 ) ;
#4621 = EDGE_CURVE ( 'NONE', #2984, #4898, #4078, .T. ) ;
#4622 = FACE_OUTER_BOUND ( 'NONE', #2684, .T. ) ;
#4623 = B_SPLINE_CURVE_WITH_KNOTS ( 'NONE', 3,
 ( #4873, #3384, #3002, #2421, #3498, #1067, #2942, #5305 ),
 .UNSPECIFIED., .F., .F.,
 ( 4, 2, 2, 4 ),
 ( 0.000000000000000000, 0.0007624254491577308170, 0.001524850898315461634, 0.003049701796630913293 ),
 .UNSPECIFIED. ) ;
#4624 = LINE ( 'NONE', #4240, #5932 ) ;
#4625 = ORIENTED_EDGE ( 'NONE', *, *, #479, .F. ) ;
#4626 = CARTESIAN_POINT ( 'NONE',  ( 11.85590445068957699, 1.000000000000000000, -1.000000000000000000 ) ) ;
#4627 = VERTEX_POINT ( 'NONE', #6056 ) ;
#4628 = CARTESIAN_POINT ( 'NONE',  ( 11.35590445068957166, 2.000000000000000000, 2.799999999999999822 ) ) ;
#4629 = ADVANCED_FACE ( 'NONE', ( #1738 ), #5063, .T. ) ;
#4630 = LINE ( 'NONE', #5676, #1360 ) ;
#4631 = B_SPLINE_CURVE_WITH_KNOTS ( 'NONE', 3,
 ( #2655, #656, #4416, #262, #4514, #1646 ),
 .UNSPECIFIED., .F., .F.,
 ( 4, 2, 4 ),
 ( 0.000000000000000000, 0.0002695394427320645602, 0.0005390788854641291204 ),
 .UNSPECIFIED. ) ;
#4632 = CARTESIAN_POINT ( 'NONE',  ( 12.85590445068957344, -1.000000000000000000, 0.3238172648295125633 ) ) ;
#4633 = EDGE_CURVE ( 'NONE', #2103, #2662, #5158, .T. ) ;
#4634 = CARTESIAN_POINT ( 'NONE',  ( 2.785301483563191738, 0.000000000000000000, 0.1662919268571591280 ) ) ;
#4635 = EDGE_CURVE ( 'NONE', #5683, #2266, #1598, .T. ) ;
#4636 = VERTEX_POINT ( 'NONE', #3964 ) ;
#4637 = PLANE ( 'NONE',  #2919 ) ;
#4638 = LINE ( 'NONE', #866, #601 ) ;
#4639 = EDGE_LOOP ( 'NONE', ( #5873, #3606, #3999, #5360 ) ) ;
#4640 = CARTESIAN_POINT ( 'NONE',  ( 2.785301483563191738, -9.103707884276093448E-31, -0.2337080731428410330 ) ) ;
#4641 = ORIENTED_EDGE ( 'NONE', *, *, #2483, .T. ) ;
#4642 = ORIENTED_EDGE ( 'NONE', *, *, #754, .T. ) ;
#4643 = ORIENTED_EDGE ( 'NONE', *, *, #5468, .T. ) ;
#4644 = DIRECTION ( 'NONE',  ( -5.813595144832437787E-15, 0.5735764363510473807, -0.8191520442889909104 ) ) ;
#4645 = DIRECTION ( 'NONE',  ( 0.000000000000000000, -1.000000000000000000, 0.000000000000000000 ) ) ;
#4646 = VERTEX_POINT ( 'NONE', #3502 ) ;
#4647 = DIRECTION ( 'NONE',  ( -0.000000000000000000, -0.000000000000000000, 1.000000000000000000 ) ) ;
#4648 = VECTOR ( 'NONE', #2334, 1000.000000000000000 ) ;
#4649 = VECTOR ( 'NONE', #4647, 1000.000000000000000 ) ;
#4650 = CARTESIAN_POINT ( 'NONE',  ( 8.570602967126387028, 1.000000000000000000, -3.240753535442235211 ) ) ;
#4651 = EDGE_LOOP ( 'NONE', ( #3700, #2973, #1611, #6060 ) ) ;
#4652 = VECTOR ( 'NONE', #3992, 1000.000000000000114 ) ;
#4653 = VECTOR ( 'NONE', #496, 1000.000000000000000 ) ;
#4654 = LINE ( 'NONE', #936, #4544 ) ;
#4655 = CARTESIAN_POINT ( 'NONE',  ( 1.500000000000003997, 0.3999999999999999667, -3.407045462299397531 ) ) ;
#4656 = FACE_OUTER_BOUND ( 'NONE', #4489, .T. ) ;
#4657 = PLANE ( 'NONE',  #4244 ) ;
#4658 = VECTOR ( 'NONE', #6066, 1000.000000000000000 ) ;
#4659 = ORIENTED_EDGE ( 'NONE', *, *, #1613, .T. ) ;
#4660 = CARTESIAN_POINT ( 'NONE',  ( 7.570602967126396798, 0.000000000000000000, -2.240753535442228106 ) ) ;
#4661 = ORIENTED_EDGE ( 'NONE', *, *, #116, .F. ) ;
#4662 = LINE ( 'NONE', #5219, #595 ) ;
#4663 = LINE ( 'NONE', #490, #176 ) ;
#4664 = CARTESIAN_POINT ( 'NONE',  ( 17.48806557967019515, 0.000000000000000000, -3.000000000000000000 ) ) ;
#4665 = EDGE_CURVE ( 'NONE', #5287, #5233, #5654, .T. ) ;
#4666 = VECTOR ( 'NONE', #1818, 1000.000000000000000 ) ;
#4667 = DIRECTION ( 'NONE',  ( 0.000000000000000000, -1.000000000000000000, -0.000000000000000000 ) ) ;
#4668 = DIRECTION ( 'NONE',  ( -0.000000000000000000, -0.000000000000000000, 1.000000000000000000 ) ) ;
#4669 = ADVANCED_BREP_SHAPE_REPRESENTATION ( 'BTN4manufacture-s', ( #216, #1995 ), #2194 ) ;
#4670 = EDGE_CURVE ( 'NONE', #3465, #2437, #3293, .T. ) ;
#4671 = ORIENTED_EDGE ( 'NONE', *, *, #6030, .T. ) ;
#4672 = EDGE_LOOP ( 'NONE', ( #1475, #464, #2087, #4947 ) ) ;
#4673 = DIRECTION ( 'NONE',  ( -0.000000000000000000, -1.000000000000000000, -0.000000000000000000 ) ) ;
#4674 = LINE ( 'NONE', #2747, #2234 ) ;
#4675 = ORIENTED_EDGE ( 'NONE', *, *, #1070, .F. ) ;
#4676 = DIRECTION ( 'NONE',  ( -1.000000000000000000, 0.000000000000000000, 6.982962677686266711E-15 ) ) ;
#4677 = VERTEX_POINT ( 'NONE', #205 ) ;
#4678 = EDGE_LOOP ( 'NONE', ( #4378, #5708, #1866, #124 ) ) ;
#4679 = EDGE_CURVE ( 'NONE', #99, #1203, #2544, .T. ) ;
#4680 = EDGE_CURVE ( 'NONE', #4851, #5856, #5373, .T. ) ;
#4681 = CARTESIAN_POINT ( 'NONE',  ( 3.541586589143146835, 0.000000000000000000, -3.000000000000000000 ) ) ;
#4682 = CARTESIAN_POINT ( 'NONE',  ( 0.3468596454174303068, 0.000000000000000000, -3.000000000000000000 ) ) ;
#4683 = PLANE ( 'NONE',  #5413 ) ;
#4684 = LINE ( 'NONE', #1812, #5142 ) ;
#4685 = EDGE_CURVE ( 'NONE', #4389, #5170, #2083, .T. ) ;
#4686 = VECTOR ( 'NONE', #1417, 1000.000000000000000 ) ;
#4687 = EDGE_LOOP ( 'NONE', ( #5290, #5295, #562, #1654 ) ) ;
#4688 = CARTESIAN_POINT ( 'NONE',  ( 8.053413943350378190, 6.728843058598058429E-16, -5.900666883513137506 ) ) ;
#4689 = ORIENTED_EDGE ( 'NONE', *, *, #5167, .T. ) ;
#4690 = DIRECTION ( 'NONE',  ( -0.000000000000000000, -0.000000000000000000, 1.000000000000000000 ) ) ;
#4691 = CARTESIAN_POINT ( 'NONE',  ( 0.3468596454174303068, 0.000000000000000000, -2.240753535442237432 ) ) ;
#4692 = FACE_OUTER_BOUND ( 'NONE', #685, .T. ) ;
#4693 = CARTESIAN_POINT ( 'NONE',  ( 1.500000000000007772, 1.000000000000000000, -2.836630331739350641 ) ) ;
#4694 = ORIENTED_EDGE ( 'NONE', *, *, #1412, .T. ) ;
#4695 = VERTEX_POINT ( 'NONE', #1134 ) ;
#4696 = ADVANCED_FACE ( 'NONE', ( #5402 ), #6081, .T. ) ;
#4697 = CARTESIAN_POINT ( 'NONE',  ( 6.947650503981261494, 1.400000000000000577, -5.141489476468492192 ) ) ;
#4698 = VERTEX_POINT ( 'NONE', #4903 ) ;
#4699 = CARTESIAN_POINT ( 'NONE',  ( 11.35590445068957344, -1.000000000000000000, 0.3238172648295125633 ) ) ;
#4700 = ORIENTED_EDGE ( 'NONE', *, *, #2799, .F. ) ;
#4701 = ORIENTED_EDGE ( 'NONE', *, *, #4633, .F. ) ;
#4702 = CARTESIAN_POINT ( 'NONE',  ( 3.253212597325237709, 0.5320888862379536954, -0.9617579545435693822 ) ) ;
#4703 = CARTESIAN_POINT ( 'NONE',  ( 7.070602967126382588, 0.4000000000000000222, 0.1662919268571562692 ) ) ;
#4704 = ORIENTED_EDGE ( 'NONE', *, *, #2419, .F. ) ;
#4705 = DIRECTION ( 'NONE',  ( 0.000000000000000000, -0.000000000000000000, -1.000000000000000000 ) ) ;
#4706 = VECTOR ( 'NONE', #2594, 1000.000000000000000 ) ;
#4707 = CARTESIAN_POINT ( 'NONE',  ( 15.64120593425276340, 0.8628211600346445964, -0.4041232037028950064 ) ) ;
#4708 = ORIENTED_EDGE ( 'NONE', *, *, #2125, .F. ) ;
#4709 = EDGE_CURVE ( 'NONE', #2837, #1072, #1888, .T. ) ;
#4710 = VECTOR ( 'NONE', #5001, 1000.000000000000000 ) ;
#4711 = LINE ( 'NONE', #1778, #4342 ) ;
#4712 = EDGE_CURVE ( 'NONE', #3194, #1898, #65, .T. ) ;
#4713 = CARTESIAN_POINT ( 'NONE',  ( 15.64120593425276340, 0.06443263463840748217, 0.1149657687835883013 ) ) ;
#4714 = CARTESIAN_POINT ( 'NONE',  ( 17.50000000000000711, 0.4000000000000000222, 0.1662919268571574627 ) ) ;
#4715 = CARTESIAN_POINT ( 'NONE',  ( 18.64120593425275629, 1.267235759035802767, -5.187091293331778985 ) ) ;
#4716 = EDGE_LOOP ( 'NONE', ( #2950, #398, #4355, #2779 ) ) ;
#4717 = CIRCLE ( 'NONE', #2926, 1.500000000000000000 ) ;
#4718 = ORIENTED_EDGE ( 'NONE', *, *, #4334, .F. ) ;
#4719 = EDGE_CURVE ( 'NONE', #4627, #3853, #3819, .T. ) ;
#4720 = FACE_OUTER_BOUND ( 'NONE', #4951, .T. ) ;
#4721 = ORIENTED_EDGE ( 'NONE', *, *, #5728, .F. ) ;
#4722 = CARTESIAN_POINT ( 'NONE',  ( 11.35590445068956278, 0.000000000000000000, -5.578147948598760841 ) ) ;
#4723 = CARTESIAN_POINT ( 'NONE',  ( 3.285301483563205061, 0.4999999999999978351, -2.240753535442228106 ) ) ;
#4724 = LINE ( 'NONE', #32, #1030 ) ;
#4725 = CARTESIAN_POINT ( 'NONE',  ( 6.920626582516963943, 1.102365630357457826, -5.215502924329154411 ) ) ;
#4726 = DIRECTION ( 'NONE',  ( 1.000000000000000000, 0.000000000000000000, 0.000000000000000000 ) ) ;
#4727 = APPLICATION_CONTEXT ( 'automotive_design' ) ;
#4728 = ORIENTED_EDGE ( 'NONE', *, *, #3446, .T. ) ;
#4729 = ORIENTED_EDGE ( 'NONE', *, *, #5391, .F. ) ;
#4730 = DIRECTION ( 'NONE',  ( 0.000000000000000000, -1.000000000000000000, -0.000000000000000000 ) ) ;
#4731 = DIRECTION ( 'NONE',  ( 1.000000000000000000, -0.000000000000000000, -6.982962677686266711E-15 ) ) ;
#4732 = EDGE_LOOP ( 'NONE', ( #1491, #3728, #870, #2450 ) ) ;
#4733 = LINE ( 'NONE', #2499, #2757 ) ;
#4734 = ORIENTED_EDGE ( 'NONE', *, *, #523, .T. ) ;
#4735 = DIRECTION ( 'NONE',  ( -1.000000000000000000, -0.000000000000000000, -0.000000000000000000 ) ) ;
#4736 = EDGE_LOOP ( 'NONE', ( #4983, #1157, #1143, #4284 ) ) ;
#4737 = ADVANCED_FACE ( 'NONE', ( #4396 ), #5341, .F. ) ;
#4738 = LINE ( 'NONE', #3890, #4045 ) ;
#4739 = AXIS2_PLACEMENT_3D ( 'NONE', #4840, #666, #2047 ) ;
#4740 = AXIS2_PLACEMENT_3D ( 'NONE', #3519, #2558, #225 ) ;
#4741 = DIRECTION ( 'NONE',  ( 7.335912872304279317E-17, 0.7660444431189810111, 0.6427876096865356992 ) ) ;
#4742 = DIRECTION ( 'NONE',  ( 1.000000000000000000, -0.000000000000000000, -6.982962677686266711E-15 ) ) ;
#4743 = DIRECTION ( 'NONE',  ( -5.813595144832437787E-15, 0.5735764363510473807, -0.8191520442889909104 ) ) ;
#4744 = EDGE_LOOP ( 'NONE', ( #779, #125, #4882, #972 ) ) ;
#4745 = CIRCLE ( 'NONE', #5340, 2.000000000000000000 ) ;
#4746 = ADVANCED_FACE ( 'NONE', ( #2577 ), #301, .F. ) ;
#4747 = AXIS2_PLACEMENT_3D ( 'NONE', #3161, #362, #5668 ) ;
#4748 = EDGE_CURVE ( 'NONE', #3779, #2984, #5985, .T. ) ;
#4749 = AXIS2_PLACEMENT_3D ( 'NONE', #923, #3670, #3265 ) ;
#4750 = VERTEX_POINT ( 'NONE', #4967 ) ;
#4751 = CARTESIAN_POINT ( 'NONE',  ( 11.35590445068957344, 0.000000000000000000, -1.000000000000000000 ) ) ;
#4752 = CARTESIAN_POINT ( 'NONE',  ( 13.88799333692752747, 0.5320888862379536954, -0.9617579545435693822 ) ) ;
#4753 = PLANE ( 'NONE',  #3426 ) ;
#4754 = VECTOR ( 'NONE', #1271, 1000.000000000000000 ) ;
#4755 = EDGE_CURVE ( 'NONE', #2097, #1536, #3995, .T. ) ;
#4756 = PLANE ( 'NONE',  #2401 ) ;
#4757 = ORIENTED_EDGE ( 'NONE', *, *, #2259, .F. ) ;
#4758 = ORIENTED_EDGE ( 'NONE', *, *, #3568, .T. ) ;
#4759 = CARTESIAN_POINT ( 'NONE',  ( 4.789411367404505349, 1.108515853782455762, -5.506187988402309941 ) ) ;
#4760 = DIRECTION ( 'NONE',  ( -1.000000000000000000, 0.000000000000000000, 6.982962677686266711E-15 ) ) ;
#4761 = EDGE_LOOP ( 'NONE', ( #1939, #3672, #1187, #1874 ) ) ;
#4762 = LINE ( 'NONE', #4290, #5133 ) ;
#4763 = ORIENTED_EDGE ( 'NONE', *, *, #2208, .F. ) ;
#4764 = PLANE ( 'NONE',  #5297 ) ;
#4765 = ORIENTED_EDGE ( 'NONE', *, *, #4220, .F. ) ;
#4766 = DIRECTION ( 'NONE',  ( -0.5407162030609378167, 0.5407162030609377057, 0.6444004775717702138 ) ) ;
#4767 = DIRECTION ( 'NONE',  ( 0.000000000000000000, 1.000000000000000000, 0.000000000000000000 ) ) ;
#4768 = EDGE_LOOP ( 'NONE', ( #4540, #1933, #4829, #2685, #4468, #4041, #547, #2169, #4241, #3896, #2828 ) ) ;
#4769 = DIRECTION ( 'NONE',  ( -0.000000000000000000, -0.000000000000000000, 1.000000000000000000 ) ) ;
#4770 = LINE ( 'NONE', #5729, #5889 ) ;
#4771 = CARTESIAN_POINT ( 'NONE',  ( 4.802489508238149796, 8.971790744797411896E-16, -5.900668485670307106 ) ) ;
#4772 = PLANE ( 'NONE',  #2072 ) ;
#4773 = ADVANCED_FACE ( 'NONE', ( #3626 ), #364, .F. ) ;
#4774 = VERTEX_POINT ( 'NONE', #3596 ) ;
#4775 = ORIENTED_EDGE ( 'NONE', *, *, #5344, .F. ) ;
#4776 = LINE ( 'NONE', #1101, #4782 ) ;
#4777 = CARTESIAN_POINT ( 'NONE',  ( 5.032161128980621179, 0.000000000000000000, -2.240753535442240096 ) ) ;
#4778 = DIRECTION ( 'NONE',  ( -1.141265444721583757E-16, -0.000000000000000000, -1.000000000000000000 ) ) ;
#4779 = AXIS2_PLACEMENT_3D ( 'NONE', #3933, #5831, #89 ) ;
#4780 = DIRECTION ( 'NONE',  ( 1.000000000000000000, -0.000000000000000000, -1.141265444721583757E-16 ) ) ;
#4781 = ORIENTED_EDGE ( 'NONE', *, *, #3603, .T. ) ;
#4782 = VECTOR ( 'NONE', #4305, 1000.000000000000000 ) ;
#4783 = VERTEX_POINT ( 'NONE', #4995 ) ;
#4784 = EDGE_LOOP ( 'NONE', ( #5199, #5357, #5656, #3629 ) ) ;
#4785 = EDGE_CURVE ( 'NONE', #354, #1862, #2180, .T. ) ;
#4786 = DIRECTION ( 'NONE',  ( -0.000000000000000000, -1.000000000000000000, -0.000000000000000000 ) ) ;
#4787 = ORIENTED_EDGE ( 'NONE', *, *, #3047, .T. ) ;
#4788 = CARTESIAN_POINT ( 'NONE',  ( 11.35590445068958587, 0.3999999999999999667, -2.240753535442224553 ) ) ;
#4789 = ORIENTED_EDGE ( 'NONE', *, *, #1987, .F. ) ;
#4790 = ADVANCED_FACE ( 'NONE', ( #3567 ), #3164, .F. ) ;
#4791 = DIRECTION ( 'NONE',  ( -0.000000000000000000, -1.000000000000000000, -0.000000000000000000 ) ) ;
#4792 = EDGE_LOOP ( 'NONE', ( #2315, #366, #2551, #72, #3368, #222, #2009, #3515, #5710, #5577, #185 ) ) ;
#4793 = FACE_OUTER_BOUND ( 'NONE', #4687, .T. ) ;
#4794 = ORIENTED_EDGE ( 'NONE', *, *, #2933, .F. ) ;
#4795 = DIRECTION ( 'NONE',  ( -6.982962677686266711E-15, 0.000000000000000000, -1.000000000000000000 ) ) ;
#4796 = CARTESIAN_POINT ( 'NONE',  ( 4.285301483563190850, 1.000000000000000000, -0.4041232037028948954 ) ) ;
#4797 = VERTEX_POINT ( 'NONE', #2639 ) ;
#4798 = PLANE ( 'NONE',  #2856 ) ;
#4799 = VECTOR ( 'NONE', #1307, 1000.000000000000000 ) ;
#4800 = CARTESIAN_POINT ( 'NONE',  ( 5.935338194225412423, 1.102365273526561218, -5.215486168409626977 ) ) ;
#4801 = CARTESIAN_POINT ( 'NONE',  ( 4.802489508238151572, 1.115317123975225533, -5.586345496996282023 ) ) ;
#4802 = DIRECTION ( 'NONE',  ( 0.000000000000000000, -0.000000000000000000, -1.000000000000000000 ) ) ;
#4803 = ORIENTED_EDGE ( 'NONE', *, *, #4029, .T. ) ;
#4804 = ORIENTED_EDGE ( 'NONE', *, *, #3792, .T. ) ;
#4805 = EDGE_CURVE ( 'NONE', #4613, #5284, #4121, .T. ) ;
#4806 = DIRECTION ( 'NONE',  ( -1.141265444721583757E-16, -0.000000000000000000, -1.000000000000000000 ) ) ;
#4807 = CARTESIAN_POINT ( 'NONE',  ( 5.785301483563190850, 0.000000000000000000, -0.2337080731428413938 ) ) ;
#4808 = CARTESIAN_POINT ( 'NONE',  ( 11.35590445068957166, 1.499358225474672235, 1.300000000000000044 ) ) ;
#4809 = VECTOR ( 'NONE', #736, 1000.000000000000000 ) ;
#4810 = VECTOR ( 'NONE', #5767, 1000.000000000000000 ) ;
#4811 = ADVANCED_FACE ( 'NONE', ( #273 ), #1694, .F. ) ;
#4812 = CARTESIAN_POINT ( 'NONE',  ( 10.07060296712638170, 1.000000000000000000, -0.4041232037028950064 ) ) ;
#4813 = VERTEX_POINT ( 'NONE', #6013 ) ;
#4814 = ORIENTED_EDGE ( 'NONE', *, *, #5553, .F. ) ;
#4815 = DIRECTION ( 'NONE',  ( 0.6427876096865409172, -0.000000000000000000, -0.7660444431189766812 ) ) ;
#4816 = ORIENTED_EDGE ( 'NONE', *, *, #5879, .F. ) ;
#4817 = ORIENTED_EDGE ( 'NONE', *, *, #756, .T. ) ;
#4818 = CARTESIAN_POINT ( 'NONE',  ( 5.785301483563203284, 1.000000000000000000, -2.240753535442245425 ) ) ;
#4819 = EDGE_CURVE ( 'NONE', #2076, #3345, #4561, .T. ) ;
#4820 = ADVANCED_FACE ( 'NONE', ( #1283 ), #2603, .F. ) ;
#4821 = EDGE_CURVE ( 'NONE', #4813, #1967, #1721, .T. ) ;
#4822 = VERTEX_POINT ( 'NONE', #1781 ) ;
#4823 = ORIENTED_EDGE ( 'NONE', *, *, #1004, .F. ) ;
#4824 = ORIENTED_EDGE ( 'NONE', *, *, #1877, .T. ) ;
#4825 = CARTESIAN_POINT ( 'NONE',  ( 11.35590445068957166, 0.000000000000000000, 1.999999999999997335 ) ) ;
#4826 = VERTEX_POINT ( 'NONE', #3658 ) ;
#4827 = FACE_OUTER_BOUND ( 'NONE', #4507, .T. ) ;
#4828 = CARTESIAN_POINT ( 'NONE',  ( 0.7468596454174356580, 0.4000000000000000222, -2.240753535442240096 ) ) ;
#4829 = ORIENTED_EDGE ( 'NONE', *, *, #3792, .F. ) ;
#4830 = ADVANCED_FACE ( 'NONE', ( #4494 ), #2149, .T. ) ;
#4831 = CARTESIAN_POINT ( 'NONE',  ( 15.64120593425276340, 2.072578233334808395, 1.800000000000000044 ) ) ;
#4832 = CARTESIAN_POINT ( 'NONE',  ( 3.186416115765130730, 1.399999999999774758, -5.329232319203288881 ) ) ;
#4833 = CARTESIAN_POINT ( 'NONE',  ( 10.07060296712639413, 0.000000000000000000, -2.240753535442245425 ) ) ;
#4834 = DIRECTION ( 'NONE',  ( 0.000000000000000000, -1.000000000000000000, 0.000000000000000000 ) ) ;
#4835 = ORIENTED_EDGE ( 'NONE', *, *, #3213, .F. ) ;
#4836 = AXIS2_PLACEMENT_3D ( 'NONE', #2548, #4730, #3365 ) ;
#4837 = VERTEX_POINT ( 'NONE', #5921 ) ;
#4838 = AXIS2_PLACEMENT_3D ( 'NONE', #1454, #2836, #4859 ) ;
#4839 = LINE ( 'NONE', #3412, #3360 ) ;
#4840 = CARTESIAN_POINT ( 'NONE',  ( 15.64120593425276340, 1.000000000000000000, -1.000000000000000000 ) ) ;
#4841 = DIRECTION ( 'NONE',  ( 0.000000000000000000, 0.000000000000000000, -1.000000000000000000 ) ) ;
#4842 = AXIS2_PLACEMENT_3D ( 'NONE', #1459, #3802, #3831 ) ;
#4843 = AXIS2_PLACEMENT_3D ( 'NONE', #2724, #938, #4153 ) ;
#4844 = VECTOR ( 'NONE', #2399, 1000.000000000000000 ) ;
#4845 = B_SPLINE_CURVE_WITH_KNOTS ( 'NONE', 3,
 ( #307, #707, #5028, #4467, #2641, #3134, #738, #5526 ),
 .UNSPECIFIED., .F., .F.,
 ( 4, 2, 2, 4 ),
 ( 0.000000000000000000, 0.0007624254491577281065, 0.001524850898315456213, 0.003049701796630912426 ),
 .UNSPECIFIED. ) ;
#4846 = CARTESIAN_POINT ( 'NONE',  ( 1.499999999999992673, 1.372613645930301551, -5.038802382218242393 ) ) ;
#4847 = ORIENTED_EDGE ( 'NONE', *, *, #2620, .F. ) ;
#4848 = ORIENTED_EDGE ( 'NONE', *, *, #1867, .F. ) ;
#4849 = VECTOR ( 'NONE', #1951, 1000.000000000000000 ) ;
#4850 = CARTESIAN_POINT ( 'NONE',  ( -0.9999999999999859002, 1.000000000000000000, -2.240753535442228106 ) ) ;
#4851 = VERTEX_POINT ( 'NONE', #767 ) ;
#4852 = DIRECTION ( 'NONE',  ( -1.000000000000000000, -0.000000000000000000, 6.982962677686266711E-15 ) ) ;
#4853 = ADVANCED_FACE ( 'NONE', ( #4933 ), #703, .F. ) ;
#4854 = AXIS2_PLACEMENT_3D ( 'NONE', #3671, #1330, #5102 ) ;
#4855 = EDGE_LOOP ( 'NONE', ( #4708, #3044, #984, #789 ) ) ;
#4856 = VERTEX_POINT ( 'NONE', #2207 ) ;
#4857 = LINE ( 'NONE', #590, #1153 ) ;
#4858 = ORIENTED_EDGE ( 'NONE', *, *, #5694, .F. ) ;
#4859 = DIRECTION ( 'NONE',  ( -1.000000000000000000, 0.000000000000000000, 6.982962677686266711E-15 ) ) ;
#4860 = EDGE_CURVE ( 'NONE', #922, #5021, #4091, .T. ) ;
#4861 = DIRECTION ( 'NONE',  ( 6.851203843408066740E-15, 0.000000000000000000, 1.000000000000000000 ) ) ;
#4862 = EDGE_LOOP ( 'NONE', ( #5093, #5637, #5123, #1620 ) ) ;
#4863 = DIRECTION ( 'NONE',  ( 1.000000000000000000, 0.000000000000000000, -6.982962677686266711E-15 ) ) ;
#4864 = CARTESIAN_POINT ( 'NONE',  ( 15.64120593425277050, 1.000000000000000000, -3.007045462299397620 ) ) ;
#4865 = EDGE_CURVE ( 'NONE', #1363, #4313, #2954, .T. ) ;
#4866 = FACE_OUTER_BOUND ( 'NONE', #6083, .T. ) ;
#4867 = CARTESIAN_POINT ( 'NONE',  ( 2.785301483563191294, 1.000000000000000000, -1.000000000000000000 ) ) ;
#4868 = EDGE_LOOP ( 'NONE', ( #2990, #2024, #810, #5833, #1960, #941 ) ) ;
#4869 = EDGE_CURVE ( 'NONE', #3487, #5810, #3315, .T. ) ;
#4870 = EDGE_CURVE ( 'NONE', #5038, #3066, #5455, .T. ) ;
#4871 = ORIENTED_EDGE ( 'NONE', *, *, #302, .F. ) ;
#4872 = LINE ( 'NONE', #3001, #18 ) ;
#4873 = CARTESIAN_POINT ( 'NONE',  ( 18.64120593425275985, 1.399999999999999911, -4.858578065624948650 ) ) ;
#4874 = EDGE_CURVE ( 'NONE', #2729, #5037, #5670, .T. ) ;
#4875 = LINE ( 'NONE', #2976, #576 ) ;
#4876 = CARTESIAN_POINT ( 'NONE',  ( 17.50000000000000711, 0.000000000000000000, -3.007045462299397620 ) ) ;
#4877 = DIRECTION ( 'NONE',  ( 0.5407162030609378167, 0.5407162030609377057, 0.6444004775717702138 ) ) ;
#4878 = ORIENTED_EDGE ( 'NONE', *, *, #3072, .F. ) ;
#4879 = LINE ( 'NONE', #2001, #2528 ) ;
#4880 = CLOSED_SHELL ( 'NONE', ( #4473, #1118, #2508, #4198, #5763, #4820, #903, #1079, #2782, #2106, #5886, #5907, #1996, #6099, #4065, #3944, #258, #3080, #3192, #1080, #6106, #3668, #1612, #3341, #2060, #6104, #3256, #4963, #2804, #5965, #6075, #299, #4017, #5384, #5022, #2364, #2966, #2840, #1912, #6032, #1160, #4556, #229, #2143, #1313, #219, #1389, #2992, #2960, #4737, #4583, #2543, #5682, #5806, #3824, #5956, #1978, #5846, #4520, #792, #2727, #5479, #3422, #4178, #1197, #2910, #4399, #1570, #3929, #5515, #373, #4830, #3615, #2553, #2323, #4853, #1003, #5719, #5725, #2162, #4600, #5757, #2095, #4811, #4605, #2051, #3127, #4100, #5040, #5062, #1727, #5608, #4148, #2930, #5693, #4549, #596, #5251, #2803, #4328, #4557, #5465, #4696, #1583, #3524, #3308, #4790, #3087, #4773, #5126, #4107, #2203, #1445, #1959, #3854, #5323, #894, #3121, #67, #6021, #952, #6070, #3594, #143, #4984, #4886, #3902, #638, #5011, #5227, #630, #4746, #508, #4251, #5318, #1944, #967, #5502, #6043, #3769, #2847, #445, #491, #5403, #5368, #5244, #2832, #2676, #2496, #1090, #4092, #3747, #2732, #4629, #4371, #3531, #5153, #1662, #3373, #3727, #3875, #4064, #5556, #1374, #2170, #1696, #5658, #5016, #4517, #672, #671, #865, #3409, #131, #1151 ) ) ;
#4881 = ORIENTED_EDGE ( 'NONE', *, *, #6055, .T. ) ;
#4882 = ORIENTED_EDGE ( 'NONE', *, *, #4680, .T. ) ;
#4883 = FACE_OUTER_BOUND ( 'NONE', #433, .T. ) ;
#4884 = CIRCLE ( 'NONE', #2215, 1.500000000000000000 ) ;
#4885 = ORIENTED_EDGE ( 'NONE', *, *, #4050, .F. ) ;
#4886 = ADVANCED_FACE ( 'NONE', ( #1436 ), #4657, .T. ) ;
#4887 = DIRECTION ( 'NONE',  ( 0.000000000000000000, 1.000000000000000000, 0.000000000000000000 ) ) ;
#4888 = ORIENTED_EDGE ( 'NONE', *, *, #150, .T. ) ;
#4889 = DIRECTION ( 'NONE',  ( 7.097089222158425653E-15, -0.000000000000000000, 1.000000000000000000 ) ) ;
#4890 = FACE_OUTER_BOUND ( 'NONE', #3496, .T. ) ;
#4891 = VERTEX_POINT ( 'NONE', #3189 ) ;
#4892 = CARTESIAN_POINT ( 'NONE',  ( 11.35590445068957699, 1.000000000000000000, -3.407045462299396643 ) ) ;
#4893 = CARTESIAN_POINT ( 'NONE',  ( 3.729917831789482552, 1.399999999999831823, -5.423416779412474575 ) ) ;
#4894 = DIRECTION ( 'NONE',  ( -0.000000000000000000, -0.000000000000000000, 1.000000000000000000 ) ) ;
#4895 = LINE ( 'NONE', #1554, #3750 ) ;
#4896 = ORIENTED_EDGE ( 'NONE', *, *, #5983, .T. ) ;
#4897 = EDGE_CURVE ( 'NONE', #575, #2097, #971, .T. ) ;
#4898 = VERTEX_POINT ( 'NONE', #1931 ) ;
#4899 = CARTESIAN_POINT ( 'NONE',  ( 14.37331586065873168, 1.399999999999999911, -4.852261884540959080 ) ) ;
#4900 = CARTESIAN_POINT ( 'NONE',  ( 5.032161128980621179, 0.4000000000000000222, -3.000000000000000000 ) ) ;
#4901 = LINE ( 'NONE', #3414, #1260 ) ;
#4902 = VERTEX_POINT ( 'NONE', #1871 ) ;
#4903 = CARTESIAN_POINT ( 'NONE',  ( 2.785301483563194846, 0.3999999999999999667, -3.407045462299397531 ) ) ;
#4904 = AXIS2_PLACEMENT_3D ( 'NONE', #5261, #2985, #5320 ) ;
#4905 = PLANE ( 'NONE',  #56 ) ;
#4906 = EDGE_LOOP ( 'NONE', ( #5661, #2258, #253, #1965 ) ) ;
#4907 = ORIENTED_EDGE ( 'NONE', *, *, #3687, .T. ) ;
#4908 = VECTOR ( 'NONE', #4815, 1000.000000000000114 ) ;
#4909 = LINE ( 'NONE', #213, #3055 ) ;
#4910 = DIRECTION ( 'NONE',  ( 1.141265444721583757E-16, -2.710505431213761085E-16, 1.000000000000000000 ) ) ;
#4911 = EDGE_LOOP ( 'NONE', ( #3800, #4126, #3113, #1318 ) ) ;
#4912 = DIRECTION ( 'NONE',  ( 0.000000000000000000, 0.000000000000000000, -1.000000000000000000 ) ) ;
#4913 = VECTOR ( 'NONE', #2943, 1000.000000000000000 ) ;
#4914 = VERTEX_POINT ( 'NONE', #5090 ) ;
#4915 = ORIENTED_EDGE ( 'NONE', *, *, #1432, .T. ) ;
#4916 = VERTEX_POINT ( 'NONE', #3312 ) ;
#4917 = CARTESIAN_POINT ( 'NONE',  ( 12.85590445068956811, 1.399999999999999911, -4.612012738139083190 ) ) ;
#4918 = ORIENTED_EDGE ( 'NONE', *, *, #525, .T. ) ;
#4919 = CARTESIAN_POINT ( 'NONE',  ( 0.2548938557110478897, 1.400000000000000133, -5.120689233910754368 ) ) ;
#4920 = DIRECTION ( 'NONE',  ( -6.982962677686266711E-15, 0.000000000000000000, -1.000000000000000000 ) ) ;
#4921 = ORIENTED_EDGE ( 'NONE', *, *, #2289, .F. ) ;
#4922 = LINE ( 'NONE', #2532, #5540 ) ;
#4923 = DIRECTION ( 'NONE',  ( 0.000000000000000000, -1.000000000000000000, 0.000000000000000000 ) ) ;
#4924 = CARTESIAN_POINT ( 'NONE',  ( 16.39749103983271894, 0.000000000000000000, -3.000000000000000000 ) ) ;
#4925 = CARTESIAN_POINT ( 'NONE',  ( 15.64120593425276340, 1.000000000000000000, 2.799999999999999822 ) ) ;
#4926 = ORIENTED_EDGE ( 'NONE', *, *, #2299, .F. ) ;
#4927 = EDGE_CURVE ( 'NONE', #1107, #5193, #483, .T. ) ;
#4928 = ORIENTED_EDGE ( 'NONE', *, *, #511, .F. ) ;
#4929 = LINE ( 'NONE', #5023, #2761 ) ;
#4930 = LINE ( 'NONE', #4460, #2858 ) ;
#4931 = LINE ( 'NONE', #700, #4117 ) ;
#4932 = EDGE_CURVE ( 'NONE', #5751, #4442, #4155, .T. ) ;
#4933 = FACE_OUTER_BOUND ( 'NONE', #2963, .T. ) ;
#4934 = EDGE_CURVE ( 'NONE', #1946, #5653, #4271, .T. ) ;
#4935 = CARTESIAN_POINT ( 'NONE',  ( -0.9999999999999978906, 0.000000000000000000, -1.000000000000000000 ) ) ;
#4936 = LINE ( 'NONE', #2119, #2995 ) ;
#4937 = VERTEX_POINT ( 'NONE', #5558 ) ;
#4938 = EDGE_LOOP ( 'NONE', ( #3330, #2999, #3963, #1527 ) ) ;
#4939 = PLANE ( 'NONE',  #4836 ) ;
#4940 = CARTESIAN_POINT ( 'NONE',  ( 7.070602967126371041, 1.399999999999999467, -4.949661896593934074 ) ) ;
#4941 = VECTOR ( 'NONE', #2213, 1000.000000000000000 ) ;
#4942 = VECTOR ( 'NONE', #2130, 1000.000000000000000 ) ;
#4943 = LINE ( 'NONE', #1109, #3669 ) ;
#4944 = VECTOR ( 'NONE', #2600, 1000.000000000000000 ) ;
#4945 = EDGE_CURVE ( 'NONE', #2648, #4432, #4684, .T. ) ;
#4946 = AXIS2_PLACEMENT_3D ( 'NONE', #3202, #4135, #5623 ) ;
#4947 = ORIENTED_EDGE ( 'NONE', *, *, #5278, .F. ) ;
#4948 = VERTEX_POINT ( 'NONE', #5118 ) ;
#4949 = VERTEX_POINT ( 'NONE', #2726 ) ;
#4950 = DIRECTION ( 'NONE',  ( 0.000000000000000000, -0.6427876096865358102, 0.7660444431189811221 ) ) ;
#4951 = EDGE_LOOP ( 'NONE', ( #3522, #5703, #3070, #1970 ) ) ;
#4952 = CARTESIAN_POINT ( 'NONE',  ( 2.785301483563190850, 1.000000000000000000, 2.799999999999999822 ) ) ;
#4953 = VECTOR ( 'NONE', #2590, 1000.000000000000000 ) ;
#4954 = CARTESIAN_POINT ( 'NONE',  ( 13.36632720299424903, 1.400000000000000133, -5.098382031700254835 ) ) ;
#4955 = ORIENTED_EDGE ( 'NONE', *, *, #2219, .T. ) ;
#4956 = CARTESIAN_POINT ( 'NONE',  ( 1.499999999999986899, 8.673617379884035472E-16, -5.578152595329384233 ) ) ;
#4957 = PLANE ( 'NONE',  #106 ) ;
#4958 = DIRECTION ( 'NONE',  ( -0.000000000000000000, -1.000000000000000000, -0.000000000000000000 ) ) ;
#4959 = ORIENTED_EDGE ( 'NONE', *, *, #5344, .T. ) ;
#4960 = ORIENTED_EDGE ( 'NONE', *, *, #554, .F. ) ;
#4961 = LINE ( 'NONE', #5917, #3553 ) ;
#4962 = CARTESIAN_POINT ( 'NONE',  ( 2.785301483563181968, 1.103464568314089123, -5.267165293036052631 ) ) ;
#4963 = ADVANCED_FACE ( 'NONE', ( #2354 ), #3281, .F. ) ;
#4964 = VECTOR ( 'NONE', #66, 1000.000000000000000 ) ;
#4965 = DIRECTION ( 'NONE',  ( 0.6427876096865409172, -0.000000000000000000, 0.7660444431189766812 ) ) ;
#4966 = ORIENTED_EDGE ( 'NONE', *, *, #34, .F. ) ;
#4967 = CARTESIAN_POINT ( 'NONE',  ( 12.51218955626953111, 0.3999999999999999667, -2.240753535442232547 ) ) ;
#4968 = CARTESIAN_POINT ( 'NONE',  ( 12.11218955626952898, 0.3999999999999999667, -1.000000000000000000 ) ) ;
#4969 = DIRECTION ( 'NONE',  ( -0.000000000000000000, -0.000000000000000000, 1.000000000000000000 ) ) ;
#4970 = ORIENTED_EDGE ( 'NONE', *, *, #4897, .F. ) ;
#4971 = DIRECTION ( 'NONE',  ( 1.894180325222886620E-15, 0.9625068420560822791, 0.2712574035768015590 ) ) ;
#4972 = CARTESIAN_POINT ( 'NONE',  ( 5.785301483563197955, 0.000000000000000000, -3.007045462299396288 ) ) ;
#4973 = CARTESIAN_POINT ( 'NONE',  ( 1.500000000000000222, 0.4000000000000000222, 0.1662919268571592668 ) ) ;
#4974 = PRODUCT_DEFINITION_SHAPE ( 'NONE', 'NONE',  #3231 ) ;
#4975 = FACE_OUTER_BOUND ( 'NONE', #3209, .T. ) ;
#4976 = EDGE_CURVE ( 'NONE', #1903, #1740, #4624, .T. ) ;
#4977 = ORIENTED_EDGE ( 'NONE', *, *, #5925, .F. ) ;
#4978 = ORIENTED_EDGE ( 'NONE', *, *, #2434, .F. ) ;
#4979 = CARTESIAN_POINT ( 'NONE',  ( 14.35590445068957344, 0.4000000000000000222, 0.1662919268571577958 ) ) ;
#4980 = VERTEX_POINT ( 'NONE', #3248 ) ;
#4981 = CARTESIAN_POINT ( 'NONE',  ( -1.015228504149125355, 1.399999999999999911, -5.033282760356246222 ) ) ;
#4982 = CARTESIAN_POINT ( 'NONE',  ( 11.84067594654044875, 1.399999999999999911, -5.033282760356246222 ) ) ;
#4983 = ORIENTED_EDGE ( 'NONE', *, *, #4398, .T. ) ;
#4984 = ADVANCED_FACE ( 'NONE', ( #5150 ), #3942, .T. ) ;
#4985 = DIRECTION ( 'NONE',  ( 0.7660444431189722403, -0.000000000000000000, -0.6427876096865462463 ) ) ;
#4986 = CARTESIAN_POINT ( 'NONE',  ( 13.20276409610700519, 0.4000000000000000222, -3.000000000000000000 ) ) ;
#4987 = DIRECTION ( 'NONE',  ( 0.000000000000000000, -1.000000000000000000, 0.000000000000000000 ) ) ;
#4988 = CARTESIAN_POINT ( 'NONE',  ( 18.14120593425276340, 0.000000000000000000, -1.000000000000000000 ) ) ;
#4989 = VERTEX_POINT ( 'NONE', #1463 ) ;
#4990 = ORIENTED_EDGE ( 'NONE', *, *, #4031, .T. ) ;
#4991 = CARTESIAN_POINT ( 'NONE',  ( 11.35590445068957344, 1.000000000000000000, -0.4041232037028950064 ) ) ;
#4992 = CARTESIAN_POINT ( 'NONE',  ( 5.785301483563203284, 0.000000000000000000, -2.240753535442245425 ) ) ;
#4993 = CARTESIAN_POINT ( 'NONE',  ( 15.62385110722800974, 1.400000000000000355, -4.852277374311896985 ) ) ;
#4994 = ORIENTED_EDGE ( 'NONE', *, *, #3901, .F. ) ;
#4995 = CARTESIAN_POINT ( 'NONE',  ( 5.785301483563190850, 0.000000000000000000, -0.4041232037028952284 ) ) ;
#4996 = DIRECTION ( 'NONE',  ( -1.000000000000000000, 0.000000000000000000, 1.141265444721583757E-16 ) ) ;
#4997 = CARTESIAN_POINT ( 'NONE',  ( 15.64120593425276340, 0.4000000000000000222, 0.1662919268571572406 ) ) ;
#4998 = ORIENTED_EDGE ( 'NONE', *, *, #58, .T. ) ;
#4999 = VERTEX_POINT ( 'NONE', #3344 ) ;
#5000 = LINE ( 'NONE', #3574, #3151 ) ;
#5001 = DIRECTION ( 'NONE',  ( 0.000000000000000000, -1.000000000000000000, 0.000000000000000000 ) ) ;
#5002 = VECTOR ( 'NONE', #3676, 1000.000000000000000 ) ;
#5003 = FACE_OUTER_BOUND ( 'NONE', #1223, .T. ) ;
#5004 = EDGE_CURVE ( 'NONE', #3722, #4783, #4895, .T. ) ;
#5005 = VECTOR ( 'NONE', #3537, 1000.000000000000114 ) ;
#5006 = LINE ( 'NONE', #1358, #149 ) ;
#5007 = ORIENTED_EDGE ( 'NONE', *, *, #457, .T. ) ;
#5008 = ORIENTED_EDGE ( 'NONE', *, *, #3946, .F. ) ;
#5009 = PLANE ( 'NONE',  #78 ) ;
#5010 = DIRECTION ( 'NONE',  ( -6.868836133214109346E-15, 0.000000000000000000, -1.000000000000000000 ) ) ;
#5011 = ADVANCED_FACE ( 'NONE', ( #5366 ), #1125, .F. ) ;
#5012 = VECTOR ( 'NONE', #4395, 1000.000000000000000 ) ;
#5013 = EDGE_CURVE ( 'NONE', #1388, #4125, #3805, .T. ) ;
#5014 = CARTESIAN_POINT ( 'NONE',  ( 14.35590445068956811, 1.399999999999999911, -4.858578065624948650 ) ) ;
#5015 = VERTEX_POINT ( 'NONE', #2014 ) ;
#5016 = ADVANCED_FACE ( 'NONE', ( #2998 ), #4772, .F. ) ;
#5017 = LINE ( 'NONE', #3058, #1288 ) ;
#5018 = LINE ( 'NONE', #4986, #4004 ) ;
#5019 = CARTESIAN_POINT ( 'NONE',  ( 7.070602967126382588, 0.000000000000000000, -1.000000000000000000 ) ) ;
#5020 = LINE ( 'NONE', #4925, #122 ) ;
#5021 = VERTEX_POINT ( 'NONE', #5761 ) ;
#5022 = ADVANCED_FACE ( 'NONE', ( #5271 ), #5240, .T. ) ;
#5023 = CARTESIAN_POINT ( 'NONE',  ( 1.500000000000011990, 0.000000000000000000, -2.240753535442245425 ) ) ;
#5024 = LINE ( 'NONE', #3656, #1884 ) ;
#5025 = LINE ( 'NONE', #1254, #5602 ) ;
#5026 = CARTESIAN_POINT ( 'NONE',  ( 7.826888072706338129, 0.4000000000000000222, -3.000000000000000000 ) ) ;
#5027 = DIRECTION ( 'NONE',  ( 1.000000000000000000, 0.000000000000000000, 0.000000000000000000 ) ) ;
#5028 = CARTESIAN_POINT ( 'NONE',  ( 9.581758128136367958, 1.400000000000000577, -5.010998372119821909 ) ) ;
#5029 = ORIENTED_EDGE ( 'NONE', *, *, #3719, .F. ) ;
#5030 = VERTEX_POINT ( 'NONE', #4332 ) ;
#5031 = LINE ( 'NONE', #1728, #5236 ) ;
#5032 = CARTESIAN_POINT ( 'NONE',  ( 11.35590445068957344, 0.000000000000000000, 0.1662919268571581566 ) ) ;
#5033 = PLANE ( 'NONE',  #2687 ) ;
#5034 = CARTESIAN_POINT ( 'NONE',  ( 2.785301483563190406, 1.000000000000000000, -4.040753535442224376 ) ) ;
#5035 = VECTOR ( 'NONE', #1139, 1000.000000000000000 ) ;
#5036 = AXIS2_PLACEMENT_3D ( 'NONE', #2379, #3887, #1427 ) ;
#5037 = VERTEX_POINT ( 'NONE', #4419 ) ;
#5038 = VERTEX_POINT ( 'NONE', #2480 ) ;
#5039 = DIRECTION ( 'NONE',  ( 0.000000000000000000, 0.000000000000000000, -1.000000000000000000 ) ) ;
#5040 = ADVANCED_FACE ( 'NONE', ( #574 ), #4366, .F. ) ;
#5041 = CARTESIAN_POINT ( 'NONE',  ( 4.285301483563190850, 1.000000000000000000, 0.000000000000000000 ) ) ;
#5042 = VECTOR ( 'NONE', #192, 1000.000000000000000 ) ;
#5043 = DIRECTION ( 'NONE',  ( -1.000000000000000000, 0.000000000000000000, 0.000000000000000000 ) ) ;
#5044 = VERTEX_POINT ( 'NONE', #2449 ) ;
#5045 = VECTOR ( 'NONE', #52, 1000.000000000000000 ) ;
#5046 = AXIS2_PLACEMENT_3D ( 'NONE', #4543, #1797, #6000 ) ;
#5047 = VECTOR ( 'NONE', #1528, 1000.000000000000000 ) ;
#5048 = B_SPLINE_CURVE_WITH_KNOTS ( 'NONE', 3,
 ( #3850, #3936, #5744, #2026, #2458, #3421, #1016, #2550 ),
 .UNSPECIFIED., .F., .F.,
 ( 4, 2, 2, 4 ),
 ( 0.000000000000000000, 0.0007624254491577277812, 0.001524850898315455562, 0.003049701796630912426 ),
 .UNSPECIFIED. ) ;
#5049 = CARTESIAN_POINT ( 'NONE',  ( 0.5552763338308959185, 1.400000000000169997, -5.423430774507966845 ) ) ;
#5050 = EDGE_CURVE ( 'NONE', #1903, #3381, #3893, .T. ) ;
#5051 = VECTOR ( 'NONE', #1056, 1000.000000000000000 ) ;
#5052 = DIRECTION ( 'NONE',  ( -7.097089222158424864E-15, 0.000000000000000000, -1.000000000000000000 ) ) ;
#5053 = CARTESIAN_POINT ( 'NONE',  ( 15.64120593425276340, 0.000000000000000000, -0.2337080731428425040 ) ) ;
#5054 = CARTESIAN_POINT ( 'NONE',  ( 16.79749103983272107, 0.000000000000000000, -1.000000000000000000 ) ) ;
#5055 = ORIENTED_EDGE ( 'NONE', *, *, #4709, .F. ) ;
#5056 = EDGE_CURVE ( 'NONE', #3780, #5683, #2416, .T. ) ;
#5057 = FACE_OUTER_BOUND ( 'NONE', #910, .T. ) ;
#5058 = PLANE ( 'NONE',  #1093 ) ;
#5059 = EDGE_CURVE ( 'NONE', #1228, #3411, #5788, .T. ) ;
#5060 = CARTESIAN_POINT ( 'NONE',  ( -1.500000000000000444, 2.000000000000000000, 2.799999999999999822 ) ) ;
#5061 = DIRECTION ( 'NONE',  ( -1.000000000000000000, 0.000000000000000000, 6.868836133214108557E-15 ) ) ;
#5062 = ADVANCED_FACE ( 'NONE', ( #1033 ), #3469, .T. ) ;
#5063 =( BOUNDED_SURFACE ( )  B_SPLINE_SURFACE ( 3, 1, ( 
 ( #5508, #4576 ),
 ( #352, #1821 ),
 ( #2227, #1767 ),
 ( #5101, #3790 ) ),
 .UNSPECIFIED., .F., .F., .F. ) 
 B_SPLINE_SURFACE_WITH_KNOTS ( ( 4, 4 ),
 ( 2, 2 ),
 ( 0.000000000000000000, 1.000000000000000000 ),
 ( 0.000000000000000000, 1.000000000000000000 ),
 .UNSPECIFIED. ) 
 GEOMETRIC_REPRESENTATION_ITEM ( )  RATIONAL_B_SPLINE_SURFACE ( (
 ( 1.000000000000000000, 1.000000000000000000),
 ( 0.9667654570425325833, 0.9667654570425325833),
 ( 0.9667654570425325833, 0.9667654570425325833),
 ( 1.000000000000000000, 1.000000000000000000) ) ) 
 REPRESENTATION_ITEM ( '' )  SURFACE ( )  );
#5064 = CARTESIAN_POINT ( 'NONE',  ( 15.64120593425275629, 1.191276127410975327, -5.242417899579847607 ) ) ;
#5065 = EDGE_CURVE ( 'NONE', #3889, #821, #2905, .T. ) ;
#5066 = CARTESIAN_POINT ( 'NONE',  ( 14.35590445068957344, 1.000000000000000000, -4.040753535442245692 ) ) ;
#5067 = EDGE_LOOP ( 'NONE', ( #3372, #5937, #1924, #2536, #4757 ) ) ;
#5068 = ORIENTED_EDGE ( 'NONE', *, *, #2386, .F. ) ;
#5069 = CARTESIAN_POINT ( 'NONE',  ( 1.500000000000011990, 1.000000000000000000, -2.240753535442245425 ) ) ;
#5070 = CARTESIAN_POINT ( 'NONE',  ( 9.570602967126392357, 0.4999999999999978351, -2.240753535442241873 ) ) ;
#5071 = LINE ( 'NONE', #1356, #4260 ) ;
#5072 = DIRECTION ( 'NONE',  ( -0.7660444431189766812, 0.000000000000000000, 0.6427876096865409172 ) ) ;
#5073 = VERTEX_POINT ( 'NONE', #2938 ) ;
#5074 = LINE ( 'NONE', #839, #5599 ) ;
#5075 = ORIENTED_EDGE ( 'NONE', *, *, #3327, .F. ) ;
#5076 = DIRECTION ( 'NONE',  ( 0.000000000000000000, 1.000000000000000000, -0.000000000000000000 ) ) ;
#5077 = CARTESIAN_POINT ( 'NONE',  ( 17.50000000000000711, 0.4000000000000000222, 0.1662919268571574627 ) ) ;
#5078 = EDGE_CURVE ( 'NONE', #1022, #4021, #604, .T. ) ;
#5079 = CARTESIAN_POINT ( 'NONE',  ( 1.517411409969156466, 1.399999999999999911, -4.852261884540959080 ) ) ;
#5080 = DIRECTION ( 'NONE',  ( -0.000000000000000000, -1.000000000000000000, 0.000000000000000000 ) ) ;
#5081 = LINE ( 'NONE', #1831, #4145 ) ;
#5082 = VECTOR ( 'NONE', #5221, 1000.000000000000000 ) ;
#5083 = DIRECTION ( 'NONE',  ( -1.141265444721583757E-16, 0.000000000000000000, 1.000000000000000000 ) ) ;
#5084 = ORIENTED_EDGE ( 'NONE', *, *, #1910, .F. ) ;
#5085 = EDGE_CURVE ( 'NONE', #2056, #1672, #1626, .T. ) ;
#5086 = VECTOR ( 'NONE', #3167, 1000.000000000000000 ) ;
#5087 = CARTESIAN_POINT ( 'NONE',  ( 2.785301483563191294, 0.000000000000000000, -1.000000000000000000 ) ) ;
#5088 = CARTESIAN_POINT ( 'NONE',  ( 7.748108024234261352E-15, 1.000000000000000000, -2.836630331739339983 ) ) ;
#5089 = CARTESIAN_POINT ( 'NONE',  ( 17.50000000000000711, 0.4000000000000000222, -3.407045462299397531 ) ) ;
#5090 = CARTESIAN_POINT ( 'NONE',  ( 14.35590445068956456, 1.103464666456457577, -5.267169912107815044 ) ) ;
#5091 = EDGE_CURVE ( 'NONE', #1852, #5604, #4156, .T. ) ;
#5092 = EDGE_CURVE ( 'NONE', #1825, #2547, #836, .T. ) ;
#5093 = ORIENTED_EDGE ( 'NONE', *, *, #655, .F. ) ;
#5094 = DIRECTION ( 'NONE',  ( 1.000000000000000000, -0.000000000000000000, -0.000000000000000000 ) ) ;
#5095 = ORIENTED_EDGE ( 'NONE', *, *, #5059, .T. ) ;
#5096 = PLANE ( 'NONE',  #5141 ) ;
#5097 = LINE ( 'NONE', #435, #3223 ) ;
#5098 = CARTESIAN_POINT ( 'NONE',  ( 11.35590445068957166, 2.072578233334808395, 1.800000000000000044 ) ) ;
#5099 = LINE ( 'NONE', #4102, #641 ) ;
#5100 = DIRECTION ( 'NONE',  ( 1.000000000000000000, -0.000000000000000000, 0.000000000000000000 ) ) ;
#5101 = CARTESIAN_POINT ( 'NONE',  ( 18.64120593425275985, 1.115317123975225755, -5.263829606655359150 ) ) ;
#5102 = DIRECTION ( 'NONE',  ( 0.000000000000000000, 0.000000000000000000, -1.000000000000000000 ) ) ;
#5103 = ORIENTED_EDGE ( 'NONE', *, *, #114, .F. ) ;
#5104 = VECTOR ( 'NONE', #3060, 1000.000000000000114 ) ;
#5105 = ORIENTED_EDGE ( 'NONE', *, *, #606, .F. ) ;
#5106 = VERTEX_POINT ( 'NONE', #3558 ) ;
#5107 = CARTESIAN_POINT ( 'NONE',  ( 1.102607980234355800, 1.400000000000840350, -5.327909680985624341 ) ) ;
#5108 = VECTOR ( 'NONE', #2617, 1000.000000000000000 ) ;
#5109 = DIRECTION ( 'NONE',  ( 1.084202172485504434E-16, 3.577867169202164632E-15, 1.000000000000000000 ) ) ;
#5110 = ORIENTED_EDGE ( 'NONE', *, *, #3003, .F. ) ;
#5111 = CARTESIAN_POINT ( 'NONE',  ( 8.917462612543813449, 0.000000000000000000, -3.000000000000000000 ) ) ;
#5112 = LINE ( 'NONE', #6096, #4658 ) ;
#5113 = VERTEX_POINT ( 'NONE', #2596 ) ;
#5114 = VECTOR ( 'NONE', #2601, 1000.000000000000000 ) ;
#5115 = DIRECTION ( 'NONE',  ( 1.000000000000000000, -0.000000000000000000, -1.141265444721583757E-16 ) ) ;
#5116 = LINE ( 'NONE', #5212, #1293 ) ;
#5117 = DIRECTION ( 'NONE',  ( 0.000000000000000000, 1.000000000000000000, 0.000000000000000000 ) ) ;
#5118 = CARTESIAN_POINT ( 'NONE',  ( 13.20276409610700519, 0.000000000000000000, -1.000000000000000000 ) ) ;
#5119 = EDGE_CURVE ( 'NONE', #1072, #4445, #5020, .T. ) ;
#5120 = B_SPLINE_CURVE_WITH_KNOTS ( 'NONE', 3,
 ( #1519, #2500, #3919, #2474, #626, #5782 ),
 .UNSPECIFIED., .F., .F.,
 ( 4, 2, 4 ),
 ( 0.000000000000000000, 0.0002695394427320645602, 0.0005390788854641291204 ),
 .UNSPECIFIED. ) ;
#5121 = ORIENTED_EDGE ( 'NONE', *, *, #3110, .T. ) ;
#5122 = CARTESIAN_POINT ( 'NONE',  ( 13.97551513625285757, 1.106465162429382421, -5.408006954961696700 ) ) ;
#5123 = ORIENTED_EDGE ( 'NONE', *, *, #1730, .F. ) ;
#5124 = LINE ( 'NONE', #1844, #1972 ) ;
#5125 = LINE ( 'NONE', #5157, #2440 ) ;
#5126 = ADVANCED_FACE ( 'NONE', ( #5518 ), #2139, .F. ) ;
#5127 = CYLINDRICAL_SURFACE ( 'NONE', #3570, 2.000000000000000000 ) ;
#5128 =( NAMED_UNIT ( * ) PLANE_ANGLE_UNIT ( ) SI_UNIT ( $, .RADIAN. ) );
#5129 = EDGE_CURVE ( 'NONE', #1517, #2445, #3028, .T. ) ;
#5130 = CARTESIAN_POINT ( 'NONE',  ( 11.35590445068957166, 0.5351768109448618027, 2.449066664678465788 ) ) ;
#5131 = DIRECTION ( 'NONE',  ( -1.000000000000000000, 0.000000000000000000, 0.000000000000000000 ) ) ;
#5132 = EDGE_CURVE ( 'NONE', #575, #478, #5850, .T. ) ;
#5133 = VECTOR ( 'NONE', #1947, 1000.000000000000000 ) ;
#5134 = AXIS2_PLACEMENT_3D ( 'NONE', #6007, #2320, #2295 ) ;
#5135 = VERTEX_POINT ( 'NONE', #4085 ) ;
#5136 = ORIENTED_EDGE ( 'NONE', *, *, #2394, .F. ) ;
#5137 = CARTESIAN_POINT ( 'NONE',  ( -1.622952463145119983, 1.400000000000000355, -5.141489476468490416 ) ) ;
#5138 = CARTESIAN_POINT ( 'NONE',  ( 1.499999999999999778, 1.000000000000000000, -4.040753535442245692 ) ) ;
#5139 = ORIENTED_EDGE ( 'NONE', *, *, #2424, .T. ) ;
#5140 = CARTESIAN_POINT ( 'NONE',  ( 7.070602967126389693, 1.000000000000000000, -2.836630331739329769 ) ) ;
#5141 = AXIS2_PLACEMENT_3D ( 'NONE', #3631, #5529, #856 ) ;
#5142 = VECTOR ( 'NONE', #1346, 1000.000000000000000 ) ;
#5143 = DIRECTION ( 'NONE',  ( 0.000000000000000000, -1.000000000000000000, 0.000000000000000000 ) ) ;
#5144 = VERTEX_POINT ( 'NONE', #5054 ) ;
#5145 = AXIS2_PLACEMENT_3D ( 'NONE', #1162, #1192, #3160 ) ;
#5146 = AXIS2_PLACEMENT_3D ( 'NONE', #1865, #4204, #16 ) ;
#5147 = CARTESIAN_POINT ( 'NONE',  ( 15.64120593425276340, 0.5351768109448616917, 2.449066664678465788 ) ) ;
#5148 = CARTESIAN_POINT ( 'NONE',  ( 1.500000000000000444, 1.499358225474672235, 2.799999999999999822 ) ) ;
#5149 = DIRECTION ( 'NONE',  ( 0.000000000000000000, -1.000000000000000000, -0.000000000000000000 ) ) ;
#5150 = FACE_OUTER_BOUND ( 'NONE', #2602, .T. ) ;
#5151 = VECTOR ( 'NONE', #4232, 1000.000000000000000 ) ;
#5152 = VERTEX_POINT ( 'NONE', #2075 ) ;
#5153 = ADVANCED_FACE ( 'NONE', ( #5457 ), #2201, .T. ) ;
#5154 = CARTESIAN_POINT ( 'NONE',  ( 15.64120593425276340, -1.150001012435725345E-31, -0.2337080731428425040 ) ) ;
#5155 = ORIENTED_EDGE ( 'NONE', *, *, #920, .F. ) ;
#5156 = CARTESIAN_POINT ( 'NONE',  ( 14.35590445068958054, 1.000000000000000000, -3.007045462299397176 ) ) ;
#5157 = CARTESIAN_POINT ( 'NONE',  ( 5.785301483563203284, 0.000000000000000000, -2.240753535442245425 ) ) ;
#5158 = B_SPLINE_CURVE_WITH_KNOTS ( 'NONE', 3,
 ( #953, #1419, #4427, #4759, #2049, #2370 ),
 .UNSPECIFIED., .F., .F.,
 ( 4, 2, 4 ),
 ( 0.000000000000000000, 0.001513007688743851905, 0.003026015377487702510 ),
 .UNSPECIFIED. ) ;
#5159 = DIRECTION ( 'NONE',  ( 1.000000000000000000, -0.000000000000000000, 0.000000000000000000 ) ) ;
#5160 = VECTOR ( 'NONE', #4377, 1000.000000000000000 ) ;
#5161 =( LENGTH_UNIT ( ) NAMED_UNIT ( * ) SI_UNIT ( .MILLI., .METRE. ) );
#5162 = ORIENTED_EDGE ( 'NONE', *, *, #3453, .T. ) ;
#5163 = VERTEX_POINT ( 'NONE', #4988 ) ;
#5164 = CARTESIAN_POINT ( 'NONE',  ( 2.785301483563190850, -1.000000000000000000, 0.3238172648295125633 ) ) ;
#5165 = ORIENTED_EDGE ( 'NONE', *, *, #2289, .T. ) ;
#5166 = CARTESIAN_POINT ( 'NONE',  ( 3.941586589143147190, 0.4000000000000000222, -3.000000000000000000 ) ) ;
#5167 = EDGE_CURVE ( 'NONE', #675, #3449, #1249, .T. ) ;
#5168 = EDGE_CURVE ( 'NONE', #2402, #1568, #5881, .T. ) ;
#5169 = VERTEX_POINT ( 'NONE', #1617 ) ;
#5170 = VERTEX_POINT ( 'NONE', #820 ) ;
#5171 = LINE ( 'NONE', #5545, #2914 ) ;
#5172 = EDGE_CURVE ( 'NONE', #4368, #1388, #3494, .T. ) ;
#5173 = LINE ( 'NONE', #4703, #5002 ) ;
#5174 = VERTEX_POINT ( 'NONE', #265 ) ;
#5175 = FACE_OUTER_BOUND ( 'NONE', #3282, .T. ) ;
#5176 = ORIENTED_EDGE ( 'NONE', *, *, #2509, .T. ) ;
#5177 = CARTESIAN_POINT ( 'NONE',  ( 11.35590445068957166, 2.000000000000000000, 1.739099631177264405 ) ) ;
#5178 = VERTEX_POINT ( 'NONE', #5394 ) ;
#5179 = EDGE_CURVE ( 'NONE', #5600, #1428, #3528, .T. ) ;
#5180 = DIRECTION ( 'NONE',  ( -6.982962677686266711E-15, 0.000000000000000000, -1.000000000000000000 ) ) ;
#5181 = DIRECTION ( 'NONE',  ( -1.141265444721583757E-16, -0.000000000000000000, -1.000000000000000000 ) ) ;
#5182 = CARTESIAN_POINT ( 'NONE',  ( 17.50000000000000711, 0.000000000000000000, -3.407045462299397531 ) ) ;
#5183 = CARTESIAN_POINT ( 'NONE',  ( 12.33871542691356993, 6.728843058598058429E-16, -5.900666883513137506 ) ) ;
#5184 = ORIENTED_EDGE ( 'NONE', *, *, #3023, .T. ) ;
#5185 = ORIENTED_EDGE ( 'NONE', *, *, #2436, .F. ) ;
#5186 = CARTESIAN_POINT ( 'NONE',  ( 12.51218955626952933, 0.000000000000000000, -3.000000000000000000 ) ) ;
#5187 = ORIENTED_EDGE ( 'NONE', *, *, #142, .F. ) ;
#5188 = DIRECTION ( 'NONE',  ( 0.000000000000000000, 1.000000000000000000, 0.000000000000000000 ) ) ;
#5189 = DIRECTION ( 'NONE',  ( 7.097089222158424864E-15, 0.000000000000000000, 1.000000000000000000 ) ) ;
#5190 =( LENGTH_UNIT ( ) NAMED_UNIT ( * ) SI_UNIT ( .MILLI., .METRE. ) );
#5191 = DIRECTION ( 'NONE',  ( -0.7660444431189811221, 0.000000000000000000, -0.6427876096865355882 ) ) ;
#5192 = VERTEX_POINT ( 'NONE', #5426 ) ;
#5193 = VERTEX_POINT ( 'NONE', #2168 ) ;
#5194 = CARTESIAN_POINT ( 'NONE',  ( 7.053248140101628039, 1.400000000000000355, -4.852277374311898761 ) ) ;
#5195 = ORIENTED_EDGE ( 'NONE', *, *, #3716, .T. ) ;
#5196 = PLANE ( 'NONE',  #2388 ) ;
#5197 = EDGE_CURVE ( 'NONE', #1473, #5751, #728, .T. ) ;
#5198 = ORIENTED_EDGE ( 'NONE', *, *, #2885, .F. ) ;
#5199 = ORIENTED_EDGE ( 'NONE', *, *, #2673, .T. ) ;
#5200 = LINE ( 'NONE', #2582, #5625 ) ;
#5201 = EDGE_CURVE ( 'NONE', #3722, #1362, #2661, .T. ) ;
#5202 = LINE ( 'NONE', #2805, #4799 ) ;
#5203 = ORIENTED_EDGE ( 'NONE', *, *, #529, .T. ) ;
#5204 = CARTESIAN_POINT ( 'NONE',  ( 1.500000000000000222, 1.000000000000000000, 0.3238172648295121747 ) ) ;
#5205 = ORIENTED_EDGE ( 'NONE', *, *, #3801, .F. ) ;
#5206 = EDGE_CURVE ( 'NONE', #1477, #5289, #3094, .T. ) ;
#5207 = VECTOR ( 'NONE', #5759, 1000.000000000000114 ) ;
#5208 = PLANE ( 'NONE',  #1890 ) ;
#5209 = ORIENTED_EDGE ( 'NONE', *, *, #4934, .T. ) ;
#5210 = AXIS2_PLACEMENT_3D ( 'NONE', #1509, #4910, #555 ) ;
#5211 = CARTESIAN_POINT ( 'NONE',  ( 17.50000000000000711, 0.000000000000000000, 0.1662919268571574627 ) ) ;
#5212 = CARTESIAN_POINT ( 'NONE',  ( 5.032161128980621179, 0.4000000000000000222, -1.000000000000000000 ) ) ;
#5213 = CARTESIAN_POINT ( 'NONE',  ( 17.48806557967019515, 0.4000000000000000222, -2.240753535442239208 ) ) ;
#5214 = CARTESIAN_POINT ( 'NONE',  ( -1.500000000000011102, 2.000000000000000000, -5.468901542184338993 ) ) ;
#5215 = ORIENTED_EDGE ( 'NONE', *, *, #3339, .F. ) ;
#5216 = VECTOR ( 'NONE', #2670, 1000.000000000000000 ) ;
#5217 = EDGE_LOOP ( 'NONE', ( #4847, #5282, #4437, #534 ) ) ;
#5218 = LINE ( 'NONE', #3752, #4585 ) ;
#5219 = CARTESIAN_POINT ( 'NONE',  ( 11.35590445068957344, 1.000000000000000000, -0.4041232037028950064 ) ) ;
#5220 = DIRECTION ( 'NONE',  ( -7.335912872304331086E-17, 0.7660444431189772363, 0.6427876096865402511 ) ) ;
#5221 = DIRECTION ( 'NONE',  ( -0.000000000000000000, -0.000000000000000000, 1.000000000000000000 ) ) ;
#5222 = VERTEX_POINT ( 'NONE', #1715 ) ;
#5223 = CARTESIAN_POINT ( 'NONE',  ( 17.50000000000000711, 0.4000000000000000222, -3.407045462299397531 ) ) ;
#5224 = CARTESIAN_POINT ( 'NONE',  ( -0.3437148944200444922, 0.000000000000000000, -1.000000000000000000 ) ) ;
#5225 = ORIENTED_EDGE ( 'NONE', *, *, #1306, .T. ) ;
#5226 = VERTEX_POINT ( 'NONE', #3125 ) ;
#5227 = ADVANCED_FACE ( 'NONE', ( #3590 ), #5486, .T. ) ;
#5228 = CARTESIAN_POINT ( 'NONE',  ( 14.35590445068957344, 0.000000000000000000, -0.4041232037028952284 ) ) ;
#5229 = CARTESIAN_POINT ( 'NONE',  ( 18.64120593425277761, 1.399999999999999911, -2.240753535442245425 ) ) ;
#5230 = ORIENTED_EDGE ( 'NONE', *, *, #3983, .T. ) ;
#5231 = DIRECTION ( 'NONE',  ( -0.000000000000000000, -0.000000000000000000, 1.000000000000000000 ) ) ;
#5232 = CARTESIAN_POINT ( 'NONE',  ( 17.14120593425276340, 2.000000000000000000, 0.000000000000000000 ) ) ;
#5233 = VERTEX_POINT ( 'NONE', #2750 ) ;
#5234 = EDGE_CURVE ( 'NONE', #5560, #5030, #3708, .T. ) ;
#5235 = CARTESIAN_POINT ( 'NONE',  ( -1.500000000000000888, 1.000000000000000000, -4.040753535442224376 ) ) ;
#5236 = VECTOR ( 'NONE', #1291, 1000.000000000000000 ) ;
#5237 = AXIS2_PLACEMENT_3D ( 'NONE', #257, #5358, #1243 ) ;
#5238 = CARTESIAN_POINT ( 'NONE',  ( 12.51218955626952933, 0.4000000000000000222, -1.000000000000000000 ) ) ;
#5239 = CARTESIAN_POINT ( 'NONE',  ( 10.07060296712638348, 1.499358225474672235, 2.799999999999999822 ) ) ;
#5240 = CYLINDRICAL_SURFACE ( 'NONE', #3654, 2.000000000000000000 ) ;
#5241 = EDGE_LOOP ( 'NONE', ( #3064, #1574, #2304, #2112 ) ) ;
#5242 = AXIS2_PLACEMENT_3D ( 'NONE', #4831, #2413, #1092 ) ;
#5243 = VECTOR ( 'NONE', #82, 1000.000000000000000 ) ;
#5244 = ADVANCED_FACE ( 'NONE', ( #3774 ), #5208, .T. ) ;
#5245 = ORIENTED_EDGE ( 'NONE', *, *, #2651, .T. ) ;
#5246 = CARTESIAN_POINT ( 'NONE',  ( 17.50000000000000711, 0.4000000000000000222, -0.2337080731428426150 ) ) ;
#5247 = DIRECTION ( 'NONE',  ( -0.000000000000000000, -0.000000000000000000, 1.000000000000000000 ) ) ;
#5248 = CARTESIAN_POINT ( 'NONE',  ( 10.07060296712638170, 0.000000000000000000, 0.1662919268571582954 ) ) ;
#5249 = AXIS2_PLACEMENT_3D ( 'NONE', #4382, #5812, #2962 ) ;
#5250 = CARTESIAN_POINT ( 'NONE',  ( 8.917462612543813449, 0.4000000000000000222, -1.000000000000000000 ) ) ;
#5251 = ADVANCED_FACE ( 'NONE', ( #5664 ), #1309, .T. ) ;
#5252 = VERTEX_POINT ( 'NONE', #2232 ) ;
#5253 = ORIENTED_EDGE ( 'NONE', *, *, #1342, .F. ) ;
#5254 = CARTESIAN_POINT ( 'NONE',  ( 5.785301483563187297, 1.399999999999999689, -4.612012738139092072 ) ) ;
#5255 = EDGE_LOOP ( 'NONE', ( #874, #2721, #5452, #3126 ) ) ;
#5256 = LINE ( 'NONE', #1019, #1503 ) ;
#5257 = EDGE_LOOP ( 'NONE', ( #1098, #5382, #3418, #4422, #1453 ) ) ;
#5258 = AXIS2_PLACEMENT_3D ( 'NONE', #2710, #2189, #4072 ) ;
#5259 = DIRECTION ( 'NONE',  ( 7.097089222158425653E-15, -0.000000000000000000, 1.000000000000000000 ) ) ;
#5260 = ORIENTED_EDGE ( 'NONE', *, *, #2545, .T. ) ;
#5261 = CARTESIAN_POINT ( 'NONE',  ( 2.785301483563191294, 1.000000000000000000, -0.4041232037028950064 ) ) ;
#5262 = VERTEX_POINT ( 'NONE', #3182 ) ;
#5263 = LINE ( 'NONE', #4293, #4436 ) ;
#5264 = ORIENTED_EDGE ( 'NONE', *, *, #4435, .F. ) ;
#5265 = CARTESIAN_POINT ( 'NONE',  ( 10.07060296712639058, 1.000000000000000000, -2.836630331739350641 ) ) ;
#5266 = VERTEX_POINT ( 'NONE', #2720 ) ;
#5267 = EDGE_CURVE ( 'NONE', #1852, #3599, #477, .T. ) ;
#5268 = LINE ( 'NONE', #1585, #3652 ) ;
#5269 = FACE_OUTER_BOUND ( 'NONE', #1202, .T. ) ;
#5270 = PLANE ( 'NONE',  #3723 ) ;
#5271 = FACE_OUTER_BOUND ( 'NONE', #4868, .T. ) ;
#5272 = ORIENTED_EDGE ( 'NONE', *, *, #4819, .T. ) ;
#5273 = EDGE_CURVE ( 'NONE', #4937, #3481, #6041, .T. ) ;
#5274 = EDGE_LOOP ( 'NONE', ( #2260, #2066, #2810, #3856 ) ) ;
#5275 = DIRECTION ( 'NONE',  ( -1.000000000000000000, -0.000000000000000000, 1.141265444721583757E-16 ) ) ;
#5276 = CARTESIAN_POINT ( 'NONE',  ( 11.35590445068957344, 0.000000000000000000, -1.000000000000000000 ) ) ;
#5277 = DIRECTION ( 'NONE',  ( -0.000000000000000000, -0.000000000000000000, 1.000000000000000000 ) ) ;
#5278 = EDGE_CURVE ( 'NONE', #1568, #1114, #4454, .T. ) ;
#5279 = EDGE_CURVE ( 'NONE', #4075, #2381, #1460, .T. ) ;
#5280 = VECTOR ( 'NONE', #2489, 1000.000000000000000 ) ;
#5281 = CARTESIAN_POINT ( 'NONE',  ( 16.79749103983272107, 0.4000000000000000222, -1.000000000000000000 ) ) ;
#5282 = ORIENTED_EDGE ( 'NONE', *, *, #2885, .T. ) ;
#5283 = VECTOR ( 'NONE', #123, 1000.000000000000000 ) ;
#5284 = VERTEX_POINT ( 'NONE', #5177 ) ;
#5285 = ORIENTED_EDGE ( 'NONE', *, *, #1347, .F. ) ;
#5286 = CARTESIAN_POINT ( 'NONE',  ( 1.499999999999999778, 1.000000000000000000, -4.040753535442245692 ) ) ;
#5287 = VERTEX_POINT ( 'NONE', #1403 ) ;
#5288 = DIRECTION ( 'NONE',  ( -1.000000000000000000, 0.000000000000000000, 6.982962677686266711E-15 ) ) ;
#5289 = VERTEX_POINT ( 'NONE', #1806 ) ;
#5290 = ORIENTED_EDGE ( 'NONE', *, *, #824, .F. ) ;
#5291 = DIRECTION ( 'NONE',  ( -1.000000000000000000, 0.000000000000000000, 6.982962677686266711E-15 ) ) ;
#5292 = EDGE_LOOP ( 'NONE', ( #2090, #1508, #239, #1073, #1542 ) ) ;
#5293 = PLANE ( 'NONE',  #4838 ) ;
#5294 = CARTESIAN_POINT ( 'NONE',  ( 8.570602967126387028, 1.399999999999999911, -3.240753535442235211 ) ) ;
#5295 = ORIENTED_EDGE ( 'NONE', *, *, #2706, .T. ) ;
#5296 = CARTESIAN_POINT ( 'NONE',  ( -0.5171890237760033981, 1.115317123975225533, -5.586343894839111535 ) ) ;
#5297 = AXIS2_PLACEMENT_3D ( 'NONE', #4291, #2099, #3608 ) ;
#5298 = LINE ( 'NONE', #602, #2817 ) ;
#5299 = CARTESIAN_POINT ( 'NONE',  ( 2.785301483563182412, 1.115317123975225755, -5.263824959924734870 ) ) ;
#5300 = DIRECTION ( 'NONE',  ( -1.000000000000000000, 0.000000000000000000, 0.000000000000000000 ) ) ;
#5301 = EDGE_LOOP ( 'NONE', ( #2175, #1756, #3559, #17 ) ) ;
#5302 = VECTOR ( 'NONE', #3086, 1000.000000000000000 ) ;
#5303 = ORIENTED_EDGE ( 'NONE', *, *, #920, .T. ) ;
#5304 = PLANE ( 'NONE',  #546 ) ;
#5305 = CARTESIAN_POINT ( 'NONE',  ( 15.64120593425275629, 1.399999999999999911, -4.858572962426980446 ) ) ;
#5306 = EDGE_CURVE ( 'NONE', #4646, #3477, #3276, .T. ) ;
#5307 = CARTESIAN_POINT ( 'NONE',  ( 1.500000000000011990, 1.399999999999999911, -2.240753535442245425 ) ) ;
#5308 = VECTOR ( 'NONE', #3474, 1000.000000000000000 ) ;
#5309 = CIRCLE ( 'NONE', #2638, 1.500000000000000000 ) ;
#5310 = CARTESIAN_POINT ( 'NONE',  ( 5.785301483563203284, 0.000000000000000000, -2.240753535442245425 ) ) ;
#5311 = EDGE_CURVE ( 'NONE', #4273, #5030, #3241, .T. ) ;
#5312 = EDGE_LOOP ( 'NONE', ( #2004, #762, #648, #677, #2288, #1375, #5588, #90, #2891, #5860, #4881 ) ) ;
#5313 = VERTEX_POINT ( 'NONE', #392 ) ;
#5314 = DIRECTION ( 'NONE',  ( -0.000000000000000000, -0.000000000000000000, 1.000000000000000000 ) ) ;
#5315 = LINE ( 'NONE', #1420, #228 ) ;
#5316 = VERTEX_POINT ( 'NONE', #2265 ) ;
#5317 = ORIENTED_EDGE ( 'NONE', *, *, #261, .F. ) ;
#5318 = ADVANCED_FACE ( 'NONE', ( #2296 ), #4146, .F. ) ;
#5319 = ORIENTED_EDGE ( 'NONE', *, *, #2669, .T. ) ;
#5320 = DIRECTION ( 'NONE',  ( -0.000000000000000000, -1.000000000000000000, 0.000000000000000000 ) ) ;
#5321 = ORIENTED_EDGE ( 'NONE', *, *, #6112, .T. ) ;
#5322 = LINE ( 'NONE', #963, #4538 ) ;
#5323 = ADVANCED_FACE ( 'NONE', ( #4179 ), #1832, .F. ) ;
#5324 = LINE ( 'NONE', #3829, #608 ) ;
#5325 = ORIENTED_EDGE ( 'NONE', *, *, #2574, .F. ) ;
#5326 = EDGE_CURVE ( 'NONE', #4566, #5804, #5112, .T. ) ;
#5327 = EDGE_CURVE ( 'NONE', #4916, #2530, #3739, .T. ) ;
#5328 = PLANE ( 'NONE',  #4842 ) ;
#5329 = DIRECTION ( 'NONE',  ( -1.141265444721583757E-16, -0.000000000000000000, -1.000000000000000000 ) ) ;
#5330 = CARTESIAN_POINT ( 'NONE',  ( 3.768112459787186008, 8.971790744797411896E-16, -5.900666883513138394 ) ) ;
#5331 = CARTESIAN_POINT ( 'NONE',  ( 11.35590445068957344, 0.8628211600346445964, -0.4041232037028950064 ) ) ;
#5332 = ORIENTED_EDGE ( 'NONE', *, *, #4025, .F. ) ;
#5333 = VECTOR ( 'NONE', #4248, 1000.000000000000000 ) ;
#5334 = ORIENTED_EDGE ( 'NONE', *, *, #2357, .F. ) ;
#5335 = VECTOR ( 'NONE', #194, 1000.000000000000000 ) ;
#5336 = ORIENTED_EDGE ( 'NONE', *, *, #3232, .T. ) ;
#5337 = FACE_OUTER_BOUND ( 'NONE', #1736, .T. ) ;
#5338 = CARTESIAN_POINT ( 'NONE',  ( 7.070602967126382588, 0.000000000000000000, -0.2337080731428415326 ) ) ;
#5339 = CARTESIAN_POINT ( 'NONE',  ( 13.91734343231061821, 0.5614389816210439976, -0.9267798729277888503 ) ) ;
#5340 = AXIS2_PLACEMENT_3D ( 'NONE', #3215, #5115, #6044 ) ;
#5341 = PLANE ( 'NONE',  #4548 ) ;
#5342 = VECTOR ( 'NONE', #4119, 1000.000000000000000 ) ;
#5343 = VECTOR ( 'NONE', #3408, 1000.000000000000000 ) ;
#5344 = EDGE_CURVE ( 'NONE', #2316, #5144, #1430, .T. ) ;
#5345 = CARTESIAN_POINT ( 'NONE',  ( 7.070602967126380811, 1.000000000000000000, -4.040753535442224376 ) ) ;
#5346 = ORIENTED_EDGE ( 'NONE', *, *, #1188, .T. ) ;
#5347 = ORIENTED_EDGE ( 'NONE', *, *, #5179, .F. ) ;
#5348 = VECTOR ( 'NONE', #692, 1000.000000000000000 ) ;
#5349 = CARTESIAN_POINT ( 'NONE',  ( 12.85590445068957344, 1.000000000000000000, -0.4041232037028948954 ) ) ;
#5350 = ORIENTED_EDGE ( 'NONE', *, *, #5799, .F. ) ;
#5351 = DIRECTION ( 'NONE',  ( -1.000000000000000000, 0.000000000000000000, -1.141265444721583757E-16 ) ) ;
#5352 = B_SPLINE_CURVE_WITH_KNOTS ( 'NONE', 3,
 ( #5493, #305, #5924, #2605, #3133, #242 ),
 .UNSPECIFIED., .F., .F.,
 ( 4, 2, 4 ),
 ( 0.000000000000000000, 0.0002694863184573001772, 0.0005389726369146003544 ),
 .UNSPECIFIED. ) ;
#5353 = EDGE_LOOP ( 'NONE', ( #1100, #1932, #2615, #5844 ) ) ;
#5354 = ORIENTED_EDGE ( 'NONE', *, *, #5915, .F. ) ;
#5355 = ORIENTED_EDGE ( 'NONE', *, *, #3327, .T. ) ;
#5356 = DIRECTION ( 'NONE',  ( -1.141265444721583757E-16, -0.000000000000000000, -1.000000000000000000 ) ) ;
#5357 = ORIENTED_EDGE ( 'NONE', *, *, #1910, .T. ) ;
#5358 = DIRECTION ( 'NONE',  ( 1.000000000000000000, 0.000000000000000000, 0.000000000000000000 ) ) ;
#5359 = FACE_OUTER_BOUND ( 'NONE', #2815, .T. ) ;
#5360 = ORIENTED_EDGE ( 'NONE', *, *, #5167, .F. ) ;
#5361 = EDGE_CURVE ( 'NONE', #5266, #5135, #3860, .T. ) ;
#5362 = VECTOR ( 'NONE', #2982, 1000.000000000000000 ) ;
#5363 = CARTESIAN_POINT ( 'NONE',  ( 5.785301483563203284, 1.000000000000000000, -2.240753535442245425 ) ) ;
#5364 = CARTESIAN_POINT ( 'NONE',  ( 4.840577817393747040, 1.400000000000169997, -5.423430774507966845 ) ) ;
#5365 = DIRECTION ( 'NONE',  ( -1.141265444721583757E-16, 0.000000000000000000, -1.000000000000000000 ) ) ;
#5366 = FACE_OUTER_BOUND ( 'NONE', #1233, .T. ) ;
#5367 = VERTEX_POINT ( 'NONE', #509 ) ;
#5368 = ADVANCED_FACE ( 'NONE', ( #2036 ), #104, .F. ) ;
#5369 = ORIENTED_EDGE ( 'NONE', *, *, #1264, .T. ) ;
#5370 = DIRECTION ( 'NONE',  ( 0.000000000000000000, 3.577867169202164632E-15, 1.000000000000000000 ) ) ;
#5371 = CARTESIAN_POINT ( 'NONE',  ( 17.50000000000000711, 0.000000000000000000, -0.2337080731428427260 ) ) ;
#5372 = CARTESIAN_POINT ( 'NONE',  ( -0.7437148944200444589, 0.000000000000000000, -1.000000000000000000 ) ) ;
#5373 = LINE ( 'NONE', #5857, #993 ) ;
#5374 = CARTESIAN_POINT ( 'NONE',  ( 10.07060296712638170, 0.4000000000000000222, -0.2337080731428426428 ) ) ;
#5375 = EDGE_LOOP ( 'NONE', ( #760, #2409, #4034, #2542 ) ) ;
#5376 = DIRECTION ( 'NONE',  ( 1.000000000000000000, 0.000000000000000000, -6.982962677686266711E-15 ) ) ;
#5377 = DIRECTION ( 'NONE',  ( -1.000000000000000000, 0.000000000000000000, -1.141265444721583757E-16 ) ) ;
#5378 = ORIENTED_EDGE ( 'NONE', *, *, #5065, .F. ) ;
#5379 = DIRECTION ( 'NONE',  ( -1.000000000000000000, 0.000000000000000000, 6.982962677686266711E-15 ) ) ;
#5380 = VECTOR ( 'NONE', #3571, 1000.000000000000000 ) ;
#5381 = ORIENTED_EDGE ( 'NONE', *, *, #5279, .T. ) ;
#5382 = ORIENTED_EDGE ( 'NONE', *, *, #1380, .T. ) ;
#5383 = CARTESIAN_POINT ( 'NONE',  ( -1.500000000000000444, 1.499358225474672235, 1.300000000000000044 ) ) ;
#5384 = ADVANCED_FACE ( 'NONE', ( #2380 ), #2900, .F. ) ;
#5385 = ORIENTED_EDGE ( 'NONE', *, *, #5914, .F. ) ;
#5386 = CARTESIAN_POINT ( 'NONE',  ( 11.85590445068958765, 1.000000000000000000, -2.240753535442228106 ) ) ;
#5387 = PLANE ( 'NONE',  #808 ) ;
#5388 = ORIENTED_EDGE ( 'NONE', *, *, #5771, .T. ) ;
#5389 = EDGE_CURVE ( 'NONE', #4086, #5968, #1982, .T. ) ;
#5390 = CARTESIAN_POINT ( 'NONE',  ( 11.35590445068956456, 1.267942713657680631, -5.186244395641643301 ) ) ;
#5391 = EDGE_CURVE ( 'NONE', #2662, #1084, #5120, .T. ) ;
#5392 = DIRECTION ( 'NONE',  ( 1.000000000000000000, 0.000000000000000000, 0.000000000000000000 ) ) ;
#5393 = LINE ( 'NONE', #5019, #199 ) ;
#5394 = CARTESIAN_POINT ( 'NONE',  ( -1.500000000000000222, 1.000000000000000000, 0.3238172648295121747 ) ) ;
#5395 = ORIENTED_EDGE ( 'NONE', *, *, #3162, .T. ) ;
#5396 = ORIENTED_EDGE ( 'NONE', *, *, #2472, .F. ) ;
#5397 = DIRECTION ( 'NONE',  ( 0.000000000000000000, 1.000000000000000000, 0.000000000000000000 ) ) ;
#5398 = FACE_OUTER_BOUND ( 'NONE', #649, .T. ) ;
#5399 = EDGE_CURVE ( 'NONE', #2402, #5863, #4053, .T. ) ;
#5400 = FACE_OUTER_BOUND ( 'NONE', #1580, .T. ) ;
#5401 = ORIENTED_EDGE ( 'NONE', *, *, #2515, .F. ) ;
#5402 = FACE_OUTER_BOUND ( 'NONE', #4672, .T. ) ;
#5403 = ADVANCED_FACE ( 'NONE', ( #3403 ), #3433, .F. ) ;
#5404 = VECTOR ( 'NONE', #4923, 1000.000000000000000 ) ;
#5405 = PLANE ( 'NONE',  #768 ) ;
#5406 = CARTESIAN_POINT ( 'NONE',  ( 10.07060296712637637, 1.399999999999999911, -4.858578065624948650 ) ) ;
#5407 = EDGE_LOOP ( 'NONE', ( #2369, #1426, #2297, #4335 ) ) ;
#5408 = VECTOR ( 'NONE', #2123, 1000.000000000000000 ) ;
#5409 = LINE ( 'NONE', #1171, #2166 ) ;
#5410 = ORIENTED_EDGE ( 'NONE', *, *, #250, .T. ) ;
#5411 = CARTESIAN_POINT ( 'NONE',  ( 11.35590445068957344, 0.06443263463840748217, 0.1149657687835883013 ) ) ;
#5412 = DIRECTION ( 'NONE',  ( -0.000000000000000000, -0.000000000000000000, 1.000000000000000000 ) ) ;
#5413 = AXIS2_PLACEMENT_3D ( 'NONE', #1901, #456, #3745 ) ;
#5414 = ORIENTED_EDGE ( 'NONE', *, *, #1849, .T. ) ;
#5415 = ORIENTED_EDGE ( 'NONE', *, *, #2085, .F. ) ;
#5416 = ORIENTED_EDGE ( 'NONE', *, *, #2799, .T. ) ;
#5417 = CARTESIAN_POINT ( 'NONE',  ( 15.64120593425275629, 1.103464568314089123, -5.267165293036052631 ) ) ;
#5418 = ORIENTED_EDGE ( 'NONE', *, *, #399, .F. ) ;
#5419 = PLANE ( 'NONE',  #805 ) ;
#5420 = PLANE ( 'NONE',  #6037 ) ;
#5421 = ORIENTED_EDGE ( 'NONE', *, *, #3869, .T. ) ;
#5422 = EDGE_CURVE ( 'NONE', #2980, #4916, #4265, .T. ) ;
#5423 = PLANE ( 'NONE',  #4242 ) ;
#5424 = CARTESIAN_POINT ( 'NONE',  ( 2.785301483563202840, 0.3999999999999999667, -2.240753535442224553 ) ) ;
#5425 = CARTESIAN_POINT ( 'NONE',  ( 17.14120593425276340, 2.000000000000000000, 1.739099631177264182 ) ) ;
#5426 = CARTESIAN_POINT ( 'NONE',  ( 11.35590445068957166, 0.5351768109448616917, 2.449066664678465788 ) ) ;
#5427 = ORIENTED_EDGE ( 'NONE', *, *, #2487, .F. ) ;
#5428 = ORIENTED_EDGE ( 'NONE', *, *, #708, .T. ) ;
#5429 = CARTESIAN_POINT ( 'NONE',  ( 18.64120593425275629, 2.000000000000000000, -5.468901542184360309 ) ) ;
#5430 = DIRECTION ( 'NONE',  ( 1.141265444721583757E-16, -2.710505431213761085E-16, 1.000000000000000000 ) ) ;
#5431 = CARTESIAN_POINT ( 'NONE',  ( 14.35590445068957521, 1.499358225474672235, 1.300000000000000044 ) ) ;
#5432 = ORIENTED_EDGE ( 'NONE', *, *, #2487, .T. ) ;
#5433 = CARTESIAN_POINT ( 'NONE',  ( 14.35590445068958587, 0.000000000000000000, -2.240753535442245425 ) ) ;
#5434 = EDGE_CURVE ( 'NONE', #4095, #3273, #1579, .T. ) ;
#5435 = CARTESIAN_POINT ( 'NONE',  ( 18.64120593425275985, 1.399999999999999911, -4.858578065624948650 ) ) ;
#5436 = DIRECTION ( 'NONE',  ( 0.000000000000000000, 1.000000000000000000, 0.000000000000000000 ) ) ;
#5437 = ORIENTED_EDGE ( 'NONE', *, *, #471, .T. ) ;
#5438 = LINE ( 'NONE', #5562, #1782 ) ;
#5439 = PLANE ( 'NONE',  #377 ) ;
#5440 = VECTOR ( 'NONE', #489, 1000.000000000000000 ) ;
#5441 = VECTOR ( 'NONE', #3240, 1000.000000000000000 ) ;
#5442 = CARTESIAN_POINT ( 'NONE',  ( 1.500000000000000000, 0.8628211600346445964, -0.4041232037028950064 ) ) ;
#5443 = EDGE_CURVE ( 'NONE', #5657, #3487, #5324, .T. ) ;
#5444 = VECTOR ( 'NONE', #2235, 1000.000000000000000 ) ;
#5445 = VECTOR ( 'NONE', #1941, 1000.000000000000000 ) ;
#5446 = CARTESIAN_POINT ( 'NONE',  ( 13.60276409610700377, 0.4000000000000000222, -1.000000000000000000 ) ) ;
#5447 = VERTEX_POINT ( 'NONE', #76 ) ;
#5448 = CARTESIAN_POINT ( 'NONE',  ( 13.86980277773051995, 1.106833788838468502, -5.425737714157053304 ) ) ;
#5449 = LINE ( 'NONE', #2034, #2272 ) ;
#5450 = VECTOR ( 'NONE', #3146, 1000.000000000000000 ) ;
#5451 = LINE ( 'NONE', #1216, #212 ) ;
#5452 = ORIENTED_EDGE ( 'NONE', *, *, #3699, .F. ) ;
#5453 = CARTESIAN_POINT ( 'NONE',  ( 5.785301483563190850, 0.000000000000000000, 0.1662919268571587950 ) ) ;
#5454 = CARTESIAN_POINT ( 'NONE',  ( 5.785301483563181080, 2.000000000000000000, -5.468901542184360309 ) ) ;
#5455 = B_SPLINE_CURVE_WITH_KNOTS ( 'NONE', 3,
 ( #1838, #2845, #4715, #5584, #397, #2303 ),
 .UNSPECIFIED., .F., .F.,
 ( 4, 2, 4 ),
 ( 0.000000000000000000, 0.0002695394427320645602, 0.0005390788854641291204 ),
 .UNSPECIFIED. ) ;
#5456 = CARTESIAN_POINT ( 'NONE',  ( 2.785301483563190850, 1.000000000000000000, 0.8999999999999916955 ) ) ;
#5457 = FACE_OUTER_BOUND ( 'NONE', #532, .T. ) ;
#5458 = ORIENTED_EDGE ( 'NONE', *, *, #58, .F. ) ;
#5459 = ORIENTED_EDGE ( 'NONE', *, *, #3492, .F. ) ;
#5460 = DIRECTION ( 'NONE',  ( 7.097089222158425653E-15, -0.000000000000000000, 1.000000000000000000 ) ) ;
#5461 = CARTESIAN_POINT ( 'NONE',  ( 1.500000000000011990, 0.000000000000000000, -2.240753535442245425 ) ) ;
#5462 = CARTESIAN_POINT ( 'NONE',  ( 5.285301483563189073, 0.000000000000000000, -1.000000000000000000 ) ) ;
#5463 = ORIENTED_EDGE ( 'NONE', *, *, #30, .F. ) ;
#5464 = CARTESIAN_POINT ( 'NONE',  ( 14.35590445068958587, 1.000000000000000000, -2.240753535442245425 ) ) ;
#5465 = ADVANCED_FACE ( 'NONE', ( #5359 ), #2871, .T. ) ;
#5466 = LINE ( 'NONE', #5858, #1446 ) ;
#5467 = LINE ( 'NONE', #1231, #3788 ) ;
#5468 = EDGE_CURVE ( 'NONE', #3761, #3206, #2931, .T. ) ;
#5469 = ORIENTED_EDGE ( 'NONE', *, *, #2028, .F. ) ;
#5470 = EDGE_CURVE ( 'NONE', #4103, #3586, #4357, .T. ) ;
#5471 = PLANE ( 'NONE',  #2271 ) ;
#5472 = CARTESIAN_POINT ( 'NONE',  ( 8.226888072706339372, 1.000000000000000222, -2.240753535442232547 ) ) ;
#5473 = EDGE_CURVE ( 'NONE', #4086, #5775, #5723, .T. ) ;
#5474 = CARTESIAN_POINT ( 'NONE',  ( 2.785301483563190850, 1.000000000000000000, 2.799999999999999822 ) ) ;
#5475 = DIRECTION ( 'NONE',  ( 0.000000000000000000, -1.000000000000000000, 0.000000000000000000 ) ) ;
#5476 = ORIENTED_EDGE ( 'NONE', *, *, #5971, .T. ) ;
#5477 = VERTEX_POINT ( 'NONE', #3371 ) ;
#5478 = FACE_OUTER_BOUND ( 'NONE', #4911, .T. ) ;
#5479 = ADVANCED_FACE ( 'NONE', ( #1027 ), #3888, .T. ) ;
#5480 = FACE_OUTER_BOUND ( 'NONE', #4678, .T. ) ;
#5481 = LINE ( 'NONE', #1244, #3852 ) ;
#5482 = ORIENTED_EDGE ( 'NONE', *, *, #202, .T. ) ;
#5483 = DIRECTION ( 'NONE',  ( -6.868836133214109346E-15, 0.000000000000000000, -1.000000000000000000 ) ) ;
#5484 = FACE_OUTER_BOUND ( 'NONE', #3097, .T. ) ;
#5485 = LINE ( 'NONE', #786, #3544 ) ;
#5486 = PLANE ( 'NONE',  #19 ) ;
#5487 = ORIENTED_EDGE ( 'NONE', *, *, #4363, .F. ) ;
#5488 = ORIENTED_EDGE ( 'NONE', *, *, #5391, .T. ) ;
#5489 = DIRECTION ( 'NONE',  ( -0.000000000000000000, -1.000000000000000000, 0.000000000000000000 ) ) ;
#5490 = PLANE ( 'NONE',  #4747 ) ;
#5491 = LINE ( 'NONE', #3163, #5609 ) ;
#5492 = DIRECTION ( 'NONE',  ( 1.141265444721583757E-16, 0.000000000000000000, -1.000000000000000000 ) ) ;
#5493 = CARTESIAN_POINT ( 'NONE',  ( -1.500000000000006439, 1.399999999999999911, -4.858572962426980446 ) ) ;
#5494 = EDGE_CURVE ( 'NONE', #3345, #5800, #1204, .T. ) ;
#5495 = CARTESIAN_POINT ( 'NONE',  ( 3.941586589143147190, 0.000000000000000000, -1.000000000000000000 ) ) ;
#5496 = VERTEX_POINT ( 'NONE', #5942 ) ;
#5497 = VERTEX_POINT ( 'NONE', #1610 ) ;
#5498 = DIRECTION ( 'NONE',  ( -1.000000000000000000, -0.000000000000000000, 1.141265444721583757E-16 ) ) ;
#5499 = DIRECTION ( 'NONE',  ( -1.000000000000000000, 0.000000000000000000, -1.141265444721583757E-16 ) ) ;
#5500 = VECTOR ( 'NONE', #5052, 1000.000000000000000 ) ;
#5501 = PLANE ( 'NONE',  #429 ) ;
#5502 = ADVANCED_FACE ( 'NONE', ( #4890 ), #1710, .F. ) ;
#5503 = AXIS2_PLACEMENT_3D ( 'NONE', #5939, #2062, #320 ) ;
#5504 = LINE ( 'NONE', #746, #2794 ) ;
#5505 = ORIENTED_EDGE ( 'NONE', *, *, #2855, .T. ) ;
#5506 = ORIENTED_EDGE ( 'NONE', *, *, #2886, .T. ) ;
#5507 = LINE ( 'NONE', #5840, #5108 ) ;
#5508 = CARTESIAN_POINT ( 'NONE',  ( 15.64120593425275629, 1.115317123975225755, -5.263824959924734870 ) ) ;
#5509 = VECTOR ( 'NONE', #1501, 1000.000000000000000 ) ;
#5510 = DIRECTION ( 'NONE',  ( 0.000000000000000000, 0.000000000000000000, -1.000000000000000000 ) ) ;
#5511 = ORIENTED_EDGE ( 'NONE', *, *, #5399, .F. ) ;
#5512 = EDGE_CURVE ( 'NONE', #1740, #1477, #752, .T. ) ;
#5513 = EDGE_CURVE ( 'NONE', #495, #4851, #6006, .T. ) ;
#5514 = LINE ( 'NONE', #4892, #5042 ) ;
#5515 = ADVANCED_FACE ( 'NONE', ( #5875 ), #5387, .T. ) ;
#5516 = DIRECTION ( 'NONE',  ( 0.000000000000000000, -1.000000000000000000, 0.000000000000000000 ) ) ;
#5517 = CYLINDRICAL_SURFACE ( 'NONE', #5134, 2.000000000000000000 ) ;
#5518 = FACE_OUTER_BOUND ( 'NONE', #591, .T. ) ;
#5519 = ORIENTED_EDGE ( 'NONE', *, *, #5771, .F. ) ;
#5520 = EDGE_CURVE ( 'NONE', #4445, #1363, #226, .T. ) ;
#5521 = DIRECTION ( 'NONE',  ( 1.141265444721583757E-16, -0.000000000000000000, 1.000000000000000000 ) ) ;
#5522 = FACE_OUTER_BOUND ( 'NONE', #4732, .T. ) ;
#5523 = DIRECTION ( 'NONE',  ( 1.000000000000000000, -0.000000000000000000, -0.000000000000000000 ) ) ;
#5524 = CARTESIAN_POINT ( 'NONE',  ( 12.85590445068957344, 2.000000000000000000, 1.739099631177264182 ) ) ;
#5525 = CARTESIAN_POINT ( 'NONE',  ( 15.64120593425275985, 1.372383960302707262, -5.038967344092047718 ) ) ;
#5526 = CARTESIAN_POINT ( 'NONE',  ( 7.070602967126376370, 1.399999999999999911, -4.858572962426980446 ) ) ;
#5527 = VERTEX_POINT ( 'NONE', #1149 ) ;
#5528 = EDGE_LOOP ( 'NONE', ( #2580, #5084, #1116, #3378 ) ) ;
#5529 = DIRECTION ( 'NONE',  ( 0.7660444431189722403, -0.000000000000000000, -0.6427876096865462463 ) ) ;
#5530 = PLANE ( 'NONE',  #4308 ) ;
#5531 = CARTESIAN_POINT ( 'NONE',  ( 13.20276409610700519, 0.000000000000000000, -2.240753535442237432 ) ) ;
#5532 = EDGE_CURVE ( 'NONE', #5657, #5163, #5481, .T. ) ;
#5533 = DIRECTION ( 'NONE',  ( -1.141265444721583757E-16, 0.000000000000000000, -1.000000000000000000 ) ) ;
#5534 = AXIS2_PLACEMENT_3D ( 'NONE', #3043, #676, #5685 ) ;
#5535 = AXIS2_PLACEMENT_3D ( 'NONE', #421, #3646, #1804 ) ;
#5536 = ORIENTED_EDGE ( 'NONE', *, *, #3499, .T. ) ;
#5537 = CARTESIAN_POINT ( 'NONE',  ( 5.785301483563199731, 0.000000000000000000, -2.836630331739350641 ) ) ;
#5538 = ORIENTED_EDGE ( 'NONE', *, *, #3514, .T. ) ;
#5539 = PLANE ( 'NONE',  #1489 ) ;
#5540 = VECTOR ( 'NONE', #5976, 1000.000000000000000 ) ;
#5541 = CARTESIAN_POINT ( 'NONE',  ( 15.64120593425276340, 0.4000000000000000222, 0.1662919268571576847 ) ) ;
#5542 = ORIENTED_EDGE ( 'NONE', *, *, #2172, .F. ) ;
#5543 = VECTOR ( 'NONE', #1193, 1000.000000000000000 ) ;
#5544 = AXIS2_PLACEMENT_3D ( 'NONE', #5164, #2769, #1269 ) ;
#5545 = CARTESIAN_POINT ( 'NONE',  ( 13.60276409610700910, 0.4000000000000000222, -2.240753535442240096 ) ) ;
#5546 = EDGE_CURVE ( 'NONE', #594, #917, #687, .T. ) ;
#5547 = VECTOR ( 'NONE', #3956, 1000.000000000000000 ) ;
#5548 = LINE ( 'NONE', #3771, #657 ) ;
#5549 = DIRECTION ( 'NONE',  ( 6.868836133214108557E-15, 0.000000000000000000, 1.000000000000000000 ) ) ;
#5550 = EDGE_CURVE ( 'NONE', #730, #3031, #2197, .T. ) ;
#5551 = CARTESIAN_POINT ( 'NONE',  ( 10.07060296712637282, 1.103464666456457577, -5.267169912107815044 ) ) ;
#5552 = ORIENTED_EDGE ( 'NONE', *, *, #39, .F. ) ;
#5553 = EDGE_CURVE ( 'NONE', #4254, #1065, #1643, .T. ) ;
#5554 = CARTESIAN_POINT ( 'NONE',  ( 2.785301483563190850, 1.000000000000000000, 0.3238172648295121747 ) ) ;
#5555 = DIRECTION ( 'NONE',  ( -3.093406186374441444E-32, 1.000000000000000000, 2.710505431213761085E-16 ) ) ;
#5556 = ADVANCED_FACE ( 'NONE', ( #3521 ), #5420, .F. ) ;
#5557 = DIRECTION ( 'NONE',  ( 1.000000000000000000, -0.000000000000000000, -0.000000000000000000 ) ) ;
#5558 = CARTESIAN_POINT ( 'NONE',  ( 2.785301483563191294, 0.000000000000000000, -0.4041232037028952284 ) ) ;
#5559 = ORIENTED_EDGE ( 'NONE', *, *, #3781, .T. ) ;
#5560 = VERTEX_POINT ( 'NONE', #4046 ) ;
#5561 = ORIENTED_EDGE ( 'NONE', *, *, #3651, .F. ) ;
#5562 = CARTESIAN_POINT ( 'NONE',  ( 12.51218955626952933, 0.4000000000000000222, -1.000000000000000000 ) ) ;
#5563 = DIRECTION ( 'NONE',  ( -0.7660444431189766812, 0.000000000000000000, 0.6427876096865409172 ) ) ;
#5564 = FACE_OUTER_BOUND ( 'NONE', #4458, .T. ) ;
#5565 = CARTESIAN_POINT ( 'NONE',  ( 13.85590445068957166, 1.000000000000000000, -1.000000000000000000 ) ) ;
#5566 = DIRECTION ( 'NONE',  ( -1.000000000000000000, 0.000000000000000000, 0.000000000000000000 ) ) ;
#5567 = DIRECTION ( 'NONE',  ( 0.000000000000000000, 0.000000000000000000, 1.000000000000000000 ) ) ;
#5568 = VERTEX_POINT ( 'NONE', #3089 ) ;
#5569 = ORIENTED_EDGE ( 'NONE', *, *, #5808, .T. ) ;
#5570 = EDGE_CURVE ( 'NONE', #4457, #1022, #5451, .T. ) ;
#5571 = CARTESIAN_POINT ( 'NONE',  ( 2.955705343071150182, 0.7834631812238950221, -0.6072026154634241335 ) ) ;
#5572 = CARTESIAN_POINT ( 'NONE',  ( 4.285301483563196179, 1.399999999999999911, -3.240753535442235211 ) ) ;
#5573 = ORIENTED_EDGE ( 'NONE', *, *, #550, .F. ) ;
#5574 = DIRECTION ( 'NONE',  ( 0.000000000000000000, 1.000000000000000000, 0.000000000000000000 ) ) ;
#5575 = COLOUR_RGB ( '',0.7921568627450980005, 0.8196078431372548767, 0.9333333333333333481 ) ;
#5576 = CARTESIAN_POINT ( 'NONE',  ( 15.96896733051893236, 0.6722386037338308196, -0.7947340252167942598 ) ) ;
#5577 = ORIENTED_EDGE ( 'NONE', *, *, #5867, .F. ) ;
#5578 = EDGE_CURVE ( 'NONE', #2587, #4368, #1739, .T. ) ;
#5579 = EDGE_CURVE ( 'NONE', #1825, #3313, #4413, .T. ) ;
#5580 = AXIS2_PLACEMENT_3D ( 'NONE', #276, #243, #4068 ) ;
#5581 = DIRECTION ( 'NONE',  ( -1.000000000000000000, -0.000000000000000000, 1.141265444721583757E-16 ) ) ;
#5582 = DIRECTION ( 'NONE',  ( -1.894180325222886620E-15, -0.9625068420560822791, -0.2712574035768015590 ) ) ;
#5583 = LINE ( 'NONE', #5182, #1550 ) ;
#5584 = CARTESIAN_POINT ( 'NONE',  ( 18.64120593425275274, 1.372613645930301107, -5.038802382218242393 ) ) ;
#5585 = VERTEX_POINT ( 'NONE', #190 ) ;
#5586 = EDGE_CURVE ( 'NONE', #1341, #99, #2065, .T. ) ;
#5587 = DIRECTION ( 'NONE',  ( 1.000000000000000000, -0.000000000000000000, -6.982962677686266711E-15 ) ) ;
#5588 = ORIENTED_EDGE ( 'NONE', *, *, #1393, .T. ) ;
#5589 = CARTESIAN_POINT ( 'NONE',  ( 7.509163985505350247, 0.5614389816210439976, -2.313973662514438256 ) ) ;
#5590 = DIRECTION ( 'NONE',  ( -6.982962677686266711E-15, 0.000000000000000000, -1.000000000000000000 ) ) ;
#5591 = EDGE_CURVE ( 'NONE', #3439, #2648, #2622, .T. ) ;
#5592 = DIRECTION ( 'NONE',  ( -4.005262847839656493E-15, -0.8191520442889909104, -0.5735764363510473807 ) ) ;
#5593 = DIRECTION ( 'NONE',  ( 1.000000000000000000, -0.000000000000000000, -6.982962677686266711E-15 ) ) ;
#5594 = ORIENTED_EDGE ( 'NONE', *, *, #5648, .T. ) ;
#5595 = VECTOR ( 'NONE', #2927, 1000.000000000000114 ) ;
#5596 = CARTESIAN_POINT ( 'NONE',  ( 8.570602967126372818, 2.000000000000000000, -5.468901542184349651 ) ) ;
#5597 = CARTESIAN_POINT ( 'NONE',  ( -1.500000000000009326, 1.103464568314089123, -5.267165293036052631 ) ) ;
#5598 = EDGE_LOOP ( 'NONE', ( #5519, #3136, #348, #401, #3978, #1992, #5607, #2517, #4921, #1692, #2082, #1892 ) ) ;
#5599 = VECTOR ( 'NONE', #2713, 1000.000000000000000 ) ;
#5600 = VERTEX_POINT ( 'NONE', #289 ) ;
#5601 = CARTESIAN_POINT ( 'NONE',  ( 1.500000000000000222, 0.000000000000000000, 0.1662919268571579068 ) ) ;
#5602 = VECTOR ( 'NONE', #2115, 1000.000000000000000 ) ;
#5603 = CARTESIAN_POINT ( 'NONE',  ( 5.785301483563191738, 2.000000000000000000, 2.799999999999999822 ) ) ;
#5604 = VERTEX_POINT ( 'NONE', #1392 ) ;
#5605 = DIRECTION ( 'NONE',  ( 0.000000000000000000, -1.000000000000000000, 0.000000000000000000 ) ) ;
#5606 = CARTESIAN_POINT ( 'NONE',  ( 12.85590445068957344, 2.000000000000000000, 0.000000000000000000 ) ) ;
#5607 = ORIENTED_EDGE ( 'NONE', *, *, #4025, .T. ) ;
#5608 = ADVANCED_FACE ( 'NONE', ( #3764 ), #385, .T. ) ;
#5609 = VECTOR ( 'NONE', #335, 1000.000000000000000 ) ;
#5610 = FACE_OUTER_BOUND ( 'NONE', #5793, .T. ) ;
#5611 = DIRECTION ( 'NONE',  ( 1.000000000000000000, -0.000000000000000000, 0.000000000000000000 ) ) ;
#5612 = DIRECTION ( 'NONE',  ( 5.626621160408424545E-15, -0.5735764363510473807, 0.8191520442889909104 ) ) ;
#5613 = DIRECTION ( 'NONE',  ( 0.000000000000000000, 1.000000000000000000, 0.000000000000000000 ) ) ;
#5614 = ORIENTED_EDGE ( 'NONE', *, *, #2250, .F. ) ;
#5615 = CARTESIAN_POINT ( 'NONE',  ( 12.33609155882708919, 1.400000000000000355, -5.120565198620423253 ) ) ;
#5616 = ORIENTED_EDGE ( 'NONE', *, *, #3603, .F. ) ;
#5617 = LINE ( 'NONE', #4777, #5333 ) ;
#5618 = CARTESIAN_POINT ( 'NONE',  ( 3.941586589143147190, 0.000000000000000000, -2.240753535442232547 ) ) ;
#5619 = EDGE_CURVE ( 'NONE', #1487, #5689, #3190, .T. ) ;
#5620 = CARTESIAN_POINT ( 'NONE',  ( 10.07060296712638170, 0.8628211600346445964, -0.4041232037028950064 ) ) ;
#5621 = LINE ( 'NONE', #1, #5768 ) ;
#5622 = EDGE_CURVE ( 'NONE', #3880, #1431, #353, .T. ) ;
#5623 = DIRECTION ( 'NONE',  ( -0.000000000000000000, -1.000000000000000000, 0.000000000000000000 ) ) ;
#5624 = CARTESIAN_POINT ( 'NONE',  ( 9.317462612543817357, 0.4000000000000000222, -2.240753535442240096 ) ) ;
#5625 = VECTOR ( 'NONE', #712, 1000.000000000000000 ) ;
#5626 = VECTOR ( 'NONE', #2567, 1000.000000000000000 ) ;
#5627 = ORIENTED_EDGE ( 'NONE', *, *, #3347, .T. ) ;
#5628 = ORIENTED_EDGE ( 'NONE', *, *, #891, .T. ) ;
#5629 = CARTESIAN_POINT ( 'NONE',  ( -0.5553836517740494694, 1.399999999999831823, -5.423416779412474575 ) ) ;
#5630 = VECTOR ( 'NONE', #1493, 1000.000000000000000 ) ;
#5631 = DIRECTION ( 'NONE',  ( 0.000000000000000000, 1.000000000000000000, 0.000000000000000000 ) ) ;
#5632 = EDGE_LOOP ( 'NONE', ( #3298, #6035, #3518, #1538 ) ) ;
#5633 = CARTESIAN_POINT ( 'NONE',  ( 10.07060296712639058, 0.000000000000000000, -2.836630331739350641 ) ) ;
#5634 = VECTOR ( 'NONE', #6011, 1000.000000000000000 ) ;
#5635 = AXIS2_PLACEMENT_3D ( 'NONE', #1751, #2116, #240 ) ;
#5636 = CARTESIAN_POINT ( 'NONE',  ( 8.054798432805634789, 1.108489920217938574, -5.504954131106826409 ) ) ;
#5637 = ORIENTED_EDGE ( 'NONE', *, *, #4591, .T. ) ;
#5638 = VECTOR ( 'NONE', #4806, 1000.000000000000000 ) ;
#5639 = VECTOR ( 'NONE', #3620, 1000.000000000000000 ) ;
#5640 = LINE ( 'NONE', #2811, #5444 ) ;
#5641 = PLANE ( 'NONE',  #1386 ) ;
#5642 = LINE ( 'NONE', #5089, #5797 ) ;
#5643 = CARTESIAN_POINT ( 'NONE',  ( 18.64120593425276695, 0.8628211600346445964, -0.4041232037028950064 ) ) ;
#5644 = VERTEX_POINT ( 'NONE', #4 ) ;
#5645 = VERTEX_POINT ( 'NONE', #1889 ) ;
#5646 = LINE ( 'NONE', #5154, #4282 ) ;
#5647 = CARTESIAN_POINT ( 'NONE',  ( 0.3468596454174303068, 0.000000000000000000, -1.000000000000000000 ) ) ;
#5648 = EDGE_CURVE ( 'NONE', #4695, #1966, #6057, .T. ) ;
#5649 = DIRECTION ( 'NONE',  ( 0.000000000000000000, -1.000000000000000000, 0.000000000000000000 ) ) ;
#5650 = VECTOR ( 'NONE', #5655, 1000.000000000000000 ) ;
#5651 = EDGE_CURVE ( 'NONE', #750, #2056, #997, .T. ) ;
#5652 = EDGE_CURVE ( 'NONE', #1717, #5810, #4577, .T. ) ;
#5653 = VERTEX_POINT ( 'NONE', #2741 ) ;
#5654 = LINE ( 'NONE', #5827, #1387 ) ;
#5655 = DIRECTION ( 'NONE',  ( -1.000000000000000000, 0.000000000000000000, 6.982962677686266711E-15 ) ) ;
#5656 = ORIENTED_EDGE ( 'NONE', *, *, #5434, .T. ) ;
#5657 = VERTEX_POINT ( 'NONE', #4607 ) ;
#5658 = ADVANCED_FACE ( 'NONE', ( #6002 ), #6031, .F. ) ;
#5659 = FACE_OUTER_BOUND ( 'NONE', #4333, .T. ) ;
#5660 = DIRECTION ( 'NONE',  ( 1.000000000000000000, -0.000000000000000000, -1.141265444721583757E-16 ) ) ;
#5661 = ORIENTED_EDGE ( 'NONE', *, *, #3038, .F. ) ;
#5662 = PLANE ( 'NONE',  #5036 ) ;
#5663 = ORIENTED_EDGE ( 'NONE', *, *, #816, .F. ) ;
#5664 = FACE_OUTER_BOUND ( 'NONE', #5902, .T. ) ;
#5665 = ORIENTED_EDGE ( 'NONE', *, *, #761, .T. ) ;
#5666 = LINE ( 'NONE', #1343, #3844 ) ;
#5667 = STYLED_ITEM ( 'NONE', ( #4221 ), #216 ) ;
#5668 = DIRECTION ( 'NONE',  ( 0.000000000000000000, -1.000000000000000000, -2.710505431213761085E-16 ) ) ;
#5669 = CARTESIAN_POINT ( 'NONE',  ( 2.785301483563179303, 0.000000000000000000, -5.578147948598760841 ) ) ;
#5670 = LINE ( 'NONE', #1317, #3943 ) ;
#5671 = ORIENTED_EDGE ( 'NONE', *, *, #3983, .F. ) ;
#5672 = VECTOR ( 'NONE', #3967, 1000.000000000000000 ) ;
#5673 = VERTEX_POINT ( 'NONE', #5541 ) ;
#5674 = CARTESIAN_POINT ( 'NONE',  ( 11.35590445068957344, 0.4000000000000000222, 0.1662919268571581566 ) ) ;
#5675 = DIRECTION ( 'NONE',  ( -1.000000000000000000, 0.000000000000000000, -1.141265444721583757E-16 ) ) ;
#5676 = CARTESIAN_POINT ( 'NONE',  ( 13.60276409610700377, 0.4000000000000000222, -1.000000000000000000 ) ) ;
#5677 = EDGE_CURVE ( 'NONE', #5673, #539, #2798, .T. ) ;
#5678 = ORIENTED_EDGE ( 'NONE', *, *, #1144, .F. ) ;
#5679 = VERTEX_POINT ( 'NONE', #2340 ) ;
#5680 = CARTESIAN_POINT ( 'NONE',  ( 9.135526085375479610, 1.108503113383854322, -5.505581804970431925 ) ) ;
#5681 = CARTESIAN_POINT ( 'NONE',  ( 10.07060296712639413, 1.000000000000000000, -2.240753535442245425 ) ) ;
#5682 = ADVANCED_FACE ( 'NONE', ( #440 ), #3266, .F. ) ;
#5683 = VERTEX_POINT ( 'NONE', #412 ) ;
#5684 = EDGE_LOOP ( 'NONE', ( #5136, #136, #3884, #954 ) ) ;
#5685 = DIRECTION ( 'NONE',  ( 1.445602896647339163E-16, 0.000000000000000000, 1.000000000000000000 ) ) ;
#5686 = CARTESIAN_POINT ( 'NONE',  ( 14.35590445068957344, 0.000000000000000000, -0.2337080731428423652 ) ) ;
#5687 = EDGE_LOOP ( 'NONE', ( #266, #5381, #2000, #5155, #3090 ) ) ;
#5688 = CARTESIAN_POINT ( 'NONE',  ( 7.070602967126382588, 0.000000000000000000, -1.000000000000000000 ) ) ;
#5689 = VERTEX_POINT ( 'NONE', #1798 ) ;
#5690 = AXIS2_PLACEMENT_3D ( 'NONE', #1977, #2441, #159 ) ;
#5691 = DIRECTION ( 'NONE',  ( 0.5407162030609378167, 0.5407162030609377057, 0.6444004775717702138 ) ) ;
#5692 = ORIENTED_EDGE ( 'NONE', *, *, #202, .F. ) ;
#5693 = ADVANCED_FACE ( 'NONE', ( #3176 ), #4168, .T. ) ;
#5694 = EDGE_CURVE ( 'NONE', #3481, #1063, #868, .T. ) ;
#5695 = VECTOR ( 'NONE', #3977, 1000.000000000000000 ) ;
#5696 = DIRECTION ( 'NONE',  ( -1.141265444721583757E-16, 0.000000000000000000, 1.000000000000000000 ) ) ;
#5697 = CARTESIAN_POINT ( 'NONE',  ( 8.570602967126381699, 1.000000000000000000, 0.8999999999999921396 ) ) ;
#5698 = CARTESIAN_POINT ( 'NONE',  ( 5.785301483563180192, 8.673617379884035472E-16, -5.578152595329383345 ) ) ;
#5699 = CARTESIAN_POINT ( 'NONE',  ( 0.000000000000000000, -1.000000000000000000, 0.3238172648295125633 ) ) ;
#5700 = ORIENTED_EDGE ( 'NONE', *, *, #34, .T. ) ;
#5701 = EDGE_CURVE ( 'NONE', #1042, #2751, #3697, .T. ) ;
#5702 = AXIS2_PLACEMENT_3D ( 'NONE', #2764, #1909, #4190 ) ;
#5703 = ORIENTED_EDGE ( 'NONE', *, *, #5513, .F. ) ;
#5704 = DIRECTION ( 'NONE',  ( 1.894180325222886620E-15, 0.9625068420560822791, 0.2712574035768015590 ) ) ;
#5705 = LINE ( 'NONE', #5156, #1189 ) ;
#5706 = DIRECTION ( 'NONE',  ( -1.141265444721583757E-16, 0.000000000000000000, 1.000000000000000000 ) ) ;
#5707 = DIRECTION ( 'NONE',  ( 1.000000000000000000, 0.000000000000000000, 0.000000000000000000 ) ) ;
#5708 = ORIENTED_EDGE ( 'NONE', *, *, #1827, .T. ) ;
#5709 = ORIENTED_EDGE ( 'NONE', *, *, #4009, .T. ) ;
#5710 = ORIENTED_EDGE ( 'NONE', *, *, #1397, .T. ) ;
#5711 = EDGE_CURVE ( 'NONE', #5861, #3396, #4195, .T. ) ;
#5712 = ORIENTED_EDGE ( 'NONE', *, *, #2621, .T. ) ;
#5713 = CARTESIAN_POINT ( 'NONE',  ( 8.005570588688133427, 1.108502809461048066, -5.505567396206783037 ) ) ;
#5714 = ORIENTED_EDGE ( 'NONE', *, *, #1011, .T. ) ;
#5715 = CARTESIAN_POINT ( 'NONE',  ( 18.64120593425276695, 0.8628211600346445964, -0.4041232037028950064 ) ) ;
#5716 = VERTEX_POINT ( 'NONE', #2770 ) ;
#5717 = LINE ( 'NONE', #246, #108 ) ;
#5718 = DIRECTION ( 'NONE',  ( -1.000000000000000000, -0.000000000000000000, 1.141265444721583757E-16 ) ) ;
#5719 = ADVANCED_FACE ( 'NONE', ( #6086 ), #1857, .F. ) ;
#5720 = ORIENTED_EDGE ( 'NONE', *, *, #4398, .F. ) ;
#5721 = DIRECTION ( 'NONE',  ( 0.000000000000000000, 1.000000000000000000, 0.000000000000000000 ) ) ;
#5722 = ORIENTED_EDGE ( 'NONE', *, *, #2673, .F. ) ;
#5723 = LINE ( 'NONE', #4828, #3757 ) ;
#5724 = ORIENTED_EDGE ( 'NONE', *, *, #4976, .T. ) ;
#5725 = ADVANCED_FACE ( 'NONE', ( #3424 ), #3791, .F. ) ;
#5726 = CARTESIAN_POINT ( 'NONE',  ( 15.64120593425276340, 2.000000000000000000, 2.799999999999999822 ) ) ;
#5727 = VECTOR ( 'NONE', #959, 1000.000000000000000 ) ;
#5728 = EDGE_CURVE ( 'NONE', #3481, #4891, #3295, .T. ) ;
#5729 = CARTESIAN_POINT ( 'NONE',  ( 17.50000000000000711, 0.4000000000000000222, -0.2337080731428426150 ) ) ;
#5730 = CARTESIAN_POINT ( 'NONE',  ( 15.64120593425277406, 1.000000000000000000, -2.836630331739329769 ) ) ;
#5731 = DIRECTION ( 'NONE',  ( -1.141265444721583757E-16, 0.000000000000000000, 1.000000000000000000 ) ) ;
#5732 = VERTEX_POINT ( 'NONE', #2027 ) ;
#5733 = VECTOR ( 'NONE', #4140, 1000.000000000000000 ) ;
#5734 = AXIS2_PLACEMENT_3D ( 'NONE', #2714, #840, #2256 ) ;
#5735 = ORIENTED_EDGE ( 'NONE', *, *, #24, .F. ) ;
#5736 = ORIENTED_EDGE ( 'NONE', *, *, #1578, .F. ) ;
#5737 = DIRECTION ( 'NONE',  ( -0.000000000000000000, -0.000000000000000000, 1.000000000000000000 ) ) ;
#5738 = CARTESIAN_POINT ( 'NONE',  ( 10.07060296712638348, 1.000000000000000000, 2.799999999999999822 ) ) ;
#5739 = LINE ( 'NONE', #121, #2922 ) ;
#5740 = AXIS2_PLACEMENT_3D ( 'NONE', #4796, #568, #1548 ) ;
#5741 = CARTESIAN_POINT ( 'NONE',  ( 1.499999999999993339, 1.400000000000041434, -4.949634213632581492 ) ) ;
#5742 = ORIENTED_EDGE ( 'NONE', *, *, #1737, .T. ) ;
#5743 = ORIENTED_EDGE ( 'NONE', *, *, #4503, .F. ) ;
#5744 = CARTESIAN_POINT ( 'NONE',  ( 5.296456644573175332, 1.400000000000000355, -5.010998372119821020 ) ) ;
#5745 = ORIENTED_EDGE ( 'NONE', *, *, #2216, .T. ) ;
#5746 = ORIENTED_EDGE ( 'NONE', *, *, #179, .F. ) ;
#5747 = LINE ( 'NONE', #5224, #3868 ) ;
#5748 = VERTEX_POINT ( 'NONE', #1915 ) ;
#5749 = VECTOR ( 'NONE', #1142, 1000.000000000000000 ) ;
#5750 = CARTESIAN_POINT ( 'NONE',  ( 4.285301483563181080, 2.000000000000000000, -5.468901542184349651 ) ) ;
#5751 = VERTEX_POINT ( 'NONE', #3394 ) ;
#5752 = PLANE ( 'NONE',  #4904 ) ;
#5753 = EDGE_LOOP ( 'NONE', ( #2132, #2006, #4142, #3591 ) ) ;
#5754 = CARTESIAN_POINT ( 'NONE',  ( 15.64120593425276340, 0.000000000000000000, 1.999999999999997335 ) ) ;
#5755 = DIRECTION ( 'NONE',  ( -0.000000000000000000, -0.000000000000000000, 1.000000000000000000 ) ) ;
#5756 = ORIENTED_EDGE ( 'NONE', *, *, #1640, .F. ) ;
#5757 = ADVANCED_FACE ( 'NONE', ( #2951 ), #980, .F. ) ;
#5758 = DIRECTION ( 'NONE',  ( -1.141265444721583757E-16, 0.000000000000000000, -1.000000000000000000 ) ) ;
#5759 = DIRECTION ( 'NONE',  ( 0.6427876096865409172, -0.000000000000000000, -0.7660444431189766812 ) ) ;
#5760 = CARTESIAN_POINT ( 'NONE',  ( 12.85590445068957344, 1.000000000000000000, 0.000000000000000000 ) ) ;
#5761 = CARTESIAN_POINT ( 'NONE',  ( 10.07060296712638348, 2.000000000000000000, 2.799999999999999822 ) ) ;
#5762 = ORIENTED_EDGE ( 'NONE', *, *, #1919, .F. ) ;
#5763 = ADVANCED_FACE ( 'NONE', ( #2462 ), #5196, .F. ) ;
#5764 = ORIENTED_EDGE ( 'NONE', *, *, #4525, .T. ) ;
#5765 = CARTESIAN_POINT ( 'NONE',  ( 10.07060296712639413, 0.000000000000000000, -2.240753535442245425 ) ) ;
#5766 = DIRECTION ( 'NONE',  ( -7.097089222158424864E-15, 0.000000000000000000, -1.000000000000000000 ) ) ;
#5767 = DIRECTION ( 'NONE',  ( 0.000000000000000000, -1.000000000000000000, 0.000000000000000000 ) ) ;
#5768 = VECTOR ( 'NONE', #1883, 1000.000000000000000 ) ;
#5769 = EDGE_CURVE ( 'NONE', #3173, #1558, #955, .T. ) ;
#5770 = CARTESIAN_POINT ( 'NONE',  ( 1.499999999999991118, 1.191234876072140292, -5.242434171922443653 ) ) ;
#5771 = EDGE_CURVE ( 'NONE', #4949, #1076, #5747, .T. ) ;
#5772 = VERTEX_POINT ( 'NONE', #3881 ) ;
#5773 = CARTESIAN_POINT ( 'NONE',  ( 8.570602967126381699, 1.000000000000000000, 0.3238172648295125633 ) ) ;
#5774 = ORIENTED_EDGE ( 'NONE', *, *, #4130, .T. ) ;
#5775 = VERTEX_POINT ( 'NONE', #2400 ) ;
#5776 = LINE ( 'NONE', #94, #1904 ) ;
#5777 = EDGE_CURVE ( 'NONE', #5447, #1161, #5776, .T. ) ;
#5778 = ORIENTED_EDGE ( 'NONE', *, *, #4860, .F. ) ;
#5779 = PLANE ( 'NONE',  #4609 ) ;
#5780 = VERTEX_POINT ( 'NONE', #1444 ) ;
#5781 = DIRECTION ( 'NONE',  ( -0.000000000000000000, -1.000000000000000000, -0.000000000000000000 ) ) ;
#5782 = CARTESIAN_POINT ( 'NONE',  ( 5.785301483563185521, 1.399999999999999911, -4.858578065624948650 ) ) ;
#5783 = EDGE_LOOP ( 'NONE', ( #1304, #1129, #2017, #2241 ) ) ;
#5784 = FACE_OUTER_BOUND ( 'NONE', #5632, .T. ) ;
#5785 = VECTOR ( 'NONE', #2262, 1000.000000000000000 ) ;
#5786 = LINE ( 'NONE', #1060, #3118 ) ;
#5787 = DIRECTION ( 'NONE',  ( 0.000000000000000000, 1.000000000000000000, 0.000000000000000000 ) ) ;
#5788 = LINE ( 'NONE', #4300, #5243 ) ;
#5789 = EDGE_CURVE ( 'NONE', #1112, #2729, #3329, .T. ) ;
#5790 = ORIENTED_EDGE ( 'NONE', *, *, #628, .F. ) ;
#5791 = VECTOR ( 'NONE', #4786, 1000.000000000000000 ) ;
#5792 = ORIENTED_EDGE ( 'NONE', *, *, #287, .F. ) ;
#5793 = EDGE_LOOP ( 'NONE', ( #734, #964, #1211, #4671 ) ) ;
#5794 = DIRECTION ( 'NONE',  ( -1.000000000000000000, 0.000000000000000000, 6.982962677686266711E-15 ) ) ;
#5795 = FACE_OUTER_BOUND ( 'NONE', #4408, .T. ) ;
#5796 = CARTESIAN_POINT ( 'NONE',  ( 7.070602967126394134, 0.000000000000000000, -2.240753535442224553 ) ) ;
#5797 = VECTOR ( 'NONE', #4183, 1000.000000000000000 ) ;
#5798 = DIRECTION ( 'NONE',  ( 0.000000000000000000, 1.000000000000000000, 0.000000000000000000 ) ) ;
#5799 = EDGE_CURVE ( 'NONE', #4677, #5030, #1539, .T. ) ;
#5800 = VERTEX_POINT ( 'NONE', #2892 ) ;
#5801 = ORIENTED_EDGE ( 'NONE', *, *, #4870, .T. ) ;
#5802 = LINE ( 'NONE', #2518, #468 ) ;
#5803 = EDGE_CURVE ( 'NONE', #5174, #2696, #2433, .T. ) ;
#5804 = VERTEX_POINT ( 'NONE', #1511 ) ;
#5805 = DIRECTION ( 'NONE',  ( -0.000000000000000000, -1.000000000000000000, -0.000000000000000000 ) ) ;
#5806 = ADVANCED_FACE ( 'NONE', ( #1047 ), #2921, .F. ) ;
#5807 = ORIENTED_EDGE ( 'NONE', *, *, #150, .F. ) ;
#5808 = EDGE_CURVE ( 'NONE', #5527, #651, #4287, .T. ) ;
#5809 = CARTESIAN_POINT ( 'NONE',  ( 11.35590445068957699, 0.3999999999999999667, -3.407045462299397531 ) ) ;
#5810 = VERTEX_POINT ( 'NONE', #5715 ) ;
#5811 = DIRECTION ( 'NONE',  ( -0.6427876096865355882, -0.000000000000000000, 0.7660444431189811221 ) ) ;
#5812 = DIRECTION ( 'NONE',  ( 0.7660444431189766812, 0.000000000000000000, 0.6427876096865409172 ) ) ;
#5813 = ORIENTED_EDGE ( 'NONE', *, *, #4860, .T. ) ;
#5814 = CARTESIAN_POINT ( 'NONE',  ( 14.35590445068958232, 1.000000000000000000, -2.836630331739350641 ) ) ;
#5815 = LINE ( 'NONE', #4864, #1251 ) ;
#5816 = DIRECTION ( 'NONE',  ( 0.000000000000000000, 0.000000000000000000, -1.000000000000000000 ) ) ;
#5817 = CARTESIAN_POINT ( 'NONE',  ( 11.82381556445162119, 0.5320888862379536954, -0.9617579545435693822 ) ) ;
#5818 = ORIENTED_EDGE ( 'NONE', *, *, #1802, .T. ) ;
#5819 = AXIS2_PLACEMENT_3D ( 'NONE', #1039, #2909, #5766 ) ;
#5820 = ORIENTED_EDGE ( 'NONE', *, *, #2632, .F. ) ;
#5821 = VECTOR ( 'NONE', #5940, 1000.000000000000000 ) ;
#5822 = DIRECTION ( 'NONE',  ( 0.000000000000000000, -1.000000000000000000, 0.000000000000000000 ) ) ;
#5823 = FACE_OUTER_BOUND ( 'NONE', #7, .T. ) ;
#5824 = CARTESIAN_POINT ( 'NONE',  ( 5.785301483563190850, 0.000000000000000000, -1.000000000000000000 ) ) ;
#5825 = ORIENTED_EDGE ( 'NONE', *, *, #5550, .F. ) ;
#5826 = AXIS2_PLACEMENT_3D ( 'NONE', #5981, #5853, #5884 ) ;
#5827 = CARTESIAN_POINT ( 'NONE',  ( 4.632161128980621712, 0.000000000000000000, -1.000000000000000000 ) ) ;
#5828 = VECTOR ( 'NONE', #3246, 1000.000000000000000 ) ;
#5829 = AXIS2_PLACEMENT_3D ( 'NONE', #4028, #1167, #794 ) ;
#5830 = EDGE_CURVE ( 'NONE', #4989, #5772, #1943, .T. ) ;
#5831 = DIRECTION ( 'NONE',  ( 0.7660444431189766812, 0.000000000000000000, 0.6427876096865409172 ) ) ;
#5832 = ORIENTED_EDGE ( 'NONE', *, *, #4170, .F. ) ;
#5833 = ORIENTED_EDGE ( 'NONE', *, *, #3140, .F. ) ;
#5834 = VECTOR ( 'NONE', #2161, 1000.000000000000000 ) ;
#5835 = DIRECTION ( 'NONE',  ( 1.000000000000000000, -0.000000000000000000, 0.000000000000000000 ) ) ;
#5836 = DIRECTION ( 'NONE',  ( -0.000000000000000000, -0.000000000000000000, 1.000000000000000000 ) ) ;
#5837 = EDGE_CURVE ( 'NONE', #5174, #1652, #5256, .T. ) ;
#5838 = EDGE_CURVE ( 'NONE', #675, #510, #5315, .T. ) ;
#5839 = ORIENTED_EDGE ( 'NONE', *, *, #2252, .F. ) ;
#5840 = CARTESIAN_POINT ( 'NONE',  ( 8.917462612543813449, 0.000000000000000000, -1.000000000000000000 ) ) ;
#5841 = ORIENTED_EDGE ( 'NONE', *, *, #1533, .T. ) ;
#5842 = CARTESIAN_POINT ( 'NONE',  ( 5.032161128980626508, 0.4000000000000000222, -2.240753535442240096 ) ) ;
#5843 = DIRECTION ( 'NONE',  ( 1.355252715606880543E-16, 1.000000000000000000, -9.463679131915807439E-31 ) ) ;
#5844 = ORIENTED_EDGE ( 'NONE', *, *, #5677, .F. ) ;
#5845 = AXIS2_PLACEMENT_3D ( 'NONE', #3576, #1605, #775 ) ;
#5846 = ADVANCED_FACE ( 'NONE', ( #587 ), #2521, .F. ) ;
#5847 = CARTESIAN_POINT ( 'NONE',  ( 2.785301483563190850, 0.000000000000000000, 1.999999999999997335 ) ) ;
#5848 = CARTESIAN_POINT ( 'NONE',  ( 16.10911704801480937, 0.5320888862379536954, -0.9617579545435693822 ) ) ;
#5849 = CARTESIAN_POINT ( 'NONE',  ( 0.3468596454174303068, 0.4000000000000000222, -2.240753535442239208 ) ) ;
#5850 = LINE ( 'NONE', #4456, #905 ) ;
#5851 = ORIENTED_EDGE ( 'NONE', *, *, #4138, .T. ) ;
#5852 = ORIENTED_EDGE ( 'NONE', *, *, #5711, .T. ) ;
#5853 = DIRECTION ( 'NONE',  ( 1.000000000000000000, 0.000000000000000000, -7.097089222158424864E-15 ) ) ;
#5854 = CARTESIAN_POINT ( 'NONE',  ( 13.60276409610700377, 0.000000000000000000, -1.000000000000000000 ) ) ;
#5855 = CARTESIAN_POINT ( 'NONE',  ( 14.35590445068956633, 1.372613645930301551, -5.038802382218242393 ) ) ;
#5856 = VERTEX_POINT ( 'NONE', #2155 ) ;
#5857 = CARTESIAN_POINT ( 'NONE',  ( 11.35590445068958587, 1.399999999999999911, -2.240753535442224553 ) ) ;
#5858 = CARTESIAN_POINT ( 'NONE',  ( 0.9999999999999978906, 0.000000000000000000, -1.000000000000000000 ) ) ;
#5859 = LINE ( 'NONE', #3904, #4484 ) ;
#5860 = ORIENTED_EDGE ( 'NONE', *, *, #662, .F. ) ;
#5861 = VERTEX_POINT ( 'NONE', #1237 ) ;
#5862 = CARTESIAN_POINT ( 'NONE',  ( 17.14120593425276340, 1.000000000000000000, 0.8999999999999921396 ) ) ;
#5863 = VERTEX_POINT ( 'NONE', #3109 ) ;
#5864 = DIRECTION ( 'NONE',  ( -1.000000000000000000, 0.000000000000000000, 0.000000000000000000 ) ) ;
#5865 = VECTOR ( 'NONE', #3416, 1000.000000000000000 ) ;
#5866 = DIRECTION ( 'NONE',  ( 0.000000000000000000, 0.000000000000000000, -1.000000000000000000 ) ) ;
#5867 = EDGE_CURVE ( 'NONE', #3806, #2103, #281, .T. ) ;
#5868 = VECTOR ( 'NONE', #2819, 1000.000000000000000 ) ;
#5869 = LINE ( 'NONE', #2825, #3685 ) ;
#5870 = EDGE_LOOP ( 'NONE', ( #5832, #2917, #5103, #4928 ) ) ;
#5871 = EDGE_LOOP ( 'NONE', ( #2523, #2897, #1630, #569 ) ) ;
#5872 = CARTESIAN_POINT ( 'NONE',  ( 2.785301483563191738, 0.000000000000000000, 0.1662919268571591280 ) ) ;
#5873 = ORIENTED_EDGE ( 'NONE', *, *, #5838, .T. ) ;
#5874 = CARTESIAN_POINT ( 'NONE',  ( 0.5104227523046755977, 1.400000000000000133, -5.098382031700254835 ) ) ;
#5875 = FACE_OUTER_BOUND ( 'NONE', #4180, .T. ) ;
#5876 = ORIENTED_EDGE ( 'NONE', *, *, #4932, .F. ) ;
#5877 = FACE_OUTER_BOUND ( 'NONE', #933, .T. ) ;
#5878 = DIRECTION ( 'NONE',  ( 0.000000000000000000, 0.6427876096865402511, -0.7660444431189772363 ) ) ;
#5879 = EDGE_CURVE ( 'NONE', #5192, #3915, #524, .T. ) ;
#5880 = DIRECTION ( 'NONE',  ( -6.868836133214109346E-15, 0.000000000000000000, -1.000000000000000000 ) ) ;
#5881 = LINE ( 'NONE', #3062, #5348 ) ;
#5882 = ORIENTED_EDGE ( 'NONE', *, *, #479, .T. ) ;
#5883 = ORIENTED_EDGE ( 'NONE', *, *, #5172, .T. ) ;
#5884 = DIRECTION ( 'NONE',  ( -7.097089222158424864E-15, 0.000000000000000000, -1.000000000000000000 ) ) ;
#5885 = CARTESIAN_POINT ( 'NONE',  ( 10.07060296712638170, 0.000000000000000000, -1.000000000000000000 ) ) ;
#5886 = ADVANCED_FACE ( 'NONE', ( #4405 ), #184, .F. ) ;
#5887 = PLANE ( 'NONE',  #1058 ) ;
#5888 = DIRECTION ( 'NONE',  ( 0.000000000000000000, 1.000000000000000000, 0.000000000000000000 ) ) ;
#5889 = VECTOR ( 'NONE', #542, 1000.000000000000000 ) ;
#5890 = LINE ( 'NONE', #4529, #3617 ) ;
#5891 = LINE ( 'NONE', #2151, #355 ) ;
#5892 = ORIENTED_EDGE ( 'NONE', *, *, #5622, .T. ) ;
#5893 = ORIENTED_EDGE ( 'NONE', *, *, #2515, .T. ) ;
#5894 = AXIS2_PLACEMENT_3D ( 'NONE', #1212, #1242, #781 ) ;
#5895 = DIRECTION ( 'NONE',  ( -1.000000000000000000, 0.000000000000000000, 6.982962677686266711E-15 ) ) ;
#5896 = DIRECTION ( 'NONE',  ( 1.355252715606880543E-16, 1.000000000000000000, -9.463679131915807439E-31 ) ) ;
#5897 = DIRECTION ( 'NONE',  ( -1.000000000000000000, 0.000000000000000000, 0.000000000000000000 ) ) ;
#5898 = VECTOR ( 'NONE', #2645, 1000.000000000000000 ) ;
#5899 = LINE ( 'NONE', #2613, #3096 ) ;
#5900 = EDGE_CURVE ( 'NONE', #5775, #4288, #2124, .T. ) ;
#5901 = ORIENTED_EDGE ( 'NONE', *, *, #2434, .T. ) ;
#5902 = EDGE_LOOP ( 'NONE', ( #267, #4292, #3945, #2901 ) ) ;
#5903 = CARTESIAN_POINT ( 'NONE',  ( 11.84201109274355979, 1.106833761053985121, -5.425736373931110634 ) ) ;
#5904 = CARTESIAN_POINT ( 'NONE',  ( 18.64120593425277406, 1.000000000000000000, -2.836630331739350641 ) ) ;
#5905 = DIRECTION ( 'NONE',  ( 0.000000000000000000, -1.000000000000000000, -0.000000000000000000 ) ) ;
#5906 = VERTEX_POINT ( 'NONE', #1704 ) ;
#5907 = ADVANCED_FACE ( 'NONE', ( #5003 ), #5933, .F. ) ;
#5908 = FACE_OUTER_BOUND ( 'NONE', #2797, .T. ) ;
#5909 = CARTESIAN_POINT ( 'NONE',  ( 7.070602967126381699, 0.06443263463840748217, 0.1149657687835883013 ) ) ;
#5910 = PLANE ( 'NONE',  #304 ) ;
#5911 = DIRECTION ( 'NONE',  ( -6.868836133214109346E-15, 0.000000000000000000, -1.000000000000000000 ) ) ;
#5912 = ORIENTED_EDGE ( 'NONE', *, *, #4401, .F. ) ;
#5913 = EDGE_CURVE ( 'NONE', #4201, #664, #3352, .T. ) ;
#5914 = EDGE_CURVE ( 'NONE', #3894, #750, #4003, .T. ) ;
#5915 = EDGE_CURVE ( 'NONE', #922, #5800, #2611, .T. ) ;
#5916 = ORIENTED_EDGE ( 'NONE', *, *, #5168, .F. ) ;
#5917 = CARTESIAN_POINT ( 'NONE',  ( 1.499999999999999778, 0.4000000000000000222, -3.407045462299395755 ) ) ;
#5918 = LINE ( 'NONE', #3624, #2953 ) ;
#5919 = LINE ( 'NONE', #2637, #1166 ) ;
#5920 = EDGE_LOOP ( 'NONE', ( #1515, #2412, #57, #584, #2057, #4227, #5321, #4689, #5260, #1952, #47, #3012 ) ) ;
#5921 = CARTESIAN_POINT ( 'NONE',  ( 1.499999999999988898, 0.000000000000000000, -5.578152595329384233 ) ) ;
#5922 = VECTOR ( 'NONE', #4596, 1000.000000000000000 ) ;
#5923 = VECTOR ( 'NONE', #2898, 1000.000000000000000 ) ;
#5924 = CARTESIAN_POINT ( 'NONE',  ( -1.500000000000007994, 1.372383960302708150, -5.038967344092047718 ) ) ;
#5925 = EDGE_CURVE ( 'NONE', #3477, #2358, #4943, .T. ) ;
#5926 = DIRECTION ( 'NONE',  ( 0.000000000000000000, 1.000000000000000000, 0.000000000000000000 ) ) ;
#5927 = ORIENTED_EDGE ( 'NONE', *, *, #326, .F. ) ;
#5928 = ORIENTED_EDGE ( 'NONE', *, *, #4945, .T. ) ;
#5929 = CARTESIAN_POINT ( 'NONE',  ( 18.64120593425276695, 0.000000000000000000, -0.4041232037028952284 ) ) ;
#5930 = DIRECTION ( 'NONE',  ( 0.000000000000000000, 1.000000000000000000, 0.000000000000000000 ) ) ;
#5931 = AXIS2_PLACEMENT_3D ( 'NONE', #2698, #3593, #732 ) ;
#5932 = VECTOR ( 'NONE', #2755, 1000.000000000000000 ) ;
#5933 = PLANE ( 'NONE',  #5845 ) ;
#5934 = VECTOR ( 'NONE', #790, 1000.000000000000000 ) ;
#5935 = VECTOR ( 'NONE', #5755, 1000.000000000000000 ) ;
#5936 = LINE ( 'NONE', #2647, #2503 ) ;
#5937 = ORIENTED_EDGE ( 'NONE', *, *, #5085, .T. ) ;
#5938 = ORIENTED_EDGE ( 'NONE', *, *, #5422, .F. ) ;
#5939 = CARTESIAN_POINT ( 'NONE',  ( 18.14120593425276340, 1.000000000000000000, -1.000000000000000000 ) ) ;
#5940 = DIRECTION ( 'NONE',  ( 1.000000000000000000, 0.000000000000000000, -6.982962677686266711E-15 ) ) ;
#5941 = VECTOR ( 'NONE', #2287, 1000.000000000000000 ) ;
#5942 = CARTESIAN_POINT ( 'NONE',  ( 3.285301483563193514, 0.000000000000000000, -1.000000000000000000 ) ) ;
#5943 = ORIENTED_EDGE ( 'NONE', *, *, #2331, .T. ) ;
#5944 = LINE ( 'NONE', #3025, #2952 ) ;
#5945 = CARTESIAN_POINT ( 'NONE',  ( 5.457540087297022779, 0.6722386037338314857, -0.7947340252167934826 ) ) ;
#5946 = DIRECTION ( 'NONE',  ( 7.097089222158425653E-15, -0.000000000000000000, 1.000000000000000000 ) ) ;
#5947 = CARTESIAN_POINT ( 'NONE',  ( 0.000000000000000000, 2.000000000000000000, 1.739099631177264182 ) ) ;
#5948 = EDGE_LOOP ( 'NONE', ( #1905, #5105, #5075, #1327, #256, #6027, #2618, #5709, #4383, #3704, #1222, #945 ) ) ;
#5949 = EDGE_CURVE ( 'NONE', #118, #5266, #1670, .T. ) ;
#5950 = ORIENTED_EDGE ( 'NONE', *, *, #2104, .F. ) ;
#5951 = DIRECTION ( 'NONE',  ( 1.000000000000000000, 0.000000000000000000, -1.141265444721583757E-16 ) ) ;
#5952 = CARTESIAN_POINT ( 'NONE',  ( 17.50000000000000711, 0.000000000000000000, 0.1662919268571574627 ) ) ;
#5953 = FACE_OUTER_BOUND ( 'NONE', #5598, .T. ) ;
#5954 = B_SPLINE_CURVE_WITH_KNOTS ( 'NONE', 3,
 ( #2579, #2242, #5958, #1169, #4124, #6015 ),
 .UNSPECIFIED., .F., .F.,
 ( 4, 2, 4 ),
 ( 0.000000000000000000, 0.001513007688743851255, 0.003026015377487702510 ),
 .UNSPECIFIED. ) ;
#5955 = CARTESIAN_POINT ( 'NONE',  ( 11.35590445068957344, 1.000000000000000000, -1.000000000000000000 ) ) ;
#5956 = ADVANCED_FACE ( 'NONE', ( #4883 ), #647, .F. ) ;
#5957 = CARTESIAN_POINT ( 'NONE',  ( 5.032161128980621179, 0.4000000000000000222, -1.000000000000000000 ) ) ;
#5958 = CARTESIAN_POINT ( 'NONE',  ( 16.62540139993202004, 1.108489920217938574, -5.504954131106829074 ) ) ;
#5959 = EDGE_LOOP ( 'NONE', ( #3457, #4205, #5882, #2033 ) ) ;
#5960 = ORIENTED_EDGE ( 'NONE', *, *, #2226, .F. ) ;
#5961 = CARTESIAN_POINT ( 'NONE',  ( 8.226888072706337596, 0.000000000000000000, -3.000000000000000000 ) ) ;
#5962 = DIRECTION ( 'NONE',  ( 0.000000000000000000, -1.000000000000000000, -0.000000000000000000 ) ) ;
#5963 = EDGE_CURVE ( 'NONE', #5780, #651, #4502, .T. ) ;
#5964 = CARTESIAN_POINT ( 'NONE',  ( 16.07976695263173283, 0.5614389816210439976, -2.313973662514438256 ) ) ;
#5965 = ADVANCED_FACE ( 'NONE', ( #680, #2552, #1174, #218, #3972, #1635, #3542, #1207, #3510, #3046 ), #2584, .F. ) ;
#5966 = EDGE_CURVE ( 'NONE', #594, #3292, #5071, .T. ) ;
#5967 = CARTESIAN_POINT ( 'NONE',  ( -1.500000000000000000, 0.000000000000000000, -1.000000000000000000 ) ) ;
#5968 = VERTEX_POINT ( 'NONE', #2280 ) ;
#5969 = EDGE_LOOP ( 'NONE', ( #1636, #1830, #2157, #1414 ) ) ;
#5970 = PLANE ( 'NONE',  #5894 ) ;
#5971 = EDGE_CURVE ( 'NONE', #907, #2076, #1760, .T. ) ;
#5972 = DIRECTION ( 'NONE',  ( -7.097089222158424864E-15, 0.000000000000000000, -1.000000000000000000 ) ) ;
#5973 = CARTESIAN_POINT ( 'NONE',  ( 4.285301483563196179, 1.000000000000000000, -3.240753535442235211 ) ) ;
#5974 = VERTEX_POINT ( 'NONE', #5531 ) ;
#5975 = VECTOR ( 'NONE', #809, 1000.000000000000000 ) ;
#5976 = DIRECTION ( 'NONE',  ( 0.000000000000000000, 1.000000000000000000, 0.000000000000000000 ) ) ;
#5977 = PLANE ( 'NONE',  #4397 ) ;
#5978 = FACE_OUTER_BOUND ( 'NONE', #853, .T. ) ;
#5979 = CARTESIAN_POINT ( 'NONE',  ( 14.35590445068958587, 1.000000000000000000, -2.240753535442245425 ) ) ;
#5980 = ORIENTED_EDGE ( 'NONE', *, *, #6105, .F. ) ;
#5981 = CARTESIAN_POINT ( 'NONE',  ( 11.35590445068958587, 1.000000000000000000, -2.240753535442224553 ) ) ;
#5982 = DIRECTION ( 'NONE',  ( 1.000000000000000000, -0.000000000000000000, -0.000000000000000000 ) ) ;
#5983 = EDGE_CURVE ( 'NONE', #4937, #5496, #3726, .T. ) ;
#5984 = LINE ( 'NONE', #3962, #3814 ) ;
#5985 = LINE ( 'NONE', #3101, #3456 ) ;
#5986 = DIRECTION ( 'NONE',  ( 1.000000000000000000, -0.000000000000000000, -6.982962677686266711E-15 ) ) ;
#5987 = LINE ( 'NONE', #5495, #5380 ) ;
#5988 = ORIENTED_EDGE ( 'NONE', *, *, #761, .F. ) ;
#5989 = ORIENTED_EDGE ( 'NONE', *, *, #4130, .F. ) ;
#5990 = DIRECTION ( 'NONE',  ( 1.000000000000000000, 0.000000000000000000, 0.000000000000000000 ) ) ;
#5991 = CARTESIAN_POINT ( 'NONE',  ( 9.570602967126392357, 0.000000000000000000, -2.240753535442241873 ) ) ;
#5992 = VECTOR ( 'NONE', #4887, 1000.000000000000000 ) ;
#5993 = CARTESIAN_POINT ( 'NONE',  ( 9.742841570860212741, 0.6722386037338313747, -0.7947340252167933716 ) ) ;
#5994 = AXIS2_PLACEMENT_3D ( 'NONE', #5349, #2920, #5835 ) ;
#5995 = CARTESIAN_POINT ( 'NONE',  ( 14.35590445068957344, 0.000000000000000000, -1.000000000000000000 ) ) ;
#5996 = EDGE_CURVE ( 'NONE', #2358, #4283, #3171, .T. ) ;
#5997 = ORIENTED_EDGE ( 'NONE', *, *, #5056, .F. ) ;
#5998 = ORIENTED_EDGE ( 'NONE', *, *, #2873, .T. ) ;
#5999 = DIRECTION ( 'NONE',  ( -1.894180325222886620E-15, -0.9625068420560822791, -0.2712574035768015590 ) ) ;
#6000 = DIRECTION ( 'NONE',  ( 1.000000000000000000, 0.000000000000000000, -0.000000000000000000 ) ) ;
#6001 = VECTOR ( 'NONE', #5117, 1000.000000000000000 ) ;
#6002 = FACE_OUTER_BOUND ( 'NONE', #3789, .T. ) ;
#6003 = EDGE_CURVE ( 'NONE', #5804, #1543, #1198, .T. ) ;
#6004 = DIRECTION ( 'NONE',  ( 7.211793519376912441E-15, 0.000000000000000000, 1.000000000000000000 ) ) ;
#6005 = LINE ( 'NONE', #1894, #4110 ) ;
#6006 = B_SPLINE_CURVE_WITH_KNOTS ( 'NONE', 3,
 ( #5014, #2529, #2559, #4954, #783, #3486, #4982, #4450 ),
 .UNSPECIFIED., .F., .F.,
 ( 4, 2, 2, 4 ),
 ( 0.000000000000000000, 0.0007624254491577283233, 0.001524850898315456647, 0.003049701796630913293 ),
 .UNSPECIFIED. ) ;
#6007 = CARTESIAN_POINT ( 'NONE',  ( 4.285301483563190850, -1.000000000000000000, 0.3238172648295125633 ) ) ;
#6008 = CARTESIAN_POINT ( 'NONE',  ( 2.785301483563191294, 0.000000000000000000, -1.000000000000000000 ) ) ;
#6009 = EDGE_LOOP ( 'NONE', ( #4319, #5813, #5559, #3156 ) ) ;
#6010 = LINE ( 'NONE', #2300, #1384 ) ;
#6011 = DIRECTION ( 'NONE',  ( -6.868836133214109346E-15, 0.000000000000000000, -1.000000000000000000 ) ) ;
#6012 = CARTESIAN_POINT ( 'NONE',  ( 10.07060296712638348, 2.000000000000000000, 2.799999999999999822 ) ) ;
#6013 = CARTESIAN_POINT ( 'NONE',  ( 7.826888072706338129, 0.4000000000000000222, -2.240753535442231215 ) ) ;
#6014 = ORIENTED_EDGE ( 'NONE', *, *, #250, .F. ) ;
#6015 = CARTESIAN_POINT ( 'NONE',  ( 18.64120593425275629, 1.103464666456457577, -5.267169912107815044 ) ) ;
#6016 = EDGE_LOOP ( 'NONE', ( #3706, #3117, #1014, #486, #5385, #186 ) ) ;
#6017 = VERTEX_POINT ( 'NONE', #2682 ) ;
#6018 = CARTESIAN_POINT ( 'NONE',  ( 16.14120593425277761, 0.000000000000000000, -2.240753535442228106 ) ) ;
#6019 = LINE ( 'NONE', #3601, #4710 ) ;
#6020 = CARTESIAN_POINT ( 'NONE',  ( 0.7468596454174303290, 0.4000000000000000222, -3.000000000000000000 ) ) ;
#6021 = ADVANCED_FACE ( 'NONE', ( #4570 ), #5127, .T. ) ;
#6022 = PLANE ( 'NONE',  #1916 ) ;
#6023 = VECTOR ( 'NONE', #28, 1000.000000000000000 ) ;
#6024 = ORIENTED_EDGE ( 'NONE', *, *, #2743, .F. ) ;
#6025 = VECTOR ( 'NONE', #2778, 1000.000000000000114 ) ;
#6026 = CARTESIAN_POINT ( 'NONE',  ( 14.35590445068958587, 0.3999999999999999667, -2.240753535442245425 ) ) ;
#6027 = ORIENTED_EDGE ( 'NONE', *, *, #1834, .T. ) ;
#6028 = LINE ( 'NONE', #5130, #1587 ) ;
#6029 = AXIS2_PLACEMENT_3D ( 'NONE', #6090, #1772, #6004 ) ;
#6030 = EDGE_CURVE ( 'NONE', #3607, #5716, #3633, .T. ) ;
#6031 = PLANE ( 'NONE',  #613 ) ;
#6032 = ADVANCED_FACE ( 'NONE', ( #344 ), #4191, .F. ) ;
#6033 = VECTOR ( 'NONE', #3834, 1000.000000000000000 ) ;
#6034 = CIRCLE ( 'NONE', #4444, 2.000000000000000000 ) ;
#6035 = ORIENTED_EDGE ( 'NONE', *, *, #3480, .T. ) ;
#6036 = DIRECTION ( 'NONE',  ( 7.097089222158425653E-15, -0.000000000000000000, 1.000000000000000000 ) ) ;
#6037 = AXIS2_PLACEMENT_3D ( 'NONE', #4545, #5905, #259 ) ;
#6038 = LINE ( 'NONE', #2377, #5992 ) ;
#6039 = ORIENTED_EDGE ( 'NONE', *, *, #1737, .F. ) ;
#6040 = LINE ( 'NONE', #5111, #5441 ) ;
#6041 = LINE ( 'NONE', #6008, #1701 ) ;
#6042 = ORIENTED_EDGE ( 'NONE', *, *, #4927, .F. ) ;
#6043 = ADVANCED_FACE ( 'NONE', ( #1263 ), #2766, .F. ) ;
#6044 = DIRECTION ( 'NONE',  ( 0.000000000000000000, 3.577867169202164632E-15, 1.000000000000000000 ) ) ;
#6045 = CARTESIAN_POINT ( 'NONE',  ( 17.50000000000000711, 0.4000000000000000222, -3.407045462299397531 ) ) ;
#6046 = DIRECTION ( 'NONE',  ( -0.000000000000000000, -1.000000000000000000, -0.000000000000000000 ) ) ;
#6047 = CARTESIAN_POINT ( 'NONE',  ( 18.47080207474480673, 0.7834631812238955773, -0.6072026154634229123 ) ) ;
#6048 = ORIENTED_EDGE ( 'NONE', *, *, #2669, .F. ) ;
#6049 = CARTESIAN_POINT ( 'NONE',  ( 13.37561795954829869, 1.400000000000000355, -5.120578528970613164 ) ) ;
#6050 = ORIENTED_EDGE ( 'NONE', *, *, #996, .F. ) ;
#6051 = DIRECTION ( 'NONE',  ( 1.000000000000000000, 0.000000000000000000, 0.000000000000000000 ) ) ;
#6052 = DIRECTION ( 'NONE',  ( 1.000000000000000000, 0.000000000000000000, -1.141265444721583757E-16 ) ) ;
#6053 = DIRECTION ( 'NONE',  ( 0.000000000000000000, 0.000000000000000000, 1.000000000000000000 ) ) ;
#6054 = LINE ( 'NONE', #1938, #4686 ) ;
#6055 = EDGE_CURVE ( 'NONE', #5222, #4042, #1848, .T. ) ;
#6056 = CARTESIAN_POINT ( 'NONE',  ( 9.570602967126379923, 0.4999999999999978351, -1.000000000000000000 ) ) ;
#6057 = LINE ( 'NONE', #4109, #5450 ) ;
#6058 = ORIENTED_EDGE ( 'NONE', *, *, #1645, .T. ) ;
#6059 = ORIENTED_EDGE ( 'NONE', *, *, #4354, .T. ) ;
#6060 = ORIENTED_EDGE ( 'NONE', *, *, #5803, .T. ) ;
#6061 = CARTESIAN_POINT ( 'NONE',  ( 2.785301483563179303, 1.399999999999999245, -4.949661896593934074 ) ) ;
#6062 = CARTESIAN_POINT ( 'NONE',  ( 3.285301483563205061, 1.000000000000000000, -2.240753535442228106 ) ) ;
#6063 = ORIENTED_EDGE ( 'NONE', *, *, #5648, .F. ) ;
#6064 = CARTESIAN_POINT ( 'NONE',  ( -1.500000000000000222, 1.000000000000000000, 0.8999999999999916955 ) ) ;
#6065 = AXIS2_PLACEMENT_3D ( 'NONE', #1136, #4780, #151 ) ;
#6066 = DIRECTION ( 'NONE',  ( 1.000000000000000000, -0.000000000000000000, -0.000000000000000000 ) ) ;
#6067 = ORIENTED_EDGE ( 'NONE', *, *, #3103, .F. ) ;
#6068 = AXIS2_PLACEMENT_3D ( 'NONE', #2183, #1785, #770 ) ;
#6069 = LINE ( 'NONE', #1868, #1584 ) ;
#6070 = ADVANCED_FACE ( 'NONE', ( #3139 ), #834, .F. ) ;
#6071 = DIRECTION ( 'NONE',  ( 1.141265444721583757E-16, 0.000000000000000000, 1.000000000000000000 ) ) ;
#6072 = CARTESIAN_POINT ( 'NONE',  ( 14.35590445068956278, 2.000000000000000000, -5.468901542184360309 ) ) ;
#6073 = CARTESIAN_POINT ( 'NONE',  ( 18.17329482049072098, 0.5320888862379536954, -0.9617579545435693822 ) ) ;
#6074 = ORIENTED_EDGE ( 'NONE', *, *, #2994, .F. ) ;
#6075 = ADVANCED_FACE ( 'NONE', ( #4692 ), #2217, .F. ) ;
#6076 = CARTESIAN_POINT ( 'NONE',  ( 11.75701908289146402, 1.399999999999605338, -5.329232319204821877 ) ) ;
#6077 = CARTESIAN_POINT ( 'NONE',  ( 16.14120593425276695, 0.4999999999999978351, -1.000000000000000000 ) ) ;
#6078 = DIRECTION ( 'NONE',  ( -0.000000000000000000, -1.000000000000000000, -0.000000000000000000 ) ) ;
#6079 = DIRECTION ( 'NONE',  ( -1.000000000000000000, 0.000000000000000000, 0.000000000000000000 ) ) ;
#6080 = DIRECTION ( 'NONE',  ( -6.982962677686266711E-15, 0.000000000000000000, -1.000000000000000000 ) ) ;
#6081 =( BOUNDED_SURFACE ( )  B_SPLINE_SURFACE ( 3, 2, ( 
 ( #5194, #4697, #4725 ),
 ( #466, #4224, #4257 ),
 ( #3, #3006, #5713 ),
 ( #4285, #2827, #5680 ),
 ( #3475, #979, #36 ),
 ( #1914, #1443, #3328 ) ),
 .UNSPECIFIED., .F., .F., .F. ) 
 B_SPLINE_SURFACE_WITH_KNOTS ( ( 4, 2, 4 ),
 ( 3, 3 ),
 ( 0.001360458961287221635, 0.002901564996485919527, 0.004442671031684617203 ),
 ( 0.000000000000000000, 1.000000000000000000 ),
 .UNSPECIFIED. ) 
 GEOMETRIC_REPRESENTATION_ITEM ( )  RATIONAL_B_SPLINE_SURFACE ( (
 ( 1.000000000000000000, 0.7924374031725289758, 1.000000000000000000),
 ( 1.000000000000000000, 0.7956711654295669511, 1.000000000000000000),
 ( 1.000000000000000000, 0.7972631388398050412, 1.000000000000000000),
 ( 1.000000000000000000, 0.7972633761834646560, 1.000000000000000000),
 ( 1.000000000000000000, 0.7956584909370887360, 1.000000000000000000),
 ( 1.000000000000000000, 0.7924371217378710641, 1.000000000000000000) ) ) 
 REPRESENTATION_ITEM ( '' )  SURFACE ( )  );
#6082 = ORIENTED_EDGE ( 'NONE', *, *, #2924, .T. ) ;
#6083 = EDGE_LOOP ( 'NONE', ( #6109, #4817, #1549, #1510 ) ) ;
#6084 = VECTOR ( 'NONE', #1649, 1000.000000000000114 ) ;
#6085 = DIRECTION ( 'NONE',  ( -4.005262847839656493E-15, -0.8191520442889909104, -0.5735764363510473807 ) ) ;
#6086 = FACE_OUTER_BOUND ( 'NONE', #2745, .T. ) ;
#6087 = VECTOR ( 'NONE', #5986, 1000.000000000000000 ) ;
#6088 = ORIENTED_EDGE ( 'NONE', *, *, #5711, .F. ) ;
#6089 = ORIENTED_EDGE ( 'NONE', *, *, #424, .T. ) ;
#6090 = CARTESIAN_POINT ( 'NONE',  ( 17.14121301427386967, 0.000000000000000000, -1.007180904292219514 ) ) ;
#6091 = AXIS2_PLACEMENT_3D ( 'NONE', #1441, #5563, #5649 ) ;
#6092 = DIRECTION ( 'NONE',  ( -6.982962677686266711E-15, 0.000000000000000000, -1.000000000000000000 ) ) ;
#6093 = ORIENTED_EDGE ( 'NONE', *, *, #4435, .T. ) ;
#6094 = CARTESIAN_POINT ( 'NONE',  ( 10.07060296712639413, 1.000000000000000000, -2.240753535442245425 ) ) ;
#6095 = ORIENTED_EDGE ( 'NONE', *, *, #1887, .F. ) ;
#6096 = CARTESIAN_POINT ( 'NONE',  ( 8.570602967126381699, 0.5320888862379536954, -0.9617579545435694932 ) ) ;
#6097 = EDGE_LOOP ( 'NONE', ( #2631, #2466, #978, #4781, #4230, #5663, #4344, #2585, #644, #5916, #4047 ) ) ;
#6098 = VECTOR ( 'NONE', #1096, 1000.000000000000000 ) ;
#6099 = ADVANCED_FACE ( 'NONE', ( #4599 ), #5501, .F. ) ;
#6100 = LINE ( 'NONE', #3741, #3157 ) ;
#6101 = FACE_OUTER_BOUND ( 'NONE', #3326, .T. ) ;
#6102 = CARTESIAN_POINT ( 'NONE',  ( 5.032161128980621179, 0.000000000000000000, -3.000000000000000000 ) ) ;
#6103 = DIRECTION ( 'NONE',  ( 0.000000000000000000, 0.000000000000000000, -1.000000000000000000 ) ) ;
#6104 = ADVANCED_FACE ( 'NONE', ( #5564 ), #5033, .F. ) ;
#6105 = EDGE_CURVE ( 'NONE', #254, #2316, #1325, .T. ) ;
#6106 = ADVANCED_FACE ( 'NONE', ( #4252 ), #3813, .F. ) ;
#6107 = VERTEX_POINT ( 'NONE', #5250 ) ;
#6108 = CARTESIAN_POINT ( 'NONE',  ( 14.35590445068957344, 0.4000000000000000222, 0.1662919268571577958 ) ) ;
#6109 = ORIENTED_EDGE ( 'NONE', *, *, #3973, .F. ) ;
#6110 = CARTESIAN_POINT ( 'NONE',  ( 11.35590445068957166, 0.9534028740753675013, 2.799999999999999822 ) ) ;
#6111 = CARTESIAN_POINT ( 'NONE',  ( 5.785301483563203284, 0.000000000000000000, -2.240753535442245425 ) ) ;
#6112 = EDGE_CURVE ( 'NONE', #2127, #675, #2913, .T. ) ;
ENDSEC;
END-ISO-10303-21;
