ISO-10303-21;
HEADER;
FILE_DESCRIPTION(('Designed by EasyEDA Pro'),'2;1');
FILE_NAME('Open CASCADE Shape Model','2026-09-09T19:17:31',('Author'),(
    'Open CASCADE'),'Open CASCADE STEP processor 7.8','Open CASCADE 7.8'
  ,'Unknown');
FILE_SCHEMA(('AUTOMOTIVE_DESIGN { 1 0 10303 214 1 1 1 1 }'));
ENDSEC;
DATA;
#1 = APPLICATION_PROTOCOL_DEFINITION('international standard',
  'automotive_design',2000,#2);
#2 = APPLICATION_CONTEXT(
  'core data for automotive mechanical design processes');
#3 = SHAPE_DEFINITION_REPRESENTATION(#4,#10);
#4 = PRODUCT_DEFINITION_SHAPE('','',#5);
#5 = PRODUCT_DEFINITION('design','',#6,#9);
#6 = PRODUCT_DEFINITION_FORMATION('','',#7);
#7 = PRODUCT('EasyEDA PCB Model~RZhH','EasyEDA PCB Model~RZhH','',(#8));
#8 = PRODUCT_CONTEXT('',#2,'mechanical');
#9 = PRODUCT_DEFINITION_CONTEXT('part definition',#2,'design');
#10 = SHAPE_REPRESENTATION('',(#11,#15,#19,#23,#27,#31,#35,#39),#43);
#11 = AXIS2_PLACEMENT_3D('',#12,#13,#14);
#12 = CARTESIAN_POINT('',(0.,0.,0.));
#13 = DIRECTION('',(0.,0.,1.));
#14 = DIRECTION('',(1.,0.,-0.));
#15 = AXIS2_PLACEMENT_3D('',#16,#17,#18);
#16 = CARTESIAN_POINT('',(0.,0.,0.));
#17 = DIRECTION('',(0.,0.,1.));
#18 = DIRECTION('',(1.,0.,-0.));
#19 = AXIS2_PLACEMENT_3D('',#20,#21,#22);
#20 = CARTESIAN_POINT('',(0.,0.,0.));
#21 = DIRECTION('',(0.,0.,1.));
#22 = DIRECTION('',(1.,0.,-0.));
#23 = AXIS2_PLACEMENT_3D('',#24,#25,#26);
#24 = CARTESIAN_POINT('',(0.,0.,0.));
#25 = DIRECTION('',(0.,0.,1.));
#26 = DIRECTION('',(1.,0.,-0.));
#27 = AXIS2_PLACEMENT_3D('',#28,#29,#30);
#28 = CARTESIAN_POINT('',(0.,0.,0.));
#29 = DIRECTION('',(0.,0.,1.));
#30 = DIRECTION('',(1.,0.,-0.));
#31 = AXIS2_PLACEMENT_3D('',#32,#33,#34);
#32 = CARTESIAN_POINT('',(0.,0.,0.));
#33 = DIRECTION('',(0.,0.,1.));
#34 = DIRECTION('',(1.,0.,-0.));
#35 = AXIS2_PLACEMENT_3D('',#36,#37,#38);
#36 = CARTESIAN_POINT('',(0.,0.,0.));
#37 = DIRECTION('',(0.,0.,1.));
#38 = DIRECTION('',(1.,0.,-0.));
#39 = AXIS2_PLACEMENT_3D('',#40,#41,#42);
#40 = CARTESIAN_POINT('',(0.,0.,0.));
#41 = DIRECTION('',(0.,0.,1.));
#42 = DIRECTION('',(1.,0.,-0.));
#43 = ( GEOMETRIC_REPRESENTATION_CONTEXT(3) 
GLOBAL_UNCERTAINTY_ASSIGNED_CONTEXT((#47)) GLOBAL_UNIT_ASSIGNED_CONTEXT(
(#44,#45,#46)) REPRESENTATION_CONTEXT('Context #1',
  '3D Context with UNIT and UNCERTAINTY') );
#44 = ( LENGTH_UNIT() NAMED_UNIT(*) SI_UNIT(.MILLI.,.METRE.) );
#45 = ( NAMED_UNIT(*) PLANE_ANGLE_UNIT() SI_UNIT($,.RADIAN.) );
#46 = ( NAMED_UNIT(*) SI_UNIT($,.STERADIAN.) SOLID_ANGLE_UNIT() );
#47 = UNCERTAINTY_MEASURE_WITH_UNIT(LENGTH_MEASURE(1.E-07),#44,
  'distance_accuracy_value','confusion accuracy');
#48 = PRODUCT_RELATED_PRODUCT_CATEGORY('part',$,(#7));
#49 = SHAPE_DEFINITION_REPRESENTATION(#50,#56);
#50 = PRODUCT_DEFINITION_SHAPE('','',#51);
#51 = PRODUCT_DEFINITION('design','',#52,#55);
#52 = PRODUCT_DEFINITION_FORMATION('','',#53);
#53 = PRODUCT('Board~RZhH','Board~RZhH','',(#54));
#54 = PRODUCT_CONTEXT('',#2,'mechanical');
#55 = PRODUCT_DEFINITION_CONTEXT('part definition',#2,'design');
#56 = SHAPE_REPRESENTATION('',(#11,#57,#899,#2285),#3160);
#57 = MANIFOLD_SOLID_BREP('',#58);
#58 = CLOSED_SHELL('',(#59,#101,#132,#165,#198,#229,#262,#295,#326,#359,
    #392,#423,#456,#489,#520,#553,#586,#617,#650,#683,#714,#747,#780,
    #811,#835,#867));
#59 = ADVANCED_FACE('',(#60),#96,.T.);
#60 = FACE_BOUND('',#61,.T.);
#61 = EDGE_LOOP('',(#62,#72,#81,#89));
#62 = ORIENTED_EDGE('',*,*,#63,.T.);
#63 = EDGE_CURVE('',#64,#66,#68,.T.);
#64 = VERTEX_POINT('',#65);
#65 = CARTESIAN_POINT('',(3.485006350013,-1.270002540005E-02,0.));
#66 = VERTEX_POINT('',#67);
#67 = CARTESIAN_POINT('',(3.485006350013,-1.270002540005E-02,
    1.203987807976));
#68 = LINE('',#69,#70);
#69 = CARTESIAN_POINT('',(3.485006350013,-1.270002540005E-02,0.));
#70 = VECTOR('',#71,1.);
#71 = DIRECTION('',(0.,0.,1.));
#72 = ORIENTED_EDGE('',*,*,#73,.T.);
#73 = EDGE_CURVE('',#66,#74,#76,.T.);
#74 = VERTEX_POINT('',#75);
#75 = CARTESIAN_POINT('',(6.957312674625,-3.485006350013,1.203987807976)
  );
#76 = CIRCLE('',#77,3.472306324613);
#77 = AXIS2_PLACEMENT_3D('',#78,#79,#80);
#78 = CARTESIAN_POINT('',(3.485006350013,-3.485006350013,1.203987807976)
  );
#79 = DIRECTION('',(0.,0.,-1.));
#80 = DIRECTION('',(3.617405405864E-16,1.,0.));
#81 = ORIENTED_EDGE('',*,*,#82,.F.);
#82 = EDGE_CURVE('',#83,#74,#85,.T.);
#83 = VERTEX_POINT('',#84);
#84 = CARTESIAN_POINT('',(6.957312674625,-3.485006350013,0.));
#85 = LINE('',#86,#87);
#86 = CARTESIAN_POINT('',(6.957312674625,-3.485006350013,0.));
#87 = VECTOR('',#88,1.);
#88 = DIRECTION('',(0.,0.,1.));
#89 = ORIENTED_EDGE('',*,*,#90,.F.);
#90 = EDGE_CURVE('',#64,#83,#91,.T.);
#91 = CIRCLE('',#92,3.472306324613);
#92 = AXIS2_PLACEMENT_3D('',#93,#94,#95);
#93 = CARTESIAN_POINT('',(3.485006350013,-3.485006350013,0.));
#94 = DIRECTION('',(0.,0.,-1.));
#95 = DIRECTION('',(3.617405405864E-16,1.,0.));
#96 = CYLINDRICAL_SURFACE('',#97,3.472306324613);
#97 = AXIS2_PLACEMENT_3D('',#98,#99,#100);
#98 = CARTESIAN_POINT('',(3.485006350013,-3.485006350013,0.));
#99 = DIRECTION('',(0.,0.,-1.));
#100 = DIRECTION('',(3.617405405864E-16,1.,0.));
#101 = ADVANCED_FACE('',(#102),#127,.T.);
#102 = FACE_BOUND('',#103,.T.);
#103 = EDGE_LOOP('',(#104,#105,#113,#121));
#104 = ORIENTED_EDGE('',*,*,#82,.T.);
#105 = ORIENTED_EDGE('',*,*,#106,.T.);
#106 = EDGE_CURVE('',#74,#107,#109,.T.);
#107 = VERTEX_POINT('',#108);
#108 = CARTESIAN_POINT('',(6.957312674625,-6.651091068022,1.203987807976
    ));
#109 = LINE('',#110,#111);
#110 = CARTESIAN_POINT('',(6.957312674625,-3.485006350013,1.203987807976
    ));
#111 = VECTOR('',#112,1.);
#112 = DIRECTION('',(-2.805289494144E-16,-1.,0.));
#113 = ORIENTED_EDGE('',*,*,#114,.F.);
#114 = EDGE_CURVE('',#115,#107,#117,.T.);
#115 = VERTEX_POINT('',#116);
#116 = CARTESIAN_POINT('',(6.957312674625,-6.651091068022,0.));
#117 = LINE('',#118,#119);
#118 = CARTESIAN_POINT('',(6.957312674625,-6.651091068022,0.));
#119 = VECTOR('',#120,1.);
#120 = DIRECTION('',(0.,0.,1.));
#121 = ORIENTED_EDGE('',*,*,#122,.F.);
#122 = EDGE_CURVE('',#83,#115,#123,.T.);
#123 = LINE('',#124,#125);
#124 = CARTESIAN_POINT('',(6.957312674625,-3.485006350013,0.));
#125 = VECTOR('',#126,1.);
#126 = DIRECTION('',(-2.805289494144E-16,-1.,0.));
#127 = PLANE('',#128);
#128 = AXIS2_PLACEMENT_3D('',#129,#130,#131);
#129 = CARTESIAN_POINT('',(6.957312674625,-3.485006350013,0.));
#130 = DIRECTION('',(1.,-2.805289494144E-16,0.));
#131 = DIRECTION('',(-2.805289494144E-16,-1.,0.));
#132 = ADVANCED_FACE('',(#133),#160,.F.);
#133 = FACE_BOUND('',#134,.T.);
#134 = EDGE_LOOP('',(#135,#136,#145,#153));
#135 = ORIENTED_EDGE('',*,*,#114,.T.);
#136 = ORIENTED_EDGE('',*,*,#137,.T.);
#137 = EDGE_CURVE('',#107,#138,#140,.T.);
#138 = VERTEX_POINT('',#139);
#139 = CARTESIAN_POINT('',(6.829865379731,-6.883154686309,1.203987807976
    ));
#140 = CIRCLE('',#141,0.275001270003);
#141 = AXIS2_PLACEMENT_3D('',#142,#143,#144);
#142 = CARTESIAN_POINT('',(7.104866649733,-6.883154686309,1.203987807976
    ));
#143 = DIRECTION('',(0.,0.,1.));
#144 = DIRECTION('',(-0.536557431559,0.843863805741,0.));
#145 = ORIENTED_EDGE('',*,*,#146,.F.);
#146 = EDGE_CURVE('',#147,#138,#149,.T.);
#147 = VERTEX_POINT('',#148);
#148 = CARTESIAN_POINT('',(6.829865379731,-6.883154686309,0.));
#149 = LINE('',#150,#151);
#150 = CARTESIAN_POINT('',(6.829865379731,-6.883154686309,0.));
#151 = VECTOR('',#152,1.);
#152 = DIRECTION('',(0.,0.,1.));
#153 = ORIENTED_EDGE('',*,*,#154,.F.);
#154 = EDGE_CURVE('',#115,#147,#155,.T.);
#155 = CIRCLE('',#156,0.275001270003);
#156 = AXIS2_PLACEMENT_3D('',#157,#158,#159);
#157 = CARTESIAN_POINT('',(7.104866649733,-6.883154686309,0.));
#158 = DIRECTION('',(0.,0.,1.));
#159 = DIRECTION('',(-0.536557431559,0.843863805741,0.));
#160 = CYLINDRICAL_SURFACE('',#161,0.275001270003);
#161 = AXIS2_PLACEMENT_3D('',#162,#163,#164);
#162 = CARTESIAN_POINT('',(7.104866649733,-6.883154686309,0.));
#163 = DIRECTION('',(-0.,-0.,-1.));
#164 = DIRECTION('',(-0.536557431559,0.843863805741,0.));
#165 = ADVANCED_FACE('',(#166),#193,.F.);
#166 = FACE_BOUND('',#167,.T.);
#167 = EDGE_LOOP('',(#168,#169,#178,#186));
#168 = ORIENTED_EDGE('',*,*,#146,.T.);
#169 = ORIENTED_EDGE('',*,*,#170,.T.);
#170 = EDGE_CURVE('',#138,#171,#173,.T.);
#171 = VERTEX_POINT('',#172);
#172 = CARTESIAN_POINT('',(6.957312674625,-7.115218304597,1.203987807976
    ));
#173 = CIRCLE('',#174,0.275001270003);
#174 = AXIS2_PLACEMENT_3D('',#175,#176,#177);
#175 = CARTESIAN_POINT('',(7.104866649733,-6.883154686309,1.203987807976
    ));
#176 = DIRECTION('',(0.,0.,1.));
#177 = DIRECTION('',(-1.,1.467677429872E-15,0.));
#178 = ORIENTED_EDGE('',*,*,#179,.F.);
#179 = EDGE_CURVE('',#180,#171,#182,.T.);
#180 = VERTEX_POINT('',#181);
#181 = CARTESIAN_POINT('',(6.957312674625,-7.115218304597,0.));
#182 = LINE('',#183,#184);
#183 = CARTESIAN_POINT('',(6.957312674625,-7.115218304597,0.));
#184 = VECTOR('',#185,1.);
#185 = DIRECTION('',(0.,0.,1.));
#186 = ORIENTED_EDGE('',*,*,#187,.F.);
#187 = EDGE_CURVE('',#147,#180,#188,.T.);
#188 = CIRCLE('',#189,0.275001270003);
#189 = AXIS2_PLACEMENT_3D('',#190,#191,#192);
#190 = CARTESIAN_POINT('',(7.104866649733,-6.883154686309,0.));
#191 = DIRECTION('',(0.,0.,1.));
#192 = DIRECTION('',(-1.,1.467677429872E-15,0.));
#193 = CYLINDRICAL_SURFACE('',#194,0.275001270003);
#194 = AXIS2_PLACEMENT_3D('',#195,#196,#197);
#195 = CARTESIAN_POINT('',(7.104866649733,-6.883154686309,0.));
#196 = DIRECTION('',(-0.,-0.,-1.));
#197 = DIRECTION('',(-1.,1.467677429872E-15,0.));
#198 = ADVANCED_FACE('',(#199),#224,.T.);
#199 = FACE_BOUND('',#200,.T.);
#200 = EDGE_LOOP('',(#201,#202,#210,#218));
#201 = ORIENTED_EDGE('',*,*,#179,.T.);
#202 = ORIENTED_EDGE('',*,*,#203,.T.);
#203 = EDGE_CURVE('',#171,#204,#206,.T.);
#204 = VERTEX_POINT('',#205);
#205 = CARTESIAN_POINT('',(6.957312674625,-7.501091068022,1.203987807976
    ));
#206 = LINE('',#207,#208);
#207 = CARTESIAN_POINT('',(6.957312674625,-7.115218304597,1.203987807976
    ));
#208 = VECTOR('',#209,1.);
#209 = DIRECTION('',(2.301739080567E-15,-1.,0.));
#210 = ORIENTED_EDGE('',*,*,#211,.F.);
#211 = EDGE_CURVE('',#212,#204,#214,.T.);
#212 = VERTEX_POINT('',#213);
#213 = CARTESIAN_POINT('',(6.957312674625,-7.501091068022,0.));
#214 = LINE('',#215,#216);
#215 = CARTESIAN_POINT('',(6.957312674625,-7.501091068022,0.));
#216 = VECTOR('',#217,1.);
#217 = DIRECTION('',(0.,0.,1.));
#218 = ORIENTED_EDGE('',*,*,#219,.F.);
#219 = EDGE_CURVE('',#180,#212,#220,.T.);
#220 = LINE('',#221,#222);
#221 = CARTESIAN_POINT('',(6.957312674625,-7.115218304597,0.));
#222 = VECTOR('',#223,1.);
#223 = DIRECTION('',(2.301739080567E-15,-1.,0.));
#224 = PLANE('',#225);
#225 = AXIS2_PLACEMENT_3D('',#226,#227,#228);
#226 = CARTESIAN_POINT('',(6.957312674625,-7.115218304597,0.));
#227 = DIRECTION('',(1.,2.301739080567E-15,-0.));
#228 = DIRECTION('',(2.301739080567E-15,-1.,0.));
#229 = ADVANCED_FACE('',(#230),#257,.F.);
#230 = FACE_BOUND('',#231,.T.);
#231 = EDGE_LOOP('',(#232,#233,#242,#250));
#232 = ORIENTED_EDGE('',*,*,#211,.T.);
#233 = ORIENTED_EDGE('',*,*,#234,.T.);
#234 = EDGE_CURVE('',#204,#235,#237,.T.);
#235 = VERTEX_POINT('',#236);
#236 = CARTESIAN_POINT('',(6.829865379731,-7.733154686309,1.203987807976
    ));
#237 = CIRCLE('',#238,0.275001270003);
#238 = AXIS2_PLACEMENT_3D('',#239,#240,#241);
#239 = CARTESIAN_POINT('',(7.104866649733,-7.733154686309,1.203987807976
    ));
#240 = DIRECTION('',(0.,0.,1.));
#241 = DIRECTION('',(-0.536557431559,0.843863805741,0.));
#242 = ORIENTED_EDGE('',*,*,#243,.F.);
#243 = EDGE_CURVE('',#244,#235,#246,.T.);
#244 = VERTEX_POINT('',#245);
#245 = CARTESIAN_POINT('',(6.829865379731,-7.733154686309,0.));
#246 = LINE('',#247,#248);
#247 = CARTESIAN_POINT('',(6.829865379731,-7.733154686309,0.));
#248 = VECTOR('',#249,1.);
#249 = DIRECTION('',(0.,0.,1.));
#250 = ORIENTED_EDGE('',*,*,#251,.F.);
#251 = EDGE_CURVE('',#212,#244,#252,.T.);
#252 = CIRCLE('',#253,0.275001270003);
#253 = AXIS2_PLACEMENT_3D('',#254,#255,#256);
#254 = CARTESIAN_POINT('',(7.104866649733,-7.733154686309,0.));
#255 = DIRECTION('',(0.,0.,1.));
#256 = DIRECTION('',(-0.536557431559,0.843863805741,0.));
#257 = CYLINDRICAL_SURFACE('',#258,0.275001270003);
#258 = AXIS2_PLACEMENT_3D('',#259,#260,#261);
#259 = CARTESIAN_POINT('',(7.104866649733,-7.733154686309,0.));
#260 = DIRECTION('',(-0.,-0.,-1.));
#261 = DIRECTION('',(-0.536557431559,0.843863805741,0.));
#262 = ADVANCED_FACE('',(#263),#290,.F.);
#263 = FACE_BOUND('',#264,.T.);
#264 = EDGE_LOOP('',(#265,#266,#275,#283));
#265 = ORIENTED_EDGE('',*,*,#243,.T.);
#266 = ORIENTED_EDGE('',*,*,#267,.T.);
#267 = EDGE_CURVE('',#235,#268,#270,.T.);
#268 = VERTEX_POINT('',#269);
#269 = CARTESIAN_POINT('',(6.957312674625,-7.965218304597,1.203987807976
    ));
#270 = CIRCLE('',#271,0.275001270003);
#271 = AXIS2_PLACEMENT_3D('',#272,#273,#274);
#272 = CARTESIAN_POINT('',(7.104866649733,-7.733154686309,1.203987807976
    ));
#273 = DIRECTION('',(0.,0.,1.));
#274 = DIRECTION('',(-1.,1.467677429872E-15,0.));
#275 = ORIENTED_EDGE('',*,*,#276,.F.);
#276 = EDGE_CURVE('',#277,#268,#279,.T.);
#277 = VERTEX_POINT('',#278);
#278 = CARTESIAN_POINT('',(6.957312674625,-7.965218304597,0.));
#279 = LINE('',#280,#281);
#280 = CARTESIAN_POINT('',(6.957312674625,-7.965218304597,0.));
#281 = VECTOR('',#282,1.);
#282 = DIRECTION('',(0.,0.,1.));
#283 = ORIENTED_EDGE('',*,*,#284,.F.);
#284 = EDGE_CURVE('',#244,#277,#285,.T.);
#285 = CIRCLE('',#286,0.275001270003);
#286 = AXIS2_PLACEMENT_3D('',#287,#288,#289);
#287 = CARTESIAN_POINT('',(7.104866649733,-7.733154686309,0.));
#288 = DIRECTION('',(0.,0.,1.));
#289 = DIRECTION('',(-1.,1.467677429872E-15,0.));
#290 = CYLINDRICAL_SURFACE('',#291,0.275001270003);
#291 = AXIS2_PLACEMENT_3D('',#292,#293,#294);
#292 = CARTESIAN_POINT('',(7.104866649733,-7.733154686309,0.));
#293 = DIRECTION('',(-0.,-0.,-1.));
#294 = DIRECTION('',(-1.,1.467677429872E-15,0.));
#295 = ADVANCED_FACE('',(#296),#321,.T.);
#296 = FACE_BOUND('',#297,.T.);
#297 = EDGE_LOOP('',(#298,#299,#307,#315));
#298 = ORIENTED_EDGE('',*,*,#276,.T.);
#299 = ORIENTED_EDGE('',*,*,#300,.T.);
#300 = EDGE_CURVE('',#268,#301,#303,.T.);
#301 = VERTEX_POINT('',#302);
#302 = CARTESIAN_POINT('',(6.957312674625,-8.351093608027,1.203987807976
    ));
#303 = LINE('',#304,#305);
#304 = CARTESIAN_POINT('',(6.957312674625,-7.965218304597,1.203987807976
    ));
#305 = VECTOR('',#306,1.);
#306 = DIRECTION('',(2.301723929484E-15,-1.,0.));
#307 = ORIENTED_EDGE('',*,*,#308,.F.);
#308 = EDGE_CURVE('',#309,#301,#311,.T.);
#309 = VERTEX_POINT('',#310);
#310 = CARTESIAN_POINT('',(6.957312674625,-8.351093608027,0.));
#311 = LINE('',#312,#313);
#312 = CARTESIAN_POINT('',(6.957312674625,-8.351093608027,0.));
#313 = VECTOR('',#314,1.);
#314 = DIRECTION('',(0.,0.,1.));
#315 = ORIENTED_EDGE('',*,*,#316,.F.);
#316 = EDGE_CURVE('',#277,#309,#317,.T.);
#317 = LINE('',#318,#319);
#318 = CARTESIAN_POINT('',(6.957312674625,-7.965218304597,0.));
#319 = VECTOR('',#320,1.);
#320 = DIRECTION('',(2.301723929484E-15,-1.,0.));
#321 = PLANE('',#322);
#322 = AXIS2_PLACEMENT_3D('',#323,#324,#325);
#323 = CARTESIAN_POINT('',(6.957312674625,-7.965218304597,0.));
#324 = DIRECTION('',(1.,2.301723929484E-15,-0.));
#325 = DIRECTION('',(2.301723929484E-15,-1.,0.));
#326 = ADVANCED_FACE('',(#327),#354,.F.);
#327 = FACE_BOUND('',#328,.T.);
#328 = EDGE_LOOP('',(#329,#330,#339,#347));
#329 = ORIENTED_EDGE('',*,*,#308,.T.);
#330 = ORIENTED_EDGE('',*,*,#331,.T.);
#331 = EDGE_CURVE('',#301,#332,#334,.T.);
#332 = VERTEX_POINT('',#333);
#333 = CARTESIAN_POINT('',(6.829865379731,-8.583157226314,1.203987807976
    ));
#334 = CIRCLE('',#335,0.275001270003);
#335 = AXIS2_PLACEMENT_3D('',#336,#337,#338);
#336 = CARTESIAN_POINT('',(7.104866649733,-8.583157226314,1.203987807976
    ));
#337 = DIRECTION('',(0.,0.,1.));
#338 = DIRECTION('',(-0.536557431559,0.843863805741,0.));
#339 = ORIENTED_EDGE('',*,*,#340,.F.);
#340 = EDGE_CURVE('',#341,#332,#343,.T.);
#341 = VERTEX_POINT('',#342);
#342 = CARTESIAN_POINT('',(6.829865379731,-8.583157226314,0.));
#343 = LINE('',#344,#345);
#344 = CARTESIAN_POINT('',(6.829865379731,-8.583157226314,0.));
#345 = VECTOR('',#346,1.);
#346 = DIRECTION('',(0.,0.,1.));
#347 = ORIENTED_EDGE('',*,*,#348,.F.);
#348 = EDGE_CURVE('',#309,#341,#349,.T.);
#349 = CIRCLE('',#350,0.275001270003);
#350 = AXIS2_PLACEMENT_3D('',#351,#352,#353);
#351 = CARTESIAN_POINT('',(7.104866649733,-8.583157226314,0.));
#352 = DIRECTION('',(0.,0.,1.));
#353 = DIRECTION('',(-0.536557431559,0.843863805741,0.));
#354 = CYLINDRICAL_SURFACE('',#355,0.275001270003);
#355 = AXIS2_PLACEMENT_3D('',#356,#357,#358);
#356 = CARTESIAN_POINT('',(7.104866649733,-8.583157226314,0.));
#357 = DIRECTION('',(-0.,-0.,-1.));
#358 = DIRECTION('',(-0.536557431559,0.843863805741,0.));
#359 = ADVANCED_FACE('',(#360),#387,.F.);
#360 = FACE_BOUND('',#361,.T.);
#361 = EDGE_LOOP('',(#362,#363,#372,#380));
#362 = ORIENTED_EDGE('',*,*,#340,.T.);
#363 = ORIENTED_EDGE('',*,*,#364,.T.);
#364 = EDGE_CURVE('',#332,#365,#367,.T.);
#365 = VERTEX_POINT('',#366);
#366 = CARTESIAN_POINT('',(6.957312674625,-8.815220844602,1.203987807976
    ));
#367 = CIRCLE('',#368,0.275001270003);
#368 = AXIS2_PLACEMENT_3D('',#369,#370,#371);
#369 = CARTESIAN_POINT('',(7.104866649733,-8.583157226314,1.203987807976
    ));
#370 = DIRECTION('',(0.,0.,1.));
#371 = DIRECTION('',(-1.,-1.572511532006E-16,0.));
#372 = ORIENTED_EDGE('',*,*,#373,.F.);
#373 = EDGE_CURVE('',#374,#365,#376,.T.);
#374 = VERTEX_POINT('',#375);
#375 = CARTESIAN_POINT('',(6.957312674625,-8.815220844602,0.));
#376 = LINE('',#377,#378);
#377 = CARTESIAN_POINT('',(6.957312674625,-8.815220844602,0.));
#378 = VECTOR('',#379,1.);
#379 = DIRECTION('',(0.,0.,1.));
#380 = ORIENTED_EDGE('',*,*,#381,.F.);
#381 = EDGE_CURVE('',#341,#374,#382,.T.);
#382 = CIRCLE('',#383,0.275001270003);
#383 = AXIS2_PLACEMENT_3D('',#384,#385,#386);
#384 = CARTESIAN_POINT('',(7.104866649733,-8.583157226314,0.));
#385 = DIRECTION('',(0.,0.,1.));
#386 = DIRECTION('',(-1.,-1.572511532006E-16,0.));
#387 = CYLINDRICAL_SURFACE('',#388,0.275001270003);
#388 = AXIS2_PLACEMENT_3D('',#389,#390,#391);
#389 = CARTESIAN_POINT('',(7.104866649733,-8.583157226314,0.));
#390 = DIRECTION('',(-0.,-0.,-1.));
#391 = DIRECTION('',(-1.,-1.572511532006E-16,0.));
#392 = ADVANCED_FACE('',(#393),#418,.T.);
#393 = FACE_BOUND('',#394,.T.);
#394 = EDGE_LOOP('',(#395,#396,#404,#412));
#395 = ORIENTED_EDGE('',*,*,#373,.T.);
#396 = ORIENTED_EDGE('',*,*,#397,.T.);
#397 = EDGE_CURVE('',#365,#398,#400,.T.);
#398 = VERTEX_POINT('',#399);
#399 = CARTESIAN_POINT('',(6.957312674625,-9.201096148032,1.203987807976
    ));
#400 = LINE('',#401,#402);
#401 = CARTESIAN_POINT('',(6.957312674625,-8.815220844602,1.203987807976
    ));
#402 = VECTOR('',#403,1.);
#403 = DIRECTION('',(2.301723929484E-15,-1.,0.));
#404 = ORIENTED_EDGE('',*,*,#405,.F.);
#405 = EDGE_CURVE('',#406,#398,#408,.T.);
#406 = VERTEX_POINT('',#407);
#407 = CARTESIAN_POINT('',(6.957312674625,-9.201096148032,0.));
#408 = LINE('',#409,#410);
#409 = CARTESIAN_POINT('',(6.957312674625,-9.201096148032,0.));
#410 = VECTOR('',#411,1.);
#411 = DIRECTION('',(0.,0.,1.));
#412 = ORIENTED_EDGE('',*,*,#413,.F.);
#413 = EDGE_CURVE('',#374,#406,#414,.T.);
#414 = LINE('',#415,#416);
#415 = CARTESIAN_POINT('',(6.957312674625,-8.815220844602,0.));
#416 = VECTOR('',#417,1.);
#417 = DIRECTION('',(2.301723929484E-15,-1.,0.));
#418 = PLANE('',#419);
#419 = AXIS2_PLACEMENT_3D('',#420,#421,#422);
#420 = CARTESIAN_POINT('',(6.957312674625,-8.815220844602,0.));
#421 = DIRECTION('',(1.,2.301723929484E-15,-0.));
#422 = DIRECTION('',(2.301723929484E-15,-1.,0.));
#423 = ADVANCED_FACE('',(#424),#451,.F.);
#424 = FACE_BOUND('',#425,.T.);
#425 = EDGE_LOOP('',(#426,#427,#436,#444));
#426 = ORIENTED_EDGE('',*,*,#405,.T.);
#427 = ORIENTED_EDGE('',*,*,#428,.T.);
#428 = EDGE_CURVE('',#398,#429,#431,.T.);
#429 = VERTEX_POINT('',#430);
#430 = CARTESIAN_POINT('',(6.829865379731,-9.43315976632,1.203987807976)
  );
#431 = CIRCLE('',#432,0.275001270003);
#432 = AXIS2_PLACEMENT_3D('',#433,#434,#435);
#433 = CARTESIAN_POINT('',(7.104866649733,-9.43315976632,1.203987807976)
  );
#434 = DIRECTION('',(0.,0.,1.));
#435 = DIRECTION('',(-0.536557431559,0.843863805741,0.));
#436 = ORIENTED_EDGE('',*,*,#437,.F.);
#437 = EDGE_CURVE('',#438,#429,#440,.T.);
#438 = VERTEX_POINT('',#439);
#439 = CARTESIAN_POINT('',(6.829865379731,-9.43315976632,0.));
#440 = LINE('',#441,#442);
#441 = CARTESIAN_POINT('',(6.829865379731,-9.43315976632,0.));
#442 = VECTOR('',#443,1.);
#443 = DIRECTION('',(0.,0.,1.));
#444 = ORIENTED_EDGE('',*,*,#445,.F.);
#445 = EDGE_CURVE('',#406,#438,#446,.T.);
#446 = CIRCLE('',#447,0.275001270003);
#447 = AXIS2_PLACEMENT_3D('',#448,#449,#450);
#448 = CARTESIAN_POINT('',(7.104866649733,-9.43315976632,0.));
#449 = DIRECTION('',(0.,0.,1.));
#450 = DIRECTION('',(-0.536557431559,0.843863805741,0.));
#451 = CYLINDRICAL_SURFACE('',#452,0.275001270003);
#452 = AXIS2_PLACEMENT_3D('',#453,#454,#455);
#453 = CARTESIAN_POINT('',(7.104866649733,-9.43315976632,0.));
#454 = DIRECTION('',(-0.,-0.,-1.));
#455 = DIRECTION('',(-0.536557431559,0.843863805741,0.));
#456 = ADVANCED_FACE('',(#457),#484,.F.);
#457 = FACE_BOUND('',#458,.T.);
#458 = EDGE_LOOP('',(#459,#460,#469,#477));
#459 = ORIENTED_EDGE('',*,*,#437,.T.);
#460 = ORIENTED_EDGE('',*,*,#461,.T.);
#461 = EDGE_CURVE('',#429,#462,#464,.T.);
#462 = VERTEX_POINT('',#463);
#463 = CARTESIAN_POINT('',(6.957312674625,-9.665223384607,1.203987807976
    ));
#464 = CIRCLE('',#465,0.275001270003);
#465 = AXIS2_PLACEMENT_3D('',#466,#467,#468);
#466 = CARTESIAN_POINT('',(7.104866649733,-9.43315976632,1.203987807976)
  );
#467 = DIRECTION('',(0.,0.,1.));
#468 = DIRECTION('',(-1.,-1.572511532006E-16,0.));
#469 = ORIENTED_EDGE('',*,*,#470,.F.);
#470 = EDGE_CURVE('',#471,#462,#473,.T.);
#471 = VERTEX_POINT('',#472);
#472 = CARTESIAN_POINT('',(6.957312674625,-9.665223384607,0.));
#473 = LINE('',#474,#475);
#474 = CARTESIAN_POINT('',(6.957312674625,-9.665223384607,0.));
#475 = VECTOR('',#476,1.);
#476 = DIRECTION('',(0.,0.,1.));
#477 = ORIENTED_EDGE('',*,*,#478,.F.);
#478 = EDGE_CURVE('',#438,#471,#479,.T.);
#479 = CIRCLE('',#480,0.275001270003);
#480 = AXIS2_PLACEMENT_3D('',#481,#482,#483);
#481 = CARTESIAN_POINT('',(7.104866649733,-9.43315976632,0.));
#482 = DIRECTION('',(0.,0.,1.));
#483 = DIRECTION('',(-1.,-1.572511532006E-16,0.));
#484 = CYLINDRICAL_SURFACE('',#485,0.275001270003);
#485 = AXIS2_PLACEMENT_3D('',#486,#487,#488);
#486 = CARTESIAN_POINT('',(7.104866649733,-9.43315976632,0.));
#487 = DIRECTION('',(-0.,-0.,-1.));
#488 = DIRECTION('',(-1.,-1.572511532006E-16,0.));
#489 = ADVANCED_FACE('',(#490),#515,.T.);
#490 = FACE_BOUND('',#491,.T.);
#491 = EDGE_LOOP('',(#492,#493,#501,#509));
#492 = ORIENTED_EDGE('',*,*,#470,.T.);
#493 = ORIENTED_EDGE('',*,*,#494,.T.);
#494 = EDGE_CURVE('',#462,#495,#497,.T.);
#495 = VERTEX_POINT('',#496);
#496 = CARTESIAN_POINT('',(6.957312674625,-10.05109614803,1.203987807976
    ));
#497 = LINE('',#498,#499);
#498 = CARTESIAN_POINT('',(6.957312674625,-9.665223384607,1.203987807976
    ));
#499 = VECTOR('',#500,1.);
#500 = DIRECTION('',(2.301739080567E-15,-1.,0.));
#501 = ORIENTED_EDGE('',*,*,#502,.F.);
#502 = EDGE_CURVE('',#503,#495,#505,.T.);
#503 = VERTEX_POINT('',#504);
#504 = CARTESIAN_POINT('',(6.957312674625,-10.05109614803,0.));
#505 = LINE('',#506,#507);
#506 = CARTESIAN_POINT('',(6.957312674625,-10.05109614803,0.));
#507 = VECTOR('',#508,1.);
#508 = DIRECTION('',(0.,0.,1.));
#509 = ORIENTED_EDGE('',*,*,#510,.F.);
#510 = EDGE_CURVE('',#471,#503,#511,.T.);
#511 = LINE('',#512,#513);
#512 = CARTESIAN_POINT('',(6.957312674625,-9.665223384607,0.));
#513 = VECTOR('',#514,1.);
#514 = DIRECTION('',(2.301739080567E-15,-1.,0.));
#515 = PLANE('',#516);
#516 = AXIS2_PLACEMENT_3D('',#517,#518,#519);
#517 = CARTESIAN_POINT('',(6.957312674625,-9.665223384607,0.));
#518 = DIRECTION('',(1.,2.301739080567E-15,-0.));
#519 = DIRECTION('',(2.301739080567E-15,-1.,0.));
#520 = ADVANCED_FACE('',(#521),#548,.F.);
#521 = FACE_BOUND('',#522,.T.);
#522 = EDGE_LOOP('',(#523,#524,#533,#541));
#523 = ORIENTED_EDGE('',*,*,#502,.T.);
#524 = ORIENTED_EDGE('',*,*,#525,.T.);
#525 = EDGE_CURVE('',#495,#526,#528,.T.);
#526 = VERTEX_POINT('',#527);
#527 = CARTESIAN_POINT('',(6.829865379731,-10.28315976632,1.203987807976
    ));
#528 = CIRCLE('',#529,0.275001270003);
#529 = AXIS2_PLACEMENT_3D('',#530,#531,#532);
#530 = CARTESIAN_POINT('',(7.104866649733,-10.28315976632,1.203987807976
    ));
#531 = DIRECTION('',(0.,0.,1.));
#532 = DIRECTION('',(-0.536557431559,0.843863805741,0.));
#533 = ORIENTED_EDGE('',*,*,#534,.F.);
#534 = EDGE_CURVE('',#535,#526,#537,.T.);
#535 = VERTEX_POINT('',#536);
#536 = CARTESIAN_POINT('',(6.829865379731,-10.28315976632,0.));
#537 = LINE('',#538,#539);
#538 = CARTESIAN_POINT('',(6.829865379731,-10.28315976632,0.));
#539 = VECTOR('',#540,1.);
#540 = DIRECTION('',(0.,0.,1.));
#541 = ORIENTED_EDGE('',*,*,#542,.F.);
#542 = EDGE_CURVE('',#503,#535,#543,.T.);
#543 = CIRCLE('',#544,0.275001270003);
#544 = AXIS2_PLACEMENT_3D('',#545,#546,#547);
#545 = CARTESIAN_POINT('',(7.104866649733,-10.28315976632,0.));
#546 = DIRECTION('',(0.,0.,1.));
#547 = DIRECTION('',(-0.536557431559,0.843863805741,0.));
#548 = CYLINDRICAL_SURFACE('',#549,0.275001270003);
#549 = AXIS2_PLACEMENT_3D('',#550,#551,#552);
#550 = CARTESIAN_POINT('',(7.104866649733,-10.28315976632,0.));
#551 = DIRECTION('',(-0.,-0.,-1.));
#552 = DIRECTION('',(-0.536557431559,0.843863805741,0.));
#553 = ADVANCED_FACE('',(#554),#581,.F.);
#554 = FACE_BOUND('',#555,.T.);
#555 = EDGE_LOOP('',(#556,#557,#566,#574));
#556 = ORIENTED_EDGE('',*,*,#534,.T.);
#557 = ORIENTED_EDGE('',*,*,#558,.T.);
#558 = EDGE_CURVE('',#526,#559,#561,.T.);
#559 = VERTEX_POINT('',#560);
#560 = CARTESIAN_POINT('',(6.957312674625,-10.5152233846,1.203987807976)
  );
#561 = CIRCLE('',#562,0.275001270003);
#562 = AXIS2_PLACEMENT_3D('',#563,#564,#565);
#563 = CARTESIAN_POINT('',(7.104866649733,-10.28315976632,1.203987807976
    ));
#564 = DIRECTION('',(0.,0.,1.));
#565 = DIRECTION('',(-1.,-1.572511532006E-16,0.));
#566 = ORIENTED_EDGE('',*,*,#567,.F.);
#567 = EDGE_CURVE('',#568,#559,#570,.T.);
#568 = VERTEX_POINT('',#569);
#569 = CARTESIAN_POINT('',(6.957312674625,-10.5152233846,0.));
#570 = LINE('',#571,#572);
#571 = CARTESIAN_POINT('',(6.957312674625,-10.5152233846,0.));
#572 = VECTOR('',#573,1.);
#573 = DIRECTION('',(0.,0.,1.));
#574 = ORIENTED_EDGE('',*,*,#575,.F.);
#575 = EDGE_CURVE('',#535,#568,#576,.T.);
#576 = CIRCLE('',#577,0.275001270003);
#577 = AXIS2_PLACEMENT_3D('',#578,#579,#580);
#578 = CARTESIAN_POINT('',(7.104866649733,-10.28315976632,0.));
#579 = DIRECTION('',(0.,0.,1.));
#580 = DIRECTION('',(-1.,-1.572511532006E-16,0.));
#581 = CYLINDRICAL_SURFACE('',#582,0.275001270003);
#582 = AXIS2_PLACEMENT_3D('',#583,#584,#585);
#583 = CARTESIAN_POINT('',(7.104866649733,-10.28315976632,0.));
#584 = DIRECTION('',(-0.,-0.,-1.));
#585 = DIRECTION('',(-1.,-1.572511532006E-16,0.));
#586 = ADVANCED_FACE('',(#587),#612,.T.);
#587 = FACE_BOUND('',#588,.T.);
#588 = EDGE_LOOP('',(#589,#590,#598,#606));
#589 = ORIENTED_EDGE('',*,*,#567,.T.);
#590 = ORIENTED_EDGE('',*,*,#591,.T.);
#591 = EDGE_CURVE('',#559,#592,#594,.T.);
#592 = VERTEX_POINT('',#593);
#593 = CARTESIAN_POINT('',(6.957312674625,-10.90109868803,1.203987807976
    ));
#594 = LINE('',#595,#596);
#595 = CARTESIAN_POINT('',(6.957312674625,-10.5152233846,1.203987807976)
  );
#596 = VECTOR('',#597,1.);
#597 = DIRECTION('',(2.301723929484E-15,-1.,0.));
#598 = ORIENTED_EDGE('',*,*,#599,.F.);
#599 = EDGE_CURVE('',#600,#592,#602,.T.);
#600 = VERTEX_POINT('',#601);
#601 = CARTESIAN_POINT('',(6.957312674625,-10.90109868803,0.));
#602 = LINE('',#603,#604);
#603 = CARTESIAN_POINT('',(6.957312674625,-10.90109868803,0.));
#604 = VECTOR('',#605,1.);
#605 = DIRECTION('',(0.,0.,1.));
#606 = ORIENTED_EDGE('',*,*,#607,.F.);
#607 = EDGE_CURVE('',#568,#600,#608,.T.);
#608 = LINE('',#609,#610);
#609 = CARTESIAN_POINT('',(6.957312674625,-10.5152233846,0.));
#610 = VECTOR('',#611,1.);
#611 = DIRECTION('',(2.301723929484E-15,-1.,0.));
#612 = PLANE('',#613);
#613 = AXIS2_PLACEMENT_3D('',#614,#615,#616);
#614 = CARTESIAN_POINT('',(6.957312674625,-10.5152233846,0.));
#615 = DIRECTION('',(1.,2.301723929484E-15,-0.));
#616 = DIRECTION('',(2.301723929484E-15,-1.,0.));
#617 = ADVANCED_FACE('',(#618),#645,.F.);
#618 = FACE_BOUND('',#619,.T.);
#619 = EDGE_LOOP('',(#620,#621,#630,#638));
#620 = ORIENTED_EDGE('',*,*,#599,.T.);
#621 = ORIENTED_EDGE('',*,*,#622,.T.);
#622 = EDGE_CURVE('',#592,#623,#625,.T.);
#623 = VERTEX_POINT('',#624);
#624 = CARTESIAN_POINT('',(6.829865379731,-11.13316230632,1.203987807976
    ));
#625 = CIRCLE('',#626,0.275001270003);
#626 = AXIS2_PLACEMENT_3D('',#627,#628,#629);
#627 = CARTESIAN_POINT('',(7.104866649733,-11.13316230632,1.203987807976
    ));
#628 = DIRECTION('',(0.,0.,1.));
#629 = DIRECTION('',(-0.536557431559,0.843863805741,0.));
#630 = ORIENTED_EDGE('',*,*,#631,.F.);
#631 = EDGE_CURVE('',#632,#623,#634,.T.);
#632 = VERTEX_POINT('',#633);
#633 = CARTESIAN_POINT('',(6.829865379731,-11.13316230632,0.));
#634 = LINE('',#635,#636);
#635 = CARTESIAN_POINT('',(6.829865379731,-11.13316230632,0.));
#636 = VECTOR('',#637,1.);
#637 = DIRECTION('',(0.,0.,1.));
#638 = ORIENTED_EDGE('',*,*,#639,.F.);
#639 = EDGE_CURVE('',#600,#632,#640,.T.);
#640 = CIRCLE('',#641,0.275001270003);
#641 = AXIS2_PLACEMENT_3D('',#642,#643,#644);
#642 = CARTESIAN_POINT('',(7.104866649733,-11.13316230632,0.));
#643 = DIRECTION('',(0.,0.,1.));
#644 = DIRECTION('',(-0.536557431559,0.843863805741,0.));
#645 = CYLINDRICAL_SURFACE('',#646,0.275001270003);
#646 = AXIS2_PLACEMENT_3D('',#647,#648,#649);
#647 = CARTESIAN_POINT('',(7.104866649733,-11.13316230632,0.));
#648 = DIRECTION('',(-0.,-0.,-1.));
#649 = DIRECTION('',(-0.536557431559,0.843863805741,0.));
#650 = ADVANCED_FACE('',(#651),#678,.F.);
#651 = FACE_BOUND('',#652,.T.);
#652 = EDGE_LOOP('',(#653,#654,#663,#671));
#653 = ORIENTED_EDGE('',*,*,#631,.T.);
#654 = ORIENTED_EDGE('',*,*,#655,.T.);
#655 = EDGE_CURVE('',#623,#656,#658,.T.);
#656 = VERTEX_POINT('',#657);
#657 = CARTESIAN_POINT('',(6.957312674625,-11.36522592461,1.203987807976
    ));
#658 = CIRCLE('',#659,0.275001270003);
#659 = AXIS2_PLACEMENT_3D('',#660,#661,#662);
#660 = CARTESIAN_POINT('',(7.104866649733,-11.13316230632,1.203987807976
    ));
#661 = DIRECTION('',(0.,0.,1.));
#662 = DIRECTION('',(-1.,-1.572511532006E-16,0.));
#663 = ORIENTED_EDGE('',*,*,#664,.F.);
#664 = EDGE_CURVE('',#665,#656,#667,.T.);
#665 = VERTEX_POINT('',#666);
#666 = CARTESIAN_POINT('',(6.957312674625,-11.36522592461,0.));
#667 = LINE('',#668,#669);
#668 = CARTESIAN_POINT('',(6.957312674625,-11.36522592461,0.));
#669 = VECTOR('',#670,1.);
#670 = DIRECTION('',(0.,0.,1.));
#671 = ORIENTED_EDGE('',*,*,#672,.F.);
#672 = EDGE_CURVE('',#632,#665,#673,.T.);
#673 = CIRCLE('',#674,0.275001270003);
#674 = AXIS2_PLACEMENT_3D('',#675,#676,#677);
#675 = CARTESIAN_POINT('',(7.104866649733,-11.13316230632,0.));
#676 = DIRECTION('',(0.,0.,1.));
#677 = DIRECTION('',(-1.,-1.572511532006E-16,0.));
#678 = CYLINDRICAL_SURFACE('',#679,0.275001270003);
#679 = AXIS2_PLACEMENT_3D('',#680,#681,#682);
#680 = CARTESIAN_POINT('',(7.104866649733,-11.13316230632,0.));
#681 = DIRECTION('',(-0.,-0.,-1.));
#682 = DIRECTION('',(-1.,-1.572511532006E-16,0.));
#683 = ADVANCED_FACE('',(#684),#709,.T.);
#684 = FACE_BOUND('',#685,.T.);
#685 = EDGE_LOOP('',(#686,#687,#695,#703));
#686 = ORIENTED_EDGE('',*,*,#664,.T.);
#687 = ORIENTED_EDGE('',*,*,#688,.T.);
#688 = EDGE_CURVE('',#656,#689,#691,.T.);
#689 = VERTEX_POINT('',#690);
#690 = CARTESIAN_POINT('',(6.957312674625,-16.01503175006,1.203987807976
    ));
#691 = LINE('',#692,#693);
#692 = CARTESIAN_POINT('',(6.957312674625,-11.36522592461,1.203987807976
    ));
#693 = VECTOR('',#694,1.);
#694 = DIRECTION('',(7.640563524942E-16,-1.,0.));
#695 = ORIENTED_EDGE('',*,*,#696,.F.);
#696 = EDGE_CURVE('',#697,#689,#699,.T.);
#697 = VERTEX_POINT('',#698);
#698 = CARTESIAN_POINT('',(6.957312674625,-16.01503175006,0.));
#699 = LINE('',#700,#701);
#700 = CARTESIAN_POINT('',(6.957312674625,-16.01503175006,0.));
#701 = VECTOR('',#702,1.);
#702 = DIRECTION('',(0.,0.,1.));
#703 = ORIENTED_EDGE('',*,*,#704,.F.);
#704 = EDGE_CURVE('',#665,#697,#705,.T.);
#705 = LINE('',#706,#707);
#706 = CARTESIAN_POINT('',(6.957312674625,-11.36522592461,0.));
#707 = VECTOR('',#708,1.);
#708 = DIRECTION('',(7.640563524942E-16,-1.,0.));
#709 = PLANE('',#710);
#710 = AXIS2_PLACEMENT_3D('',#711,#712,#713);
#711 = CARTESIAN_POINT('',(6.957312674625,-11.36522592461,0.));
#712 = DIRECTION('',(1.,7.640563524942E-16,-0.));
#713 = DIRECTION('',(7.640563524942E-16,-1.,0.));
#714 = ADVANCED_FACE('',(#715),#742,.T.);
#715 = FACE_BOUND('',#716,.T.);
#716 = EDGE_LOOP('',(#717,#718,#727,#735));
#717 = ORIENTED_EDGE('',*,*,#696,.T.);
#718 = ORIENTED_EDGE('',*,*,#719,.T.);
#719 = EDGE_CURVE('',#689,#720,#722,.T.);
#720 = VERTEX_POINT('',#721);
#721 = CARTESIAN_POINT('',(3.485006350013,-19.48733807467,1.203987807976
    ));
#722 = CIRCLE('',#723,3.472306324613);
#723 = AXIS2_PLACEMENT_3D('',#724,#725,#726);
#724 = CARTESIAN_POINT('',(3.485006350013,-16.01503175006,1.203987807976
    ));
#725 = DIRECTION('',(0.,0.,-1.));
#726 = DIRECTION('',(1.,-6.330459460262E-16,0.));
#727 = ORIENTED_EDGE('',*,*,#728,.F.);
#728 = EDGE_CURVE('',#729,#720,#731,.T.);
#729 = VERTEX_POINT('',#730);
#730 = CARTESIAN_POINT('',(3.485006350013,-19.48733807467,0.));
#731 = LINE('',#732,#733);
#732 = CARTESIAN_POINT('',(3.485006350013,-19.48733807467,0.));
#733 = VECTOR('',#734,1.);
#734 = DIRECTION('',(0.,0.,1.));
#735 = ORIENTED_EDGE('',*,*,#736,.F.);
#736 = EDGE_CURVE('',#697,#729,#737,.T.);
#737 = CIRCLE('',#738,3.472306324613);
#738 = AXIS2_PLACEMENT_3D('',#739,#740,#741);
#739 = CARTESIAN_POINT('',(3.485006350013,-16.01503175006,0.));
#740 = DIRECTION('',(0.,0.,-1.));
#741 = DIRECTION('',(1.,-6.330459460262E-16,0.));
#742 = CYLINDRICAL_SURFACE('',#743,3.472306324613);
#743 = AXIS2_PLACEMENT_3D('',#744,#745,#746);
#744 = CARTESIAN_POINT('',(3.485006350013,-16.01503175006,0.));
#745 = DIRECTION('',(0.,0.,-1.));
#746 = DIRECTION('',(1.,-6.330459460262E-16,0.));
#747 = ADVANCED_FACE('',(#748),#775,.T.);
#748 = FACE_BOUND('',#749,.T.);
#749 = EDGE_LOOP('',(#750,#751,#760,#768));
#750 = ORIENTED_EDGE('',*,*,#728,.T.);
#751 = ORIENTED_EDGE('',*,*,#752,.T.);
#752 = EDGE_CURVE('',#720,#753,#755,.T.);
#753 = VERTEX_POINT('',#754);
#754 = CARTESIAN_POINT('',(1.270002540005E-02,-16.01503175006,
    1.203987807976));
#755 = CIRCLE('',#756,3.472306324613);
#756 = AXIS2_PLACEMENT_3D('',#757,#758,#759);
#757 = CARTESIAN_POINT('',(3.485006350013,-16.01503175006,1.203987807976
    ));
#758 = DIRECTION('',(0.,0.,-1.));
#759 = DIRECTION('',(-3.617405405864E-16,-1.,-0.));
#760 = ORIENTED_EDGE('',*,*,#761,.F.);
#761 = EDGE_CURVE('',#762,#753,#764,.T.);
#762 = VERTEX_POINT('',#763);
#763 = CARTESIAN_POINT('',(1.270002540005E-02,-16.01503175006,0.));
#764 = LINE('',#765,#766);
#765 = CARTESIAN_POINT('',(1.270002540005E-02,-16.01503175006,0.));
#766 = VECTOR('',#767,1.);
#767 = DIRECTION('',(0.,0.,1.));
#768 = ORIENTED_EDGE('',*,*,#769,.F.);
#769 = EDGE_CURVE('',#729,#762,#770,.T.);
#770 = CIRCLE('',#771,3.472306324613);
#771 = AXIS2_PLACEMENT_3D('',#772,#773,#774);
#772 = CARTESIAN_POINT('',(3.485006350013,-16.01503175006,0.));
#773 = DIRECTION('',(0.,0.,-1.));
#774 = DIRECTION('',(-3.617405405864E-16,-1.,-0.));
#775 = CYLINDRICAL_SURFACE('',#776,3.472306324613);
#776 = AXIS2_PLACEMENT_3D('',#777,#778,#779);
#777 = CARTESIAN_POINT('',(3.485006350013,-16.01503175006,0.));
#778 = DIRECTION('',(0.,0.,-1.));
#779 = DIRECTION('',(-3.617405405864E-16,-1.,-0.));
#780 = ADVANCED_FACE('',(#781),#806,.T.);
#781 = FACE_BOUND('',#782,.T.);
#782 = EDGE_LOOP('',(#783,#784,#792,#800));
#783 = ORIENTED_EDGE('',*,*,#761,.T.);
#784 = ORIENTED_EDGE('',*,*,#785,.T.);
#785 = EDGE_CURVE('',#753,#786,#788,.T.);
#786 = VERTEX_POINT('',#787);
#787 = CARTESIAN_POINT('',(1.270002540005E-02,-3.485006350013,
    1.203987807976));
#788 = LINE('',#789,#790);
#789 = CARTESIAN_POINT('',(1.270002540005E-02,-16.01503175006,
    1.203987807976));
#790 = VECTOR('',#791,1.);
#791 = DIRECTION('',(9.082013514802E-17,1.,0.));
#792 = ORIENTED_EDGE('',*,*,#793,.F.);
#793 = EDGE_CURVE('',#794,#786,#796,.T.);
#794 = VERTEX_POINT('',#795);
#795 = CARTESIAN_POINT('',(1.270002540005E-02,-3.485006350013,0.));
#796 = LINE('',#797,#798);
#797 = CARTESIAN_POINT('',(1.270002540005E-02,-3.485006350013,0.));
#798 = VECTOR('',#799,1.);
#799 = DIRECTION('',(0.,0.,1.));
#800 = ORIENTED_EDGE('',*,*,#801,.F.);
#801 = EDGE_CURVE('',#762,#794,#802,.T.);
#802 = LINE('',#803,#804);
#803 = CARTESIAN_POINT('',(1.270002540005E-02,-16.01503175006,0.));
#804 = VECTOR('',#805,1.);
#805 = DIRECTION('',(9.082013514802E-17,1.,0.));
#806 = PLANE('',#807);
#807 = AXIS2_PLACEMENT_3D('',#808,#809,#810);
#808 = CARTESIAN_POINT('',(1.270002540005E-02,-16.01503175006,0.));
#809 = DIRECTION('',(-1.,9.082013514802E-17,0.));
#810 = DIRECTION('',(9.082013514802E-17,1.,0.));
#811 = ADVANCED_FACE('',(#812),#830,.T.);
#812 = FACE_BOUND('',#813,.T.);
#813 = EDGE_LOOP('',(#814,#815,#822,#823));
#814 = ORIENTED_EDGE('',*,*,#793,.T.);
#815 = ORIENTED_EDGE('',*,*,#816,.T.);
#816 = EDGE_CURVE('',#786,#66,#817,.T.);
#817 = CIRCLE('',#818,3.472306324613);
#818 = AXIS2_PLACEMENT_3D('',#819,#820,#821);
#819 = CARTESIAN_POINT('',(3.485006350013,-3.485006350013,1.203987807976
    ));
#820 = DIRECTION('',(0.,0.,-1.));
#821 = DIRECTION('',(-1.,5.426108108796E-16,0.));
#822 = ORIENTED_EDGE('',*,*,#63,.F.);
#823 = ORIENTED_EDGE('',*,*,#824,.F.);
#824 = EDGE_CURVE('',#794,#64,#825,.T.);
#825 = CIRCLE('',#826,3.472306324613);
#826 = AXIS2_PLACEMENT_3D('',#827,#828,#829);
#827 = CARTESIAN_POINT('',(3.485006350013,-3.485006350013,0.));
#828 = DIRECTION('',(0.,0.,-1.));
#829 = DIRECTION('',(-1.,5.426108108796E-16,0.));
#830 = CYLINDRICAL_SURFACE('',#831,3.472306324613);
#831 = AXIS2_PLACEMENT_3D('',#832,#833,#834);
#832 = CARTESIAN_POINT('',(3.485006350013,-3.485006350013,0.));
#833 = DIRECTION('',(0.,0.,-1.));
#834 = DIRECTION('',(-1.,5.426108108796E-16,0.));
#835 = ADVANCED_FACE('',(#836),#862,.T.);
#836 = FACE_BOUND('',#837,.T.);
#837 = EDGE_LOOP('',(#838,#839,#840,#841,#842,#843,#844,#845,#846,#847,
    #848,#849,#850,#851,#852,#853,#854,#855,#856,#857,#858,#859,#860,
    #861));
#838 = ORIENTED_EDGE('',*,*,#90,.T.);
#839 = ORIENTED_EDGE('',*,*,#122,.T.);
#840 = ORIENTED_EDGE('',*,*,#154,.T.);
#841 = ORIENTED_EDGE('',*,*,#187,.T.);
#842 = ORIENTED_EDGE('',*,*,#219,.T.);
#843 = ORIENTED_EDGE('',*,*,#251,.T.);
#844 = ORIENTED_EDGE('',*,*,#284,.T.);
#845 = ORIENTED_EDGE('',*,*,#316,.T.);
#846 = ORIENTED_EDGE('',*,*,#348,.T.);
#847 = ORIENTED_EDGE('',*,*,#381,.T.);
#848 = ORIENTED_EDGE('',*,*,#413,.T.);
#849 = ORIENTED_EDGE('',*,*,#445,.T.);
#850 = ORIENTED_EDGE('',*,*,#478,.T.);
#851 = ORIENTED_EDGE('',*,*,#510,.T.);
#852 = ORIENTED_EDGE('',*,*,#542,.T.);
#853 = ORIENTED_EDGE('',*,*,#575,.T.);
#854 = ORIENTED_EDGE('',*,*,#607,.T.);
#855 = ORIENTED_EDGE('',*,*,#639,.T.);
#856 = ORIENTED_EDGE('',*,*,#672,.T.);
#857 = ORIENTED_EDGE('',*,*,#704,.T.);
#858 = ORIENTED_EDGE('',*,*,#736,.T.);
#859 = ORIENTED_EDGE('',*,*,#769,.T.);
#860 = ORIENTED_EDGE('',*,*,#801,.T.);
#861 = ORIENTED_EDGE('',*,*,#824,.T.);
#862 = PLANE('',#863);
#863 = AXIS2_PLACEMENT_3D('',#864,#865,#866);
#864 = CARTESIAN_POINT('',(3.517207251834,-9.741923406241,0.));
#865 = DIRECTION('',(-0.,-0.,-1.));
#866 = DIRECTION('',(-1.,0.,0.));
#867 = ADVANCED_FACE('',(#868),#894,.F.);
#868 = FACE_BOUND('',#869,.F.);
#869 = EDGE_LOOP('',(#870,#871,#872,#873,#874,#875,#876,#877,#878,#879,
    #880,#881,#882,#883,#884,#885,#886,#887,#888,#889,#890,#891,#892,
    #893));
#870 = ORIENTED_EDGE('',*,*,#73,.T.);
#871 = ORIENTED_EDGE('',*,*,#106,.T.);
#872 = ORIENTED_EDGE('',*,*,#137,.T.);
#873 = ORIENTED_EDGE('',*,*,#170,.T.);
#874 = ORIENTED_EDGE('',*,*,#203,.T.);
#875 = ORIENTED_EDGE('',*,*,#234,.T.);
#876 = ORIENTED_EDGE('',*,*,#267,.T.);
#877 = ORIENTED_EDGE('',*,*,#300,.T.);
#878 = ORIENTED_EDGE('',*,*,#331,.T.);
#879 = ORIENTED_EDGE('',*,*,#364,.T.);
#880 = ORIENTED_EDGE('',*,*,#397,.T.);
#881 = ORIENTED_EDGE('',*,*,#428,.T.);
#882 = ORIENTED_EDGE('',*,*,#461,.T.);
#883 = ORIENTED_EDGE('',*,*,#494,.T.);
#884 = ORIENTED_EDGE('',*,*,#525,.T.);
#885 = ORIENTED_EDGE('',*,*,#558,.T.);
#886 = ORIENTED_EDGE('',*,*,#591,.T.);
#887 = ORIENTED_EDGE('',*,*,#622,.T.);
#888 = ORIENTED_EDGE('',*,*,#655,.T.);
#889 = ORIENTED_EDGE('',*,*,#688,.T.);
#890 = ORIENTED_EDGE('',*,*,#719,.T.);
#891 = ORIENTED_EDGE('',*,*,#752,.T.);
#892 = ORIENTED_EDGE('',*,*,#785,.T.);
#893 = ORIENTED_EDGE('',*,*,#816,.T.);
#894 = PLANE('',#895);
#895 = AXIS2_PLACEMENT_3D('',#896,#897,#898);
#896 = CARTESIAN_POINT('',(3.517207251834,-9.741923406241,1.203987807976
    ));
#897 = DIRECTION('',(-0.,-0.,-1.));
#898 = DIRECTION('',(-1.,0.,0.));
#899 = MANIFOLD_SOLID_BREP('',#900);
#900 = CLOSED_SHELL('',(#901,#943,#976,#1007,#1040,#1073,#1104,#1135,
    #1166,#1199,#1232,#1263,#1296,#1329,#1360,#1393,#1426,#1457,#1490,
    #1523,#1554,#1587,#1620,#1651,#1684,#1717,#1748,#1779,#1810,#1843,
    #1876,#1907,#1940,#1973,#2004,#2037,#2070,#2101,#2134,#2167,#2189,
    #2237));
#901 = ADVANCED_FACE('',(#902),#938,.F.);
#902 = FACE_BOUND('',#903,.T.);
#903 = EDGE_LOOP('',(#904,#914,#923,#931));
#904 = ORIENTED_EDGE('',*,*,#905,.T.);
#905 = EDGE_CURVE('',#906,#908,#910,.T.);
#906 = VERTEX_POINT('',#907);
#907 = CARTESIAN_POINT('',(8.848917957836,-10.03797734348,0.));
#908 = VERTEX_POINT('',#909);
#909 = CARTESIAN_POINT('',(8.848917957836,-10.03797734348,1.203987807976
    ));
#910 = LINE('',#911,#912);
#911 = CARTESIAN_POINT('',(8.848917957836,-10.03797734348,0.));
#912 = VECTOR('',#913,1.);
#913 = DIRECTION('',(0.,0.,1.));
#914 = ORIENTED_EDGE('',*,*,#915,.T.);
#915 = EDGE_CURVE('',#908,#916,#918,.T.);
#916 = VERTEX_POINT('',#917);
#917 = CARTESIAN_POINT('',(8.454257048514,-10.28558039116,1.203987807976
    ));
#918 = CIRCLE('',#919,0.275001270003);
#919 = AXIS2_PLACEMENT_3D('',#920,#921,#922);
#920 = CARTESIAN_POINT('',(8.729258318517,-10.28558039116,1.203987807976
    ));
#921 = DIRECTION('',(0.,0.,1.));
#922 = DIRECTION('',(0.435123951675,0.900370560757,-0.));
#923 = ORIENTED_EDGE('',*,*,#924,.F.);
#924 = EDGE_CURVE('',#925,#916,#927,.T.);
#925 = VERTEX_POINT('',#926);
#926 = CARTESIAN_POINT('',(8.454257048514,-10.28558039116,0.));
#927 = LINE('',#928,#929);
#928 = CARTESIAN_POINT('',(8.454257048514,-10.28558039116,0.));
#929 = VECTOR('',#930,1.);
#930 = DIRECTION('',(0.,0.,1.));
#931 = ORIENTED_EDGE('',*,*,#932,.F.);
#932 = EDGE_CURVE('',#906,#925,#933,.T.);
#933 = CIRCLE('',#934,0.275001270003);
#934 = AXIS2_PLACEMENT_3D('',#935,#936,#937);
#935 = CARTESIAN_POINT('',(8.729258318517,-10.28558039116,0.));
#936 = DIRECTION('',(0.,0.,1.));
#937 = DIRECTION('',(0.435123951675,0.900370560757,-0.));
#938 = CYLINDRICAL_SURFACE('',#939,0.275001270003);
#939 = AXIS2_PLACEMENT_3D('',#940,#941,#942);
#940 = CARTESIAN_POINT('',(8.729258318517,-10.28558039116,0.));
#941 = DIRECTION('',(-0.,-0.,-1.));
#942 = DIRECTION('',(0.435123951675,0.900370560757,-0.));
#943 = ADVANCED_FACE('',(#944),#971,.F.);
#944 = FACE_BOUND('',#945,.T.);
#945 = EDGE_LOOP('',(#946,#947,#956,#964));
#946 = ORIENTED_EDGE('',*,*,#924,.T.);
#947 = ORIENTED_EDGE('',*,*,#948,.T.);
#948 = EDGE_CURVE('',#916,#949,#951,.T.);
#949 = VERTEX_POINT('',#950);
#950 = CARTESIAN_POINT('',(8.848917957836,-10.53318343884,1.203987807976
    ));
#951 = CIRCLE('',#952,0.275001270003);
#952 = AXIS2_PLACEMENT_3D('',#953,#954,#955);
#953 = CARTESIAN_POINT('',(8.729258318517,-10.28558039116,1.203987807976
    ));
#954 = DIRECTION('',(0.,0.,1.));
#955 = DIRECTION('',(-1.,-1.191477458807E-16,0.));
#956 = ORIENTED_EDGE('',*,*,#957,.F.);
#957 = EDGE_CURVE('',#958,#949,#960,.T.);
#958 = VERTEX_POINT('',#959);
#959 = CARTESIAN_POINT('',(8.848917957836,-10.53318343884,0.));
#960 = LINE('',#961,#962);
#961 = CARTESIAN_POINT('',(8.848917957836,-10.53318343884,0.));
#962 = VECTOR('',#963,1.);
#963 = DIRECTION('',(0.,0.,1.));
#964 = ORIENTED_EDGE('',*,*,#965,.F.);
#965 = EDGE_CURVE('',#925,#958,#966,.T.);
#966 = CIRCLE('',#967,0.275001270003);
#967 = AXIS2_PLACEMENT_3D('',#968,#969,#970);
#968 = CARTESIAN_POINT('',(8.729258318517,-10.28558039116,0.));
#969 = DIRECTION('',(0.,0.,1.));
#970 = DIRECTION('',(-1.,-1.191477458807E-16,0.));
#971 = CYLINDRICAL_SURFACE('',#972,0.275001270003);
#972 = AXIS2_PLACEMENT_3D('',#973,#974,#975);
#973 = CARTESIAN_POINT('',(8.729258318517,-10.28558039116,0.));
#974 = DIRECTION('',(-0.,-0.,-1.));
#975 = DIRECTION('',(-1.,-1.191477458807E-16,0.));
#976 = ADVANCED_FACE('',(#977),#1002,.T.);
#977 = FACE_BOUND('',#978,.T.);
#978 = EDGE_LOOP('',(#979,#980,#988,#996));
#979 = ORIENTED_EDGE('',*,*,#957,.T.);
#980 = ORIENTED_EDGE('',*,*,#981,.T.);
#981 = EDGE_CURVE('',#949,#982,#984,.T.);
#982 = VERTEX_POINT('',#983);
#983 = CARTESIAN_POINT('',(8.848917957836,-10.88797988348,1.203987807976
    ));
#984 = LINE('',#985,#986);
#985 = CARTESIAN_POINT('',(8.848917957836,-10.53318343884,1.203987807976
    ));
#986 = VECTOR('',#987,1.);
#987 = DIRECTION('',(0.,-1.,0.));
#988 = ORIENTED_EDGE('',*,*,#989,.F.);
#989 = EDGE_CURVE('',#990,#982,#992,.T.);
#990 = VERTEX_POINT('',#991);
#991 = CARTESIAN_POINT('',(8.848917957836,-10.88797988348,0.));
#992 = LINE('',#993,#994);
#993 = CARTESIAN_POINT('',(8.848917957836,-10.88797988348,0.));
#994 = VECTOR('',#995,1.);
#995 = DIRECTION('',(0.,0.,1.));
#996 = ORIENTED_EDGE('',*,*,#997,.F.);
#997 = EDGE_CURVE('',#958,#990,#998,.T.);
#998 = LINE('',#999,#1000);
#999 = CARTESIAN_POINT('',(8.848917957836,-10.53318343884,0.));
#1000 = VECTOR('',#1001,1.);
#1001 = DIRECTION('',(0.,-1.,0.));
#1002 = PLANE('',#1003);
#1003 = AXIS2_PLACEMENT_3D('',#1004,#1005,#1006);
#1004 = CARTESIAN_POINT('',(8.848917957836,-10.53318343884,0.));
#1005 = DIRECTION('',(1.,0.,-0.));
#1006 = DIRECTION('',(0.,-1.,0.));
#1007 = ADVANCED_FACE('',(#1008),#1035,.F.);
#1008 = FACE_BOUND('',#1009,.T.);
#1009 = EDGE_LOOP('',(#1010,#1011,#1020,#1028));
#1010 = ORIENTED_EDGE('',*,*,#989,.T.);
#1011 = ORIENTED_EDGE('',*,*,#1012,.T.);
#1012 = EDGE_CURVE('',#982,#1013,#1015,.T.);
#1013 = VERTEX_POINT('',#1014);
#1014 = CARTESIAN_POINT('',(8.454257048514,-11.13558293116,
    1.203987807976));
#1015 = CIRCLE('',#1016,0.275001270003);
#1016 = AXIS2_PLACEMENT_3D('',#1017,#1018,#1019);
#1017 = CARTESIAN_POINT('',(8.729258318517,-11.13558293116,
    1.203987807976));
#1018 = DIRECTION('',(0.,0.,1.));
#1019 = DIRECTION('',(0.435123951675,0.900370560757,-0.));
#1020 = ORIENTED_EDGE('',*,*,#1021,.F.);
#1021 = EDGE_CURVE('',#1022,#1013,#1024,.T.);
#1022 = VERTEX_POINT('',#1023);
#1023 = CARTESIAN_POINT('',(8.454257048514,-11.13558293116,0.));
#1024 = LINE('',#1025,#1026);
#1025 = CARTESIAN_POINT('',(8.454257048514,-11.13558293116,0.));
#1026 = VECTOR('',#1027,1.);
#1027 = DIRECTION('',(0.,0.,1.));
#1028 = ORIENTED_EDGE('',*,*,#1029,.F.);
#1029 = EDGE_CURVE('',#990,#1022,#1030,.T.);
#1030 = CIRCLE('',#1031,0.275001270003);
#1031 = AXIS2_PLACEMENT_3D('',#1032,#1033,#1034);
#1032 = CARTESIAN_POINT('',(8.729258318517,-11.13558293116,0.));
#1033 = DIRECTION('',(0.,0.,1.));
#1034 = DIRECTION('',(0.435123951675,0.900370560757,-0.));
#1035 = CYLINDRICAL_SURFACE('',#1036,0.275001270003);
#1036 = AXIS2_PLACEMENT_3D('',#1037,#1038,#1039);
#1037 = CARTESIAN_POINT('',(8.729258318517,-11.13558293116,0.));
#1038 = DIRECTION('',(-0.,-0.,-1.));
#1039 = DIRECTION('',(0.435123951675,0.900370560757,-0.));
#1040 = ADVANCED_FACE('',(#1041),#1068,.F.);
#1041 = FACE_BOUND('',#1042,.T.);
#1042 = EDGE_LOOP('',(#1043,#1044,#1053,#1061));
#1043 = ORIENTED_EDGE('',*,*,#1021,.T.);
#1044 = ORIENTED_EDGE('',*,*,#1045,.T.);
#1045 = EDGE_CURVE('',#1013,#1046,#1048,.T.);
#1046 = VERTEX_POINT('',#1047);
#1047 = CARTESIAN_POINT('',(8.848917957836,-11.38318597884,
    1.203987807976));
#1048 = CIRCLE('',#1049,0.275001270003);
#1049 = AXIS2_PLACEMENT_3D('',#1050,#1051,#1052);
#1050 = CARTESIAN_POINT('',(8.729258318517,-11.13558293116,
    1.203987807976));
#1051 = DIRECTION('',(0.,0.,1.));
#1052 = DIRECTION('',(-1.,-1.191477458807E-16,0.));
#1053 = ORIENTED_EDGE('',*,*,#1054,.F.);
#1054 = EDGE_CURVE('',#1055,#1046,#1057,.T.);
#1055 = VERTEX_POINT('',#1056);
#1056 = CARTESIAN_POINT('',(8.848917957836,-11.38318597884,0.));
#1057 = LINE('',#1058,#1059);
#1058 = CARTESIAN_POINT('',(8.848917957836,-11.38318597884,0.));
#1059 = VECTOR('',#1060,1.);
#1060 = DIRECTION('',(0.,0.,1.));
#1061 = ORIENTED_EDGE('',*,*,#1062,.F.);
#1062 = EDGE_CURVE('',#1022,#1055,#1063,.T.);
#1063 = CIRCLE('',#1064,0.275001270003);
#1064 = AXIS2_PLACEMENT_3D('',#1065,#1066,#1067);
#1065 = CARTESIAN_POINT('',(8.729258318517,-11.13558293116,0.));
#1066 = DIRECTION('',(0.,0.,1.));
#1067 = DIRECTION('',(-1.,-1.191477458807E-16,0.));
#1068 = CYLINDRICAL_SURFACE('',#1069,0.275001270003);
#1069 = AXIS2_PLACEMENT_3D('',#1070,#1071,#1072);
#1070 = CARTESIAN_POINT('',(8.729258318517,-11.13558293116,0.));
#1071 = DIRECTION('',(-0.,-0.,-1.));
#1072 = DIRECTION('',(-1.,-1.191477458807E-16,0.));
#1073 = ADVANCED_FACE('',(#1074),#1099,.T.);
#1074 = FACE_BOUND('',#1075,.T.);
#1075 = EDGE_LOOP('',(#1076,#1077,#1085,#1093));
#1076 = ORIENTED_EDGE('',*,*,#1054,.T.);
#1077 = ORIENTED_EDGE('',*,*,#1078,.T.);
#1078 = EDGE_CURVE('',#1046,#1079,#1081,.T.);
#1079 = VERTEX_POINT('',#1080);
#1080 = CARTESIAN_POINT('',(8.848917957836,-11.57149860299,
    1.203987807976));
#1081 = LINE('',#1082,#1083);
#1082 = CARTESIAN_POINT('',(8.848917957836,-11.38318597884,
    1.203987807976));
#1083 = VECTOR('',#1084,1.);
#1084 = DIRECTION('',(9.43302047548E-15,-1.,0.));
#1085 = ORIENTED_EDGE('',*,*,#1086,.F.);
#1086 = EDGE_CURVE('',#1087,#1079,#1089,.T.);
#1087 = VERTEX_POINT('',#1088);
#1088 = CARTESIAN_POINT('',(8.848917957836,-11.57149860299,0.));
#1089 = LINE('',#1090,#1091);
#1090 = CARTESIAN_POINT('',(8.848917957836,-11.57149860299,0.));
#1091 = VECTOR('',#1092,1.);
#1092 = DIRECTION('',(0.,0.,1.));
#1093 = ORIENTED_EDGE('',*,*,#1094,.F.);
#1094 = EDGE_CURVE('',#1055,#1087,#1095,.T.);
#1095 = LINE('',#1096,#1097);
#1096 = CARTESIAN_POINT('',(8.848917957836,-11.38318597884,0.));
#1097 = VECTOR('',#1098,1.);
#1098 = DIRECTION('',(9.43302047548E-15,-1.,0.));
#1099 = PLANE('',#1100);
#1100 = AXIS2_PLACEMENT_3D('',#1101,#1102,#1103);
#1101 = CARTESIAN_POINT('',(8.848917957836,-11.38318597884,0.));
#1102 = DIRECTION('',(1.,9.43302047548E-15,-0.));
#1103 = DIRECTION('',(9.43302047548E-15,-1.,0.));
#1104 = ADVANCED_FACE('',(#1105),#1130,.T.);
#1105 = FACE_BOUND('',#1106,.T.);
#1106 = EDGE_LOOP('',(#1107,#1108,#1116,#1124));
#1107 = ORIENTED_EDGE('',*,*,#1086,.T.);
#1108 = ORIENTED_EDGE('',*,*,#1109,.T.);
#1109 = EDGE_CURVE('',#1079,#1110,#1112,.T.);
#1110 = VERTEX_POINT('',#1111);
#1111 = CARTESIAN_POINT('',(6.982712725425,-11.57149860299,
    1.203987807976));
#1112 = LINE('',#1113,#1114);
#1113 = CARTESIAN_POINT('',(8.848917957836,-11.57149860299,
    1.203987807976));
#1114 = VECTOR('',#1115,1.);
#1115 = DIRECTION('',(-1.,0.,0.));
#1116 = ORIENTED_EDGE('',*,*,#1117,.F.);
#1117 = EDGE_CURVE('',#1118,#1110,#1120,.T.);
#1118 = VERTEX_POINT('',#1119);
#1119 = CARTESIAN_POINT('',(6.982712725425,-11.57149860299,0.));
#1120 = LINE('',#1121,#1122);
#1121 = CARTESIAN_POINT('',(6.982712725425,-11.57149860299,0.));
#1122 = VECTOR('',#1123,1.);
#1123 = DIRECTION('',(0.,0.,1.));
#1124 = ORIENTED_EDGE('',*,*,#1125,.F.);
#1125 = EDGE_CURVE('',#1087,#1118,#1126,.T.);
#1126 = LINE('',#1127,#1128);
#1127 = CARTESIAN_POINT('',(8.848917957836,-11.57149860299,0.));
#1128 = VECTOR('',#1129,1.);
#1129 = DIRECTION('',(-1.,0.,0.));
#1130 = PLANE('',#1131);
#1131 = AXIS2_PLACEMENT_3D('',#1132,#1133,#1134);
#1132 = CARTESIAN_POINT('',(8.848917957836,-11.57149860299,0.));
#1133 = DIRECTION('',(0.,-1.,0.));
#1134 = DIRECTION('',(-1.,0.,0.));
#1135 = ADVANCED_FACE('',(#1136),#1161,.T.);
#1136 = FACE_BOUND('',#1137,.T.);
#1137 = EDGE_LOOP('',(#1138,#1139,#1147,#1155));
#1138 = ORIENTED_EDGE('',*,*,#1117,.T.);
#1139 = ORIENTED_EDGE('',*,*,#1140,.T.);
#1140 = EDGE_CURVE('',#1110,#1141,#1143,.T.);
#1141 = VERTEX_POINT('',#1142);
#1142 = CARTESIAN_POINT('',(6.982712725425,-11.37954436183,
    1.203987807976));
#1143 = LINE('',#1144,#1145);
#1144 = CARTESIAN_POINT('',(6.982712725425,-11.57149860299,
    1.203987807976));
#1145 = VECTOR('',#1146,1.);
#1146 = DIRECTION('',(0.,1.,0.));
#1147 = ORIENTED_EDGE('',*,*,#1148,.F.);
#1148 = EDGE_CURVE('',#1149,#1141,#1151,.T.);
#1149 = VERTEX_POINT('',#1150);
#1150 = CARTESIAN_POINT('',(6.982712725425,-11.37954436183,0.));
#1151 = LINE('',#1152,#1153);
#1152 = CARTESIAN_POINT('',(6.982712725425,-11.37954436183,0.));
#1153 = VECTOR('',#1154,1.);
#1154 = DIRECTION('',(0.,0.,1.));
#1155 = ORIENTED_EDGE('',*,*,#1156,.F.);
#1156 = EDGE_CURVE('',#1118,#1149,#1157,.T.);
#1157 = LINE('',#1158,#1159);
#1158 = CARTESIAN_POINT('',(6.982712725425,-11.57149860299,0.));
#1159 = VECTOR('',#1160,1.);
#1160 = DIRECTION('',(0.,1.,0.));
#1161 = PLANE('',#1162);
#1162 = AXIS2_PLACEMENT_3D('',#1163,#1164,#1165);
#1163 = CARTESIAN_POINT('',(6.982712725425,-11.57149860299,0.));
#1164 = DIRECTION('',(-1.,0.,0.));
#1165 = DIRECTION('',(0.,1.,0.));
#1166 = ADVANCED_FACE('',(#1167),#1194,.F.);
#1167 = FACE_BOUND('',#1168,.T.);
#1168 = EDGE_LOOP('',(#1169,#1170,#1179,#1187));
#1169 = ORIENTED_EDGE('',*,*,#1148,.T.);
#1170 = ORIENTED_EDGE('',*,*,#1171,.T.);
#1171 = EDGE_CURVE('',#1141,#1172,#1174,.T.);
#1172 = VERTEX_POINT('',#1173);
#1173 = CARTESIAN_POINT('',(7.379867919736,-11.13316230632,
    1.203987807976));
#1174 = CIRCLE('',#1175,0.275001270003);
#1175 = AXIS2_PLACEMENT_3D('',#1176,#1177,#1178);
#1176 = CARTESIAN_POINT('',(7.104866649733,-11.13316230632,
    1.203987807976));
#1177 = DIRECTION('',(0.,0.,1.));
#1178 = DIRECTION('',(-0.444194037019,-0.895930609744,0.));
#1179 = ORIENTED_EDGE('',*,*,#1180,.F.);
#1180 = EDGE_CURVE('',#1181,#1172,#1183,.T.);
#1181 = VERTEX_POINT('',#1182);
#1182 = CARTESIAN_POINT('',(7.379867919736,-11.13316230632,0.));
#1183 = LINE('',#1184,#1185);
#1184 = CARTESIAN_POINT('',(7.379867919736,-11.13316230632,0.));
#1185 = VECTOR('',#1186,1.);
#1186 = DIRECTION('',(0.,0.,1.));
#1187 = ORIENTED_EDGE('',*,*,#1188,.F.);
#1188 = EDGE_CURVE('',#1149,#1181,#1189,.T.);
#1189 = CIRCLE('',#1190,0.275001270003);
#1190 = AXIS2_PLACEMENT_3D('',#1191,#1192,#1193);
#1191 = CARTESIAN_POINT('',(7.104866649733,-11.13316230632,0.));
#1192 = DIRECTION('',(0.,0.,1.));
#1193 = DIRECTION('',(-0.444194037019,-0.895930609744,0.));
#1194 = CYLINDRICAL_SURFACE('',#1195,0.275001270003);
#1195 = AXIS2_PLACEMENT_3D('',#1196,#1197,#1198);
#1196 = CARTESIAN_POINT('',(7.104866649733,-11.13316230632,0.));
#1197 = DIRECTION('',(-0.,-0.,-1.));
#1198 = DIRECTION('',(-0.444194037019,-0.895930609744,0.));
#1199 = ADVANCED_FACE('',(#1200),#1227,.F.);
#1200 = FACE_BOUND('',#1201,.T.);
#1201 = EDGE_LOOP('',(#1202,#1203,#1212,#1220));
#1202 = ORIENTED_EDGE('',*,*,#1180,.T.);
#1203 = ORIENTED_EDGE('',*,*,#1204,.T.);
#1204 = EDGE_CURVE('',#1172,#1205,#1207,.T.);
#1205 = VERTEX_POINT('',#1206);
#1206 = CARTESIAN_POINT('',(6.982712725425,-10.88678025081,
    1.203987807976));
#1207 = CIRCLE('',#1208,0.275001270003);
#1208 = AXIS2_PLACEMENT_3D('',#1209,#1210,#1211);
#1209 = CARTESIAN_POINT('',(7.104866649733,-11.13316230632,
    1.203987807976));
#1210 = DIRECTION('',(0.,-0.,1.));
#1211 = DIRECTION('',(1.,-2.375460202116E-16,-0.));
#1212 = ORIENTED_EDGE('',*,*,#1213,.F.);
#1213 = EDGE_CURVE('',#1214,#1205,#1216,.T.);
#1214 = VERTEX_POINT('',#1215);
#1215 = CARTESIAN_POINT('',(6.982712725425,-10.88678025081,0.));
#1216 = LINE('',#1217,#1218);
#1217 = CARTESIAN_POINT('',(6.982712725425,-10.88678025081,0.));
#1218 = VECTOR('',#1219,1.);
#1219 = DIRECTION('',(0.,0.,1.));
#1220 = ORIENTED_EDGE('',*,*,#1221,.F.);
#1221 = EDGE_CURVE('',#1181,#1214,#1222,.T.);
#1222 = CIRCLE('',#1223,0.275001270003);
#1223 = AXIS2_PLACEMENT_3D('',#1224,#1225,#1226);
#1224 = CARTESIAN_POINT('',(7.104866649733,-11.13316230632,0.));
#1225 = DIRECTION('',(0.,-0.,1.));
#1226 = DIRECTION('',(1.,-2.375460202116E-16,-0.));
#1227 = CYLINDRICAL_SURFACE('',#1228,0.275001270003);
#1228 = AXIS2_PLACEMENT_3D('',#1229,#1230,#1231);
#1229 = CARTESIAN_POINT('',(7.104866649733,-11.13316230632,0.));
#1230 = DIRECTION('',(-0.,0.,-1.));
#1231 = DIRECTION('',(1.,-2.375460202116E-16,-0.));
#1232 = ADVANCED_FACE('',(#1233),#1258,.T.);
#1233 = FACE_BOUND('',#1234,.T.);
#1234 = EDGE_LOOP('',(#1235,#1236,#1244,#1252));
#1235 = ORIENTED_EDGE('',*,*,#1213,.T.);
#1236 = ORIENTED_EDGE('',*,*,#1237,.T.);
#1237 = EDGE_CURVE('',#1205,#1238,#1240,.T.);
#1238 = VERTEX_POINT('',#1239);
#1239 = CARTESIAN_POINT('',(6.982712725425,-10.52954182183,
    1.203987807976));
#1240 = LINE('',#1241,#1242);
#1241 = CARTESIAN_POINT('',(6.982712725425,-10.88678025081,
    1.203987807976));
#1242 = VECTOR('',#1243,1.);
#1243 = DIRECTION('',(0.,1.,0.));
#1244 = ORIENTED_EDGE('',*,*,#1245,.F.);
#1245 = EDGE_CURVE('',#1246,#1238,#1248,.T.);
#1246 = VERTEX_POINT('',#1247);
#1247 = CARTESIAN_POINT('',(6.982712725425,-10.52954182183,0.));
#1248 = LINE('',#1249,#1250);
#1249 = CARTESIAN_POINT('',(6.982712725425,-10.52954182183,0.));
#1250 = VECTOR('',#1251,1.);
#1251 = DIRECTION('',(0.,0.,1.));
#1252 = ORIENTED_EDGE('',*,*,#1253,.F.);
#1253 = EDGE_CURVE('',#1214,#1246,#1254,.T.);
#1254 = LINE('',#1255,#1256);
#1255 = CARTESIAN_POINT('',(6.982712725425,-10.88678025081,0.));
#1256 = VECTOR('',#1257,1.);
#1257 = DIRECTION('',(0.,1.,0.));
#1258 = PLANE('',#1259);
#1259 = AXIS2_PLACEMENT_3D('',#1260,#1261,#1262);
#1260 = CARTESIAN_POINT('',(6.982712725425,-10.88678025081,0.));
#1261 = DIRECTION('',(-1.,0.,0.));
#1262 = DIRECTION('',(0.,1.,0.));
#1263 = ADVANCED_FACE('',(#1264),#1291,.F.);
#1264 = FACE_BOUND('',#1265,.T.);
#1265 = EDGE_LOOP('',(#1266,#1267,#1276,#1284));
#1266 = ORIENTED_EDGE('',*,*,#1245,.T.);
#1267 = ORIENTED_EDGE('',*,*,#1268,.T.);
#1268 = EDGE_CURVE('',#1238,#1269,#1271,.T.);
#1269 = VERTEX_POINT('',#1270);
#1270 = CARTESIAN_POINT('',(7.379867919736,-10.28315976632,
    1.203987807976));
#1271 = CIRCLE('',#1272,0.275001270003);
#1272 = AXIS2_PLACEMENT_3D('',#1273,#1274,#1275);
#1273 = CARTESIAN_POINT('',(7.104866649733,-10.28315976632,
    1.203987807976));
#1274 = DIRECTION('',(0.,0.,1.));
#1275 = DIRECTION('',(-0.444194037019,-0.895930609744,0.));
#1276 = ORIENTED_EDGE('',*,*,#1277,.F.);
#1277 = EDGE_CURVE('',#1278,#1269,#1280,.T.);
#1278 = VERTEX_POINT('',#1279);
#1279 = CARTESIAN_POINT('',(7.379867919736,-10.28315976632,0.));
#1280 = LINE('',#1281,#1282);
#1281 = CARTESIAN_POINT('',(7.379867919736,-10.28315976632,0.));
#1282 = VECTOR('',#1283,1.);
#1283 = DIRECTION('',(0.,0.,1.));
#1284 = ORIENTED_EDGE('',*,*,#1285,.F.);
#1285 = EDGE_CURVE('',#1246,#1278,#1286,.T.);
#1286 = CIRCLE('',#1287,0.275001270003);
#1287 = AXIS2_PLACEMENT_3D('',#1288,#1289,#1290);
#1288 = CARTESIAN_POINT('',(7.104866649733,-10.28315976632,0.));
#1289 = DIRECTION('',(0.,0.,1.));
#1290 = DIRECTION('',(-0.444194037019,-0.895930609744,0.));
#1291 = CYLINDRICAL_SURFACE('',#1292,0.275001270003);
#1292 = AXIS2_PLACEMENT_3D('',#1293,#1294,#1295);
#1293 = CARTESIAN_POINT('',(7.104866649733,-10.28315976632,0.));
#1294 = DIRECTION('',(-0.,-0.,-1.));
#1295 = DIRECTION('',(-0.444194037019,-0.895930609744,0.));
#1296 = ADVANCED_FACE('',(#1297),#1324,.F.);
#1297 = FACE_BOUND('',#1298,.T.);
#1298 = EDGE_LOOP('',(#1299,#1300,#1309,#1317));
#1299 = ORIENTED_EDGE('',*,*,#1277,.T.);
#1300 = ORIENTED_EDGE('',*,*,#1301,.T.);
#1301 = EDGE_CURVE('',#1269,#1302,#1304,.T.);
#1302 = VERTEX_POINT('',#1303);
#1303 = CARTESIAN_POINT('',(6.982712725425,-10.0367777108,1.203987807976
    ));
#1304 = CIRCLE('',#1305,0.275001270003);
#1305 = AXIS2_PLACEMENT_3D('',#1306,#1307,#1308);
#1306 = CARTESIAN_POINT('',(7.104866649733,-10.28315976632,
    1.203987807976));
#1307 = DIRECTION('',(0.,-0.,1.));
#1308 = DIRECTION('',(1.,-2.375460202116E-16,-0.));
#1309 = ORIENTED_EDGE('',*,*,#1310,.F.);
#1310 = EDGE_CURVE('',#1311,#1302,#1313,.T.);
#1311 = VERTEX_POINT('',#1312);
#1312 = CARTESIAN_POINT('',(6.982712725425,-10.0367777108,0.));
#1313 = LINE('',#1314,#1315);
#1314 = CARTESIAN_POINT('',(6.982712725425,-10.0367777108,0.));
#1315 = VECTOR('',#1316,1.);
#1316 = DIRECTION('',(0.,0.,1.));
#1317 = ORIENTED_EDGE('',*,*,#1318,.F.);
#1318 = EDGE_CURVE('',#1278,#1311,#1319,.T.);
#1319 = CIRCLE('',#1320,0.275001270003);
#1320 = AXIS2_PLACEMENT_3D('',#1321,#1322,#1323);
#1321 = CARTESIAN_POINT('',(7.104866649733,-10.28315976632,0.));
#1322 = DIRECTION('',(0.,-0.,1.));
#1323 = DIRECTION('',(1.,-2.375460202116E-16,-0.));
#1324 = CYLINDRICAL_SURFACE('',#1325,0.275001270003);
#1325 = AXIS2_PLACEMENT_3D('',#1326,#1327,#1328);
#1326 = CARTESIAN_POINT('',(7.104866649733,-10.28315976632,0.));
#1327 = DIRECTION('',(-0.,0.,-1.));
#1328 = DIRECTION('',(1.,-2.375460202116E-16,-0.));
#1329 = ADVANCED_FACE('',(#1330),#1355,.T.);
#1330 = FACE_BOUND('',#1331,.T.);
#1331 = EDGE_LOOP('',(#1332,#1333,#1341,#1349));
#1332 = ORIENTED_EDGE('',*,*,#1310,.T.);
#1333 = ORIENTED_EDGE('',*,*,#1334,.T.);
#1334 = EDGE_CURVE('',#1302,#1335,#1337,.T.);
#1335 = VERTEX_POINT('',#1336);
#1336 = CARTESIAN_POINT('',(6.982712725425,-9.679541821833,
    1.203987807976));
#1337 = LINE('',#1338,#1339);
#1338 = CARTESIAN_POINT('',(6.982712725425,-10.0367777108,1.203987807976
    ));
#1339 = VECTOR('',#1340,1.);
#1340 = DIRECTION('',(0.,1.,0.));
#1341 = ORIENTED_EDGE('',*,*,#1342,.F.);
#1342 = EDGE_CURVE('',#1343,#1335,#1345,.T.);
#1343 = VERTEX_POINT('',#1344);
#1344 = CARTESIAN_POINT('',(6.982712725425,-9.679541821833,0.));
#1345 = LINE('',#1346,#1347);
#1346 = CARTESIAN_POINT('',(6.982712725425,-9.679541821833,0.));
#1347 = VECTOR('',#1348,1.);
#1348 = DIRECTION('',(0.,0.,1.));
#1349 = ORIENTED_EDGE('',*,*,#1350,.F.);
#1350 = EDGE_CURVE('',#1311,#1343,#1351,.T.);
#1351 = LINE('',#1352,#1353);
#1352 = CARTESIAN_POINT('',(6.982712725425,-10.0367777108,0.));
#1353 = VECTOR('',#1354,1.);
#1354 = DIRECTION('',(0.,1.,0.));
#1355 = PLANE('',#1356);
#1356 = AXIS2_PLACEMENT_3D('',#1357,#1358,#1359);
#1357 = CARTESIAN_POINT('',(6.982712725425,-10.0367777108,0.));
#1358 = DIRECTION('',(-1.,0.,0.));
#1359 = DIRECTION('',(0.,1.,0.));
#1360 = ADVANCED_FACE('',(#1361),#1388,.F.);
#1361 = FACE_BOUND('',#1362,.T.);
#1362 = EDGE_LOOP('',(#1363,#1364,#1373,#1381));
#1363 = ORIENTED_EDGE('',*,*,#1342,.T.);
#1364 = ORIENTED_EDGE('',*,*,#1365,.T.);
#1365 = EDGE_CURVE('',#1335,#1366,#1368,.T.);
#1366 = VERTEX_POINT('',#1367);
#1367 = CARTESIAN_POINT('',(7.379867919736,-9.43315976632,1.203987807976
    ));
#1368 = CIRCLE('',#1369,0.275001270003);
#1369 = AXIS2_PLACEMENT_3D('',#1370,#1371,#1372);
#1370 = CARTESIAN_POINT('',(7.104866649733,-9.43315976632,1.203987807976
    ));
#1371 = DIRECTION('',(0.,0.,1.));
#1372 = DIRECTION('',(-0.444194037019,-0.895930609744,0.));
#1373 = ORIENTED_EDGE('',*,*,#1374,.F.);
#1374 = EDGE_CURVE('',#1375,#1366,#1377,.T.);
#1375 = VERTEX_POINT('',#1376);
#1376 = CARTESIAN_POINT('',(7.379867919736,-9.43315976632,0.));
#1377 = LINE('',#1378,#1379);
#1378 = CARTESIAN_POINT('',(7.379867919736,-9.43315976632,0.));
#1379 = VECTOR('',#1380,1.);
#1380 = DIRECTION('',(0.,0.,1.));
#1381 = ORIENTED_EDGE('',*,*,#1382,.F.);
#1382 = EDGE_CURVE('',#1343,#1375,#1383,.T.);
#1383 = CIRCLE('',#1384,0.275001270003);
#1384 = AXIS2_PLACEMENT_3D('',#1385,#1386,#1387);
#1385 = CARTESIAN_POINT('',(7.104866649733,-9.43315976632,0.));
#1386 = DIRECTION('',(0.,0.,1.));
#1387 = DIRECTION('',(-0.444194037019,-0.895930609744,0.));
#1388 = CYLINDRICAL_SURFACE('',#1389,0.275001270003);
#1389 = AXIS2_PLACEMENT_3D('',#1390,#1391,#1392);
#1390 = CARTESIAN_POINT('',(7.104866649733,-9.43315976632,0.));
#1391 = DIRECTION('',(-0.,-0.,-1.));
#1392 = DIRECTION('',(-0.444194037019,-0.895930609744,0.));
#1393 = ADVANCED_FACE('',(#1394),#1421,.F.);
#1394 = FACE_BOUND('',#1395,.T.);
#1395 = EDGE_LOOP('',(#1396,#1397,#1406,#1414));
#1396 = ORIENTED_EDGE('',*,*,#1374,.T.);
#1397 = ORIENTED_EDGE('',*,*,#1398,.T.);
#1398 = EDGE_CURVE('',#1366,#1399,#1401,.T.);
#1399 = VERTEX_POINT('',#1400);
#1400 = CARTESIAN_POINT('',(6.982712725425,-9.186777710806,
    1.203987807976));
#1401 = CIRCLE('',#1402,0.275001270003);
#1402 = AXIS2_PLACEMENT_3D('',#1403,#1404,#1405);
#1403 = CARTESIAN_POINT('',(7.104866649733,-9.43315976632,1.203987807976
    ));
#1404 = DIRECTION('',(0.,-0.,1.));
#1405 = DIRECTION('',(1.,-2.375460202116E-16,-0.));
#1406 = ORIENTED_EDGE('',*,*,#1407,.F.);
#1407 = EDGE_CURVE('',#1408,#1399,#1410,.T.);
#1408 = VERTEX_POINT('',#1409);
#1409 = CARTESIAN_POINT('',(6.982712725425,-9.186777710806,0.));
#1410 = LINE('',#1411,#1412);
#1411 = CARTESIAN_POINT('',(6.982712725425,-9.186777710806,0.));
#1412 = VECTOR('',#1413,1.);
#1413 = DIRECTION('',(0.,0.,1.));
#1414 = ORIENTED_EDGE('',*,*,#1415,.F.);
#1415 = EDGE_CURVE('',#1375,#1408,#1416,.T.);
#1416 = CIRCLE('',#1417,0.275001270003);
#1417 = AXIS2_PLACEMENT_3D('',#1418,#1419,#1420);
#1418 = CARTESIAN_POINT('',(7.104866649733,-9.43315976632,0.));
#1419 = DIRECTION('',(0.,-0.,1.));
#1420 = DIRECTION('',(1.,-2.375460202116E-16,-0.));
#1421 = CYLINDRICAL_SURFACE('',#1422,0.275001270003);
#1422 = AXIS2_PLACEMENT_3D('',#1423,#1424,#1425);
#1423 = CARTESIAN_POINT('',(7.104866649733,-9.43315976632,0.));
#1424 = DIRECTION('',(-0.,0.,-1.));
#1425 = DIRECTION('',(1.,-2.375460202116E-16,-0.));
#1426 = ADVANCED_FACE('',(#1427),#1452,.T.);
#1427 = FACE_BOUND('',#1428,.T.);
#1428 = EDGE_LOOP('',(#1429,#1430,#1438,#1446));
#1429 = ORIENTED_EDGE('',*,*,#1407,.T.);
#1430 = ORIENTED_EDGE('',*,*,#1431,.T.);
#1431 = EDGE_CURVE('',#1399,#1432,#1434,.T.);
#1432 = VERTEX_POINT('',#1433);
#1433 = CARTESIAN_POINT('',(6.982712725425,-8.829539281828,
    1.203987807976));
#1434 = LINE('',#1435,#1436);
#1435 = CARTESIAN_POINT('',(6.982712725425,-9.186777710806,
    1.203987807976));
#1436 = VECTOR('',#1437,1.);
#1437 = DIRECTION('',(0.,1.,0.));
#1438 = ORIENTED_EDGE('',*,*,#1439,.F.);
#1439 = EDGE_CURVE('',#1440,#1432,#1442,.T.);
#1440 = VERTEX_POINT('',#1441);
#1441 = CARTESIAN_POINT('',(6.982712725425,-8.829539281828,0.));
#1442 = LINE('',#1443,#1444);
#1443 = CARTESIAN_POINT('',(6.982712725425,-8.829539281828,0.));
#1444 = VECTOR('',#1445,1.);
#1445 = DIRECTION('',(0.,0.,1.));
#1446 = ORIENTED_EDGE('',*,*,#1447,.F.);
#1447 = EDGE_CURVE('',#1408,#1440,#1448,.T.);
#1448 = LINE('',#1449,#1450);
#1449 = CARTESIAN_POINT('',(6.982712725425,-9.186777710806,0.));
#1450 = VECTOR('',#1451,1.);
#1451 = DIRECTION('',(0.,1.,0.));
#1452 = PLANE('',#1453);
#1453 = AXIS2_PLACEMENT_3D('',#1454,#1455,#1456);
#1454 = CARTESIAN_POINT('',(6.982712725425,-9.186777710806,0.));
#1455 = DIRECTION('',(-1.,0.,0.));
#1456 = DIRECTION('',(0.,1.,0.));
#1457 = ADVANCED_FACE('',(#1458),#1485,.F.);
#1458 = FACE_BOUND('',#1459,.T.);
#1459 = EDGE_LOOP('',(#1460,#1461,#1470,#1478));
#1460 = ORIENTED_EDGE('',*,*,#1439,.T.);
#1461 = ORIENTED_EDGE('',*,*,#1462,.T.);
#1462 = EDGE_CURVE('',#1432,#1463,#1465,.T.);
#1463 = VERTEX_POINT('',#1464);
#1464 = CARTESIAN_POINT('',(7.379867919736,-8.583157226314,
    1.203987807976));
#1465 = CIRCLE('',#1466,0.275001270003);
#1466 = AXIS2_PLACEMENT_3D('',#1467,#1468,#1469);
#1467 = CARTESIAN_POINT('',(7.104866649733,-8.583157226314,
    1.203987807976));
#1468 = DIRECTION('',(0.,0.,1.));
#1469 = DIRECTION('',(-0.444194037019,-0.895930609744,0.));
#1470 = ORIENTED_EDGE('',*,*,#1471,.F.);
#1471 = EDGE_CURVE('',#1472,#1463,#1474,.T.);
#1472 = VERTEX_POINT('',#1473);
#1473 = CARTESIAN_POINT('',(7.379867919736,-8.583157226314,0.));
#1474 = LINE('',#1475,#1476);
#1475 = CARTESIAN_POINT('',(7.379867919736,-8.583157226314,0.));
#1476 = VECTOR('',#1477,1.);
#1477 = DIRECTION('',(0.,0.,1.));
#1478 = ORIENTED_EDGE('',*,*,#1479,.F.);
#1479 = EDGE_CURVE('',#1440,#1472,#1480,.T.);
#1480 = CIRCLE('',#1481,0.275001270003);
#1481 = AXIS2_PLACEMENT_3D('',#1482,#1483,#1484);
#1482 = CARTESIAN_POINT('',(7.104866649733,-8.583157226314,0.));
#1483 = DIRECTION('',(0.,0.,1.));
#1484 = DIRECTION('',(-0.444194037019,-0.895930609744,0.));
#1485 = CYLINDRICAL_SURFACE('',#1486,0.275001270003);
#1486 = AXIS2_PLACEMENT_3D('',#1487,#1488,#1489);
#1487 = CARTESIAN_POINT('',(7.104866649733,-8.583157226314,0.));
#1488 = DIRECTION('',(-0.,-0.,-1.));
#1489 = DIRECTION('',(-0.444194037019,-0.895930609744,0.));
#1490 = ADVANCED_FACE('',(#1491),#1518,.F.);
#1491 = FACE_BOUND('',#1492,.T.);
#1492 = EDGE_LOOP('',(#1493,#1494,#1503,#1511));
#1493 = ORIENTED_EDGE('',*,*,#1471,.T.);
#1494 = ORIENTED_EDGE('',*,*,#1495,.T.);
#1495 = EDGE_CURVE('',#1463,#1496,#1498,.T.);
#1496 = VERTEX_POINT('',#1497);
#1497 = CARTESIAN_POINT('',(6.982712725425,-8.336775170801,
    1.203987807976));
#1498 = CIRCLE('',#1499,0.275001270003);
#1499 = AXIS2_PLACEMENT_3D('',#1500,#1501,#1502);
#1500 = CARTESIAN_POINT('',(7.104866649733,-8.583157226314,
    1.203987807976));
#1501 = DIRECTION('',(0.,-0.,1.));
#1502 = DIRECTION('',(1.,-2.375460202116E-16,-0.));
#1503 = ORIENTED_EDGE('',*,*,#1504,.F.);
#1504 = EDGE_CURVE('',#1505,#1496,#1507,.T.);
#1505 = VERTEX_POINT('',#1506);
#1506 = CARTESIAN_POINT('',(6.982712725425,-8.336775170801,0.));
#1507 = LINE('',#1508,#1509);
#1508 = CARTESIAN_POINT('',(6.982712725425,-8.336775170801,0.));
#1509 = VECTOR('',#1510,1.);
#1510 = DIRECTION('',(0.,0.,1.));
#1511 = ORIENTED_EDGE('',*,*,#1512,.F.);
#1512 = EDGE_CURVE('',#1472,#1505,#1513,.T.);
#1513 = CIRCLE('',#1514,0.275001270003);
#1514 = AXIS2_PLACEMENT_3D('',#1515,#1516,#1517);
#1515 = CARTESIAN_POINT('',(7.104866649733,-8.583157226314,0.));
#1516 = DIRECTION('',(0.,-0.,1.));
#1517 = DIRECTION('',(1.,-2.375460202116E-16,-0.));
#1518 = CYLINDRICAL_SURFACE('',#1519,0.275001270003);
#1519 = AXIS2_PLACEMENT_3D('',#1520,#1521,#1522);
#1520 = CARTESIAN_POINT('',(7.104866649733,-8.583157226314,0.));
#1521 = DIRECTION('',(-0.,0.,-1.));
#1522 = DIRECTION('',(1.,-2.375460202116E-16,-0.));
#1523 = ADVANCED_FACE('',(#1524),#1549,.T.);
#1524 = FACE_BOUND('',#1525,.T.);
#1525 = EDGE_LOOP('',(#1526,#1527,#1535,#1543));
#1526 = ORIENTED_EDGE('',*,*,#1504,.T.);
#1527 = ORIENTED_EDGE('',*,*,#1528,.T.);
#1528 = EDGE_CURVE('',#1496,#1529,#1531,.T.);
#1529 = VERTEX_POINT('',#1530);
#1530 = CARTESIAN_POINT('',(6.982712725425,-7.979536741823,
    1.203987807976));
#1531 = LINE('',#1532,#1533);
#1532 = CARTESIAN_POINT('',(6.982712725425,-8.336775170801,
    1.203987807976));
#1533 = VECTOR('',#1534,1.);
#1534 = DIRECTION('',(0.,1.,0.));
#1535 = ORIENTED_EDGE('',*,*,#1536,.F.);
#1536 = EDGE_CURVE('',#1537,#1529,#1539,.T.);
#1537 = VERTEX_POINT('',#1538);
#1538 = CARTESIAN_POINT('',(6.982712725425,-7.979536741823,0.));
#1539 = LINE('',#1540,#1541);
#1540 = CARTESIAN_POINT('',(6.982712725425,-7.979536741823,0.));
#1541 = VECTOR('',#1542,1.);
#1542 = DIRECTION('',(0.,0.,1.));
#1543 = ORIENTED_EDGE('',*,*,#1544,.F.);
#1544 = EDGE_CURVE('',#1505,#1537,#1545,.T.);
#1545 = LINE('',#1546,#1547);
#1546 = CARTESIAN_POINT('',(6.982712725425,-8.336775170801,0.));
#1547 = VECTOR('',#1548,1.);
#1548 = DIRECTION('',(0.,1.,0.));
#1549 = PLANE('',#1550);
#1550 = AXIS2_PLACEMENT_3D('',#1551,#1552,#1553);
#1551 = CARTESIAN_POINT('',(6.982712725425,-8.336775170801,0.));
#1552 = DIRECTION('',(-1.,0.,0.));
#1553 = DIRECTION('',(0.,1.,0.));
#1554 = ADVANCED_FACE('',(#1555),#1582,.F.);
#1555 = FACE_BOUND('',#1556,.T.);
#1556 = EDGE_LOOP('',(#1557,#1558,#1567,#1575));
#1557 = ORIENTED_EDGE('',*,*,#1536,.T.);
#1558 = ORIENTED_EDGE('',*,*,#1559,.T.);
#1559 = EDGE_CURVE('',#1529,#1560,#1562,.T.);
#1560 = VERTEX_POINT('',#1561);
#1561 = CARTESIAN_POINT('',(7.379867919736,-7.733154686309,
    1.203987807976));
#1562 = CIRCLE('',#1563,0.275001270003);
#1563 = AXIS2_PLACEMENT_3D('',#1564,#1565,#1566);
#1564 = CARTESIAN_POINT('',(7.104866649733,-7.733154686309,
    1.203987807976));
#1565 = DIRECTION('',(0.,0.,1.));
#1566 = DIRECTION('',(-0.444194037019,-0.895930609744,0.));
#1567 = ORIENTED_EDGE('',*,*,#1568,.F.);
#1568 = EDGE_CURVE('',#1569,#1560,#1571,.T.);
#1569 = VERTEX_POINT('',#1570);
#1570 = CARTESIAN_POINT('',(7.379867919736,-7.733154686309,0.));
#1571 = LINE('',#1572,#1573);
#1572 = CARTESIAN_POINT('',(7.379867919736,-7.733154686309,0.));
#1573 = VECTOR('',#1574,1.);
#1574 = DIRECTION('',(0.,0.,1.));
#1575 = ORIENTED_EDGE('',*,*,#1576,.F.);
#1576 = EDGE_CURVE('',#1537,#1569,#1577,.T.);
#1577 = CIRCLE('',#1578,0.275001270003);
#1578 = AXIS2_PLACEMENT_3D('',#1579,#1580,#1581);
#1579 = CARTESIAN_POINT('',(7.104866649733,-7.733154686309,0.));
#1580 = DIRECTION('',(0.,0.,1.));
#1581 = DIRECTION('',(-0.444194037019,-0.895930609744,0.));
#1582 = CYLINDRICAL_SURFACE('',#1583,0.275001270003);
#1583 = AXIS2_PLACEMENT_3D('',#1584,#1585,#1586);
#1584 = CARTESIAN_POINT('',(7.104866649733,-7.733154686309,0.));
#1585 = DIRECTION('',(-0.,-0.,-1.));
#1586 = DIRECTION('',(-0.444194037019,-0.895930609744,0.));
#1587 = ADVANCED_FACE('',(#1588),#1615,.F.);
#1588 = FACE_BOUND('',#1589,.T.);
#1589 = EDGE_LOOP('',(#1590,#1591,#1600,#1608));
#1590 = ORIENTED_EDGE('',*,*,#1568,.T.);
#1591 = ORIENTED_EDGE('',*,*,#1592,.T.);
#1592 = EDGE_CURVE('',#1560,#1593,#1595,.T.);
#1593 = VERTEX_POINT('',#1594);
#1594 = CARTESIAN_POINT('',(6.982712725425,-7.486772630796,
    1.203987807976));
#1595 = CIRCLE('',#1596,0.275001270003);
#1596 = AXIS2_PLACEMENT_3D('',#1597,#1598,#1599);
#1597 = CARTESIAN_POINT('',(7.104866649733,-7.733154686309,
    1.203987807976));
#1598 = DIRECTION('',(0.,-0.,1.));
#1599 = DIRECTION('',(1.,-2.375460202116E-16,-0.));
#1600 = ORIENTED_EDGE('',*,*,#1601,.F.);
#1601 = EDGE_CURVE('',#1602,#1593,#1604,.T.);
#1602 = VERTEX_POINT('',#1603);
#1603 = CARTESIAN_POINT('',(6.982712725425,-7.486772630796,0.));
#1604 = LINE('',#1605,#1606);
#1605 = CARTESIAN_POINT('',(6.982712725425,-7.486772630796,0.));
#1606 = VECTOR('',#1607,1.);
#1607 = DIRECTION('',(0.,0.,1.));
#1608 = ORIENTED_EDGE('',*,*,#1609,.F.);
#1609 = EDGE_CURVE('',#1569,#1602,#1610,.T.);
#1610 = CIRCLE('',#1611,0.275001270003);
#1611 = AXIS2_PLACEMENT_3D('',#1612,#1613,#1614);
#1612 = CARTESIAN_POINT('',(7.104866649733,-7.733154686309,0.));
#1613 = DIRECTION('',(0.,-0.,1.));
#1614 = DIRECTION('',(1.,-2.375460202116E-16,-0.));
#1615 = CYLINDRICAL_SURFACE('',#1616,0.275001270003);
#1616 = AXIS2_PLACEMENT_3D('',#1617,#1618,#1619);
#1617 = CARTESIAN_POINT('',(7.104866649733,-7.733154686309,0.));
#1618 = DIRECTION('',(-0.,0.,-1.));
#1619 = DIRECTION('',(1.,-2.375460202116E-16,-0.));
#1620 = ADVANCED_FACE('',(#1621),#1646,.T.);
#1621 = FACE_BOUND('',#1622,.T.);
#1622 = EDGE_LOOP('',(#1623,#1624,#1632,#1640));
#1623 = ORIENTED_EDGE('',*,*,#1601,.T.);
#1624 = ORIENTED_EDGE('',*,*,#1625,.T.);
#1625 = EDGE_CURVE('',#1593,#1626,#1628,.T.);
#1626 = VERTEX_POINT('',#1627);
#1627 = CARTESIAN_POINT('',(6.982712725425,-7.129536741823,
    1.203987807976));
#1628 = LINE('',#1629,#1630);
#1629 = CARTESIAN_POINT('',(6.982712725425,-7.486772630796,
    1.203987807976));
#1630 = VECTOR('',#1631,1.);
#1631 = DIRECTION('',(0.,1.,0.));
#1632 = ORIENTED_EDGE('',*,*,#1633,.F.);
#1633 = EDGE_CURVE('',#1634,#1626,#1636,.T.);
#1634 = VERTEX_POINT('',#1635);
#1635 = CARTESIAN_POINT('',(6.982712725425,-7.129536741823,0.));
#1636 = LINE('',#1637,#1638);
#1637 = CARTESIAN_POINT('',(6.982712725425,-7.129536741823,0.));
#1638 = VECTOR('',#1639,1.);
#1639 = DIRECTION('',(0.,0.,1.));
#1640 = ORIENTED_EDGE('',*,*,#1641,.F.);
#1641 = EDGE_CURVE('',#1602,#1634,#1642,.T.);
#1642 = LINE('',#1643,#1644);
#1643 = CARTESIAN_POINT('',(6.982712725425,-7.486772630796,0.));
#1644 = VECTOR('',#1645,1.);
#1645 = DIRECTION('',(0.,1.,0.));
#1646 = PLANE('',#1647);
#1647 = AXIS2_PLACEMENT_3D('',#1648,#1649,#1650);
#1648 = CARTESIAN_POINT('',(6.982712725425,-7.486772630796,0.));
#1649 = DIRECTION('',(-1.,0.,0.));
#1650 = DIRECTION('',(0.,1.,0.));
#1651 = ADVANCED_FACE('',(#1652),#1679,.F.);
#1652 = FACE_BOUND('',#1653,.T.);
#1653 = EDGE_LOOP('',(#1654,#1655,#1664,#1672));
#1654 = ORIENTED_EDGE('',*,*,#1633,.T.);
#1655 = ORIENTED_EDGE('',*,*,#1656,.T.);
#1656 = EDGE_CURVE('',#1626,#1657,#1659,.T.);
#1657 = VERTEX_POINT('',#1658);
#1658 = CARTESIAN_POINT('',(7.379867919736,-6.883154686309,
    1.203987807976));
#1659 = CIRCLE('',#1660,0.275001270003);
#1660 = AXIS2_PLACEMENT_3D('',#1661,#1662,#1663);
#1661 = CARTESIAN_POINT('',(7.104866649733,-6.883154686309,
    1.203987807976));
#1662 = DIRECTION('',(0.,0.,1.));
#1663 = DIRECTION('',(-0.444194037019,-0.895930609744,0.));
#1664 = ORIENTED_EDGE('',*,*,#1665,.F.);
#1665 = EDGE_CURVE('',#1666,#1657,#1668,.T.);
#1666 = VERTEX_POINT('',#1667);
#1667 = CARTESIAN_POINT('',(7.379867919736,-6.883154686309,0.));
#1668 = LINE('',#1669,#1670);
#1669 = CARTESIAN_POINT('',(7.379867919736,-6.883154686309,0.));
#1670 = VECTOR('',#1671,1.);
#1671 = DIRECTION('',(0.,0.,1.));
#1672 = ORIENTED_EDGE('',*,*,#1673,.F.);
#1673 = EDGE_CURVE('',#1634,#1666,#1674,.T.);
#1674 = CIRCLE('',#1675,0.275001270003);
#1675 = AXIS2_PLACEMENT_3D('',#1676,#1677,#1678);
#1676 = CARTESIAN_POINT('',(7.104866649733,-6.883154686309,0.));
#1677 = DIRECTION('',(0.,0.,1.));
#1678 = DIRECTION('',(-0.444194037019,-0.895930609744,0.));
#1679 = CYLINDRICAL_SURFACE('',#1680,0.275001270003);
#1680 = AXIS2_PLACEMENT_3D('',#1681,#1682,#1683);
#1681 = CARTESIAN_POINT('',(7.104866649733,-6.883154686309,0.));
#1682 = DIRECTION('',(-0.,-0.,-1.));
#1683 = DIRECTION('',(-0.444194037019,-0.895930609744,0.));
#1684 = ADVANCED_FACE('',(#1685),#1712,.F.);
#1685 = FACE_BOUND('',#1686,.T.);
#1686 = EDGE_LOOP('',(#1687,#1688,#1697,#1705));
#1687 = ORIENTED_EDGE('',*,*,#1665,.T.);
#1688 = ORIENTED_EDGE('',*,*,#1689,.T.);
#1689 = EDGE_CURVE('',#1657,#1690,#1692,.T.);
#1690 = VERTEX_POINT('',#1691);
#1691 = CARTESIAN_POINT('',(6.982712725425,-6.636772630796,
    1.203987807976));
#1692 = CIRCLE('',#1693,0.275001270003);
#1693 = AXIS2_PLACEMENT_3D('',#1694,#1695,#1696);
#1694 = CARTESIAN_POINT('',(7.104866649733,-6.883154686309,
    1.203987807976));
#1695 = DIRECTION('',(0.,-0.,1.));
#1696 = DIRECTION('',(1.,-2.375460202116E-16,-0.));
#1697 = ORIENTED_EDGE('',*,*,#1698,.F.);
#1698 = EDGE_CURVE('',#1699,#1690,#1701,.T.);
#1699 = VERTEX_POINT('',#1700);
#1700 = CARTESIAN_POINT('',(6.982712725425,-6.636772630796,0.));
#1701 = LINE('',#1702,#1703);
#1702 = CARTESIAN_POINT('',(6.982712725425,-6.636772630796,0.));
#1703 = VECTOR('',#1704,1.);
#1704 = DIRECTION('',(0.,0.,1.));
#1705 = ORIENTED_EDGE('',*,*,#1706,.F.);
#1706 = EDGE_CURVE('',#1666,#1699,#1707,.T.);
#1707 = CIRCLE('',#1708,0.275001270003);
#1708 = AXIS2_PLACEMENT_3D('',#1709,#1710,#1711);
#1709 = CARTESIAN_POINT('',(7.104866649733,-6.883154686309,0.));
#1710 = DIRECTION('',(0.,-0.,1.));
#1711 = DIRECTION('',(1.,-2.375460202116E-16,-0.));
#1712 = CYLINDRICAL_SURFACE('',#1713,0.275001270003);
#1713 = AXIS2_PLACEMENT_3D('',#1714,#1715,#1716);
#1714 = CARTESIAN_POINT('',(7.104866649733,-6.883154686309,0.));
#1715 = DIRECTION('',(-0.,0.,-1.));
#1716 = DIRECTION('',(1.,-2.375460202116E-16,-0.));
#1717 = ADVANCED_FACE('',(#1718),#1743,.T.);
#1718 = FACE_BOUND('',#1719,.T.);
#1719 = EDGE_LOOP('',(#1720,#1721,#1729,#1737));
#1720 = ORIENTED_EDGE('',*,*,#1698,.T.);
#1721 = ORIENTED_EDGE('',*,*,#1722,.T.);
#1722 = EDGE_CURVE('',#1690,#1723,#1725,.T.);
#1723 = VERTEX_POINT('',#1724);
#1724 = CARTESIAN_POINT('',(6.982712725425,-6.447236474473,
    1.203987807976));
#1725 = LINE('',#1726,#1727);
#1726 = CARTESIAN_POINT('',(6.982712725425,-6.636772630796,
    1.203987807976));
#1727 = VECTOR('',#1728,1.);
#1728 = DIRECTION('',(0.,1.,0.));
#1729 = ORIENTED_EDGE('',*,*,#1730,.F.);
#1730 = EDGE_CURVE('',#1731,#1723,#1733,.T.);
#1731 = VERTEX_POINT('',#1732);
#1732 = CARTESIAN_POINT('',(6.982712725425,-6.447236474473,0.));
#1733 = LINE('',#1734,#1735);
#1734 = CARTESIAN_POINT('',(6.982712725425,-6.447236474473,0.));
#1735 = VECTOR('',#1736,1.);
#1736 = DIRECTION('',(0.,0.,1.));
#1737 = ORIENTED_EDGE('',*,*,#1738,.F.);
#1738 = EDGE_CURVE('',#1699,#1731,#1739,.T.);
#1739 = LINE('',#1740,#1741);
#1740 = CARTESIAN_POINT('',(6.982712725425,-6.636772630796,0.));
#1741 = VECTOR('',#1742,1.);
#1742 = DIRECTION('',(0.,1.,0.));
#1743 = PLANE('',#1744);
#1744 = AXIS2_PLACEMENT_3D('',#1745,#1746,#1747);
#1745 = CARTESIAN_POINT('',(6.982712725425,-6.636772630796,0.));
#1746 = DIRECTION('',(-1.,0.,0.));
#1747 = DIRECTION('',(0.,1.,0.));
#1748 = ADVANCED_FACE('',(#1749),#1774,.T.);
#1749 = FACE_BOUND('',#1750,.T.);
#1750 = EDGE_LOOP('',(#1751,#1752,#1760,#1768));
#1751 = ORIENTED_EDGE('',*,*,#1730,.T.);
#1752 = ORIENTED_EDGE('',*,*,#1753,.T.);
#1753 = EDGE_CURVE('',#1723,#1754,#1756,.T.);
#1754 = VERTEX_POINT('',#1755);
#1755 = CARTESIAN_POINT('',(8.848917957836,-6.447236474473,
    1.203987807976));
#1756 = LINE('',#1757,#1758);
#1757 = CARTESIAN_POINT('',(6.982712725425,-6.447236474473,
    1.203987807976));
#1758 = VECTOR('',#1759,1.);
#1759 = DIRECTION('',(1.,0.,0.));
#1760 = ORIENTED_EDGE('',*,*,#1761,.F.);
#1761 = EDGE_CURVE('',#1762,#1754,#1764,.T.);
#1762 = VERTEX_POINT('',#1763);
#1763 = CARTESIAN_POINT('',(8.848917957836,-6.447236474473,0.));
#1764 = LINE('',#1765,#1766);
#1765 = CARTESIAN_POINT('',(8.848917957836,-6.447236474473,0.));
#1766 = VECTOR('',#1767,1.);
#1767 = DIRECTION('',(0.,0.,1.));
#1768 = ORIENTED_EDGE('',*,*,#1769,.F.);
#1769 = EDGE_CURVE('',#1731,#1762,#1770,.T.);
#1770 = LINE('',#1771,#1772);
#1771 = CARTESIAN_POINT('',(6.982712725425,-6.447236474473,0.));
#1772 = VECTOR('',#1773,1.);
#1773 = DIRECTION('',(1.,0.,0.));
#1774 = PLANE('',#1775);
#1775 = AXIS2_PLACEMENT_3D('',#1776,#1777,#1778);
#1776 = CARTESIAN_POINT('',(6.982712725425,-6.447236474473,0.));
#1777 = DIRECTION('',(0.,1.,0.));
#1778 = DIRECTION('',(1.,0.,0.));
#1779 = ADVANCED_FACE('',(#1780),#1805,.T.);
#1780 = FACE_BOUND('',#1781,.T.);
#1781 = EDGE_LOOP('',(#1782,#1783,#1791,#1799));
#1782 = ORIENTED_EDGE('',*,*,#1761,.T.);
#1783 = ORIENTED_EDGE('',*,*,#1784,.T.);
#1784 = EDGE_CURVE('',#1754,#1785,#1787,.T.);
#1785 = VERTEX_POINT('',#1786);
#1786 = CARTESIAN_POINT('',(8.848917957836,-6.637969723464,
    1.203987807976));
#1787 = LINE('',#1788,#1789);
#1788 = CARTESIAN_POINT('',(8.848917957836,-6.447236474473,
    1.203987807976));
#1789 = VECTOR('',#1790,1.);
#1790 = DIRECTION('',(-1.862660913913E-14,-1.,0.));
#1791 = ORIENTED_EDGE('',*,*,#1792,.F.);
#1792 = EDGE_CURVE('',#1793,#1785,#1795,.T.);
#1793 = VERTEX_POINT('',#1794);
#1794 = CARTESIAN_POINT('',(8.848917957836,-6.637969723464,0.));
#1795 = LINE('',#1796,#1797);
#1796 = CARTESIAN_POINT('',(8.848917957836,-6.637969723464,0.));
#1797 = VECTOR('',#1798,1.);
#1798 = DIRECTION('',(0.,0.,1.));
#1799 = ORIENTED_EDGE('',*,*,#1800,.F.);
#1800 = EDGE_CURVE('',#1762,#1793,#1801,.T.);
#1801 = LINE('',#1802,#1803);
#1802 = CARTESIAN_POINT('',(8.848917957836,-6.447236474473,0.));
#1803 = VECTOR('',#1804,1.);
#1804 = DIRECTION('',(-1.862660913913E-14,-1.,0.));
#1805 = PLANE('',#1806);
#1806 = AXIS2_PLACEMENT_3D('',#1807,#1808,#1809);
#1807 = CARTESIAN_POINT('',(8.848917957836,-6.447236474473,0.));
#1808 = DIRECTION('',(1.,-1.862660913913E-14,0.));
#1809 = DIRECTION('',(-1.862660913913E-14,-1.,0.));
#1810 = ADVANCED_FACE('',(#1811),#1838,.F.);
#1811 = FACE_BOUND('',#1812,.T.);
#1812 = EDGE_LOOP('',(#1813,#1814,#1823,#1831));
#1813 = ORIENTED_EDGE('',*,*,#1792,.T.);
#1814 = ORIENTED_EDGE('',*,*,#1815,.T.);
#1815 = EDGE_CURVE('',#1785,#1816,#1818,.T.);
#1816 = VERTEX_POINT('',#1817);
#1817 = CARTESIAN_POINT('',(8.454257048514,-6.885572771146,
    1.203987807976));
#1818 = CIRCLE('',#1819,0.275001270003);
#1819 = AXIS2_PLACEMENT_3D('',#1820,#1821,#1822);
#1820 = CARTESIAN_POINT('',(8.729258318517,-6.885572771146,
    1.203987807976));
#1821 = DIRECTION('',(0.,0.,1.));
#1822 = DIRECTION('',(0.435123951675,0.900370560757,-0.));
#1823 = ORIENTED_EDGE('',*,*,#1824,.F.);
#1824 = EDGE_CURVE('',#1825,#1816,#1827,.T.);
#1825 = VERTEX_POINT('',#1826);
#1826 = CARTESIAN_POINT('',(8.454257048514,-6.885572771146,0.));
#1827 = LINE('',#1828,#1829);
#1828 = CARTESIAN_POINT('',(8.454257048514,-6.885572771146,0.));
#1829 = VECTOR('',#1830,1.);
#1830 = DIRECTION('',(0.,0.,1.));
#1831 = ORIENTED_EDGE('',*,*,#1832,.F.);
#1832 = EDGE_CURVE('',#1793,#1825,#1833,.T.);
#1833 = CIRCLE('',#1834,0.275001270003);
#1834 = AXIS2_PLACEMENT_3D('',#1835,#1836,#1837);
#1835 = CARTESIAN_POINT('',(8.729258318517,-6.885572771146,0.));
#1836 = DIRECTION('',(0.,0.,1.));
#1837 = DIRECTION('',(0.435123951675,0.900370560757,-0.));
#1838 = CYLINDRICAL_SURFACE('',#1839,0.275001270003);
#1839 = AXIS2_PLACEMENT_3D('',#1840,#1841,#1842);
#1840 = CARTESIAN_POINT('',(8.729258318517,-6.885572771146,0.));
#1841 = DIRECTION('',(-0.,-0.,-1.));
#1842 = DIRECTION('',(0.435123951675,0.900370560757,-0.));
#1843 = ADVANCED_FACE('',(#1844),#1871,.F.);
#1844 = FACE_BOUND('',#1845,.T.);
#1845 = EDGE_LOOP('',(#1846,#1847,#1856,#1864));
#1846 = ORIENTED_EDGE('',*,*,#1824,.T.);
#1847 = ORIENTED_EDGE('',*,*,#1848,.T.);
#1848 = EDGE_CURVE('',#1816,#1849,#1851,.T.);
#1849 = VERTEX_POINT('',#1850);
#1850 = CARTESIAN_POINT('',(8.848917957836,-7.133175818827,
    1.203987807976));
#1851 = CIRCLE('',#1852,0.275001270003);
#1852 = AXIS2_PLACEMENT_3D('',#1853,#1854,#1855);
#1853 = CARTESIAN_POINT('',(8.729258318517,-6.885572771146,
    1.203987807976));
#1854 = DIRECTION('',(0.,0.,1.));
#1855 = DIRECTION('',(-1.,-1.191477458807E-16,0.));
#1856 = ORIENTED_EDGE('',*,*,#1857,.F.);
#1857 = EDGE_CURVE('',#1858,#1849,#1860,.T.);
#1858 = VERTEX_POINT('',#1859);
#1859 = CARTESIAN_POINT('',(8.848917957836,-7.133175818827,0.));
#1860 = LINE('',#1861,#1862);
#1861 = CARTESIAN_POINT('',(8.848917957836,-7.133175818827,0.));
#1862 = VECTOR('',#1863,1.);
#1863 = DIRECTION('',(0.,0.,1.));
#1864 = ORIENTED_EDGE('',*,*,#1865,.F.);
#1865 = EDGE_CURVE('',#1825,#1858,#1866,.T.);
#1866 = CIRCLE('',#1867,0.275001270003);
#1867 = AXIS2_PLACEMENT_3D('',#1868,#1869,#1870);
#1868 = CARTESIAN_POINT('',(8.729258318517,-6.885572771146,0.));
#1869 = DIRECTION('',(0.,0.,1.));
#1870 = DIRECTION('',(-1.,-1.191477458807E-16,0.));
#1871 = CYLINDRICAL_SURFACE('',#1872,0.275001270003);
#1872 = AXIS2_PLACEMENT_3D('',#1873,#1874,#1875);
#1873 = CARTESIAN_POINT('',(8.729258318517,-6.885572771146,0.));
#1874 = DIRECTION('',(-0.,-0.,-1.));
#1875 = DIRECTION('',(-1.,-1.191477458807E-16,0.));
#1876 = ADVANCED_FACE('',(#1877),#1902,.T.);
#1877 = FACE_BOUND('',#1878,.T.);
#1878 = EDGE_LOOP('',(#1879,#1880,#1888,#1896));
#1879 = ORIENTED_EDGE('',*,*,#1857,.T.);
#1880 = ORIENTED_EDGE('',*,*,#1881,.T.);
#1881 = EDGE_CURVE('',#1849,#1882,#1884,.T.);
#1882 = VERTEX_POINT('',#1883);
#1883 = CARTESIAN_POINT('',(8.848917957836,-7.487972263469,
    1.203987807976));
#1884 = LINE('',#1885,#1886);
#1885 = CARTESIAN_POINT('',(8.848917957836,-7.133175818827,
    1.203987807976));
#1886 = VECTOR('',#1887,1.);
#1887 = DIRECTION('',(0.,-1.,0.));
#1888 = ORIENTED_EDGE('',*,*,#1889,.F.);
#1889 = EDGE_CURVE('',#1890,#1882,#1892,.T.);
#1890 = VERTEX_POINT('',#1891);
#1891 = CARTESIAN_POINT('',(8.848917957836,-7.487972263469,0.));
#1892 = LINE('',#1893,#1894);
#1893 = CARTESIAN_POINT('',(8.848917957836,-7.487972263469,0.));
#1894 = VECTOR('',#1895,1.);
#1895 = DIRECTION('',(0.,0.,1.));
#1896 = ORIENTED_EDGE('',*,*,#1897,.F.);
#1897 = EDGE_CURVE('',#1858,#1890,#1898,.T.);
#1898 = LINE('',#1899,#1900);
#1899 = CARTESIAN_POINT('',(8.848917957836,-7.133175818827,0.));
#1900 = VECTOR('',#1901,1.);
#1901 = DIRECTION('',(0.,-1.,0.));
#1902 = PLANE('',#1903);
#1903 = AXIS2_PLACEMENT_3D('',#1904,#1905,#1906);
#1904 = CARTESIAN_POINT('',(8.848917957836,-7.133175818827,0.));
#1905 = DIRECTION('',(1.,0.,-0.));
#1906 = DIRECTION('',(0.,-1.,0.));
#1907 = ADVANCED_FACE('',(#1908),#1935,.F.);
#1908 = FACE_BOUND('',#1909,.T.);
#1909 = EDGE_LOOP('',(#1910,#1911,#1920,#1928));
#1910 = ORIENTED_EDGE('',*,*,#1889,.T.);
#1911 = ORIENTED_EDGE('',*,*,#1912,.T.);
#1912 = EDGE_CURVE('',#1882,#1913,#1915,.T.);
#1913 = VERTEX_POINT('',#1914);
#1914 = CARTESIAN_POINT('',(8.454257048514,-7.735575311151,
    1.203987807976));
#1915 = CIRCLE('',#1916,0.275001270003);
#1916 = AXIS2_PLACEMENT_3D('',#1917,#1918,#1919);
#1917 = CARTESIAN_POINT('',(8.729258318517,-7.735575311151,
    1.203987807976));
#1918 = DIRECTION('',(0.,0.,1.));
#1919 = DIRECTION('',(0.435123951675,0.900370560757,-0.));
#1920 = ORIENTED_EDGE('',*,*,#1921,.F.);
#1921 = EDGE_CURVE('',#1922,#1913,#1924,.T.);
#1922 = VERTEX_POINT('',#1923);
#1923 = CARTESIAN_POINT('',(8.454257048514,-7.735575311151,0.));
#1924 = LINE('',#1925,#1926);
#1925 = CARTESIAN_POINT('',(8.454257048514,-7.735575311151,0.));
#1926 = VECTOR('',#1927,1.);
#1927 = DIRECTION('',(0.,0.,1.));
#1928 = ORIENTED_EDGE('',*,*,#1929,.F.);
#1929 = EDGE_CURVE('',#1890,#1922,#1930,.T.);
#1930 = CIRCLE('',#1931,0.275001270003);
#1931 = AXIS2_PLACEMENT_3D('',#1932,#1933,#1934);
#1932 = CARTESIAN_POINT('',(8.729258318517,-7.735575311151,0.));
#1933 = DIRECTION('',(0.,0.,1.));
#1934 = DIRECTION('',(0.435123951675,0.900370560757,-0.));
#1935 = CYLINDRICAL_SURFACE('',#1936,0.275001270003);
#1936 = AXIS2_PLACEMENT_3D('',#1937,#1938,#1939);
#1937 = CARTESIAN_POINT('',(8.729258318517,-7.735575311151,0.));
#1938 = DIRECTION('',(-0.,-0.,-1.));
#1939 = DIRECTION('',(0.435123951675,0.900370560757,-0.));
#1940 = ADVANCED_FACE('',(#1941),#1968,.F.);
#1941 = FACE_BOUND('',#1942,.T.);
#1942 = EDGE_LOOP('',(#1943,#1944,#1953,#1961));
#1943 = ORIENTED_EDGE('',*,*,#1921,.T.);
#1944 = ORIENTED_EDGE('',*,*,#1945,.T.);
#1945 = EDGE_CURVE('',#1913,#1946,#1948,.T.);
#1946 = VERTEX_POINT('',#1947);
#1947 = CARTESIAN_POINT('',(8.848917957836,-7.983178358832,
    1.203987807976));
#1948 = CIRCLE('',#1949,0.275001270003);
#1949 = AXIS2_PLACEMENT_3D('',#1950,#1951,#1952);
#1950 = CARTESIAN_POINT('',(8.729258318517,-7.735575311151,
    1.203987807976));
#1951 = DIRECTION('',(0.,0.,1.));
#1952 = DIRECTION('',(-1.,-1.191477458807E-16,0.));
#1953 = ORIENTED_EDGE('',*,*,#1954,.F.);
#1954 = EDGE_CURVE('',#1955,#1946,#1957,.T.);
#1955 = VERTEX_POINT('',#1956);
#1956 = CARTESIAN_POINT('',(8.848917957836,-7.983178358832,0.));
#1957 = LINE('',#1958,#1959);
#1958 = CARTESIAN_POINT('',(8.848917957836,-7.983178358832,0.));
#1959 = VECTOR('',#1960,1.);
#1960 = DIRECTION('',(0.,0.,1.));
#1961 = ORIENTED_EDGE('',*,*,#1962,.F.);
#1962 = EDGE_CURVE('',#1922,#1955,#1963,.T.);
#1963 = CIRCLE('',#1964,0.275001270003);
#1964 = AXIS2_PLACEMENT_3D('',#1965,#1966,#1967);
#1965 = CARTESIAN_POINT('',(8.729258318517,-7.735575311151,0.));
#1966 = DIRECTION('',(0.,0.,1.));
#1967 = DIRECTION('',(-1.,-1.191477458807E-16,0.));
#1968 = CYLINDRICAL_SURFACE('',#1969,0.275001270003);
#1969 = AXIS2_PLACEMENT_3D('',#1970,#1971,#1972);
#1970 = CARTESIAN_POINT('',(8.729258318517,-7.735575311151,0.));
#1971 = DIRECTION('',(-0.,-0.,-1.));
#1972 = DIRECTION('',(-1.,-1.191477458807E-16,0.));
#1973 = ADVANCED_FACE('',(#1974),#1999,.T.);
#1974 = FACE_BOUND('',#1975,.T.);
#1975 = EDGE_LOOP('',(#1976,#1977,#1985,#1993));
#1976 = ORIENTED_EDGE('',*,*,#1954,.T.);
#1977 = ORIENTED_EDGE('',*,*,#1978,.T.);
#1978 = EDGE_CURVE('',#1946,#1979,#1981,.T.);
#1979 = VERTEX_POINT('',#1980);
#1980 = CARTESIAN_POINT('',(8.848917957836,-8.337974803475,
    1.203987807976));
#1981 = LINE('',#1982,#1983);
#1982 = CARTESIAN_POINT('',(8.848917957836,-7.983178358832,
    1.203987807976));
#1983 = VECTOR('',#1984,1.);
#1984 = DIRECTION('',(0.,-1.,0.));
#1985 = ORIENTED_EDGE('',*,*,#1986,.F.);
#1986 = EDGE_CURVE('',#1987,#1979,#1989,.T.);
#1987 = VERTEX_POINT('',#1988);
#1988 = CARTESIAN_POINT('',(8.848917957836,-8.337974803475,0.));
#1989 = LINE('',#1990,#1991);
#1990 = CARTESIAN_POINT('',(8.848917957836,-8.337974803475,0.));
#1991 = VECTOR('',#1992,1.);
#1992 = DIRECTION('',(0.,0.,1.));
#1993 = ORIENTED_EDGE('',*,*,#1994,.F.);
#1994 = EDGE_CURVE('',#1955,#1987,#1995,.T.);
#1995 = LINE('',#1996,#1997);
#1996 = CARTESIAN_POINT('',(8.848917957836,-7.983178358832,0.));
#1997 = VECTOR('',#1998,1.);
#1998 = DIRECTION('',(0.,-1.,0.));
#1999 = PLANE('',#2000);
#2000 = AXIS2_PLACEMENT_3D('',#2001,#2002,#2003);
#2001 = CARTESIAN_POINT('',(8.848917957836,-7.983178358832,0.));
#2002 = DIRECTION('',(1.,0.,-0.));
#2003 = DIRECTION('',(0.,-1.,0.));
#2004 = ADVANCED_FACE('',(#2005),#2032,.F.);
#2005 = FACE_BOUND('',#2006,.T.);
#2006 = EDGE_LOOP('',(#2007,#2008,#2017,#2025));
#2007 = ORIENTED_EDGE('',*,*,#1986,.T.);
#2008 = ORIENTED_EDGE('',*,*,#2009,.T.);
#2009 = EDGE_CURVE('',#1979,#2010,#2012,.T.);
#2010 = VERTEX_POINT('',#2011);
#2011 = CARTESIAN_POINT('',(8.454257048514,-8.585577851156,
    1.203987807976));
#2012 = CIRCLE('',#2013,0.275001270003);
#2013 = AXIS2_PLACEMENT_3D('',#2014,#2015,#2016);
#2014 = CARTESIAN_POINT('',(8.729258318517,-8.585577851156,
    1.203987807976));
#2015 = DIRECTION('',(0.,0.,1.));
#2016 = DIRECTION('',(0.435123951675,0.900370560757,-0.));
#2017 = ORIENTED_EDGE('',*,*,#2018,.F.);
#2018 = EDGE_CURVE('',#2019,#2010,#2021,.T.);
#2019 = VERTEX_POINT('',#2020);
#2020 = CARTESIAN_POINT('',(8.454257048514,-8.585577851156,0.));
#2021 = LINE('',#2022,#2023);
#2022 = CARTESIAN_POINT('',(8.454257048514,-8.585577851156,0.));
#2023 = VECTOR('',#2024,1.);
#2024 = DIRECTION('',(0.,0.,1.));
#2025 = ORIENTED_EDGE('',*,*,#2026,.F.);
#2026 = EDGE_CURVE('',#1987,#2019,#2027,.T.);
#2027 = CIRCLE('',#2028,0.275001270003);
#2028 = AXIS2_PLACEMENT_3D('',#2029,#2030,#2031);
#2029 = CARTESIAN_POINT('',(8.729258318517,-8.585577851156,0.));
#2030 = DIRECTION('',(0.,0.,1.));
#2031 = DIRECTION('',(0.435123951675,0.900370560757,-0.));
#2032 = CYLINDRICAL_SURFACE('',#2033,0.275001270003);
#2033 = AXIS2_PLACEMENT_3D('',#2034,#2035,#2036);
#2034 = CARTESIAN_POINT('',(8.729258318517,-8.585577851156,0.));
#2035 = DIRECTION('',(-0.,-0.,-1.));
#2036 = DIRECTION('',(0.435123951675,0.900370560757,-0.));
#2037 = ADVANCED_FACE('',(#2038),#2065,.F.);
#2038 = FACE_BOUND('',#2039,.T.);
#2039 = EDGE_LOOP('',(#2040,#2041,#2050,#2058));
#2040 = ORIENTED_EDGE('',*,*,#2018,.T.);
#2041 = ORIENTED_EDGE('',*,*,#2042,.T.);
#2042 = EDGE_CURVE('',#2010,#2043,#2045,.T.);
#2043 = VERTEX_POINT('',#2044);
#2044 = CARTESIAN_POINT('',(8.848917957836,-8.833180898837,
    1.203987807976));
#2045 = CIRCLE('',#2046,0.275001270003);
#2046 = AXIS2_PLACEMENT_3D('',#2047,#2048,#2049);
#2047 = CARTESIAN_POINT('',(8.729258318517,-8.585577851156,
    1.203987807976));
#2048 = DIRECTION('',(0.,0.,1.));
#2049 = DIRECTION('',(-1.,-1.191477458807E-16,0.));
#2050 = ORIENTED_EDGE('',*,*,#2051,.F.);
#2051 = EDGE_CURVE('',#2052,#2043,#2054,.T.);
#2052 = VERTEX_POINT('',#2053);
#2053 = CARTESIAN_POINT('',(8.848917957836,-8.833180898837,0.));
#2054 = LINE('',#2055,#2056);
#2055 = CARTESIAN_POINT('',(8.848917957836,-8.833180898837,0.));
#2056 = VECTOR('',#2057,1.);
#2057 = DIRECTION('',(0.,0.,1.));
#2058 = ORIENTED_EDGE('',*,*,#2059,.F.);
#2059 = EDGE_CURVE('',#2019,#2052,#2060,.T.);
#2060 = CIRCLE('',#2061,0.275001270003);
#2061 = AXIS2_PLACEMENT_3D('',#2062,#2063,#2064);
#2062 = CARTESIAN_POINT('',(8.729258318517,-8.585577851156,0.));
#2063 = DIRECTION('',(0.,0.,1.));
#2064 = DIRECTION('',(-1.,-1.191477458807E-16,0.));
#2065 = CYLINDRICAL_SURFACE('',#2066,0.275001270003);
#2066 = AXIS2_PLACEMENT_3D('',#2067,#2068,#2069);
#2067 = CARTESIAN_POINT('',(8.729258318517,-8.585577851156,0.));
#2068 = DIRECTION('',(-0.,-0.,-1.));
#2069 = DIRECTION('',(-1.,-1.191477458807E-16,0.));
#2070 = ADVANCED_FACE('',(#2071),#2096,.T.);
#2071 = FACE_BOUND('',#2072,.T.);
#2072 = EDGE_LOOP('',(#2073,#2074,#2082,#2090));
#2073 = ORIENTED_EDGE('',*,*,#2051,.T.);
#2074 = ORIENTED_EDGE('',*,*,#2075,.T.);
#2075 = EDGE_CURVE('',#2043,#2076,#2078,.T.);
#2076 = VERTEX_POINT('',#2077);
#2077 = CARTESIAN_POINT('',(8.848917957836,-9.187974803475,
    1.203987807976));
#2078 = LINE('',#2079,#2080);
#2079 = CARTESIAN_POINT('',(8.848917957836,-8.833180898837,
    1.203987807976));
#2080 = VECTOR('',#2081,1.);
#2081 = DIRECTION('',(0.,-1.,0.));
#2082 = ORIENTED_EDGE('',*,*,#2083,.F.);
#2083 = EDGE_CURVE('',#2084,#2076,#2086,.T.);
#2084 = VERTEX_POINT('',#2085);
#2085 = CARTESIAN_POINT('',(8.848917957836,-9.187974803475,0.));
#2086 = LINE('',#2087,#2088);
#2087 = CARTESIAN_POINT('',(8.848917957836,-9.187974803475,0.));
#2088 = VECTOR('',#2089,1.);
#2089 = DIRECTION('',(0.,0.,1.));
#2090 = ORIENTED_EDGE('',*,*,#2091,.F.);
#2091 = EDGE_CURVE('',#2052,#2084,#2092,.T.);
#2092 = LINE('',#2093,#2094);
#2093 = CARTESIAN_POINT('',(8.848917957836,-8.833180898837,0.));
#2094 = VECTOR('',#2095,1.);
#2095 = DIRECTION('',(0.,-1.,0.));
#2096 = PLANE('',#2097);
#2097 = AXIS2_PLACEMENT_3D('',#2098,#2099,#2100);
#2098 = CARTESIAN_POINT('',(8.848917957836,-8.833180898837,0.));
#2099 = DIRECTION('',(1.,0.,-0.));
#2100 = DIRECTION('',(0.,-1.,0.));
#2101 = ADVANCED_FACE('',(#2102),#2129,.F.);
#2102 = FACE_BOUND('',#2103,.T.);
#2103 = EDGE_LOOP('',(#2104,#2105,#2114,#2122));
#2104 = ORIENTED_EDGE('',*,*,#2083,.T.);
#2105 = ORIENTED_EDGE('',*,*,#2106,.T.);
#2106 = EDGE_CURVE('',#2076,#2107,#2109,.T.);
#2107 = VERTEX_POINT('',#2108);
#2108 = CARTESIAN_POINT('',(8.454257048514,-9.435577851156,
    1.203987807976));
#2109 = CIRCLE('',#2110,0.275001270003);
#2110 = AXIS2_PLACEMENT_3D('',#2111,#2112,#2113);
#2111 = CARTESIAN_POINT('',(8.729258318517,-9.435577851156,
    1.203987807976));
#2112 = DIRECTION('',(0.,0.,1.));
#2113 = DIRECTION('',(0.435123951675,0.900370560757,-0.));
#2114 = ORIENTED_EDGE('',*,*,#2115,.F.);
#2115 = EDGE_CURVE('',#2116,#2107,#2118,.T.);
#2116 = VERTEX_POINT('',#2117);
#2117 = CARTESIAN_POINT('',(8.454257048514,-9.435577851156,0.));
#2118 = LINE('',#2119,#2120);
#2119 = CARTESIAN_POINT('',(8.454257048514,-9.435577851156,0.));
#2120 = VECTOR('',#2121,1.);
#2121 = DIRECTION('',(0.,0.,1.));
#2122 = ORIENTED_EDGE('',*,*,#2123,.F.);
#2123 = EDGE_CURVE('',#2084,#2116,#2124,.T.);
#2124 = CIRCLE('',#2125,0.275001270003);
#2125 = AXIS2_PLACEMENT_3D('',#2126,#2127,#2128);
#2126 = CARTESIAN_POINT('',(8.729258318517,-9.435577851156,0.));
#2127 = DIRECTION('',(0.,0.,1.));
#2128 = DIRECTION('',(0.435123951675,0.900370560757,-0.));
#2129 = CYLINDRICAL_SURFACE('',#2130,0.275001270003);
#2130 = AXIS2_PLACEMENT_3D('',#2131,#2132,#2133);
#2131 = CARTESIAN_POINT('',(8.729258318517,-9.435577851156,0.));
#2132 = DIRECTION('',(-0.,-0.,-1.));
#2133 = DIRECTION('',(0.435123951675,0.900370560757,-0.));
#2134 = ADVANCED_FACE('',(#2135),#2162,.F.);
#2135 = FACE_BOUND('',#2136,.T.);
#2136 = EDGE_LOOP('',(#2137,#2138,#2147,#2155));
#2137 = ORIENTED_EDGE('',*,*,#2115,.T.);
#2138 = ORIENTED_EDGE('',*,*,#2139,.T.);
#2139 = EDGE_CURVE('',#2107,#2140,#2142,.T.);
#2140 = VERTEX_POINT('',#2141);
#2141 = CARTESIAN_POINT('',(8.848917957836,-9.683180898837,
    1.203987807976));
#2142 = CIRCLE('',#2143,0.275001270003);
#2143 = AXIS2_PLACEMENT_3D('',#2144,#2145,#2146);
#2144 = CARTESIAN_POINT('',(8.729258318517,-9.435577851156,
    1.203987807976));
#2145 = DIRECTION('',(0.,0.,1.));
#2146 = DIRECTION('',(-1.,-1.191477458807E-16,0.));
#2147 = ORIENTED_EDGE('',*,*,#2148,.F.);
#2148 = EDGE_CURVE('',#2149,#2140,#2151,.T.);
#2149 = VERTEX_POINT('',#2150);
#2150 = CARTESIAN_POINT('',(8.848917957836,-9.683180898837,0.));
#2151 = LINE('',#2152,#2153);
#2152 = CARTESIAN_POINT('',(8.848917957836,-9.683180898837,0.));
#2153 = VECTOR('',#2154,1.);
#2154 = DIRECTION('',(0.,0.,1.));
#2155 = ORIENTED_EDGE('',*,*,#2156,.F.);
#2156 = EDGE_CURVE('',#2116,#2149,#2157,.T.);
#2157 = CIRCLE('',#2158,0.275001270003);
#2158 = AXIS2_PLACEMENT_3D('',#2159,#2160,#2161);
#2159 = CARTESIAN_POINT('',(8.729258318517,-9.435577851156,0.));
#2160 = DIRECTION('',(0.,0.,1.));
#2161 = DIRECTION('',(-1.,-1.191477458807E-16,0.));
#2162 = CYLINDRICAL_SURFACE('',#2163,0.275001270003);
#2163 = AXIS2_PLACEMENT_3D('',#2164,#2165,#2166);
#2164 = CARTESIAN_POINT('',(8.729258318517,-9.435577851156,0.));
#2165 = DIRECTION('',(-0.,-0.,-1.));
#2166 = DIRECTION('',(-1.,-1.191477458807E-16,0.));
#2167 = ADVANCED_FACE('',(#2168),#2184,.T.);
#2168 = FACE_BOUND('',#2169,.T.);
#2169 = EDGE_LOOP('',(#2170,#2171,#2177,#2178));
#2170 = ORIENTED_EDGE('',*,*,#2148,.T.);
#2171 = ORIENTED_EDGE('',*,*,#2172,.T.);
#2172 = EDGE_CURVE('',#2140,#908,#2173,.T.);
#2173 = LINE('',#2174,#2175);
#2174 = CARTESIAN_POINT('',(8.848917957836,-9.683180898837,
    1.203987807976));
#2175 = VECTOR('',#2176,1.);
#2176 = DIRECTION('',(0.,-1.,0.));
#2177 = ORIENTED_EDGE('',*,*,#905,.F.);
#2178 = ORIENTED_EDGE('',*,*,#2179,.F.);
#2179 = EDGE_CURVE('',#2149,#906,#2180,.T.);
#2180 = LINE('',#2181,#2182);
#2181 = CARTESIAN_POINT('',(8.848917957836,-9.683180898837,0.));
#2182 = VECTOR('',#2183,1.);
#2183 = DIRECTION('',(0.,-1.,0.));
#2184 = PLANE('',#2185);
#2185 = AXIS2_PLACEMENT_3D('',#2186,#2187,#2188);
#2186 = CARTESIAN_POINT('',(8.848917957836,-9.683180898837,0.));
#2187 = DIRECTION('',(1.,0.,-0.));
#2188 = DIRECTION('',(0.,-1.,0.));
#2189 = ADVANCED_FACE('',(#2190),#2232,.T.);
#2190 = FACE_BOUND('',#2191,.T.);
#2191 = EDGE_LOOP('',(#2192,#2193,#2194,#2195,#2196,#2197,#2198,#2199,
    #2200,#2201,#2202,#2203,#2204,#2205,#2206,#2207,#2208,#2209,#2210,
    #2211,#2212,#2213,#2214,#2215,#2216,#2217,#2218,#2219,#2220,#2221,
    #2222,#2223,#2224,#2225,#2226,#2227,#2228,#2229,#2230,#2231));
#2192 = ORIENTED_EDGE('',*,*,#932,.T.);
#2193 = ORIENTED_EDGE('',*,*,#965,.T.);
#2194 = ORIENTED_EDGE('',*,*,#997,.T.);
#2195 = ORIENTED_EDGE('',*,*,#1029,.T.);
#2196 = ORIENTED_EDGE('',*,*,#1062,.T.);
#2197 = ORIENTED_EDGE('',*,*,#1094,.T.);
#2198 = ORIENTED_EDGE('',*,*,#1125,.T.);
#2199 = ORIENTED_EDGE('',*,*,#1156,.T.);
#2200 = ORIENTED_EDGE('',*,*,#1188,.T.);
#2201 = ORIENTED_EDGE('',*,*,#1221,.T.);
#2202 = ORIENTED_EDGE('',*,*,#1253,.T.);
#2203 = ORIENTED_EDGE('',*,*,#1285,.T.);
#2204 = ORIENTED_EDGE('',*,*,#1318,.T.);
#2205 = ORIENTED_EDGE('',*,*,#1350,.T.);
#2206 = ORIENTED_EDGE('',*,*,#1382,.T.);
#2207 = ORIENTED_EDGE('',*,*,#1415,.T.);
#2208 = ORIENTED_EDGE('',*,*,#1447,.T.);
#2209 = ORIENTED_EDGE('',*,*,#1479,.T.);
#2210 = ORIENTED_EDGE('',*,*,#1512,.T.);
#2211 = ORIENTED_EDGE('',*,*,#1544,.T.);
#2212 = ORIENTED_EDGE('',*,*,#1576,.T.);
#2213 = ORIENTED_EDGE('',*,*,#1609,.T.);
#2214 = ORIENTED_EDGE('',*,*,#1641,.T.);
#2215 = ORIENTED_EDGE('',*,*,#1673,.T.);
#2216 = ORIENTED_EDGE('',*,*,#1706,.T.);
#2217 = ORIENTED_EDGE('',*,*,#1738,.T.);
#2218 = ORIENTED_EDGE('',*,*,#1769,.T.);
#2219 = ORIENTED_EDGE('',*,*,#1800,.T.);
#2220 = ORIENTED_EDGE('',*,*,#1832,.T.);
#2221 = ORIENTED_EDGE('',*,*,#1865,.T.);
#2222 = ORIENTED_EDGE('',*,*,#1897,.T.);
#2223 = ORIENTED_EDGE('',*,*,#1929,.T.);
#2224 = ORIENTED_EDGE('',*,*,#1962,.T.);
#2225 = ORIENTED_EDGE('',*,*,#1994,.T.);
#2226 = ORIENTED_EDGE('',*,*,#2026,.T.);
#2227 = ORIENTED_EDGE('',*,*,#2059,.T.);
#2228 = ORIENTED_EDGE('',*,*,#2091,.T.);
#2229 = ORIENTED_EDGE('',*,*,#2123,.T.);
#2230 = ORIENTED_EDGE('',*,*,#2156,.T.);
#2231 = ORIENTED_EDGE('',*,*,#2179,.T.);
#2232 = PLANE('',#2233);
#2233 = AXIS2_PLACEMENT_3D('',#2234,#2235,#2236);
#2234 = CARTESIAN_POINT('',(7.914535139811,-9.009365048404,0.));
#2235 = DIRECTION('',(-0.,-0.,-1.));
#2236 = DIRECTION('',(-1.,0.,0.));
#2237 = ADVANCED_FACE('',(#2238),#2280,.F.);
#2238 = FACE_BOUND('',#2239,.F.);
#2239 = EDGE_LOOP('',(#2240,#2241,#2242,#2243,#2244,#2245,#2246,#2247,
    #2248,#2249,#2250,#2251,#2252,#2253,#2254,#2255,#2256,#2257,#2258,
    #2259,#2260,#2261,#2262,#2263,#2264,#2265,#2266,#2267,#2268,#2269,
    #2270,#2271,#2272,#2273,#2274,#2275,#2276,#2277,#2278,#2279));
#2240 = ORIENTED_EDGE('',*,*,#915,.T.);
#2241 = ORIENTED_EDGE('',*,*,#948,.T.);
#2242 = ORIENTED_EDGE('',*,*,#981,.T.);
#2243 = ORIENTED_EDGE('',*,*,#1012,.T.);
#2244 = ORIENTED_EDGE('',*,*,#1045,.T.);
#2245 = ORIENTED_EDGE('',*,*,#1078,.T.);
#2246 = ORIENTED_EDGE('',*,*,#1109,.T.);
#2247 = ORIENTED_EDGE('',*,*,#1140,.T.);
#2248 = ORIENTED_EDGE('',*,*,#1171,.T.);
#2249 = ORIENTED_EDGE('',*,*,#1204,.T.);
#2250 = ORIENTED_EDGE('',*,*,#1237,.T.);
#2251 = ORIENTED_EDGE('',*,*,#1268,.T.);
#2252 = ORIENTED_EDGE('',*,*,#1301,.T.);
#2253 = ORIENTED_EDGE('',*,*,#1334,.T.);
#2254 = ORIENTED_EDGE('',*,*,#1365,.T.);
#2255 = ORIENTED_EDGE('',*,*,#1398,.T.);
#2256 = ORIENTED_EDGE('',*,*,#1431,.T.);
#2257 = ORIENTED_EDGE('',*,*,#1462,.T.);
#2258 = ORIENTED_EDGE('',*,*,#1495,.T.);
#2259 = ORIENTED_EDGE('',*,*,#1528,.T.);
#2260 = ORIENTED_EDGE('',*,*,#1559,.T.);
#2261 = ORIENTED_EDGE('',*,*,#1592,.T.);
#2262 = ORIENTED_EDGE('',*,*,#1625,.T.);
#2263 = ORIENTED_EDGE('',*,*,#1656,.T.);
#2264 = ORIENTED_EDGE('',*,*,#1689,.T.);
#2265 = ORIENTED_EDGE('',*,*,#1722,.T.);
#2266 = ORIENTED_EDGE('',*,*,#1753,.T.);
#2267 = ORIENTED_EDGE('',*,*,#1784,.T.);
#2268 = ORIENTED_EDGE('',*,*,#1815,.T.);
#2269 = ORIENTED_EDGE('',*,*,#1848,.T.);
#2270 = ORIENTED_EDGE('',*,*,#1881,.T.);
#2271 = ORIENTED_EDGE('',*,*,#1912,.T.);
#2272 = ORIENTED_EDGE('',*,*,#1945,.T.);
#2273 = ORIENTED_EDGE('',*,*,#1978,.T.);
#2274 = ORIENTED_EDGE('',*,*,#2009,.T.);
#2275 = ORIENTED_EDGE('',*,*,#2042,.T.);
#2276 = ORIENTED_EDGE('',*,*,#2075,.T.);
#2277 = ORIENTED_EDGE('',*,*,#2106,.T.);
#2278 = ORIENTED_EDGE('',*,*,#2139,.T.);
#2279 = ORIENTED_EDGE('',*,*,#2172,.T.);
#2280 = PLANE('',#2281);
#2281 = AXIS2_PLACEMENT_3D('',#2282,#2283,#2284);
#2282 = CARTESIAN_POINT('',(7.914535139811,-9.009365048404,
    1.203987807976));
#2283 = DIRECTION('',(-0.,-0.,-1.));
#2284 = DIRECTION('',(-1.,0.,0.));
#2285 = MANIFOLD_SOLID_BREP('',#2286);
#2286 = CLOSED_SHELL('',(#2287,#2329,#2360,#2393,#2426,#2457,#2488,#2521
    ,#2554,#2585,#2618,#2651,#2682,#2715,#2748,#2779,#2812,#2845,#2876,
    #2909,#2942,#2973,#3006,#3039,#3070,#3094,#3127));
#2287 = ADVANCED_FACE('',(#2288),#2324,.T.);
#2288 = FACE_BOUND('',#2289,.T.);
#2289 = EDGE_LOOP('',(#2290,#2300,#2309,#2317));
#2290 = ORIENTED_EDGE('',*,*,#2291,.T.);
#2291 = EDGE_CURVE('',#2292,#2294,#2296,.T.);
#2292 = VERTEX_POINT('',#2293);
#2293 = CARTESIAN_POINT('',(13.161626873254,-1.270002540005E-02,0.));
#2294 = VERTEX_POINT('',#2295);
#2295 = CARTESIAN_POINT('',(13.161626873254,-1.270002540005E-02,
    1.203987807976));
#2296 = LINE('',#2297,#2298);
#2297 = CARTESIAN_POINT('',(13.161626873254,-1.270002540005E-02,0.));
#2298 = VECTOR('',#2299,1.);
#2299 = DIRECTION('',(0.,0.,1.));
#2300 = ORIENTED_EDGE('',*,*,#2301,.T.);
#2301 = EDGE_CURVE('',#2294,#2302,#2304,.T.);
#2302 = VERTEX_POINT('',#2303);
#2303 = CARTESIAN_POINT('',(17.448935737871,-4.300008890018,
    1.203987807976));
#2304 = CIRCLE('',#2305,4.287308864618);
#2305 = AXIS2_PLACEMENT_3D('',#2306,#2307,#2308);
#2306 = CARTESIAN_POINT('',(13.161626873254,-4.300008890018,
    1.203987807976));
#2307 = DIRECTION('',(0.,0.,-1.));
#2308 = DIRECTION('',(-1.684605783724E-15,1.,0.));
#2309 = ORIENTED_EDGE('',*,*,#2310,.F.);
#2310 = EDGE_CURVE('',#2311,#2302,#2313,.T.);
#2311 = VERTEX_POINT('',#2312);
#2312 = CARTESIAN_POINT('',(17.448935737871,-4.300008890018,0.));
#2313 = LINE('',#2314,#2315);
#2314 = CARTESIAN_POINT('',(17.448935737871,-4.300008890018,0.));
#2315 = VECTOR('',#2316,1.);
#2316 = DIRECTION('',(0.,0.,1.));
#2317 = ORIENTED_EDGE('',*,*,#2318,.F.);
#2318 = EDGE_CURVE('',#2292,#2311,#2319,.T.);
#2319 = CIRCLE('',#2320,4.287308864618);
#2320 = AXIS2_PLACEMENT_3D('',#2321,#2322,#2323);
#2321 = CARTESIAN_POINT('',(13.161626873254,-4.300008890018,0.));
#2322 = DIRECTION('',(0.,0.,-1.));
#2323 = DIRECTION('',(-1.684605783724E-15,1.,0.));
#2324 = CYLINDRICAL_SURFACE('',#2325,4.287308864618);
#2325 = AXIS2_PLACEMENT_3D('',#2326,#2327,#2328);
#2326 = CARTESIAN_POINT('',(13.161626873254,-4.300008890018,0.));
#2327 = DIRECTION('',(0.,0.,-1.));
#2328 = DIRECTION('',(-1.684605783724E-15,1.,0.));
#2329 = ADVANCED_FACE('',(#2330),#2355,.T.);
#2330 = FACE_BOUND('',#2331,.T.);
#2331 = EDGE_LOOP('',(#2332,#2333,#2341,#2349));
#2332 = ORIENTED_EDGE('',*,*,#2310,.T.);
#2333 = ORIENTED_EDGE('',*,*,#2334,.T.);
#2334 = EDGE_CURVE('',#2302,#2335,#2337,.T.);
#2335 = VERTEX_POINT('',#2336);
#2336 = CARTESIAN_POINT('',(17.448935737871,-19.67886334772,
    1.203987807976));
#2337 = LINE('',#2338,#2339);
#2338 = CARTESIAN_POINT('',(17.448935737871,-4.300008890018,
    1.203987807976));
#2339 = VECTOR('',#2340,1.);
#2340 = DIRECTION('',(-2.310128942679E-16,-1.,0.));
#2341 = ORIENTED_EDGE('',*,*,#2342,.F.);
#2342 = EDGE_CURVE('',#2343,#2335,#2345,.T.);
#2343 = VERTEX_POINT('',#2344);
#2344 = CARTESIAN_POINT('',(17.448935737871,-19.67886334772,0.));
#2345 = LINE('',#2346,#2347);
#2346 = CARTESIAN_POINT('',(17.448935737871,-19.67886334772,0.));
#2347 = VECTOR('',#2348,1.);
#2348 = DIRECTION('',(0.,0.,1.));
#2349 = ORIENTED_EDGE('',*,*,#2350,.F.);
#2350 = EDGE_CURVE('',#2311,#2343,#2351,.T.);
#2351 = LINE('',#2352,#2353);
#2352 = CARTESIAN_POINT('',(17.448935737871,-4.300008890018,0.));
#2353 = VECTOR('',#2354,1.);
#2354 = DIRECTION('',(-2.310128942679E-16,-1.,0.));
#2355 = PLANE('',#2356);
#2356 = AXIS2_PLACEMENT_3D('',#2357,#2358,#2359);
#2357 = CARTESIAN_POINT('',(17.448935737871,-4.300008890018,0.));
#2358 = DIRECTION('',(1.,-2.310128942679E-16,0.));
#2359 = DIRECTION('',(-2.310128942679E-16,-1.,0.));
#2360 = ADVANCED_FACE('',(#2361),#2388,.T.);
#2361 = FACE_BOUND('',#2362,.T.);
#2362 = EDGE_LOOP('',(#2363,#2364,#2373,#2381));
#2363 = ORIENTED_EDGE('',*,*,#2342,.T.);
#2364 = ORIENTED_EDGE('',*,*,#2365,.T.);
#2365 = EDGE_CURVE('',#2335,#2366,#2368,.T.);
#2366 = VERTEX_POINT('',#2367);
#2367 = CARTESIAN_POINT('',(13.161626873254,-23.96617221234,
    1.203987807976));
#2368 = CIRCLE('',#2369,4.287308864618);
#2369 = AXIS2_PLACEMENT_3D('',#2370,#2371,#2372);
#2370 = CARTESIAN_POINT('',(13.161626873254,-19.67886334772,
    1.203987807976));
#2371 = DIRECTION('',(0.,0.,-1.));
#2372 = DIRECTION('',(1.,5.85949837817E-16,0.));
#2373 = ORIENTED_EDGE('',*,*,#2374,.F.);
#2374 = EDGE_CURVE('',#2375,#2366,#2377,.T.);
#2375 = VERTEX_POINT('',#2376);
#2376 = CARTESIAN_POINT('',(13.161626873254,-23.96617221234,0.));
#2377 = LINE('',#2378,#2379);
#2378 = CARTESIAN_POINT('',(13.161626873254,-23.96617221234,0.));
#2379 = VECTOR('',#2380,1.);
#2380 = DIRECTION('',(0.,0.,1.));
#2381 = ORIENTED_EDGE('',*,*,#2382,.F.);
#2382 = EDGE_CURVE('',#2343,#2375,#2383,.T.);
#2383 = CIRCLE('',#2384,4.287308864618);
#2384 = AXIS2_PLACEMENT_3D('',#2385,#2386,#2387);
#2385 = CARTESIAN_POINT('',(13.161626873254,-19.67886334772,0.));
#2386 = DIRECTION('',(0.,0.,-1.));
#2387 = DIRECTION('',(1.,5.85949837817E-16,0.));
#2388 = CYLINDRICAL_SURFACE('',#2389,4.287308864618);
#2389 = AXIS2_PLACEMENT_3D('',#2390,#2391,#2392);
#2390 = CARTESIAN_POINT('',(13.161626873254,-19.67886334772,0.));
#2391 = DIRECTION('',(0.,0.,-1.));
#2392 = DIRECTION('',(1.,5.85949837817E-16,0.));
#2393 = ADVANCED_FACE('',(#2394),#2421,.T.);
#2394 = FACE_BOUND('',#2395,.T.);
#2395 = EDGE_LOOP('',(#2396,#2397,#2406,#2414));
#2396 = ORIENTED_EDGE('',*,*,#2374,.T.);
#2397 = ORIENTED_EDGE('',*,*,#2398,.T.);
#2398 = EDGE_CURVE('',#2366,#2399,#2401,.T.);
#2399 = VERTEX_POINT('',#2400);
#2400 = CARTESIAN_POINT('',(8.874318008636,-19.67886334772,
    1.203987807976));
#2401 = CIRCLE('',#2402,4.287308864618);
#2402 = AXIS2_PLACEMENT_3D('',#2403,#2404,#2405);
#2403 = CARTESIAN_POINT('',(13.161626873254,-19.67886334772,
    1.203987807976));
#2404 = DIRECTION('',(0.,0.,-1.));
#2405 = DIRECTION('',(0.,-1.,-0.));
#2406 = ORIENTED_EDGE('',*,*,#2407,.F.);
#2407 = EDGE_CURVE('',#2408,#2399,#2410,.T.);
#2408 = VERTEX_POINT('',#2409);
#2409 = CARTESIAN_POINT('',(8.874318008636,-19.67886334772,0.));
#2410 = LINE('',#2411,#2412);
#2411 = CARTESIAN_POINT('',(8.874318008636,-19.67886334772,0.));
#2412 = VECTOR('',#2413,1.);
#2413 = DIRECTION('',(0.,0.,1.));
#2414 = ORIENTED_EDGE('',*,*,#2415,.F.);
#2415 = EDGE_CURVE('',#2375,#2408,#2416,.T.);
#2416 = CIRCLE('',#2417,4.287308864618);
#2417 = AXIS2_PLACEMENT_3D('',#2418,#2419,#2420);
#2418 = CARTESIAN_POINT('',(13.161626873254,-19.67886334772,0.));
#2419 = DIRECTION('',(0.,0.,-1.));
#2420 = DIRECTION('',(0.,-1.,-0.));
#2421 = CYLINDRICAL_SURFACE('',#2422,4.287308864618);
#2422 = AXIS2_PLACEMENT_3D('',#2423,#2424,#2425);
#2423 = CARTESIAN_POINT('',(13.161626873254,-19.67886334772,0.));
#2424 = DIRECTION('',(0.,0.,-1.));
#2425 = DIRECTION('',(0.,-1.,-0.));
#2426 = ADVANCED_FACE('',(#2427),#2452,.T.);
#2427 = FACE_BOUND('',#2428,.T.);
#2428 = EDGE_LOOP('',(#2429,#2430,#2438,#2446));
#2429 = ORIENTED_EDGE('',*,*,#2407,.T.);
#2430 = ORIENTED_EDGE('',*,*,#2431,.T.);
#2431 = EDGE_CURVE('',#2399,#2432,#2434,.T.);
#2432 = VERTEX_POINT('',#2433);
#2433 = CARTESIAN_POINT('',(8.874318008636,-11.5844526162,1.203987807976
    ));
#2434 = LINE('',#2435,#2436);
#2435 = CARTESIAN_POINT('',(8.874318008636,-19.67886334772,
    1.203987807976));
#2436 = VECTOR('',#2437,1.);
#2437 = DIRECTION('',(-2.194547445539E-16,1.,0.));
#2438 = ORIENTED_EDGE('',*,*,#2439,.F.);
#2439 = EDGE_CURVE('',#2440,#2432,#2442,.T.);
#2440 = VERTEX_POINT('',#2441);
#2441 = CARTESIAN_POINT('',(8.874318008636,-11.5844526162,0.));
#2442 = LINE('',#2443,#2444);
#2443 = CARTESIAN_POINT('',(8.874318008636,-11.5844526162,0.));
#2444 = VECTOR('',#2445,1.);
#2445 = DIRECTION('',(0.,0.,1.));
#2446 = ORIENTED_EDGE('',*,*,#2447,.F.);
#2447 = EDGE_CURVE('',#2408,#2440,#2448,.T.);
#2448 = LINE('',#2449,#2450);
#2449 = CARTESIAN_POINT('',(8.874318008636,-19.67886334772,0.));
#2450 = VECTOR('',#2451,1.);
#2451 = DIRECTION('',(-2.194547445539E-16,1.,0.));
#2452 = PLANE('',#2453);
#2453 = AXIS2_PLACEMENT_3D('',#2454,#2455,#2456);
#2454 = CARTESIAN_POINT('',(8.874318008636,-19.67886334772,0.));
#2455 = DIRECTION('',(-1.,-2.194547445539E-16,0.));
#2456 = DIRECTION('',(-2.194547445539E-16,1.,0.));
#2457 = ADVANCED_FACE('',(#2458),#2483,.T.);
#2458 = FACE_BOUND('',#2459,.T.);
#2459 = EDGE_LOOP('',(#2460,#2461,#2469,#2477));
#2460 = ORIENTED_EDGE('',*,*,#2439,.T.);
#2461 = ORIENTED_EDGE('',*,*,#2462,.T.);
#2462 = EDGE_CURVE('',#2432,#2463,#2465,.T.);
#2463 = VERTEX_POINT('',#2464);
#2464 = CARTESIAN_POINT('',(8.874318008636,-11.36921380413,
    1.203987807976));
#2465 = LINE('',#2466,#2467);
#2466 = CARTESIAN_POINT('',(8.874318008636,-11.5844526162,1.203987807976
    ));
#2467 = VECTOR('',#2468,1.);
#2468 = DIRECTION('',(0.,1.,0.));
#2469 = ORIENTED_EDGE('',*,*,#2470,.F.);
#2470 = EDGE_CURVE('',#2471,#2463,#2473,.T.);
#2471 = VERTEX_POINT('',#2472);
#2472 = CARTESIAN_POINT('',(8.874318008636,-11.36921380413,0.));
#2473 = LINE('',#2474,#2475);
#2474 = CARTESIAN_POINT('',(8.874318008636,-11.36921380413,0.));
#2475 = VECTOR('',#2476,1.);
#2476 = DIRECTION('',(0.,0.,1.));
#2477 = ORIENTED_EDGE('',*,*,#2478,.F.);
#2478 = EDGE_CURVE('',#2440,#2471,#2479,.T.);
#2479 = LINE('',#2480,#2481);
#2480 = CARTESIAN_POINT('',(8.874318008636,-11.5844526162,0.));
#2481 = VECTOR('',#2482,1.);
#2482 = DIRECTION('',(0.,1.,0.));
#2483 = PLANE('',#2484);
#2484 = AXIS2_PLACEMENT_3D('',#2485,#2486,#2487);
#2485 = CARTESIAN_POINT('',(8.874318008636,-11.5844526162,0.));
#2486 = DIRECTION('',(-1.,0.,0.));
#2487 = DIRECTION('',(0.,1.,0.));
#2488 = ADVANCED_FACE('',(#2489),#2516,.F.);
#2489 = FACE_BOUND('',#2490,.T.);
#2490 = EDGE_LOOP('',(#2491,#2492,#2501,#2509));
#2491 = ORIENTED_EDGE('',*,*,#2470,.T.);
#2492 = ORIENTED_EDGE('',*,*,#2493,.T.);
#2493 = EDGE_CURVE('',#2463,#2494,#2496,.T.);
#2494 = VERTEX_POINT('',#2495);
#2495 = CARTESIAN_POINT('',(9.004259588519,-11.13558293116,
    1.203987807976));
#2496 = CIRCLE('',#2497,0.275001270003);
#2497 = AXIS2_PLACEMENT_3D('',#2498,#2499,#2500);
#2498 = CARTESIAN_POINT('',(8.729258318517,-11.13558293116,
    1.203987807976));
#2499 = DIRECTION('',(0.,0.,1.));
#2500 = DIRECTION('',(0.527487346215,-0.849562887362,0.));
#2501 = ORIENTED_EDGE('',*,*,#2502,.F.);
#2502 = EDGE_CURVE('',#2503,#2494,#2505,.T.);
#2503 = VERTEX_POINT('',#2504);
#2504 = CARTESIAN_POINT('',(9.004259588519,-11.13558293116,0.));
#2505 = LINE('',#2506,#2507);
#2506 = CARTESIAN_POINT('',(9.004259588519,-11.13558293116,0.));
#2507 = VECTOR('',#2508,1.);
#2508 = DIRECTION('',(0.,0.,1.));
#2509 = ORIENTED_EDGE('',*,*,#2510,.F.);
#2510 = EDGE_CURVE('',#2471,#2503,#2511,.T.);
#2511 = CIRCLE('',#2512,0.275001270003);
#2512 = AXIS2_PLACEMENT_3D('',#2513,#2514,#2515);
#2513 = CARTESIAN_POINT('',(8.729258318517,-11.13558293116,0.));
#2514 = DIRECTION('',(0.,0.,1.));
#2515 = DIRECTION('',(0.527487346215,-0.849562887362,0.));
#2516 = CYLINDRICAL_SURFACE('',#2517,0.275001270003);
#2517 = AXIS2_PLACEMENT_3D('',#2518,#2519,#2520);
#2518 = CARTESIAN_POINT('',(8.729258318517,-11.13558293116,0.));
#2519 = DIRECTION('',(-0.,-0.,-1.));
#2520 = DIRECTION('',(0.527487346215,-0.849562887362,0.));
#2521 = ADVANCED_FACE('',(#2522),#2549,.F.);
#2522 = FACE_BOUND('',#2523,.T.);
#2523 = EDGE_LOOP('',(#2524,#2525,#2534,#2542));
#2524 = ORIENTED_EDGE('',*,*,#2502,.T.);
#2525 = ORIENTED_EDGE('',*,*,#2526,.T.);
#2526 = EDGE_CURVE('',#2494,#2527,#2529,.T.);
#2527 = VERTEX_POINT('',#2528);
#2528 = CARTESIAN_POINT('',(8.874318008636,-10.90195205819,
    1.203987807976));
#2529 = CIRCLE('',#2530,0.275001270003);
#2530 = AXIS2_PLACEMENT_3D('',#2531,#2532,#2533);
#2531 = CARTESIAN_POINT('',(8.729258318517,-11.13558293116,
    1.203987807976));
#2532 = DIRECTION('',(0.,-0.,1.));
#2533 = DIRECTION('',(1.,-3.11469176216E-16,-0.));
#2534 = ORIENTED_EDGE('',*,*,#2535,.F.);
#2535 = EDGE_CURVE('',#2536,#2527,#2538,.T.);
#2536 = VERTEX_POINT('',#2537);
#2537 = CARTESIAN_POINT('',(8.874318008636,-10.90195205819,0.));
#2538 = LINE('',#2539,#2540);
#2539 = CARTESIAN_POINT('',(8.874318008636,-10.90195205819,0.));
#2540 = VECTOR('',#2541,1.);
#2541 = DIRECTION('',(0.,0.,1.));
#2542 = ORIENTED_EDGE('',*,*,#2543,.F.);
#2543 = EDGE_CURVE('',#2503,#2536,#2544,.T.);
#2544 = CIRCLE('',#2545,0.275001270003);
#2545 = AXIS2_PLACEMENT_3D('',#2546,#2547,#2548);
#2546 = CARTESIAN_POINT('',(8.729258318517,-11.13558293116,0.));
#2547 = DIRECTION('',(0.,-0.,1.));
#2548 = DIRECTION('',(1.,-3.11469176216E-16,-0.));
#2549 = CYLINDRICAL_SURFACE('',#2550,0.275001270003);
#2550 = AXIS2_PLACEMENT_3D('',#2551,#2552,#2553);
#2551 = CARTESIAN_POINT('',(8.729258318517,-11.13558293116,0.));
#2552 = DIRECTION('',(-0.,0.,-1.));
#2553 = DIRECTION('',(1.,-3.11469176216E-16,-0.));
#2554 = ADVANCED_FACE('',(#2555),#2580,.T.);
#2555 = FACE_BOUND('',#2556,.T.);
#2556 = EDGE_LOOP('',(#2557,#2558,#2566,#2574));
#2557 = ORIENTED_EDGE('',*,*,#2535,.T.);
#2558 = ORIENTED_EDGE('',*,*,#2559,.T.);
#2559 = EDGE_CURVE('',#2527,#2560,#2562,.T.);
#2560 = VERTEX_POINT('',#2561);
#2561 = CARTESIAN_POINT('',(8.874318008636,-10.51921126413,
    1.203987807976));
#2562 = LINE('',#2563,#2564);
#2563 = CARTESIAN_POINT('',(8.874318008636,-10.90195205819,
    1.203987807976));
#2564 = VECTOR('',#2565,1.);
#2565 = DIRECTION('',(0.,1.,0.));
#2566 = ORIENTED_EDGE('',*,*,#2567,.F.);
#2567 = EDGE_CURVE('',#2568,#2560,#2570,.T.);
#2568 = VERTEX_POINT('',#2569);
#2569 = CARTESIAN_POINT('',(8.874318008636,-10.51921126413,0.));
#2570 = LINE('',#2571,#2572);
#2571 = CARTESIAN_POINT('',(8.874318008636,-10.51921126413,0.));
#2572 = VECTOR('',#2573,1.);
#2573 = DIRECTION('',(0.,0.,1.));
#2574 = ORIENTED_EDGE('',*,*,#2575,.F.);
#2575 = EDGE_CURVE('',#2536,#2568,#2576,.T.);
#2576 = LINE('',#2577,#2578);
#2577 = CARTESIAN_POINT('',(8.874318008636,-10.90195205819,0.));
#2578 = VECTOR('',#2579,1.);
#2579 = DIRECTION('',(0.,1.,0.));
#2580 = PLANE('',#2581);
#2581 = AXIS2_PLACEMENT_3D('',#2582,#2583,#2584);
#2582 = CARTESIAN_POINT('',(8.874318008636,-10.90195205819,0.));
#2583 = DIRECTION('',(-1.,0.,0.));
#2584 = DIRECTION('',(0.,1.,0.));
#2585 = ADVANCED_FACE('',(#2586),#2613,.F.);
#2586 = FACE_BOUND('',#2587,.T.);
#2587 = EDGE_LOOP('',(#2588,#2589,#2598,#2606));
#2588 = ORIENTED_EDGE('',*,*,#2567,.T.);
#2589 = ORIENTED_EDGE('',*,*,#2590,.T.);
#2590 = EDGE_CURVE('',#2560,#2591,#2593,.T.);
#2591 = VERTEX_POINT('',#2592);
#2592 = CARTESIAN_POINT('',(9.004259588519,-10.28558039116,
    1.203987807976));
#2593 = CIRCLE('',#2594,0.275001270003);
#2594 = AXIS2_PLACEMENT_3D('',#2595,#2596,#2597);
#2595 = CARTESIAN_POINT('',(8.729258318517,-10.28558039116,
    1.203987807976));
#2596 = DIRECTION('',(0.,0.,1.));
#2597 = DIRECTION('',(0.527487346215,-0.849562887362,0.));
#2598 = ORIENTED_EDGE('',*,*,#2599,.F.);
#2599 = EDGE_CURVE('',#2600,#2591,#2602,.T.);
#2600 = VERTEX_POINT('',#2601);
#2601 = CARTESIAN_POINT('',(9.004259588519,-10.28558039116,0.));
#2602 = LINE('',#2603,#2604);
#2603 = CARTESIAN_POINT('',(9.004259588519,-10.28558039116,0.));
#2604 = VECTOR('',#2605,1.);
#2605 = DIRECTION('',(0.,0.,1.));
#2606 = ORIENTED_EDGE('',*,*,#2607,.F.);
#2607 = EDGE_CURVE('',#2568,#2600,#2608,.T.);
#2608 = CIRCLE('',#2609,0.275001270003);
#2609 = AXIS2_PLACEMENT_3D('',#2610,#2611,#2612);
#2610 = CARTESIAN_POINT('',(8.729258318517,-10.28558039116,0.));
#2611 = DIRECTION('',(0.,0.,1.));
#2612 = DIRECTION('',(0.527487346215,-0.849562887362,0.));
#2613 = CYLINDRICAL_SURFACE('',#2614,0.275001270003);
#2614 = AXIS2_PLACEMENT_3D('',#2615,#2616,#2617);
#2615 = CARTESIAN_POINT('',(8.729258318517,-10.28558039116,0.));
#2616 = DIRECTION('',(-0.,-0.,-1.));
#2617 = DIRECTION('',(0.527487346215,-0.849562887362,0.));
#2618 = ADVANCED_FACE('',(#2619),#2646,.F.);
#2619 = FACE_BOUND('',#2620,.T.);
#2620 = EDGE_LOOP('',(#2621,#2622,#2631,#2639));
#2621 = ORIENTED_EDGE('',*,*,#2599,.T.);
#2622 = ORIENTED_EDGE('',*,*,#2623,.T.);
#2623 = EDGE_CURVE('',#2591,#2624,#2626,.T.);
#2624 = VERTEX_POINT('',#2625);
#2625 = CARTESIAN_POINT('',(8.874318008636,-10.05194951818,
    1.203987807976));
#2626 = CIRCLE('',#2627,0.275001270003);
#2627 = AXIS2_PLACEMENT_3D('',#2628,#2629,#2630);
#2628 = CARTESIAN_POINT('',(8.729258318517,-10.28558039116,
    1.203987807976));
#2629 = DIRECTION('',(0.,-0.,1.));
#2630 = DIRECTION('',(1.,-3.11469176216E-16,-0.));
#2631 = ORIENTED_EDGE('',*,*,#2632,.F.);
#2632 = EDGE_CURVE('',#2633,#2624,#2635,.T.);
#2633 = VERTEX_POINT('',#2634);
#2634 = CARTESIAN_POINT('',(8.874318008636,-10.05194951818,0.));
#2635 = LINE('',#2636,#2637);
#2636 = CARTESIAN_POINT('',(8.874318008636,-10.05194951818,0.));
#2637 = VECTOR('',#2638,1.);
#2638 = DIRECTION('',(0.,0.,1.));
#2639 = ORIENTED_EDGE('',*,*,#2640,.F.);
#2640 = EDGE_CURVE('',#2600,#2633,#2641,.T.);
#2641 = CIRCLE('',#2642,0.275001270003);
#2642 = AXIS2_PLACEMENT_3D('',#2643,#2644,#2645);
#2643 = CARTESIAN_POINT('',(8.729258318517,-10.28558039116,0.));
#2644 = DIRECTION('',(0.,-0.,1.));
#2645 = DIRECTION('',(1.,-3.11469176216E-16,-0.));
#2646 = CYLINDRICAL_SURFACE('',#2647,0.275001270003);
#2647 = AXIS2_PLACEMENT_3D('',#2648,#2649,#2650);
#2648 = CARTESIAN_POINT('',(8.729258318517,-10.28558039116,0.));
#2649 = DIRECTION('',(-0.,0.,-1.));
#2650 = DIRECTION('',(1.,-3.11469176216E-16,-0.));
#2651 = ADVANCED_FACE('',(#2652),#2677,.T.);
#2652 = FACE_BOUND('',#2653,.T.);
#2653 = EDGE_LOOP('',(#2654,#2655,#2663,#2671));
#2654 = ORIENTED_EDGE('',*,*,#2632,.T.);
#2655 = ORIENTED_EDGE('',*,*,#2656,.T.);
#2656 = EDGE_CURVE('',#2624,#2657,#2659,.T.);
#2657 = VERTEX_POINT('',#2658);
#2658 = CARTESIAN_POINT('',(8.874318008636,-9.669208724127,
    1.203987807976));
#2659 = LINE('',#2660,#2661);
#2660 = CARTESIAN_POINT('',(8.874318008636,-10.05194951818,
    1.203987807976));
#2661 = VECTOR('',#2662,1.);
#2662 = DIRECTION('',(0.,1.,0.));
#2663 = ORIENTED_EDGE('',*,*,#2664,.F.);
#2664 = EDGE_CURVE('',#2665,#2657,#2667,.T.);
#2665 = VERTEX_POINT('',#2666);
#2666 = CARTESIAN_POINT('',(8.874318008636,-9.669208724127,0.));
#2667 = LINE('',#2668,#2669);
#2668 = CARTESIAN_POINT('',(8.874318008636,-9.669208724127,0.));
#2669 = VECTOR('',#2670,1.);
#2670 = DIRECTION('',(0.,0.,1.));
#2671 = ORIENTED_EDGE('',*,*,#2672,.F.);
#2672 = EDGE_CURVE('',#2633,#2665,#2673,.T.);
#2673 = LINE('',#2674,#2675);
#2674 = CARTESIAN_POINT('',(8.874318008636,-10.05194951818,0.));
#2675 = VECTOR('',#2676,1.);
#2676 = DIRECTION('',(0.,1.,0.));
#2677 = PLANE('',#2678);
#2678 = AXIS2_PLACEMENT_3D('',#2679,#2680,#2681);
#2679 = CARTESIAN_POINT('',(8.874318008636,-10.05194951818,0.));
#2680 = DIRECTION('',(-1.,0.,0.));
#2681 = DIRECTION('',(0.,1.,0.));
#2682 = ADVANCED_FACE('',(#2683),#2710,.F.);
#2683 = FACE_BOUND('',#2684,.T.);
#2684 = EDGE_LOOP('',(#2685,#2686,#2695,#2703));
#2685 = ORIENTED_EDGE('',*,*,#2664,.T.);
#2686 = ORIENTED_EDGE('',*,*,#2687,.T.);
#2687 = EDGE_CURVE('',#2657,#2688,#2690,.T.);
#2688 = VERTEX_POINT('',#2689);
#2689 = CARTESIAN_POINT('',(9.004259588519,-9.435577851156,
    1.203987807976));
#2690 = CIRCLE('',#2691,0.275001270003);
#2691 = AXIS2_PLACEMENT_3D('',#2692,#2693,#2694);
#2692 = CARTESIAN_POINT('',(8.729258318517,-9.435577851156,
    1.203987807976));
#2693 = DIRECTION('',(0.,0.,1.));
#2694 = DIRECTION('',(0.527487346215,-0.849562887362,0.));
#2695 = ORIENTED_EDGE('',*,*,#2696,.F.);
#2696 = EDGE_CURVE('',#2697,#2688,#2699,.T.);
#2697 = VERTEX_POINT('',#2698);
#2698 = CARTESIAN_POINT('',(9.004259588519,-9.435577851156,0.));
#2699 = LINE('',#2700,#2701);
#2700 = CARTESIAN_POINT('',(9.004259588519,-9.435577851156,0.));
#2701 = VECTOR('',#2702,1.);
#2702 = DIRECTION('',(0.,0.,1.));
#2703 = ORIENTED_EDGE('',*,*,#2704,.F.);
#2704 = EDGE_CURVE('',#2665,#2697,#2705,.T.);
#2705 = CIRCLE('',#2706,0.275001270003);
#2706 = AXIS2_PLACEMENT_3D('',#2707,#2708,#2709);
#2707 = CARTESIAN_POINT('',(8.729258318517,-9.435577851156,0.));
#2708 = DIRECTION('',(0.,0.,1.));
#2709 = DIRECTION('',(0.527487346215,-0.849562887362,0.));
#2710 = CYLINDRICAL_SURFACE('',#2711,0.275001270003);
#2711 = AXIS2_PLACEMENT_3D('',#2712,#2713,#2714);
#2712 = CARTESIAN_POINT('',(8.729258318517,-9.435577851156,0.));
#2713 = DIRECTION('',(-0.,-0.,-1.));
#2714 = DIRECTION('',(0.527487346215,-0.849562887362,0.));
#2715 = ADVANCED_FACE('',(#2716),#2743,.F.);
#2716 = FACE_BOUND('',#2717,.T.);
#2717 = EDGE_LOOP('',(#2718,#2719,#2728,#2736));
#2718 = ORIENTED_EDGE('',*,*,#2696,.T.);
#2719 = ORIENTED_EDGE('',*,*,#2720,.T.);
#2720 = EDGE_CURVE('',#2688,#2721,#2723,.T.);
#2721 = VERTEX_POINT('',#2722);
#2722 = CARTESIAN_POINT('',(8.874318008636,-9.201946978184,
    1.203987807976));
#2723 = CIRCLE('',#2724,0.275001270003);
#2724 = AXIS2_PLACEMENT_3D('',#2725,#2726,#2727);
#2725 = CARTESIAN_POINT('',(8.729258318517,-9.435577851156,
    1.203987807976));
#2726 = DIRECTION('',(0.,-0.,1.));
#2727 = DIRECTION('',(1.,-3.11469176216E-16,-0.));
#2728 = ORIENTED_EDGE('',*,*,#2729,.F.);
#2729 = EDGE_CURVE('',#2730,#2721,#2732,.T.);
#2730 = VERTEX_POINT('',#2731);
#2731 = CARTESIAN_POINT('',(8.874318008636,-9.201946978184,0.));
#2732 = LINE('',#2733,#2734);
#2733 = CARTESIAN_POINT('',(8.874318008636,-9.201946978184,0.));
#2734 = VECTOR('',#2735,1.);
#2735 = DIRECTION('',(0.,0.,1.));
#2736 = ORIENTED_EDGE('',*,*,#2737,.F.);
#2737 = EDGE_CURVE('',#2697,#2730,#2738,.T.);
#2738 = CIRCLE('',#2739,0.275001270003);
#2739 = AXIS2_PLACEMENT_3D('',#2740,#2741,#2742);
#2740 = CARTESIAN_POINT('',(8.729258318517,-9.435577851156,0.));
#2741 = DIRECTION('',(0.,-0.,1.));
#2742 = DIRECTION('',(1.,-3.11469176216E-16,-0.));
#2743 = CYLINDRICAL_SURFACE('',#2744,0.275001270003);
#2744 = AXIS2_PLACEMENT_3D('',#2745,#2746,#2747);
#2745 = CARTESIAN_POINT('',(8.729258318517,-9.435577851156,0.));
#2746 = DIRECTION('',(-0.,0.,-1.));
#2747 = DIRECTION('',(1.,-3.11469176216E-16,-0.));
#2748 = ADVANCED_FACE('',(#2749),#2774,.T.);
#2749 = FACE_BOUND('',#2750,.T.);
#2750 = EDGE_LOOP('',(#2751,#2752,#2760,#2768));
#2751 = ORIENTED_EDGE('',*,*,#2729,.T.);
#2752 = ORIENTED_EDGE('',*,*,#2753,.T.);
#2753 = EDGE_CURVE('',#2721,#2754,#2756,.T.);
#2754 = VERTEX_POINT('',#2755);
#2755 = CARTESIAN_POINT('',(8.874318008636,-8.819208724127,
    1.203987807976));
#2756 = LINE('',#2757,#2758);
#2757 = CARTESIAN_POINT('',(8.874318008636,-9.201946978184,
    1.203987807976));
#2758 = VECTOR('',#2759,1.);
#2759 = DIRECTION('',(0.,1.,0.));
#2760 = ORIENTED_EDGE('',*,*,#2761,.F.);
#2761 = EDGE_CURVE('',#2762,#2754,#2764,.T.);
#2762 = VERTEX_POINT('',#2763);
#2763 = CARTESIAN_POINT('',(8.874318008636,-8.819208724127,0.));
#2764 = LINE('',#2765,#2766);
#2765 = CARTESIAN_POINT('',(8.874318008636,-8.819208724127,0.));
#2766 = VECTOR('',#2767,1.);
#2767 = DIRECTION('',(0.,0.,1.));
#2768 = ORIENTED_EDGE('',*,*,#2769,.F.);
#2769 = EDGE_CURVE('',#2730,#2762,#2770,.T.);
#2770 = LINE('',#2771,#2772);
#2771 = CARTESIAN_POINT('',(8.874318008636,-9.201946978184,0.));
#2772 = VECTOR('',#2773,1.);
#2773 = DIRECTION('',(0.,1.,0.));
#2774 = PLANE('',#2775);
#2775 = AXIS2_PLACEMENT_3D('',#2776,#2777,#2778);
#2776 = CARTESIAN_POINT('',(8.874318008636,-9.201946978184,0.));
#2777 = DIRECTION('',(-1.,0.,0.));
#2778 = DIRECTION('',(0.,1.,0.));
#2779 = ADVANCED_FACE('',(#2780),#2807,.F.);
#2780 = FACE_BOUND('',#2781,.T.);
#2781 = EDGE_LOOP('',(#2782,#2783,#2792,#2800));
#2782 = ORIENTED_EDGE('',*,*,#2761,.T.);
#2783 = ORIENTED_EDGE('',*,*,#2784,.T.);
#2784 = EDGE_CURVE('',#2754,#2785,#2787,.T.);
#2785 = VERTEX_POINT('',#2786);
#2786 = CARTESIAN_POINT('',(9.004259588519,-8.585577851156,
    1.203987807976));
#2787 = CIRCLE('',#2788,0.275001270003);
#2788 = AXIS2_PLACEMENT_3D('',#2789,#2790,#2791);
#2789 = CARTESIAN_POINT('',(8.729258318517,-8.585577851156,
    1.203987807976));
#2790 = DIRECTION('',(0.,0.,1.));
#2791 = DIRECTION('',(0.527487346215,-0.849562887362,0.));
#2792 = ORIENTED_EDGE('',*,*,#2793,.F.);
#2793 = EDGE_CURVE('',#2794,#2785,#2796,.T.);
#2794 = VERTEX_POINT('',#2795);
#2795 = CARTESIAN_POINT('',(9.004259588519,-8.585577851156,0.));
#2796 = LINE('',#2797,#2798);
#2797 = CARTESIAN_POINT('',(9.004259588519,-8.585577851156,0.));
#2798 = VECTOR('',#2799,1.);
#2799 = DIRECTION('',(0.,0.,1.));
#2800 = ORIENTED_EDGE('',*,*,#2801,.F.);
#2801 = EDGE_CURVE('',#2762,#2794,#2802,.T.);
#2802 = CIRCLE('',#2803,0.275001270003);
#2803 = AXIS2_PLACEMENT_3D('',#2804,#2805,#2806);
#2804 = CARTESIAN_POINT('',(8.729258318517,-8.585577851156,0.));
#2805 = DIRECTION('',(0.,0.,1.));
#2806 = DIRECTION('',(0.527487346215,-0.849562887362,0.));
#2807 = CYLINDRICAL_SURFACE('',#2808,0.275001270003);
#2808 = AXIS2_PLACEMENT_3D('',#2809,#2810,#2811);
#2809 = CARTESIAN_POINT('',(8.729258318517,-8.585577851156,0.));
#2810 = DIRECTION('',(-0.,-0.,-1.));
#2811 = DIRECTION('',(0.527487346215,-0.849562887362,0.));
#2812 = ADVANCED_FACE('',(#2813),#2840,.F.);
#2813 = FACE_BOUND('',#2814,.T.);
#2814 = EDGE_LOOP('',(#2815,#2816,#2825,#2833));
#2815 = ORIENTED_EDGE('',*,*,#2793,.T.);
#2816 = ORIENTED_EDGE('',*,*,#2817,.T.);
#2817 = EDGE_CURVE('',#2785,#2818,#2820,.T.);
#2818 = VERTEX_POINT('',#2819);
#2819 = CARTESIAN_POINT('',(8.874318008636,-8.351946978184,
    1.203987807976));
#2820 = CIRCLE('',#2821,0.275001270003);
#2821 = AXIS2_PLACEMENT_3D('',#2822,#2823,#2824);
#2822 = CARTESIAN_POINT('',(8.729258318517,-8.585577851156,
    1.203987807976));
#2823 = DIRECTION('',(0.,-0.,1.));
#2824 = DIRECTION('',(1.,-3.11469176216E-16,-0.));
#2825 = ORIENTED_EDGE('',*,*,#2826,.F.);
#2826 = EDGE_CURVE('',#2827,#2818,#2829,.T.);
#2827 = VERTEX_POINT('',#2828);
#2828 = CARTESIAN_POINT('',(8.874318008636,-8.351946978184,0.));
#2829 = LINE('',#2830,#2831);
#2830 = CARTESIAN_POINT('',(8.874318008636,-8.351946978184,0.));
#2831 = VECTOR('',#2832,1.);
#2832 = DIRECTION('',(0.,0.,1.));
#2833 = ORIENTED_EDGE('',*,*,#2834,.F.);
#2834 = EDGE_CURVE('',#2794,#2827,#2835,.T.);
#2835 = CIRCLE('',#2836,0.275001270003);
#2836 = AXIS2_PLACEMENT_3D('',#2837,#2838,#2839);
#2837 = CARTESIAN_POINT('',(8.729258318517,-8.585577851156,0.));
#2838 = DIRECTION('',(0.,-0.,1.));
#2839 = DIRECTION('',(1.,-3.11469176216E-16,-0.));
#2840 = CYLINDRICAL_SURFACE('',#2841,0.275001270003);
#2841 = AXIS2_PLACEMENT_3D('',#2842,#2843,#2844);
#2842 = CARTESIAN_POINT('',(8.729258318517,-8.585577851156,0.));
#2843 = DIRECTION('',(-0.,0.,-1.));
#2844 = DIRECTION('',(1.,-3.11469176216E-16,-0.));
#2845 = ADVANCED_FACE('',(#2846),#2871,.T.);
#2846 = FACE_BOUND('',#2847,.T.);
#2847 = EDGE_LOOP('',(#2848,#2849,#2857,#2865));
#2848 = ORIENTED_EDGE('',*,*,#2826,.T.);
#2849 = ORIENTED_EDGE('',*,*,#2850,.T.);
#2850 = EDGE_CURVE('',#2818,#2851,#2853,.T.);
#2851 = VERTEX_POINT('',#2852);
#2852 = CARTESIAN_POINT('',(8.874318008636,-7.969206184122,
    1.203987807976));
#2853 = LINE('',#2854,#2855);
#2854 = CARTESIAN_POINT('',(8.874318008636,-8.351946978184,
    1.203987807976));
#2855 = VECTOR('',#2856,1.);
#2856 = DIRECTION('',(0.,1.,0.));
#2857 = ORIENTED_EDGE('',*,*,#2858,.F.);
#2858 = EDGE_CURVE('',#2859,#2851,#2861,.T.);
#2859 = VERTEX_POINT('',#2860);
#2860 = CARTESIAN_POINT('',(8.874318008636,-7.969206184122,0.));
#2861 = LINE('',#2862,#2863);
#2862 = CARTESIAN_POINT('',(8.874318008636,-7.969206184122,0.));
#2863 = VECTOR('',#2864,1.);
#2864 = DIRECTION('',(0.,0.,1.));
#2865 = ORIENTED_EDGE('',*,*,#2866,.F.);
#2866 = EDGE_CURVE('',#2827,#2859,#2867,.T.);
#2867 = LINE('',#2868,#2869);
#2868 = CARTESIAN_POINT('',(8.874318008636,-8.351946978184,0.));
#2869 = VECTOR('',#2870,1.);
#2870 = DIRECTION('',(0.,1.,0.));
#2871 = PLANE('',#2872);
#2872 = AXIS2_PLACEMENT_3D('',#2873,#2874,#2875);
#2873 = CARTESIAN_POINT('',(8.874318008636,-8.351946978184,0.));
#2874 = DIRECTION('',(-1.,0.,0.));
#2875 = DIRECTION('',(0.,1.,0.));
#2876 = ADVANCED_FACE('',(#2877),#2904,.F.);
#2877 = FACE_BOUND('',#2878,.T.);
#2878 = EDGE_LOOP('',(#2879,#2880,#2889,#2897));
#2879 = ORIENTED_EDGE('',*,*,#2858,.T.);
#2880 = ORIENTED_EDGE('',*,*,#2881,.T.);
#2881 = EDGE_CURVE('',#2851,#2882,#2884,.T.);
#2882 = VERTEX_POINT('',#2883);
#2883 = CARTESIAN_POINT('',(9.004259588519,-7.735575311151,
    1.203987807976));
#2884 = CIRCLE('',#2885,0.275001270003);
#2885 = AXIS2_PLACEMENT_3D('',#2886,#2887,#2888);
#2886 = CARTESIAN_POINT('',(8.729258318517,-7.735575311151,
    1.203987807976));
#2887 = DIRECTION('',(0.,0.,1.));
#2888 = DIRECTION('',(0.527487346215,-0.849562887362,0.));
#2889 = ORIENTED_EDGE('',*,*,#2890,.F.);
#2890 = EDGE_CURVE('',#2891,#2882,#2893,.T.);
#2891 = VERTEX_POINT('',#2892);
#2892 = CARTESIAN_POINT('',(9.004259588519,-7.735575311151,0.));
#2893 = LINE('',#2894,#2895);
#2894 = CARTESIAN_POINT('',(9.004259588519,-7.735575311151,0.));
#2895 = VECTOR('',#2896,1.);
#2896 = DIRECTION('',(0.,0.,1.));
#2897 = ORIENTED_EDGE('',*,*,#2898,.F.);
#2898 = EDGE_CURVE('',#2859,#2891,#2899,.T.);
#2899 = CIRCLE('',#2900,0.275001270003);
#2900 = AXIS2_PLACEMENT_3D('',#2901,#2902,#2903);
#2901 = CARTESIAN_POINT('',(8.729258318517,-7.735575311151,0.));
#2902 = DIRECTION('',(0.,0.,1.));
#2903 = DIRECTION('',(0.527487346215,-0.849562887362,0.));
#2904 = CYLINDRICAL_SURFACE('',#2905,0.275001270003);
#2905 = AXIS2_PLACEMENT_3D('',#2906,#2907,#2908);
#2906 = CARTESIAN_POINT('',(8.729258318517,-7.735575311151,0.));
#2907 = DIRECTION('',(-0.,-0.,-1.));
#2908 = DIRECTION('',(0.527487346215,-0.849562887362,0.));
#2909 = ADVANCED_FACE('',(#2910),#2937,.F.);
#2910 = FACE_BOUND('',#2911,.T.);
#2911 = EDGE_LOOP('',(#2912,#2913,#2922,#2930));
#2912 = ORIENTED_EDGE('',*,*,#2890,.T.);
#2913 = ORIENTED_EDGE('',*,*,#2914,.T.);
#2914 = EDGE_CURVE('',#2882,#2915,#2917,.T.);
#2915 = VERTEX_POINT('',#2916);
#2916 = CARTESIAN_POINT('',(8.874318008636,-7.501944438179,
    1.203987807976));
#2917 = CIRCLE('',#2918,0.275001270003);
#2918 = AXIS2_PLACEMENT_3D('',#2919,#2920,#2921);
#2919 = CARTESIAN_POINT('',(8.729258318517,-7.735575311151,
    1.203987807976));
#2920 = DIRECTION('',(0.,-0.,1.));
#2921 = DIRECTION('',(1.,-3.11469176216E-16,-0.));
#2922 = ORIENTED_EDGE('',*,*,#2923,.F.);
#2923 = EDGE_CURVE('',#2924,#2915,#2926,.T.);
#2924 = VERTEX_POINT('',#2925);
#2925 = CARTESIAN_POINT('',(8.874318008636,-7.501944438179,0.));
#2926 = LINE('',#2927,#2928);
#2927 = CARTESIAN_POINT('',(8.874318008636,-7.501944438179,0.));
#2928 = VECTOR('',#2929,1.);
#2929 = DIRECTION('',(0.,0.,1.));
#2930 = ORIENTED_EDGE('',*,*,#2931,.F.);
#2931 = EDGE_CURVE('',#2891,#2924,#2932,.T.);
#2932 = CIRCLE('',#2933,0.275001270003);
#2933 = AXIS2_PLACEMENT_3D('',#2934,#2935,#2936);
#2934 = CARTESIAN_POINT('',(8.729258318517,-7.735575311151,0.));
#2935 = DIRECTION('',(0.,-0.,1.));
#2936 = DIRECTION('',(1.,-3.11469176216E-16,-0.));
#2937 = CYLINDRICAL_SURFACE('',#2938,0.275001270003);
#2938 = AXIS2_PLACEMENT_3D('',#2939,#2940,#2941);
#2939 = CARTESIAN_POINT('',(8.729258318517,-7.735575311151,0.));
#2940 = DIRECTION('',(-0.,0.,-1.));
#2941 = DIRECTION('',(1.,-3.11469176216E-16,-0.));
#2942 = ADVANCED_FACE('',(#2943),#2968,.T.);
#2943 = FACE_BOUND('',#2944,.T.);
#2944 = EDGE_LOOP('',(#2945,#2946,#2954,#2962));
#2945 = ORIENTED_EDGE('',*,*,#2923,.T.);
#2946 = ORIENTED_EDGE('',*,*,#2947,.T.);
#2947 = EDGE_CURVE('',#2915,#2948,#2950,.T.);
#2948 = VERTEX_POINT('',#2949);
#2949 = CARTESIAN_POINT('',(8.874318008636,-7.119203644117,
    1.203987807976));
#2950 = LINE('',#2951,#2952);
#2951 = CARTESIAN_POINT('',(8.874318008636,-7.501944438179,
    1.203987807976));
#2952 = VECTOR('',#2953,1.);
#2953 = DIRECTION('',(0.,1.,0.));
#2954 = ORIENTED_EDGE('',*,*,#2955,.F.);
#2955 = EDGE_CURVE('',#2956,#2948,#2958,.T.);
#2956 = VERTEX_POINT('',#2957);
#2957 = CARTESIAN_POINT('',(8.874318008636,-7.119203644117,0.));
#2958 = LINE('',#2959,#2960);
#2959 = CARTESIAN_POINT('',(8.874318008636,-7.119203644117,0.));
#2960 = VECTOR('',#2961,1.);
#2961 = DIRECTION('',(0.,0.,1.));
#2962 = ORIENTED_EDGE('',*,*,#2963,.F.);
#2963 = EDGE_CURVE('',#2924,#2956,#2964,.T.);
#2964 = LINE('',#2965,#2966);
#2965 = CARTESIAN_POINT('',(8.874318008636,-7.501944438179,0.));
#2966 = VECTOR('',#2967,1.);
#2967 = DIRECTION('',(0.,1.,0.));
#2968 = PLANE('',#2969);
#2969 = AXIS2_PLACEMENT_3D('',#2970,#2971,#2972);
#2970 = CARTESIAN_POINT('',(8.874318008636,-7.501944438179,0.));
#2971 = DIRECTION('',(-1.,0.,0.));
#2972 = DIRECTION('',(0.,1.,0.));
#2973 = ADVANCED_FACE('',(#2974),#3001,.F.);
#2974 = FACE_BOUND('',#2975,.T.);
#2975 = EDGE_LOOP('',(#2976,#2977,#2986,#2994));
#2976 = ORIENTED_EDGE('',*,*,#2955,.T.);
#2977 = ORIENTED_EDGE('',*,*,#2978,.T.);
#2978 = EDGE_CURVE('',#2948,#2979,#2981,.T.);
#2979 = VERTEX_POINT('',#2980);
#2980 = CARTESIAN_POINT('',(9.004259588519,-6.885572771146,
    1.203987807976));
#2981 = CIRCLE('',#2982,0.275001270003);
#2982 = AXIS2_PLACEMENT_3D('',#2983,#2984,#2985);
#2983 = CARTESIAN_POINT('',(8.729258318517,-6.885572771146,
    1.203987807976));
#2984 = DIRECTION('',(0.,0.,1.));
#2985 = DIRECTION('',(0.527487346215,-0.849562887362,0.));
#2986 = ORIENTED_EDGE('',*,*,#2987,.F.);
#2987 = EDGE_CURVE('',#2988,#2979,#2990,.T.);
#2988 = VERTEX_POINT('',#2989);
#2989 = CARTESIAN_POINT('',(9.004259588519,-6.885572771146,0.));
#2990 = LINE('',#2991,#2992);
#2991 = CARTESIAN_POINT('',(9.004259588519,-6.885572771146,0.));
#2992 = VECTOR('',#2993,1.);
#2993 = DIRECTION('',(0.,0.,1.));
#2994 = ORIENTED_EDGE('',*,*,#2995,.F.);
#2995 = EDGE_CURVE('',#2956,#2988,#2996,.T.);
#2996 = CIRCLE('',#2997,0.275001270003);
#2997 = AXIS2_PLACEMENT_3D('',#2998,#2999,#3000);
#2998 = CARTESIAN_POINT('',(8.729258318517,-6.885572771146,0.));
#2999 = DIRECTION('',(0.,0.,1.));
#3000 = DIRECTION('',(0.527487346215,-0.849562887362,0.));
#3001 = CYLINDRICAL_SURFACE('',#3002,0.275001270003);
#3002 = AXIS2_PLACEMENT_3D('',#3003,#3004,#3005);
#3003 = CARTESIAN_POINT('',(8.729258318517,-6.885572771146,0.));
#3004 = DIRECTION('',(-0.,-0.,-1.));
#3005 = DIRECTION('',(0.527487346215,-0.849562887362,0.));
#3006 = ADVANCED_FACE('',(#3007),#3034,.F.);
#3007 = FACE_BOUND('',#3008,.T.);
#3008 = EDGE_LOOP('',(#3009,#3010,#3019,#3027));
#3009 = ORIENTED_EDGE('',*,*,#2987,.T.);
#3010 = ORIENTED_EDGE('',*,*,#3011,.T.);
#3011 = EDGE_CURVE('',#2979,#3012,#3014,.T.);
#3012 = VERTEX_POINT('',#3013);
#3013 = CARTESIAN_POINT('',(8.874318008636,-6.651941898174,
    1.203987807976));
#3014 = CIRCLE('',#3015,0.275001270003);
#3015 = AXIS2_PLACEMENT_3D('',#3016,#3017,#3018);
#3016 = CARTESIAN_POINT('',(8.729258318517,-6.885572771146,
    1.203987807976));
#3017 = DIRECTION('',(0.,-0.,1.));
#3018 = DIRECTION('',(1.,-3.11469176216E-16,-0.));
#3019 = ORIENTED_EDGE('',*,*,#3020,.F.);
#3020 = EDGE_CURVE('',#3021,#3012,#3023,.T.);
#3021 = VERTEX_POINT('',#3022);
#3022 = CARTESIAN_POINT('',(8.874318008636,-6.651941898174,0.));
#3023 = LINE('',#3024,#3025);
#3024 = CARTESIAN_POINT('',(8.874318008636,-6.651941898174,0.));
#3025 = VECTOR('',#3026,1.);
#3026 = DIRECTION('',(0.,0.,1.));
#3027 = ORIENTED_EDGE('',*,*,#3028,.F.);
#3028 = EDGE_CURVE('',#2988,#3021,#3029,.T.);
#3029 = CIRCLE('',#3030,0.275001270003);
#3030 = AXIS2_PLACEMENT_3D('',#3031,#3032,#3033);
#3031 = CARTESIAN_POINT('',(8.729258318517,-6.885572771146,0.));
#3032 = DIRECTION('',(0.,-0.,1.));
#3033 = DIRECTION('',(1.,-3.11469176216E-16,-0.));
#3034 = CYLINDRICAL_SURFACE('',#3035,0.275001270003);
#3035 = AXIS2_PLACEMENT_3D('',#3036,#3037,#3038);
#3036 = CARTESIAN_POINT('',(8.729258318517,-6.885572771146,0.));
#3037 = DIRECTION('',(-0.,0.,-1.));
#3038 = DIRECTION('',(1.,-3.11469176216E-16,-0.));
#3039 = ADVANCED_FACE('',(#3040),#3065,.T.);
#3040 = FACE_BOUND('',#3041,.T.);
#3041 = EDGE_LOOP('',(#3042,#3043,#3051,#3059));
#3042 = ORIENTED_EDGE('',*,*,#3020,.T.);
#3043 = ORIENTED_EDGE('',*,*,#3044,.T.);
#3044 = EDGE_CURVE('',#3012,#3045,#3047,.T.);
#3045 = VERTEX_POINT('',#3046);
#3046 = CARTESIAN_POINT('',(8.874318008636,-4.300008890018,
    1.203987807976));
#3047 = LINE('',#3048,#3049);
#3048 = CARTESIAN_POINT('',(8.874318008636,-6.651941898174,
    1.203987807976));
#3049 = VECTOR('',#3050,1.);
#3050 = DIRECTION('',(-7.552752706987E-16,1.,0.));
#3051 = ORIENTED_EDGE('',*,*,#3052,.F.);
#3052 = EDGE_CURVE('',#3053,#3045,#3055,.T.);
#3053 = VERTEX_POINT('',#3054);
#3054 = CARTESIAN_POINT('',(8.874318008636,-4.300008890018,0.));
#3055 = LINE('',#3056,#3057);
#3056 = CARTESIAN_POINT('',(8.874318008636,-4.300008890018,0.));
#3057 = VECTOR('',#3058,1.);
#3058 = DIRECTION('',(0.,0.,1.));
#3059 = ORIENTED_EDGE('',*,*,#3060,.F.);
#3060 = EDGE_CURVE('',#3021,#3053,#3061,.T.);
#3061 = LINE('',#3062,#3063);
#3062 = CARTESIAN_POINT('',(8.874318008636,-6.651941898174,0.));
#3063 = VECTOR('',#3064,1.);
#3064 = DIRECTION('',(-7.552752706987E-16,1.,0.));
#3065 = PLANE('',#3066);
#3066 = AXIS2_PLACEMENT_3D('',#3067,#3068,#3069);
#3067 = CARTESIAN_POINT('',(8.874318008636,-6.651941898174,0.));
#3068 = DIRECTION('',(-1.,-7.552752706987E-16,0.));
#3069 = DIRECTION('',(-7.552752706987E-16,1.,0.));
#3070 = ADVANCED_FACE('',(#3071),#3089,.T.);
#3071 = FACE_BOUND('',#3072,.T.);
#3072 = EDGE_LOOP('',(#3073,#3074,#3081,#3082));
#3073 = ORIENTED_EDGE('',*,*,#3052,.T.);
#3074 = ORIENTED_EDGE('',*,*,#3075,.T.);
#3075 = EDGE_CURVE('',#3045,#2294,#3076,.T.);
#3076 = CIRCLE('',#3077,4.287308864618);
#3077 = AXIS2_PLACEMENT_3D('',#3078,#3079,#3080);
#3078 = CARTESIAN_POINT('',(13.161626873254,-4.300008890018,
    1.203987807976));
#3079 = DIRECTION('',(0.,0.,-1.));
#3080 = DIRECTION('',(-1.,-4.394623783627E-16,-0.));
#3081 = ORIENTED_EDGE('',*,*,#2291,.F.);
#3082 = ORIENTED_EDGE('',*,*,#3083,.F.);
#3083 = EDGE_CURVE('',#3053,#2292,#3084,.T.);
#3084 = CIRCLE('',#3085,4.287308864618);
#3085 = AXIS2_PLACEMENT_3D('',#3086,#3087,#3088);
#3086 = CARTESIAN_POINT('',(13.161626873254,-4.300008890018,0.));
#3087 = DIRECTION('',(0.,0.,-1.));
#3088 = DIRECTION('',(-1.,-4.394623783627E-16,-0.));
#3089 = CYLINDRICAL_SURFACE('',#3090,4.287308864618);
#3090 = AXIS2_PLACEMENT_3D('',#3091,#3092,#3093);
#3091 = CARTESIAN_POINT('',(13.161626873254,-4.300008890018,0.));
#3092 = DIRECTION('',(0.,0.,-1.));
#3093 = DIRECTION('',(-1.,-4.394623783627E-16,-0.));
#3094 = ADVANCED_FACE('',(#3095),#3122,.T.);
#3095 = FACE_BOUND('',#3096,.T.);
#3096 = EDGE_LOOP('',(#3097,#3098,#3099,#3100,#3101,#3102,#3103,#3104,
    #3105,#3106,#3107,#3108,#3109,#3110,#3111,#3112,#3113,#3114,#3115,
    #3116,#3117,#3118,#3119,#3120,#3121));
#3097 = ORIENTED_EDGE('',*,*,#2318,.T.);
#3098 = ORIENTED_EDGE('',*,*,#2350,.T.);
#3099 = ORIENTED_EDGE('',*,*,#2382,.T.);
#3100 = ORIENTED_EDGE('',*,*,#2415,.T.);
#3101 = ORIENTED_EDGE('',*,*,#2447,.T.);
#3102 = ORIENTED_EDGE('',*,*,#2478,.T.);
#3103 = ORIENTED_EDGE('',*,*,#2510,.T.);
#3104 = ORIENTED_EDGE('',*,*,#2543,.T.);
#3105 = ORIENTED_EDGE('',*,*,#2575,.T.);
#3106 = ORIENTED_EDGE('',*,*,#2607,.T.);
#3107 = ORIENTED_EDGE('',*,*,#2640,.T.);
#3108 = ORIENTED_EDGE('',*,*,#2672,.T.);
#3109 = ORIENTED_EDGE('',*,*,#2704,.T.);
#3110 = ORIENTED_EDGE('',*,*,#2737,.T.);
#3111 = ORIENTED_EDGE('',*,*,#2769,.T.);
#3112 = ORIENTED_EDGE('',*,*,#2801,.T.);
#3113 = ORIENTED_EDGE('',*,*,#2834,.T.);
#3114 = ORIENTED_EDGE('',*,*,#2866,.T.);
#3115 = ORIENTED_EDGE('',*,*,#2898,.T.);
#3116 = ORIENTED_EDGE('',*,*,#2931,.T.);
#3117 = ORIENTED_EDGE('',*,*,#2963,.T.);
#3118 = ORIENTED_EDGE('',*,*,#2995,.T.);
#3119 = ORIENTED_EDGE('',*,*,#3028,.T.);
#3120 = ORIENTED_EDGE('',*,*,#3060,.T.);
#3121 = ORIENTED_EDGE('',*,*,#3083,.T.);
#3122 = PLANE('',#3123);
#3123 = AXIS2_PLACEMENT_3D('',#3124,#3125,#3126);
#3124 = CARTESIAN_POINT('',(13.127129353328,-11.96215197981,0.));
#3125 = DIRECTION('',(-0.,-0.,-1.));
#3126 = DIRECTION('',(-1.,0.,0.));
#3127 = ADVANCED_FACE('',(#3128),#3155,.F.);
#3128 = FACE_BOUND('',#3129,.F.);
#3129 = EDGE_LOOP('',(#3130,#3131,#3132,#3133,#3134,#3135,#3136,#3137,
    #3138,#3139,#3140,#3141,#3142,#3143,#3144,#3145,#3146,#3147,#3148,
    #3149,#3150,#3151,#3152,#3153,#3154));
#3130 = ORIENTED_EDGE('',*,*,#2301,.T.);
#3131 = ORIENTED_EDGE('',*,*,#2334,.T.);
#3132 = ORIENTED_EDGE('',*,*,#2365,.T.);
#3133 = ORIENTED_EDGE('',*,*,#2398,.T.);
#3134 = ORIENTED_EDGE('',*,*,#2431,.T.);
#3135 = ORIENTED_EDGE('',*,*,#2462,.T.);
#3136 = ORIENTED_EDGE('',*,*,#2493,.T.);
#3137 = ORIENTED_EDGE('',*,*,#2526,.T.);
#3138 = ORIENTED_EDGE('',*,*,#2559,.T.);
#3139 = ORIENTED_EDGE('',*,*,#2590,.T.);
#3140 = ORIENTED_EDGE('',*,*,#2623,.T.);
#3141 = ORIENTED_EDGE('',*,*,#2656,.T.);
#3142 = ORIENTED_EDGE('',*,*,#2687,.T.);
#3143 = ORIENTED_EDGE('',*,*,#2720,.T.);
#3144 = ORIENTED_EDGE('',*,*,#2753,.T.);
#3145 = ORIENTED_EDGE('',*,*,#2784,.T.);
#3146 = ORIENTED_EDGE('',*,*,#2817,.T.);
#3147 = ORIENTED_EDGE('',*,*,#2850,.T.);
#3148 = ORIENTED_EDGE('',*,*,#2881,.T.);
#3149 = ORIENTED_EDGE('',*,*,#2914,.T.);
#3150 = ORIENTED_EDGE('',*,*,#2947,.T.);
#3151 = ORIENTED_EDGE('',*,*,#2978,.T.);
#3152 = ORIENTED_EDGE('',*,*,#3011,.T.);
#3153 = ORIENTED_EDGE('',*,*,#3044,.T.);
#3154 = ORIENTED_EDGE('',*,*,#3075,.T.);
#3155 = PLANE('',#3156);
#3156 = AXIS2_PLACEMENT_3D('',#3157,#3158,#3159);
#3157 = CARTESIAN_POINT('',(13.127129353328,-11.96215197981,
    1.203987807976));
#3158 = DIRECTION('',(-0.,-0.,-1.));
#3159 = DIRECTION('',(-1.,0.,0.));
#3160 = ( GEOMETRIC_REPRESENTATION_CONTEXT(3) 
GLOBAL_UNCERTAINTY_ASSIGNED_CONTEXT((#3164)) 
GLOBAL_UNIT_ASSIGNED_CONTEXT((#3161,#3162,#3163)) REPRESENTATION_CONTEXT
('Context #1','3D Context with UNIT and UNCERTAINTY') );
#3161 = ( LENGTH_UNIT() NAMED_UNIT(*) SI_UNIT(.MILLI.,.METRE.) );
#3162 = ( NAMED_UNIT(*) PLANE_ANGLE_UNIT() SI_UNIT($,.RADIAN.) );
#3163 = ( NAMED_UNIT(*) SI_UNIT($,.STERADIAN.) SOLID_ANGLE_UNIT() );
#3164 = UNCERTAINTY_MEASURE_WITH_UNIT(LENGTH_MEASURE(1.E-07),#3161,
  'distance_accuracy_value','confusion accuracy');
#3165 = CONTEXT_DEPENDENT_SHAPE_REPRESENTATION(#3166,#3168);
#3166 = ( REPRESENTATION_RELATIONSHIP('','',#56,#10) 
REPRESENTATION_RELATIONSHIP_WITH_TRANSFORMATION(#3167) 
SHAPE_REPRESENTATION_RELATIONSHIP() );
#3167 = ITEM_DEFINED_TRANSFORMATION('','',#11,#15);
#3168 = PRODUCT_DEFINITION_SHAPE('Placement','Placement of an item',
  #3169);
#3169 = NEXT_ASSEMBLY_USAGE_OCCURRENCE('1','=>[0:1:1:2]','',#5,#51,$);
#3170 = PRODUCT_RELATED_PRODUCT_CATEGORY('part',$,(#53));
#3171 = SHAPE_DEFINITION_REPRESENTATION(#3172,#3178);
#3172 = PRODUCT_DEFINITION_SHAPE('','',#3173);
#3173 = PRODUCT_DEFINITION('design','',#3174,#3177);
#3174 = PRODUCT_DEFINITION_FORMATION('','',#3175);
#3175 = PRODUCT('TopCopper~RZhH','TopCopper~RZhH','',(#3176));
#3176 = PRODUCT_CONTEXT('',#2,'mechanical');
#3177 = PRODUCT_DEFINITION_CONTEXT('part definition',#2,'design');
#3178 = SHAPE_REPRESENTATION('',(#11),#3179);
#3179 = ( GEOMETRIC_REPRESENTATION_CONTEXT(3) 
GLOBAL_UNCERTAINTY_ASSIGNED_CONTEXT((#3183)) 
GLOBAL_UNIT_ASSIGNED_CONTEXT((#3180,#3181,#3182)) REPRESENTATION_CONTEXT
('Context #1','3D Context with UNIT and UNCERTAINTY') );
#3180 = ( LENGTH_UNIT() NAMED_UNIT(*) SI_UNIT(.MILLI.,.METRE.) );
#3181 = ( NAMED_UNIT(*) PLANE_ANGLE_UNIT() SI_UNIT($,.RADIAN.) );
#3182 = ( NAMED_UNIT(*) SI_UNIT($,.STERADIAN.) SOLID_ANGLE_UNIT() );
#3183 = UNCERTAINTY_MEASURE_WITH_UNIT(LENGTH_MEASURE(1.E-07),#3180,
  'distance_accuracy_value','confusion accuracy');
#3184 = CONTEXT_DEPENDENT_SHAPE_REPRESENTATION(#3185,#3187);
#3185 = ( REPRESENTATION_RELATIONSHIP('','',#3178,#10) 
REPRESENTATION_RELATIONSHIP_WITH_TRANSFORMATION(#3186) 
SHAPE_REPRESENTATION_RELATIONSHIP() );
#3186 = ITEM_DEFINED_TRANSFORMATION('','',#11,#19);
#3187 = PRODUCT_DEFINITION_SHAPE('Placement','Placement of an item',
  #3188);
#3188 = NEXT_ASSEMBLY_USAGE_OCCURRENCE('2','=>[0:1:1:3]','',#5,#3173,$);
#3189 = PRODUCT_RELATED_PRODUCT_CATEGORY('part',$,(#3175));
#3190 = SHAPE_DEFINITION_REPRESENTATION(#3191,#3197);
#3191 = PRODUCT_DEFINITION_SHAPE('','',#3192);
#3192 = PRODUCT_DEFINITION('design','',#3193,#3196);
#3193 = PRODUCT_DEFINITION_FORMATION('','',#3194);
#3194 = PRODUCT('BottomCopper~RZhH','BottomCopper~RZhH','',(#3195));
#3195 = PRODUCT_CONTEXT('',#2,'mechanical');
#3196 = PRODUCT_DEFINITION_CONTEXT('part definition',#2,'design');
#3197 = SHAPE_REPRESENTATION('',(#11),#3198);
#3198 = ( GEOMETRIC_REPRESENTATION_CONTEXT(3) 
GLOBAL_UNCERTAINTY_ASSIGNED_CONTEXT((#3202)) 
GLOBAL_UNIT_ASSIGNED_CONTEXT((#3199,#3200,#3201)) REPRESENTATION_CONTEXT
('Context #1','3D Context with UNIT and UNCERTAINTY') );
#3199 = ( LENGTH_UNIT() NAMED_UNIT(*) SI_UNIT(.MILLI.,.METRE.) );
#3200 = ( NAMED_UNIT(*) PLANE_ANGLE_UNIT() SI_UNIT($,.RADIAN.) );
#3201 = ( NAMED_UNIT(*) SI_UNIT($,.STERADIAN.) SOLID_ANGLE_UNIT() );
#3202 = UNCERTAINTY_MEASURE_WITH_UNIT(LENGTH_MEASURE(1.E-07),#3199,
  'distance_accuracy_value','confusion accuracy');
#3203 = CONTEXT_DEPENDENT_SHAPE_REPRESENTATION(#3204,#3206);
#3204 = ( REPRESENTATION_RELATIONSHIP('','',#3197,#10) 
REPRESENTATION_RELATIONSHIP_WITH_TRANSFORMATION(#3205) 
SHAPE_REPRESENTATION_RELATIONSHIP() );
#3205 = ITEM_DEFINED_TRANSFORMATION('','',#11,#23);
#3206 = PRODUCT_DEFINITION_SHAPE('Placement','Placement of an item',
  #3207);
#3207 = NEXT_ASSEMBLY_USAGE_OCCURRENCE('3','=>[0:1:1:4]','',#5,#3192,$);
#3208 = PRODUCT_RELATED_PRODUCT_CATEGORY('part',$,(#3194));
#3209 = SHAPE_DEFINITION_REPRESENTATION(#3210,#3216);
#3210 = PRODUCT_DEFINITION_SHAPE('','',#3211);
#3211 = PRODUCT_DEFINITION('design','',#3212,#3215);
#3212 = PRODUCT_DEFINITION_FORMATION('','',#3213);
#3213 = PRODUCT('TopSilkscreen~RZhH','TopSilkscreen~RZhH','',(#3214));
#3214 = PRODUCT_CONTEXT('',#2,'mechanical');
#3215 = PRODUCT_DEFINITION_CONTEXT('part definition',#2,'design');
#3216 = SHAPE_REPRESENTATION('',(#11),#3217);
#3217 = ( GEOMETRIC_REPRESENTATION_CONTEXT(3) 
GLOBAL_UNCERTAINTY_ASSIGNED_CONTEXT((#3221)) 
GLOBAL_UNIT_ASSIGNED_CONTEXT((#3218,#3219,#3220)) REPRESENTATION_CONTEXT
('Context #1','3D Context with UNIT and UNCERTAINTY') );
#3218 = ( LENGTH_UNIT() NAMED_UNIT(*) SI_UNIT(.MILLI.,.METRE.) );
#3219 = ( NAMED_UNIT(*) PLANE_ANGLE_UNIT() SI_UNIT($,.RADIAN.) );
#3220 = ( NAMED_UNIT(*) SI_UNIT($,.STERADIAN.) SOLID_ANGLE_UNIT() );
#3221 = UNCERTAINTY_MEASURE_WITH_UNIT(LENGTH_MEASURE(1.E-07),#3218,
  'distance_accuracy_value','confusion accuracy');
#3222 = CONTEXT_DEPENDENT_SHAPE_REPRESENTATION(#3223,#3225);
#3223 = ( REPRESENTATION_RELATIONSHIP('','',#3216,#10) 
REPRESENTATION_RELATIONSHIP_WITH_TRANSFORMATION(#3224) 
SHAPE_REPRESENTATION_RELATIONSHIP() );
#3224 = ITEM_DEFINED_TRANSFORMATION('','',#11,#27);
#3225 = PRODUCT_DEFINITION_SHAPE('Placement','Placement of an item',
  #3226);
#3226 = NEXT_ASSEMBLY_USAGE_OCCURRENCE('4','=>[0:1:1:5]','',#5,#3211,$);
#3227 = PRODUCT_RELATED_PRODUCT_CATEGORY('part',$,(#3213));
#3228 = SHAPE_DEFINITION_REPRESENTATION(#3229,#3235);
#3229 = PRODUCT_DEFINITION_SHAPE('','',#3230);
#3230 = PRODUCT_DEFINITION('design','',#3231,#3234);
#3231 = PRODUCT_DEFINITION_FORMATION('','',#3232);
#3232 = PRODUCT('BottomSilkscreen~RZhH','BottomSilkscreen~RZhH','',(
    #3233));
#3233 = PRODUCT_CONTEXT('',#2,'mechanical');
#3234 = PRODUCT_DEFINITION_CONTEXT('part definition',#2,'design');
#3235 = SHAPE_REPRESENTATION('',(#11),#3236);
#3236 = ( GEOMETRIC_REPRESENTATION_CONTEXT(3) 
GLOBAL_UNCERTAINTY_ASSIGNED_CONTEXT((#3240)) 
GLOBAL_UNIT_ASSIGNED_CONTEXT((#3237,#3238,#3239)) REPRESENTATION_CONTEXT
('Context #1','3D Context with UNIT and UNCERTAINTY') );
#3237 = ( LENGTH_UNIT() NAMED_UNIT(*) SI_UNIT(.MILLI.,.METRE.) );
#3238 = ( NAMED_UNIT(*) PLANE_ANGLE_UNIT() SI_UNIT($,.RADIAN.) );
#3239 = ( NAMED_UNIT(*) SI_UNIT($,.STERADIAN.) SOLID_ANGLE_UNIT() );
#3240 = UNCERTAINTY_MEASURE_WITH_UNIT(LENGTH_MEASURE(1.E-07),#3237,
  'distance_accuracy_value','confusion accuracy');
#3241 = CONTEXT_DEPENDENT_SHAPE_REPRESENTATION(#3242,#3244);
#3242 = ( REPRESENTATION_RELATIONSHIP('','',#3235,#10) 
REPRESENTATION_RELATIONSHIP_WITH_TRANSFORMATION(#3243) 
SHAPE_REPRESENTATION_RELATIONSHIP() );
#3243 = ITEM_DEFINED_TRANSFORMATION('','',#11,#31);
#3244 = PRODUCT_DEFINITION_SHAPE('Placement','Placement of an item',
  #3245);
#3245 = NEXT_ASSEMBLY_USAGE_OCCURRENCE('5','=>[0:1:1:6]','',#5,#3230,$);
#3246 = PRODUCT_RELATED_PRODUCT_CATEGORY('part',$,(#3232));
#3247 = SHAPE_DEFINITION_REPRESENTATION(#3248,#3254);
#3248 = PRODUCT_DEFINITION_SHAPE('','',#3249);
#3249 = PRODUCT_DEFINITION('design','',#3250,#3253);
#3250 = PRODUCT_DEFINITION_FORMATION('','',#3251);
#3251 = PRODUCT('TopFpcStiffener~RZhH','TopFpcStiffener~RZhH','',(#3252)
  );
#3252 = PRODUCT_CONTEXT('',#2,'mechanical');
#3253 = PRODUCT_DEFINITION_CONTEXT('part definition',#2,'design');
#3254 = SHAPE_REPRESENTATION('',(#11),#3255);
#3255 = ( GEOMETRIC_REPRESENTATION_CONTEXT(3) 
GLOBAL_UNCERTAINTY_ASSIGNED_CONTEXT((#3259)) 
GLOBAL_UNIT_ASSIGNED_CONTEXT((#3256,#3257,#3258)) REPRESENTATION_CONTEXT
('Context #1','3D Context with UNIT and UNCERTAINTY') );
#3256 = ( LENGTH_UNIT() NAMED_UNIT(*) SI_UNIT(.MILLI.,.METRE.) );
#3257 = ( NAMED_UNIT(*) PLANE_ANGLE_UNIT() SI_UNIT($,.RADIAN.) );
#3258 = ( NAMED_UNIT(*) SI_UNIT($,.STERADIAN.) SOLID_ANGLE_UNIT() );
#3259 = UNCERTAINTY_MEASURE_WITH_UNIT(LENGTH_MEASURE(1.E-07),#3256,
  'distance_accuracy_value','confusion accuracy');
#3260 = CONTEXT_DEPENDENT_SHAPE_REPRESENTATION(#3261,#3263);
#3261 = ( REPRESENTATION_RELATIONSHIP('','',#3254,#10) 
REPRESENTATION_RELATIONSHIP_WITH_TRANSFORMATION(#3262) 
SHAPE_REPRESENTATION_RELATIONSHIP() );
#3262 = ITEM_DEFINED_TRANSFORMATION('','',#11,#35);
#3263 = PRODUCT_DEFINITION_SHAPE('Placement','Placement of an item',
  #3264);
#3264 = NEXT_ASSEMBLY_USAGE_OCCURRENCE('6','=>[0:1:1:7]','',#5,#3249,$);
#3265 = PRODUCT_RELATED_PRODUCT_CATEGORY('part',$,(#3251));
#3266 = SHAPE_DEFINITION_REPRESENTATION(#3267,#3273);
#3267 = PRODUCT_DEFINITION_SHAPE('','',#3268);
#3268 = PRODUCT_DEFINITION('design','',#3269,#3272);
#3269 = PRODUCT_DEFINITION_FORMATION('','',#3270);
#3270 = PRODUCT('BottomFpcStiffener~RZhH','BottomFpcStiffener~RZhH','',(
    #3271));
#3271 = PRODUCT_CONTEXT('',#2,'mechanical');
#3272 = PRODUCT_DEFINITION_CONTEXT('part definition',#2,'design');
#3273 = SHAPE_REPRESENTATION('',(#11),#3274);
#3274 = ( GEOMETRIC_REPRESENTATION_CONTEXT(3) 
GLOBAL_UNCERTAINTY_ASSIGNED_CONTEXT((#3278)) 
GLOBAL_UNIT_ASSIGNED_CONTEXT((#3275,#3276,#3277)) REPRESENTATION_CONTEXT
('Context #1','3D Context with UNIT and UNCERTAINTY') );
#3275 = ( LENGTH_UNIT() NAMED_UNIT(*) SI_UNIT(.MILLI.,.METRE.) );
#3276 = ( NAMED_UNIT(*) PLANE_ANGLE_UNIT() SI_UNIT($,.RADIAN.) );
#3277 = ( NAMED_UNIT(*) SI_UNIT($,.STERADIAN.) SOLID_ANGLE_UNIT() );
#3278 = UNCERTAINTY_MEASURE_WITH_UNIT(LENGTH_MEASURE(1.E-07),#3275,
  'distance_accuracy_value','confusion accuracy');
#3279 = CONTEXT_DEPENDENT_SHAPE_REPRESENTATION(#3280,#3282);
#3280 = ( REPRESENTATION_RELATIONSHIP('','',#3273,#10) 
REPRESENTATION_RELATIONSHIP_WITH_TRANSFORMATION(#3281) 
SHAPE_REPRESENTATION_RELATIONSHIP() );
#3281 = ITEM_DEFINED_TRANSFORMATION('','',#11,#39);
#3282 = PRODUCT_DEFINITION_SHAPE('Placement','Placement of an item',
  #3283);
#3283 = NEXT_ASSEMBLY_USAGE_OCCURRENCE('7','=>[0:1:1:8]','',#5,#3268,$);
#3284 = PRODUCT_RELATED_PRODUCT_CATEGORY('part',$,(#3270));
#3285 = MECHANICAL_DESIGN_GEOMETRIC_PRESENTATION_REPRESENTATION('',(
    #3286,#3296,#3304,#3311,#3318,#3325,#3332,#3339,#3346,#3353,#3360,
    #3367,#3374,#3381,#3388,#3395,#3402,#3409,#3416,#3423,#3430,#3437,
    #3444,#3451,#3458,#3465,#3474,#3481,#3488,#3495,#3502,#3509,#3516,
    #3523,#3530,#3537,#3544,#3551,#3558,#3565,#3572,#3579,#3586,#3593,
    #3600,#3607,#3614,#3621,#3628,#3635,#3642,#3649,#3656,#3663,#3670,
    #3677,#3684,#3691,#3698,#3705,#3712,#3719,#3726,#3733,#3740,#3747,
    #3754,#3763,#3770,#3777,#3784,#3791,#3798,#3805,#3812,#3819,#3826,
    #3833,#3840,#3847,#3854,#3861,#3868,#3875,#3882,#3889,#3896,#3903,
    #3910,#3917,#3924,#3931),#3160);
#3286 = STYLED_ITEM('color',(#3287),#57);
#3287 = PRESENTATION_STYLE_ASSIGNMENT((#3288,#3294));
#3288 = SURFACE_STYLE_USAGE(.BOTH.,#3289);
#3289 = SURFACE_SIDE_STYLE('',(#3290));
#3290 = SURFACE_STYLE_FILL_AREA(#3291);
#3291 = FILL_AREA_STYLE('',(#3292));
#3292 = FILL_AREA_STYLE_COLOUR('',#3293);
#3293 = COLOUR_RGB('',0.,0.417002959305,0.637991923926);
#3294 = CURVE_STYLE('',#3295,POSITIVE_LENGTH_MEASURE(0.1),#3293);
#3295 = DRAUGHTING_PRE_DEFINED_CURVE_FONT('continuous');
#3296 = OVER_RIDING_STYLED_ITEM('overriding color',(#3297),#59,#3286);
#3297 = PRESENTATION_STYLE_ASSIGNMENT((#3298));
#3298 = SURFACE_STYLE_USAGE(.BOTH.,#3299);
#3299 = SURFACE_SIDE_STYLE('',(#3300));
#3300 = SURFACE_STYLE_FILL_AREA(#3301);
#3301 = FILL_AREA_STYLE('',(#3302));
#3302 = FILL_AREA_STYLE_COLOUR('',#3303);
#3303 = COLOUR_RGB('',0.937179583391,0.9357410338,0.649182888601);
#3304 = OVER_RIDING_STYLED_ITEM('overriding color',(#3305),#101,#3286);
#3305 = PRESENTATION_STYLE_ASSIGNMENT((#3306));
#3306 = SURFACE_STYLE_USAGE(.BOTH.,#3307);
#3307 = SURFACE_SIDE_STYLE('',(#3308));
#3308 = SURFACE_STYLE_FILL_AREA(#3309);
#3309 = FILL_AREA_STYLE('',(#3310));
#3310 = FILL_AREA_STYLE_COLOUR('',#3303);
#3311 = OVER_RIDING_STYLED_ITEM('overriding color',(#3312),#132,#3286);
#3312 = PRESENTATION_STYLE_ASSIGNMENT((#3313));
#3313 = SURFACE_STYLE_USAGE(.BOTH.,#3314);
#3314 = SURFACE_SIDE_STYLE('',(#3315));
#3315 = SURFACE_STYLE_FILL_AREA(#3316);
#3316 = FILL_AREA_STYLE('',(#3317));
#3317 = FILL_AREA_STYLE_COLOUR('',#3303);
#3318 = OVER_RIDING_STYLED_ITEM('overriding color',(#3319),#165,#3286);
#3319 = PRESENTATION_STYLE_ASSIGNMENT((#3320));
#3320 = SURFACE_STYLE_USAGE(.BOTH.,#3321);
#3321 = SURFACE_SIDE_STYLE('',(#3322));
#3322 = SURFACE_STYLE_FILL_AREA(#3323);
#3323 = FILL_AREA_STYLE('',(#3324));
#3324 = FILL_AREA_STYLE_COLOUR('',#3303);
#3325 = OVER_RIDING_STYLED_ITEM('overriding color',(#3326),#198,#3286);
#3326 = PRESENTATION_STYLE_ASSIGNMENT((#3327));
#3327 = SURFACE_STYLE_USAGE(.BOTH.,#3328);
#3328 = SURFACE_SIDE_STYLE('',(#3329));
#3329 = SURFACE_STYLE_FILL_AREA(#3330);
#3330 = FILL_AREA_STYLE('',(#3331));
#3331 = FILL_AREA_STYLE_COLOUR('',#3303);
#3332 = OVER_RIDING_STYLED_ITEM('overriding color',(#3333),#229,#3286);
#3333 = PRESENTATION_STYLE_ASSIGNMENT((#3334));
#3334 = SURFACE_STYLE_USAGE(.BOTH.,#3335);
#3335 = SURFACE_SIDE_STYLE('',(#3336));
#3336 = SURFACE_STYLE_FILL_AREA(#3337);
#3337 = FILL_AREA_STYLE('',(#3338));
#3338 = FILL_AREA_STYLE_COLOUR('',#3303);
#3339 = OVER_RIDING_STYLED_ITEM('overriding color',(#3340),#262,#3286);
#3340 = PRESENTATION_STYLE_ASSIGNMENT((#3341));
#3341 = SURFACE_STYLE_USAGE(.BOTH.,#3342);
#3342 = SURFACE_SIDE_STYLE('',(#3343));
#3343 = SURFACE_STYLE_FILL_AREA(#3344);
#3344 = FILL_AREA_STYLE('',(#3345));
#3345 = FILL_AREA_STYLE_COLOUR('',#3303);
#3346 = OVER_RIDING_STYLED_ITEM('overriding color',(#3347),#295,#3286);
#3347 = PRESENTATION_STYLE_ASSIGNMENT((#3348));
#3348 = SURFACE_STYLE_USAGE(.BOTH.,#3349);
#3349 = SURFACE_SIDE_STYLE('',(#3350));
#3350 = SURFACE_STYLE_FILL_AREA(#3351);
#3351 = FILL_AREA_STYLE('',(#3352));
#3352 = FILL_AREA_STYLE_COLOUR('',#3303);
#3353 = OVER_RIDING_STYLED_ITEM('overriding color',(#3354),#326,#3286);
#3354 = PRESENTATION_STYLE_ASSIGNMENT((#3355));
#3355 = SURFACE_STYLE_USAGE(.BOTH.,#3356);
#3356 = SURFACE_SIDE_STYLE('',(#3357));
#3357 = SURFACE_STYLE_FILL_AREA(#3358);
#3358 = FILL_AREA_STYLE('',(#3359));
#3359 = FILL_AREA_STYLE_COLOUR('',#3303);
#3360 = OVER_RIDING_STYLED_ITEM('overriding color',(#3361),#359,#3286);
#3361 = PRESENTATION_STYLE_ASSIGNMENT((#3362));
#3362 = SURFACE_STYLE_USAGE(.BOTH.,#3363);
#3363 = SURFACE_SIDE_STYLE('',(#3364));
#3364 = SURFACE_STYLE_FILL_AREA(#3365);
#3365 = FILL_AREA_STYLE('',(#3366));
#3366 = FILL_AREA_STYLE_COLOUR('',#3303);
#3367 = OVER_RIDING_STYLED_ITEM('overriding color',(#3368),#392,#3286);
#3368 = PRESENTATION_STYLE_ASSIGNMENT((#3369));
#3369 = SURFACE_STYLE_USAGE(.BOTH.,#3370);
#3370 = SURFACE_SIDE_STYLE('',(#3371));
#3371 = SURFACE_STYLE_FILL_AREA(#3372);
#3372 = FILL_AREA_STYLE('',(#3373));
#3373 = FILL_AREA_STYLE_COLOUR('',#3303);
#3374 = OVER_RIDING_STYLED_ITEM('overriding color',(#3375),#423,#3286);
#3375 = PRESENTATION_STYLE_ASSIGNMENT((#3376));
#3376 = SURFACE_STYLE_USAGE(.BOTH.,#3377);
#3377 = SURFACE_SIDE_STYLE('',(#3378));
#3378 = SURFACE_STYLE_FILL_AREA(#3379);
#3379 = FILL_AREA_STYLE('',(#3380));
#3380 = FILL_AREA_STYLE_COLOUR('',#3303);
#3381 = OVER_RIDING_STYLED_ITEM('overriding color',(#3382),#456,#3286);
#3382 = PRESENTATION_STYLE_ASSIGNMENT((#3383));
#3383 = SURFACE_STYLE_USAGE(.BOTH.,#3384);
#3384 = SURFACE_SIDE_STYLE('',(#3385));
#3385 = SURFACE_STYLE_FILL_AREA(#3386);
#3386 = FILL_AREA_STYLE('',(#3387));
#3387 = FILL_AREA_STYLE_COLOUR('',#3303);
#3388 = OVER_RIDING_STYLED_ITEM('overriding color',(#3389),#489,#3286);
#3389 = PRESENTATION_STYLE_ASSIGNMENT((#3390));
#3390 = SURFACE_STYLE_USAGE(.BOTH.,#3391);
#3391 = SURFACE_SIDE_STYLE('',(#3392));
#3392 = SURFACE_STYLE_FILL_AREA(#3393);
#3393 = FILL_AREA_STYLE('',(#3394));
#3394 = FILL_AREA_STYLE_COLOUR('',#3303);
#3395 = OVER_RIDING_STYLED_ITEM('overriding color',(#3396),#520,#3286);
#3396 = PRESENTATION_STYLE_ASSIGNMENT((#3397));
#3397 = SURFACE_STYLE_USAGE(.BOTH.,#3398);
#3398 = SURFACE_SIDE_STYLE('',(#3399));
#3399 = SURFACE_STYLE_FILL_AREA(#3400);
#3400 = FILL_AREA_STYLE('',(#3401));
#3401 = FILL_AREA_STYLE_COLOUR('',#3303);
#3402 = OVER_RIDING_STYLED_ITEM('overriding color',(#3403),#553,#3286);
#3403 = PRESENTATION_STYLE_ASSIGNMENT((#3404));
#3404 = SURFACE_STYLE_USAGE(.BOTH.,#3405);
#3405 = SURFACE_SIDE_STYLE('',(#3406));
#3406 = SURFACE_STYLE_FILL_AREA(#3407);
#3407 = FILL_AREA_STYLE('',(#3408));
#3408 = FILL_AREA_STYLE_COLOUR('',#3303);
#3409 = OVER_RIDING_STYLED_ITEM('overriding color',(#3410),#586,#3286);
#3410 = PRESENTATION_STYLE_ASSIGNMENT((#3411));
#3411 = SURFACE_STYLE_USAGE(.BOTH.,#3412);
#3412 = SURFACE_SIDE_STYLE('',(#3413));
#3413 = SURFACE_STYLE_FILL_AREA(#3414);
#3414 = FILL_AREA_STYLE('',(#3415));
#3415 = FILL_AREA_STYLE_COLOUR('',#3303);
#3416 = OVER_RIDING_STYLED_ITEM('overriding color',(#3417),#617,#3286);
#3417 = PRESENTATION_STYLE_ASSIGNMENT((#3418));
#3418 = SURFACE_STYLE_USAGE(.BOTH.,#3419);
#3419 = SURFACE_SIDE_STYLE('',(#3420));
#3420 = SURFACE_STYLE_FILL_AREA(#3421);
#3421 = FILL_AREA_STYLE('',(#3422));
#3422 = FILL_AREA_STYLE_COLOUR('',#3303);
#3423 = OVER_RIDING_STYLED_ITEM('overriding color',(#3424),#650,#3286);
#3424 = PRESENTATION_STYLE_ASSIGNMENT((#3425));
#3425 = SURFACE_STYLE_USAGE(.BOTH.,#3426);
#3426 = SURFACE_SIDE_STYLE('',(#3427));
#3427 = SURFACE_STYLE_FILL_AREA(#3428);
#3428 = FILL_AREA_STYLE('',(#3429));
#3429 = FILL_AREA_STYLE_COLOUR('',#3303);
#3430 = OVER_RIDING_STYLED_ITEM('overriding color',(#3431),#683,#3286);
#3431 = PRESENTATION_STYLE_ASSIGNMENT((#3432));
#3432 = SURFACE_STYLE_USAGE(.BOTH.,#3433);
#3433 = SURFACE_SIDE_STYLE('',(#3434));
#3434 = SURFACE_STYLE_FILL_AREA(#3435);
#3435 = FILL_AREA_STYLE('',(#3436));
#3436 = FILL_AREA_STYLE_COLOUR('',#3303);
#3437 = OVER_RIDING_STYLED_ITEM('overriding color',(#3438),#714,#3286);
#3438 = PRESENTATION_STYLE_ASSIGNMENT((#3439));
#3439 = SURFACE_STYLE_USAGE(.BOTH.,#3440);
#3440 = SURFACE_SIDE_STYLE('',(#3441));
#3441 = SURFACE_STYLE_FILL_AREA(#3442);
#3442 = FILL_AREA_STYLE('',(#3443));
#3443 = FILL_AREA_STYLE_COLOUR('',#3303);
#3444 = OVER_RIDING_STYLED_ITEM('overriding color',(#3445),#747,#3286);
#3445 = PRESENTATION_STYLE_ASSIGNMENT((#3446));
#3446 = SURFACE_STYLE_USAGE(.BOTH.,#3447);
#3447 = SURFACE_SIDE_STYLE('',(#3448));
#3448 = SURFACE_STYLE_FILL_AREA(#3449);
#3449 = FILL_AREA_STYLE('',(#3450));
#3450 = FILL_AREA_STYLE_COLOUR('',#3303);
#3451 = OVER_RIDING_STYLED_ITEM('overriding color',(#3452),#780,#3286);
#3452 = PRESENTATION_STYLE_ASSIGNMENT((#3453));
#3453 = SURFACE_STYLE_USAGE(.BOTH.,#3454);
#3454 = SURFACE_SIDE_STYLE('',(#3455));
#3455 = SURFACE_STYLE_FILL_AREA(#3456);
#3456 = FILL_AREA_STYLE('',(#3457));
#3457 = FILL_AREA_STYLE_COLOUR('',#3303);
#3458 = OVER_RIDING_STYLED_ITEM('overriding color',(#3459),#811,#3286);
#3459 = PRESENTATION_STYLE_ASSIGNMENT((#3460));
#3460 = SURFACE_STYLE_USAGE(.BOTH.,#3461);
#3461 = SURFACE_SIDE_STYLE('',(#3462));
#3462 = SURFACE_STYLE_FILL_AREA(#3463);
#3463 = FILL_AREA_STYLE('',(#3464));
#3464 = FILL_AREA_STYLE_COLOUR('',#3303);
#3465 = STYLED_ITEM('color',(#3466),#899);
#3466 = PRESENTATION_STYLE_ASSIGNMENT((#3467,#3472));
#3467 = SURFACE_STYLE_USAGE(.BOTH.,#3468);
#3468 = SURFACE_SIDE_STYLE('',(#3469));
#3469 = SURFACE_STYLE_FILL_AREA(#3470);
#3470 = FILL_AREA_STYLE('',(#3471));
#3471 = FILL_AREA_STYLE_COLOUR('',#3293);
#3472 = CURVE_STYLE('',#3473,POSITIVE_LENGTH_MEASURE(0.1),#3293);
#3473 = DRAUGHTING_PRE_DEFINED_CURVE_FONT('continuous');
#3474 = OVER_RIDING_STYLED_ITEM('overriding color',(#3475),#901,#3465);
#3475 = PRESENTATION_STYLE_ASSIGNMENT((#3476));
#3476 = SURFACE_STYLE_USAGE(.BOTH.,#3477);
#3477 = SURFACE_SIDE_STYLE('',(#3478));
#3478 = SURFACE_STYLE_FILL_AREA(#3479);
#3479 = FILL_AREA_STYLE('',(#3480));
#3480 = FILL_AREA_STYLE_COLOUR('',#3303);
#3481 = OVER_RIDING_STYLED_ITEM('overriding color',(#3482),#943,#3465);
#3482 = PRESENTATION_STYLE_ASSIGNMENT((#3483));
#3483 = SURFACE_STYLE_USAGE(.BOTH.,#3484);
#3484 = SURFACE_SIDE_STYLE('',(#3485));
#3485 = SURFACE_STYLE_FILL_AREA(#3486);
#3486 = FILL_AREA_STYLE('',(#3487));
#3487 = FILL_AREA_STYLE_COLOUR('',#3303);
#3488 = OVER_RIDING_STYLED_ITEM('overriding color',(#3489),#976,#3465);
#3489 = PRESENTATION_STYLE_ASSIGNMENT((#3490));
#3490 = SURFACE_STYLE_USAGE(.BOTH.,#3491);
#3491 = SURFACE_SIDE_STYLE('',(#3492));
#3492 = SURFACE_STYLE_FILL_AREA(#3493);
#3493 = FILL_AREA_STYLE('',(#3494));
#3494 = FILL_AREA_STYLE_COLOUR('',#3303);
#3495 = OVER_RIDING_STYLED_ITEM('overriding color',(#3496),#1007,#3465);
#3496 = PRESENTATION_STYLE_ASSIGNMENT((#3497));
#3497 = SURFACE_STYLE_USAGE(.BOTH.,#3498);
#3498 = SURFACE_SIDE_STYLE('',(#3499));
#3499 = SURFACE_STYLE_FILL_AREA(#3500);
#3500 = FILL_AREA_STYLE('',(#3501));
#3501 = FILL_AREA_STYLE_COLOUR('',#3303);
#3502 = OVER_RIDING_STYLED_ITEM('overriding color',(#3503),#1040,#3465);
#3503 = PRESENTATION_STYLE_ASSIGNMENT((#3504));
#3504 = SURFACE_STYLE_USAGE(.BOTH.,#3505);
#3505 = SURFACE_SIDE_STYLE('',(#3506));
#3506 = SURFACE_STYLE_FILL_AREA(#3507);
#3507 = FILL_AREA_STYLE('',(#3508));
#3508 = FILL_AREA_STYLE_COLOUR('',#3303);
#3509 = OVER_RIDING_STYLED_ITEM('overriding color',(#3510),#1073,#3465);
#3510 = PRESENTATION_STYLE_ASSIGNMENT((#3511));
#3511 = SURFACE_STYLE_USAGE(.BOTH.,#3512);
#3512 = SURFACE_SIDE_STYLE('',(#3513));
#3513 = SURFACE_STYLE_FILL_AREA(#3514);
#3514 = FILL_AREA_STYLE('',(#3515));
#3515 = FILL_AREA_STYLE_COLOUR('',#3303);
#3516 = OVER_RIDING_STYLED_ITEM('overriding color',(#3517),#1104,#3465);
#3517 = PRESENTATION_STYLE_ASSIGNMENT((#3518));
#3518 = SURFACE_STYLE_USAGE(.BOTH.,#3519);
#3519 = SURFACE_SIDE_STYLE('',(#3520));
#3520 = SURFACE_STYLE_FILL_AREA(#3521);
#3521 = FILL_AREA_STYLE('',(#3522));
#3522 = FILL_AREA_STYLE_COLOUR('',#3303);
#3523 = OVER_RIDING_STYLED_ITEM('overriding color',(#3524),#1135,#3465);
#3524 = PRESENTATION_STYLE_ASSIGNMENT((#3525));
#3525 = SURFACE_STYLE_USAGE(.BOTH.,#3526);
#3526 = SURFACE_SIDE_STYLE('',(#3527));
#3527 = SURFACE_STYLE_FILL_AREA(#3528);
#3528 = FILL_AREA_STYLE('',(#3529));
#3529 = FILL_AREA_STYLE_COLOUR('',#3303);
#3530 = OVER_RIDING_STYLED_ITEM('overriding color',(#3531),#1166,#3465);
#3531 = PRESENTATION_STYLE_ASSIGNMENT((#3532));
#3532 = SURFACE_STYLE_USAGE(.BOTH.,#3533);
#3533 = SURFACE_SIDE_STYLE('',(#3534));
#3534 = SURFACE_STYLE_FILL_AREA(#3535);
#3535 = FILL_AREA_STYLE('',(#3536));
#3536 = FILL_AREA_STYLE_COLOUR('',#3303);
#3537 = OVER_RIDING_STYLED_ITEM('overriding color',(#3538),#1199,#3465);
#3538 = PRESENTATION_STYLE_ASSIGNMENT((#3539));
#3539 = SURFACE_STYLE_USAGE(.BOTH.,#3540);
#3540 = SURFACE_SIDE_STYLE('',(#3541));
#3541 = SURFACE_STYLE_FILL_AREA(#3542);
#3542 = FILL_AREA_STYLE('',(#3543));
#3543 = FILL_AREA_STYLE_COLOUR('',#3303);
#3544 = OVER_RIDING_STYLED_ITEM('overriding color',(#3545),#1232,#3465);
#3545 = PRESENTATION_STYLE_ASSIGNMENT((#3546));
#3546 = SURFACE_STYLE_USAGE(.BOTH.,#3547);
#3547 = SURFACE_SIDE_STYLE('',(#3548));
#3548 = SURFACE_STYLE_FILL_AREA(#3549);
#3549 = FILL_AREA_STYLE('',(#3550));
#3550 = FILL_AREA_STYLE_COLOUR('',#3303);
#3551 = OVER_RIDING_STYLED_ITEM('overriding color',(#3552),#1263,#3465);
#3552 = PRESENTATION_STYLE_ASSIGNMENT((#3553));
#3553 = SURFACE_STYLE_USAGE(.BOTH.,#3554);
#3554 = SURFACE_SIDE_STYLE('',(#3555));
#3555 = SURFACE_STYLE_FILL_AREA(#3556);
#3556 = FILL_AREA_STYLE('',(#3557));
#3557 = FILL_AREA_STYLE_COLOUR('',#3303);
#3558 = OVER_RIDING_STYLED_ITEM('overriding color',(#3559),#1296,#3465);
#3559 = PRESENTATION_STYLE_ASSIGNMENT((#3560));
#3560 = SURFACE_STYLE_USAGE(.BOTH.,#3561);
#3561 = SURFACE_SIDE_STYLE('',(#3562));
#3562 = SURFACE_STYLE_FILL_AREA(#3563);
#3563 = FILL_AREA_STYLE('',(#3564));
#3564 = FILL_AREA_STYLE_COLOUR('',#3303);
#3565 = OVER_RIDING_STYLED_ITEM('overriding color',(#3566),#1329,#3465);
#3566 = PRESENTATION_STYLE_ASSIGNMENT((#3567));
#3567 = SURFACE_STYLE_USAGE(.BOTH.,#3568);
#3568 = SURFACE_SIDE_STYLE('',(#3569));
#3569 = SURFACE_STYLE_FILL_AREA(#3570);
#3570 = FILL_AREA_STYLE('',(#3571));
#3571 = FILL_AREA_STYLE_COLOUR('',#3303);
#3572 = OVER_RIDING_STYLED_ITEM('overriding color',(#3573),#1360,#3465);
#3573 = PRESENTATION_STYLE_ASSIGNMENT((#3574));
#3574 = SURFACE_STYLE_USAGE(.BOTH.,#3575);
#3575 = SURFACE_SIDE_STYLE('',(#3576));
#3576 = SURFACE_STYLE_FILL_AREA(#3577);
#3577 = FILL_AREA_STYLE('',(#3578));
#3578 = FILL_AREA_STYLE_COLOUR('',#3303);
#3579 = OVER_RIDING_STYLED_ITEM('overriding color',(#3580),#1393,#3465);
#3580 = PRESENTATION_STYLE_ASSIGNMENT((#3581));
#3581 = SURFACE_STYLE_USAGE(.BOTH.,#3582);
#3582 = SURFACE_SIDE_STYLE('',(#3583));
#3583 = SURFACE_STYLE_FILL_AREA(#3584);
#3584 = FILL_AREA_STYLE('',(#3585));
#3585 = FILL_AREA_STYLE_COLOUR('',#3303);
#3586 = OVER_RIDING_STYLED_ITEM('overriding color',(#3587),#1426,#3465);
#3587 = PRESENTATION_STYLE_ASSIGNMENT((#3588));
#3588 = SURFACE_STYLE_USAGE(.BOTH.,#3589);
#3589 = SURFACE_SIDE_STYLE('',(#3590));
#3590 = SURFACE_STYLE_FILL_AREA(#3591);
#3591 = FILL_AREA_STYLE('',(#3592));
#3592 = FILL_AREA_STYLE_COLOUR('',#3303);
#3593 = OVER_RIDING_STYLED_ITEM('overriding color',(#3594),#1457,#3465);
#3594 = PRESENTATION_STYLE_ASSIGNMENT((#3595));
#3595 = SURFACE_STYLE_USAGE(.BOTH.,#3596);
#3596 = SURFACE_SIDE_STYLE('',(#3597));
#3597 = SURFACE_STYLE_FILL_AREA(#3598);
#3598 = FILL_AREA_STYLE('',(#3599));
#3599 = FILL_AREA_STYLE_COLOUR('',#3303);
#3600 = OVER_RIDING_STYLED_ITEM('overriding color',(#3601),#1490,#3465);
#3601 = PRESENTATION_STYLE_ASSIGNMENT((#3602));
#3602 = SURFACE_STYLE_USAGE(.BOTH.,#3603);
#3603 = SURFACE_SIDE_STYLE('',(#3604));
#3604 = SURFACE_STYLE_FILL_AREA(#3605);
#3605 = FILL_AREA_STYLE('',(#3606));
#3606 = FILL_AREA_STYLE_COLOUR('',#3303);
#3607 = OVER_RIDING_STYLED_ITEM('overriding color',(#3608),#1523,#3465);
#3608 = PRESENTATION_STYLE_ASSIGNMENT((#3609));
#3609 = SURFACE_STYLE_USAGE(.BOTH.,#3610);
#3610 = SURFACE_SIDE_STYLE('',(#3611));
#3611 = SURFACE_STYLE_FILL_AREA(#3612);
#3612 = FILL_AREA_STYLE('',(#3613));
#3613 = FILL_AREA_STYLE_COLOUR('',#3303);
#3614 = OVER_RIDING_STYLED_ITEM('overriding color',(#3615),#1554,#3465);
#3615 = PRESENTATION_STYLE_ASSIGNMENT((#3616));
#3616 = SURFACE_STYLE_USAGE(.BOTH.,#3617);
#3617 = SURFACE_SIDE_STYLE('',(#3618));
#3618 = SURFACE_STYLE_FILL_AREA(#3619);
#3619 = FILL_AREA_STYLE('',(#3620));
#3620 = FILL_AREA_STYLE_COLOUR('',#3303);
#3621 = OVER_RIDING_STYLED_ITEM('overriding color',(#3622),#1587,#3465);
#3622 = PRESENTATION_STYLE_ASSIGNMENT((#3623));
#3623 = SURFACE_STYLE_USAGE(.BOTH.,#3624);
#3624 = SURFACE_SIDE_STYLE('',(#3625));
#3625 = SURFACE_STYLE_FILL_AREA(#3626);
#3626 = FILL_AREA_STYLE('',(#3627));
#3627 = FILL_AREA_STYLE_COLOUR('',#3303);
#3628 = OVER_RIDING_STYLED_ITEM('overriding color',(#3629),#1620,#3465);
#3629 = PRESENTATION_STYLE_ASSIGNMENT((#3630));
#3630 = SURFACE_STYLE_USAGE(.BOTH.,#3631);
#3631 = SURFACE_SIDE_STYLE('',(#3632));
#3632 = SURFACE_STYLE_FILL_AREA(#3633);
#3633 = FILL_AREA_STYLE('',(#3634));
#3634 = FILL_AREA_STYLE_COLOUR('',#3303);
#3635 = OVER_RIDING_STYLED_ITEM('overriding color',(#3636),#1651,#3465);
#3636 = PRESENTATION_STYLE_ASSIGNMENT((#3637));
#3637 = SURFACE_STYLE_USAGE(.BOTH.,#3638);
#3638 = SURFACE_SIDE_STYLE('',(#3639));
#3639 = SURFACE_STYLE_FILL_AREA(#3640);
#3640 = FILL_AREA_STYLE('',(#3641));
#3641 = FILL_AREA_STYLE_COLOUR('',#3303);
#3642 = OVER_RIDING_STYLED_ITEM('overriding color',(#3643),#1684,#3465);
#3643 = PRESENTATION_STYLE_ASSIGNMENT((#3644));
#3644 = SURFACE_STYLE_USAGE(.BOTH.,#3645);
#3645 = SURFACE_SIDE_STYLE('',(#3646));
#3646 = SURFACE_STYLE_FILL_AREA(#3647);
#3647 = FILL_AREA_STYLE('',(#3648));
#3648 = FILL_AREA_STYLE_COLOUR('',#3303);
#3649 = OVER_RIDING_STYLED_ITEM('overriding color',(#3650),#1717,#3465);
#3650 = PRESENTATION_STYLE_ASSIGNMENT((#3651));
#3651 = SURFACE_STYLE_USAGE(.BOTH.,#3652);
#3652 = SURFACE_SIDE_STYLE('',(#3653));
#3653 = SURFACE_STYLE_FILL_AREA(#3654);
#3654 = FILL_AREA_STYLE('',(#3655));
#3655 = FILL_AREA_STYLE_COLOUR('',#3303);
#3656 = OVER_RIDING_STYLED_ITEM('overriding color',(#3657),#1748,#3465);
#3657 = PRESENTATION_STYLE_ASSIGNMENT((#3658));
#3658 = SURFACE_STYLE_USAGE(.BOTH.,#3659);
#3659 = SURFACE_SIDE_STYLE('',(#3660));
#3660 = SURFACE_STYLE_FILL_AREA(#3661);
#3661 = FILL_AREA_STYLE('',(#3662));
#3662 = FILL_AREA_STYLE_COLOUR('',#3303);
#3663 = OVER_RIDING_STYLED_ITEM('overriding color',(#3664),#1779,#3465);
#3664 = PRESENTATION_STYLE_ASSIGNMENT((#3665));
#3665 = SURFACE_STYLE_USAGE(.BOTH.,#3666);
#3666 = SURFACE_SIDE_STYLE('',(#3667));
#3667 = SURFACE_STYLE_FILL_AREA(#3668);
#3668 = FILL_AREA_STYLE('',(#3669));
#3669 = FILL_AREA_STYLE_COLOUR('',#3303);
#3670 = OVER_RIDING_STYLED_ITEM('overriding color',(#3671),#1810,#3465);
#3671 = PRESENTATION_STYLE_ASSIGNMENT((#3672));
#3672 = SURFACE_STYLE_USAGE(.BOTH.,#3673);
#3673 = SURFACE_SIDE_STYLE('',(#3674));
#3674 = SURFACE_STYLE_FILL_AREA(#3675);
#3675 = FILL_AREA_STYLE('',(#3676));
#3676 = FILL_AREA_STYLE_COLOUR('',#3303);
#3677 = OVER_RIDING_STYLED_ITEM('overriding color',(#3678),#1843,#3465);
#3678 = PRESENTATION_STYLE_ASSIGNMENT((#3679));
#3679 = SURFACE_STYLE_USAGE(.BOTH.,#3680);
#3680 = SURFACE_SIDE_STYLE('',(#3681));
#3681 = SURFACE_STYLE_FILL_AREA(#3682);
#3682 = FILL_AREA_STYLE('',(#3683));
#3683 = FILL_AREA_STYLE_COLOUR('',#3303);
#3684 = OVER_RIDING_STYLED_ITEM('overriding color',(#3685),#1876,#3465);
#3685 = PRESENTATION_STYLE_ASSIGNMENT((#3686));
#3686 = SURFACE_STYLE_USAGE(.BOTH.,#3687);
#3687 = SURFACE_SIDE_STYLE('',(#3688));
#3688 = SURFACE_STYLE_FILL_AREA(#3689);
#3689 = FILL_AREA_STYLE('',(#3690));
#3690 = FILL_AREA_STYLE_COLOUR('',#3303);
#3691 = OVER_RIDING_STYLED_ITEM('overriding color',(#3692),#1907,#3465);
#3692 = PRESENTATION_STYLE_ASSIGNMENT((#3693));
#3693 = SURFACE_STYLE_USAGE(.BOTH.,#3694);
#3694 = SURFACE_SIDE_STYLE('',(#3695));
#3695 = SURFACE_STYLE_FILL_AREA(#3696);
#3696 = FILL_AREA_STYLE('',(#3697));
#3697 = FILL_AREA_STYLE_COLOUR('',#3303);
#3698 = OVER_RIDING_STYLED_ITEM('overriding color',(#3699),#1940,#3465);
#3699 = PRESENTATION_STYLE_ASSIGNMENT((#3700));
#3700 = SURFACE_STYLE_USAGE(.BOTH.,#3701);
#3701 = SURFACE_SIDE_STYLE('',(#3702));
#3702 = SURFACE_STYLE_FILL_AREA(#3703);
#3703 = FILL_AREA_STYLE('',(#3704));
#3704 = FILL_AREA_STYLE_COLOUR('',#3303);
#3705 = OVER_RIDING_STYLED_ITEM('overriding color',(#3706),#1973,#3465);
#3706 = PRESENTATION_STYLE_ASSIGNMENT((#3707));
#3707 = SURFACE_STYLE_USAGE(.BOTH.,#3708);
#3708 = SURFACE_SIDE_STYLE('',(#3709));
#3709 = SURFACE_STYLE_FILL_AREA(#3710);
#3710 = FILL_AREA_STYLE('',(#3711));
#3711 = FILL_AREA_STYLE_COLOUR('',#3303);
#3712 = OVER_RIDING_STYLED_ITEM('overriding color',(#3713),#2004,#3465);
#3713 = PRESENTATION_STYLE_ASSIGNMENT((#3714));
#3714 = SURFACE_STYLE_USAGE(.BOTH.,#3715);
#3715 = SURFACE_SIDE_STYLE('',(#3716));
#3716 = SURFACE_STYLE_FILL_AREA(#3717);
#3717 = FILL_AREA_STYLE('',(#3718));
#3718 = FILL_AREA_STYLE_COLOUR('',#3303);
#3719 = OVER_RIDING_STYLED_ITEM('overriding color',(#3720),#2037,#3465);
#3720 = PRESENTATION_STYLE_ASSIGNMENT((#3721));
#3721 = SURFACE_STYLE_USAGE(.BOTH.,#3722);
#3722 = SURFACE_SIDE_STYLE('',(#3723));
#3723 = SURFACE_STYLE_FILL_AREA(#3724);
#3724 = FILL_AREA_STYLE('',(#3725));
#3725 = FILL_AREA_STYLE_COLOUR('',#3303);
#3726 = OVER_RIDING_STYLED_ITEM('overriding color',(#3727),#2070,#3465);
#3727 = PRESENTATION_STYLE_ASSIGNMENT((#3728));
#3728 = SURFACE_STYLE_USAGE(.BOTH.,#3729);
#3729 = SURFACE_SIDE_STYLE('',(#3730));
#3730 = SURFACE_STYLE_FILL_AREA(#3731);
#3731 = FILL_AREA_STYLE('',(#3732));
#3732 = FILL_AREA_STYLE_COLOUR('',#3303);
#3733 = OVER_RIDING_STYLED_ITEM('overriding color',(#3734),#2101,#3465);
#3734 = PRESENTATION_STYLE_ASSIGNMENT((#3735));
#3735 = SURFACE_STYLE_USAGE(.BOTH.,#3736);
#3736 = SURFACE_SIDE_STYLE('',(#3737));
#3737 = SURFACE_STYLE_FILL_AREA(#3738);
#3738 = FILL_AREA_STYLE('',(#3739));
#3739 = FILL_AREA_STYLE_COLOUR('',#3303);
#3740 = OVER_RIDING_STYLED_ITEM('overriding color',(#3741),#2134,#3465);
#3741 = PRESENTATION_STYLE_ASSIGNMENT((#3742));
#3742 = SURFACE_STYLE_USAGE(.BOTH.,#3743);
#3743 = SURFACE_SIDE_STYLE('',(#3744));
#3744 = SURFACE_STYLE_FILL_AREA(#3745);
#3745 = FILL_AREA_STYLE('',(#3746));
#3746 = FILL_AREA_STYLE_COLOUR('',#3303);
#3747 = OVER_RIDING_STYLED_ITEM('overriding color',(#3748),#2167,#3465);
#3748 = PRESENTATION_STYLE_ASSIGNMENT((#3749));
#3749 = SURFACE_STYLE_USAGE(.BOTH.,#3750);
#3750 = SURFACE_SIDE_STYLE('',(#3751));
#3751 = SURFACE_STYLE_FILL_AREA(#3752);
#3752 = FILL_AREA_STYLE('',(#3753));
#3753 = FILL_AREA_STYLE_COLOUR('',#3303);
#3754 = STYLED_ITEM('color',(#3755),#2285);
#3755 = PRESENTATION_STYLE_ASSIGNMENT((#3756,#3761));
#3756 = SURFACE_STYLE_USAGE(.BOTH.,#3757);
#3757 = SURFACE_SIDE_STYLE('',(#3758));
#3758 = SURFACE_STYLE_FILL_AREA(#3759);
#3759 = FILL_AREA_STYLE('',(#3760));
#3760 = FILL_AREA_STYLE_COLOUR('',#3293);
#3761 = CURVE_STYLE('',#3762,POSITIVE_LENGTH_MEASURE(0.1),#3293);
#3762 = DRAUGHTING_PRE_DEFINED_CURVE_FONT('continuous');
#3763 = OVER_RIDING_STYLED_ITEM('overriding color',(#3764),#2287,#3754);
#3764 = PRESENTATION_STYLE_ASSIGNMENT((#3765));
#3765 = SURFACE_STYLE_USAGE(.BOTH.,#3766);
#3766 = SURFACE_SIDE_STYLE('',(#3767));
#3767 = SURFACE_STYLE_FILL_AREA(#3768);
#3768 = FILL_AREA_STYLE('',(#3769));
#3769 = FILL_AREA_STYLE_COLOUR('',#3303);
#3770 = OVER_RIDING_STYLED_ITEM('overriding color',(#3771),#2329,#3754);
#3771 = PRESENTATION_STYLE_ASSIGNMENT((#3772));
#3772 = SURFACE_STYLE_USAGE(.BOTH.,#3773);
#3773 = SURFACE_SIDE_STYLE('',(#3774));
#3774 = SURFACE_STYLE_FILL_AREA(#3775);
#3775 = FILL_AREA_STYLE('',(#3776));
#3776 = FILL_AREA_STYLE_COLOUR('',#3303);
#3777 = OVER_RIDING_STYLED_ITEM('overriding color',(#3778),#2360,#3754);
#3778 = PRESENTATION_STYLE_ASSIGNMENT((#3779));
#3779 = SURFACE_STYLE_USAGE(.BOTH.,#3780);
#3780 = SURFACE_SIDE_STYLE('',(#3781));
#3781 = SURFACE_STYLE_FILL_AREA(#3782);
#3782 = FILL_AREA_STYLE('',(#3783));
#3783 = FILL_AREA_STYLE_COLOUR('',#3303);
#3784 = OVER_RIDING_STYLED_ITEM('overriding color',(#3785),#2393,#3754);
#3785 = PRESENTATION_STYLE_ASSIGNMENT((#3786));
#3786 = SURFACE_STYLE_USAGE(.BOTH.,#3787);
#3787 = SURFACE_SIDE_STYLE('',(#3788));
#3788 = SURFACE_STYLE_FILL_AREA(#3789);
#3789 = FILL_AREA_STYLE('',(#3790));
#3790 = FILL_AREA_STYLE_COLOUR('',#3303);
#3791 = OVER_RIDING_STYLED_ITEM('overriding color',(#3792),#2426,#3754);
#3792 = PRESENTATION_STYLE_ASSIGNMENT((#3793));
#3793 = SURFACE_STYLE_USAGE(.BOTH.,#3794);
#3794 = SURFACE_SIDE_STYLE('',(#3795));
#3795 = SURFACE_STYLE_FILL_AREA(#3796);
#3796 = FILL_AREA_STYLE('',(#3797));
#3797 = FILL_AREA_STYLE_COLOUR('',#3303);
#3798 = OVER_RIDING_STYLED_ITEM('overriding color',(#3799),#2457,#3754);
#3799 = PRESENTATION_STYLE_ASSIGNMENT((#3800));
#3800 = SURFACE_STYLE_USAGE(.BOTH.,#3801);
#3801 = SURFACE_SIDE_STYLE('',(#3802));
#3802 = SURFACE_STYLE_FILL_AREA(#3803);
#3803 = FILL_AREA_STYLE('',(#3804));
#3804 = FILL_AREA_STYLE_COLOUR('',#3303);
#3805 = OVER_RIDING_STYLED_ITEM('overriding color',(#3806),#2488,#3754);
#3806 = PRESENTATION_STYLE_ASSIGNMENT((#3807));
#3807 = SURFACE_STYLE_USAGE(.BOTH.,#3808);
#3808 = SURFACE_SIDE_STYLE('',(#3809));
#3809 = SURFACE_STYLE_FILL_AREA(#3810);
#3810 = FILL_AREA_STYLE('',(#3811));
#3811 = FILL_AREA_STYLE_COLOUR('',#3303);
#3812 = OVER_RIDING_STYLED_ITEM('overriding color',(#3813),#2521,#3754);
#3813 = PRESENTATION_STYLE_ASSIGNMENT((#3814));
#3814 = SURFACE_STYLE_USAGE(.BOTH.,#3815);
#3815 = SURFACE_SIDE_STYLE('',(#3816));
#3816 = SURFACE_STYLE_FILL_AREA(#3817);
#3817 = FILL_AREA_STYLE('',(#3818));
#3818 = FILL_AREA_STYLE_COLOUR('',#3303);
#3819 = OVER_RIDING_STYLED_ITEM('overriding color',(#3820),#2554,#3754);
#3820 = PRESENTATION_STYLE_ASSIGNMENT((#3821));
#3821 = SURFACE_STYLE_USAGE(.BOTH.,#3822);
#3822 = SURFACE_SIDE_STYLE('',(#3823));
#3823 = SURFACE_STYLE_FILL_AREA(#3824);
#3824 = FILL_AREA_STYLE('',(#3825));
#3825 = FILL_AREA_STYLE_COLOUR('',#3303);
#3826 = OVER_RIDING_STYLED_ITEM('overriding color',(#3827),#2585,#3754);
#3827 = PRESENTATION_STYLE_ASSIGNMENT((#3828));
#3828 = SURFACE_STYLE_USAGE(.BOTH.,#3829);
#3829 = SURFACE_SIDE_STYLE('',(#3830));
#3830 = SURFACE_STYLE_FILL_AREA(#3831);
#3831 = FILL_AREA_STYLE('',(#3832));
#3832 = FILL_AREA_STYLE_COLOUR('',#3303);
#3833 = OVER_RIDING_STYLED_ITEM('overriding color',(#3834),#2618,#3754);
#3834 = PRESENTATION_STYLE_ASSIGNMENT((#3835));
#3835 = SURFACE_STYLE_USAGE(.BOTH.,#3836);
#3836 = SURFACE_SIDE_STYLE('',(#3837));
#3837 = SURFACE_STYLE_FILL_AREA(#3838);
#3838 = FILL_AREA_STYLE('',(#3839));
#3839 = FILL_AREA_STYLE_COLOUR('',#3303);
#3840 = OVER_RIDING_STYLED_ITEM('overriding color',(#3841),#2651,#3754);
#3841 = PRESENTATION_STYLE_ASSIGNMENT((#3842));
#3842 = SURFACE_STYLE_USAGE(.BOTH.,#3843);
#3843 = SURFACE_SIDE_STYLE('',(#3844));
#3844 = SURFACE_STYLE_FILL_AREA(#3845);
#3845 = FILL_AREA_STYLE('',(#3846));
#3846 = FILL_AREA_STYLE_COLOUR('',#3303);
#3847 = OVER_RIDING_STYLED_ITEM('overriding color',(#3848),#2682,#3754);
#3848 = PRESENTATION_STYLE_ASSIGNMENT((#3849));
#3849 = SURFACE_STYLE_USAGE(.BOTH.,#3850);
#3850 = SURFACE_SIDE_STYLE('',(#3851));
#3851 = SURFACE_STYLE_FILL_AREA(#3852);
#3852 = FILL_AREA_STYLE('',(#3853));
#3853 = FILL_AREA_STYLE_COLOUR('',#3303);
#3854 = OVER_RIDING_STYLED_ITEM('overriding color',(#3855),#2715,#3754);
#3855 = PRESENTATION_STYLE_ASSIGNMENT((#3856));
#3856 = SURFACE_STYLE_USAGE(.BOTH.,#3857);
#3857 = SURFACE_SIDE_STYLE('',(#3858));
#3858 = SURFACE_STYLE_FILL_AREA(#3859);
#3859 = FILL_AREA_STYLE('',(#3860));
#3860 = FILL_AREA_STYLE_COLOUR('',#3303);
#3861 = OVER_RIDING_STYLED_ITEM('overriding color',(#3862),#2748,#3754);
#3862 = PRESENTATION_STYLE_ASSIGNMENT((#3863));
#3863 = SURFACE_STYLE_USAGE(.BOTH.,#3864);
#3864 = SURFACE_SIDE_STYLE('',(#3865));
#3865 = SURFACE_STYLE_FILL_AREA(#3866);
#3866 = FILL_AREA_STYLE('',(#3867));
#3867 = FILL_AREA_STYLE_COLOUR('',#3303);
#3868 = OVER_RIDING_STYLED_ITEM('overriding color',(#3869),#2779,#3754);
#3869 = PRESENTATION_STYLE_ASSIGNMENT((#3870));
#3870 = SURFACE_STYLE_USAGE(.BOTH.,#3871);
#3871 = SURFACE_SIDE_STYLE('',(#3872));
#3872 = SURFACE_STYLE_FILL_AREA(#3873);
#3873 = FILL_AREA_STYLE('',(#3874));
#3874 = FILL_AREA_STYLE_COLOUR('',#3303);
#3875 = OVER_RIDING_STYLED_ITEM('overriding color',(#3876),#2812,#3754);
#3876 = PRESENTATION_STYLE_ASSIGNMENT((#3877));
#3877 = SURFACE_STYLE_USAGE(.BOTH.,#3878);
#3878 = SURFACE_SIDE_STYLE('',(#3879));
#3879 = SURFACE_STYLE_FILL_AREA(#3880);
#3880 = FILL_AREA_STYLE('',(#3881));
#3881 = FILL_AREA_STYLE_COLOUR('',#3303);
#3882 = OVER_RIDING_STYLED_ITEM('overriding color',(#3883),#2845,#3754);
#3883 = PRESENTATION_STYLE_ASSIGNMENT((#3884));
#3884 = SURFACE_STYLE_USAGE(.BOTH.,#3885);
#3885 = SURFACE_SIDE_STYLE('',(#3886));
#3886 = SURFACE_STYLE_FILL_AREA(#3887);
#3887 = FILL_AREA_STYLE('',(#3888));
#3888 = FILL_AREA_STYLE_COLOUR('',#3303);
#3889 = OVER_RIDING_STYLED_ITEM('overriding color',(#3890),#2876,#3754);
#3890 = PRESENTATION_STYLE_ASSIGNMENT((#3891));
#3891 = SURFACE_STYLE_USAGE(.BOTH.,#3892);
#3892 = SURFACE_SIDE_STYLE('',(#3893));
#3893 = SURFACE_STYLE_FILL_AREA(#3894);
#3894 = FILL_AREA_STYLE('',(#3895));
#3895 = FILL_AREA_STYLE_COLOUR('',#3303);
#3896 = OVER_RIDING_STYLED_ITEM('overriding color',(#3897),#2909,#3754);
#3897 = PRESENTATION_STYLE_ASSIGNMENT((#3898));
#3898 = SURFACE_STYLE_USAGE(.BOTH.,#3899);
#3899 = SURFACE_SIDE_STYLE('',(#3900));
#3900 = SURFACE_STYLE_FILL_AREA(#3901);
#3901 = FILL_AREA_STYLE('',(#3902));
#3902 = FILL_AREA_STYLE_COLOUR('',#3303);
#3903 = OVER_RIDING_STYLED_ITEM('overriding color',(#3904),#2942,#3754);
#3904 = PRESENTATION_STYLE_ASSIGNMENT((#3905));
#3905 = SURFACE_STYLE_USAGE(.BOTH.,#3906);
#3906 = SURFACE_SIDE_STYLE('',(#3907));
#3907 = SURFACE_STYLE_FILL_AREA(#3908);
#3908 = FILL_AREA_STYLE('',(#3909));
#3909 = FILL_AREA_STYLE_COLOUR('',#3303);
#3910 = OVER_RIDING_STYLED_ITEM('overriding color',(#3911),#2973,#3754);
#3911 = PRESENTATION_STYLE_ASSIGNMENT((#3912));
#3912 = SURFACE_STYLE_USAGE(.BOTH.,#3913);
#3913 = SURFACE_SIDE_STYLE('',(#3914));
#3914 = SURFACE_STYLE_FILL_AREA(#3915);
#3915 = FILL_AREA_STYLE('',(#3916));
#3916 = FILL_AREA_STYLE_COLOUR('',#3303);
#3917 = OVER_RIDING_STYLED_ITEM('overriding color',(#3918),#3006,#3754);
#3918 = PRESENTATION_STYLE_ASSIGNMENT((#3919));
#3919 = SURFACE_STYLE_USAGE(.BOTH.,#3920);
#3920 = SURFACE_SIDE_STYLE('',(#3921));
#3921 = SURFACE_STYLE_FILL_AREA(#3922);
#3922 = FILL_AREA_STYLE('',(#3923));
#3923 = FILL_AREA_STYLE_COLOUR('',#3303);
#3924 = OVER_RIDING_STYLED_ITEM('overriding color',(#3925),#3039,#3754);
#3925 = PRESENTATION_STYLE_ASSIGNMENT((#3926));
#3926 = SURFACE_STYLE_USAGE(.BOTH.,#3927);
#3927 = SURFACE_SIDE_STYLE('',(#3928));
#3928 = SURFACE_STYLE_FILL_AREA(#3929);
#3929 = FILL_AREA_STYLE('',(#3930));
#3930 = FILL_AREA_STYLE_COLOUR('',#3303);
#3931 = OVER_RIDING_STYLED_ITEM('overriding color',(#3932),#3070,#3754);
#3932 = PRESENTATION_STYLE_ASSIGNMENT((#3933));
#3933 = SURFACE_STYLE_USAGE(.BOTH.,#3934);
#3934 = SURFACE_SIDE_STYLE('',(#3935));
#3935 = SURFACE_STYLE_FILL_AREA(#3936);
#3936 = FILL_AREA_STYLE('',(#3937));
#3937 = FILL_AREA_STYLE_COLOUR('',#3303);
ENDSEC;
END-ISO-10303-21;
